"Predictor","Test_Statistic","p_value","functional_ve","semi_partial_r"
"Group",102.721647992835,1.61380169552064e-154,0.00825802985952434,0.0230282382712157
"age_at_5y_mri",33.017073184186,4.02088679615731e-68,0.00315671788639694,0.0156676124168337
