"Predictor","Test_Statistic","p_value","functional_ve","semi_partial_r"
"eTIV",275.804677281209,0,0.0985437466596247,0.0416112007093694
"sex",16.3763021151033,3.3704260473264e-49,0.0148440065438532,0.00974194502777163
"sriskscore",12.7713748765239,8.99465881098858e-25,0.0126339662704921,0.00691424034119294
"age_at_5y_mri",23.9061984285136,1.96721646739117e-39,0.00130849258086097,0.0084362585663743
"Rel_Motion",468.412863118402,0,0.115169759447026,0.0466720091729179
"globalbrainscore2",186.045242197882,0,0.00805145948219196,0.0360162535150124
