"Predictor","Test_Statistic","p_value","functional_ve","semi_partial_r"
"Group",137.350552104421,0,0.0410602414183121,0.0224933106272698
"age_at_5y_mri",3.45269632769095,0.000118483138966196,0.00459182753181067,0.00288172661832972
"eTIV",181.104815072775,0,0.0548487623407057,0.0266881562915744
"sex",4.28375801342602,4.32652760742324e-08,0.0122290593613651,0.00392735871860114
"Rel_Motion",305.271140453425,0,0.0970892584213326,0.032142332609986
