0,0,73.7460204660892,4.13687369227409,0,10.5143514275551,4798.8474098742,1284.15131926537,0,68.4645534753799,50.558594673872,19.1221172809601,16.4568243920803,12467.0998255014,6.8119361102581,1.76393938064575,743.008633762598,13.9360180199146,151.47400444746,22.5854163765907,235.817506730556,0,870.21262794733,21.6384227275848,0,95.3078346252441,91.7009780704975,124.62937232852,9452.21806737781,10208.2409901023,3.37688982486725,4.12978726625443,69.8201385438442,290.836968660355,25.8631209433079,132.632637798786,51.7988652586937,156.793519437313,93.9531097114086,7.36335879564285,2.22952747344971,2.12594437599182,11.1415528059006,0,0,0.770910739898682,0,0,0,0,0,0.926177680492401,0.516580998897552,0,0,0.719415843486786,0.449320703744888,5.47570997476578,0,0,0,0,0,1.5917501449585,0,0,0,0,0,0.942811846733093,0.590174317359924,0.710879743099213,34.3738721907139,0,0,4.98032516241074,14.0454373061657,3.07419049739838,2.82245892286301,0,0,0.600023925304413,0.424110352993011,0.658905625343323
0,0,62.1648479104042,5.48375910520554,4.98889526724815,2.68375760316849,1.85061845183372,1.87333253026009,1422.28387370706,3.51114532351494,451.11518022418,11.0416989326477,2329.31713357568,3.39297646284103,33.9885025024414,78.4103400707245,35.2821512818336,0.836908936500549,21.6986566483974,6.922791659832,20.1122342944145,5353.20892781019,33.0913904607296,4046.46941328049,1488.64626535773,252.067205429077,28311.779157728,513.098807930946,2.69009137153625,1.63513854146004,121.778223067522,0,0,41.320400416851,8.82749271392822,132.915151536465,139.177470982075,76.6276295483112,67.2057441473007,25.5286889076233,0,7.76687377691269,90.9091786146164,51.1718227863312,37.5273231565952,98.558114528656,3.39914631843567,0.632193624973297,0,0,1957.93417093158,29.5729901790619,2.13415813446045,0,0.405624479055405,5.90548676252365,2.84412753582001,47.6102556288242,0.442737609148026,9.03054982423782,1.23313197493553,17.6482780873775,1.96407026052475,1.5017277598381,19.2953576743603,112.021298766136,12.4635489583015,69.585148692131,0,8.61700958013535,113.137140631676,24.8370469808578,247.671404749155,34.4211453795433,699.535145282745,4619.57351097465,32.2047592699528,2.19056412577629,3.53772059082985,25.5979726016521,0,0,13.1561009287834,11.5007946491241
73.7460204660892,62.1648479104042,0,7.89263072609901,8.93953496217728,49.3712436258793,1982.39434731007,359.848701775074,16.0308993160725,384.565032631159,332.205295339227,184.600705087185,127.821535676718,593.532266706228,37.8832987844944,84.9268181622028,30274.1758114398,43.4566305577755,3122.69410203397,109.31923365593,2706.33900618553,40.7857841849327,23823.8136425912,545.650600418448,0.643256068229675,21661.1592038274,20002.3209126592,1646.41370841861,256.451222062111,2019.0557565093,0,2.36956617236137,73.8733190596104,3612.65036901832,1248.50564855337,9064.40990868211,5527.05480757356,6066.00674042106,7633.8305311501,35.8878657519817,23.1206890046597,9.02580666542053,527.643445014954,225.043229699135,293.624840021133,522.238988518715,2.12657499313354,1.3954735994339,0,0.467693418264389,336.911082297564,556.01089990139,1.9948048889637,0,0.424757242202759,17.1311761438847,0.459746301174164,17.1005107760429,3.69742786884308,5.59818518161774,0.630612432956696,1.57350385189056,4.08554628491402,3.32310903072357,41.1708718836308,1154.40842083097,4.01885131001472,193.484365552664,0.787827730178833,28.3426084816456,55.8429111242294,262.319482386112,66.2464883923531,1.69783791899681,911.310879528522,8101.66822063923,34.2910365462303,9.91993790864944,23.897416472435,0,0,0,47.7467387914658,500.756850898266
4.13687369227409,5.48375910520554,7.89263072609901,0,82.9025887846947,131.000500231981,135.772262096405,181.57250970602,2316.50310659409,9031.75749716163,26.370146214962,4779.32747456431,372.121760874987,113.23332759738,440.667790234089,0.565161645412445,5.67649254202843,11.0101733207703,12.3508956730366,30404.5439076722,11.0300387442112,11.7040748298168,23.1591985523701,6469.64953166246,0.526073634624481,28.5795061886311,29.1220113039017,14540.3882730007,245.263986885548,22.1819453239441,0.607711017131805,32.0551327466965,21.1063086688519,159.295697927475,87.9699532389641,902.606465727091,42.8100503385067,247.63765668869,65.7224940061569,421.016431987286,40.8250624835491,15.2438776195049,146.083848416805,0.552445292472839,98.3708870708942,12.1652225852013,370.032668739557,39.0351562201977,7.10182601213455,0,0.828955173492432,0,2256.62478265166,23.8462873399258,49.5521999895573,176.279718279839,143.535344958305,320.832787960768,1724.48876950145,26.6323758065701,891.827063888311,31.1764252781868,64.0498323738575,111.38836479187,0,0,1.42933532595634,1.78091183304787,1726.37734994292,0,1.26465195417404,1.02785193920135,1243.89747220278,0,1.04344001412392,7.92256364226341,1169.50344213843,26.0193794071674,0.534487187862396,0,0,3.78656524419785,22.2900033593178,12.3927373886108
0,4.98889526724815,8.93953496217728,82.9025887846947,0,1258.27617824078,28.8592976033688,66.1391333341599,402.190265238285,60.7056192159653,0,718.741607040167,48.0242125093937,3.35993558168411,2963.82144361734,2.4747508764267,3.64268916845322,0,0.772993981838226,159.132949501276,49.4544216096401,11.5609664320946,156.458771169186,236.339935660362,0.978251039981842,5.43271908164024,63.5752113163471,189.596711963415,4.33795899152756,26.9126463532448,0.745185792446136,1764.57364213467,0,459.75634726882,1704.96040377021,144.352611124516,27.2535111606121,5.4553496837616,99.1452465653419,6681.0581689477,6420.47241723537,0,9.51563185453415,7.66027337312698,2.46184056997299,23.9037603735924,35.033271998167,1.77846729755402,0,0,0,1.0455516576767,18.5631065070629,1.89990210533142,5.14542543888092,10.7150081396103,1.04008227586746,10.1237076818943,25.3080899119377,1.82053512334824,16.2941272854805,6.77489870786667,2.76131775975227,14.6394859552383,1.2628573179245,0,0,1.52872788906097,26.2533655166626,10.6988068223,0,11.236996114254,20.8480597436428,0,0,10.0123559236526,19.7308194935322,0.497245728969574,6.44308024644852,0,0,1.11245977878571,1.72539484500885,651.548780083656
10.5143514275551,2.68375760316849,49.3712436258793,131.000500231981,1258.27617824078,0,12366.4725143015,13808.5604995191,201.436792492867,12509.741779536,367.65339744091,18357.7815578878,1095.54032188654,1100.60643306375,2418.13281565905,1.13711297512054,61.0943600535393,190.08569508791,133.318287223577,1192.52484551072,61.8143671452999,3.58522611856461,88.2444216012955,172.318547427654,3.01675117015839,481.325357526541,229.793323725462,620.909410625696,892.263297259808,108.789320915937,30.1040822565556,219.871850788593,34.9367774128914,1104.84249672294,5661.54751676321,2647.94765836,248.846048533916,513.536834895611,184.451146364212,7502.38772663474,2243.60715466738,172.451208055019,54.4329866468906,3.27309918403625,37.0708260536194,16.0412328243256,58.688435703516,33.2581354379654,11.3134843111038,0,0.409091711044312,0,28.2907015681267,5.07030165195465,7.75299215316772,21.890849173069,20.8926282525063,17.3737988770008,22.1030966639519,81.616898804903,60.4964084625244,78.6650239527225,14.1941380500793,15.4460928142071,2.11537390947342,0,0,0,42.5253188610077,0,1.47339797019958,1.35482808947563,187.155992239714,0,1.04445430636406,1.62202262878418,79.0918224155903,0.619896173477173,1.51787570118904,0.511768519878387,7.70671355724335,0,0,220.281083762646
4798.8474098742,1.85061845183372,1982.39434731007,135.772262096405,28.8592976033688,12366.4725143015,0,13001.3134718835,258.964067816734,53846.6664046347,399.794320553541,681.763885200024,1754.24209007621,22262.1771820486,426.368236094713,14.4126153588295,720.47704076767,250.620882004499,406.253467291594,416.269027292728,6690.99204033613,8.88734638690948,5197.72323045135,1399.060020715,0.712793976068497,705.160239353776,1017.40251590312,46927.0958583057,6632.53612920642,9037.24728065729,26.8043050467968,165.295160710812,708.027710199356,1637.70945514739,1775.81347030401,9641.55841496587,1051.30549007654,2561.95124360919,1222.15020573139,676.385803699493,280.805146723986,90.8264123499393,667.748478800058,3.91118317842484,302.843025684357,41.8294534385204,141.75422257185,128.394900888205,13.8800902366638,3.17880606651306,2.39150151610374,4.55809170007706,529.453410178423,2.20289540290833,19.7774145901203,295.542031884193,224.542238473892,113.759593427181,375.503389298916,69.889501541853,42.3809356689453,58.6656856536865,94.554688334465,46.809701025486,34.2086108028889,4.20123639702797,0,0.970539897680283,188.380430787802,17.9015990495682,17.4142329096794,19.4291422963142,2725.05399021506,1.32435321807861,0.985647916793823,63.2891997098923,1642.51710253954,68.7218026816845,30.4956043362617,0,2.65876960754395,8.8036325275898,65.1889371871948,126.571849495173
1284.15131926537,1.87333253026009,359.848701775074,181.57250970602,66.1391333341599,13808.5604995191,13001.3134718835,0,53.9102791249752,15287.6511279792,387.94718773663,7276.6060718894,1735.0384991169,16235.2743853927,224.679117590189,1.9500937461853,2123.56315547228,182.274370133877,651.275424450636,2540.73529300094,1373.77651980519,2.93842077255249,2952.36773616076,219.670625239611,2.71758300065994,505.822900176048,358.281456798315,1114.57194730639,2587.84467899799,9824.41254243255,36.4771416783333,135.964399367571,99.770296216011,1890.86325195432,919.783510267735,4706.11881059408,544.624976277351,1036.42592811584,708.08469042182,3211.90405750275,520.693904072046,320.19684317708,257.89087793231,6.74269026517868,114.107389688492,63.454479008913,56.0631608664989,93.9258495569229,18.7127819359303,0.481664270162582,0,1.20315802097321,21.5110076367855,0.776496529579163,6.91940248012543,38.5753208398819,65.5731609165668,32.3224318623543,37.0001939237118,237.855841547251,41.4652992188931,140.591532796621,30.9337153434753,12.0806985199451,15.7122842371464,0,0,0,23.4868035316467,3.5320121049881,4.19705429673195,0.362927347421646,806.679219305515,1.05347883701324,0,11.9764558672905,276.86518573761,26.2776483893394,17.0459794700146,0.425111174583435,21.7312827706337,3.6053464114666,19.5537566244602,64.8388838469982
0,1422.28387370706,16.0308993160725,2316.50310659409,402.190265238285,201.436792492867,258.964067816734,53.9102791249752,0,1422.68555396795,80.1429365873337,3783.27042213082,557.701640367508,33.2520576417446,2129.47867757082,58.4296988248825,4.23280501365662,4.76834917068481,11.726004242897,2501.05439400673,89.1341047883034,4517.74313732982,67.4580246806145,35101.252114892,250.629877090454,86.1960850954056,9245.47310060263,7208.32831981778,33.8210005164146,51.2852857112885,46.5852776169777,35.4169003069401,1.99999332427979,49.7171539664268,1022.72707462311,339.226479381323,106.842918694019,59.7166888713837,54.6252900362015,1534.9733569324,20.7789562940598,7.92169493436813,196.02991092205,13.6173444986343,73.4170892834663,17.5980849862099,140.980876028538,29.0453151166439,2.10678851604462,1.69426757097244,42.6434117257595,0,734.950572729111,6.87700492143631,15.0897742509842,122.574121534824,95.3549240231514,940.863083988428,527.736225992441,12.5804632306099,213.665984988213,2.69947230815887,45.7932441830635,68.6697466373444,104.158951699734,6.27343288064003,4.07649049162865,2.7116382420063,481.135311692953,15.392608910799,52.1790133714676,21.8242316544056,3264.84529653192,4.70772218704224,31.8240982592106,114.765905588865,1226.1479447186,31.7690551280975,16.3381643295288,2.58870625495911,0,6.1489964723587,19.6465456783772,154.987933009863
68.4645534753799,3.51114532351494,384.565032631159,9031.75749716163,60.7056192159653,12509.741779536,53846.6664046347,15287.6511279792,1422.68555396795,0,1129.82266256213,12568.1892243624,3158.56582567096,4032.01562729478,544.449069291353,4.70777380466461,299.418419986963,773.850884646177,776.732260897756,20686.2539420426,359.564204841852,4.78196650743484,881.765259221196,927.876327842474,5.21070531010628,1758.7335999608,828.178299695253,7916.06950360537,4872.79114386439,388.972556561232,75.3851069509983,436.46353828907,132.273982524872,3006.9817559123,1195.49753433466,9170.49202939868,781.243026852608,4057.11874145269,1042.76882651448,1329.39624994993,545.185846984386,251.528295040131,414.643091112375,8.35977876186371,265.88579133153,34.3162087798119,412.063788354397,93.435520529747,8.75876599550247,0,1.58593493700027,0,1019.49923029542,16.6306115686893,36.1907900571823,497.046852111816,367.69477558136,434.208284884691,1435.15256524086,126.918121248484,328.641240537167,114.374159425497,140.672872513533,83.0162818133831,4.39376005530357,0,0,0,1304.30966991186,1.73658755421638,7.85863614082336,0,3414.49751126766,0.624472856521606,0.757585465908051,9.54693901538849,3112.97666573524,23.6729589700699,1.3461606502533,0,3.00925624370575,3.77043724060059,32.1910541653633,57.5694415569305
50.558594673872,451.11518022418,332.205295339227,26.370146214962,0,367.65339744091,399.794320553541,387.94718773663,80.1429365873337,1129.82266256213,0,1211.58190485835,8728.43343636394,1055.59079538286,6.756776034832,2.17278555035591,551.000847131014,20942.1387509406,1334.07506662607,539.486701369286,171.701878011227,196.782251119614,420.609789848328,136.407635062933,2561.39730471373,18916.9939086884,3155.40535265207,190.298903673887,1101.88944134116,244.669831991196,2634.60331946611,63.9927655160427,25.6507605612278,8269.84001041949,47.2994911670685,667.817687630653,5134.68797788024,1816.72793862224,514.072169810534,30.0151213109493,6.4023177921772,5336.36093431711,23.1061894893646,1013.94614461064,20.2223856151104,6.58507758378983,3.68073630332947,12.5263888239861,358.55899310112,0,123.245953738689,0.427822291851044,2.17060989141464,0,1.13738512992859,0.751213729381561,5.02399343252182,93.660430252552,2.57973378896713,1953.74281415343,11.3453468978405,3816.81528535485,13.9141491949558,0,3.16135424375534,3.24237230420113,14.2758734226227,0,0.392163634300232,0.36813160777092,94.4970917999744,1.34952369332314,118.66268107295,895.536737322807,837.376888751984,1047.79901564121,12.1038874685764,20.1922709941864,0.722800672054291,1401.53282004595,3.30203515291214,0,210.567194014788,16.2382390499115
19.1221172809601,11.0416989326477,184.600705087185,4779.32747456431,718.741607040167,18357.7815578878,681.763885200024,7276.6060718894,3783.27042213082,12568.1892243624,1211.58190485835,0,2698.60003516078,2602.89161530137,3147.66032129526,1.34833025932312,202.100171208382,711.088346511126,601.559090852737,23837.3551564515,51.5538943111897,17.846054494381,193.829712629318,2026.32317847013,5.92151361703873,1690.06602236629,797.2432975173,1505.66406989098,1704.41151300073,85.7425529956818,100.933416754007,249.776350557804,3.15321382880211,2447.46365922689,16190.0999729335,2780.69681969285,380.934917449951,1618.31148007512,337.766647964716,5844.19991007447,222.157282054424,335.963722169399,151.849309414625,15.7138612270355,118.758083969355,48.4728032052517,961.327400684357,77.5945936739445,40.3919212818146,0,0,0.548684179782867,787.721439808607,59.3757424652576,63.10105869174,134.477097511292,151.560347020626,238.275848120451,759.13090518117,218.319993913174,2508.36807349324,303.888720750809,75.5239244401455,244.431345134974,0,0.463998049497604,2.17042291164398,2.02016711235046,1505.41336753964,0.412962228059769,6.56771957874298,1.47566390037537,769.0354385674,0,13.2479501664639,11.715682387352,742.079899519682,38.7625007927418,0,1.59616735577583,9.81087803840637,0,26.9905800819397,1215.64248034358
16.4568243920803,2329.31713357568,127.821535676718,372.121760874987,48.0242125093937,1095.54032188654,1754.24209007621,1735.0384991169,557.701640367508,3158.56582567096,8728.43343636394,2698.60003516078,0,889.115558475256,97.6522469222546,20.2961140275002,64.579069763422,104.19535151124,79.7896583378315,1613.64867943525,304.723932802677,1289.24584776163,290.579539984465,1327.32520511746,13483.6927767694,1290.586384058,6776.97846063972,2998.57892420888,357.984752506018,827.281516879797,6571.92780002952,853.136525392532,25.9204621016979,1618.60001695156,359.702079862356,7705.15789353848,4418.50770834088,3838.86973211169,4772.35966363549,4297.61870056391,1139.82736882567,4473.41196161509,1352.2658598423,1603.97085633874,878.511885851622,636.540786594152,4097.60577258468,1091.24206963181,581.635572463274,3.00021114945412,261.080461978912,0,110.036858588457,46.5297247767448,139.183708488941,213.1667291224,782.047672659159,149.200369030237,323.732601255178,4904.82679527998,278.488991200924,5534.99913966656,375.02113699913,174.891318202019,27.4999343752861,3.43229085206985,19.9316961765289,4.31027317047119,231.977090001106,9.79374095797539,167.354907155037,4.38591235876083,1722.4344086349,2058.81866538525,1542.59411010146,2502.14858600497,921.08495336771,145.983556360006,35.9584894478321,2252.15155515075,320.841574072838,10.0926865339279,414.812680393457,141.627686291933
12467.0998255014,3.39297646284103,593.532266706228,113.23332759738,3.35993558168411,1100.60643306375,22262.1771820486,16235.2743853927,33.2520576417446,4032.01562729478,1055.59079538286,2602.89161530137,889.115558475256,0,62.2002691626549,2.36725828051567,3696.2899620533,489.844174206257,1360.1333078742,1209.12088745832,2404.74978891015,3.55757337808609,5240.40657317638,283.734626352787,2.41738444566727,1181.30244648457,845.136926412582,1302.81849914789,28068.0757302642,26276.4637407064,67.7091394364834,123.244705557823,141.041256040335,3840.38499924541,292.711369633675,3028.33032900095,551.355109006166,1249.96292993426,832.7161462605,304.56009966135,228.722942173481,161.823681473732,195.692940026522,9.4878836274147,71.7600568830967,42.0006963014603,37.5693192183971,59.5099160671234,4.6526802778244,0.460700303316116,1.64606153964996,2.48390567302704,10.8693446218967,0,1.93095743656158,26.2132983803749,41.3943328261375,31.3920889794827,17.5163490176201,144.321699559689,13.7025007307529,61.4245975315571,14.6443132758141,15.7360418140888,23.8267182409763,0.941999405622482,0,0,11.1358753740788,14.3954828381538,17.3456437289715,1.74439007043839,717.361103743315,4.78149491548538,3.17951107025146,33.3122490048409,204.548062860966,19.3118503987789,19.7272339165211,0,8.81050187349319,0,8.06896111369133,17.3071458041668
6.8119361102581,33.9885025024414,37.8832987844944,440.667790234089,2963.82144361734,2418.13281565905,426.368236094713,224.679117590189,2129.47867757082,544.449069291353,6.756776034832,3147.66032129526,97.6522469222546,62.2002691626549,0,28.1799431443214,27.1776471734047,3.49326774477959,12.632637411356,688.790108412504,496.208215624094,44.9007242321968,408.650134474039,1183.58416637778,0.605506718158722,18.9103339910507,284.688028693199,1332.58574414253,47.0445291399956,478.065141558647,1.52091258764267,131.500819414854,6.84746074676514,43.4605788588524,4426.87555038929,579.847702562809,101.065666913986,36.2972295284271,109.504616081715,4492.69146201015,32.7721572518349,4.34398502111435,41.8728843927383,18.8720705211163,22.6419040560722,69.6505413651466,130.990019023418,9.34718120098114,1.15799903869629,0,0,1.71084940433502,61.4445608556271,4.8873935341835,9.73507326841354,20.7402518093586,6.88766926527023,23.2988817691803,54.8853036165237,5.2479220032692,103.71845754981,14.7122178077698,2.99315047264099,34.770994246006,16.233259499073,5.84478080272675,0,2.2479590177536,86.0393430292606,23.0743798017502,0,45.3795235157013,169.298162549734,0,3.68966203927994,25.0248050689697,88.862311065197,4.2975934445858,10.3128303289413,0,0,0,2.55646675825119,2038.4045149684
1.76393938064575,78.4103400707245,84.9268181622028,0.565161645412445,2.4747508764267,1.13711297512054,14.4126153588295,1.9500937461853,58.4296988248825,4.70777380466461,2.17278555035591,1.34833025932312,20.2961140275002,2.36725828051567,28.1799431443214,0,26.942561686039,0.968927264213562,12.5049693584442,0,7744.80002140999,4328.16038355231,10775.737252593,5110.08723676205,1.47663855552673,16.9009568691254,6610.41738522053,2551.36166524887,14.737443625927,10.8914896845818,0,0,6.38962018489838,48.5811740458012,347.086533814669,2375.11544024944,2081.5304094553,200.879938900471,351.006996363401,3.21540307998657,2.94486105442047,0,597.272403806448,123.185471683741,265.573209524155,307.716547399759,9.64893954992294,12.3496604561806,0,15.4105484485626,20.4566845297813,78.9863017201424,0,0,0,57.2420628666878,21.2008077800274,44.248857319355,2.53612160682678,1.09948706626892,2.08287933468819,0,42.6666738688946,21.552958548069,9033.53220421076,35.0525482296944,0,19.6787276268005,0,917.878082185984,3765.30426156521,5361.40642657876,2150.39837515354,0,17.1922661066055,6074.10379442573,1066.36373412609,101.873779326677,186.772310376167,0,0.622482061386108,13.7776663303375,30.3827155828476,66.2923009097576
743.008633762598,35.2821512818336,30274.1758114398,5.67649254202843,3.64268916845322,61.0943600535393,720.47704076767,2123.56315547228,4.23280501365662,299.418419986963,551.000847131014,202.100171208382,64.579069763422,3696.2899620533,27.1776471734047,26.942561686039,0,79.2078560292721,4720.77978718281,101.006850212812,2170.20421260595,17.5067021250725,15448.7976431847,90.1234546899796,5.2968327999115,8252.22667095065,11291.626018554,369.153104782104,2374.75131833553,5637.91657966375,1.45736932754517,3.9252524971962,307.788520306349,4935.50082939863,433.865677803755,3005.97574928403,3458.66199028492,3307.403742522,2081.24961784482,20.8564085960388,10.6072650551796,5.38527989387512,23.5192719399929,9.55530840158463,13.0088849663734,22.8053461909294,0,0,0,0,27.8950456976891,24.3200625777245,0,0,0,0,0,0,3.02711409330368,0.776863574981689,0.44227734208107,0.586691975593567,0,1.31179141998291,10.2139110565186,32.3260667324066,0,35.9543968439102,0.803908169269562,1.79007467627525,5.02943396568298,9.09048753976822,11.8113248348236,1.53474545478821,147.338246583939,539.039557904005,2.09326606988907,0,1.59076130390167,0,0,0,1.60084435343742,68.9831066131592
13.9360180199146,0.836908936500549,43.4566305577755,11.0101733207703,0,190.08569508791,250.620882004499,182.274370133877,4.76834917068481,773.850884646177,20942.1387509406,711.088346511126,104.19535151124,489.844174206257,3.49326774477959,0.968927264213562,79.2078560292721,0,2263.70114922523,352.536118686199,37.0181242525578,0.894109308719635,84.3839026689529,20.9332437813282,4.13996756076813,5369.81004980206,685.203269422054,110.26335132122,405.892449438572,136.001902192831,5.75958514213562,16.2387893199921,10.9689439237118,1420.59647706151,113.557454437017,1112.11547246575,2097.30283203721,3002.29624041915,1539.74484416842,16.0019789338112,4.40756869316101,3.55348518490791,2.28665924072266,1.33942586183548,0,4.95652782917023,0,0,0.54986172914505,0,3.12531319260597,0,1.39082229137421,0,0,0,0,5.4336051940918,1.40092539787292,2.70634257793427,0.817664444446564,3.04220080375671,0,0,0,0.550959527492523,1.81394320726395,1.16460454463959,0,0,0.736459314823151,0.370567739009857,3.60020881891251,5.74302208423615,56.0158924758434,79.3368211686611,0,0,0,5.07191103696823,0,0,0,48.4584265053272
151.47400444746,21.6986566483974,3122.69410203397,12.3508956730366,0.772993981838226,133.318287223577,406.253467291594,651.275424450636,11.726004242897,776.732260897756,1334.07506662607,601.559090852737,79.7896583378315,1360.1333078742,12.632637411356,12.5049693584442,4720.77978718281,2263.70114922523,0,325.649490773678,717.371662527323,12.7074469327927,2270.88374722004,55.4293453395367,4.00451153516769,7707.76347979903,4364.76604999602,273.769314914942,961.615200132132,1081.88491240144,4.7718642950058,12.4631271958351,174.847044378519,3210.83409538865,311.61016523838,3199.156822294,3498.19027742743,4763.1719904989,2837.61436346173,22.3567205071449,12.7742967605591,8.14755827188492,14.8922770023346,9.7496802508831,11.6054256260395,10.1629875898361,0,0,0,0,20.932332098484,2.58524379134178,1.09423676133156,0,0,1.06647908687592,0,2.84993016719818,4.04896754026413,1.57134658098221,1.14162519574165,0.491714477539062,0,0,1.56774568557739,13.6534100472927,2.25575089454651,21.8078548014164,0,0.714743137359619,4.14770424365997,4.46280544996262,6.55035328865051,2.3890278339386,305.638821810484,464.933111965656,1.90361493825912,0,2.25098782777786,2.97054129838943,0,0,2.16936674714088,146.680521935225
22.5854163765907,6.922791659832,109.31923365593,30404.5439076722,159.132949501276,1192.52484551072,416.269027292728,2540.73529300094,2501.05439400673,20686.2539420426,539.486701369286,23837.3551564515,1613.64867943525,1209.12088745832,688.790108412504,0,101.006850212812,352.536118686199,325.649490773678,0,25.1882327795029,10.2693105638027,168.25665640831,2292.91530707479,2.0699428319931,837.553069025278,372.265552014112,5664.12476044893,1328.68233710527,89.957538664341,48.3317693471909,164.676077634096,36.6637379229069,1240.84743231535,303.114661455154,2934.05419936776,272.892594337463,1285.76703634858,336.376050800085,1144.15908440948,171.001184254885,140.982668250799,300.544975936413,5.23346334695816,194.15520837903,38.8191914260387,594.822370618582,96.7039331197739,22.5245954990387,0.633356988430023,1.42626991868019,0,1535.63167491555,35.3191494941711,51.3788428604603,368.488905906677,305.957217097282,407.191166698933,1931.6175044477,121.43532204628,876.335847645998,123.801308333874,124.482204169035,183.426761418581,0.639622151851654,0,0,0,1708.84915870428,0,9.10558944940567,0,2447.09054601192,0,3.29596400260925,6.19457456469536,2380.10520151258,34.8235098421574,1.19536033272743,0,4.15708458423615,0,31.2340493202209,30.0708545744419
235.817506730556,20.1122342944145,2706.33900618553,11.0300387442112,49.4544216096401,61.8143671452999,6690.99204033613,1373.77651980519,89.1341047883034,359.564204841852,171.701878011227,51.5538943111897,304.723932802677,2404.74978891015,496.208215624094,7744.80002140999,2170.20421260595,37.0181242525578,717.371662527323,25.1882327795029,0,407.025717437267,49090.6713127196,603.079359054565,2.06243860721588,614.055169254541,8322.64027154446,14155.0147833526,811.835904955864,50149.3487839699,1.27956354618073,16.5384896397591,280.270108550787,10073.7635717094,6737.63413187861,22645.7321082652,5153.67348647118,15747.1549590826,12348.335616529,132.470551431179,56.1938205063343,8.08477157354355,383.707658141851,49.2999638020992,98.5779485702515,79.2002056539059,13.2575967907906,6.14351183176041,0,13.3002404868603,12.3912842273712,38.0357199013233,1.11506766080856,0,0,39.9805641174316,33.8909424543381,57.489316701889,2.0247565805912,4.95401430130005,1.4402659535408,0,77.244511693716,20.792008548975,2009.14660447836,21.6983285844326,0,0,0,557.553444296122,715.179601609707,546.667542546988,2271.30184966326,0,16.7542664706707,829.292010635138,958.972918510437,184.026570409536,242.317134827375,0,1.18790566921234,15.8446796238422,40.0810444056988,626.490480035543
0,5353.20892781019,40.7857841849327,11.7040748298168,11.5609664320946,3.58522611856461,8.88734638690948,2.93842077255249,4517.74313732982,4.78196650743484,196.782251119614,17.846054494381,1289.24584776163,3.55757337808609,44.9007242321968,4328.16038355231,17.5067021250725,0.894109308719635,12.7074469327927,10.2693105638027,407.025717437267,0,897.104834467173,18234.7764467597,724.026955455542,108.684271365404,21103.6840975881,2669.24348506331,6.18149837851524,3.19431728124619,95.942554295063,0.412550419569016,1.63751423358917,13.7205452620983,9.53121715784073,103.604562968016,67.6170229911804,40.586294233799,42.8966534733772,28.8660348057747,1.74865245819092,1.33010196685791,285.189150691032,63.6517494916916,104.474532812834,156.52952170372,8.53026443719864,5.42865818738937,1.15667390823364,3.18125993013382,471.855959534645,125.725049197674,4.00773072242737,0,0,21.5873568952084,7.90365010499954,157.944828540087,7.50945425033569,4.06917649507523,0,13.9043784141541,21.7398324906826,13.4068784713745,1467.92179122567,53.35263428092,0.518272221088409,13.6384952962399,0.6650670170784,190.93423306942,1949.68655061722,822.701443582773,1396.5542742312,13.684961438179,136.703016728163,4428.48787251115,363.935272932053,44.5291258394718,52.9192638397217,3.38599491119385,0,3.80535191297531,18.140774667263,36.8980534672737
870.21262794733,33.0913904607296,23823.8136425912,23.1591985523701,156.458771169186,88.2444216012955,5197.72323045135,2952.36773616076,67.4580246806145,881.765259221196,420.609789848328,193.829712629318,290.579539984465,5240.40657317638,408.650134474039,10775.737252593,15448.7976431847,84.3839026689529,2270.88374722004,168.25665640831,49090.6713127196,897.104834467173,0,839.126825988293,0.614901781082153,3574.45253036916,28180.1981316209,3072.73450365663,2833.84009486437,23932.8950912952,2.70266154408455,22.2542836666107,480.360505521297,17503.7380849719,10310.8301805854,51312.2542777061,29372.6456797421,25159.0290898681,26953.9464498162,157.386229425669,61.4040874242783,35.8134241700172,984.92676487565,187.621363729239,628.761789858341,828.243882238865,11.7594883143902,3.87268531322479,1.21246087551117,4.87137597799301,55.7810917198658,1027.25173842907,1.19444808363914,1.3106427192688,1.08349895477295,82.0705488622189,3.54171139001846,17.7366925776005,2.78470402956009,2.78827574849129,1.45342379808426,4.49448943138123,12.5446605682373,18.9716403484344,8379.1597956419,350.395742833614,2.86822494864464,55.2740198075771,0,608.293287694454,2826.7476131022,6997.30158638954,761.975674927235,2.05595302581787,183.263606220484,12292.6459095478,642.70404240489,27.8319343626499,68.2044671773911,0,0,4.03147453069687,67.0655090510845,1567.62434440851
21.6384227275848,4046.46941328049,545.650600418448,6469.64953166246,236.339935660362,172.318547427654,1399.060020715,219.670625239611,35101.252114892,927.876327842474,136.407635062933,2026.32317847013,1327.32520511746,283.734626352787,1183.58416637778,5110.08723676205,90.1234546899796,20.9332437813282,55.4293453395367,2292.91530707479,603.079359054565,18234.7764467597,839.126825988293,0,450.786691367626,162.693196296692,16871.3452934027,13691.1423412859,646.242500007153,172.45793646574,57.1827777922153,44.7947225570679,144.450740844011,252.581943362951,412.084263086319,3127.18219172955,894.077618896961,412.865074336529,338.744232475758,857.556639701128,39.0971246957779,26.0872443914413,3853.49196493626,124.639932453632,1427.40976563096,318.93425744772,702.675145536661,661.040255457163,25.5404929816723,45.517321228981,71.646911740303,25.6928651630878,1608.92331597209,22.8911756575108,97.4389082491398,1530.51691350341,1151.96174022555,3517.19256022573,2193.44669881463,193.416347324848,447.48800316453,77.4183684587479,766.571552038193,314.566305220127,2161.26847624779,30.8090208172798,1.2977429330349,10.2951453626156,1441.354036659,640.893604040146,1828.98700776696,497.04488325119,28130.0536465645,6.24291265010834,28.7047452628613,1077.8443159461,10537.3206664026,890.530096888542,687.120924592018,0.740944683551788,23.6757554709911,79.8379031121731,413.786741882563,287.459783196449
0,1488.64626535773,0.643256068229675,0.526073634624481,0.978251039981842,3.01675117015839,0.712793976068497,2.71758300065994,250.629877090454,5.21070531010628,2561.39730471373,5.92151361703873,13483.6927767694,2.41738444566727,0.605506718158722,1.47663855552673,5.2968327999115,4.13996756076813,4.00451153516769,2.0699428319931,2.06243860721588,724.026955455542,0.614901781082153,450.786691367626,0,1449.98742562532,9583.3740631938,45.5598805248737,10.2844295799732,0,2189.95354369283,0,1.56105875968933,104.81660631299,2.72377955913544,17.2935826182365,156.842272043228,74.0530779361725,18.0688120126724,2.51214289665222,0,75.4879035949707,14.0697267055511,87.9665412008762,28.3583979010582,14.8588336706161,0,2.00918957591057,127.929672896862,0,1114.98934051394,0,0,0,0,1.46968472003937,1.30000126361847,70.3643113076687,2.94272607564926,825.440681159496,3.08459413051605,2591.75489425659,6.34286245703697,1.08518803119659,7.80832397937775,4.47040337324142,5.93682652711868,4.70869499444962,2.45548939704895,0.561501681804657,101.497821360826,0.542120635509491,62.0760559737682,3118.9659011364,682.517799139023,2823.50542598963,2.34517911076546,4.30077868700027,1.19240081310272,785.4070969522,6.40333127975464,0,88.8917227387428,0.806393146514893
95.3078346252441,252.067205429077,21661.1592038274,28.5795061886311,5.43271908164024,481.325357526541,705.160239353776,505.822900176048,86.1960850954056,1758.7335999608,18916.9939086884,1690.06602236629,1290.586384058,1181.30244648457,18.9103339910507,16.9009568691254,8252.22667095065,5369.81004980206,7707.76347979903,837.553069025278,614.055169254541,108.684271365404,3574.45253036916,162.693196296692,1449.98742562532,0,22551.8783561885,450.088048428297,922.004801571369,808.568888545036,1673.66009941697,49.5230825841427,60.4248978346586,4881.64776337147,897.68454760313,9899.82230949402,15018.9949090481,10264.6287250817,7583.9476057291,65.1351233720779,30.9587485492229,166.705229371786,296.661067903042,480.348695248365,204.551535576582,368.619180113077,0,4.0504834651947,4.99943694472313,0.406175374984741,691.349238634109,24.9911780953407,4.40845364332199,0,0,29.4228283762932,1.36885076761246,126.046766757965,5.83315461874008,601.441612392664,7.48164543509483,1477.36667251587,9.46008995175362,4.48077684640884,14.5534006953239,314.959906131029,180.126708298922,491.114455670118,1.10576832294464,29.0596325993538,168.538310855627,38.9700187444687,59.0589650571346,1056.01481148601,6972.4302585423,13006.4926449358,4.68884694576263,7.40635392069817,54.5730931758881,1832.29118946195,3.17745262384415,0.805365204811096,99.7288399934769,423.59808292985
91.7009780704975,28311.779157728,20002.3209126592,29.1220113039017,63.5752113163471,229.793323725462,1017.40251590312,358.281456798315,9245.47310060263,828.178299695253,3155.40535265207,797.2432975173,6776.97846063972,845.136926412582,284.688028693199,6610.41738522053,11291.626018554,685.203269422054,4364.76604999602,372.265552014112,8322.64027154446,21103.6840975881,28180.1981316209,16871.3452934027,9583.3740631938,22551.8783561885,0,7634.55788546801,551.712558299303,1397.40937936306,690.897671878338,13.6891041994095,78.1472347974777,5664.12427474558,3548.82983359694,29864.675368458,18154.6812302172,15672.0382559001,16795.0419501364,201.12373867631,59.5956134796143,73.0319096446037,4970.28852692246,2464.81112086773,3452.41324260831,4895.99267289042,41.3014832735062,49.6854774951935,9.96143156290054,7.06192937493324,12282.1483879983,5735.67943117023,9.87023693323135,0,3.83056938648224,309.10204231739,11.5465523898602,391.512316823006,4.15613424777985,826.708228647709,17.2930439710617,1808.07590731978,42.334775686264,22.1665766835213,2136.42942011356,6475.41233634949,431.432856708765,2423.27331626415,5.9566413462162,444.743022412062,5004.21952459216,7410.84705775976,911.964814960957,2364.74788829684,26303.8352086544,136012.788662434,438.18550363183,41.8849260509014,272.90327206254,2382.96592503786,0.847485959529877,4.36000126600266,598.453916490078,1368.47194048762
124.62937232852,513.098807930946,1646.41370841861,14540.3882730007,189.596711963415,620.909410625696,46927.0958583057,1114.57194730639,7208.32831981778,7916.06950360537,190.298903673887,1505.66406989098,2998.57892420888,1302.81849914789,1332.58574414253,2551.36166524887,369.153104782104,110.26335132122,273.769314914942,5664.12476044893,14155.0147833526,2669.24348506331,3072.73450365663,13691.1423412859,45.5598805248737,450.088048428297,7634.55788546801,0,4589.90545496345,46886.0454434752,14.093392342329,174.690374642611,1563.79683855176,1902.4111674726,4363.99203887582,19280.4482094347,3025.50646203756,4019.3120546937,2650.66162028909,1177.29398617148,326.74378272891,109.457233130932,6500.88989928365,136.955284893513,2357.11410015821,463.234224587679,1284.15239214897,1083.20665886998,30.5980477631092,85.8932240009308,24.9125107526779,13.4060893654823,2354.43960991502,26.3958927094936,123.721720606089,2063.85472911596,1649.06428542733,2079.19214257598,3262.26378762722,272.305668979883,729.739788502455,196.518867760897,1143.90753462911,463.759890496731,1686.29233631492,35.5062796771526,0,6.21014142036438,2281.03507903218,580.093728244305,823.825473666191,409.404753476381,29278.3365586996,0.672971785068512,20.6056362092495,753.769007563591,12949.2863628268,1168.4177416563,1096.90298447013,0,16.4309157431126,101.948705285788,577.606588512659,507.10011318326
9452.21806737781,2.69009137153625,256.451222062111,245.263986885548,4.33795899152756,892.263297259808,6632.53612920642,2587.84467899799,33.8210005164146,4872.79114386439,1101.88944134116,1704.41151300073,357.984752506018,28068.0757302642,47.0445291399956,14.737443625927,2374.75131833553,405.892449438572,961.615200132132,1328.68233710527,811.835904955864,6.18149837851524,2833.84009486437,646.242500007153,10.2844295799732,922.004801571369,551.712558299303,4589.90545496345,0,16725.5221446455,50.6893486380577,1390.85433241725,3483.01941183209,8335.6700001061,128.293333441019,1064.75160828233,210.021386951208,929.359086632729,418.103071987629,85.493422716856,184.594450175762,43.0411424934864,190.718880355358,13.0630804300308,40.8513404726982,21.8814550042152,23.8132064044476,10.2747509479523,5.2323591709137,2.9775433242321,2.66588121652603,3.3485751748085,27.0715343356133,0,0,12.855486124754,13.0203292071819,52.4432788193226,13.1162127554417,35.8259842991829,4.14099234342575,17.8210172355175,18.913626819849,5.80284038186073,99.7067395448685,0.84961599111557,0,0,7.87091284990311,32.7240564227104,47.0461755394936,7.33968442678452,874.078923642635,1.50897693634033,0,17.3261809647083,331.50564840436,33.0971317589283,32.7976906001568,0,0,1.91967523097992,10.1013253927231,16.4559316337109
10208.2409901023,1.63513854146004,2019.0557565093,22.1819453239441,26.9126463532448,108.789320915937,9037.24728065729,9824.41254243255,51.2852857112885,388.972556561232,244.669831991196,85.7425529956818,827.281516879797,26276.4637407064,478.065141558647,10.8914896845818,5637.91657966375,136.001902192831,1081.88491240144,89.957538664341,50149.3487839699,3.19431728124619,23932.8950912952,172.45793646574,0,808.568888545036,1397.40937936306,46886.0454434752,16725.5221446455,0,13.7488506734371,70.7467358708382,4799.60916149616,9720.19862724841,3945.42879700661,10769.0192822516,1611.23949223757,8053.99203142524,4468.10180851817,309.30535531044,202.531210184097,29.0780936777592,194.96724230051,3.54948532581329,34.7437101602554,27.4073928892612,13.0399280190468,8.52243530750275,1.08542907238007,2.25385129451752,2.14986768364906,11.0960223674774,6.31898730993271,0,0,12.8188305795193,13.0801472961903,22.2538355588913,6.31971484422684,6.71342349052429,1.04362237453461,8.16804981231689,10.0653757154942,7.25533694028854,63.5127163529396,2.01905769109726,0,0,1.78483361005783,26.9421341121197,26.858382999897,19.77047047019,508.151099175215,0,1.59103941917419,103.207391738892,215.740711569786,20.7590489089489,20.4795653820038,0,0,3.41921234130859,9.45847737789154,337.351500034332
3.37688982486725,121.778223067522,0,0.607711017131805,0.745185792446136,30.1040822565556,26.8043050467968,36.4771416783333,46.5852776169777,75.3851069509983,2634.60331946611,100.933416754007,6571.92780002952,67.7091394364834,1.52091258764267,0,1.45736932754517,5.75958514213562,4.7718642950058,48.3317693471909,1.27956354618073,95.942554295063,2.70266154408455,57.1827777922153,2189.95354369283,1673.66009941697,690.897671878338,14.093392342329,50.6893486380577,13.7488506734371,0,2.68174737691879,1.50147515535355,588.20289427042,5.59144973754883,89.8006668686867,488.544951409101,246.939522534609,112.197832882404,3.01808309555054,1.38641005754471,38.0388410389423,3.07589936256409,283.238658279181,8.42906665802002,6.49866214394569,0.427800476551056,0,4.76670899987221,0,47.429246544838,0,0,0,0,0,0,34.9660088121891,0,555.521552413702,0,1212.36378309131,0,0,0,0.850945234298706,12.295363008976,2.72862896323204,0,0,40.085375726223,0,8.70374298095703,924.366432160139,928.287514954805,1646.83556887507,0,0,0,1235.60202556849,0,0,12.6443417668343,3.54307752847672
4.12978726625443,0,2.36956617236137,32.0551327466965,1764.57364213467,219.871850788593,165.295160710812,135.964399367571,35.4169003069401,436.46353828907,63.9927655160427,249.776350557804,853.136525392532,123.244705557823,131.500819414854,0,3.9252524971962,16.2387893199921,12.4631271958351,164.676077634096,16.5384896397591,0.412550419569016,22.2542836666107,44.7947225570679,0,49.5230825841427,13.6891041994095,174.690374642611,1390.85433241725,70.7467358708382,2.68174737691879,0,2.93614017963409,12495.679014504,97.9812811911106,1945.67288714647,111.121219366789,87.0947823822498,137.228602468967,580.206712841988,6466.66452360153,92.0957833230495,50.7785024642944,1.94829910993576,27.2984675765038,23.7748841941357,29.1204361915588,27.4287867248058,16.8321723639965,0.401847839355469,0,0,13.8841174542904,0.470860034227371,2.91105735301971,8.70996132493019,17.2612160742283,5.56224244832993,13.1158466339111,102.090530097485,25.1188683211803,111.795268893242,6.9402848482132,7.74173092842102,0.512769997119904,0,0,0,19.5179028809071,0,0,0,82.8426877260208,1.16440534591675,0,0.840450465679169,39.4868444800377,0.509629130363464,0.638494729995728,0,4.45694375038147,0,7.06002327799797,5.70212861895561
69.8201385438442,0,73.8733190596104,21.1063086688519,0,34.9367774128914,708.027710199356,99.770296216011,1.99999332427979,132.273982524872,25.6507605612278,3.15321382880211,25.9204621016979,141.041256040335,6.84746074676514,6.38962018489838,307.788520306349,10.9689439237118,174.847044378519,36.6637379229069,280.270108550787,1.63751423358917,480.360505521297,144.450740844011,1.56105875968933,60.4248978346586,78.1472347974777,1563.79683855176,3483.01941183209,4799.60916149616,1.50147515535355,2.93614017963409,0,1775.42768901587,57.7195087075233,75.9923152029514,15.4954738914967,707.180275470018,217.450547993183,4.90815424919128,14.473282456398,0,19.4477907121181,0,8.36981546878815,4.07972931861877,3.37023490667343,1.22256588935852,0,0,0,0,4.43350613117218,0,0,1.07836389541626,0,9.32460623979568,0,1.32520401477814,0,0,3.4602589905262,0.87745201587677,33.6663362681866,0,0,0,0,17.1940699517727,11.233127117157,7.29717022180557,156.753382623196,0,0,3.17991960048676,55.1279813945293,8.72508060932159,11.583116620779,0,0,1.14081579446793,0.473439335823059,16.0719459056854
290.836968660355,41.320400416851,3612.65036901832,159.295697927475,459.75634726882,1104.84249672294,1637.70945514739,1890.86325195432,49.7171539664268,3006.9817559123,8269.84001041949,2447.46365922689,1618.60001695156,3840.38499924541,43.4605788588524,48.5811740458012,4935.50082939863,1420.59647706151,3210.83409538865,1240.84743231535,10073.7635717094,13.7205452620983,17503.7380849719,252.581943362951,104.81660631299,4881.64776337147,5664.12427474558,1902.4111674726,8335.6700001061,9720.19862724841,588.20289427042,12495.679014504,1775.42768901587,0,265.009725600481,1830.99615359306,1609.80867014825,2600.67167174816,841.104668468237,191.769186377525,52.2996711432934,486.128130465746,287.527801603079,73.2387417554855,106.685967296362,47.5361050963402,39.3606394529343,70.1746627092361,27.5178506076336,0.385778814554214,6.94415760040283,11.7777154743671,10.5735982060432,1.79558515548706,4.84527671337128,54.196217417717,52.5563726723194,39.633946120739,24.2925256788731,182.835007190704,21.1133477389812,201.26929295063,27.9477468132973,25.7637355327606,34.1263052821159,19.8524172306061,1.50055539608002,1.14468121528625,15.2402201592922,11.9020076990128,17.2551676034927,11.5847690999508,879.52826949954,20.2809869647026,86.1093570291996,257.653773993254,340.30571860075,31.6046937406063,30.3303156793118,40.0630948245525,18.5322775840759,3.71428805589676,34.3374715149403,24.6569361388683
25.8631209433079,8.82749271392822,1248.50564855337,87.9699532389641,1704.96040377021,5661.54751676321,1775.81347030401,919.783510267735,1022.72707462311,1195.49753433466,47.2994911670685,16190.0999729335,359.702079862356,292.711369633675,4426.87555038929,347.086533814669,433.865677803755,113.557454437017,311.61016523838,303.114661455154,6737.63413187861,9.53121715784073,10310.8301805854,412.084263086319,2.72377955913544,897.68454760313,3548.82983359694,4363.99203887582,128.293333441019,3945.42879700661,5.59144973754883,97.9812811911106,57.7195087075233,265.009725600481,0,10929.9940294623,4644.43297022581,531.634193778038,5624.82330417633,350.594778686762,138.152539014816,105.217393964529,1838.30929151177,1424.96232169867,134.402267336845,3084.54940095544,26.4047765135765,65.4795035123825,22.5666490793228,0.716066837310791,1.56275391578674,86.7476144433022,14.9324463903904,30.319787889719,234.188838303089,87.6007467210293,19.5376342833042,16.7819112539291,47.0559676289558,60.9823819994926,747.567758619785,7.74705851078033,5.01965597271919,490.332015156746,195.050142884254,60.5632444620132,51.9640800952911,54.2694273591042,13.6620170772076,317.819814234972,39.3360744714737,1052.18557354808,208.890704631805,0,362.214562237263,1130.01018044353,290.631357491016,20.6351355910301,53.2847146987915,13.0825765132904,0.608716905117035,0.518683254718781,10.4838827252388,300750.943228036
132.632637798786,132.915151536465,9064.40990868211,902.606465727091,144.352611124516,2647.94765836,9641.55841496587,4706.11881059408,339.226479381323,9170.49202939868,667.817687630653,2780.69681969285,7705.15789353848,3028.33032900095,579.847702562809,2375.11544024944,3005.97574928403,1112.11547246575,3199.156822294,2934.05419936776,22645.7321082652,103.604562968016,51312.2542777061,3127.18219172955,17.2935826182365,9899.82230949402,29864.675368458,19280.4482094347,1064.75160828233,10769.0192822516,89.8006668686867,1945.67288714647,75.9923152029514,1830.99615359306,10929.9940294623,0,41241.0453324914,4561.34627777338,7304.8605003953,6679.06769305468,1589.75164437294,2201.28101804852,1410.75645703077,88.3157083690166,449.463264077902,232.955227971077,239.846387088299,241.02544093132,25.7818801403046,6.42790570855141,87.1290567219257,94.6167374551296,166.140199869871,0.98154354095459,9.58224102854729,256.161323994398,196.134068250656,134.975860565901,129.53796890378,340.773788571358,35.5695466399193,289.960144937038,143.562953934073,72.6329047679901,280.899656236172,53.1708446145058,6.46881157159805,11.260497123003,54.2579726576805,38.9984236061573,144.642302721739,280.596328943968,3184.8180244267,11.9419773221016,191.149449378252,1567.97662642598,1337.51650732756,117.522198945284,75.8402255773544,0.590498268604279,38.4462013840675,12.0649884641171,90.6784017086029,1742.39451116323
51.7988652586937,139.177470982075,5527.05480757356,42.8100503385067,27.2535111606121,248.846048533916,1051.30549007654,544.624976277351,106.842918694019,781.243026852608,5134.68797788024,380.934917449951,4418.50770834088,551.355109006166,101.065666913986,2081.5304094553,3458.66199028492,2097.30283203721,3498.19027742743,272.892594337463,5153.67348647118,67.6170229911804,29372.6456797421,894.077618896961,156.842272043228,15018.9949090481,18154.6812302172,3025.50646203756,210.021386951208,1611.23949223757,488.544951409101,111.121219366789,15.4954738914967,1609.80867014825,4644.43297022581,41241.0453324914,0,3790.97723254561,19202.5352068543,592.171989828348,344.262207627296,1179.04752847552,195.374986588955,106.39071175456,57.5720816552639,146.256692439318,6.14588099718094,4.92696809768677,4.11722648143768,2.83716785907745,111.084576815367,64.9829328358173,15.806178599596,0,3.62174695730209,12.6542638540268,9.11065489053726,14.0024266541004,5.91557338833809,56.0579149723053,6.06019699573517,108.583221673965,3.59384199976921,10.8513427972794,114.349287301302,82.0647261738777,39.7064557671547,32.8343984484673,3.35566061735153,11.1249908804893,55.3151966929436,106.83215662837,236.21757158637,54.7740118503571,808.365018695593,1892.09235200286,64.8674390912056,8.44482174515724,11.7594394683838,108.95004093647,1.99381637573242,0,9.43986922502518,1745.41848248243
156.793519437313,76.6276295483112,6066.00674042106,247.63765668869,5.4553496837616,513.536834895611,2561.95124360919,1036.42592811584,59.7166888713837,4057.11874145269,1816.72793862224,1618.31148007512,3838.86973211169,1249.96292993426,36.2972295284271,200.879938900471,3307.403742522,3002.29624041915,4763.1719904989,1285.76703634858,15747.1549590826,40.586294233799,25159.0290898681,412.865074336529,74.0530779361725,10264.6287250817,15672.0382559001,4019.3120546937,929.359086632729,8053.99203142524,246.939522534609,87.0947823822498,707.180275470018,2600.67167174816,531.634193778038,4561.34627777338,3790.97723254561,0,6102.76533722878,159.435608208179,228.428365319967,1145.7809830904,361.239640504122,59.3749357461929,205.071061640978,147.127017498016,71.8395583927631,135.65474691987,22.8500432372093,1.73802375793457,60.5874662995338,35.4253357350826,21.4944467544556,5.01114809513092,7.77498120069504,88.9122833013535,119.30280354619,39.9530508220196,40.287745475769,343.761222630739,31.4867271184921,193.695026755333,56.3267458677292,23.6635642647743,82.903959363699,27.2228308618069,3.75817108154297,10.7164200246334,15.8101048767567,22.1269160211086,44.8158736228943,84.1930137276649,1002.37127760053,29.4171814620495,267.826082676649,966.909178406,408.035704225302,44.5131604075432,21.5597224831581,27.8026188910007,48.0172432661057,0.439035654067993,36.260025203228,143.051540851593
93.9531097114086,67.2057441473007,7633.8305311501,65.7224940061569,99.1452465653419,184.451146364212,1222.15020573139,708.08469042182,54.6252900362015,1042.76882651448,514.072169810534,337.766647964716,4772.35966363549,832.7161462605,109.504616081715,351.006996363401,2081.24961784482,1539.74484416842,2837.61436346173,336.376050800085,12348.335616529,42.8966534733772,26953.9464498162,338.744232475758,18.0688120126724,7583.9476057291,16795.0419501364,2650.66162028909,418.103071987629,4468.10180851817,112.197832882404,137.228602468967,217.450547993183,841.104668468237,5624.82330417633,7304.8605003953,19202.5352068543,6102.76533722878,0,417.142606467009,1130.97161754966,370.473514825106,326.892014831305,120.22406578064,251.422736734152,469.060722380877,99.9738787412643,332.958587139845,33.4798178076744,0.518058001995087,56.7750269174576,34.766201198101,11.2227989137173,9.71968734264374,27.0372287034988,35.3254124820232,217.947330713272,13.5295277237892,47.9904183447361,708.457109361887,47.3353415727615,103.659344553947,79.9966711103916,51.6558629572392,112.444653838873,38.9611207544804,5.01321524381638,10.2694582641125,23.3085944056511,24.6295996308327,62.4323741793633,169.588812440634,282.558561712503,9.89300900697708,211.103605866432,974.032490670681,131.485811769962,23.3886110186577,11.759443551302,7.33444303274155,76.363142311573,1.43732464313507,26.7222438454628,3851.55763474107
7.36335879564285,25.5286889076233,35.8878657519817,421.016431987286,6681.0581689477,7502.38772663474,676.385803699493,3211.90405750275,1534.9733569324,1329.39624994993,30.0151213109493,5844.19991007447,4297.61870056391,304.56009966135,4492.69146201015,3.21540307998657,20.8564085960388,16.0019789338112,22.3567205071449,1144.15908440948,132.470551431179,28.8660348057747,157.386229425669,857.556639701128,2.51214289665222,65.1351233720779,201.12373867631,1177.29398617148,85.493422716856,309.30535531044,3.01808309555054,580.206712841988,4.90815424919128,191.769186377525,350.594778686762,6679.06769305468,592.171989828348,159.435608208179,417.142606467009,0,318.285725414753,155.156108379364,430.71905875206,4.4069559276104,138.994853705168,46.121414244175,596.321993649006,78.9913471639156,51.1680257320404,2.12550687789917,0.565575420856476,0,289.917228221893,33.4508774876595,26.7155111432076,106.046929895878,92.6739891469479,110.785564184189,338.244148373604,287.946697384119,456.064851552248,474.421086221933,54.0584212839603,124.291619688272,21.1938126683235,1.05684387683868,0,2.91627508401871,356.026402562857,5.40626522898674,6.24394285678864,2.56587421894073,874.789513349533,0,4.16805154085159,10.1869165599346,554.29476416111,35.4347667396069,16.0660775303841,0,7.60714402794838,2.13665014505386,31.0413429141045,110.774541884661
2.22952747344971,0,23.1206890046597,40.8250624835491,6420.47241723537,2243.60715466738,280.805146723986,520.693904072046,20.7789562940598,545.185846984386,6.4023177921772,222.157282054424,1139.82736882567,228.722942173481,32.7721572518349,2.94486105442047,10.6072650551796,4.40756869316101,12.7742967605591,171.001184254885,56.1938205063343,1.74865245819092,61.4040874242783,39.0971246957779,0,30.9587485492229,59.5956134796143,326.74378272891,184.594450175762,202.531210184097,1.38641005754471,6466.66452360153,14.473282456398,52.2996711432934,138.152539014816,1589.75164437294,344.262207627296,228.428365319967,1130.97161754966,318.285725414753,0,229.199790000916,134.966470837593,14.4789296984673,105.11835283041,117.146229505539,54.0666671991348,185.051796227694,20.5094926357269,0,0,0.921000719070435,19.3874625265598,2.83324167132378,18.2236442267895,22.4611295759678,128.625383734703,8.08603590726852,36.7681744396687,417.483941167593,42.8323265612125,116.422309994698,60.935686647892,11.8944281935692,6.07061618566513,0,1.28905749320984,0,20.2516439855099,2.31189805269241,0.650255441665649,4.07924568653107,167.043765485287,0,0.568606436252594,10.4450614452362,91.061169475317,17.2405240237713,6.32338654994965,0.84121036529541,43.6195998191833,0,18.9274843037128,74.0277846455574
2.12594437599182,7.76687377691269,9.02580666542053,15.2438776195049,0,172.451208055019,90.8264123499393,320.19684317708,7.92169493436813,251.528295040131,5336.36093431711,335.963722169399,4473.41196161509,161.823681473732,4.34398502111435,0,5.38527989387512,3.55348518490791,8.14755827188492,140.982668250799,8.08477157354355,1.33010196685791,35.8134241700172,26.0872443914413,75.4879035949707,166.705229371786,73.0319096446037,109.457233130932,43.0411424934864,29.0780936777592,38.0388410389423,92.0957833230495,0,486.128130465746,105.217393964529,2201.28101804852,1179.04752847552,1145.7809830904,370.473514825106,155.156108379364,229.199790000916,0,47.219515144825,42.0579799413681,49.8751831650734,43.2502347230911,12.117592215538,49.6583967208862,100.311771333218,0,7.65743339061737,0,0,0,3.53183197975159,6.53609871864319,36.3739330768585,9.08009523153305,9.26294228434563,297.039853185415,22.167688190937,226.596094608307,25.0227743387222,3.98992097377777,2.59740680456161,0,0,0,7.86105015873909,0,5.8561674952507,0,100.037680476904,17.0414267778397,5.07048660516739,10.6001352965832,33.3864066898823,4.13419246673584,0.422251224517822,10.3368935883045,13.925923705101,1.06646013259888,39.2074158191681,48.406353354454
11.1415528059006,90.9091786146164,527.643445014954,146.083848416805,9.51563185453415,54.4329866468906,667.748478800058,257.89087793231,196.02991092205,414.643091112375,23.1061894893646,151.849309414625,1352.2658598423,195.692940026522,41.8728843927383,597.272403806448,23.5192719399929,2.28665924072266,14.8922770023346,300.544975936413,383.707658141851,285.189150691032,984.92676487565,3853.49196493626,14.0697267055511,296.661067903042,4970.28852692246,6500.88989928365,190.718880355358,194.96724230051,3.07589936256409,50.7785024642944,19.4477907121181,287.527801603079,1838.30929151177,1410.75645703077,195.374986588955,361.239640504122,326.892014831305,430.71905875206,134.966470837593,47.219515144825,0,39349.320255816,4704.74974247813,6209.65248256922,13875.4477931857,2456.19617706537,919.540186882019,98.4500566720963,211.22546929121,2145.78526899219,559.598156750202,139.094094276428,904.893843770027,5867.70034000278,4943.37131819129,251.46971988678,4292.67396226525,3826.22811242938,728.949471801519,515.874751389027,2798.8163985461,1166.79149538279,7745.72833168507,1368.31275115907,2104.04176545143,1867.70972360671,1180.65828901529,9304.91938558221,323.213423103094,30065.1928575337,9067.73776242137,35.2283852398396,11865.9927451313,28597.7701031268,15537.383154422,1097.60894584656,3010.77921891212,324.278303146362,660.979323387146,28.5573351383209,1259.09360173345,11640.6093201041
0,51.1718227863312,225.043229699135,0.552445292472839,7.66027337312698,3.27309918403625,3.91118317842484,6.74269026517868,13.6173444986343,8.35977876186371,1013.94614461064,15.7138612270355,1603.97085633874,9.4878836274147,18.8720705211163,123.185471683741,9.55530840158463,1.33942586183548,9.7496802508831,5.23346334695816,49.2999638020992,63.6517494916916,187.621363729239,124.639932453632,87.9665412008762,480.348695248365,2464.81112086773,136.955284893513,13.0630804300308,3.54948532581329,283.238658279181,1.94829910993576,0,73.2387417554855,1424.96232169867,88.3157083690166,106.39071175456,59.3749357461929,120.22406578064,4.4069559276104,14.4789296984673,42.0579799413681,39349.320255816,0,4758.74972122908,16543.9107761085,750.158511608839,815.997622460127,380.203471273184,9.26742008328438,142.869581609964,558.927962809801,17.4942834079266,2.2515457868576,76.7616456449032,336.72553204,343.601324975491,39.2216538190842,213.021724611521,4592.27866503596,187.587509781122,356.27802759409,300.84840926528,236.453328132629,2630.98049682379,1939.19649454951,4297.5703291297,1254.07327252626,85.3909572064877,1684.1412166357,105.864297777414,7273.04758056998,1131.13558068871,58.3747079074383,8640.90124082565,7461.92588868737,1627.02190151811,197.450230389833,411.169169634581,322.725307524204,78.7560098469257,1.63783183693886,1620.83132645488,5256.86811798811
0,37.5273231565952,293.624840021133,98.3708870708942,2.46184056997299,37.0708260536194,302.843025684357,114.107389688492,73.4170892834663,265.88579133153,20.2223856151104,118.758083969355,878.511885851622,71.7600568830967,22.6419040560722,265.573209524155,13.0088849663734,0,11.6054256260395,194.15520837903,98.5779485702515,104.474532812834,628.761789858341,1427.40976563096,28.3583979010582,204.551535576582,3452.41324260831,2357.11410015821,40.8513404726982,34.7437101602554,8.42906665802002,27.2984675765038,8.36981546878815,106.685967296362,134.402267336845,449.463264077902,57.5720816552639,205.071061640978,251.422736734152,138.994853705168,105.11835283041,49.8751831650734,4704.74974247813,4758.74972122908,0,4083.05981943011,352.617303580046,1599.43834513426,2484.40748888254,241.763068586588,103.688188046217,1987.23258881271,484.620864361525,11.6402938961983,434.777011871338,7373.35839821398,1406.73865643144,113.62648704648,5873.64626346529,3434.15946593881,2007.04382747412,608.512132018805,2144.77757257223,112.840459018946,1884.30551031232,2785.49035842717,1908.50276857615,2629.40267263353,1178.96651950479,10120.1298824251,102.119797468185,20959.267070964,3455.21200482547,39.6919397413731,8377.10216931999,16981.2540478557,12630.5576744974,1799.4356443584,4356.19450046122,285.952732682228,273.632920414209,229.792130678892,2306.50106294453,412.634769201279
0.770910739898682,98.558114528656,522.238988518715,12.1652225852013,23.9037603735924,16.0412328243256,41.8294534385204,63.454479008913,17.5980849862099,34.3162087798119,6.58507758378983,48.4728032052517,636.540786594152,42.0006963014603,69.6505413651466,307.716547399759,22.8053461909294,4.95652782917023,10.1629875898361,38.8191914260387,79.2002056539059,156.52952170372,828.243882238865,318.93425744772,14.8588336706161,368.619180113077,4895.99267289042,463.234224587679,21.8814550042152,27.4073928892612,6.49866214394569,23.7748841941357,4.07972931861877,47.5361050963402,3084.54940095544,232.955227971077,146.256692439318,147.127017498016,469.060722380877,46.121414244175,117.146229505539,43.2502347230911,6209.65248256922,16543.9107761085,4083.05981943011,0,2452.40184310079,5795.65518784523,173.867989838123,107.278265506029,197.812189042568,3104.3393625617,54.8205099105835,23.230984389782,86.1393919885159,3258.79425230622,613.815793186426,26.3353572487831,449.849311619997,4325.18084722757,228.182317614555,151.399803549051,956.199622601271,524.134274512529,2774.36925068498,2041.68194949627,2142.93568897247,2346.35418194532,107.794504165649,6061.42953285575,149.173239886761,23492.1007053852,1654.5102135241,29.3055679798126,12333.1958731711,27760.4386497438,5672.69900220633,549.259203374386,1774.1392685771,276.383236706257,178.930303871632,48.4691218435764,615.019825428724,7142.35938975215
0,3.39914631843567,2.12657499313354,370.032668739557,35.033271998167,58.688435703516,141.75422257185,56.0631608664989,140.980876028538,412.063788354397,3.68073630332947,961.327400684357,4097.60577258468,37.5693192183971,130.990019023418,9.64893954992294,0,0,0,594.822370618582,13.2575967907906,8.53026443719864,11.7594883143902,702.675145536661,0,0,41.3014832735062,1284.15239214897,23.8132064044476,13.0399280190468,0.427800476551056,29.1204361915588,3.37023490667343,39.3606394529343,26.4047765135765,239.846387088299,6.14588099718094,71.8395583927631,99.9738787412643,596.321993649006,54.0666671991348,12.117592215538,13875.4477931857,750.158511608839,352.617303580046,2452.40184310079,0,377.060248881578,666.048452675343,7.72476103901863,40.393920391798,47.4037666916847,647.231691539288,9650.67677146196,3625.22931537032,625.991348773241,1937.63256600499,988.199068039656,1435.52144291997,1986.11826020479,2830.6054533124,2125.692042768,317.520641237497,4134.07498192787,98.7010765075684,21.7228450477123,14.8026503324509,22.7435048818588,836.296428918839,186.024836301804,101.987393110991,487.73671323061,1836.52554813027,7.59342274069786,125.127980709076,577.049763709307,1458.69459933043,101.787162125111,131.575439065695,6.26070421934128,232.660764843225,5.93455040454865,48.0786537230015,122.802212744951
0,0.632193624973297,1.3954735994339,39.0351562201977,1.77846729755402,33.2581354379654,128.394900888205,93.9258495569229,29.0453151166439,93.435520529747,12.5263888239861,77.5945936739445,1091.24206963181,59.5099160671234,9.34718120098114,12.3496604561806,0,0,0,96.7039331197739,6.14351183176041,5.42865818738937,3.87268531322479,661.040255457163,2.00918957591057,4.0504834651947,49.6854774951935,1083.20665886998,10.2747509479523,8.52243530750275,0,27.4287867248058,1.22256588935852,70.1746627092361,65.4795035123825,241.02544093132,4.92696809768677,135.65474691987,332.958587139845,78.9913471639156,185.051796227694,49.6583967208862,2456.19617706537,815.997622460127,1599.43834513426,5795.65518784523,377.060248881578,0,353.718551814556,9.06198814511299,5.37726449966431,29.4053508937359,163.17747631669,6777.1996716857,2236.66727116704,956.256326884031,818.70294880867,38.8355110287666,1648.26306197047,1516.28577011824,401.937356054783,290.444945842028,1100.66962724924,171.465124428272,42.2196508049965,20.1561185121536,91.3518109321594,53.0071271061897,312.28378662467,68.8006721436977,5.42066103219986,212.238766074181,703.455053210258,4.87666147947311,574.986233413219,341.362211763859,1511.75918284059,881.730421662331,123.032147169113,117.697286069393,12495.0463045239,1.57648080587387,189.375347495079,286.103959619999
0,0,0,7.10182601213455,0,11.3134843111038,13.8800902366638,18.7127819359303,2.10678851604462,8.75876599550247,358.55899310112,40.3919212818146,581.635572463274,4.6526802778244,1.15799903869629,0,0,0.54986172914505,0,22.5245954990387,0,1.15667390823364,1.21246087551117,25.5404929816723,127.929672896862,4.99943694472313,9.96143156290054,30.5980477631092,5.2323591709137,1.08542907238007,4.76670899987221,16.8321723639965,0,27.5178506076336,22.5666490793228,25.7818801403046,4.11722648143768,22.8500432372093,33.4798178076744,51.1680257320404,20.5094926357269,100.311771333218,919.540186882019,380.203471273184,2484.40748888254,173.867989838123,666.048452675343,353.718551814556,0,0,1.19972497224808,3.32923245429993,8.60468882322311,6.60076469182968,53.2302465438843,33.967832505703,309.120080322027,0,122.609447002411,7823.58449009061,134.545870006084,1278.21527281404,177.503693282604,19.9139654040337,7.70382928848267,1.55749064683914,6.62905269861221,3.74878942966461,59.2010022103786,0,6.7185246348381,20.0500470101833,62.6941155493259,43.5782597661018,29.581163495779,52.20458522439,62.9944114387035,50.7826721072197,7.06247335672379,14.7307232916355,140.670761972666,0.981550604104996,469.707675337791,60.790048122406
0,0,0.467693418264389,0,0,0,3.17880606651306,0.481664270162582,1.69426757097244,0,0,0,3.00021114945412,0.460700303316116,0,15.4105484485626,0,0,0,0.633356988430023,13.3002404868603,3.18125993013382,4.87137597799301,45.517321228981,0,0.406175374984741,7.06192937493324,85.8932240009308,2.9775433242321,2.25385129451752,0,0.401847839355469,0,0.385778814554214,0.716066837310791,6.42790570855141,2.83716785907745,1.73802375793457,0.518058001995087,2.12550687789917,0,0,98.4500566720963,9.26742008328438,241.763068586588,107.278265506029,7.72476103901863,9.06198814511299,0,0,0.75748610496521,9.64120644330978,2.31580406427383,0,9.07041317224503,6423.97878745198,898.09968534112,5.20379227399826,40.2976142764091,17.6857996284962,14.7445508539677,0,10439.6122442186,13.7435697317123,24.0536549091339,105.550182163715,21.6010388731956,64.5680958330631,7.37560153007507,107.76996704936,7.41479283571243,138.788472086191,261.77691373229,0,94.5639274716377,55.9751909971237,172.235344827175,6488.24532857537,4009.39400798082,1.40180772542953,0,49.0023231208324,442.346794128418,56.2623081207275
0,1957.93417093158,336.911082297564,0.828955173492432,0,0.409091711044312,2.39150151610374,0,42.6434117257595,1.58593493700027,123.245953738689,0,261.080461978912,1.64606153964996,0,20.4566845297813,27.8950456976891,3.12531319260597,20.932332098484,1.42626991868019,12.3912842273712,471.855959534645,55.7810917198658,71.646911740303,1114.98934051394,691.349238634109,12282.1483879983,24.9125107526779,2.66588121652603,2.14986768364906,47.429246544838,0,0,6.94415760040283,1.56275391578674,87.1290567219257,111.084576815367,60.5874662995338,56.7750269174576,0.565575420856476,0,7.65743339061737,211.22546929121,142.869581609964,103.688188046217,197.812189042568,40.393920391798,5.37726449966431,1.19972497224808,0.75748610496521,0,16.019341468811,1.1101301908493,26.8156646192074,5.27143269777298,11.8724305927753,3.22885212302208,2229.83947092295,2.38767996430397,499.610790550709,33.2643353641033,1466.84097841382,4.03352782130241,148.097769141197,663.270082861185,109.612484008074,3.20638060569763,96.3208648860455,5.75269547104836,37.640578776598,3993.95015484095,42.9785051643848,4254.25618743896,1822.09701919556,536.512227326632,30543.1857202649,69.3319009840488,11.411172837019,11.8911852836609,43.4851059317589,1.50891208648682,1.97237429022789,72.7214408516884,14.6599236726761
0.926177680492401,29.5729901790619,556.01089990139,0,1.0455516576767,0,4.55809170007706,1.20315802097321,0,0,0.427822291851044,0.548684179782867,0,2.48390567302704,1.71084940433502,78.9863017201424,24.3200625777245,0,2.58524379134178,0,38.0357199013233,125.725049197674,1027.25173842907,25.6928651630878,0,24.9911780953407,5735.67943117023,13.4060893654823,3.3485751748085,11.0960223674774,0,0,0,11.7777154743671,86.7476144433022,94.6167374551296,64.9829328358173,35.4253357350826,34.766201198101,0,0.921000719070435,0,2145.78526899219,558.927962809801,1987.23258881271,3104.3393625617,47.4037666916847,29.4053508937359,3.32923245429993,9.64120644330978,16.019341468811,0,1.64515125751495,0,3.25013208389282,5148.10478156805,274.747191369534,4.01863896846771,70.3820216655731,28.9148936569691,14.4505848437548,0,517.742421239614,19.369717001915,123.987279713154,12504.4803906977,48.4479782581329,952.12759616971,13.996134698391,1666.51019346714,52.2644616365433,41103.2186667621,171.225668013096,0,40882.057493031,9891.02374216914,1959.48062705994,120.27760630846,495.182500839233,1.17577302455902,1.00546741485596,17.627171933651,324.44127830863,431.692057400942
0.516580998897552,2.13415813446045,1.9948048889637,2256.62478265166,18.5631065070629,28.2907015681267,529.453410178423,21.5110076367855,734.950572729111,1019.49923029542,2.17060989141464,787.721439808607,110.036858588457,10.8693446218967,61.4445608556271,0,0,1.39082229137421,1.09423676133156,1535.63167491555,1.11506766080856,4.00773072242737,1.19444808363914,1608.92331597209,0,4.40845364332199,9.87023693323135,2354.43960991502,27.0715343356133,6.31898730993271,0,13.8841174542904,4.43350613117218,10.5735982060432,14.9324463903904,166.140199869871,15.806178599596,21.4944467544556,11.2227989137173,289.917228221893,19.3874625265598,0,559.598156750202,17.4942834079266,484.620864361525,54.8205099105835,647.231691539288,163.17747631669,8.60468882322311,2.31580406427383,1.1101301908493,1.64515125751495,0,220.319919854403,379.411768078804,195.454449057579,396.722726285458,2999.53047707677,8591.25530010462,65.4855301380157,8359.10358417034,19.1143171787262,284.049850165844,1015.04055100679,0,19.9244018793106,26.4152229428291,20.5334092974663,48076.7583696842,0.473897665739059,1.78026640415192,7.79157063364983,9472.22793725133,0,47.9968872368336,12.9869601130486,5208.47223269939,460.902284026146,3.61028605699539,1.93050646781921,15.2131640017033,23.1770005226135,182.065205305815,84.6044954955578
0,0,0,23.8462873399258,1.89990210533142,5.07030165195465,2.20289540290833,0.776496529579163,6.87700492143631,16.6306115686893,0,59.3757424652576,46.5297247767448,0,4.8873935341835,0,0,0,0,35.3191494941711,0,0,1.3106427192688,22.8911756575108,0,0,0,26.3958927094936,0,0,0,0.470860034227371,0,1.79558515548706,30.319787889719,0.98154354095459,0,5.01114809513092,9.71968734264374,33.4508774876595,2.83324167132378,0,139.094094276428,2.2515457868576,11.6402938961983,23.230984389782,9650.67677146196,6777.1996716857,6.60076469182968,0,26.8156646192074,0,220.319919854403,0,2330.72762435675,20.9579420983791,332.160149246454,243.903927028179,182.739640653133,26.9781109392643,632.882277965546,8.45108240842819,3.64975649118423,3814.8905274868,0,0,0,0,151.24429282546,0,71.5814859867096,1.13332891464233,765.111488044262,7.40960109233856,0,104.359477996826,177.024331778288,1.85359844565392,0,0,120.572549939156,0,187.497704148293,34.5246729254723
0,0.405624479055405,0.424757242202759,49.5521999895573,5.14542543888092,7.75299215316772,19.7774145901203,6.91940248012543,15.0897742509842,36.1907900571823,1.13738512992859,63.10105869174,139.183708488941,1.93095743656158,9.73507326841354,0,0,0,0,51.3788428604603,0,0,1.08349895477295,97.4389082491398,0,0,3.83056938648224,123.721720606089,0,0,0,2.91105735301971,0,4.84527671337128,234.188838303089,9.58224102854729,3.62174695730209,7.77498120069504,27.0372287034988,26.7155111432076,18.2236442267895,3.53183197975159,904.893843770027,76.7616456449032,434.777011871338,86.1393919885159,3625.22931537032,2236.66727116704,53.2302465438843,9.07041317224503,5.27143269777298,3.25013208389282,379.411768078804,2330.72762435675,0,10667.3753551543,17408.9922366738,67.2290793061256,25236.9246897995,297.043356001377,10601.7974594831,92.1448721587658,1975.8409729898,2896.05252289772,1.48081955313683,28.5006662011147,110.412597239017,77.3116798400879,577.511178135872,3.30526944994926,5.35875701904297,25.9112040549517,149.615243136883,1.62009730935097,519.189359247684,118.305246517062,1009.52750366926,950.672147065401,11.658313781023,67.2484368979931,78.9398456811905,16.6815685629845,304.219028800726,4564.3944092989
0.719415843486786,5.90548676252365,17.1311761438847,176.279718279839,10.7150081396103,21.890849173069,295.542031884193,38.5753208398819,122.574121534824,497.046852111816,0.751213729381561,134.477097511292,213.1667291224,26.2132983803749,20.7402518093586,57.2420628666878,0,0,1.06647908687592,368.488905906677,39.9805641174316,21.5873568952084,82.0705488622189,1530.51691350341,1.46968472003937,29.4228283762932,309.10204231739,2063.85472911596,12.855486124754,12.8188305795193,0,8.70996132493019,1.07836389541626,54.196217417717,87.6007467210293,256.161323994398,12.6542638540268,88.9122833013535,35.3254124820232,106.046929895878,22.4611295759678,6.53609871864319,5867.70034000278,336.72553204,7373.35839821398,3258.79425230622,625.991348773241,956.256326884031,33.967832505703,6423.97878745198,11.8724305927753,5148.10478156805,195.454449057579,20.9579420983791,10667.3753551543,0,14808.8249640465,187.684242814779,44070.7277857661,634.151101768017,449.624297559261,61.7455307245255,48170.8033700883,571.006636142731,61.1534075140953,4401.6009105742,579.174658149481,1861.85443797708,215.388744026423,8170.79267477989,21.5818420946598,11798.2204490155,3353.20124915242,0.793073326349258,3954.85161319375,2867.43512514234,42380.8884791434,15167.3994947374,18275.506276235,42.9935338199139,44.0520862936974,1101.75076285005,4201.7951002717,1927.61656731367
0.449320703744888,2.84412753582001,0.459746301174164,143.535344958305,1.04008227586746,20.8926282525063,224.542238473892,65.5731609165668,95.3549240231514,367.69477558136,5.02399343252182,151.560347020626,782.047672659159,41.3943328261375,6.88766926527023,21.2008077800274,0,0,0,305.957217097282,33.8909424543381,7.90365010499954,3.54171139001846,1151.96174022555,1.30000126361847,1.36885076761246,11.5465523898602,1649.06428542733,13.0203292071819,13.0801472961903,0,17.2612160742283,0,52.5563726723194,19.5376342833042,196.134068250656,9.11065489053726,119.30280354619,217.947330713272,92.6739891469479,128.625383734703,36.3739330768585,4943.37131819129,343.601324975491,1406.73865643144,613.815793186426,1937.63256600499,818.70294880867,309.120080322027,898.09968534112,3.22885212302208,274.747191369534,396.722726285458,332.160149246454,17408.9922366738,14808.8249640465,0,117.618882864714,15744.3132383823,944.546309068799,4939.0419549644,334.43369743228,22722.8930095285,774.549489736557,37.2482227683067,268.837876856327,227.847656607628,206.66300624609,1381.57295411825,138.32794970274,16.5718857944012,467.175768941641,1444.68121498823,3.2332789003849,1033.0327218473,319.0599373281,1811.40125271678,3178.67774993181,1810.06071585417,127.28377777338,398.973167002201,83.0111346542835,881.678848221898,255.335299193859
5.47570997476578,47.6102556288242,17.1005107760429,320.832787960768,10.1237076818943,17.3737988770008,113.759593427181,32.3224318623543,940.863083988428,434.208284884691,93.660430252552,238.275848120451,149.200369030237,31.3920889794827,23.2988817691803,44.248857319355,0,5.4336051940918,2.84993016719818,407.191166698933,57.489316701889,157.944828540087,17.7366925776005,3517.19256022573,70.3643113076687,126.046766757965,391.512316823006,2079.19214257598,52.4432788193226,22.2538355588913,34.9660088121891,5.56224244832993,9.32460623979568,39.633946120739,16.7819112539291,134.975860565901,14.0024266541004,39.9530508220196,13.5295277237892,110.785564184189,8.08603590726852,9.08009523153305,251.46971988678,39.2216538190842,113.62648704648,26.3353572487831,988.199068039656,38.8355110287666,0,5.20379227399826,2229.83947092295,4.01863896846771,2999.53047707677,243.903927028179,67.2290793061256,187.684242814779,117.618882864714,0,1899.65325924754,246.699093133211,1647.87936532497,561.590355932713,93.2352349758148,1073.46765887737,36.9993246197701,22.0392079651356,2.3618848323822,10.663994461298,1968.90337121487,7.35208258032799,7811.13449305296,7.14205852150917,41542.4651931524,702.369909077883,63.1212728321552,7308.78169584274,4093.53600251675,101.811088293791,74.2056417763233,14.5172459185123,7.33255451917648,10.8914740681648,48.8801010847092,57.0394540429115
0,0.442737609148026,3.69742786884308,1724.48876950145,25.3080899119377,22.1030966639519,375.503389298916,37.0001939237118,527.736225992441,1435.15256524086,2.57973378896713,759.13090518117,323.732601255178,17.5163490176201,54.8853036165237,2.53612160682678,3.02711409330368,1.40092539787292,4.04896754026413,1931.6175044477,2.0247565805912,7.50945425033569,2.78470402956009,2193.44669881463,2.94272607564926,5.83315461874008,4.15613424777985,3262.26378762722,13.1162127554417,6.31971484422684,0,13.1158466339111,0,24.2925256788731,47.0559676289558,129.53796890378,5.91557338833809,40.287745475769,47.9904183447361,338.244148373604,36.7681744396687,9.26294228434563,4292.67396226525,213.021724611521,5873.64626346529,449.849311619997,1435.52144291997,1648.26306197047,122.609447002411,40.2976142764091,2.38767996430397,70.3820216655731,8591.25530010462,182.739640653133,25236.9246897995,44070.7277857661,15744.3132383823,1899.65325924754,0,1304.50110706687,8975.11656394601,168.129512906075,11133.0637166798,969.643035382032,4.03117901086807,342.685901671648,797.927960157394,654.251526504755,29312.8878957629,45.5555702745914,1.87018972635269,213.73389056325,1100.10676398873,1.29272532463074,2541.26956367493,548.008167728782,7574.42490357161,9725.44493809342,46.0498058497906,150.095193862915,177.877399116755,127.898887991905,2830.86193777621,1433.34269151092
0,9.03054982423782,5.59818518161774,26.6323758065701,1.82053512334824,81.616898804903,69.889501541853,237.855841547251,12.5804632306099,126.918121248484,1953.74281415343,218.319993913174,4904.82679527998,144.321699559689,5.2479220032692,1.09948706626892,0.776863574981689,2.70634257793427,1.57134658098221,121.43532204628,4.95401430130005,4.06917649507523,2.78827574849129,193.416347324848,825.440681159496,601.441612392664,826.708228647709,272.305668979883,35.8259842991829,6.71342349052429,555.521552413702,102.090530097485,1.32520401477814,182.835007190704,60.9823819994926,340.773788571358,56.0579149723053,343.761222630739,708.457109361887,287.946697384119,417.483941167593,297.039853185415,3826.22811242938,4592.27866503596,3434.15946593881,4325.18084722757,1986.11826020479,1516.28577011824,7823.58449009061,17.6857996284962,499.610790550709,28.9148936569691,65.4855301380157,26.9781109392643,297.043356001377,634.151101768017,944.546309068799,246.699093133211,1304.50110706687,0,1077.33395588398,7420.68025943637,1253.97813642025,115.449571579695,44.673646479845,529.125583708286,19472.5341792107,2590.7030441761,429.363065123558,195.96329537034,325.741474360228,263.691048622131,541.249170273542,1982.56987643242,29072.5860765278,1902.66666069627,562.763397365808,2710.0395642221,164.692425966263,9296.89813295007,755.150426715612,12.0224573612213,10379.9541896731,172.229580640793
0,1.23313197493553,0.630612432956696,891.827063888311,16.2941272854805,60.4964084625244,42.3809356689453,41.4652992188931,213.665984988213,328.641240537167,11.3453468978405,2508.36807349324,278.488991200924,13.7025007307529,103.71845754981,2.08287933468819,0.44227734208107,0.817664444446564,1.14162519574165,876.335847645998,1.4402659535408,0,1.45342379808426,447.48800316453,3.08459413051605,7.48164543509483,17.2930439710617,729.739788502455,4.14099234342575,1.04362237453461,0,25.1188683211803,0,21.1133477389812,747.567758619785,35.5695466399193,6.06019699573517,31.4867271184921,47.3353415727615,456.064851552248,42.8323265612125,22.167688190937,728.949471801519,187.587509781122,2007.04382747412,228.182317614555,2830.6054533124,401.937356054783,134.545870006084,14.7445508539677,33.2643353641033,14.4505848437548,8359.10358417034,632.882277965546,10601.7974594831,449.624297559261,4939.0419549644,1647.87936532497,8975.11656394601,1077.33395588398,0,167.448500096798,4634.24433091283,2720.07534843683,2.77234742045403,112.075393468142,543.874386489391,392.145458698273,37324.5955624878,18.2796106934547,59.6630031466484,65.2114743888378,4492.43469455838,10.0814915597439,2548.51076698303,496.736450970173,1518.79500889778,3098.56631705165,27.202893614769,251.436700224876,99.168679267168,7.62667182087898,1544.4561187923,2822.42021787167
0,17.6482780873775,1.57350385189056,31.1764252781868,6.77489870786667,78.6650239527225,58.6656856536865,140.591532796621,2.69947230815887,114.374159425497,3816.81528535485,303.888720750809,5534.99913966656,61.4245975315571,14.7122178077698,0,0.586691975593567,3.04220080375671,0.491714477539062,123.801308333874,0,13.9043784141541,4.49448943138123,77.4183684587479,2591.75489425659,1477.36667251587,1808.07590731978,196.518867760897,17.8210172355175,8.16804981231689,1212.36378309131,111.795268893242,0,201.26929295063,7.74705851078033,289.960144937038,108.583221673965,193.695026755333,103.659344553947,474.421086221933,116.422309994698,226.596094608307,515.874751389027,356.27802759409,608.512132018805,151.399803549051,2125.692042768,290.444945842028,1278.21527281404,0,1466.84097841382,0,19.1143171787262,8.45108240842819,92.1448721587658,61.7455307245255,334.43369743228,561.590355932713,168.129512906075,7420.68025943637,167.448500096798,0,276.660013467073,77.1056772172451,51.2051889896393,0,2.18757647275925,1.72759458422661,87.1886858642101,7.70421603322029,845.637536138296,3.37688961625099,702.717118054628,13823.8090038896,302.241626173258,3137.45263195038,146.181595206261,339.013035535812,6.05460673570633,7266.12134259939,134.287532001734,0.670832872390747,1292.37025442719,17.4437632262707
0,1.96407026052475,4.08554628491402,64.0498323738575,2.76131775975227,14.1941380500793,94.554688334465,30.9337153434753,45.7932441830635,140.672872513533,13.9141491949558,75.5239244401455,375.02113699913,14.6443132758141,2.99315047264099,42.6666738688946,0,0,0,124.482204169035,77.244511693716,21.7398324906826,12.5446605682373,766.571552038193,6.34286245703697,9.46008995175362,42.334775686264,1143.90753462911,18.913626819849,10.0653757154942,0,6.9402848482132,3.4602589905262,27.9477468132973,5.01965597271919,143.562953934073,3.59384199976921,56.3267458677292,79.9966711103916,54.0584212839603,60.935686647892,25.0227743387222,2798.8163985461,300.84840926528,2144.77757257223,956.199622601271,317.520641237497,1100.66962724924,177.503693282604,10439.6122442186,4.03352782130241,517.742421239614,284.049850165844,3.64975649118423,1975.8409729898,48170.8033700883,22722.8930095285,93.2352349758148,11133.0637166798,1253.97813642025,4634.24433091283,276.660013467073,0,181.051956772804,98.0920608043671,855.828702896833,401.862844526768,515.325675606728,1674.43393793702,549.999125897884,33.8282788097858,1409.77388352156,1815.07389529049,11.1191072463989,2025.98261362314,652.977890759706,1982.39673280716,14017.824459374,10634.9636183083,277.15551134944,205.047787189484,190.304717242718,2423.74349305034,315.116368055344
1.5917501449585,1.5017277598381,3.32310903072357,111.38836479187,14.6394859552383,15.4460928142071,46.809701025486,12.0806985199451,68.6697466373444,83.0162818133831,0,244.431345134974,174.891318202019,15.7360418140888,34.770994246006,21.552958548069,1.31179141998291,0,0,183.426761418581,20.792008548975,13.4068784713745,18.9716403484344,314.566305220127,1.08518803119659,4.48077684640884,22.1665766835213,463.759890496731,5.80284038186073,7.25533694028854,0,7.74173092842102,0.87745201587677,25.7637355327606,490.332015156746,72.6329047679901,10.8513427972794,23.6635642647743,51.6558629572392,124.291619688272,11.8944281935692,3.98992097377777,1166.79149538279,236.453328132629,112.840459018946,524.134274512529,4134.07498192787,171.465124428272,19.9139654040337,13.7435697317123,148.097769141197,19.369717001915,1015.04055100679,3814.8905274868,2896.05252289772,571.006636142731,774.549489736557,1073.46765887737,969.643035382032,115.449571579695,2720.07534843683,77.1056772172451,181.051956772804,0,169.900218546391,12.2325222194195,4.62914949655533,10.2269373238087,753.482207149267,386.469768077135,378.212908536196,662.258516252041,4243.6689568162,34.3246070742607,62.8714399635792,885.583386212587,2051.30149611831,88.5790312588215,206.02636012435,0.984870105981827,341.155875563622,5.10776424407959,18.6751997768879,2122.27701339126
0,19.2953576743603,41.1708718836308,0,1.2628573179245,2.11537390947342,34.2086108028889,15.7122842371464,104.158951699734,4.39376005530357,3.16135424375534,0,27.4999343752861,23.8267182409763,16.233259499073,9033.53220421076,10.2139110565186,0,1.56774568557739,0.639622151851654,2009.14660447836,1467.92179122567,8379.1597956419,2161.26847624779,7.80832397937775,14.5534006953239,2136.42942011356,1686.29233631492,99.7067395448685,63.5127163529396,0,0.512769997119904,33.6663362681866,34.1263052821159,195.050142884254,280.899656236172,114.349287301302,82.903959363699,112.444653838873,21.1938126683235,6.07061618566513,2.59740680456161,7745.72833168507,2630.98049682379,1884.30551031232,2774.36925068498,98.7010765075684,42.2196508049965,7.70382928848267,24.0536549091339,663.270082861185,123.987279713154,0,0,1.48081955313683,61.1534075140953,37.2482227683067,36.9993246197701,4.03117901086807,44.673646479845,2.77234742045403,51.2051889896393,98.0920608043671,169.900218546391,0,133.807469785213,17.4462965428829,82.29110057652,0.816232860088348,7595.44461098313,8372.90919265151,3999.9258543849,6988.79601722956,56.0897622108459,162.28195270896,11770.3357948661,4104.94558134675,197.423912346363,671.373718559742,3.25421196222305,0,35.4743780195713,245.034283772111,1724.12500953674
0,112.021298766136,1154.40842083097,0,0,0,4.20123639702797,0,6.27343288064003,0,3.24237230420113,0.463998049497604,3.43229085206985,0.941999405622482,5.84478080272675,35.0525482296944,32.3260667324066,0.550959527492523,13.6534100472927,0,21.6983285844326,53.35263428092,350.395742833614,30.8090208172798,4.47040337324142,314.959906131029,6475.41233634949,35.5062796771526,0.84961599111557,2.01905769109726,0.850945234298706,0,0,19.8524172306061,60.5632444620132,53.1708446145058,82.0647261738777,27.2228308618069,38.9611207544804,1.05684387683868,0,0,1368.31275115907,1939.19649454951,2785.49035842717,2041.68194949627,21.7228450477123,20.1561185121536,1.55749064683914,105.550182163715,109.612484008074,12504.4803906977,19.9244018793106,0,28.5006662011147,4401.6009105742,268.837876856327,22.0392079651356,342.685901671648,529.125583708286,112.075393468142,0,855.828702896833,12.2325222194195,133.807469785213,0,1349.5567112565,6998.66434600949,100.736057370901,1731.19647420943,46.433930516243,15168.978251636,199.880062937737,4.87384006381035,7918.92433054745,18043.7303895205,1673.01118779182,470.979705780745,4612.12121519446,2.84638100862503,4.27205610275269,64.5596493631601,7735.9698497355,226.715626478195
0,12.4635489583015,4.01885131001472,1.42933532595634,0,0,0,0,4.07649049162865,0,14.2758734226227,2.17042291164398,19.9316961765289,0,0,0,0,1.81394320726395,2.25575089454651,0,0,0.518272221088409,2.86822494864464,1.2977429330349,5.93682652711868,180.126708298922,431.432856708765,0,0,0,12.295363008976,0,0,1.50055539608002,51.9640800952911,6.46881157159805,39.7064557671547,3.75817108154297,5.01321524381638,0,1.28905749320984,0,2104.04176545143,4297.5703291297,1908.50276857615,2142.93568897247,14.8026503324509,91.3518109321594,6.62905269861221,21.6010388731956,3.20638060569763,48.4479782581329,26.4152229428291,0,110.412597239017,579.174658149481,227.847656607628,2.3618848323822,797.927960157394,19472.5341792107,543.874386489391,2.18757647275925,401.862844526768,4.62914949655533,17.4462965428829,1349.5567112565,0,4817.71865209937,258.209955900908,264.645989567041,1.61471575498581,328.754812687635,85.1486482322216,1.9225800037384,13910.1197135448,681.782353490591,274.532844364643,537.968781232834,310.944037556648,8.86862426996231,20.0228931903839,15.0638893246651,4774.84144464135,186.367604315281
0,69.585148692131,193.484365552664,1.78091183304787,1.52872788906097,0,0.970539897680283,0,2.7116382420063,0,0,2.02016711235046,4.31027317047119,0,2.2479590177536,19.6787276268005,35.9543968439102,1.16460454463959,21.8078548014164,0,0,13.6384952962399,55.2740198075771,10.2951453626156,4.70869499444962,491.114455670118,2423.27331626415,6.21014142036438,0,0,2.72862896323204,0,0,1.14468121528625,54.2694273591042,11.260497123003,32.8343984484673,10.7164200246334,10.2694582641125,2.91627508401871,0,0,1867.70972360671,1254.07327252626,2629.40267263353,2346.35418194532,22.7435048818588,53.0071271061897,3.74878942966461,64.5680958330631,96.3208648860455,952.12759616971,20.5334092974663,0,77.3116798400879,1861.85443797708,206.66300624609,10.663994461298,654.251526504755,2590.7030441761,392.145458698273,1.72759458422661,515.325675606728,10.2269373238087,82.29110057652,6998.66434600949,4817.71865209937,0,196.209565252066,922.758344903588,16.7986139059067,1887.52744874358,166.316676706076,6.62470969557762,14581.6572196037,6089.69155427814,805.696290612221,472.733037680387,2735.65931004286,3.24455201625824,10.9796929061413,51.22277328372,7441.63144519925,216.406181722879
0,0,0.787827730178833,1726.37734994292,26.2533655166626,42.5253188610077,188.380430787802,23.4868035316467,481.135311692953,1304.30966991186,0.392163634300232,1505.41336753964,231.977090001106,11.1358753740788,86.0393430292606,0,0.803908169269562,0,0,1708.84915870428,0,0.6650670170784,0,1441.354036659,2.45548939704895,1.10576832294464,5.9566413462162,2281.03507903218,7.87091284990311,1.78483361005783,0,19.5179028809071,0,15.2402201592922,13.6620170772076,54.2579726576805,3.35566061735153,15.8101048767567,23.3085944056511,356.026402562857,20.2516439855099,7.86105015873909,1180.65828901529,85.3909572064877,1178.96651950479,107.794504165649,836.296428918839,312.28378662467,59.2010022103786,7.37560153007507,5.75269547104836,13.996134698391,48076.7583696842,151.24429282546,577.511178135872,215.388744026423,1381.57295411825,1968.90337121487,29312.8878957629,429.363065123558,37324.5955624878,87.1886858642101,1674.43393793702,753.482207149267,0.816232860088348,100.736057370901,258.209955900908,196.209565252066,0,18.9702714681625,2.37247279286385,63.73476806283,1785.59851434827,1.57375520467758,944.126141220331,240.165083706379,2862.48776239157,1525.94517222047,14.9621722102165,72.5787411928177,54.8233783841133,17.7408544123173,541.217461794615,170.710825562477
0.942811846733093,8.61700958013535,28.3426084816456,0,10.6988068223,0,17.9015990495682,3.5320121049881,15.392608910799,1.73658755421638,0.36813160777092,0.412962228059769,9.79374095797539,14.3954828381538,23.0743798017502,917.878082185984,1.79007467627525,0,0.714743137359619,0,557.553444296122,190.93423306942,608.293287694454,640.893604040146,0.561501681804657,29.0596325993538,444.743022412062,580.093728244305,32.7240564227104,26.9421341121197,0,0,17.1940699517727,11.9020076990128,317.819814234972,38.9984236061573,11.1249908804893,22.1269160211086,24.6295996308327,5.40626522898674,2.31189805269241,0,9304.91938558221,1684.1412166357,10120.1298824251,6061.42953285575,186.024836301804,68.8006721436977,0,107.76996704936,37.640578776598,1666.51019346714,0.473897665739059,0,3.30526944994926,8170.79267477989,138.32794970274,7.35208258032799,45.5555702745914,195.96329537034,18.2796106934547,7.70421603322029,549.999125897884,386.469768077135,7595.44461098313,1731.19647420943,264.645989567041,922.758344903588,18.9702714681625,0,331.187376588583,24233.7279708683,910.531236469746,3.09847804903984,1501.91512835026,3674.4304651618,38667.9601514637,848.594930171967,26784.1825114042,3.81908431649208,0.416740357875824,241.564626842737,11137.2718540728,3087.16544950008
0.590174317359924,113.137140631676,55.8429111242294,1.26465195417404,0,1.47339797019958,17.4142329096794,4.19705429673195,52.1790133714676,7.85863614082336,94.4970917999744,6.56771957874298,167.354907155037,17.3456437289715,0,3765.30426156521,5.02943396568298,0.736459314823151,4.14770424365997,9.10558944940567,715.179601609707,1949.68655061722,2826.7476131022,1828.98700776696,101.497821360826,168.538310855627,5004.21952459216,823.825473666191,47.0461755394936,26.858382999897,40.085375726223,0,11.233127117157,17.2551676034927,39.3360744714737,144.642302721739,55.3151966929436,44.8158736228943,62.4323741793633,6.24394285678864,0.650255441665649,5.8561674952507,323.213423103094,105.864297777414,102.119797468185,149.173239886761,101.987393110991,5.42066103219986,6.7185246348381,7.41479283571243,3993.95015484095,52.2644616365433,1.78026640415192,71.5814859867096,5.35875701904297,21.5818420946598,16.5718857944012,7811.13449305296,1.87018972635269,325.741474360228,59.6630031466484,845.637536138296,33.8282788097858,378.212908536196,8372.90919265151,46.433930516243,1.61471575498581,16.7986139059067,2.37247279286385,331.187376588583,0,659.630470812321,19060.5460246205,1066.89806121588,76.2182349264622,22713.7208029628,529.235240727663,93.9700654447079,87.0104887187481,31.349231004715,0.54701441526413,7.06916666030884,54.7202569544315,46.1691781878471
0.710879743099213,24.8370469808578,262.319482386112,1.02785193920135,11.236996114254,1.35482808947563,19.4291422963142,0.362927347421646,21.8242316544056,0,1.34952369332314,1.47566390037537,4.38591235876083,1.74439007043839,45.3795235157013,5361.40642657876,9.09048753976822,0.370567739009857,4.46280544996262,0,546.667542546988,822.701443582773,6997.30158638954,497.04488325119,0.542120635509491,38.9700187444687,7410.84705775976,409.404753476381,7.33968442678452,19.77047047019,0,0,7.29717022180557,11.5847690999508,1052.18557354808,280.596328943968,106.83215662837,84.1930137276649,169.588812440634,2.56587421894073,4.07924568653107,0,30065.1928575337,7273.04758056998,20959.267070964,23492.1007053852,487.73671323061,212.238766074181,20.0500470101833,138.788472086191,42.9785051643848,41103.2186667621,7.79157063364983,1.13332891464233,25.9112040549517,11798.2204490155,467.175768941641,7.14205852150917,213.73389056325,263.691048622131,65.2114743888378,3.37688961625099,1409.77388352156,662.258516252041,3999.9258543849,15168.978251636,328.754812687635,1887.52744874358,63.73476806283,24233.7279708683,659.630470812321,0,1093.38185724616,2.76813423633575,5963.81439599395,40948.8434315622,11156.1004502475,851.105303496122,16043.6478236914,9.25170941650867,1.67873880267143,152.244133174419,10897.6211838573,7287.3919159174
34.3738721907139,247.671404749155,66.2464883923531,1243.89747220278,20.8480597436428,187.155992239714,2725.05399021506,806.679219305515,3264.84529653192,3414.49751126766,118.66268107295,769.0354385674,1722.4344086349,717.361103743315,169.298162549734,2150.39837515354,11.8113248348236,3.60020881891251,6.55035328865051,2447.09054601192,2271.30184966326,1396.5542742312,761.975674927235,28130.0536465645,62.0760559737682,59.0589650571346,911.964814960957,29278.3365586996,874.078923642635,508.151099175215,8.70374298095703,82.8426877260208,156.753382623196,879.52826949954,208.890704631805,3184.8180244267,236.21757158637,1002.37127760053,282.558561712503,874.789513349533,167.043765485287,100.037680476904,9067.73776242137,1131.13558068871,3455.21200482547,1654.5102135241,1836.52554813027,703.455053210258,62.6941155493259,261.77691373229,4254.25618743896,171.225668013096,9472.22793725133,765.111488044262,149.615243136883,3353.20124915242,1444.68121498823,41542.4651931524,1100.10676398873,541.249170273542,4492.43469455838,702.717118054628,1815.07389529049,4243.6689568162,6988.79601722956,199.880062937737,85.1486482322216,166.316676706076,1785.59851434827,910.531236469746,19060.5460246205,1093.38185724616,0,601.809923112392,424.988440990448,11951.0113313794,18355.6685633659,4055.27833423018,2871.06818687916,21.0661419034004,30.0219922065735,574.051154732704,1371.90604685247,2486.57712775469
0,34.4211453795433,1.69783791899681,0,0,0,1.32435321807861,1.05347883701324,4.70772218704224,0.624472856521606,895.536737322807,0,2058.81866538525,4.78149491548538,0,0,1.53474545478821,5.74302208423615,2.3890278339386,0,0,13.684961438179,2.05595302581787,6.24291265010834,3118.9659011364,1056.01481148601,2364.74788829684,0.672971785068512,1.50897693634033,0,924.366432160139,1.16440534591675,0,20.2809869647026,0,11.9419773221016,54.7740118503571,29.4171814620495,9.89300900697708,0,0,17.0414267778397,35.2283852398396,58.3747079074383,39.6919397413731,29.3055679798126,7.59342274069786,4.87666147947311,43.5782597661018,0,1822.09701919556,0,0,7.40960109233856,1.62009730935097,0.793073326349258,3.2332789003849,702.369909077883,1.29272532463074,1982.56987643242,10.0814915597439,13823.8090038896,11.1191072463989,34.3246070742607,56.0897622108459,4.87384006381035,1.9225800037384,6.62470969557762,1.57375520467758,3.09847804903984,1066.89806121588,2.76813423633575,601.809923112392,0,697.37995454669,13296.8486426771,9.67120566964149,19.5558253526688,1.93137574195862,2494.74839568138,8.41560292243958,0,171.835725903511,0
0,699.535145282745,911.310879528522,1.04344001412392,0,1.04445430636406,0.985647916793823,0,31.8240982592106,0.757585465908051,837.376888751984,13.2479501664639,1542.59411010146,3.17951107025146,3.68966203927994,17.1922661066055,147.338246583939,56.0158924758434,305.638821810484,3.29596400260925,16.7542664706707,136.703016728163,183.263606220484,28.7047452628613,682.517799139023,6972.4302585423,26303.8352086544,20.6056362092495,0,1.59103941917419,928.287514954805,0,0,86.1093570291996,362.214562237263,191.149449378252,808.365018695593,267.826082676649,211.103605866432,4.16805154085159,0.568606436252594,5.07048660516739,11865.9927451313,8640.90124082565,8377.10216931999,12333.1958731711,125.127980709076,574.986233413219,29.581163495779,94.5639274716377,536.512227326632,40882.057493031,47.9968872368336,0,519.189359247684,3954.85161319375,1033.0327218473,63.1212728321552,2541.26956367493,29072.5860765278,2548.51076698303,302.241626173258,2025.98261362314,62.8714399635792,162.28195270896,7918.92433054745,13910.1197135448,14581.6572196037,944.126141220331,1501.91512835026,76.2182349264622,5963.81439599395,424.988440990448,697.37995454669,0,34167.5417609811,1760.81410390139,2608.8905262351,2737.60791045427,1068.14739343524,311.345167011023,46.6452607214451,5610.9900174439,1477.50220769644
4.98032516241074,4619.57351097465,8101.66822063923,7.92256364226341,10.0123559236526,1.62202262878418,63.2891997098923,11.9764558672905,114.765905588865,9.54693901538849,1047.79901564121,11.715682387352,2502.14858600497,33.3122490048409,25.0248050689697,6074.10379442573,539.039557904005,79.3368211686611,464.933111965656,6.19457456469536,829.292010635138,4428.48787251115,12292.6459095478,1077.8443159461,2823.50542598963,13006.4926449358,136012.788662434,753.769007563591,17.3261809647083,103.207391738892,1646.83556887507,0.840450465679169,3.17991960048676,257.653773993254,1130.01018044353,1567.97662642598,1892.09235200286,966.909178406,974.032490670681,10.1869165599346,10.4450614452362,10.6001352965832,28597.7701031268,7461.92588868737,16981.2540478557,27760.4386497438,577.049763709307,341.362211763859,52.20458522439,55.9751909971237,30543.1857202649,9891.02374216914,12.9869601130486,104.359477996826,118.305246517062,2867.43512514234,319.0599373281,7308.78169584274,548.008167728782,1902.66666069627,496.736450970173,3137.45263195038,652.977890759706,885.583386212587,11770.3357948661,18043.7303895205,681.782353490591,6089.69155427814,240.165083706379,3674.4304651618,22713.7208029628,40948.8434315622,11951.0113313794,13296.8486426771,34167.5417609811,0,4429.42436008155,582.011297166348,1591.78109504282,882.04567450285,42.7880686223507,49.9940730631351,2837.05119977891,5316.32999864221
14.0454373061657,32.2047592699528,34.2910365462303,1169.50344213843,19.7308194935322,79.0918224155903,1642.51710253954,276.86518573761,1226.1479447186,3112.97666573524,12.1038874685764,742.079899519682,921.08495336771,204.548062860966,88.862311065197,1066.36373412609,2.09326606988907,0,1.90361493825912,2380.10520151258,958.972918510437,363.935272932053,642.70404240489,10537.3206664026,2.34517911076546,4.68884694576263,438.18550363183,12949.2863628268,331.50564840436,215.740711569786,0,39.4868444800377,55.1279813945293,340.30571860075,290.631357491016,1337.51650732756,64.8674390912056,408.035704225302,131.485811769962,554.29476416111,91.061169475317,33.3864066898823,15537.383154422,1627.02190151811,12630.5576744974,5672.69900220633,1458.69459933043,1511.75918284059,62.9944114387035,172.235344827175,69.3319009840488,1959.48062705994,5208.47223269939,177.024331778288,1009.52750366926,42380.8884791434,1811.40125271678,4093.53600251675,7574.42490357161,562.763397365808,1518.79500889778,146.181595206261,1982.39673280716,2051.30149611831,4104.94558134675,1673.01118779182,274.532844364643,805.696290612221,2862.48776239157,38667.9601514637,529.235240727663,11156.1004502475,18355.6685633659,9.67120566964149,1760.81410390139,4429.42436008155,0,7516.99448105693,28848.2671331763,12.6117047965527,59.1098481714725,1612.46405294538,6955.71371541917,5276.16430234909
3.07419049739838,2.19056412577629,9.91993790864944,26.0193794071674,0.497245728969574,0.619896173477173,68.7218026816845,26.2776483893394,31.7690551280975,23.6729589700699,20.1922709941864,38.7625007927418,145.983556360006,19.3118503987789,4.2975934445858,101.873779326677,0,0,0,34.8235098421574,184.026570409536,44.5291258394718,27.8319343626499,890.530096888542,4.30077868700027,7.40635392069817,41.8849260509014,1168.4177416563,33.0971317589283,20.7590489089489,0,0.509629130363464,8.72508060932159,31.6046937406063,20.6351355910301,117.522198945284,8.44482174515724,44.5131604075432,23.3886110186577,35.4347667396069,17.2405240237713,4.13419246673584,1097.60894584656,197.450230389833,1799.4356443584,549.259203374386,101.787162125111,881.730421662331,50.7826721072197,6488.24532857537,11.411172837019,120.27760630846,460.902284026146,1.85359844565392,950.672147065401,15167.3994947374,3178.67774993181,101.811088293791,9725.44493809342,2710.0395642221,3098.56631705165,339.013035535812,14017.824459374,88.5790312588215,197.423912346363,470.979705780745,537.968781232834,472.733037680387,1525.94517222047,848.594930171967,93.9700654447079,851.105303496122,4055.27833423018,19.5558253526688,2608.8905262351,582.011297166348,7516.99448105693,0,9342.31021821499,619.771152198315,55.0236401557922,3374.04053011537,10345.4691296518,252.434383928776
2.82245892286301,3.53772059082985,23.897416472435,0.534487187862396,6.44308024644852,1.51787570118904,30.4956043362617,17.0459794700146,16.3381643295288,1.3461606502533,0.722800672054291,0,35.9584894478321,19.7272339165211,10.3128303289413,186.772310376167,1.59076130390167,0,2.25098782777786,1.19536033272743,242.317134827375,52.9192638397217,68.2044671773911,687.120924592018,1.19240081310272,54.5730931758881,272.90327206254,1096.90298447013,32.7976906001568,20.4795653820038,0,0.638494729995728,11.583116620779,30.3303156793118,53.2847146987915,75.8402255773544,11.7594394683838,21.5597224831581,11.759443551302,16.0660775303841,6.32338654994965,0.422251224517822,3010.77921891212,411.169169634581,4356.19450046122,1774.1392685771,131.575439065695,123.032147169113,7.06247335672379,4009.39400798082,11.8911852836609,495.182500839233,3.61028605699539,0,11.658313781023,18275.506276235,1810.06071585417,74.2056417763233,46.0498058497906,164.692425966263,27.202893614769,6.05460673570633,10634.9636183083,206.02636012435,671.373718559742,4612.12121519446,310.944037556648,2735.65931004286,14.9621722102165,26784.1825114042,87.0104887187481,16043.6478236914,2871.06818687916,1.93137574195862,2737.60791045427,1591.78109504282,28848.2671331763,9342.31021821499,0,2.66147637367249,7.20442456007004,2378.7108861804,8468.33397173882,1034.42890417576
0,25.5979726016521,0,0,0,0.511768519878387,0,0.425111174583435,2.58870625495911,0,1401.53282004595,1.59616735577583,2252.15155515075,0,0,0,0,5.07191103696823,2.97054129838943,0,0,3.38599491119385,0,0.740944683551788,785.4070969522,1832.29118946195,2382.96592503786,0,0,0,1235.60202556849,0,0,40.0630948245525,13.0825765132904,0.590498268604279,108.95004093647,27.8026188910007,7.33444303274155,0,0.84121036529541,10.3368935883045,324.278303146362,322.725307524204,285.952732682228,276.383236706257,6.26070421934128,117.697286069393,14.7307232916355,1.40180772542953,43.4851059317589,1.17577302455902,1.93050646781921,0,67.2484368979931,42.9935338199139,127.28377777338,14.5172459185123,150.095193862915,9296.89813295007,251.436700224876,7266.12134259939,277.15551134944,0.984870105981827,3.25421196222305,2.84638100862503,8.86862426996231,3.24455201625824,72.5787411928177,3.81908431649208,31.349231004715,9.25170941650867,21.0661419034004,2494.74839568138,1068.14739343524,882.04567450285,12.6117047965527,619.771152198315,2.66147637367249,0,120.349807113409,0,1255.98513191938,32.6233110129833
0,0,0,0,0,7.70671355724335,2.65876960754395,21.7312827706337,0,3.00925624370575,3.30203515291214,9.81087803840637,320.841574072838,8.81050187349319,0,0.622482061386108,0,0,0,4.15708458423615,1.18790566921234,0,0,23.6757554709911,6.40333127975464,3.17745262384415,0.847485959529877,16.4309157431126,0,0,0,4.45694375038147,0,18.5322775840759,0.608716905117035,38.4462013840675,1.99381637573242,48.0172432661057,76.363142311573,7.60714402794838,43.6195998191833,13.925923705101,660.979323387146,78.7560098469257,273.632920414209,178.930303871632,232.660764843225,12495.0463045239,140.670761972666,0,1.50891208648682,1.00546741485596,15.2131640017033,120.572549939156,78.9398456811905,44.0520862936974,398.973167002201,7.33255451917648,177.877399116755,755.150426715612,99.168679267168,134.287532001734,205.047787189484,341.155875563622,0,4.27205610275269,20.0228931903839,10.9796929061413,54.8233783841133,0.416740357875824,0.54701441526413,1.67873880267143,30.0219922065735,8.41560292243958,311.345167011023,42.7880686223507,59.1098481714725,55.0236401557922,7.20442456007004,120.349807113409,0,0,4980.97961804271,11.0190821290016
0.600023925304413,0,0,3.78656524419785,1.11245977878571,0,8.8036325275898,3.6053464114666,6.1489964723587,3.77043724060059,0,0,10.0926865339279,0,0,13.7776663303375,0,0,0,0,15.8446796238422,3.80535191297531,4.03147453069687,79.8379031121731,0,0.805365204811096,4.36000126600266,101.948705285788,1.91967523097992,3.41921234130859,0,0,1.14081579446793,3.71428805589676,0.518683254718781,12.0649884641171,0,0.439035654067993,1.43732464313507,2.13665014505386,0,1.06646013259888,28.5573351383209,1.63783183693886,229.792130678892,48.4691218435764,5.93455040454865,1.57648080587387,0.981550604104996,49.0023231208324,1.97237429022789,17.627171933651,23.1770005226135,0,16.6815685629845,1101.75076285005,83.0111346542835,10.8914740681648,127.898887991905,12.0224573612213,7.62667182087898,0.670832872390747,190.304717242718,5.10776424407959,35.4743780195713,64.5596493631601,15.0638893246651,51.22277328372,17.7408544123173,241.564626842737,7.06916666030884,152.244133174419,574.051154732704,0,46.6452607214451,49.9940730631351,1612.46405294538,3374.04053011537,2378.7108861804,0,0,0,2028.78603750467,15.2910542488098
0.424110352993011,13.1561009287834,47.7467387914658,22.2900033593178,1.72539484500885,0,65.1889371871948,19.5537566244602,19.6465456783772,32.1910541653633,210.567194014788,26.9905800819397,414.812680393457,8.06896111369133,2.55646675825119,30.3827155828476,1.60084435343742,0,2.16936674714088,31.2340493202209,40.0810444056988,18.140774667263,67.0655090510845,413.786741882563,88.8917227387428,99.7288399934769,598.453916490078,577.606588512659,10.1013253927231,9.45847737789154,12.6443417668343,7.06002327799797,0.473439335823059,34.3374715149403,10.4838827252388,90.6784017086029,9.43986922502518,36.260025203228,26.7222438454628,31.0413429141045,18.9274843037128,39.2074158191681,1259.09360173345,1620.83132645488,2306.50106294453,615.019825428724,48.0786537230015,189.375347495079,469.707675337791,442.346794128418,72.7214408516884,324.44127830863,182.065205305815,187.497704148293,304.219028800726,4201.7951002717,881.678848221898,48.8801010847092,2830.86193777621,10379.9541896731,1544.4561187923,1292.37025442719,2423.74349305034,18.6751997768879,245.034283772111,7735.9698497355,4774.84144464135,7441.63144519925,541.217461794615,11137.2718540728,54.7202569544315,10897.6211838573,1371.90604685247,171.835725903511,5610.9900174439,2837.05119977891,6955.71371541917,10345.4691296518,8468.33397173882,1255.98513191938,4980.97961804271,2028.78603750467,0,87.2042653858662
0.658905625343323,11.5007946491241,500.756850898266,12.3927373886108,651.548780083656,220.281083762646,126.571849495173,64.8388838469982,154.987933009863,57.5694415569305,16.2382390499115,1215.64248034358,141.627686291933,17.3071458041668,2038.4045149684,66.2923009097576,68.9831066131592,48.4584265053272,146.680521935225,30.0708545744419,626.490480035543,36.8980534672737,1567.62434440851,287.459783196449,0.806393146514893,423.59808292985,1368.47194048762,507.10011318326,16.4559316337109,337.351500034332,3.54307752847672,5.70212861895561,16.0719459056854,24.6569361388683,300750.943228036,1742.39451116323,1745.41848248243,143.051540851593,3851.55763474107,110.774541884661,74.0277846455574,48.406353354454,11640.6093201041,5256.86811798811,412.634769201279,7142.35938975215,122.802212744951,286.103959619999,60.790048122406,56.2623081207275,14.6599236726761,431.692057400942,84.6044954955578,34.5246729254723,4564.3944092989,1927.61656731367,255.335299193859,57.0394540429115,1433.34269151092,172.229580640793,2822.42021787167,17.4437632262707,315.116368055344,2122.27701339126,1724.12500953674,226.715626478195,186.367604315281,216.406181722879,170.710825562477,3087.16544950008,46.1691781878471,7287.3919159174,2486.57712775469,0,1477.50220769644,5316.32999864221,5276.16430234909,252.434383928776,1034.42890417576,32.6233110129833,11.0190821290016,15.2910542488098,87.2042653858662,0
