"Predictor","Test_Statistic","p_value","functional_ve","semi_partial_r"
"Group",268.348795395608,0,0.0410602414183121,0.0341069437492277
"sex",96.0965969109394,3.68077124221997e-260,0.0122290593613651,0.0201103894962873
