"Predictor","Test_Statistic","p_value","functional_ve","semi_partial_r"
"Group",467.602225449329,1.30559311930364e-96,0.00381165834145226,0.0456299887563804
"age_at_5y_mri",55.5151770404773,4.19375056643921e-08,0.000563412194207131,0.0156879385597475
