"Predictor","Test_Statistic","p_value","functional_ve","semi_partial_r"
"eTIV",258.966811971415,0,0.0785131537345134,0.0399121845842245
"sex",8.92770005772455,7.83576984367227e-23,0.0183502215762763,0.00687894072425249
"sriskscore",20.4305382898981,1.45124090706267e-43,0.0148783655370399,0.00897206320086362
"age_at_5y_mri",26.5631669229462,1.74279681195543e-47,0.000671113286466009,0.00923329542233948
"Rel_Motion",399.278117610216,0,0.0907951445524752,0.0434052309947072
"globalbrainscore2",284.686259076457,0,0.0216060162632839,0.046102507928028
