"Predictor","Test_Statistic","p_value","functional_ve","semi_partial_r"
"bw_z",435.390408420796,0,0.00876539935932544,0.138658699339005
"eTIV",822.735250281493,0,0.0788290266332464,0.184809315604208
"sex",465.374304699101,2.01177533727701e-145,0.0022262567725361,0.0804172170138699
"sriskscore",185.000798086694,1.14083587984059e-259,0.0408753536084642,0.10931441555464
"age_at_5y_mri",9.76961086570685,1.06961730666246e-08,0.00198944266364654,0.0201155899622289
"Rel_Motion",467.255010704431,0,0.093494700028691,0.191784450409732
