0,0.000102663399636125,0.012498150267114,6.83595269865483e-05,0,0.000672800177097184,0.486730373153195,0.106554147265871,0.00238614446914749,0.00249501762965134,0.00112480131945313,0.000405148640190584,0,0.934787753936007,0.000304761779895109,5.38147903118551e-05,0.0226935780329554,0.0021342807835383,0.0191491853620087,0.000333065306130814,0.0120196977212366,0.000133905035820439,0.0250763784122218,0.0070570843392223,0,0.0129942797552939,0.0268246108893339,0.0102760236258147,0.66749142264748,0.64847424059658,0,0.000191578641190791,0.000412236772371223,0.00719816840139691,0.000187835286361242,0.00329961659439296,0.000290994830968666,0.00417218930900885,0.000851286964841038,0.000231682176900068,0.000105804239145726,0.000180967373717534,0.000317161913589483,2.53451139341354e-05,6.89428116659314e-05,5.21097491289496e-05,0.000121503918372786,4.33610390988946e-05,0,3.39871226114959e-05,0.000103709844618046,0,3.53492551779568e-05,0,0,0.000104072645883146,0,0.000174910631621578,3.5145972400415e-05,0,0,0.000100776426593899,0,0,0,0,0,0,5.14432366074622e-05,0.000108303495599282,0,0,0.000477418454521891,0,0,0.000629625965476867,0.000808901994171852,0,4.24933224126756e-05,0,0,0,0,0.000197821983923394
0.000102663399636125,0,0.00125557305015672,5.46034873052895e-05,0,9.69838146589991e-05,0.00428558504258351,0.000418353229448563,0.296269364956424,0.000362868736686292,0.00370564228419498,0.000797797225130225,0.0491992593105346,0.00194040208088727,0.00427262972251811,0.00451756302830775,0.00193001224354617,0.00337408810643017,0.00610441290956076,0.000268422135154417,0.00168094727351804,0.373667445238611,0.000415465117313656,0.487756211617214,0.403687931821207,0.0198104024831083,0.547663357039503,0.0154430556500538,0.0057059989424698,0.00185099313175473,0.0060791310660081,0.000275484680490953,0.000175959553347048,0.0116101302951035,0.0011842516040775,0.0183287924281816,0.0222919249667627,0.00903996997906033,0.00422185909075832,0.000620967476038695,0.000316617254535898,0.0227054501573312,0.00616952395822601,0.00467407431171603,0.00432209417528323,0.00338325869153104,0.000124824946762368,6.02764012778282e-05,0.00109144978478946,0,0.187518940113374,0.00293797429944733,0.00523828133458379,0,6.87605163965762e-05,0.000401433353578115,0,0.000604042169850147,8.42855088178756e-05,0.000387529776366878,0.000368596474650383,0.00216874391542751,0.000155504218648792,0,0.000777978408894658,0.00303738651949139,0.00086029479317003,0.00819008058505087,9.06157320106388e-05,0,0.00538059995851438,0.000400442695508603,0.00446165036213896,0.000977041542248924,0.0687224318235079,0.581004074703954,0.0010422062714372,9.78724100618663e-05,0,0.00149714313958675,0,0,0.000378999107728261,0.000969358230075724
0.012498150267114,0.00125557305015672,0,0.0004531711999881,0.000426175498508435,0.00394919980986678,0.102286381620009,0.0836581278144161,0.00308737233140302,0.0153662487193062,0.000833729359912687,0.00762286280031884,0,0.143351601258368,0.00210371862690104,0.00640732970300359,2.09761496960195,0.00703754834163819,0.090710950351572,0.00362965000995377,0.16301989776334,0.00214495440476643,3.77138204053253,0.00669112608254157,0.00110101362815694,2.8435575748266,3.78175985079539,0.104811762796927,0.108014915310878,0.287269498522332,4.16000281412065e-05,0.00103224844529776,0.00213399250216274,0.365445685976301,0.0686452099525713,1.00145791468616,0.199388412621232,0.414022332604961,0.195330600107065,0.00885127780887249,0.00727668855352532,0.00130185986178075,0.073728173620534,0.0183427009773976,0.0280447725643439,0.0277746523228885,0.00315164340059509,0.000276363563355565,0.000262654098026598,0.000689029560013276,0.0319135180219385,0.234224333892026,8.06265114106653e-05,0.00116699191436269,8.77343857835773e-05,0.00392144739842089,0.000383457521567574,0.00139677084809866,0,0.000133789700586027,0.000174133709576213,0.000708581225893721,0.00165748478327928,0.00100074698482686,0.0122438078218401,0.0557728977620426,0.000198800427249253,0.0166765010914151,0,0.00288994076559266,0.0171651154799736,0.0253803592193227,0.00427846961761485,0.00023031715094161,0.189533511816721,1.42647179034407,0.00568204215208648,0.00247893110854377,0.00569803439027981,0,0,0.000395942871443033,0.00460417491225002,0.0760723819280905
6.83595269865483e-05,5.46034873052895e-05,0.0004531711999881,0,0.00449381508295874,0.0390163110036224,0.00454373411075366,0.0346200468563571,0.302346241891834,0.780995161818733,0.00274990277573107,0.354756195039331,0.000341525915332982,0.0248981148832339,0.0523993791214516,0.000216966716209292,2.99831726957351e-05,0.00299681615234381,0.00086470790574953,1.34914082510393,9.46151034229041e-05,0,0.000984501838711166,0.322471646290392,0.00308205162656616,0.00798370478535288,0.00627908591962859,0.678922670922122,0.0195568018109539,0.000693981190711189,0.000595553087356019,0.00426009915471253,0.000130014884169263,0.0174471396939491,0.0044676152610288,0.0581821315965411,0.00427983355565791,0.0207173478682914,0.00163927752157385,0.0318061598993519,0.0151146538506459,0.00102554502314641,0.00875837172331047,4.47546309378564e-05,0.0015958371595547,0.000416321174787485,0.0510871579558043,0.00198760840322898,0.000143116973279727,0.000115970942725486,0.00141090254264962,0,0.113342789605067,0.000801031977199893,0.010347799822842,0.00280369594430321,0.00302954735765169,0.0506667107322735,0.0351806015366192,0.000450802648467243,0.0366781340851039,0.000983438484746414,0.00108597767685091,0.0125386958321054,0,0,0,0,0.0422669968695969,0,0.00564381028684783,0,0.0919115130734179,0,0,0.00262659317705759,0.0570116396801335,0.00112433711058533,0,0,0.00029469476177113,0,0.00103747214048775,0.00169381798385732
0,0,0.000426175498508435,0.00449381508295874,0,0.124879724017538,0.00297511809420944,0.00685420502551928,0.0295957161013533,0.00455564875873285,0.000752026988139704,0.0397915812670497,0,0.00198384932223525,0.289415316838396,0.00121154054041982,0.000238555151822412,9.61605705651251e-05,0,0.00528391922782438,0.00762101938324237,4.79134511426806e-05,0.0132496206152425,0.0105623560981585,0.00212920917660521,0.000407375112276125,0.00292922821661721,0.00739661172157651,0.00297601355968226,0.00253503418536777,0,0.099100275670833,0,0.0637327225869859,0.0191759023812301,0.0178953865537126,0.00136164103239915,0.00484291984049613,0.00181959511351978,0.891997380336824,0.416155451573562,0.000698626381105381,0.00288573448424664,0.000945224259940099,0.000454013461768889,0.00124018613503093,0.00337375497747868,8.50438460277673e-05,0,0.000210157634326375,5.2257969499439e-05,0.00023976096020608,0.000941766925010915,0.000106127812959492,0.000546044002283323,0.00140965550690208,0.000324190689569348,0.000994253083606198,0.00166334229334649,0,0.00240883664353349,0.000443026377395976,0,0.000580135196732867,0.000619114612616038,0,0,0.000266641627364099,0.000829791358502025,0.000536686976261044,0,0.00128770768664388,0.00227468292414301,0,0.000269329479737422,0.00148040010783514,0.0030700415846102,0.000763335176526976,0.000466693907279896,0,0,0,0.000272677020856548,0.105164452362986
0.000672800177097184,9.69838146589991e-05,0.00394919980986678,0.0390163110036224,0.124879724017538,0,0.652161776762795,1.33271047398385,0.0582376836627374,2.15003716737837,0.00669674362856486,1.37331226388007,0.00087710783343439,0.111173377454971,0.285493831529595,0.00032715493957861,0.00103611246614713,0.00600301597769284,0.00222806902265526,0.0776433462771323,0.0042008888734822,9.83069049512148e-05,0.00722755813476471,0.0193098074656595,0.00928799048318664,0.0127098197682,0.0148528472965765,0.327393684870267,0.0185023174687718,0.0222477661593078,0.00116601820462614,0.0948006677136636,0.000305256154110506,0.0136383641487196,0.576903159456522,0.079067455702921,0.00777764651806622,0.0106385156521218,0.00300123052412751,0.141726695932403,0.11404139067015,0.00370713736465162,0.00509824941390126,0.000678377048973143,0.00105128184448905,0.00176807625521909,0.0104778656608016,0.000325039990394187,0,0,0.00013314628890624,0,0.00579434772731293,0.000443300444115323,0.00160841259345393,0.000799883305206665,0.00049366626950236,0.00326578818243397,0.00338928142354012,0.000173958277432674,0.00548231236269848,0.000276314935852313,0.000609036275542569,0.0024495935233586,0.000351951392319352,0,0,0.000121750194640684,0.00318592109383387,0.000207733397740507,0.000126502662751258,0.000526672488247442,0.00586992885749557,0,0.000263363437379062,0.000747735668845553,0.0102432269673504,0.000240535866135901,9.13997856885967e-05,0,0,0,0.00016964010514608,0.0430482964619669
0.486730373153195,0.00428558504258351,0.102286381620009,0.00454373411075366,0.00297511809420944,0.652161776762795,0,1.53891936347584,0.15159491017558,1.51613172005963,0.012049324407206,0.0327092290304242,0.00172348272140347,3.43145306597751,0.0193532118871207,0.00148161923045141,0.00461228416413111,0.00936498331321266,0.00612344760267696,0.00779340657428272,0.144675214877237,0.0057665572272548,0.185779897241364,1.43564486063024,0.0121085880796201,0.029502420424031,0.0528685254758894,6.92067828852287,0.385312718315282,1.10707013399818,0.00188642085340892,0.0106595893995931,0.00781374775425048,0.120359829915237,0.0301162306713735,0.247771250365948,0.019877061179376,0.149527692723393,0.0139077037159788,0.010288918605926,0.0402902025953408,0.00493776333439497,0.0621653645964494,0.00105754937134932,0.00823769800052745,0.00473325435121321,0.0226254990816629,0.0020554045381848,7.06282958336532e-05,0.000410343669967392,0.000239486812471757,0.000474985521557039,0.00655350803547212,0.000371252400179059,0.00154281059634942,0.0284252213771981,0.00226972467336421,0.0332251615762695,0.0059198283606813,0.000397341886655954,0.00570915587155362,0.00384849664395824,0.00130488127595701,0.00365180667766374,0.00123312872604387,7.14962717677951e-05,0,0,0.00422850997816986,0.000269932749654004,0.00201547457821876,0.000516013822383854,0.0682944639010635,6.34201712148428e-05,4.22096450024724e-05,0.00286632210857163,0.101550487051433,0.00442196486833478,0.00185497950605015,0,0,0.000517250478955633,0.00209122583753608,0.0164935668615743
0.106554147265871,0.000418353229448563,0.0836581278144161,0.0346200468563571,0.00685420502551928,1.33271047398385,1.53891936347584,0,0.0387547135561501,0.642899207384433,0.0173774020073191,0.400688784039339,0.0016691027706197,1.63789149676048,0.0422558205342402,0.000596423320135918,0.0671118672361931,0.01896427667684,0.0597946033365712,0.0821794486382729,0.0835061169059751,0.000434741290611178,0.145242402704946,0.0477109980036289,0.0257894349239022,0.0718791824151281,0.125727440298239,0.227238486860201,0.245049342210978,1.05812930187213,0.00198821428645721,0.0223162307303121,0.00129689366690489,0.0360464381615308,0.00524099439418819,0.206324852194328,0.0161450270029462,0.0267922701484334,0.00615263269221562,0.0820699259135806,0.0550145378702718,0.00606591009089256,0.00418537340379264,0.000323373945191255,0.000336969839097571,3.04252135514111e-05,0.00418617575759629,8.12930262468663e-05,0.000131940313863194,0,0.000314856435699439,0.000119982487216559,0.00204258452701744,5.04849914724529e-05,0.000844583609816392,0.00157770569314601,5.1941705551213e-05,0.00360910030901158,0.000763802450075575,3.48190376225054e-05,0.00190633450808999,0.000751053509874511,0,0.00139770338370974,0.000369084911625403,0,0,3.99681226491213e-05,0.00124871458617392,0.000116360691886285,0.000264445498859105,6.35397724664151e-05,0.00687558271108879,0,0.00033314945522893,0.00175772904564359,0.0056879885610441,0.000195909359225082,0.000139092727955145,0,0,4.79749993772328e-05,0.000327359476930922,0.00184809220536535
0.00238614446914749,0.296269364956424,0.00308737233140302,0.302346241891834,0.0295957161013533,0.0582376836627374,0.15159491017558,0.0387547135561501,0,0.254989004621544,0.00589403443535421,0.354374309701331,0.0118249198287386,0.0482337124323151,0.265245137228262,0.0366101667886511,0.0034353011149003,0.00560316934639738,0.00423669869185404,0.180620880635146,0.0318492750209635,0.392517906862249,0.0201092404757418,3.0202833746187,0.106877688340328,0.0191926726479019,0.548100124229952,0.654625278923329,0.1331928182605,0.0999889588175473,0.00238959696863996,0.0142512886593305,0.013425439359932,0.0811962017979243,0.0480704624597791,0.414567560260997,0.0391634595205188,0.117327627490815,0.0210034413834915,0.385164147607103,0.0436405289885055,0.00863877280265466,0.165463896718838,0.00582640406166852,0.0305553869980912,0.0135423063005145,0.0979465839063638,0.00662116682458194,0.000292552665625638,0.00968788727895512,0.00377006311998622,0.00138052795882872,0.154643079955023,0.00305428195661568,0.0221311966293313,0.0765219923439694,0.0182010825497008,0.443963337096011,0.0995802601057423,0.0040608713271711,0.0596279575148433,0.0098490879082342,0.0207497020738809,0.0366267009313889,0.0676864985786904,0.00131710216980398,0.00250215718782397,0.00322285084240021,0.0560333179531236,0.0161283524381081,0.117839263277789,0.0132969761602257,0.335158569052884,0.000353984928397131,0.00993296316878767,0.0240710113134505,0.373141302588306,0.0539163019910202,0.0403110061555527,0.000523678123814279,0.00172321873294712,0.00240892794509661,0.0146055338703275,0.0517581477051232
0.00249501762965134,0.000362868736686292,0.0153662487193062,0.780995161818733,0.00455564875873285,2.15003716737837,1.51613172005963,0.642899207384433,0.254989004621544,0,0.0443756233582764,0.57849900429861,0.00603205929102366,0.807434838804298,0.052528381788309,0.00274694790725602,0.00248307036041342,0.0372126101163782,0.0159530470506002,0.838271755704644,0.00457472089234148,9.43043994167389e-05,0.0283719827815979,0.160013653523267,0.0345559242436363,0.0834914219918398,0.105037218829416,0.687388038029663,0.332661085850492,0.0147159033774363,0.00616959121917372,0.0442841749636022,0.000447284795351055,0.175565679459207,1.21629728436193,0.934536019087352,0.0942449746309995,0.234267675607896,0.0192465239319883,0.0388930690038449,0.146318649749426,0.0224471708541152,0.0262800652682888,0.000878158081490751,0.00281559128294158,0.00304634526431856,0.0582707910853904,0.00195269770294802,0.00029319440145278,0,4.12132302402437e-05,0,0.0919117172820805,0.000872551720163563,0.0155405647635018,0.00704136720474,0.00232981792524337,0.0626199142755114,0.0613715595879517,0.000249853236484832,0.046129954131223,0.00185580082430231,0.000695605036370528,0.0181355080213026,0.000292080832091251,0,0,0,0.0353906329241513,0.000178171868644228,0.00037829000910601,0.00014285510047161,0.0850208256084755,3.78191402306765e-05,0.000124661872874725,0.000629092018917811,0.110655576608878,0.000956950761053958,0.00012206651645675,0,0.000160774127095759,0,0.00125870592473684,0.0641629035631211
0.00112480131945313,0.00370564228419498,0.000833729359912687,0.00274990277573107,0.000752026988139704,0.00669674362856486,0.012049324407206,0.0173774020073191,0.00589403443535421,0.0443756233582764,0,0.036666882442855,0.707170189789782,0.0494891674390225,0.00267547619922892,0.000362521696306077,0.028213871132985,0.95327684353066,0.157693973057512,0.013469388801542,0.0041282238981897,0.00370503572969981,0.00440323673820212,0.00307601651546877,0.187480789996875,1.06190862018926,0.113339108796113,0.00969152430278616,0.104886425934844,0.00642824688787648,0.205573725599686,0.0473644667782324,0.00290154102454164,0.689098398410526,0.00413910708201337,0.0596587856042964,0.131609409538957,0.115263365321437,0.0356180922324677,0.00422158145938004,0.00362029214369045,0.180349769559703,0.00278767977197128,0.0368585522050613,0.00533267922759744,0.00195626936389649,0.000179391100052047,0.000717881534488726,0.0865776703480866,5.38161698811591e-05,0.0296072766884259,4.11703339678585e-05,0.000296273447368186,0.000181368420995402,4.86481643855989e-05,0,0.000124428207166505,0.00551301241376887,0.00012750097789335,0.0575702714653131,0.00021169953912437,0.541323108136995,0.000548098463372022,0.000163934326869887,0.00238227963583364,5.68258114240647e-05,0.00349047170472221,0.000753319001087162,0,0,0.0261106029794413,5.40751446678519e-05,0.010660514954028,0.117165211155437,0.0487512472460595,0.130366995716616,0.000809482832198962,0.0101828939852134,0,0.0908174584604019,0.000356326927838314,0,0.0201594893062448,0.00251863303449977
0.000405148640190584,0.000797797225130225,0.00762286280031884,0.354756195039331,0.0397915812670497,1.37331226388007,0.0327092290304242,0.400688784039339,0.354374309701331,0.57849900429861,0.036666882442855,0,0.00432731461135647,0.205925543340442,0.308317881135083,0.000484655751476169,0.00152190170278062,0.0292960408675528,0.013068413043695,1.27547370300125,0.00153988559693862,0.000111502744591797,0.00717776675416583,0.0525504017316735,0.0305479650309714,0.0741775548959696,0.0975581261057631,0.105663154581258,0.11010519501849,0.00634291660761462,0.00585252072751248,0.0391020529302358,0.000240116430773217,0.087119485782961,0.899644541030662,0.254268239298806,0.0393637608520441,0.0759268401302877,0.00899851761112886,0.176005044948075,0.0893864975633802,0.0121609125485265,0.0121700276013335,0.000196075055683231,0.00265520242835052,0.00128004757715978,0.0588710910392501,0.00207737771854792,0.000557941477402335,3.44853832310229e-05,0.000128101514133173,0,0.0729418418315445,0.0010179944574833,0.0144395578503291,0.00400312082932976,0.00328410905491218,0.0106860562075335,0.025209610370993,0.000991717050983014,0.0992778746247141,0.00192056284656307,0.00245166059732169,0.014875396819793,0.000247873117052737,0,0.000602277837278446,0.000473120760506493,0.0274354117428078,0.0001362114696872,0,0.000120477296598112,0.0172561943861751,0,0.000538270860704839,0.000723023564268297,0.0357768656021449,0.0015434512674083,0.000152428151769784,0.000117515944610274,0.00053225154058361,0,0.00123985929515628,0.202358535035744
0,0.0491992593105346,0,0.000341525915332982,0,0.00087710783343439,0.00172348272140347,0.0016691027706197,0.0118249198287386,0.00603205929102366,0.707170189789782,0.00432731461135647,0,0.00493030384113835,0.00060537202836492,7.83304451461074e-05,0.000137040627874315,0.00339661136690612,0.00252571967137542,0.00176212937637461,0.000155020985149938,0.0498480668562231,8.51954921743809e-05,0.0216551484505383,0.884857940823355,0.0455588937969248,0.178068865826564,0.00154691278965438,0.00698979433722694,0.000634246647683492,0.521988755476126,0.00467212365858803,0.000181342702212623,0.194268631357207,0.000657151898400265,0.00674657131776123,0.0649384404260016,0.0430790595658357,0.00189943629353058,0.000675900592448521,0.000511797099364803,0.0440463641009929,0.00608023586723452,0.0379604322374619,0.00855859680163672,0.0036831715862354,0.000252831782165271,0.000769772714471537,0.0750825822261363,0,0.0440347013586651,0,0.000168610460355449,0,0.000225329341270173,0,0.000265650101276988,0.00473640743787245,0,0.0630541858968454,5.24183884105861e-05,0.573138163807075,0.000614440962818167,0,0.00123352856504124,8.17242134104851e-05,0.0050551933221158,0.0023382781548325,0,3.97803299349725e-05,0.0216747502994096,0,0.00945696438829752,0.140486825410886,0.0646816906693277,0.242577128695263,0.000154697314118201,0.00999677554507444,0,0.0922307096758124,0.000175940000961292,0,0.0178035496436199,0.000361952704983157
0.934787753936007,0.00194040208088727,0.143351601258368,0.0248981148832339,0.00198384932223525,0.111173377454971,3.43145306597751,1.63789149676048,0.0482337124323151,0.807434838804298,0.0494891674390225,0.205925543340442,0.00493030384113835,0,0.0156289109882717,0.00067578650715945,0.137649714474046,0.0661653141848212,0.152454579591003,0.0680352787994932,0.118366717449448,0.00193364864124716,0.227960381777064,0.128679541820211,0.0169796343221528,0.199573272169661,0.417382009158707,0.364040760345905,2.2155854460055,1.86189058213164,0.00581645733226606,0.0089955270057906,0.00695903851081772,0.113100183653526,0.00420156038347034,0.159552121968951,0.0252284608615158,0.0688407461267261,0.00773680091989833,0.0373237157625935,0.0220694191247121,0.00745254578495779,0.00795164578676198,0.000624145399574837,0.00147533037582006,0.000669453638249045,0.00507635031594681,0.000108456979628491,0.000321380178207791,0.00013686444576357,0.00158451250892432,0.000864984259405914,0.0016982754232022,0,0.000416621680165541,0.00352045937259176,9.77910895437656e-05,0.00695484884217119,0.00114192514242392,8.81414420579437e-05,0.00103406659264588,0.000823921821182966,0.000162203909481814,0.0014834480277968,0.000764248173640585,3.94462704686105e-05,0.000207478811650795,0.000225017188253295,0.000874303175983527,0.000299228679253274,0.000390292433339524,0.000105195650017297,0.00993301980982941,0.000216543063438433,0.00295185443555397,0.0109851641420666,0.0119042937537185,0.000588859771244242,0.000484147537588173,0.000113276477215416,0,0,0.000373392306605488,0.00102660098623065
0.000304761779895109,0.00427262972251811,0.00210371862690104,0.0523993791214516,0.289415316838396,0.285493831529595,0.0193532118871207,0.0422558205342402,0.265245137228262,0.052528381788309,0.00267547619922892,0.308317881135083,0.00060537202836492,0.0156289109882717,0,0.00351334916498754,0.000397569568829524,0.00148055533021426,0.000659028881138605,0.0549311238534381,0.0124517973380107,0.00427050994252641,0.0269093451354739,0.209310897912548,0.0457186346497591,0.0046302537903945,0.0239715670242069,0.0896563528696619,0.00929808000727089,0.0146130103489524,0.000352965651208701,0.0545645789325961,0.000789723478641003,0.0115969730440533,0.0985436682670385,0.135733066456296,0.0274974772903871,0.086402507449718,0.0633523259940704,0.800567156340338,0.0843832324612944,0.0170471943354893,0.013477580265106,0.00998942446142915,0.00270888772432488,0.0183877965957397,0.026281349161221,0.00066564031657159,0.000487352297913763,0.000114325074880981,0,0.00382213598183928,0.0160168600842656,4.57978584678769e-05,0.00626419335094162,0.00714339300494218,0.00210947115776247,0.00950132746228331,0.0115123603203772,0.000298114315944982,0.0137015145562676,0.00129422957275192,0.0014092799770269,0.00665282333614315,0.00481787017429085,0.00051301519193353,0.000106526712183141,0.000358441650180805,0.00805640520585475,0.00464825311674805,0.000806503372206649,0.0161044483884741,0.0172769432126692,0,0.00356489402678078,0.0166471530020596,0.0308021155679702,0.00153161176197662,0.00171396268167611,0,0.000158165273582798,0,0.000866787120385441,0.25868630839305
5.38147903118551e-05,0.00451756302830775,0.00640732970300359,0.000216966716209292,0.00121154054041982,0.00032715493957861,0.00148161923045141,0.000596423320135918,0.0366101667886511,0.00274694790725602,0.000362521696306077,0.000484655751476169,7.83304451461074e-05,0.00067578650715945,0.00351334916498754,0,0.00281285504379521,0.000410936576911199,0.00117980479621217,0.000567589791613126,0.997286789048233,0.583913738607095,0.452060737349517,0.226572128603958,0.0198377267697567,0.00162482520909839,1.23940719624505,0.125025081934492,0.00123399653763334,0.0123549509502127,0,0,0.000153348118486034,0.011261756088954,0.0256352146074444,0.486298452878116,0.0576388174609977,0.104890900713709,0.0601789854496529,0.00456746025150058,0.00310163696690002,0.0017419667487843,0.0881033745443139,0.00459941407182037,0.0258076473682514,0.0105309630588724,0.0654515077568589,0.0016655473797931,5.29232135578752e-05,0.00348670945257086,0.00255863085260963,0.00797609257192258,0.000381248032535696,0.000615707419012797,0.000817768879589904,0.00669390241947157,0.00486955301616162,0.0134259540388151,0.00258453614343731,0.000721771091258508,0.00350768626909545,0.00182323345210813,0.00585364152572457,0.0035036180071771,1.17141350897639,0.00215121173068388,0,0.00104658115189222,0.00141184364270102,0.0457833599953829,0.348799556369306,0.239444614837802,0.041919193499597,0,0.000336609794656366,0.326405125762212,0.0542113875551468,0.0170263997957163,0.0245478772539382,0,4.63180672017336e-05,0.00107500464278953,0.00950256242448469,0.0384516382349171
0.0226935780329554,0.00193001224354617,2.09761496960195,2.99831726957351e-05,0.000238555151822412,0.00103611246614713,0.00461228416413111,0.0671118672361931,0.0034353011149003,0.00248307036041342,0.028213871132985,0.00152190170278062,0.000137040627874315,0.137649714474046,0.000397569568829524,0.00281285504379521,0,0.0400229643852677,0.462375392688826,0.00104157409306251,0.0783916242694857,0.0021427697086319,0.932900300025919,0.00874716750722848,0.00123203216288314,1.52945270483437,2.83955935028317,0.0252700810369242,0.180822910703577,0.139248892434274,0,0.00162443463589955,0.016389983988256,0.303306301373432,0.00344710359880271,0.0527278074613657,0.00967034989073539,0.0448854412826123,0.0123398791324195,0.00111546728316629,0.0010776847570753,0.000144764910478186,0.00355324494357789,0.000685526847438729,0.00137584681398822,0.000734412209785497,0.00118630663227104,0,0.000139943482420123,3.51458960148662e-05,0.00391926535263342,0.00464402939172037,0,9.17646910283562e-05,0,0.000270550655504662,0.000152209001630533,0.000802934542152915,0,0,0,0,3.23290816881836e-05,0,0.000871200445918586,0.00142000079063587,0,0.00150514846314204,0,0.000488920375178403,0.00158653407330337,0.000438270777477905,0.00152856177266099,8.0946173358452e-05,0.0122618479890004,0.064136516344293,0.00155082030165754,8.59723332047704e-05,0.000533779311740381,0,0,0,0.000318929246030006,0.00182258262177127
0.0021342807835383,0.00337408810643017,0.00703754834163819,0.00299681615234381,9.61605705651251e-05,0.00600301597769284,0.00936498331321266,0.01896427667684,0.00560316934639738,0.0372126101163782,0.95327684353066,0.0292960408675528,0.00339661136690612,0.0661653141848212,0.00148055533021426,0.000410936576911199,0.0400229643852677,0,0.202797975565312,0.00880889428952871,0.00946145002316879,0.00125608480092709,0.012740774236386,0.00306779930303078,0.0175386151314221,0.771931592658649,0.37781396663993,0.0074609328256177,0.192359054537193,0.0110725583644841,0.0110907814657747,0.0377117634769602,0.00308638023821108,0.492327492375263,0.0170350618521282,0.201979843046531,0.210735965717725,0.195337213327142,0.118819729033731,0.00370247979979854,0.0020706513020317,0.00211163421363958,0.00432654577229099,0.00658521357266732,0.00408904349109544,0.00346024894065145,0.000273505669806671,4.71832701089859e-05,0.000924083904270428,0,0.0100562271814916,0,0.000245226494358009,6.08045679970324e-05,0,0,9.06429252659798e-05,0.00138512743594408,0,0.00156645713641043,0,0.00961816569578765,0,7.94883852525828e-05,6.68207817726135e-05,0.000345551871230912,0.00387291790940143,0.00484271571053342,0,0,0.000659311475262844,7.46089689894795e-05,0.000522198433888352,0.009319562366504,0.0331445590036268,0.114527890993745,0,0,0,0.00605104389373761,0,0,0.000467768547788146,0.00985893556095055
0.0191491853620087,0.00610441290956076,0.090710950351572,0.00086470790574953,0,0.00222806902265526,0.00612344760267696,0.0597946033365712,0.00423669869185404,0.0159530470506002,0.157693973057512,0.013068413043695,0.00252571967137542,0.152454579591003,0.000659028881138605,0.00117980479621217,0.462375392688826,0.202797975565312,0,0.00459561924238984,0.0429347876800949,0.00244463867983821,0.0727992651124185,0.00518374896453906,0.00539427470313939,1.92417120431427,1.25606226484542,0.0129254897772226,0.309338967350889,0.0625850895413787,0.00355842225653683,0.0145997287885232,0.015770877715553,0.784588259063632,0.00780187964590291,0.113752084448212,0.087181659115179,0.105415919302055,0.0423220424949758,0.0018601745612888,0.00152788248754988,0.000828917436068652,0.00211418498172953,0.00370555089235802,0.00139990671791817,0.001278296491694,0.000358857861147448,9.72681077830195e-05,0.000301542453076851,0,0.00854665100224193,0.000639519593034699,5.76813017930627e-05,0.000111168615684026,0,5.99220834380627e-05,6.55515548658073e-05,0.000850780493932384,0,0.000498186747757358,9.11971602897168e-05,0.00407874070318859,0,0,0.000835077076442864,0.000634029078493628,0.00224427449689461,0.00415213639884305,0,9.84722542023239e-05,0.000499872974948144,3.62071250725329e-05,0.000372577751946458,0.00426110157847125,0.0317937771468419,0.113840521280131,0.000144533957614303,0,0.000215384827048618,0.00331383126911167,0,0,0.00028614328154256,0.0053762158585551
0.000333065306130814,0.000268422135154417,0.00362965000995377,1.34914082510393,0.00528391922782438,0.0776433462771323,0.00779340657428272,0.0821794486382729,0.180620880635146,0.838271755704644,0.013469388801542,1.27547370300125,0.00176212937637461,0.0680352787994932,0.0549311238534381,0.000567589791613126,0.00104157409306251,0.00880889428952871,0.00459561924238984,0,0.000733799565278846,0.000108847328300113,0.0053732630409163,0.10549867595643,0.0114966711615234,0.0225510584108696,0.0334631191685737,0.112734904114851,0.0446512237003764,0.0029325897779566,0.00250270390465795,0.0097889230067104,0,0.0224709415878195,0.00479033523250212,0.135182803647751,0.0221996055453619,0.0268725052163128,0.00388410726733675,0.034853067659907,0.0246706406473294,0.00614346363251101,0.00691625468258973,0.000169878821559369,0.00122051471975724,0.00062849562833004,0.0396790121663096,0.000695966471954605,7.77332675557139e-05,0,3.14040411197275e-05,0,0.0671056426449554,0.000605784329780298,0.00813179194870414,0.00234573797909317,0.00126971590857137,0.0166955811968973,0.0210637192337801,0.000337444429455853,0.0237065081262445,0.000697926402454704,0.00121299324309991,0.0106088596572489,0.00023176295114576,0,0,0,0.0150220999348694,6.33009588351548e-05,0.000222049838842526,0,0.0203069775328233,0,0,0.000209430740185988,0.0360778419086818,0.000873963070485247,0.000162316305029958,0,0.000317640550067133,0,0.000577321539675531,0.00222607625794278
0.0120196977212366,0.00168094727351804,0.16301989776334,9.46151034229041e-05,0.00762101938324237,0.0042008888734822,0.144675214877237,0.0835061169059751,0.0318492750209635,0.00457472089234148,0.0041282238981897,0.00153988559693862,0.000155020985149938,0.118366717449448,0.0124517973380107,0.997286789048233,0.0783916242694857,0.00946145002316879,0.0429347876800949,0.000733799565278846,0,0.0353784049681131,4.54771656621581,0.0705054838706266,0.0202465131050453,0.040054403716511,0.460027348310587,0.941399759279258,0.117783373508768,1.7291475669603,0,0.000905389888386774,0.054148741301479,1.15271386688736,0.0894778383285013,1.02799491959865,0.053971121288333,1.09846723721355,0.277141893887951,0.0146845240782902,0.00887475965937576,0.00274585900579729,0.0793326498935789,0.00774861476441507,0.0208681633938186,0.0198597398187469,0.0456487296301684,0.00181461535442224,0,0.00505093594346714,0.000409012385589042,0.00161123521539703,0.000317454278119818,0.00138133877291058,0.00122777392084629,0.0110855748508563,0.00521750104187304,0.0158928423660937,0.000443181815043461,0.000345234778615218,0.00166913599833339,0.00256911864631547,0.0104882552446816,0.00276250956242598,0.154568202659804,0.000987016684760802,0,0.000316933731437776,0.000667328703390163,0.0373967681260389,0.0635421364533208,0.0301550860255519,0.0360515923134654,0,0.000369243819028571,0.0226082349430686,0.052610521171065,0.0321054561497245,0.0373049717558403,0,0.000138251084202886,0.00199982759113203,0.00965109247819155,0.132360881088422
0.000133905035820439,0.373667445238611,0.00214495440476643,0,4.79134511426806e-05,9.83069049512148e-05,0.0057665572272548,0.000434741290611178,0.392517906862249,9.43043994167389e-05,0.00370503572969981,0.000111502744591797,0.0498480668562231,0.00193364864124716,0.00427050994252641,0.583913738607095,0.0021427697086319,0.00125608480092709,0.00244463867983821,0.000108847328300113,0.0353784049681131,0,0.0714504706201192,1.41691437353815,0.224275936409723,0.0142678796537488,1.20773823015437,0.0593245737603383,0.00621279623500259,0.00585061522981733,0.00617228226816652,3.87961947283775e-05,0.000275260113921884,0.0112973149229305,0.000832408547298649,0.0201901710595042,0.00723466448837079,0.0101796349703158,0.00350406181647396,0.00102721689216875,0.000143878636733058,0.0142962582993849,0.0166913892783491,0.00114528024802708,0.00422291271829654,0.0028393886497406,0.00764108061480356,0.000321005338117272,0.00036114369869262,0.000711470337984902,0.00321414361898196,0.00335824272987044,0.00328981526141039,6.00449252886713e-05,7.13320891323388e-05,0.00143563520651305,0.000126255553186465,0.0049666162417,0.000786067550544023,0.000141575839281359,0.000657693358519659,0.00145926830040278,0.00076187315712465,0.00047841144582271,0.249692385511559,0.00078805040596759,0.000687189617321921,0.000906030939058685,0,0.00994227242838015,0.179120063223357,0.033170629252519,0.0204953924674489,0.000661490708673293,0.00549817247472497,0.116083500048963,0.0129210737041244,0.00245460388528461,0.00504176136780002,0.000429795321702724,0,0.000130410352987361,0.0021447419973879,0.00352817032707474
0.0250763784122218,0.000415465117313656,3.77138204053253,0.000984501838711166,0.0132496206152425,0.00722755813476471,0.185779897241364,0.145242402704946,0.0201092404757418,0.0283719827815979,0.00440323673820212,0.00717776675416583,8.51954921743809e-05,0.227960381777064,0.0269093451354739,0.452060737349517,0.932900300025919,0.012740774236386,0.0727992651124185,0.0053732630409163,4.54771656621581,0.0714504706201192,0,0.0699621489072901,0.0153462286873323,0.252450581982495,4.12707172213442,0.733955856125134,0.196891724710453,1.07166654613011,0.000126413891170088,0.00155890791559592,0.0301241833976917,1.08791139951555,0.292502389847239,3.98433961219441,0.418604220799633,2.32365741187029,0.798624776933877,0.0652808559876174,0.0244021426416501,0.00479455808488278,0.0704072892987262,0.01192597736804,0.0208538140212862,0.049227025029269,0.0437109829586287,0.00238755894433253,0.000205556279978287,0.00169458222127216,0.00431880001608908,0.0788630874149759,0.000334446187877413,0.0042851219725548,0.000924340325928024,0.00767113436080216,0.0019594347023348,0.0101912033047349,0.00109031868147243,0.000530781764576021,0.00183756992937105,0.00120485361986171,0.00194925107356922,0.00422693497991156,0.717729323764948,0.00538115245518821,9.30865221163748e-05,0.000275058011648277,0.000967170922944251,0.0225063398709462,0.138217201992353,0.182111018518558,0.0264905941734173,0,0.00392118308127521,0.745226640745216,0.0396379033065055,0.0039796174311576,0.0111871057027941,0,8.98859305899741e-05,0.000405682200192469,0.00630587555141554,0.389899345366391
0.0070570843392223,0.487756211617214,0.00669112608254157,0.322471646290392,0.0105623560981585,0.0193098074656595,1.43564486063024,0.0477109980036289,3.0202833746187,0.160013653523267,0.00307601651546877,0.0525504017316735,0.0216551484505383,0.128679541820211,0.209310897912548,0.226572128603958,0.00874716750722848,0.00306779930303078,0.00518374896453906,0.10549867595643,0.0705054838706266,1.41691437353815,0.0699621489072901,0,0.179148051721702,0.0142314849928954,1.28910483216309,1.39447371513769,0.285523975304064,0.319494890045593,0.00423764180802097,0.004680647357624,0.0255564743978091,0.111767522485842,0.0435709486537912,0.275258945938235,0.0284703571257297,0.143506101733872,0.0215900033593802,0.0564579093704376,0.0218434305044004,0.0100914032359099,0.220140620465171,0.00484496766067152,0.0437161810021626,0.016268785628281,0.078696187567319,0.0116900313058314,0.00069066475239867,0.0091989561982264,0.00570841165409667,0.00192782952417704,0.0596998371078123,0.00171474818436477,0.00922441456183799,0.0986380325110609,0.017549489771638,0.210102332279338,0.0382227932695999,0.0015074352867552,0.025820958344061,0.0122382877738683,0.0254907073176455,0.0151906756444296,0.0706731019646539,0.000599035761454955,0.000134106529324371,0.00123014885171782,0.0184259656558543,0.0217403563264304,0.0970907689728549,0.0162830373198996,0.317473257014447,0.000355128702456391,0.00363163745313969,0.0401425576163575,0.364164111019172,0.0595480374054136,0.0511035501880809,0.000271736122185236,0.000793086972766241,0.00370623277689251,0.022474331265985,0.0424554842246668
0,0.403687931821207,0.00110101362815694,0.00308205162656616,0.00212920917660521,0.00928799048318664,0.0121085880796201,0.0257894349239022,0.106877688340328,0.0345559242436363,0.187480789996875,0.0305479650309714,0.884857940823355,0.0169796343221528,0.0457186346497591,0.0198377267697567,0.00123203216288314,0.0175386151314221,0.00539427470313939,0.0114966711615234,0.0202465131050453,0.224275936409723,0.0153462286873323,0.179148051721702,0,0.0841521882287203,0.244226950510387,0.040382970978591,0.0186033919321017,0.0312572749680557,0.127004393897267,0.0198807644757721,0.00220706677668708,0.117306659120681,0.00539381481121245,0.126363539790828,0.117471652135053,0.339079774112365,0.0721557988053911,0.298817347272357,0.0978805580157582,0.172841872658095,0.092901249419346,0.0288589156163724,0.0241231464931804,0.0104293864080114,0.236100521938264,0.00382445361429043,0.0239842141054361,0.00166537242448057,0.131154833405033,0.000254930616313631,0.00389489857554832,0.000729661213832772,0.0051858229247751,0.0080555308204786,0.00994428062528819,0.00465195906812058,0.0126812700930056,0.021505352933649,0.0166647049405691,0.225573839062599,0.0101118365368494,0.00304335711026197,0.0366613715935551,0.00110769761365821,0.00880326073031679,0.0214958699640599,0.00500456507533353,0.00885705958151077,0.0151747678284706,0.00853600454186315,0.0160185345874321,0.0782533668475965,0.139264772605608,0.686274022324226,0.0235620494639488,0.0165883870347337,0.0131528966248701,0.0473151730749452,0.000601738881679166,0.000842901525962942,0.0130582859471796,0.00670117390243097
0.0129942797552939,0.0198104024831083,2.8435575748266,0.00798370478535288,0.000407375112276125,0.0127098197682,0.029502420424031,0.0718791824151281,0.0191926726479019,0.0834914219918398,1.06190862018926,0.0741775548959696,0.0455588937969248,0.199573272169661,0.0046302537903945,0.00162482520909839,1.52945270483437,0.771931592658649,1.92417120431427,0.0225510584108696,0.040054403716511,0.0142678796537488,0.252450581982495,0.0142314849928954,0.0841521882287203,0,2.7957900027355,0.0315752267221071,0.379380769994998,0.0564515485768223,0.105470753714448,0.0636512397102445,0.00562583272806095,0.654560873070679,0.0540304641239522,0.713365943249196,0.585208134161015,0.430755675585801,0.261259391838216,0.00866834510442798,0.00673206726217801,0.0127490833568421,0.0440577888606717,0.0877216952898944,0.0473366613644745,0.0289449386047696,0.000858489041113218,0.00130672125568379,0.0213638177800886,4.72221248914301e-05,0.104438566442401,0.012346838017937,0.000303833628351578,0.000323631575129348,6.60315616539061e-05,0.00012460150051468,0.000367284925520164,0.00672141641310224,0,0.0332212590848801,0,0.275412893826791,0.000412565359854641,0.000604067057650745,0.00245089072589394,0.0130380965684442,0.0292502906065407,0.0712417275443075,0,0.000456356069979748,0.0212958153856335,0.0012887504882666,0.00599452487213902,0.16013874225479,0.510968751714003,1.57872469144617,0.000555030586170918,0.00182467527563432,0.000597251124215579,0.141312891348959,0,2.46145671756923e-05,0.00856386599483715,0.0422797498211966
0.0268246108893339,0.547663357039503,3.78175985079539,0.00627908591962859,0.00292922821661721,0.0148528472965765,0.0528685254758894,0.125727440298239,0.548100124229952,0.105037218829416,0.113339108796113,0.0975581261057631,0.178068865826564,0.417382009158707,0.0239715670242069,1.23940719624505,2.83955935028317,0.37781396663993,1.25606226484542,0.0334631191685737,0.460027348310587,1.20773823015437,4.12707172213442,1.28910483216309,0.244226950510387,2.7957900027355,0,0.581931356665139,0.735709231007009,0.152243281247299,0.0303135422308574,0.0392212362486946,0.0197124605459942,1.63503818208312,0.408310822303954,5.67106177412633,1.29085367185208,2.16412750996674,1.25072440561285,0.0728411870871297,0.0365906708680182,0.0112020106876048,0.374979560198254,0.1620247133362,0.1905767881166,0.176960500832367,0.0233107769330452,0.00368573926562289,0.0117405508374601,0.00247143460533143,1.04439884486617,0.667489352960206,0.00881489661733744,0.00464000741944454,0.00131904694587416,0.0183474831386542,0.00368295656091578,0.0210321767195488,0.000122340240598485,0.0255588588537271,0.0014165006960024,0.19973711821104,0.00599596819791434,0.00623030307594704,0.439452712970299,0.20951139764049,0.0531674036831995,0.230395947882561,0.000270096478605595,0.0164016579847213,0.499193069463691,0.240563713427457,0.0596972587043567,0.14689967994406,1.53771691212709,11.9999384768915,0.0539159493258859,0.00794336059118564,0.025497745019161,0.117807606319489,0.00012956293633939,0.000381068595937633,0.0260851668208772,0.419134055894956
0.0102760236258147,0.0154430556500538,0.104811762796927,0.678922670922122,0.00739661172157651,0.327393684870267,6.92067828852287,0.227238486860201,0.654625278923329,0.687388038029663,0.00969152430278616,0.105663154581258,0.00154691278965438,0.364040760345905,0.0896563528696619,0.125025081934492,0.0252700810369242,0.0074609328256177,0.0129254897772226,0.112734904114851,0.941399759279258,0.0593245737603383,0.733955856125134,1.39447371513769,0.040382970978591,0.0315752267221071,0.581931356665139,0,0.398250327679439,2.49210594565945,0.000961898505347746,0.0143089857150643,0.0253917257176602,0.24968212731198,0.0987627934351598,0.742884993631219,0.0623881483268116,0.391675918731531,0.0770212508943961,0.0403468222583719,0.0734045452975773,0.0103016468433287,0.235110106839609,0.00610373261060509,0.0465363314561117,0.0211750408011092,0.130329881494635,0.0113429513972516,0.000345283871375903,0.0115260407939183,0.000855903392604074,0.00131634898514655,0.0996292324318791,0.00314725296989412,0.0193021349655135,0.0905687437019121,0.0239131234756527,0.154447902579993,0.0614005399480168,0.00185921197143637,0.0468312106172268,0.0125897517106512,0.0294333111948736,0.0263394695132597,0.0680758018330624,0.000380462958069042,0,0.000424569645117888,0.0374300301623014,0.0265639160273933,0.0422935117610828,0.0168117240580311,0.256979742026838,0,0.000689751609458104,0.0227455281038816,0.370215771043375,0.0801270296362036,0.066517179847093,0,0.00131160088952997,0.00553349106226248,0.0209254580134464,0.0653086750581855
0.66749142264748,0.0057059989424698,0.108014915310878,0.0195568018109539,0.00297601355968226,0.0185023174687718,0.385312718315282,0.245049342210978,0.1331928182605,0.332661085850492,0.104886425934844,0.11010519501849,0.00698979433722694,2.2155854460055,0.00929808000727089,0.00123399653763334,0.180822910703577,0.192359054537193,0.309338967350889,0.0446512237003764,0.117783373508768,0.00621279623500259,0.196891724710453,0.285523975304064,0.0186033919321017,0.379380769994998,0.735709231007009,0.398250327679439,0,1.18861501420192,0.0112782819450171,0.0248041263820406,0.383616164616561,0.465098077263548,0.00320251736116985,0.0957729679875441,0.033891123235271,0.0890609854940925,0.00864569384723425,0.015634953867548,0.0191802440362861,0.00698858758212542,0.0345311881493673,0.00217102481568857,0.00693542330040524,0.00265164121833394,0.0150768642068106,0.000894109643222048,0.000749968654535157,0.000855926687881716,0.0043368185221595,0.000815727746622095,0.00319643957138316,0.000219323011321652,0.00155300919205311,0.0176007541480111,0.000858518539823301,0.0225193648893527,0.00167312151387006,0.000118192118746316,0.00279759477822389,0.00236963274904037,0.00121392237839672,0.00120536675714553,0.00105898079023788,0.000344851531484914,0.000300930447431153,0.00184962345322194,0.00113327201386244,0.0010199285974445,0.00151840086512409,0.000356014344284707,0.0346341756389983,0.000992111339297176,0.0086304281444007,0.0327183857827966,0.0535748912882418,0.00470713622015554,0.00341817093804068,0.00072790186021002,0,0,0.00150924565898036,0.00288648768279235
0.64847424059658,0.00185099313175473,0.287269498522332,0.000693981190711189,0.00253503418536777,0.0222477661593078,1.10707013399818,1.05812930187213,0.0999889588175473,0.0147159033774363,0.00642824688787648,0.00634291660761462,0.000634246647683492,1.86189058213164,0.0146130103489524,0.0123549509502127,0.139248892434274,0.0110725583644841,0.0625850895413787,0.0029325897779566,1.7291475669603,0.00585061522981733,1.07166654613011,0.319494890045593,0.0312572749680557,0.0564515485768223,0.152243281247299,2.49210594565945,1.18861501420192,0,0.000288004188594967,0.00257856894835157,0.274179739138919,0.800365510449554,0.050239043139289,0.360183187248147,0.0324957933311073,0.499902651377309,0.0794887102592048,0.00886805229063774,0.0193582387506399,0.00421232165595827,0.101952231034947,0.00266148010985934,0.0222861256532247,0.0119643340403212,0.0453738808570558,0.00433454689695581,0,0.00377638488753021,0.000689721201065576,0.00193656974846705,0.00334188589650897,0.000800850545318709,0.00367800394183516,0.0347299051798003,0.00692746095876673,0.0353013579668447,0.00335616002927585,0.000614876043330056,0.00303854702430053,0.00701202213840048,0.0104825404934182,0.00492000009725477,0.023254724532246,0.000322813189619315,0,0.00032237566708458,0.00183369519602715,0.0116966565045514,0.0137949741778099,0.00653812946025942,0.0672142858988458,5.75996201796412e-05,0.000479304325760445,0.0131748222471277,0.114986973557926,0.0277620827891942,0.0253240684608909,0,0.000116394391801548,0.00179290674582328,0.00717564845790554,0.0598309631632998
0,0.0060791310660081,4.16000281412065e-05,0.000595553087356019,0,0.00116601820462614,0.00188642085340892,0.00198821428645721,0.00238959696863996,0.00616959121917372,0.205573725599686,0.00585252072751248,0.521988755476126,0.00581645733226606,0.000352965651208701,0,0,0.0110907814657747,0.00355842225653683,0.00250270390465795,0,0.00617228226816652,0.000126413891170088,0.00423764180802097,0.127004393897267,0.105470753714448,0.0303135422308574,0.000961898505347746,0.0112782819450171,0.000288004188594967,0,0.00624489525962105,8.35058669840333e-05,0.0403075527324894,0.00124299526682319,0.016354367751697,0.0241127514106983,0.023015690533307,0.0096602149403967,0.000610989868356839,0.000505205075120044,0.00810296473009062,0.00428041580797503,0.045025660817776,0.00936002937474534,0.00342621820883579,3.41244916046411e-05,0.000561004169866177,0.0265778989529866,0,0.0244949742339418,0,0,0,0,0,4.47002999803006e-05,0.00315068815764361,0,0.0316657731076131,0,0.332097222037154,0,0,0.000833009227050715,0.000150255179659617,0.00744381528709432,0.00144488403124822,0,0,0.0141543285450239,0,0.00410220651272665,0.107203819771422,0.0957845204071498,0.279517871266962,0,0.000951077439178168,0,0.116065591093658,0,0,0.0042215683627305,0.000396882464615875
0.000191578641190791,0.000275484680490953,0.00103224844529776,0.00426009915471253,0.099100275670833,0.0948006677136636,0.0106595893995931,0.0223162307303121,0.0142512886593305,0.0442841749636022,0.0473644667782324,0.0391020529302358,0.00467212365858803,0.0089955270057906,0.0545645789325961,0,0.00162443463589955,0.0377117634769602,0.0145997287885232,0.0097889230067104,0.000905389888386774,3.87961947283775e-05,0.00155890791559592,0.004680647357624,0.0198807644757721,0.0636512397102445,0.0392212362486946,0.0143089857150643,0.0248041263820406,0.00257856894835157,0.00624489525962105,0,0.00048307631128248,0.513610883512516,0.00612204702040293,0.182704451194006,0.0186404863331904,0.0245368596523812,0.00377556921486451,0.0995265678633125,0.396160194460791,0.00461999136183392,0.00377642812869492,0,0.00022985010192023,0.000184887563407063,0.00213204050650086,0.000135472576071525,0.000126867433837629,3.05506733430981e-05,0.000455448774005729,3.19674100033194e-05,0.000433131615628481,0,0,0.000321615228114742,0.000127137116489422,0.00167389549622916,0.000148845921839029,0.000206751524009096,0.000303454327807957,0.00101168362233163,3.4223563661319e-05,0.000258096107523042,0.000275548473997694,0,0,0.000392879042454815,0.000157632364015433,3.66015430106581e-05,0.000160372658540017,3.8350299874562e-05,0.00306033352069732,0.000256400177052855,0.00121809293445307,0.00431961744099297,0.00180990895142696,9.86694955773768e-05,0.000217453977309805,0.000101342221297342,0,0,0.000107420145337427,0.00384800566774241
0.000412236772371223,0.000175959553347048,0.00213399250216274,0.000130014884169263,0,0.000305256154110506,0.00781374775425048,0.00129689366690489,0.013425439359932,0.000447284795351055,0.00290154102454164,0.000240116430773217,0.000181342702212623,0.00695903851081772,0.000789723478641003,0.000153348118486034,0.016389983988256,0.00308638023821108,0.015770877715553,0,0.054148741301479,0.000275260113921884,0.0301241833976917,0.0255564743978091,0.00220706677668708,0.00562583272806095,0.0197124605459942,0.0253917257176602,0.383616164616561,0.274179739138919,8.35058669840333e-05,0.00048307631128248,0,0.226276783646082,0.000301544899729123,0.00304698626175205,0.000202268308013588,0.0366136802739027,0.00111591021287199,0,0.000853849459270071,0.000141994948269427,0.00746352351325835,0.000162049520399589,0.00078741085060065,0.000641162130006337,0.00378957267196747,0.000174834354864407,0,0.000211824165619162,0,0,0.000283143229858089,0,0.000254624937550685,0.00339733825410237,0.000309217765599859,0.00462505997815704,0.000470956989382875,0,0.000418644316256991,0.000475388661335999,0.000715323745872435,8.49755434589387e-05,0.000614367431311322,0,0,0,0.000343644461582336,0.000299045432636631,9.71148320780335e-05,0.00035019909857307,0.0070812481136102,0,0.000108868294975877,0.000235336774036729,0.0116299272997929,0.00121883605473578,0.000871554705890514,0,0.00014495160601809,0.000106367682100153,0.00143723381947947,0.000581060420163697
0.00719816840139691,0.0116101302951035,0.365445685976301,0.0174471396939491,0.0637327225869859,0.0136383641487196,0.120359829915237,0.0360464381615308,0.0811962017979243,0.175565679459207,0.689098398410526,0.087119485782961,0.194268631357207,0.113100183653526,0.0115969730440533,0.011261756088954,0.303306301373432,0.492327492375263,0.784588259063632,0.0224709415878195,1.15271386688736,0.0112973149229305,1.08791139951555,0.111767522485842,0.117306659120681,0.654560873070679,1.63503818208312,0.24968212731198,0.465098077263548,0.800365510449554,0.0403075527324894,0.513610883512516,0.226276783646082,0,0.00538209190253409,0.11645406827767,0.143651014554549,0.19041026137647,0.0221505709464853,0.0112116374009083,0.0349959187142592,0.242437127164455,0.0408257578548857,0.00436619351080168,0.0105321639808957,0.00489500386621288,0.0183045946136156,0.00109267590478494,0.00718181138980249,0.00121944994455835,0.00923593908104334,0.00737002438186968,0.00471121213451705,0,0.00158768939546877,0.016709694151527,0.00244369031158612,0.0200547925186726,0.00376641011768723,0.00375580151676404,0.00321435627866428,0.0165531755906591,0.00332745650432754,0.00316286207437812,0.00582233303135271,0.0016699145129017,0.00215800536648296,0.00474663632160357,0.0024550343178516,0.00219591063489188,0.00535381870599065,0.0031521703104248,0.0377079052521537,0.00616964356410701,0.027216031592781,0.142838754151677,0.0558444682689902,0.00803558952348779,0.00395513651554501,0.00428738718137239,7.39804270298421e-05,0.000296253073259103,0.00497091545648223,0.00653215825608974
0.000187835286361242,0.0011842516040775,0.0686452099525713,0.0044676152610288,0.0191759023812301,0.576903159456522,0.0301162306713735,0.00524099439418819,0.0480704624597791,1.21629728436193,0.00413910708201337,0.899644541030662,0.000657151898400265,0.00420156038347034,0.0985436682670385,0.0256352146074444,0.00344710359880271,0.0170350618521282,0.00780187964590291,0.00479033523250212,0.0894778383285013,0.000832408547298649,0.292502389847239,0.0435709486537912,0.00539381481121245,0.0540304641239522,0.408310822303954,0.0987627934351598,0.00320251736116985,0.050239043139289,0.00124299526682319,0.00612204702040293,0.000301544899729123,0.00538209190253409,0,0.758548446673855,0.348957199054629,0.049597213075527,0.288881279311094,0.0153017565232094,0.0179185451359443,0.0145102667491196,0.260365064623489,0.194713559926887,0.0289027568937307,0.336109061193582,0.0129254598618641,0.00958787179593869,0.00412653743489813,0.000323421894483423,0.00230293851497483,0.0476212641462502,0.00157866810245078,0.016539300308507,0.0158713328112906,0.0270415980768703,0.00223432922113228,0.0152346112857172,0.0129510165151592,0.00105216300503184,0.183383693223673,0.00885293890058833,0.00214209723803761,0.0263441170554029,0.070183382369794,0.00316914259604053,0.00667606009319719,0.00766681412610575,0.0012784152804811,0.038286554266189,0.0039558213953189,0.239850761813968,0.0204041933280791,0.000494589192107874,0.0543670180946607,0.248604006020753,0.0460161887564045,0.00256890380617293,0.0106854025023223,0.00145299570200502,0.000832174832981441,0.000429296630546468,0.00141874426919199,25.166623338329
0.00329961659439296,0.0183287924281816,1.00145791468616,0.0581821315965411,0.0178953865537126,0.079067455702921,0.247771250365948,0.206324852194328,0.414567560260997,0.934536019087352,0.0596587856042964,0.254268239298806,0.00674657131776123,0.159552121968951,0.135733066456296,0.486298452878116,0.0527278074613657,0.201979843046531,0.113752084448212,0.135182803647751,1.02799491959865,0.0201901710595042,3.98433961219441,0.275258945938235,0.126363539790828,0.713365943249196,5.67106177412633,0.742884993631219,0.0957729679875441,0.360183187248147,0.016354367751697,0.182704451194006,0.00304698626175205,0.11645406827767,0.758548446673855,0,3.37594059125596,0.361111449558825,0.590172998104339,0.397597702217367,0.261176796519378,0.10294204068554,0.405553356062661,0.0244153192031984,0.0542656547400283,0.0388061195443863,0.129234711860932,0.0148768541519002,0.00101335189660376,0.00720037722147656,0.0160417789413761,0.0341888748656864,0.0277155254847686,0.00220564713969072,0.0124699850959394,0.115240083807081,0.0173457128096872,0.124620475268288,0.0340025939071911,0.00130121436917344,0.0272261212233421,0.024867515198145,0.0190643679968181,0.0187992139247767,0.0520489500329356,0.00529901248680966,0.00186220808579302,0.00552992326225629,0.0138339752802448,0.0203377017934832,0.0374455441251124,0.0345260217410242,0.258421546651075,0.00377234337675691,0.0491516170952165,0.395004253162746,0.387260413633964,0.0524649773895526,0.0506733418450868,0.00128923356667964,0.000719901399868,0.00462208658734379,0.0199559487529379,0.291012002155306
0.000290994830968666,0.0222919249667627,0.199388412621232,0.00427983355565791,0.00136164103239915,0.00777764651806622,0.019877061179376,0.0161450270029462,0.0391634595205188,0.0942449746309995,0.131609409538957,0.0393637608520441,0.0649384404260016,0.0252284608615158,0.0274974772903871,0.0576388174609977,0.00967034989073539,0.210735965717725,0.087181659115179,0.0221996055453619,0.053971121288333,0.00723466448837079,0.418604220799633,0.0284703571257297,0.117471652135053,0.585208134161015,1.29085367185208,0.0623881483268116,0.033891123235271,0.0324957933311073,0.0241127514106983,0.0186404863331904,0.000202268308013588,0.143651014554549,0.348957199054629,3.37594059125596,0,0.42099305508866,1.37253536454321,0.0564683457682427,0.0795338210342911,0.176916880193508,0.0405514123398593,0.0186571835729629,0.00986410774450414,0.0561470442532618,0.0109257724798789,0.0024764183179598,0.00206927826947891,0.00073079980061886,0.018399666727147,0.00948443004144945,0.0014952091431378,0.00262457746658923,0.000594703045822829,0.00808955263370281,0.000704226383914319,0.00922609887244586,0.000530143183703512,0.00166048507337925,0.00118674258311523,0.0100937953905653,0.00144197254282069,0.00315649834339132,0.011378292995357,0.00223885738423642,0.00284160077754598,0.0104134590118901,0.00055450216020379,0.00461289440365034,0.00604224487572224,0.0199584920838531,0.014294691129488,0.00823363070384468,0.0506152834648752,0.232751627739417,0.022087509007291,0.00367605456874378,0.0041371901912979,0.00396220936135706,0.000143955001449347,0.000327208904811418,0.00189954190696789,0.318716431703981
0.00417218930900885,0.00903996997906033,0.414022332604961,0.0207173478682914,0.00484291984049613,0.0106385156521218,0.149527692723393,0.0267922701484334,0.117327627490815,0.234267675607896,0.115263365321437,0.0759268401302877,0.0430790595658357,0.0688407461267261,0.086402507449718,0.104890900713709,0.0448854412826123,0.195337213327142,0.105415919302055,0.0268725052163128,1.09846723721355,0.0101796349703158,2.32365741187029,0.143506101733872,0.339079774112365,0.430755675585801,2.16412750996674,0.391675918731531,0.0890609854940925,0.499902651377309,0.023015690533307,0.0245368596523812,0.0366136802739027,0.19041026137647,0.049597213075527,0.361111449558825,0.42099305508866,0,0.439573442343837,0.0420060625343317,0.101067086969586,0.452548008361633,0.0835989776092624,0.00563538314146015,0.0138622687698823,0.00963045561670885,0.0372018688059803,0.00139266652294247,0.00124648742893315,0.00246136982785022,0.0114504332181329,0.0135173163539199,0.00653091177818817,0.000414043292912948,0.00322429392281588,0.0282464540415368,0.00431158424828597,0.0337387307208317,0.00498112959085831,0.000554190157643297,0.00515791843201644,0.0127280002579279,0.0060051745823757,0.00375011065681697,0.0220953441461585,0.00241220724151475,0.00153081854434752,0.00487192621794209,0.00280855272961147,0.00651877929251234,0.0118964941457048,0.0113727259911052,0.0638694070961733,0.00430021064377773,0.0248027296167293,0.193327791921731,0.0973589050533885,0.0169393874732658,0.0173225787009223,0.00229585377616432,0,0.00127386152821814,0.0058580661007658,0.0516796809511228
0.000851286964841038,0.00422185909075832,0.195330600107065,0.00163927752157385,0.00181959511351978,0.00300123052412751,0.0139077037159788,0.00615263269221562,0.0210034413834915,0.0192465239319883,0.0356180922324677,0.00899851761112886,0.00189943629353058,0.00773680091989833,0.0633523259940704,0.0601789854496529,0.0123398791324195,0.118819729033731,0.0423220424949758,0.00388410726733675,0.277141893887951,0.00350406181647396,0.798624776933877,0.0215900033593802,0.0721557988053911,0.261259391838216,1.25072440561285,0.0770212508943961,0.00864569384723425,0.0794887102592048,0.0096602149403967,0.00377556921486451,0.00111591021287199,0.0221505709464853,0.288881279311094,0.590172998104339,1.37253536454321,0.439573442343837,0,0.0522075621411459,0.0616863098824591,0.0656300785779652,0.0346660491387563,0.0262354417450438,0.00857897939646015,0.0534034217538335,0.0112510775975684,0.00142038094067938,0.000643541025982261,0.000948375587417013,0.00473078940344459,0.012204336881154,0.00063548864429954,0.00137528727827036,0.000472420920738632,0.00811521676609434,0.00148740777594171,0.00647519145083104,0.00125886467242477,0.000221268708647842,0.0018489642690837,0.00404490080793545,0.00127833691122283,0.00253460131540737,0.0134824331663249,0.000697587245989001,0.00120508431116295,0.00263010432444849,0.000296741734761343,0.00700334750383497,0.00538614856773732,0.0302935744905784,0.010512509812553,0.00164529388812053,0.021831910487313,0.113707914618091,0.0182325398986747,0.00506035830228069,0.0049871969436014,0.00110485243251639,9.61074826087712e-05,0.000214671575830174,0.00233483191432559,0.3501016690904
0.000231682176900068,0.000620967476038695,0.00885127780887249,0.0318061598993519,0.891997380336824,0.141726695932403,0.010288918605926,0.0820699259135806,0.385164147607103,0.0388930690038449,0.00422158145938004,0.176005044948075,0.000675900592448521,0.0373237157625935,0.800567156340338,0.00456746025150058,0.00111546728316629,0.00370247979979854,0.0018601745612888,0.034853067659907,0.0146845240782902,0.00102721689216875,0.0652808559876174,0.0564579093704376,0.298817347272357,0.00866834510442798,0.0728411870871297,0.0403468222583719,0.015634953867548,0.00886805229063774,0.000610989868356839,0.0995265678633125,0,0.0112116374009083,0.0153017565232094,0.397597702217367,0.0564683457682427,0.0420060625343317,0.0522075621411459,0,0.213067934613725,0.0254239914386932,0.0330458209068826,0.00137211734281083,0.00648274744218281,0.00437522196785825,0.0559048787014442,0.00244440309754713,0.000447128174884921,0.00119001887734984,0,0.00106121628507703,0.0183910613441829,0.000266061921231938,0.00953851410933824,0.00972018401946494,0.00432112969430978,0.0073769722539799,0.0140554352096976,0.000870360737266901,0.0186796379799682,0.0123175351418822,0.00399337282040434,0.0117498198997363,0.00924268607304867,0.00014293198136903,0.000605961467867759,0.000283982445475784,0.0107891701059887,0.00318852073710144,0.00141162934420146,0.00392493814161142,0.0194681948869357,0,0.000950053715424923,0.0053746643662134,0.039296451385622,0.00725487724802819,0.00670398332124771,0,0.000242362749213141,0,0.00264167732301544,0.0226810415001329
0.000105804239145726,0.000316617254535898,0.00727668855352532,0.0151146538506459,0.416155451573562,0.11404139067015,0.0402902025953408,0.0550145378702718,0.0436405289885055,0.146318649749426,0.00362029214369045,0.0893864975633802,0.000511797099364803,0.0220694191247121,0.0843832324612944,0.00310163696690002,0.0010776847570753,0.0020706513020317,0.00152788248754988,0.0246706406473294,0.00887475965937576,0.000143878636733058,0.0244021426416501,0.0218434305044004,0.0978805580157582,0.00673206726217801,0.0365906708680182,0.0734045452975773,0.0191802440362861,0.0193582387506399,0.000505205075120044,0.396160194460791,0.000853849459270071,0.0349959187142592,0.0179185451359443,0.261176796519378,0.0795338210342911,0.101067086969586,0.0616863098824591,0.213067934613725,0,0.0359523219020352,0.0222625305021203,0.000622850074272221,0.00307431566391748,0.00211605207601139,0.0117608053314037,0.00126931914814308,0,0.000265200445013577,7.74778805750966e-05,0.000462905253505248,0.00364080964928122,5.92574180580259e-05,0.00110835817505104,0.00882394814514437,0.000247153167053142,0.0110590633504258,0.0024204607069971,5.52261452629626e-05,0.00294817648295711,0.000615940232906413,0.000432898831826142,0.00120896536598969,0.00162323500548647,0,0,0,0.00153959997979842,0.000441050908223498,0.00069416942322092,0.000800663127588162,0.0198450274366252,0,0.000576509491851327,0.00300231911541461,0.0328710170252227,0.00103368971097796,0.00144336486156718,0,0,8.91526108046415e-05,0.000866327621959808,0.0126856642318778
0.000180967373717534,0.0227054501573312,0.00130185986178075,0.00102554502314641,0.000698626381105381,0.00370713736465162,0.00493776333439497,0.00606591009089256,0.00863877280265466,0.0224471708541152,0.180349769559703,0.0121609125485265,0.0440463641009929,0.00745254578495779,0.0170471943354893,0.0017419667487843,0.000144764910478186,0.00211163421363958,0.000828917436068652,0.00614346363251101,0.00274585900579729,0.0142962582993849,0.00479455808488278,0.0100914032359099,0.172841872658095,0.0127490833568421,0.0112020106876048,0.0103016468433287,0.00698858758212542,0.00421232165595827,0.00810296473009062,0.00461999136183392,0.000141994948269427,0.242437127164455,0.0145102667491196,0.10294204068554,0.176916880193508,0.452548008361633,0.0656300785779652,0.0254239914386932,0.0359523219020352,0,0.00276749250425472,0.00324551748780994,0.00184952613340346,0.00108950879327601,0.00274722574001439,0.000926230974735444,0.123623760185858,0,0.00446648492156726,0.000115686797743136,0.000113403068902052,0,4.46628479142964e-05,0.000457056861094898,0.000197815775861525,0.00311271162846189,0.000119255093098035,0.0484932009534879,0.000497345606297949,0.102021435670811,0.00151113056498334,0.000441212785404211,0.000792667926275439,0,0.000239630336288357,0.000154042189987612,0.000116367244840479,0.000231914516277397,0.00326570835027672,0.000230832568218321,0.00264619777349387,0.0163422813288217,0.00113995036766552,0.00767818725146828,0.00200822603407111,0.0177840399527559,0.000360158445479357,0.00327075902525474,0.000596415836666858,0,0.0327097953366793,0.00782866156274941
0.000317161913589483,0.00616952395822601,0.073728173620534,0.00875837172331047,0.00288573448424664,0.00509824941390126,0.0621653645964494,0.00418537340379264,0.165463896718838,0.0262800652682888,0.00278767977197128,0.0121700276013335,0.00608023586723452,0.00795164578676198,0.013477580265106,0.0881033745443139,0.00355324494357789,0.00432654577229099,0.00211418498172953,0.00691625468258973,0.0793326498935789,0.0166913892783491,0.0704072892987262,0.220140620465171,0.092901249419346,0.0440577888606717,0.374979560198254,0.235110106839609,0.0345311881493673,0.101952231034947,0.00428041580797503,0.00377642812869492,0.00746352351325835,0.0408257578548857,0.260365064623489,0.405553356062661,0.0405514123398593,0.0835989776092624,0.0346660491387563,0.0330458209068826,0.0222625305021203,0.00276749250425472,0,3.05219034634356,0.291940211249562,0.54148472877337,1.07177758423298,0.165316404455398,0.049208859661565,0.00948973613118463,0.0576965392702786,0.961791375881823,0.07476455611654,0.00573439160138199,0.0725520916395403,0.52741723686172,0.229908514773366,0.13872369937439,0.642052190139136,0.101693801180443,0.362893179686896,0.307504347808708,0.224950873454027,0.0417278268005273,1.43448800625639,0.11931009935708,0.221047495323346,0.25124727068408,0.145507877978219,0.581943749583871,0.0916185296951443,3.24086793638423,0.313185800454164,0.00830790961087818,1.66778000616046,5.17006138922511,0.939802838641618,0.108306097583882,0.174193797677855,0.0517126607775034,0.0256708161571457,0.00162918140518524,0.0540499012462302,0.839093315430043
2.53451139341354e-05,0.00467407431171603,0.0183427009773976,4.47546309378564e-05,0.000945224259940099,0.000678377048973143,0.00105754937134932,0.000323373945191255,0.00582640406166852,0.000878158081490751,0.0368585522050613,0.000196075055683231,0.0379604322374619,0.000624145399574837,0.00998942446142915,0.00459941407182037,0.000685526847438729,0.00658521357266732,0.00370555089235802,0.000169878821559369,0.00774861476441507,0.00114528024802708,0.01192597736804,0.00484496766067152,0.0288589156163724,0.0877216952898944,0.1620247133362,0.00610373261060509,0.00217102481568857,0.00266148010985934,0.045025660817776,0,0.000162049520399589,0.00436619351080168,0.194713559926887,0.0244153192031984,0.0186571835729629,0.00563538314146015,0.0262354417450438,0.00137211734281083,0.000622850074272221,0.00324551748780994,3.05219034634356,0,0.546662964137572,1.76353754395352,0.0451186723778925,0.035928149514598,0.0907025410132759,0.000596304647084498,0.0186026565637948,0.110813716036369,0.00259835268741728,0.00179577253023083,0.00270655847664091,0.0232586768663633,0.0121477193476594,0.00679990325881669,0.0176367193716244,0.0777021400997215,0.0128384750960791,0.281699246190247,0.0130434442373798,0.00802450351288512,0.0900436502453112,0.0255036781324037,0.0839285985937842,0.0700268380994023,0.00530127112878478,0.0240708731215767,0.00917853427873359,0.217553684790086,0.022151773102251,0.0532840737435022,0.514124896126112,0.734420416537745,0.0480159012808089,0.00897575996738351,0.0109076904534379,0.143146729797982,0.00328447068724691,0,0.0108603153931043,0.336258551721494
6.89428116659314e-05,0.00432209417528323,0.0280447725643439,0.0015958371595547,0.000454013461768889,0.00105128184448905,0.00823769800052745,0.000336969839097571,0.0305553869980912,0.00281559128294158,0.00533267922759744,0.00265520242835052,0.00855859680163672,0.00147533037582006,0.00270888772432488,0.0258076473682514,0.00137584681398822,0.00408904349109544,0.00139990671791817,0.00122051471975724,0.0208681633938186,0.00422291271829654,0.0208538140212862,0.0437161810021626,0.0241231464931804,0.0473366613644745,0.1905767881166,0.0465363314561117,0.00693542330040524,0.0222861256532247,0.00936002937474534,0.00022985010192023,0.00078741085060065,0.0105321639808957,0.0289027568937307,0.0542656547400283,0.00986410774450414,0.0138622687698823,0.00857897939646015,0.00648274744218281,0.00307431566391748,0.00184952613340346,0.291940211249562,0.546662964137572,0,0.178798440766392,0.0237295456558992,0.0551563167631741,0.0815177637066113,0.0227510649427859,0.0204573509017592,0.362913608110734,0.0167072227688546,0.000834749192632377,0.0199240174420504,0.362855559444218,0.0672610465867391,0.0298602799561481,0.215459931368632,0.239952558177444,0.0811213764333045,0.184100568142457,0.0861975348386614,0.00994980410829501,0.366345853988863,0.0986535091109224,0.326172436113163,0.373322428095155,0.0292945203368202,0.672542065770419,0.0261392221122465,1.72965305537026,0.0848431709162904,0.00837754830183701,1.09731392140602,1.93878568924458,0.463215098016589,0.144048078387391,0.279397936432753,0.0727006146252691,0.0233207662462337,0.0116410794625954,0.0572356058379573,0.0405413718344648
5.21097491289496e-05,0.00338325869153104,0.0277746523228885,0.000416321174787485,0.00124018613503093,0.00176807625521909,0.00473325435121321,3.04252135514111e-05,0.0135423063005145,0.00304634526431856,0.00195626936389649,0.00128004757715978,0.0036831715862354,0.000669453638249045,0.0183877965957397,0.0105309630588724,0.000734412209785497,0.00346024894065145,0.001278296491694,0.00062849562833004,0.0198597398187469,0.0028393886497406,0.049227025029269,0.016268785628281,0.0104293864080114,0.0289449386047696,0.176960500832367,0.0211750408011092,0.00265164121833394,0.0119643340403212,0.00342621820883579,0.000184887563407063,0.000641162130006337,0.00489500386621288,0.336109061193582,0.0388061195443863,0.0561470442532618,0.00963045561670885,0.0534034217538335,0.00437522196785825,0.00211605207601139,0.00108950879327601,0.54148472877337,1.76353754395352,0.178798440766392,0,0.0885975900560034,0.145002403301462,0.033185545922004,0.00804144072827511,0.0118963623551714,0.256271844159951,0.00443110934346628,0.00106399004804552,0.00536527414719813,0.0996928753919631,0.0219863693697277,0.01000690676178,0.0336885900916158,0.0512400348356373,0.0171416096258903,0.11456619247168,0.0278130508961151,0.00445978412661585,0.266663678744747,0.0421387930636404,0.0953848742300516,0.12381950809381,0.00564168618991528,0.212681979127315,0.0123290982635663,1.20553492904173,0.028278869302327,0.00484530758330743,0.632255893061359,1.42235415452455,0.124982824402695,0.0297727547070527,0.0658989342844382,0.0201096777783787,0.0231534847995226,0.000814755515987532,0.0131772775240229,0.373792427810425
0.000121503918372786,0.000124824946762368,0.00315164340059509,0.0510871579558043,0.00337375497747868,0.0104778656608016,0.0226254990816629,0.00418617575759629,0.0979465839063638,0.0582707910853904,0.000179391100052047,0.0588710910392501,0.000252831782165271,0.00507635031594681,0.026281349161221,0.0654515077568589,0.00118630663227104,0.000273505669806671,0.000358857861147448,0.0396790121663096,0.0456487296301684,0.00764108061480356,0.0437109829586287,0.078696187567319,0.236100521938264,0.000858489041113218,0.0233107769330452,0.130329881494635,0.0150768642068106,0.0453738808570558,3.41244916046411e-05,0.00213204050650086,0.00378957267196747,0.0183045946136156,0.0129254598618641,0.129234711860932,0.0109257724798789,0.0372018688059803,0.0112510775975684,0.0559048787014442,0.0117608053314037,0.00274722574001439,1.07177758423298,0.0451186723778925,0.0237295456558992,0.0885975900560034,0,0.059616156954468,0.00452774404376168,0.00114908207483681,0.000738616787502304,0.00972672835598014,0.0546585042860876,1.04016435889701,0.542203193928172,0.0568631880859587,0.143548667553114,0.130361395797136,0.189606853350392,0.0302429513269072,0.208761106294047,0.21418752726048,0.0603037386356643,0.489163934685469,0.0252291670111929,0.00225447052789564,0.0145840388403521,0.00713388185602974,0.0660181315791377,0.0246964404890644,0.00452932618754085,0.0770785300633106,0.0494748261378964,5.91787316839993e-05,0.0326412775156887,0.0519508153866555,0.0988745905650264,0.0249018794292663,0.00937594776200132,0.0060403278368651,0.117294419604963,0,0.00529279280045002,0.0196242621133727
4.33610390988946e-05,6.02764012778282e-05,0.000276363563355565,0.00198760840322898,8.50438460277673e-05,0.000325039990394187,0.0020554045381848,8.12930262468663e-05,0.00662116682458194,0.00195269770294802,0.000717881534488726,0.00207737771854792,0.000769772714471537,0.000108456979628491,0.00066564031657159,0.0016655473797931,0,4.71832701089859e-05,9.72681077830195e-05,0.000695966471954605,0.00181461535442224,0.000321005338117272,0.00238755894433253,0.0116900313058314,0.00382445361429043,0.00130672125568379,0.00368573926562289,0.0113429513972516,0.000894109643222048,0.00433454689695581,0.000561004169866177,0.000135472576071525,0.000174834354864407,0.00109267590478494,0.00958787179593869,0.0148768541519002,0.0024764183179598,0.00139266652294247,0.00142038094067938,0.00244440309754713,0.00126931914814308,0.000926230974735444,0.165316404455398,0.035928149514598,0.0551563167631741,0.145002403301462,0.059616156954468,0,0.0183714022894798,0.000277110884843448,8.63853984756354e-05,0.00384231891988405,0.00816584247595051,0.18233260368559,0.0199200287356811,0.0419304220039687,0.0484600960376697,0.0061243415890478,0.0942267181469095,0.0572931564764824,0.0501201689485164,0.0975660509698732,0.0349574495376385,0.0073697307141556,0.00347816708305501,0.000360555893377581,0.0130786216968293,0.00271548101471798,0.0151953320218346,0.00334786764419909,0.00126979633792474,0.01567127838795,0.0124426992589986,0.000284023608027684,0.0294684444421361,0.0255450962934976,0.0437183517255285,0.0895295264340308,0.0022747870538489,0.0180014716278002,0.678488031562239,3.1594576769489e-05,0.00582490836549807,0.0273758623861268
0,0.00109144978478946,0.000262654098026598,0.000143116973279727,0,0,7.06282958336532e-05,0.000131940313863194,0.000292552665625638,0.00029319440145278,0.0865776703480866,0.000557941477402335,0.0750825822261363,0.000321380178207791,0.000487352297913763,5.29232135578752e-05,0.000139943482420123,0.000924083904270428,0.000301542453076851,7.77332675557139e-05,0,0.00036114369869262,0.000205556279978287,0.00069066475239867,0.0239842141054361,0.0213638177800886,0.0117405508374601,0.000345283871375903,0.000749968654535157,0,0.0265778989529866,0.000126867433837629,0,0.00718181138980249,0.00412653743489813,0.00101335189660376,0.00206927826947891,0.00124648742893315,0.000643541025982261,0.000447128174884921,0,0.123623760185858,0.049208859661565,0.0907025410132759,0.0815177637066113,0.033185545922004,0.00452774404376168,0.0183714022894798,0,0,0.0246296503170645,0.000642205947788325,0.000560311369142366,9.04026117003084e-05,0.00212970755527513,0.00286352431424658,0.00626007065390361,0.00324778225914667,0.00681061782501365,0.236705331400951,0.00596262515824957,0.3952440044081,0.00603280717730166,0.00477609973461989,0.00163569518053684,0.000373902992607605,0.00135934498696702,0.000300106446425933,0.00154344448761217,0.000351591551572943,0.0144453054300181,0.00319323591286124,0.00659667649734386,0.0456828404348716,0.0117597948917918,0.0358850860620234,0.00356448976436572,0.0284453825650365,0.00016681758505038,0.0480201370724386,0.00645086209340595,0,0.160130494772843,0.0101621561975885
3.39871226114959e-05,0,0.000689029560013276,0.000115970942725486,0.000210157634326375,0,0.000410343669967392,0,0.00968788727895512,0,5.38161698811591e-05,3.44853832310229e-05,0,0.00013686444576357,0.000114325074880981,0.00348670945257086,3.51458960148662e-05,0,0,0,0.00505093594346714,0.000711470337984902,0.00169458222127216,0.0091989561982264,0.00166537242448057,4.72221248914301e-05,0.00247143460533143,0.0115260407939183,0.000855926687881716,0.00377638488753021,0,3.05506733430981e-05,0.000211824165619162,0.00121944994455835,0.000323421894483423,0.00720037722147656,0.00073079980061886,0.00246136982785022,0.000948375587417013,0.00119001887734984,0.000265200445013577,0,0.00948973613118463,0.000596304647084498,0.0227510649427859,0.00804144072827511,0.00114908207483681,0.000277110884843448,0,0,0.000812897393535582,0.026243794895982,0.000545932652985725,0,0.000812266263726145,0.550638935298776,0.0549488465784609,0.0123722763731643,0.00615971338490676,0.00148856330643133,0.00247561064725901,0.000529287434086591,0.524094014772925,0.000230170703641737,0.00305562110639083,0.0264884650605004,0.00261652749452336,0.021146693340452,0.000960480435412489,0.0104380057209219,0.0061259114648449,0.0244194457866406,0.0174712189072199,6.78495377132237e-05,0.0450928561850206,0.0352015875865364,0.0484902600404211,0.46234895356949,0.256823681119568,0.00042406708607521,5.76184619483232e-05,0.00138581268838685,0.0195546456263041,0.00130772444098329
0.000103709844618046,0.187518940113374,0.0319135180219385,0.00141090254264962,5.2257969499439e-05,0.00013314628890624,0.000239486812471757,0.000314856435699439,0.00377006311998622,4.12132302402437e-05,0.0296072766884259,0.000128101514133173,0.0440347013586651,0.00158451250892432,0,0.00255863085260963,0.00391926535263342,0.0100562271814916,0.00854665100224193,3.14040411197275e-05,0.000409012385589042,0.00321414361898196,0.00431880001608908,0.00570841165409667,0.131154833405033,0.104438566442401,1.04439884486617,0.000855903392604074,0.0043368185221595,0.000689721201065576,0.0244949742339418,0.000455448774005729,0,0.00923593908104334,0.00230293851497483,0.0160417789413761,0.018399666727147,0.0114504332181329,0.00473078940344459,0,7.74778805750966e-05,0.00446648492156726,0.0576965392702786,0.0186026565637948,0.0204573509017592,0.0118963623551714,0.000738616787502304,8.63853984756354e-05,0.0246296503170645,0.000812897393535582,0,0.00114865430881989,0.000148610538613319,0,0.000159455562068626,0.00619985079876425,0.00155568131131812,0.094728970179863,0.000111784824849617,0.00296415866140516,0.000221399496910229,0.134761175994356,0.00356390297058053,0.000171426582582766,0.111105311475333,0.0194311516086115,0.00302398390648517,0.0130243188861909,0.000161764542120343,0.00460599761263979,0.332044644704304,0.00450755168367521,0.299747428511599,0.180564047236091,0.0503789146734664,2.60157041984461,0.0445762417430673,0.00522824264392481,0.00602626208156038,0.0099556564079419,0,0.000320490700899044,0.00366304069568322,0.00201723437858123
0,0.00293797429944733,0.234224333892026,0,0.00023976096020608,0,0.000474985521557039,0.000119982487216559,0.00138052795882872,0,4.11703339678585e-05,0,0,0.000864984259405914,0.00382213598183928,0.00797609257192258,0.00464402939172037,0,0.000639519593034699,0,0.00161123521539703,0.00335824272987044,0.0788630874149759,0.00192782952417704,0.000254930616313631,0.012346838017937,0.667489352960206,0.00131634898514655,0.000815727746622095,0.00193656974846705,0,3.19674100033194e-05,0,0.00737002438186968,0.0476212641462502,0.0341888748656864,0.00948443004144945,0.0135173163539199,0.012204336881154,0.00106121628507703,0.000462905253505248,0.000115686797743136,0.961791375881823,0.110813716036369,0.362913608110734,0.256271844159951,0.00972672835598014,0.00384231891988405,0.000642205947788325,0.026243794895982,0.00114865430881989,0,0.000566808705397999,0.000454471867649698,0.00504498829613773,0.572671215736141,0.14877047370303,0.00117806871703464,0.00659935673199474,0.00512440927693036,0.00295905532669279,0.00251059118707863,0.25569401450592,0.00133737564439904,0.0130168748748961,1.98421986344893,0.00492822786478676,0.0823052802701819,0.00148169646087059,0.12403128234726,0.00115373594540699,3.01635716340544,0.00360264882491759,0,1.09724534301245,0.907038500956164,0.157786237972036,0.0430696656293904,0.258278719403553,0.000135242734270168,0.000243771314934364,0.0011616693137754,0.0754727204787178,0.0576398109754237
3.53492551779568e-05,0.00523828133458379,8.06265114106653e-05,0.113342789605067,0.000941766925010915,0.00579434772731293,0.00655350803547212,0.00204258452701744,0.154643079955023,0.0919117172820805,0.000296273447368186,0.0729418418315445,0.000168610460355449,0.0016982754232022,0.0160168600842656,0.000381248032535696,0,0.000245226494358009,5.76813017930627e-05,0.0671056426449554,0.000317454278119818,0.00328981526141039,0.000334446187877413,0.0596998371078123,0.00389489857554832,0.000303833628351578,0.00881489661733744,0.0996292324318791,0.00319643957138316,0.00334188589650897,0,0.000433131615628481,0.000283143229858089,0.00471121213451705,0.00157866810245078,0.0277155254847686,0.0014952091431378,0.00653091177818817,0.00063548864429954,0.0183910613441829,0.00364080964928122,0.000113403068902052,0.07476455611654,0.00259835268741728,0.0167072227688546,0.00443110934346628,0.0546585042860876,0.00816584247595051,0.000560311369142366,0.000545932652985725,0.000148610538613319,0.000566808705397999,0,0.00241000361796713,0.0509141831469407,0.0207655233982517,0.0294791065569229,0.272610681833801,0.454185118660846,0.00522738281578254,0.594750364063888,0.0123887258182168,0.0239923943634716,0.0613339591372323,7.0414823686856e-05,0.000414008229631376,0.00697844734729564,0.00485730445685774,1.83369742592269,0.000811208120181701,0.000251211209510958,0.00150463272874957,0.260937564637889,0,0.0101843573494644,0.00353809245338638,0.251057659776288,0.0278138438706993,0.000492220240141565,0.000861182330748785,0.00179761183174652,0.000549004939937428,0.00607987411453468,0.00948382243144483
0,0,0.00116699191436269,0.000801031977199893,0.000106127812959492,0.000443300444115323,0.000371252400179059,5.04849914724529e-05,0.00305428195661568,0.000872551720163563,0.000181368420995402,0.0010179944574833,0,0,4.57978584678769e-05,0.000615707419012797,9.17646910283562e-05,6.08045679970324e-05,0.000111168615684026,0.000605784329780298,0.00138133877291058,6.00449252886713e-05,0.0042851219725548,0.00171474818436477,0.000729661213832772,0.000323631575129348,0.00464000741944454,0.00314725296989412,0.000219323011321652,0.000800850545318709,0,0,0,0,0.016539300308507,0.00220564713969072,0.00262457746658923,0.000414043292912948,0.00137528727827036,0.000266061921231938,5.92574180580259e-05,0,0.00573439160138199,0.00179577253023083,0.000834749192632377,0.00106399004804552,1.04016435889701,0.18233260368559,9.04026117003084e-05,0,0,0.000454471867649698,0.00241000361796713,0,0.121374579264622,0.00342538452306887,0.00421578601604323,0.00947423721632674,0.00237901546143943,0.000449292205256462,0.00379036892881552,0.000345613734266514,0.00143758324864411,0.177353033848286,0.00698208487804895,0,0.000372373427547798,4.59825216892421e-05,0.00136527307728123,0.00581108567132407,0.000598479542721665,0.0129771321903057,0.00291130674102608,0,0.000601065904162601,0.00174466853804819,0.00811677374662204,0.000360025946643621,0.000988730994056948,3.35121711578935e-05,0.0437686493027426,0,0.00611525161616267,0.0171010757895527
0,6.87605163965762e-05,8.77343857835773e-05,0.010347799822842,0.000546044002283323,0.00160841259345393,0.00154281059634942,0.000844583609816392,0.0221311966293313,0.0155405647635018,4.86481643855989e-05,0.0144395578503291,0.000225329341270173,0.000416621680165541,0.00626419335094162,0.000817768879589904,0,0,0,0.00813179194870414,0.00122777392084629,7.13320891323388e-05,0.000924340325928024,0.00922441456183799,0.0051858229247751,6.60315616539061e-05,0.00131904694587416,0.0193021349655135,0.00155300919205311,0.00367800394183516,0,0,0.000254624937550685,0.00158768939546877,0.0158713328112906,0.0124699850959394,0.000594703045822829,0.00322429392281588,0.000472420920738632,0.00953851410933824,0.00110835817505104,4.46628479142964e-05,0.0725520916395403,0.00270655847664091,0.0199240174420504,0.00536527414719813,0.542203193928172,0.0199200287356811,0.00212970755527513,0.000812266263726145,0.000159455562068626,0.00504498829613773,0.0509141831469407,0.121374579264622,0,0.254493477627852,0.583443104196199,0.0273255678469743,3.10469568480502,0.0134615648890356,0.522177665743258,0.0215754013034527,0.0731887360608465,0.213171627491493,2.68318868836701e-05,0.000920691237809727,0.0129410999673073,0.00605548163024036,0.10461979493433,0.00133065487346929,0.000433152900577365,0.0043816076839948,0.012247321418198,3.8520278552866e-05,0.0207202830015183,0.00726790267845374,0.17734079999783,0.0319646353538156,0.00165803791881405,0.00483875432125657,0.0515978428584328,0.000142319156314719,0.00949379454631132,1.17087893734049
0.000104072645883146,0.000401433353578115,0.00392144739842089,0.00280369594430321,0.00140965550690208,0.000799883305206665,0.0284252213771981,0.00157770569314601,0.0765219923439694,0.00704136720474,0,0.00400312082932976,0,0.00352045937259176,0.00714339300494218,0.00669390241947157,0.000270550655504662,0,5.99220834380627e-05,0.00234573797909317,0.0110855748508563,0.00143563520651305,0.00767113436080216,0.0986380325110609,0.0080555308204786,0.00012460150051468,0.0183474831386542,0.0905687437019121,0.0176007541480111,0.0347299051798003,0,0.000321615228114742,0.00339733825410237,0.016709694151527,0.0270415980768703,0.115240083807081,0.00808955263370281,0.0282464540415368,0.00811521676609434,0.00972018401946494,0.00882394814514437,0.000457056861094898,0.52741723686172,0.0232586768663633,0.362855559444218,0.0996928753919631,0.0568631880859587,0.0419304220039687,0.00286352431424658,0.550638935298776,0.00619985079876425,0.572671215736141,0.0207655233982517,0.00342538452306887,0.254493477627852,0,1.43486709752791,0.0703424292738065,1.47901960950233,0.0356697619232932,0.0222731083219821,0.0578134882535698,4.13687497694498,0.0258114928181536,0.0167131203280964,0.295869929001615,0.0489458732725131,0.155676508248035,0.0118157888784787,0.890757129151393,0.033401168865955,1.29288915217818,0.339434506822878,0.000444387820177785,0.361815344804441,0.259237482275182,6.29476276472798,1.55411457994949,1.84458851892482,0.0049145719225803,0.00748510215994766,0.0671203126516152,0.267364257990688,0.143165232019011
0,0,0.000383457521567574,0.00302954735765169,0.000324190689569348,0.00049366626950236,0.00226972467336421,5.1941705551213e-05,0.0182010825497008,0.00232981792524337,0.000124428207166505,0.00328410905491218,0.000265650101276988,9.77910895437656e-05,0.00210947115776247,0.00486955301616162,0.000152209001630533,9.06429252659798e-05,6.55515548658073e-05,0.00126971590857137,0.00521750104187304,0.000126255553186465,0.0019594347023348,0.017549489771638,0.00994428062528819,0.000367284925520164,0.00368295656091578,0.0239131234756527,0.000858518539823301,0.00692746095876673,4.47002999803006e-05,0.000127137116489422,0.000309217765599859,0.00244369031158612,0.00223432922113228,0.0173457128096872,0.000704226383914319,0.00431158424828597,0.00148740777594171,0.00432112969430978,0.000247153167053142,0.000197815775861525,0.229908514773366,0.0121477193476594,0.0672610465867391,0.0219863693697277,0.143548667553114,0.0484600960376697,0.00626007065390361,0.0549488465784609,0.00155568131131812,0.14877047370303,0.0294791065569229,0.00421578601604323,0.583443104196199,1.43486709752791,0,0.0264678430027685,1.17327081993141,0.060067447354755,0.254543825852157,0.0628095926548892,1.00595602377232,0.0274241240350064,0.00183283347676386,0.0380217935797235,0.0599108208749951,0.0415788517361873,0.0800317204867413,0.0446175052488869,0.00775042727543559,0.148596533142416,0.0436278787060274,0.000367174184992242,0.161132121735394,0.0699542296008068,0.24195505073769,0.245335749344409,0.180909655220609,0.024132035139221,0.0171894287756011,0.00203117712074654,0.0453269585442857,0.013731263297085
0.000174910631621578,0.000604042169850147,0.00139677084809866,0.0506667107322735,0.000994253083606198,0.00326578818243397,0.0332251615762695,0.00360910030901158,0.443963337096011,0.0626199142755114,0.00551301241376887,0.0106860562075335,0.00473640743787245,0.00695484884217119,0.00950132746228331,0.0134259540388151,0.000802934542152915,0.00138512743594408,0.000850780493932384,0.0166955811968973,0.0158928423660937,0.0049666162417,0.0101912033047349,0.210102332279338,0.00465195906812058,0.00672141641310224,0.0210321767195488,0.154447902579993,0.0225193648893527,0.0353013579668447,0.00315068815764361,0.00167389549622916,0.00462505997815704,0.0200547925186726,0.0152346112857172,0.124620475268288,0.00922609887244586,0.0337387307208317,0.00647519145083104,0.0073769722539799,0.0110590633504258,0.00311271162846189,0.13872369937439,0.00679990325881669,0.0298602799561481,0.01000690676178,0.130361395797136,0.0061243415890478,0.00324778225914667,0.0123722763731643,0.094728970179863,0.00117806871703464,0.272610681833801,0.00947423721632674,0.0273255678469743,0.0703424292738065,0.0264678430027685,0,0.143542468625106,0.00362913584030769,0.0974647362496884,0.018893982438158,0.0334605446202737,0.135353680011338,0.0265175668064613,0.00195122236005423,0.00334795297148642,0.00335862722000195,0.0897122866552771,0.00779969101938465,0.249970627363151,0.00527612308956631,2.67121602878102,0.00888225394509247,0.00905606089233693,0.351900619260615,0.633725450879416,0.0711907179322571,0.0584431299915052,0.00205719564041925,0.00196570040983018,0.00419273173249149,0.0122133453714911,0.0268027435029557
3.5145972400415e-05,8.42855088178756e-05,0,0.0351806015366192,0.00166334229334649,0.00338928142354012,0.0059198283606813,0.000763802450075575,0.0995802601057423,0.0613715595879517,0.00012750097789335,0.025209610370993,0,0.00114192514242392,0.0115123603203772,0.00258453614343731,0,0,0,0.0210637192337801,0.000443181815043461,0.000786067550544023,0.00109031868147243,0.0382227932695999,0.0126812700930056,0,0.000122340240598485,0.0614005399480168,0.00167312151387006,0.00335616002927585,0,0.000148845921839029,0.000470956989382875,0.00376641011768723,0.0129510165151592,0.0340025939071911,0.000530143183703512,0.00498112959085831,0.00125886467242477,0.0140554352096976,0.0024204607069971,0.000119255093098035,0.642052190139136,0.0176367193716244,0.215459931368632,0.0336885900916158,0.189606853350392,0.0942267181469095,0.00681061782501365,0.00615971338490676,0.000111784824849617,0.00659935673199474,0.454185118660846,0.00237901546143943,3.10469568480502,1.47901960950233,1.17327081993141,0.143542468625106,0,0.0835653469432863,0.71111623990173,0.130206635136252,0.435969240162076,0.0488729716895115,0.000485946597807974,0.00636655196529426,0.112136176402426,0.091478391163383,0.423507999631672,0.00454512675356005,0.00071398101755006,0.0105552110170791,0.0844511788998626,0.000140576209381944,0.197804967036718,0.0644750231775237,1.182324109644,0.315208170543358,0.00402487526925794,0.0172418146121943,0.0262907568123444,0.00138034353170815,0.108914232022703,0.266060568300358
0,0.000387529776366878,0.000133789700586027,0.000450802648467243,0,0.000173958277432674,0.000397341886655954,3.48190376225054e-05,0.0040608713271711,0.000249853236484832,0.0575702714653131,0.000991717050983014,0.0630541858968454,8.81414420579437e-05,0.000298114315944982,0.000721771091258508,0,0.00156645713641043,0.000498186747757358,0.000337444429455853,0.000345234778615218,0.000141575839281359,0.000530781764576021,0.0015074352867552,0.021505352933649,0.0332212590848801,0.0255588588537271,0.00185921197143637,0.000118192118746316,0.000614876043330056,0.0316657731076131,0.000206751524009096,0,0.00375580151676404,0.00105216300503184,0.00130121436917344,0.00166048507337925,0.000554190157643297,0.000221268708647842,0.000870360737266901,5.52261452629626e-05,0.0484932009534879,0.101693801180443,0.0777021400997215,0.239952558177444,0.0512400348356373,0.0302429513269072,0.0572931564764824,0.236705331400951,0.00148856330643133,0.00296415866140516,0.00512440927693036,0.00522738281578254,0.000449292205256462,0.0134615648890356,0.0356697619232932,0.060067447354755,0.00362913584030769,0.0835653469432863,0,0.0633201308787464,0.594796880305294,0.101779234201583,0.0264478857585583,0.00246826877154441,0.00388037300007278,0.993208956450008,0.101682927206865,0.0220230269126044,0.0103771526504162,0.0012533612718731,0.018525935853814,0.00480690493849957,0.0155742132574024,0.862523680653421,0.119806259573083,0.0221854267081964,0.336890205866801,0.00958084527217509,0.294923126743548,0.0278758111887776,0.000327313958088032,0.391369180109838,0.00709861793276854
0,0.000368596474650383,0.000174133709576213,0.0366781340851039,0.00240883664353349,0.00548231236269848,0.00570915587155362,0.00190633450808999,0.0596279575148433,0.046129954131223,0.00021169953912437,0.0992778746247141,5.24183884105861e-05,0.00103406659264588,0.0137015145562676,0.00350768626909545,0,0,9.11971602897168e-05,0.0237065081262445,0.00166913599833339,0.000657693358519659,0.00183756992937105,0.025820958344061,0.0166647049405691,0,0.0014165006960024,0.0468312106172268,0.00279759477822389,0.00303854702430053,0,0.000303454327807957,0.000418644316256991,0.00321435627866428,0.183383693223673,0.0272261212233421,0.00118674258311523,0.00515791843201644,0.0018489642690837,0.0186796379799682,0.00294817648295711,0.000497345606297949,0.362893179686896,0.0128384750960791,0.0811213764333045,0.0171416096258903,0.208761106294047,0.0501201689485164,0.00596262515824957,0.00247561064725901,0.000221399496910229,0.00295905532669279,0.594750364063888,0.00379036892881552,0.522177665743258,0.0222731083219821,0.254543825852157,0.0974647362496884,0.71111623990173,0.0633201308787464,0,0.0778285142866091,0.161372870918591,0.0808520239592025,0.000353705554039505,0.0048357430177493,0.0855225152030613,0.0551467913556258,1.51790937921757,0.00191453627212943,0.000272029803787607,0.00672337652183528,0.0379838887881456,0.000357350906210059,0.140849728213212,0.0536712093033111,0.255303680613746,0.118522008948232,0.00197711758187776,0.0176300928558323,0.0140365240574755,4.06784943638503e-05,0.049835726939803,1.73723923108733
0.000100776426593899,0.00216874391542751,0.000708581225893721,0.000983438484746414,0.000443026377395976,0.000276314935852313,0.00384849664395824,0.000751053509874511,0.0098490879082342,0.00185580082430231,0.541323108136995,0.00192056284656307,0.573138163807075,0.000823921821182966,0.00129422957275192,0.00182323345210813,0,0.00961816569578765,0.00407874070318859,0.000697926402454704,0.00256911864631547,0.00145926830040278,0.00120485361986171,0.0122382877738683,0.225573839062599,0.275412893826791,0.19973711821104,0.0125897517106512,0.00236963274904037,0.00701202213840048,0.332097222037154,0.00101168362233163,0.000475388661335999,0.0165531755906591,0.00885293890058833,0.024867515198145,0.0100937953905653,0.0127280002579279,0.00404490080793545,0.0123175351418822,0.000615940232906413,0.102021435670811,0.307504347808708,0.281699246190247,0.184100568142457,0.11456619247168,0.21418752726048,0.0975660509698732,0.3952440044081,0.000529287434086591,0.134761175994356,0.00251059118707863,0.0123887258182168,0.000345613734266514,0.0215754013034527,0.0578134882535698,0.0628095926548892,0.018893982438158,0.130206635136252,0.594796880305294,0.0778285142866091,0,0.0653753168639881,0.0118683876409463,0.0215591832857804,0.000434226847828892,0.0118971486795834,0.00224138044983403,0.0284419178160797,0.00680868068286891,0.0664651500643748,0.0121591965425453,0.0550388235467366,0.53588937246264,0.0358509846944075,0.202187972901472,0.0825177235568762,0.216944510849268,0.00977218806488273,0.320658832141928,0.0439787380234157,0.00062198931792979,0.272165526454595,0.0374721069265403
0,0.000155504218648792,0.00165748478327928,0.00108597767685091,0,0.000609036275542569,0.00130488127595701,0,0.0207497020738809,0.000695605036370528,0.000548098463372022,0.00245166059732169,0.000614440962818167,0.000162203909481814,0.0014092799770269,0.00585364152572457,3.23290816881836e-05,0,0,0.00121299324309991,0.0104882552446816,0.00076187315712465,0.00194925107356922,0.0254907073176455,0.0101118365368494,0.000412565359854641,0.00599596819791434,0.0294333111948736,0.00121392237839672,0.0104825404934182,0,3.4223563661319e-05,0.000715323745872435,0.00332745650432754,0.00214209723803761,0.0190643679968181,0.00144197254282069,0.0060051745823757,0.00127833691122283,0.00399337282040434,0.000432898831826142,0.00151113056498334,0.224950873454027,0.0130434442373798,0.0861975348386614,0.0278130508961151,0.0603037386356643,0.0349574495376385,0.00603280717730166,0.524094014772925,0.00356390297058053,0.25569401450592,0.0239923943634716,0.00143758324864411,0.0731887360608465,4.13687497694498,1.00595602377232,0.0334605446202737,0.435969240162076,0.101779234201583,0.161372870918591,0.0653753168639881,0,0.0164144373865533,0.00542654930804306,0.100479147280794,0.0997687323411031,0.0843404297125971,0.0629999858942114,0.0843500385678858,0.010984224247981,0.300299551442508,0.0625867806549299,0.00106406122085921,0.327567392128583,0.148688313469334,0.29439920719742,1.04927538458493,0.542262442549161,0.0468446867640546,0.00458641456387239,0.00416362010964769,0.0809347533393068,0.0132708795004513
0,0,0.00100074698482686,0.0125386958321054,0.000580135196732867,0.0024495935233586,0.00365180667766374,0.00139770338370974,0.0366267009313889,0.0181355080213026,0.000163934326869887,0.014875396819793,0,0.0014834480277968,0.00665282333614315,0.0035036180071771,0,7.94883852525828e-05,0,0.0106088596572489,0.00276250956242598,0.00047841144582271,0.00422693497991156,0.0151906756444296,0.00304335711026197,0.000604067057650745,0.00623030307594704,0.0263394695132597,0.00120536675714553,0.00492000009725477,0,0.000258096107523042,8.49755434589387e-05,0.00316286207437812,0.0263441170554029,0.0187992139247767,0.00315649834339132,0.00375011065681697,0.00253460131540737,0.0117498198997363,0.00120896536598969,0.000441212785404211,0.0417278268005273,0.00802450351288512,0.00994980410829501,0.00445978412661585,0.489163934685469,0.0073697307141556,0.00477609973461989,0.000230170703641737,0.000171426582582766,0.00133737564439904,0.0613339591372323,0.177353033848286,0.213171627491493,0.0258114928181536,0.0274241240350064,0.135353680011338,0.0488729716895115,0.0264478857585583,0.0808520239592025,0.0118683876409463,0.0164144373865533,0,0.0153086265491866,0.000209800594383419,0.00495609562767007,0.0024459779546079,0.0310033561616644,0.0152949808056083,0.00169861482502755,0.0240660046747413,0.0513671593299935,0,0.00971664637091808,0.00622105011481866,0.0756607665359551,0.00859395555176985,0.00411483117826939,0.00353197732726936,0.0222179124902084,0.000116470795867968,0.00343887100509287,0.0621093395555649
0,0.000777978408894658,0.0122438078218401,0,0.000619114612616038,0.000351951392319352,0.00123312872604387,0.000369084911625403,0.0676864985786904,0.000292080832091251,0.00238227963583364,0.000247873117052737,0.00123352856504124,0.000764248173640585,0.00481787017429085,1.17141350897639,0.000871200445918586,6.68207817726135e-05,0.000835077076442864,0.00023176295114576,0.154568202659804,0.249692385511559,0.717729323764948,0.0706731019646539,0.0366613715935551,0.00245089072589394,0.439452712970299,0.0680758018330624,0.00105898079023788,0.023254724532246,0.000833009227050715,0.000275548473997694,0.000614367431311322,0.00582233303135271,0.070183382369794,0.0520489500329356,0.011378292995357,0.0220953441461585,0.0134824331663249,0.00924268607304867,0.00162323500548647,0.000792667926275439,1.43448800625639,0.0900436502453112,0.366345853988863,0.266663678744747,0.0252291670111929,0.00347816708305501,0.00163569518053684,0.00305562110639083,0.111105311475333,0.0130168748748961,7.0414823686856e-05,0.00698208487804895,2.68318868836701e-05,0.0167131203280964,0.00183283347676386,0.0265175668064613,0.000485946597807974,0.00246826877154441,0.000353705554039505,0.0215591832857804,0.00542654930804306,0.0153086265491866,0,0.0158700395136771,0.00188468933884661,0.0165648350252613,0.000269548727094644,0.668288918369591,1.56996367554219,0.381125058716321,0.606391907573321,0.00338961470757742,0.0241106372265267,0.852056914223707,0.564692956109674,0.0131402242692832,0.0783849627633256,0.000680456698775208,0.000392357694881868,0.000947863271856521,0.0449270832950287,0.172787950923385
0,0.00303738651949139,0.0557728977620426,0,0,0,7.14962717677951e-05,0,0.00131710216980398,0,5.68258114240647e-05,0,8.17242134104851e-05,3.94462704686105e-05,0.00051301519193353,0.00215121173068388,0.00142000079063587,0.000345551871230912,0.000634029078493628,0,0.000987016684760802,0.00078805040596759,0.00538115245518821,0.000599035761454955,0.00110769761365821,0.0130380965684442,0.20951139764049,0.000380462958069042,0.000344851531484914,0.000322813189619315,0.000150255179659617,0,0,0.0016699145129017,0.00316914259604053,0.00529901248680966,0.00223885738423642,0.00241220724151475,0.000697587245989001,0.00014293198136903,0,0,0.11931009935708,0.0255036781324037,0.0986535091109224,0.0421387930636404,0.00225447052789564,0.000360555893377581,0.000373902992607605,0.0264884650605004,0.0194311516086115,1.98421986344893,0.000414008229631376,0,0.000920691237809727,0.295869929001615,0.0380217935797235,0.00195122236005423,0.00636655196529426,0.00388037300007278,0.0048357430177493,0.000434226847828892,0.100479147280794,0.000209800594383419,0.0158700395136771,0,0.0162598198328362,0.449623417747779,0.00160142461082915,0.071131938227106,0.00288633345111064,0.848647766541563,0.00735322079489565,0.000120866075893915,1.48862162372846,2.5164319806951,0.0363918601310346,0.0437820674683094,0.323440194881102,0.000322078740253747,0,0.00212820575057549,0.208399062582627,0.00617860750083677
0,0.00086029479317003,0.000198800427249253,0,0,0,0,0,0.00250215718782397,0,0.00349047170472221,0.000602277837278446,0.0050551933221158,0.000207478811650795,0.000106526712183141,0,0,0.00387291790940143,0.00224427449689461,0,0,0.000687189617321921,9.30865221163748e-05,0.000134106529324371,0.00880326073031679,0.0292502906065407,0.0531674036831995,0,0.000300930447431153,0,0.00744381528709432,0,0,0.00215800536648296,0.00667606009319719,0.00186220808579302,0.00284160077754598,0.00153081854434752,0.00120508431116295,0.000605961467867759,0,0.000239630336288357,0.221047495323346,0.0839285985937842,0.326172436113163,0.0953848742300516,0.0145840388403521,0.0130786216968293,0.00135934498696702,0.00261652749452336,0.00302398390648517,0.00492822786478676,0.00697844734729564,0.000372373427547798,0.0129410999673073,0.0489458732725131,0.0599108208749951,0.00334795297148642,0.112136176402426,0.993208956450008,0.0855225152030613,0.0118971486795834,0.0997687323411031,0.00495609562767007,0.00188468933884661,0.0162598198328362,0,0.240786959357516,0.0267164682107765,0.0113237737543678,0.00162178771692148,0.0223532292027251,0.00514953281259068,0.001659726011664,0.949974255656467,0.187119886384906,0.0249700692564976,0.11119383969446,0.0185571649998037,0.0436413261781832,0.00576648855896121,0.00100909223564747,0.149524406015262,0.0134430461316919
0,0.00819008058505087,0.0166765010914151,0,0.000266641627364099,0.000121750194640684,0,3.99681226491213e-05,0.00322285084240021,0,0.000753319001087162,0.000473120760506493,0.0023382781548325,0.000225017188253295,0.000358441650180805,0.00104658115189222,0.00150514846314204,0.00484271571053342,0.00415213639884305,0,0.000316933731437776,0.000906030939058685,0.000275058011648277,0.00123014885171782,0.0214958699640599,0.0712417275443075,0.230395947882561,0.000424569645117888,0.00184962345322194,0.00032237566708458,0.00144488403124822,0.000392879042454815,0,0.00474663632160357,0.00766681412610575,0.00552992326225629,0.0104134590118901,0.00487192621794209,0.00263010432444849,0.000283982445475784,0,0.000154042189987612,0.25124727068408,0.0700268380994023,0.373322428095155,0.12381950809381,0.00713388185602974,0.00271548101471798,0.000300106446425933,0.021146693340452,0.0130243188861909,0.0823052802701819,0.00485730445685774,4.59825216892421e-05,0.00605548163024036,0.155676508248035,0.0415788517361873,0.00335862722000195,0.091478391163383,0.101682927206865,0.0551467913556258,0.00224138044983403,0.0843404297125971,0.0024459779546079,0.0165648350252613,0.449623417747779,0.240786959357516,0,0.0185919166422251,0.117267252049887,0.00276635008893235,0.266086222855622,0.012732586006477,0.0011088066994195,2.42019810890126,0.812028358353781,0.0550868008689289,0.0678273689731249,0.175632255417195,0.00258808847652724,0.000692465939840266,0.00435571013819882,0.464551181327453,0.0131272513666532
5.14432366074622e-05,9.06157320106388e-05,0,0.0422669968695969,0.000829791358502025,0.00318592109383387,0.00422850997816986,0.00124871458617392,0.0560333179531236,0.0353906329241513,0,0.0274354117428078,0,0.000874303175983527,0.00805640520585475,0.00141184364270102,0,0,0,0.0150220999348694,0.000667328703390163,0,0.000967170922944251,0.0184259656558543,0.00500456507533353,0,0.000270096478605595,0.0374300301623014,0.00113327201386244,0.00183369519602715,0,0.000157632364015433,0.000343644461582336,0.0024550343178516,0.0012784152804811,0.0138339752802448,0.00055450216020379,0.00280855272961147,0.000296741734761343,0.0107891701059887,0.00153959997979842,0.000116367244840479,0.145507877978219,0.00530127112878478,0.0292945203368202,0.00564168618991528,0.0660181315791377,0.0151953320218346,0.00154344448761217,0.000960480435412489,0.000161764542120343,0.00148169646087059,1.83369742592269,0.00136527307728123,0.10461979493433,0.0118157888784787,0.0800317204867413,0.0897122866552771,0.423507999631672,0.0220230269126044,1.51790937921757,0.0284419178160797,0.0629999858942114,0.0310033561616644,0.000269548727094644,0.00160142461082915,0.0267164682107765,0.0185919166422251,0,0.000821672664904165,7.05571137611091e-05,0.00266317488760215,0.279679603845201,0.000187141453275165,0.0470674985580044,0.0205399445817794,0.114118713754253,0.0487525913747836,0.0011926753630392,0.0053994887482884,0.005075488916114,0.000173637374798399,0.0144416894145277,0.0106114551780116
0.000108303495599282,0,0.00288994076559266,0,0.000536686976261044,0.000207733397740507,0.000269932749654004,0.000116360691886285,0.0161283524381081,0.000178171868644228,0,0.0001362114696872,3.97803299349725e-05,0.000299228679253274,0.00464825311674805,0.0457833599953829,0.000488920375178403,0,9.84722542023239e-05,6.33009588351548e-05,0.0373967681260389,0.00994227242838015,0.0225063398709462,0.0217403563264304,0.00885705958151077,0.000456356069979748,0.0164016579847213,0.0265639160273933,0.0010199285974445,0.0116966565045514,0,3.66015430106581e-05,0.000299045432636631,0.00219591063489188,0.038286554266189,0.0203377017934832,0.00461289440365034,0.00651877929251234,0.00700334750383497,0.00318852073710144,0.000441050908223498,0.000231914516277397,0.581943749583871,0.0240708731215767,0.672542065770419,0.212681979127315,0.0246964404890644,0.00334786764419909,0.000351591551572943,0.0104380057209219,0.00460599761263979,0.12403128234726,0.000811208120181701,0.00581108567132407,0.00133065487346929,0.890757129151393,0.0446175052488869,0.00779969101938465,0.00454512675356005,0.0103771526504162,0.00191453627212943,0.00680868068286891,0.0843500385678858,0.0152949808056083,0.668288918369591,0.071131938227106,0.0113237737543678,0.117267252049887,0.000821672664904165,0,0.0306840344605734,3.82034413046282,0.0399460827980624,4.33076386562049e-05,0.116013105007976,0.207238562593876,1.61233734535831,0.0567490348554152,1.82233640864644,0.00018191638314529,0.000142873988534564,0.0110605655139061,0.671647574216813,0.132859494539742
0,0.00538059995851438,0.0171651154799736,0.00564381028684783,0,0.000126502662751258,0.00201547457821876,0.000264445498859105,0.117839263277789,0.00037829000910601,0.0261106029794413,0,0.0216747502994096,0.000390292433339524,0.000806503372206649,0.348799556369306,0.00158653407330337,0.000659311475262844,0.000499872974948144,0.000222049838842526,0.0635421364533208,0.179120063223357,0.138217201992353,0.0970907689728549,0.0151747678284706,0.0212958153856335,0.499193069463691,0.0422935117610828,0.00151840086512409,0.0137949741778099,0.0141543285450239,0.000160372658540017,9.71148320780335e-05,0.00535381870599065,0.0039558213953189,0.0374455441251124,0.00604224487572224,0.0118964941457048,0.00538614856773732,0.00141162934420146,0.00069416942322092,0.00326570835027672,0.0916185296951443,0.00917853427873359,0.0261392221122465,0.0123290982635663,0.00452932618754085,0.00126979633792474,0.0144453054300181,0.0061259114648449,0.332044644704304,0.00115373594540699,0.000251211209510958,0.000598479542721665,0.000433152900577365,0.033401168865955,0.00775042727543559,0.249970627363151,0.00071398101755006,0.0012533612718731,0.000272029803787607,0.0664651500643748,0.010984224247981,0.00169861482502755,1.56996367554219,0.00288633345111064,0.00162178771692148,0.00276635008893235,7.05571137611091e-05,0.0306840344605734,0,0.0319880900041194,2.12180642093007,0.0416170706598622,0.0135931173494883,1.72807801331295,0.285702087520224,0.031890034120599,0.0295401367794044,0.00514670050820061,0,0.00187879508038632,0.0089728291325797,0.0146159289528095
0,0.000400442695508603,0.0253803592193227,0,0.00128770768664388,0.000526672488247442,0.000516013822383854,6.35397724664151e-05,0.0132969761602257,0.00014285510047161,5.40751446678519e-05,0.000120477296598112,0,0.000105195650017297,0.0161044483884741,0.239444614837802,0.000438270777477905,7.46089689894795e-05,3.62071250725329e-05,0,0.0301550860255519,0.033170629252519,0.182111018518558,0.0162830373198996,0.00853600454186315,0.0012887504882666,0.240563713427457,0.0168117240580311,0.000356014344284707,0.00653812946025942,0,3.8350299874562e-05,0.00035019909857307,0.0031521703104248,0.239850761813968,0.0345260217410242,0.0199584920838531,0.0113727259911052,0.0302935744905784,0.00392493814161142,0.000800663127588162,0.000230832568218321,3.24086793638423,0.217553684790086,1.72965305537026,1.20553492904173,0.0770785300633106,0.01567127838795,0.00319323591286124,0.0244194457866406,0.00450755168367521,3.01635716340544,0.00150463272874957,0.0129771321903057,0.0043816076839948,1.29288915217818,0.148596533142416,0.00527612308956631,0.0105552110170791,0.018525935853814,0.00672337652183528,0.0121591965425453,0.300299551442508,0.0240660046747413,0.381125058716321,0.848647766541563,0.0223532292027251,0.266086222855622,0.00266317488760215,3.82034413046282,0.0319880900041194,0,0.0778348627937249,0.000126739825991723,0.856985387474755,2.13322860038368,0.900173129601795,0.0625490016286859,1.11849765169174,0.000870683070394174,0.000455757737347269,0.00385113277637095,0.466318625290877,0.439095433850301
0.000477418454521891,0.00446165036213896,0.00427846961761485,0.0919115130734179,0.00227468292414301,0.00586992885749557,0.0682944639010635,0.00687558271108879,0.335158569052884,0.0850208256084755,0.010660514954028,0.0172561943861751,0.00945696438829752,0.00993301980982941,0.0172769432126692,0.041919193499597,0.00152856177266099,0.000522198433888352,0.000372577751946458,0.0203069775328233,0.0360515923134654,0.0204953924674489,0.0264905941734173,0.317473257014447,0.0160185345874321,0.00599452487213902,0.0596972587043567,0.256979742026838,0.0346341756389983,0.0672142858988458,0.00410220651272665,0.00306033352069732,0.0070812481136102,0.0377079052521537,0.0204041933280791,0.258421546651075,0.014294691129488,0.0638694070961733,0.010512509812553,0.0194681948869357,0.0198450274366252,0.00264619777349387,0.313185800454164,0.022151773102251,0.0848431709162904,0.028278869302327,0.0494748261378964,0.0124426992589986,0.00659667649734386,0.0174712189072199,0.299747428511599,0.00360264882491759,0.260937564637889,0.00291130674102608,0.012247321418198,0.339434506822878,0.0436278787060274,2.67121602878102,0.0844511788998626,0.00480690493849957,0.0379838887881456,0.0550388235467366,0.0625867806549299,0.0513671593299935,0.606391907573321,0.00735322079489565,0.00514953281259068,0.012732586006477,0.279679603845201,0.0399460827980624,2.12180642093007,0.0778348627937249,0,0.0271895056323346,0.0197949619569009,0.998391956940333,1.26968643456391,0.164238466617955,0.11428567732829,0.00450534564356659,0.00267410986082785,0.00939072685879833,0.0431572904435765,0.0659451512333765
0,0.000977041542248924,0.00023031715094161,0,0,0,6.34201712148428e-05,0,0.000353984928397131,3.78191402306765e-05,0.117165211155437,0,0.140486825410886,0.000216543063438433,0,0,8.0946173358452e-05,0.009319562366504,0.00426110157847125,0,0,0.000661490708673293,0,0.000355128702456391,0.0782533668475965,0.16013874225479,0.14689967994406,0,0.000992111339297176,5.75996201796412e-05,0.107203819771422,0.000256400177052855,0,0.00616964356410701,0.000494589192107874,0.00377234337675691,0.00823363070384468,0.00430021064377773,0.00164529388812053,0,0,0.0163422813288217,0.00830790961087818,0.0532840737435022,0.00837754830183701,0.00484530758330743,5.91787316839993e-05,0.000284023608027684,0.0456828404348716,6.78495377132237e-05,0.180564047236091,0,0,0,3.8520278552866e-05,0.000444387820177785,0.000367174184992242,0.00888225394509247,0.000140576209381944,0.0155742132574024,0.000357350906210059,0.53588937246264,0.00106406122085921,0,0.00338961470757742,0.000120866075893915,0.001659726011664,0.0011088066994195,0.000187141453275165,4.33076386562049e-05,0.0416170706598622,0.000126739825991723,0.0271895056323346,0,0.0208197885461852,0.345426883721814,0.002507218434099,0.00636016794121335,0.00021759499429158,0.0127972847884476,0.000207298064924837,0.000232117405553627,0.0130488963253604,0.000217595600746542
0,0.0687224318235079,0.189533511816721,0,0.000269329479737422,0.000263363437379062,4.22096450024724e-05,0.00033314945522893,0.00993296316878767,0.000124661872874725,0.0487512472460595,0.000538270860704839,0.0646816906693277,0.00295185443555397,0.00356489402678078,0.000336609794656366,0.0122618479890004,0.0331445590036268,0.0317937771468419,0,0.000369243819028571,0.00549817247472497,0.00392118308127521,0.00363163745313969,0.139264772605608,0.510968751714003,1.53771691212709,0.000689751609458104,0.0086304281444007,0.000479304325760445,0.0957845204071498,0.00121809293445307,0.000108868294975877,0.027216031592781,0.0543670180946607,0.0491516170952165,0.0506152834648752,0.0248027296167293,0.021831910487313,0.000950053715424923,0.000576509491851327,0.00113995036766552,1.66778000616046,0.514124896126112,1.09731392140602,0.632255893061359,0.0326412775156887,0.0294684444421361,0.0117597948917918,0.0450928561850206,0.0503789146734664,1.09724534301245,0.0101843573494644,0.000601065904162601,0.0207202830015183,0.361815344804441,0.161132121735394,0.00905606089233693,0.197804967036718,0.862523680653421,0.140849728213212,0.0358509846944075,0.327567392128583,0.00971664637091808,0.0241106372265267,1.48862162372846,0.949974255656467,2.42019810890126,0.0470674985580044,0.116013105007976,0.0135931173494883,0.856985387474755,0.0197949619569009,0.0208197885461852,0,2.25047487793523,0.0847236411002517,0.293738972944222,0.258388682855501,0.0916564408591294,0.0117328403111992,0.00465720581091387,0.275018428614112,0.0934309888938511
0.000629625965476867,0.581004074703954,1.42647179034407,0.00262659317705759,0.00148040010783514,0.000747735668845553,0.00286632210857163,0.00175772904564359,0.0240710113134505,0.000629092018917811,0.130366995716616,0.000723023564268297,0.242577128695263,0.0109851641420666,0.0166471530020596,0.326405125762212,0.064136516344293,0.114527890993745,0.113840521280131,0.000209430740185988,0.0226082349430686,0.116083500048963,0.745226640745216,0.0401425576163575,0.686274022324226,1.57872469144617,11.9999384768915,0.0227455281038816,0.0327183857827966,0.0131748222471277,0.279517871266962,0.00431961744099297,0.000235336774036729,0.142838754151677,0.248604006020753,0.395004253162746,0.232751627739417,0.193327791921731,0.113707914618091,0.0053746643662134,0.00300231911541461,0.00767818725146828,5.17006138922511,0.734420416537745,1.93878568924458,1.42235415452455,0.0519508153866555,0.0255450962934976,0.0358850860620234,0.0352015875865364,2.60157041984461,0.907038500956164,0.00353809245338638,0.00174466853804819,0.00726790267845374,0.259237482275182,0.0699542296008068,0.351900619260615,0.0644750231775237,0.119806259573083,0.0536712093033111,0.202187972901472,0.148688313469334,0.00622105011481866,0.852056914223707,2.5164319806951,0.187119886384906,0.812028358353781,0.0205399445817794,0.207238562593876,1.72807801331295,2.13322860038368,0.998391956940333,0.345426883721814,2.25047487793523,0,0.464208374310733,0.127160983290685,0.255714039101352,0.0803699045875565,0.00329309551843466,0.00612334486064187,0.31644168379541,0.329055670116473
0.000808901994171852,0.0010422062714372,0.00568204215208648,0.0570116396801335,0.0030700415846102,0.0102432269673504,0.101550487051433,0.0056879885610441,0.373141302588306,0.110655576608878,0.000809482832198962,0.0357768656021449,0.000154697314118201,0.0119042937537185,0.0308021155679702,0.0542113875551468,0.00155082030165754,0,0.000144533957614303,0.0360778419086818,0.052610521171065,0.0129210737041244,0.0396379033065055,0.364164111019172,0.0235620494639488,0.000555030586170918,0.0539159493258859,0.370215771043375,0.0535748912882418,0.114986973557926,0,0.00180990895142696,0.0116299272997929,0.0558444682689902,0.0460161887564045,0.387260413633964,0.022087509007291,0.0973589050533885,0.0182325398986747,0.039296451385622,0.0328710170252227,0.00200822603407111,0.939802838641618,0.0480159012808089,0.463215098016589,0.124982824402695,0.0988745905650264,0.0437183517255285,0.00356448976436572,0.0484902600404211,0.0445762417430673,0.157786237972036,0.251057659776288,0.00811677374662204,0.17734079999783,6.29476276472798,0.24195505073769,0.633725450879416,1.182324109644,0.0221854267081964,0.255303680613746,0.0825177235568762,0.29439920719742,0.0756607665359551,0.564692956109674,0.0363918601310346,0.0249700692564976,0.0550868008689289,0.114118713754253,1.61233734535831,0.285702087520224,0.900173129601795,1.26968643456391,0.002507218434099,0.0847236411002517,0.464208374310733,0,0.656505809322509,0.799361793287897,0.00218009222011613,0.00944234650204378,0.0700166562113013,0.300755739229337,0.227421609682489
0,9.78724100618663e-05,0.00247893110854377,0.00112433711058533,0.000763335176526976,0.000240535866135901,0.00442196486833478,0.000195909359225082,0.0539163019910202,0.000956950761053958,0.0101828939852134,0.0015434512674083,0.00999677554507444,0.000588859771244242,0.00153161176197662,0.0170263997957163,8.59723332047704e-05,0,0,0.000873963070485247,0.0321054561497245,0.00245460388528461,0.0039796174311576,0.0595480374054136,0.0165883870347337,0.00182467527563432,0.00794336059118564,0.0801270296362036,0.00470713622015554,0.0277620827891942,0.000951077439178168,9.86694955773768e-05,0.00121883605473578,0.00803558952348779,0.00256890380617293,0.0524649773895526,0.00367605456874378,0.0169393874732658,0.00506035830228069,0.00725487724802819,0.00103368971097796,0.0177840399527559,0.108306097583882,0.00897575996738351,0.144048078387391,0.0297727547070527,0.0249018794292663,0.0895295264340308,0.0284453825650365,0.46234895356949,0.00522824264392481,0.0430696656293904,0.0278138438706993,0.000360025946643621,0.0319646353538156,1.55411457994949,0.245335749344409,0.0711907179322571,0.315208170543358,0.336890205866801,0.118522008948232,0.216944510849268,1.04927538458493,0.00859395555176985,0.0131402242692832,0.0437820674683094,0.11119383969446,0.0678273689731249,0.0487525913747836,0.0567490348554152,0.031890034120599,0.0625490016286859,0.164238466617955,0.00636016794121335,0.293738972944222,0.127160983290685,0.656505809322509,0,0.691693218423717,0.130131125426556,0.00852299929342542,0.215463834471105,0.591485042746455,0.00747424603975537
4.24933224126756e-05,0,0.00569803439027981,0,0.000466693907279896,9.13997856885967e-05,0.00185497950605015,0.000139092727955145,0.0403110061555527,0.00012206651645675,0,0.000152428151769784,0,0.000484147537588173,0.00171396268167611,0.0245478772539382,0.000533779311740381,0,0.000215384827048618,0.000162316305029958,0.0373049717558403,0.00504176136780002,0.0111871057027941,0.0511035501880809,0.0131528966248701,0.000597251124215579,0.025497745019161,0.066517179847093,0.00341817093804068,0.0253240684608909,0,0.000217453977309805,0.000871554705890514,0.00395513651554501,0.0106854025023223,0.0506733418450868,0.0041371901912979,0.0173225787009223,0.0049871969436014,0.00670398332124771,0.00144336486156718,0.000360158445479357,0.174193797677855,0.0109076904534379,0.279397936432753,0.0658989342844382,0.00937594776200132,0.0022747870538489,0.00016681758505038,0.256823681119568,0.00602626208156038,0.258278719403553,0.000492220240141565,0.000988730994056948,0.00165803791881405,1.84458851892482,0.180909655220609,0.0584431299915052,0.00402487526925794,0.00958084527217509,0.00197711758187776,0.00977218806488273,0.542262442549161,0.00411483117826939,0.0783849627633256,0.323440194881102,0.0185571649998037,0.175632255417195,0.0011926753630392,1.82233640864644,0.0295401367794044,1.11849765169174,0.11428567732829,0.00021759499429158,0.258388682855501,0.255714039101352,0.799361793287897,0.691693218423717,0,0.00038274784195221,0.000356853900165302,0.155653005566266,0.588783367053986,0.0308143162034438
0,0.00149714313958675,0,0,0,0,0,0,0.000523678123814279,0,0.0908174584604019,0.000117515944610274,0.0922307096758124,0.000113276477215416,0,0,0,0.00605104389373761,0.00331383126911167,0,0,0.000429795321702724,0,0.000271736122185236,0.0473151730749452,0.141312891348959,0.117807606319489,0,0.00072790186021002,0,0.116065591093658,0.000101342221297342,0,0.00428738718137239,0.00145299570200502,0.00128923356667964,0.00396220936135706,0.00229585377616432,0.00110485243251639,0,0,0.00327075902525474,0.0517126607775034,0.143146729797982,0.0727006146252691,0.0201096777783787,0.0060403278368651,0.0180014716278002,0.0480201370724386,0.00042406708607521,0.0099556564079419,0.000135242734270168,0.000861182330748785,3.35121711578935e-05,0.00483875432125657,0.0049145719225803,0.024132035139221,0.00205719564041925,0.0172418146121943,0.294923126743548,0.0176300928558323,0.320658832141928,0.0468446867640546,0.00353197732726936,0.000680456698775208,0.000322078740253747,0.0436413261781832,0.00258808847652724,0.0053994887482884,0.00018191638314529,0.00514670050820061,0.000870683070394174,0.00450534564356659,0.0127972847884476,0.0916564408591294,0.0803699045875565,0.00218009222011613,0.130131125426556,0.00038274784195221,0,0.00578181149077375,0,0.0992301052853254,0.00392479461548011
0,0,0,0.00029469476177113,0,0,0,0,0.00172321873294712,0.000160774127095759,0.000356326927838314,0.00053225154058361,0.000175940000961292,0,0.000158165273582798,4.63180672017336e-05,0,0,0,0.000317640550067133,0.000138251084202886,0,8.98859305899741e-05,0.000793086972766241,0.000601738881679166,0,0.00012956293633939,0.00131160088952997,0,0.000116394391801548,0,0,0.00014495160601809,7.39804270298421e-05,0.000832174832981441,0.000719901399868,0.000143955001449347,0,9.61074826087712e-05,0.000242362749213141,0,0.000596415836666858,0.0256708161571457,0.00328447068724691,0.0233207662462337,0.0231534847995226,0.117294419604963,0.678488031562239,0.00645086209340595,5.76184619483232e-05,0,0.000243771314934364,0.00179761183174652,0.0437686493027426,0.0515978428584328,0.00748510215994766,0.0171894287756011,0.00196570040983018,0.0262907568123444,0.0278758111887776,0.0140365240574755,0.0439787380234157,0.00458641456387239,0.0222179124902084,0.000392357694881868,0,0.00576648855896121,0.000692465939840266,0.005075488916114,0.000142873988534564,0,0.000455757737347269,0.00267410986082785,0.000207298064924837,0.0117328403111992,0.00329309551843466,0.00944234650204378,0.00852299929342542,0.000356853900165302,0.00578181149077375,0,0,0.458071445155214,0.00557642463857193
0,0,0.000395942871443033,0,0,0,0.000517250478955633,4.79749993772328e-05,0.00240892794509661,0,0,0,0,0,0,0.00107500464278953,0,0,0,0,0.00199982759113203,0.000130410352987361,0.000405682200192469,0.00370623277689251,0.000842901525962942,2.46145671756923e-05,0.000381068595937633,0.00553349106226248,0,0.00179290674582328,0,0,0.000106367682100153,0.000296253073259103,0.000429296630546468,0.00462208658734379,0.000327208904811418,0.00127386152821814,0.000214671575830174,0,8.91526108046415e-05,0,0.00162918140518524,0,0.0116410794625954,0.000814755515987532,0,3.1594576769489e-05,0,0.00138581268838685,0.000320490700899044,0.0011616693137754,0.000549004939937428,0,0.000142319156314719,0.0671203126516152,0.00203117712074654,0.00419273173249149,0.00138034353170815,0.000327313958088032,4.06784943638503e-05,0.00062198931792979,0.00416362010964769,0.000116470795867968,0.000947863271856521,0.00212820575057549,0.00100909223564747,0.00435571013819882,0.000173637374798399,0.0110605655139061,0.00187879508038632,0.00385113277637095,0.00939072685879833,0.000232117405553627,0.00465720581091387,0.00612334486064187,0.0700166562113013,0.215463834471105,0.155653005566266,0,0,0,0.0763936981148836,0
0,0.000378999107728261,0.00460417491225002,0.00103747214048775,0.000272677020856548,0.00016964010514608,0.00209122583753608,0.000327359476930922,0.0146055338703275,0.00125870592473684,0.0201594893062448,0.00123985929515628,0.0178035496436199,0.000373392306605488,0.000866787120385441,0.00950256242448469,0.000318929246030006,0.000467768547788146,0.00028614328154256,0.000577321539675531,0.00965109247819155,0.0021447419973879,0.00630587555141554,0.022474331265985,0.0130582859471796,0.00856386599483715,0.0260851668208772,0.0209254580134464,0.00150924565898036,0.00717564845790554,0.0042215683627305,0.000107420145337427,0.00143723381947947,0.00497091545648223,0.00141874426919199,0.0199559487529379,0.00189954190696789,0.0058580661007658,0.00233483191432559,0.00264167732301544,0.000866327621959808,0.0327097953366793,0.0540499012462302,0.0108603153931043,0.0572356058379573,0.0131772775240229,0.00529279280045002,0.00582490836549807,0.160130494772843,0.0195546456263041,0.00366304069568322,0.0754727204787178,0.00607987411453468,0.00611525161616267,0.00949379454631132,0.267364257990688,0.0453269585442857,0.0122133453714911,0.108914232022703,0.391369180109838,0.049835726939803,0.272165526454595,0.0809347533393068,0.00343887100509287,0.0449270832950287,0.208399062582627,0.149524406015262,0.464551181327453,0.0144416894145277,0.671647574216813,0.0089728291325797,0.466318625290877,0.0431572904435765,0.0130488963253604,0.275018428614112,0.31644168379541,0.300755739229337,0.591485042746455,0.588783367053986,0.0992301052853254,0.458071445155214,0.0763936981148836,0,0.00397782565997092
0.000197821983923394,0.000969358230075724,0.0760723819280905,0.00169381798385732,0.105164452362986,0.0430482964619669,0.0164935668615743,0.00184809220536535,0.0517581477051232,0.0641629035631211,0.00251863303449977,0.202358535035744,0.000361952704983157,0.00102660098623065,0.25868630839305,0.0384516382349171,0.00182258262177127,0.00985893556095055,0.0053762158585551,0.00222607625794278,0.132360881088422,0.00352817032707474,0.389899345366391,0.0424554842246668,0.00670117390243097,0.0422797498211966,0.419134055894956,0.0653086750581855,0.00288648768279235,0.0598309631632998,0.000396882464615875,0.00384800566774241,0.000581060420163697,0.00653215825608974,25.166623338329,0.291012002155306,0.318716431703981,0.0516796809511228,0.3501016690904,0.0226810415001329,0.0126856642318778,0.00782866156274941,0.839093315430043,0.336258551721494,0.0405413718344648,0.373792427810425,0.0196242621133727,0.0273758623861268,0.0101621561975885,0.00130772444098329,0.00201723437858123,0.0576398109754237,0.00948382243144483,0.0171010757895527,1.17087893734049,0.143165232019011,0.013731263297085,0.0268027435029557,0.266060568300358,0.00709861793276854,1.73723923108733,0.0374721069265403,0.0132708795004513,0.0621093395555649,0.172787950923385,0.00617860750083677,0.0134430461316919,0.0131272513666532,0.0106114551780116,0.132859494539742,0.0146159289528095,0.439095433850301,0.0659451512333765,0.000217595600746542,0.0934309888938511,0.329055670116473,0.227421609682489,0.00747424603975537,0.0308143162034438,0.00392479461548011,0.00557642463857193,0,0.00397782565997092,0
