0,0,57.9970891177654,5.70077532529831,0,9.51750832796097,14912.3505181074,261.525289148092,13.6416667997837,165.36348927021,6.27917391061783,9.76926535367966,0.623143255710602,6987.98984637856,2.75208386778831,1.38467675447464,634.741454929113,17.3632708191872,89.5701428353786,4.02364361286163,241.397386789322,0.415091425180435,204.963337361813,68.2569847404957,0,486.531347244978,34.0019038617611,221.019264161587,7416.74817538261,14586.4429552853,0.474549889564514,0.36583799123764,10.0696767568588,302.238011687994,7.31478288769722,30.3517423272133,10.3023556172848,124.502337485552,32.0276047587395,6.38397282361984,4.61006677150726,1.07467088103294,8.30115565657616,0.629905164241791,1.33072125911713,0.897888630628586,3.0295467376709,0,0,0.32546865940094,0.499312996864319,0.883377254009247,0,0,0.566332638263702,3.47784835100174,0.94663679599762,2.64836984872818,1.67760503292084,0,0.786004900932312,0,1.10832330584526,1.6444875895977,0,0,0,0,0,0,1.19987320899963,0,21.3163756430149,0,2.1712701022625,2.80245712399483,19.3094677329063,1.9196483194828,0,0,0,1.42725813388824,0.64608234167099,1.51144462823868
0,0,69.2521759867668,0.647726595401764,4.03931811451912,0,3.99353113770485,0,2710.06886512041,3.67077541351318,15.2336239814758,6.6491307914257,137.470561087132,4.76707658171654,20.4503881037235,362.285999238491,35.8753559589386,10.906703710556,49.5625802278519,2.93028897047043,90.7427845597267,7078.93889445066,93.1477948129177,4313.69096300006,4966.84813410044,427.293530136347,19204.3748061061,274.326326787472,5.24854066967964,1.17019355297089,173.570609360933,2.05846703052521,1.55828553438187,33.4182546436787,12.4398368597031,155.912241399288,219.124613046646,86.7984708845615,41.2541716694832,51.7601911127567,1.99198263883591,594.638979136944,206.525504469872,108.606679111719,91.0638281702995,82.4231767654419,1.25840651988983,0,58.4758246541023,0,3538.93504989147,239.265032112598,0,0,0,10.8034186959267,0.460550278425217,19.7854593098164,1.95924261212349,79.5582012534142,1.43764898180962,369.405398696661,2.08771607279778,1.81478914618492,97.8467843532562,109.139362186193,17.2828194499016,45.1115151047707,1.23621451854706,19.2645593881607,326.664771705866,65.0407680869102,57.6406763792038,167.781350404024,753.783091157675,7094.05816167593,38.7644191682339,1.9507657289505,11.6800153255463,187.960831165314,0,0.98123025894165,17.0687821209431,14.0096124410629
57.9970891177654,69.2521759867668,0,0.472293764352798,4.52118140459061,8.45692801475525,3060.29427084327,221.968851447105,33.768090814352,31.6178258061409,49.3419067561626,11.950330466032,0,591.716971099377,126.806765168905,160.191004604101,7984.47058475018,55.1508847475052,700.547502279282,4.32173439860344,7060.58018156886,117.811342984438,58378.8701938987,222.364586859941,0,44354.1618981063,26088.5164556205,3497.01739504933,355.281318575144,1740.92061549425,0.851265132427216,18.3805862665176,216.666045814753,2670.40673902631,749.78505975008,4641.49842691422,2104.14447671175,3323.98394876719,2259.84379121661,39.3616921007633,26.0054265856743,16.0749816000462,611.398710876703,150.128314107656,283.963504999876,337.126134723425,8.72250521183014,4.13623654842377,3.34382677078247,4.46400934457779,214.44515684247,3164.94198420644,0.419314980506897,7.48830324411392,1.50390303134918,207.427730381489,5.44294330477715,13.4952583312988,1.91138058900833,3.42370715737343,0,4.43476915359497,24.8583823740482,8.30793476104736,455.751496255398,350.987336456776,1.11003619432449,41.1135008633137,0,99.6054462194443,631.132347017527,952.190925613046,134.128347396851,1.05172622203827,406.254362612963,9429.52114355564,290.9352453053,50.5973160862923,117.578620642424,0,0,4.92830187082291,80.1069937050343,230.97883939743
5.70077532529831,0.647726595401764,0.472293764352798,0,29.1690500974655,239.498698294163,196.407586246729,265.126895546913,1121.7513114512,15337.4380106032,47.0673071742058,4060.52184018493,3.6644335091114,423.380163192749,91.4997667074203,0,3.11996912956238,26.2826493084431,10.0976137816906,29533.4169132113,0,0,1.14287275075912,2362.91969442368,2.86889815330505,25.0109142363071,11.0541704297066,18046.6562194526,261.024346381426,3.28937643766403,2.02973604202271,15.6134955883026,3.07985025644302,221.122295737267,56.305258244276,454.67843529582,13.5534670948982,203.758654654026,33.2278585731983,351.848536580801,55.8017722070217,22.3991725742817,122.415483683348,3.41768568754196,40.9788220226765,9.51193642616272,240.280339390039,7.79780548810959,0.568983972072601,1.45333081483841,0,0.860690474510193,508.775662988424,26.9031723439693,31.8159426748753,169.815387696028,39.7862928211689,289.344830960035,637.066823273897,2.61789926886559,541.739434599876,1.35101652145386,51.1052633225918,206.076565533876,0,0.383661717176437,0.483791947364807,0.842680424451828,283.496762663126,0,2.67546033859253,0.454935103654861,1693.91506960988,0,2.14303690195084,5.16733554005623,977.563565760851,69.5417725145817,4.17449110746384,0,1.13006818294525,1.41484576463699,52.2460660636425,7.73834586143494
0,4.03931811451912,4.52118140459061,29.1690500974655,0,3098.70615819097,84.2786736786366,94.7233235538006,616.175316154957,307.190564781427,89.3988105654716,1719.97315382957,1.17887061834335,30.6119730472565,6118.45639544725,19.0808690786362,6.26263493299484,23.2393505573273,4.93876415491104,112.34978801012,147.119901955128,14.4551107287407,197.798348784447,385.127448171377,0,28.3069212436676,35.006140857935,188.863007605076,17.701030343771,10.8920750617981,1.34434461593628,784.140556335449,0,1098.23453962803,704.392217934132,478.693721860647,32.3652658164501,76.6832016706467,40.7762560844421,12520.9313043356,11013.8837403655,33.0879638791084,39.442774951458,17.6677888929844,1.3325183391571,50.26133030653,37.8706865012646,0.674617886543274,2.67388561367989,0.482719898223877,0,1.1577775478363,10.1876144707203,2.18328082561493,3.9469153881073,14.9868275225163,5.29843437671661,29.9007545411587,27.2933864295483,0,56.686087667942,1.46116161346436,2.95015972852707,34.2609107494354,2.57201206684113,0,2.97813016176224,2.94704180955887,6.68405100703239,11.6959147453308,0,36.0880138278008,89.7097847759724,0,9.33828800916672,15.9740377664566,75.3918383419514,3.82137101888657,1.96032303571701,0,0,1.56804239749908,2.82910740375519,905.108691483736
9.51750832796097,0,8.45692801475525,239.498698294163,3098.70615819097,0,2435.3163164556,10395.4241041839,148.319389045238,34241.7790310979,190.601863056421,11061.1186453104,5.79596155881882,1378.14467439055,4371.02813094854,1.81874459981918,29.61038428545,131.02914711833,68.8916462361813,531.254855632782,11.0871258974075,1.03462600708008,15.1651201546192,132.212592691183,0,101.095836400986,40.9157368838787,1201.02718269825,422.033493250608,39.7735689580441,10.3900665938854,463.278751552105,1.04977965354919,225.670885324478,6498.7327375114,1343.3344450891,68.8017762303352,260.376377075911,80.8754217326641,5451.19600492716,1466.37381973863,49.5324125885963,23.3216371536255,3.91363298892975,12.56049066782,1.8766508102417,26.7829539775848,3.66732168197632,0.494404077529907,1.85718369483948,0,1.19511991739273,11.2191025614738,1.13659012317657,3.85425662994385,27.9822065532207,9.28950828313828,25.5804662406445,49.4045779705048,0,35.9471584260464,0,2.72072815895081,23.8288398385048,1.51120021939278,0,0,0,8.40304571390152,0,0,1.02836892008781,139.834679424763,0,0,2.62207704782486,123.211737543344,3.59075400233269,0.492438614368439,0,0,0,6.56015893816948,333.802772223949
14912.3505181074,3.99353113770485,3060.29427084327,196.407586246729,84.2786736786366,2435.3163164556,0,16072.851200521,1099.11536362767,30873.3911080658,404.623988896608,318.902279734612,21.8386068344116,47490.5408567786,332.266762971878,9.73611465096474,2570.58830720186,290.058545470238,464.287769675255,156.458420157433,3838.71621391177,3.81231868267059,3140.75276422501,3621.43706685305,0,5247.94498178363,438.915626764297,68239.8250906765,9116.16502487659,16669.5421485603,10.6437255442142,134.323299616575,656.171845525503,3476.28932955861,846.49176171422,3122.63017487526,183.823334753513,3362.12937301397,1092.1645603478,488.494787693024,364.446910858154,47.1629085540771,394.882157474756,13.9733926057816,86.5909207761288,28.8794265091419,118.793563842773,27.1257204413414,4.89928370714188,1.25620204210281,1.82917755842209,18.1463495194912,239.293772757053,11.9795463085175,24.5382196903229,413.694053351879,81.3471759557724,378.471090465784,824.320742100477,1.83938646316528,137.489711493254,7.84145146608353,103.958925575018,82.3839810192585,47.1298753619194,0.369836121797562,0,0.533181846141815,126.352370709181,8.68864691257477,17.1880742907524,62.0267192721367,2297.49451830983,0,4.43885225057602,94.8657360970974,2140.46102449298,156.629278451204,8.79099625349045,0,2.62098157405853,5.01424431800842,111.849530875683,128.971603274345
261.525289148092,0,221.968851447105,265.126895546913,94.7233235538006,10395.4241041839,16072.851200521,0,245.540864139795,23001.6153356433,870.228652238846,5510.10089880228,45.8112235963345,26583.1846954525,215.082687705755,4.84571444988251,700.76065286994,404.983145147562,229.883322954178,942.390618801117,391.085907697678,1.81340059638023,288.022132635117,395.506455540657,1.78665548563004,1253.67110463977,134.467142045498,2025.01464861631,1014.34813153744,2573.9201194942,33.2864767313004,390.192514002323,25.9330478608608,711.815969362855,848.642117291689,4615.04120799899,267.38904863596,814.364238232374,387.738847047091,4206.12994092703,723.877024888992,302.31529763341,106.60235708952,5.79924434423447,41.874859213829,6.49076491594315,51.1685030162334,7.57574260234833,6.06943646073341,2.73749455809593,0.811511337757111,2.48492977023125,34.3332691788673,3.50420093536377,5.18160289525986,130.35718742013,7.93330955505371,91.9919166564941,149.994731426239,0,50.2474917173386,5.28682941198349,11.3310826122761,26.3588826954365,4.34948837757111,0,0,0,30.4279395341873,0,6.63053888082504,9.30514758825302,570.494122833014,0.551028192043304,1.58786752820015,5.73975849151611,489.587994933128,19.5325088500977,0.745594263076782,2.18476244807243,0,0.559793591499329,36.0540578663349,64.3377229869366
13.6416667997837,2710.06886512041,33.768090814352,1121.7513114512,616.175316154957,148.319389045238,1099.11536362767,245.540864139795,0,1331.88741716743,44.0943362414837,3043.22165736556,14.9455014467239,369.028950244188,2184.39655426145,764.958974301815,31.2274197638035,22.5018439888954,23.1238491237164,531.740500658751,448.103703647852,6065.7897965312,514.360529184341,43619.2071830928,1698.27597442269,132.032708406448,6889.82988011837,9788.30534821749,722.176039397717,43.5537591874599,14.2362033128738,39.4590975940228,105.407150268555,369.759468972683,252.998554617167,1106.2839205265,142.824505776167,488.081191927195,149.670706540346,3715.63134342432,78.2336387336254,38.7244997322559,1180.95802137256,53.4493369758129,247.644705981016,122.226029127836,450.251069545746,63.0143704414368,3.174406260252,23.0984679758549,85.5463339984417,35.0476627349854,512.348497658968,56.6587111949921,77.834018021822,993.540003180504,147.589000433683,4027.43445399404,1168.44920831919,21.4898559451103,562.462257057428,42.6436077058315,273.848203122616,406.702983111143,1692.65611973405,17.9125263690948,18.1729992926121,15.261132478714,248.270106345415,359.973141163588,1951.80256429315,802.609894156456,8313.14993792772,27.278904736042,186.542931318283,634.79943215847,4894.37806391716,420.17125505209,382.325176268816,7.22437429428101,9.33747246861458,32.1841248571873,270.592992573977,195.398012429476
165.36348927021,3.67077541351318,31.6178258061409,15337.4380106032,307.190564781427,34241.7790310979,30873.3911080658,23001.6153356433,1331.88741716743,0,1200.7480481267,16925.6430365145,50.3291874527931,15419.7365984917,664.105033457279,0.459631890058517,172.634543836117,825.584903657436,459.544143736362,15207.9768794775,26.6498039960861,6.53255262970924,45.1780211925507,1506.05396038294,1.0031042098999,717.666369318962,188.639579534531,14922.1160670221,4745.04958924651,178.05453145504,44.7712599039078,389.518005788326,34.0538059771061,2608.25023037195,510.50860992074,5112.1967099607,205.513824224472,1976.5686146915,416.101360529661,1713.60846471786,473.37687638402,159.515335649252,327.196215629578,16.3404928147793,88.2448728978634,12.0966011285782,319.61692944169,23.8718284964561,11.0034509897232,2.99564716219902,0,0.612217664718628,323.357812523842,42.0070441663265,41.6784684360027,308.163406521082,53.1592873632908,304.849195927382,1253.54949429631,0,613.580746114254,2.05527400970459,52.3955447375774,291.524303168058,10.4905288219452,0,0,0,168.350492268801,0.669644117355347,4.44417333602905,8.15034836530685,1993.99409157038,0,0,5.19700539112091,1866.07761958241,89.8218955099583,3.90828624367714,1.23695155978203,0,8.63015004992485,86.4221068024635,47.2519033849239
6.27917391061783,15.2336239814758,49.3419067561626,47.0673071742058,89.3988105654716,190.601863056421,404.623988896608,870.228652238846,44.0943362414837,1200.7480481267,0,1198.74544742703,9676.44235417247,2370.67889341712,61.3880976736546,8.09421056509018,769.32547083497,11773.7713708878,1435.04543343186,159.770683258772,50.1642356514931,5.04710191488266,181.201286643744,96.5691286623478,1594.50983837247,4521.26920092106,1192.89496922493,265.580452740192,2758.26946207881,82.9847986996174,1714.28007265925,4414.02548709512,9.88753977417946,10990.6945489645,193.184693008661,2605.49487823248,3658.80287969112,7429.04973837733,992.527107864618,660.29024040699,144.711879879236,5287.09424349666,21.8841926157475,150.037936270237,48.2038818597794,14.6399713158607,3.47446799278259,0,732.967243105173,0,36.4637827277184,9.37148785591125,0.71268892288208,0,0,4.84155809879303,1.13681122660637,21.8469243645668,2.56752118468285,852.623593777418,4.47794526815414,2994.80695155263,3.34577104449272,4.00094312429428,7.17944404482841,4.0308620929718,23.0158004164696,9.73385328054428,1.43073010444641,0,30.516543418169,4.48216605186462,51.5138827562332,405.786026000977,881.424403458834,2238.7405923903,17.8368743062019,10.0550974011421,0,1625.26625356078,11.5276421308517,0,12.6022506356239,41.2272333204746
9.76926535367966,6.6491307914257,11.950330466032,4060.52184018493,1719.97315382957,11061.1186453104,318.902279734612,5510.10089880228,3043.22165736556,16925.6430365145,1198.74544742703,0,50.6595441699028,5698.48177978396,3543.37835389376,3.4665322303772,136.365474879742,802.600895643234,495.0546887815,21508.8177919388,10.5598667562008,19.787194609642,40.3190460205078,913.752508252859,4.59194564819336,685.340794146061,256.332255154848,3319.27161711454,2327.9659730196,57.9904193282127,48.4763318002224,339.363460183144,0,1097.82598635554,1550.48179614544,3030.81207630038,149.403921753168,879.29279178381,121.652202993631,10190.6339673996,147.097742021084,224.773543447256,122.792075127363,12.4554561376572,25.6101106107235,2.46325898170471,456.994281798601,6.09780961275101,9.52250900864601,3.12946385145187,0.921206772327423,0.395240396261215,269.868939399719,76.9167332351208,72.6260581016541,79.0673732459545,32.0664963722229,219.843220978975,395.255881369114,10.6267508268356,873.860646486282,0.837960243225098,21.2421767115593,413.265244483948,7.80851843953133,0.592442572116852,6.10182517766953,3.43524354696274,183.643587857485,1.18498361110687,4.28737279772758,6.62807881832123,635.285376936197,0,1.59409368038177,4.8136520087719,542.395564943552,39.6195948421955,0,1.49129915237427,3.47416508197784,1.31881958246231,15.4736089706421,160.505518525839
0.623143255710602,137.470561087132,0,3.6644335091114,1.17887061834335,5.79596155881882,21.8386068344116,45.8112235963345,14.9455014467239,50.3291874527931,9676.44235417247,50.6595441699028,0,102.403569281101,1.82426393032074,0.526899576187134,1.27104949951172,52.5656275749207,4.20712751150131,7.28016039729118,0.583955049514771,38.7981404662132,1.22796523571014,19.1657971441746,6680.39449605346,318.473576456308,1542.6351185143,10.6873725950718,87.1956117749214,2.62015852332115,2040.61536502838,209.958371043205,0,286.914249658585,12.9843822717667,174.616664290428,1779.80247586966,758.570584774017,30.3893701434135,25.7720061540604,20.0559096932411,5422.29493755102,33.7464735507965,235.899173915386,98.3833242356777,31.121709048748,0,1.46396362781525,1000.66023558378,0,57.2058790922165,2.48443615436554,0,0,1.64313888549805,0,2.94313457608223,13.4067366719246,0,1345.20979562402,0,5702.95827692747,5.05258500576019,0,8.02142816781998,6.74923008680344,86.309667468071,8.65975946187973,0,0.624427974224091,53.521349042654,0,24.962847918272,1237.53289702535,2495.01144614816,6977.06701794267,2.48418226838112,10.6230706572533,0,3054.53485786915,17.2428615987301,0,26.6859465837479,0.552021324634552
6987.98984637856,4.76707658171654,591.716971099377,423.380163192749,30.6119730472565,1378.14467439055,47490.5408567786,26583.1846954525,369.028950244188,15419.7365984917,2370.67889341712,5698.48177978396,102.403569281101,0,140.265554845333,5.64570093154907,3574.10327324271,1232.38006383181,1013.32848039269,1299.11714065075,1614.37752360106,7.49412807822227,1348.79780715704,1172.17104323208,2.62966310977936,4345.5880279243,442.13253441453,4568.96554890275,12743.288151741,22366.542228967,70.7706236243248,466.817323982716,100.134636104107,2424.95356661081,246.466655701399,4144.31484597921,326.708933353424,1741.25791850686,544.874228417873,1185.75642842054,399.167497128248,227.500652134418,194.924166232347,13.2180808186531,29.7315240502357,12.5590955615044,63.8023399412632,13.6853113472462,6.96492439508438,2.10679715871811,6.47860136628151,8.51365497708321,35.2358721792698,5.54510846734047,2.14449143409729,189.056080937386,25.9189197421074,159.387307852507,165.502252131701,1.32145601511002,54.9079660773277,3.9831907749176,19.5980677008629,28.5761362016201,14.0769797861576,0.442652851343155,0,0,19.9035751521587,3.31640696525574,12.9252911806107,8.7626351416111,847.449938595295,1.21434056758881,6.55295285582542,18.7499038279057,779.633092164993,36.6268686652184,9.52172175049782,3.23547214269638,0,5.12756356596947,46.1492679417133,38.4658133983612
2.75208386778831,20.4503881037235,126.806765168905,91.4997667074203,6118.45639544725,4371.02813094854,332.266762971878,215.082687705755,2184.39655426145,664.105033457279,61.3880976736546,3543.37835389376,1.82426393032074,140.265554845333,0,72.6365494728088,94.7358766794205,57.091679930687,126.10621586442,241.751071244478,619.41954010725,58.1084976792336,1002.66620084643,1576.18275514245,11.8070814907551,281.012353152037,723.936607837677,1241.83295360208,161.708162695169,43.5036705732346,3.79538685083389,315.848146319389,8.17715680599213,116.495185822248,5549.37246865034,1669.00189235806,732.281630039215,205.229378223419,616.859925895929,5961.10643592477,113.842843562365,98.888886064291,120.069797813892,26.2934682965279,43.2184404432774,77.4812337756157,91.8612259924412,8.7393533885479,8.43825143575668,0.538070023059845,4.86084067821503,22.5828483700752,39.3086162209511,17.0222503840923,15.1981912255287,76.3880971074104,17.6870187222958,70.7899340689182,89.8394403755665,0,123.030076950788,1.43704116344452,15.6617175936699,88.6260460913181,21.7876485586166,0.654852449893951,2.11102968454361,2.9822279214859,35.2476749122143,18.0296210050583,7.87240481376648,55.7988609671593,360.231567889452,0,14.6553865075111,62.9981124401093,341.618963301182,37.6370341777802,8.98457890748978,0,0,3.93842780590057,30.3190481364727,1169.88163727522
1.38467675447464,362.285999238491,160.191004604101,0,19.0808690786362,1.81874459981918,9.73611465096474,4.84571444988251,764.958974301815,0.459631890058517,8.09421056509018,3.4665322303772,0.526899576187134,5.64570093154907,72.6365494728088,0,112.782883226871,14.4290288388729,63.6151694953442,0,8151.85325264931,8730.09470677376,7184.29171672463,3950.97214463353,64.0774764418602,143.405103683472,17570.0256836414,3606.09495922923,8.30951046943665,40.9383924603462,0.582454204559326,1.56120386719704,1.28219628334045,443.541801601648,672.505552560091,4860.01366314292,1086.74662104249,1781.82035630941,1228.08514291048,49.1758196651936,24.4361812472343,132.740183144808,471.4520406425,77.405383348465,106.801370501518,134.455904185772,34.0071734189987,5.23590743541718,4.24326279759407,11.8497177362442,82.3195365965366,209.990037024021,1.63942918181419,3.64720189571381,4.07143047451973,209.528966665268,13.4145841598511,55.6028677821159,29.0821596235037,2.5435631275177,9.73701131343842,5.94477042555809,67.6289688646793,13.0502338111401,10171.3638537526,39.1227856576443,1.99105775356293,5.44653180241585,4.09827673435211,705.965279489756,3333.54035124183,7988.80827179551,1463.66926446557,10.8495572209358,45.8562020361423,3084.71140396595,1117.60826337337,74.7089043855667,188.055984735489,0,0,7.99683725833893,49.2408995777369,203.507017761469
634.741454929113,35.8753559589386,7984.47058475018,3.11996912956238,6.26263493299484,29.61038428545,2570.58830720186,700.76065286994,31.2274197638035,172.634543836117,769.32547083497,136.365474879742,1.27104949951172,3574.10327324271,94.7358766794205,112.782883226871,0,1077.78109508753,9336.21314167976,25.0954159498215,4756.4057123065,100.3199685812,15808.8448698521,166.92004570365,0,5910.71336814761,18692.5950525701,1970.26701804996,3043.08233723044,14681.2111087143,0,149.699400991201,245.416925162077,15357.4829814136,514.271897137165,4027.17603763938,2553.67887979746,5341.98702087998,2507.659486413,80.334622323513,49.5275150239468,17.007287979126,160.246932208538,57.9401971697807,72.0038149058819,81.7083406746387,1.33628779649734,0.534572124481201,0.846662044525146,0,64.6245278120041,777.659502595663,0,2.30862629413605,2.43972587585449,43.1881982386112,0,3.93385541439056,0.787529528141022,0.410940259695053,0.521759271621704,0,1.09653580188751,1.15740263462067,81.2291410565376,107.50079908967,0.817902565002441,19.7989503145218,0,20.5488068461418,107.875251948833,153.432650715113,26.4706040918827,0,369.499235868454,2402.20947080851,46.6957086324692,9.04242253303528,26.5167893767357,0,0,1.4361258149147,15.0046062469482,215.904195874929
17.3632708191872,10.906703710556,55.1508847475052,26.2826493084431,23.2393505573273,131.02914711833,290.058545470238,404.983145147562,22.5018439888954,825.584903657436,11773.7713708878,802.600895643234,52.5656275749207,1232.38006383181,57.091679930687,14.4290288388729,1077.78109508753,0,3993.92709854245,115.395526379347,75.2552416026592,6.41267532110214,289.791945815086,67.4667088985443,2.47164043784142,1760.87659665942,926.084628611803,173.761113941669,1531.10698470473,188.069286108017,35.6631778478622,1414.73731210828,5.79734694957733,3652.47906202078,367.840467303991,4336.72470641136,5441.18815845251,7983.93173381686,2443.31054070592,390.076943874359,70.0050098598003,218.764041811228,9.98217058181763,13.405275195837,4.13502621650696,3.0219831764698,0,2.67195236682892,17.8423532247543,0,3.90096637606621,23.2139527201653,0,1.27081453800201,0,0,0,7.47046399116516,1.22752213478088,37.3666567206383,1.34373211860657,72.6505511105061,0,1.81940376758575,0.455324977636337,3.37656909227371,11.9374919831753,3.54524034261703,0,0,3.61017188429832,3.21376964449883,1.51946997642517,6.81699067354202,221.257061481476,262.43950805068,0,0.531631052494049,0.555196821689606,60.5521573722363,0,0,1.21080577373505,108.626098722219
89.5701428353786,49.5625802278519,700.547502279282,10.0976137816906,4.93876415491104,68.8916462361813,464.287769675255,229.883322954178,23.1238491237164,459.544143736362,1435.04543343186,495.0546887815,4.20712751150131,1013.32848039269,126.10621586442,63.6151694953442,9336.21314167976,3993.92709854245,0,76.4967118501663,596.222744226456,35.66562718153,1737.86247459054,55.6853519678116,1.0074805021286,9944.14097821712,6402.15939494967,284.492556631565,1314.73824799061,1270.24586325884,1.86268615722656,411.270853817463,47.3034952282906,9337.23138606548,567.839492321014,6275.87733021379,4745.33439004421,7689.58914113045,2776.72322955728,203.400414466858,40.8268917798996,26.7533850371838,111.982117831707,54.9114752113819,43.0719518661499,44.0503286719322,3.19461840391159,0.689866125583649,1.36754727363586,1.40168935060501,81.4205567538738,306.030238121748,0,3.09161829948425,0,24.1478943526745,0,2.50628393888474,0,1.0965610742569,1.27485930919647,0.791792333126068,1.42195123434067,7.47353595495224,9.15021431446075,60.7159785330296,1.99699139595032,27.0487041175365,0,5.23520180583,14.2516825199127,43.1988779902458,10.4025355577469,1.75197207927704,1146.19092926383,1651.346447438,14.0067927539349,0.91008460521698,12.156768143177,0,0,0,11.0060113370419,164.243850827217
4.02364361286163,2.93028897047043,4.32173439860344,29533.4169132113,112.34978801012,531.254855632782,156.458420157433,942.390618801117,531.740500658751,15207.9768794775,159.770683258772,21508.8177919388,7.28016039729118,1299.11714065075,241.751071244478,0,25.0954159498215,115.395526379347,76.4967118501663,0,5.26443272829056,2.55832102894783,7.43860927224159,657.435090184212,0,99.6847327649593,40.9590505063534,8791.2578753233,391.982185304165,24.7222523391247,5.56036934256554,41.0361843705177,1.48626956343651,212.144655257463,44.3691835105419,802.890059828758,35.1046018004417,179.914307951927,40.8861877918243,761.722146719694,62.7466531097889,44.255075275898,51.2400036156178,2.86741304397583,15.2546800076962,4.00724947452545,104.246440112591,4.19198161363602,4.03769677877426,0.937308043241501,0,0,131.157629132271,21.3687596321106,11.6786605417728,64.359009295702,19.9725412428379,74.1077803075314,315.577062398195,0,254.800835967064,0,16.6836776137352,99.5454985797405,3.95817375183105,0,0,1.66995882987976,44.4632032513618,1.97876662015915,3.11532068252563,2.80889821052551,740.184403151274,0.821166813373566,0,1.13345980644226,332.206738650799,14.2234007418156,0.955114990472794,0,0,0,11.6150684952736,6.86672931909561
241.397386789322,90.7427845597267,7060.58018156886,0,147.119901955128,11.0871258974075,3838.71621391177,391.085907697678,448.103703647852,26.6498039960861,50.1642356514931,10.5598667562008,0.583955049514771,1614.37752360106,619.41954010725,8151.85325264931,4756.4057123065,75.2552416026592,596.222744226456,5.26443272829056,0,1275.15100750327,45669.3018397987,910.433199226856,21.5266672372818,6194.57701545954,6755.09874552488,8927.72230696678,1844.75047925115,27424.0916127861,0,12.802034586668,886.237847208977,15074.3383033872,4374.48900198936,18537.5376466811,1985.86095663905,12022.8448006511,5627.13995057344,351.363904982805,198.189793437719,133.193274229765,295.075731754303,32.7030108571053,50.6706958115101,101.974882155657,42.5498486161232,3.92792040109634,10.080502808094,13.5643286108971,25.4847359061241,102.565077722073,0.31510654091835,23.1852722167969,2.92793369293213,213.022036194801,29.6407049298286,116.446913450956,13.095801025629,0,9.50083076953888,0,114.219916433096,48.4175549447536,2010.64397031069,11.6573171615601,0,3.35839068889618,0.883294403553009,599.452967256308,1026.80217424035,943.966276705265,902.144559830427,2.25303238630295,18.0520496964455,702.600227564573,773.524763047695,98.2780075073242,307.786685675383,0,1.01423054933548,15.4250532984734,34.0456135869026,952.180486619473
0.415091425180435,7078.93889445066,117.811342984438,0,14.4551107287407,1.03462600708008,3.81231868267059,1.81340059638023,6065.7897965312,6.53255262970924,5.04710191488266,19.787194609642,38.7981404662132,7.49412807822227,58.1084976792336,8730.09470677376,100.3199685812,6.41267532110214,35.66562718153,2.55832102894783,1275.15100750327,0,2046.97965613008,18320.6232497692,3298.03623393178,236.333615154028,19207.8593513072,2130.47849267721,16.7764609754086,6.5863783955574,33.9272801280022,0.827983021736145,4.6372894346714,71.8385901749134,30.2475480437279,292.165987014771,186.265876591206,194.02224907279,91.7992218136787,90.4560922980309,3.12943577766418,60.3975436091423,337.435307353735,62.2758640944958,87.4196662008762,104.318453401327,5.20173424482346,2.01037320494652,6.22927886247635,3.22273552417755,243.78816485405,508.51856353879,3.59055602550507,0,1.80862736701965,91.7399486303329,5.07337862253189,59.2930071353912,10.2559596598148,11.5642034709454,6.44295290112495,47.755284100771,20.2818490862846,6.62382030487061,3756.99228098989,54.0667310655117,10.5630380511284,14.7287040054798,2.82955026626587,249.280765414238,3423.7562918365,1811.21457061172,649.166081726551,33.981883585453,358.805058211088,6658.18830528855,525.372425615788,36.2571113407612,72.2398365437984,23.923066675663,0,0.635953545570374,39.3909839391708,34.7729555666447
204.963337361813,93.1477948129177,58378.8701938987,1.14287275075912,197.798348784447,15.1651201546192,3140.75276422501,288.022132635117,514.360529184341,45.1780211925507,181.201286643744,40.3190460205078,1.22796523571014,1348.79780715704,1002.66620084643,7184.29171672463,15808.8448698521,289.791945815086,1737.86247459054,7.43860927224159,45669.3018397987,2046.97965613008,0,1079.50960731506,5.71056872606277,9403.50862199068,39650.1360200346,17830.5195197165,1676.8688326776,13406.7901253402,2.3938809633255,35.4714531302452,450.316837519407,21825.4598974586,8388.13893401623,46733.3193416893,6846.05098831654,31052.1642390788,17577.3939709961,490.160128057003,294.075732141733,309.450950741768,656.413619101048,116.150536358356,194.136601239443,370.164529532194,52.9198911786079,7.11138835549355,3.06079149246216,7.5844574868679,80.463035941124,988.550828516483,0.384963750839233,43.2298039197922,3.11750793457031,254.410743534565,15.1268146336079,79.8907153904438,24.2425181269646,3.18870669603348,10.3976647257805,3.31580716371536,58.7163036465645,94.9019601047039,10164.672090143,72.0888972878456,3.26922279596329,5.82921573519707,1.00836250185966,852.742842137814,2598.07120281458,10270.3775403202,1306.4122543931,2.71764481067657,113.957121551037,6435.57626160979,1263.85040402412,110.136649757624,183.141695410013,0,0.659765005111694,15.8679203093052,95.7984615564346,2425.26195278764
68.2569847404957,4313.69096300006,222.364586859941,2362.91969442368,385.127448171377,132.212592691183,3621.43706685305,395.506455540657,43619.2071830928,1506.05396038294,96.5691286623478,913.752508252859,19.1657971441746,1172.17104323208,1576.18275514245,3950.97214463353,166.92004570365,67.4667088985443,55.6853519678116,657.435090184212,910.433199226856,18320.6232497692,1079.50960731506,0,1652.11560380459,291.856060415506,16767.0980525911,22935.8116971999,3860.92402657866,203.129062354565,9.53882321715355,69.75451785326,752.534374535084,1834.51063778996,1385.57561773062,5895.92369455099,724.807400017977,2379.62574467063,974.025322496891,3227.365704,319.228660434484,259.119968771935,3036.46995311975,166.96218174696,731.667876273394,272.887435346842,1016.71319499612,151.563343465328,58.3071362674236,36.4532736539841,70.2868909835815,221.32358443737,889.552201241255,136.491087079048,136.03708922863,2481.93980616331,350.060246407986,3183.20620369911,2383.60091462731,22.3727068603039,1172.89676937461,32.8038165271282,538.827776283026,767.216027140617,1691.2049562037,29.835147768259,3.68703532218933,3.30770400166512,500.112891077995,381.502926528454,1924.08142989874,1151.93381863832,12123.8465967476,29.6004625558853,118.411457747221,2049.50697615743,10480.8337557018,906.961274445057,456.117501080036,2.54081857204437,21.197557926178,107.67488348484,696.708481490612,345.908858299255
0,4966.84813410044,0,2.86889815330505,0,0,0,1.78665548563004,1698.27597442269,1.0031042098999,1594.50983837247,4.59194564819336,6680.39449605346,2.62966310977936,11.8070814907551,64.0774764418602,0,2.47164043784142,1.0074805021286,0,21.5266672372818,3298.03623393178,5.71056872606277,1652.11560380459,0,171.815822988749,6028.31412470341,81.8936093747616,2.06767505407333,0.943403422832489,375.048049628735,3.40078723430634,0,11.871136367321,0.687641859054565,2.5965484380722,160.004482388496,81.5726670026779,2.97315633296967,23.0612632036209,2.7714855670929,2845.99220138788,36.9528253078461,97.1775924563408,38.9456068873405,24.7286922335625,0,1.20488524436951,95.6329090595245,0,492.82211714983,3.40141487121582,1.35350728034973,0,0,0,1.23952525854111,10.3628681898117,1.74826669692993,161.24393415451,0,1152.70011153817,0,0,16.0848540961742,9.52635389566422,30.864814043045,13.7650618553162,0,1.17982769012451,60.4502373635769,6.38544079661369,31.0162951052189,2022.65501612425,770.77338168025,4269.76645082235,5.97772553563118,0,1.54719305038452,417.226914435625,2.36889314651489,0,14.2387257814407,0
486.531347244978,427.293530136347,44354.1618981063,25.0109142363071,28.3069212436676,101.095836400986,5247.94498178363,1253.67110463977,132.032708406448,717.666369318962,4521.26920092106,685.340794146061,318.473576456308,4345.5880279243,281.012353152037,143.405103683472,5910.71336814761,1760.87659665942,9944.14097821712,99.6847327649593,6194.57701545954,236.333615154028,9403.50862199068,291.856060415506,171.815822988749,0,73950.3062800765,2751.19589719176,2993.06180034578,7477.27814903855,777.585401654243,917.417429000139,284.784258395433,5808.53261166811,1467.86999586225,17230.0919187069,32577.3868614137,12758.8202655911,6026.70185571909,362.654535651207,117.204232096672,1393.59887981415,1391.4614495337,1197.17623564601,764.672410219908,741.659579992294,9.62591403722763,7.12463575601578,283.166430234909,4.06218272447586,1155.97825330496,3709.88450327516,0,6.33089634776115,1.60506957769394,286.687673866749,7.1820824444294,52.7372614741325,2.57143810391426,742.111896365881,2.71082979440689,1724.62167030573,24.3392106294632,6.07372808456421,154.910366475582,839.29981008172,458.658495396376,407.572200089693,0,94.7551211714745,213.665535241365,468.861369952559,96.3255342245102,223.828728735447,18428.2284866571,30002.2167515457,155.460336923599,44.8465904891491,138.057607918978,1652.3197453022,11.7243429422379,2.06952548027039,161.326596528292,472.261812716722
34.0019038617611,19204.3748061061,26088.5164556205,11.0541704297066,35.006140857935,40.9157368838787,438.915626764297,134.467142045498,6889.82988011837,188.639579534531,1192.89496922493,256.332255154848,1542.6351185143,442.13253441453,723.936607837677,17570.0256836414,18692.5950525701,926.084628611803,6402.15939494967,40.9590505063534,6755.09874552488,19207.8593513072,39650.1360200346,16767.0980525911,6028.31412470341,73950.3062800765,0,14582.3697860539,652.243896842003,878.359908521175,896.20135524869,166.891878992319,85.5062357485294,13582.398530066,4604.34563875198,38906.9661964178,20612.2357107401,24244.7237547934,14525.3975800276,393.378681480885,177.931314349174,1053.11228111386,5517.19484201074,2741.47305640578,2425.74606144428,2823.94033956528,50.9532078206539,21.3123777210712,180.401622533798,18.8616849184036,10529.4298982024,13733.2007671297,5.31275978684425,24.8392011523247,5.26599431037903,1042.00893682241,26.1456111967564,203.264572918415,16.3435321748257,509.257409483194,14.9793281555176,1476.58677631617,113.710000276566,56.0770340263844,8503.16157400608,2706.73569241166,671.287556618452,889.963533580303,4.41974774003029,862.766676127911,7029.65543991327,8520.5028937906,1709.43643912673,1673.65996724367,30344.1324171424,126368.910428196,2314.00555220246,256.121531605721,586.548873722553,1085.42737242579,10.4609424769878,27.5085772871971,580.186853468418,1615.37293583155
221.019264161587,274.326326787472,3497.01739504933,18046.6562194526,188.863007605076,1201.02718269825,68239.8250906765,2025.01464861631,9788.30534821749,14922.1160670221,265.580452740192,3319.27161711454,10.6873725950718,4568.96554890275,1241.83295360208,3606.09495922923,1970.26701804996,173.761113941669,284.492556631565,8791.2578753233,8927.72230696678,2130.47849267721,17830.5195197165,22935.8116971999,81.8936093747616,2751.19589719176,14582.3697860539,0,10325.1216940582,29559.1922818124,14.7330442667007,163.683164924383,4392.04788854718,9113.93490985036,4770.62066477537,15745.3168788552,1775.47918251157,9030.30415478349,3821.2733835876,1417.39550057054,768.63476061821,456.451996773481,3103.32026314735,212.858368963003,732.779566287994,290.447831630707,1110.51044800878,173.071231156588,84.1204779446125,46.4889200031757,31.4951871931553,203.875770002604,1046.17569819093,167.568113803864,131.377525001764,2674.80777418613,364.167125165462,2359.38146340847,2854.37449172139,4.88770908117294,1347.55109485984,30.7970789670944,582.723939478397,886.636422634125,1468.7683608532,22.3277392685413,0.393188863992691,4.97702294588089,585.207659929991,492.985382914543,1300.12577489018,936.798974812031,11997.2278251946,2.58939850330353,21.5690073370934,1325.97128373384,10712.6133503318,935.972524285316,677.193657457829,0,21.4747173190117,81.7264918982983,842.292233854532,755.919433891773
7416.74817538261,5.24854066967964,355.281318575144,261.024346381426,17.701030343771,422.033493250608,9116.16502487659,1014.34813153744,722.176039397717,4745.04958924651,2758.26946207881,2327.9659730196,87.1956117749214,12743.288151741,161.708162695169,8.30951046943665,3043.08233723044,1531.10698470473,1314.73824799061,391.982185304165,1844.75047925115,16.7764609754086,1676.8688326776,3860.92402657866,2.06767505407333,2993.06180034578,652.243896842003,10325.1216940582,0,23663.7781034708,58.1550436913967,1362.96379747987,4021.96999743581,5966.19264008105,391.322769194841,3101.50386998057,259.826601356268,3205.61861941218,758.566237717867,426.14333999157,203.016394942999,129.866243302822,563.192439109087,28.750246077776,117.98897793889,48.279742538929,106.187904447317,29.2748144567013,16.7561111450195,7.5272091627121,5.19648259878159,10.593518435955,59.0085615217686,8.11999294161797,3.39324200153351,442.440189838409,32.0575803220272,349.103974193335,219.121582210064,0.786424815654755,42.5342752933502,3.78861105442047,57.120812445879,40.8715364634991,26.221351146698,0,0,1.55691301822662,28.4594228565693,6.14235013723373,38.982308447361,27.4714958071709,1529.52723023295,0,17.6994672417641,60.8440103232861,1527.07080835104,134.578299254179,28.4651875495911,3.46577674150467,2.4485547542572,3.62175023555756,126.687723994255,77.6896971166134
14586.4429552853,1.17019355297089,1740.92061549425,3.28937643766403,10.8920750617981,39.7735689580441,16669.5421485603,2573.9201194942,43.5537591874599,178.05453145504,82.9847986996174,57.9904193282127,2.62015852332115,22366.542228967,43.5036705732346,40.9383924603462,14681.2111087143,188.069286108017,1270.24586325884,24.7222523391247,27424.0916127861,6.5863783955574,13406.7901253402,203.129062354565,0.943403422832489,7477.27814903855,878.359908521175,29559.1922818124,23663.7781034708,0,1.23171868920326,18.8339013755322,1085.15544843674,7905.04837623239,188.996263504028,466.687040835619,153.785245627165,2397.88814985752,675.816573172808,41.519337952137,18.5728732347488,3.09990319609642,31.4864218533039,0.481668502092361,8.15333890914917,7.63898247480392,0.909675896167755,0,0,0,1.66787907481194,21.1944092512131,0,0,0,21.8437755405903,0,18.3466672003269,2.5052345097065,0.435482650995255,1.08294001221657,0,1.48492455482483,4.18523931503296,13.9307487607002,2.14621844887733,1.37088143825531,0.82573065161705,0.330107629299164,0.979685813188553,4.47781550884247,14.8847176730633,68.5081808269024,0,15.0076461434364,71.9278429448605,57.6287748217583,4.5306638777256,1.54146301746368,0,0,0.916153490543365,8.55381882190704,45.3458354175091
0.474549889564514,173.570609360933,0.851265132427216,2.02973604202271,1.34434461593628,10.3900665938854,10.6437255442142,33.2864767313004,14.2362033128738,44.7712599039078,1714.28007265925,48.4763318002224,2040.61536502838,70.7706236243248,3.79538685083389,0.582454204559326,0,35.6631778478622,1.86268615722656,5.56036934256554,0,33.9272801280022,2.3938809633255,9.53882321715355,375.048049628735,777.585401654243,896.20135524869,14.7330442667007,58.1550436913967,1.23171868920326,0,155.152276217937,0,123.981192708015,17.9270229041576,224.24519136548,1288.72856530547,593.651214241982,77.1576233506203,22.9592272639275,6.27382746338844,1081.6830381155,43.5191216468811,245.870142191648,86.1092250049114,37.3476319909096,0.936857521533966,3.06655821204185,304.770287483931,0,33.6741462349892,2.2259995341301,0,0.883368313312531,0,0,5.37276124954224,2.41193306446075,0,684.385973870754,0,2186.03448489308,3.33444103598595,0,1.25482234358788,0.626192331314087,126.234043240547,9.07494792342186,0,0,21.0017270445824,0,3.20768922567368,383.038450360298,2763.92930370569,5920.49705439806,0,5.38147985935211,0,1594.0022546351,8.27188766002655,0,22.4718134105206,5.53615885972977
0.36583799123764,2.05846703052521,18.3805862665176,15.6134955883026,784.140556335449,463.278751552105,134.323299616575,390.192514002323,39.4590975940228,389.518005788326,4414.02548709512,339.363460183144,209.958371043205,466.817323982716,315.848146319389,1.56120386719704,149.699400991201,1414.73731210828,411.270853817463,41.0361843705177,12.802034586668,0.827983021736145,35.4714531302452,69.75451785326,3.40078723430634,917.417429000139,166.891878992319,163.683164924383,1362.96379747987,18.8339013755322,155.152276217937,0,0.700088441371918,7661.50889369845,83.2793039679527,1410.30313813686,218.32658931613,937.982822477818,283.017925024033,720.459791362286,8312.61180302501,198.558811932802,5.06522142887115,4.80173432826996,1.73675799369812,1.79008477926254,1.88305306434631,0,2.87660765647888,0,0.54689085483551,1.30249434709549,1.04135739803314,0,0,10.3030760586262,0.668318152427673,3.55456793308258,1.85023218393326,0.585701048374176,2.41558527946472,5.43788087368011,0,0.676358044147491,1.1971036195755,0.615360498428345,0,0,0,0.74337500333786,0,1.02508133649826,49.4204779863358,1.36730849742889,4.59355413913727,13.4441742002964,39.6758636534214,0,0.647523820400238,4.50125288963318,0,0,0.998010814189911,11.8718323707581
10.0696767568588,1.55828553438187,216.666045814753,3.07985025644302,0,1.04977965354919,656.171845525503,25.9330478608608,105.407150268555,34.0538059771061,9.88753977417946,0,0,100.134636104107,8.17715680599213,1.28219628334045,245.416925162077,5.79734694957733,47.3034952282906,1.48626956343651,886.237847208977,4.6372894346714,450.316837519407,752.534374535084,0,284.784258395433,85.5062357485294,4392.04788854718,4021.96999743581,1085.15544843674,0,0.700088441371918,0,1350.99030578136,49.5325425863266,132.935683697462,21.5734718739986,536.639928936958,130.702528983355,22.0322760939598,3.49175316095352,11.2099858522415,111.454941123724,6.55266064405441,17.2787051796913,9.93717986345291,20.6685757040977,3.69886130094528,5.42264080047607,1.65501618385315,0.852745115756989,4.96954905986786,5.93023705482483,1.37550890445709,0,76.2312549352646,3.11360627412796,50.8939831256866,26.2297831475735,0,5.65746441483498,0.69811886548996,16.2034057080746,9.12837183475494,10.7897540926933,0,0,0,1.27510806918144,0.950008928775787,14.0804979205132,17.9400942325592,231.774916738272,0,0,18.7159002125263,249.029909878969,32.8780100047588,13.4589629173279,0,0,2.23763394355774,32.3548477888107,17.9748936891556
302.238011687994,33.4182546436787,2670.40673902631,221.122295737267,1098.23453962803,225.670885324478,3476.28932955861,711.815969362855,369.759468972683,2608.25023037195,10990.6945489645,1097.82598635554,286.914249658585,2424.95356661081,116.495185822248,443.541801601648,15357.4829814136,3652.47906202078,9337.23138606548,212.144655257463,15074.3383033872,71.8385901749134,21825.4598974586,1834.51063778996,11.871136367321,5808.53261166811,13582.398530066,9113.93490985036,5966.19264008105,7905.04837623239,123.981192708015,7661.50889369845,1350.99030578136,0,346.336304068565,3225.99260112643,1178.0673789084,3621.60773536563,803.61022618413,202.472488701344,329.01982703805,202.049252271652,428.622212857008,57.4658566117287,139.803046286106,71.268413990736,76.0945835113525,30.3032295405865,12.7434463500977,6.33463788032532,59.160393923521,477.91301175952,46.6771513521671,8.27639532089233,5.90170314908028,309.298805460334,42.2663774490356,178.105565458536,231.174221038818,4.8216181397438,30.7676382660866,28.8952767252922,48.4376154541969,35.8446432948112,125.696064829826,54.3267779648304,0,12.6631652414799,33.466840326786,25.9260839819908,127.640983641148,194.46971771121,1089.27215844393,1.51956677436829,260.14221405983,1530.82357543707,1032.22042995691,116.216274619102,48.7953430712223,10.9092543125153,0,9.12282049655914,127.084491759539,88.1332059204578
7.31478288769722,12.4398368597031,749.78505975008,56.305258244276,704.392217934132,6498.7327375114,846.49176171422,848.642117291689,252.998554617167,510.50860992074,193.184693008661,1550.48179614544,12.9843822717667,246.466655701399,5549.37246865034,672.505552560091,514.271897137165,367.840467303991,567.839492321014,44.3691835105419,4374.48900198936,30.2475480437279,8388.13893401623,1385.57561773062,0.687641859054565,1467.86999586225,4604.34563875198,4770.62066477537,391.322769194841,188.996263504028,17.9270229041576,83.2793039679527,49.5325425863266,346.336304068565,0,19511.1550312936,5284.5693398416,1337.67345160246,6326.01697206497,419.788280516863,1012.87154406309,601.135774254799,1549.82273495197,625.318430244923,102.909735351801,1597.12656334043,114.196300625801,31.1216519474983,34.8613469600677,0,6.35703003406525,209.650869041681,9.01189890503883,96.9931555986404,292.310911953449,88.5515897870064,121.242029190063,132.590071707964,121.635868698359,7.54580932855606,816.351527661085,2.07715624570847,4.18338888883591,623.335003912449,167.978783369064,26.3613321483135,44.2896424531937,42.3544427156448,1.43463009595871,248.502114266157,57.4697152376175,1207.77507215738,280.345477342606,0,206.399644762278,798.655899256468,484.650493085384,37.7510023713112,30.7626193761826,1.91756939888,4.91269186139107,6.68525505065918,44.6465567648411,220506.276059061
30.3517423272133,155.912241399288,4641.49842691422,454.67843529582,478.693721860647,1343.3344450891,3122.63017487526,4615.04120799899,1106.2839205265,5112.1967099607,2605.49487823248,3030.81207630038,174.616664290428,4144.31484597921,1669.00189235806,4860.01366314292,4027.17603763938,4336.72470641136,6275.87733021379,802.890059828758,18537.5376466811,292.165987014771,46733.3193416893,5895.92369455099,2.5965484380722,17230.0919187069,38906.9661964178,15745.3168788552,3101.50386998057,466.687040835619,224.24519136548,1410.30313813686,132.935683697462,3225.99260112643,19511.1550312936,0,41555.8002257347,10187.5514060259,5080.9180688858,13343.019706279,3721.69313076138,4422.95101937652,4018.20931643248,143.943872064352,398.00511649251,223.525260537863,1945.43275561929,92.8059595823288,46.8193166851997,9.41751882433891,157.671469420195,855.029105752707,97.9360999763012,42.6972739398479,77.6560640633106,1050.6933260262,209.443162947893,562.086232572794,697.972575306892,65.9374057948589,259.930818289518,18.8315623700619,236.262423306704,215.69914150238,561.519529104233,120.489729940891,80.1416696608067,44.4032537043095,82.6112750470638,69.1871396303177,293.444211810827,436.84310349822,3001.21075028181,7.65064072608948,677.505385875702,3352.55989149213,3244.23336455226,362.162058800459,131.729852110147,7.20180404186249,28.4849219620228,39.6880310773849,372.348116308451,2531.55661195517
10.3023556172848,219.124613046646,2104.14447671175,13.5534670948982,32.3652658164501,68.8017762303352,183.823334753513,267.38904863596,142.824505776167,205.513824224472,3658.80287969112,149.403921753168,1779.80247586966,326.708933353424,732.281630039215,1086.74662104249,2553.67887979746,5441.18815845251,4745.33439004421,35.1046018004417,1985.86095663905,186.265876591206,6846.05098831654,724.807400017977,160.004482388496,32577.3868614137,20612.2357107401,1775.47918251157,259.826601356268,153.785245627165,1288.72856530547,218.32658931613,21.5734718739986,1178.0673789084,5284.5693398416,41555.8002257347,0,10356.7525778711,22495.0949279368,527.163746237755,1123.97493714094,6027.63400501013,216.45150744915,74.8283085227013,54.1388528347015,113.960549116135,12.7017860412598,2.13997954130173,173.382031708956,1.82783269882202,213.095891863108,365.693787693977,1.69252634048462,15.8567311167717,1.26695501804352,54.1890394687653,7.64087447524071,26.4662848711014,11.3370172381401,196.935870796442,2.40699723362923,679.961561858654,2.25374361872673,29.3311016559601,100.712858259678,57.8763173818588,26.277027785778,21.6085100471973,1.24315285682678,15.505240291357,77.7274508774281,90.318342089653,94.3272063136101,165.956758856773,1162.21995529532,3220.76083260775,119.127441614866,5.31697517633438,8.26735320687294,326.042054384947,1.370252430439,0,25.1021499037743,1876.57560545206
124.502337485552,86.7984708845615,3323.98394876719,203.758654654026,76.6832016706467,260.376377075911,3362.12937301397,814.364238232374,488.081191927195,1976.5686146915,7429.04973837733,879.29279178381,758.570584774017,1741.25791850686,205.229378223419,1781.82035630941,5341.98702087998,7983.93173381686,7689.58914113045,179.914307951927,12022.8448006511,194.02224907279,31052.1642390788,2379.62574467063,81.5726670026779,12758.8202655911,24244.7237547934,9030.30415478349,3205.61861941218,2397.88814985752,593.651214241982,937.982822477818,536.639928936958,3621.60773536563,1337.67345160246,10187.5514060259,10356.7525778711,0,6814.19031226635,380.681497246027,1024.7250264287,3085.80890884995,604.17612811923,96.556480973959,160.849584639072,103.862287282944,96.462943136692,25.5645844936371,73.056411921978,8.4882276058197,97.6952498853207,576.100211977959,53.1040513217449,9.62006402015686,7.01689422130585,423.684529840946,37.5892853140831,251.848514795303,225.217075794935,26.97793841362,28.6106320023537,86.2530914545059,62.7019286155701,48.3454163372517,259.858791559935,83.2409985363483,5.52825486660004,15.3126740157604,23.3920670449734,34.9002259671688,197.858205646276,228.264739125967,1249.14403089881,25.5260238051414,508.816025346518,2446.22908815742,1263.6135494709,127.401823490858,57.7341478168964,63.6013763844967,0.514287173748016,15.2584372758865,111.954227179289,381.517819315195
32.0276047587395,41.2541716694832,2259.84379121661,33.2278585731983,40.7762560844421,80.8754217326641,1092.1645603478,387.738847047091,149.670706540346,416.101360529661,992.527107864618,121.652202993631,30.3893701434135,544.874228417873,616.859925895929,1228.08514291048,2507.659486413,2443.31054070592,2776.72322955728,40.8861877918243,5627.13995057344,91.7992218136787,17577.3939709961,974.025322496891,2.97315633296967,6026.70185571909,14525.3975800276,3821.2733835876,758.566237717867,675.816573172808,77.1576233506203,283.017925024033,130.702528983355,803.61022618413,6326.01697206497,5080.9180688858,22495.0949279368,6814.19031226635,0,335.743405401707,1590.32854691148,587.201466202736,329.516771018505,86.9972389638424,59.5239078104496,208.21750202775,44.1449566483498,19.0312848687172,16.4514353275299,2.35297787189484,54.1236920952797,366.273173511028,9.01803278923035,37.5135994553566,12.8407178521156,158.513326585293,18.8810064792633,107.002822816372,68.8944363296032,2.33565664291382,7.08925285935402,11.6865064501762,21.2979105710983,84.5198787748814,148.179513633251,34.8286912441254,4.60043483972549,13.2527844905853,6.32656478881836,36.9850440323353,106.557812124491,198.819908648729,424.084977328777,0,216.025984972715,1291.56898587942,502.37353810668,44.4020177125931,21.0249505639076,3.1911147236824,1.66613733768463,4.5394075512886,30.8480720818043,3291.26838129759
6.38397282361984,51.7601911127567,39.3616921007633,351.848536580801,12520.9313043356,5451.19600492716,488.494787693024,4206.12994092703,3715.63134342432,1713.60846471786,660.29024040699,10190.6339673996,25.7720061540604,1185.75642842054,5961.10643592477,49.1758196651936,80.334622323513,390.076943874359,203.400414466858,761.722146719694,351.363904982805,90.4560922980309,490.160128057003,3227.365704,23.0612632036209,362.654535651207,393.378681480885,1417.39550057054,426.14333999157,41.519337952137,22.9592272639275,720.459791362286,22.0322760939598,202.472488701344,419.788280516863,13343.019706279,527.163746237755,380.681497246027,335.743405401707,0,705.182741135359,1683.1784543097,383.968721657991,147.592266589403,74.2837361693382,39.8534297943115,418.159080803394,47.438595354557,94.3034935593605,1.39279389381409,3.67891657352448,10.1231430768967,135.604598790407,61.0084230899811,29.1596003174782,161.325725257397,34.7112869620323,180.761658132076,296.493231624365,5.4429914355278,466.820076733828,9.33697217702866,38.656558573246,374.739332348108,45.2083505988121,1.24908792972565,3.92776697874069,1.03992819786072,98.3463054001331,15.463659286499,14.8191886544228,38.7888330221176,691.441080451012,0,5.36024868488312,34.7460263669491,738.971057027578,54.409915715456,3.22448813915253,0,1.5566383600235,4.40125894546509,51.4478606581688,299.389110326767
4.61006677150726,1.99198263883591,26.0054265856743,55.8017722070217,11013.8837403655,1466.37381973863,364.446910858154,723.877024888992,78.2336387336254,473.37687638402,144.711879879236,147.097742021084,20.0559096932411,399.167497128248,113.842843562365,24.4361812472343,49.5275150239468,70.0050098598003,40.8268917798996,62.7466531097889,198.189793437719,3.12943577766418,294.075732141733,319.228660434484,2.7714855670929,117.204232096672,177.931314349174,768.63476061821,203.016394942999,18.5728732347488,6.27382746338844,8312.61180302501,3.49175316095352,329.01982703805,1012.87154406309,3721.69313076138,1123.97493714094,1024.7250264287,1590.32854691148,705.182741135359,0,1296.97120654583,77.8009904026985,9.70236164331436,16.7821050882339,17.6707354784012,25.8118689060211,2.62004280090332,21.3469019532204,0,0.66337114572525,4.1945868730545,9.46147346496582,1.52608752250671,0.44253858923912,68.480323433876,12.1326143145561,53.8384733200073,42.9966234862804,0,4.25543758273125,3.98170250654221,4.04436820745468,7.05630305409431,4.02313238382339,0,1.12466335296631,0.527874052524567,2.51907348632812,3.5154355764389,8.40499675273895,13.5582246780396,226.861728936434,0,1.81400984525681,15.4966252446175,244.627218455076,13.2261988818645,5.74565607309341,0,0,3.59242734313011,15.1316705942154,270.217725396156
1.07467088103294,594.638979136944,16.0749816000462,22.3991725742817,33.0879638791084,49.5324125885963,47.1629085540771,302.31529763341,38.7244997322559,159.515335649252,5287.09424349666,224.773543447256,5422.29493755102,227.500652134418,98.888886064291,132.740183144808,17.007287979126,218.764041811228,26.7533850371838,44.255075275898,133.193274229765,60.3975436091423,309.450950741768,259.119968771935,2845.99220138788,1393.59887981415,1053.11228111386,456.451996773481,129.866243302822,3.09990319609642,1081.6830381155,198.558811932802,11.2099858522415,202.049252271652,601.135774254799,4422.95101937652,6027.63400501013,3085.80890884995,587.201466202736,1683.1784543097,1296.97120654583,0,141.737923294306,36.7129917740822,47.7887047827244,9.10097944736481,350.529474169016,12.5619062781334,171.730900585651,0.514307737350464,12.4427451193333,3.77338692545891,1.11935684084892,1.49194568395615,5.02618643641472,59.3296311795712,26.0627351105213,12.0403812229633,55.3941018879414,146.266388177872,33.005162447691,517.32974204421,17.5711594820023,25.7999845743179,16.3621741533279,1.07163521647453,13.9487649798393,3.84680032730103,8.75228527188301,2.86057215929031,11.4474276304245,2.80696433782578,61.4965241551399,166.11179459095,187.429077774286,352.608832448721,95.0416533946991,8.0229731798172,8.39620834589005,269.573605388403,1.79695391654968,4.18017375469208,18.6008088588715,166.439781367779
8.30115565657616,206.525504469872,611.398710876703,122.415483683348,39.442774951458,23.3216371536255,394.882157474756,106.60235708952,1180.95802137256,327.196215629578,21.8841926157475,122.792075127363,33.7464735507965,194.924166232347,120.069797813892,471.4520406425,160.246932208538,9.98217058181763,111.982117831707,51.2400036156178,295.075731754303,337.435307353735,656.413619101048,3036.46995311975,36.9528253078461,1391.4614495337,5517.19484201074,3103.32026314735,563.192439109087,31.4864218533039,43.5191216468811,5.06522142887115,111.454941123724,428.622212857008,1549.82273495197,4018.20931643248,216.45150744915,604.17612811923,329.516771018505,383.968721657991,77.8009904026985,141.737923294306,0,34276.2574264407,4963.52801409364,6574.84121841192,11620.0056791306,2572.87632185221,1863.27093058825,57.1252664029598,177.714336931705,10219.788208276,319.688460767269,480.897948682308,1528.39618515968,4854.90608081222,2976.72275644541,743.800690591335,11069.5607114732,1826.10947987437,3091.10269847512,315.289037585258,1874.95631846786,659.341279923916,9443.84502333403,1402.45860040188,5509.48596322536,3340.77840703726,1249.06932863593,10675.7929913104,763.462363243103,44866.1178498864,6425.84934782982,20.4347624480724,15594.0692091286,40353.1642203331,17221.3086492717,1850.76276579499,924.980140388012,184.957036197186,1011.56612718105,134.787393629551,2258.0171982348,10958.8169344962
0.629905164241791,108.606679111719,150.128314107656,3.41768568754196,17.6677888929844,3.91363298892975,13.9733926057816,5.79924434423447,53.4493369758129,16.3404928147793,150.037936270237,12.4554561376572,235.899173915386,13.2180808186531,26.2934682965279,77.405383348465,57.9401971697807,13.405275195837,54.9114752113819,2.86741304397583,32.7030108571053,62.2758640944958,116.150536358356,166.96218174696,97.1775924563408,1197.17623564601,2741.47305640578,212.858368963003,28.750246077776,0.481668502092361,245.870142191648,4.80173432826996,6.55266064405441,57.4658566117287,625.318430244923,143.943872064352,74.8283085227013,96.556480973959,86.9972389638424,147.592266589403,9.70236164331436,36.7129917740822,34276.2574264407,0,4638.36527395248,20116.7503169477,970.040047705173,517.468019455671,1082.94204485416,19.3875277042389,90.9637744724751,3000.68121647835,9.88936470448971,55.450515806675,122.213285028934,664.748671382666,242.232281237841,78.047415047884,492.248752951622,1026.27962911129,161.371730923653,535.577442377806,208.714124292135,208.037338137627,1526.26812285185,1021.06146207452,3138.31301215291,1456.01148933172,50.8696576952934,685.688678503036,157.688772559166,7207.2305637002,463.261361926794,77.6283451020718,19073.938351661,13769.9343181849,1194.49356544018,427.070993095636,418.910807818174,528.493002593517,164.859897702932,78.7079871594906,856.516621828079,3956.53174141049
1.33072125911713,91.0638281702995,283.963504999876,40.9788220226765,1.3325183391571,12.56049066782,86.5909207761288,41.874859213829,247.644705981016,88.2448728978634,48.2038818597794,25.6101106107235,98.3833242356777,29.7315240502357,43.2184404432774,106.801370501518,72.0038149058819,4.13502621650696,43.0719518661499,15.2546800076962,50.6706958115101,87.4196662008762,194.136601239443,731.667876273394,38.9456068873405,764.672410219908,2425.74606144428,732.779566287994,117.98897793889,8.15333890914917,86.1092250049114,1.73675799369812,17.2787051796913,139.803046286106,102.909735351801,398.00511649251,54.1388528347015,160.849584639072,59.5239078104496,74.2837361693382,16.7821050882339,47.7887047827244,4963.52801409364,4638.36527395248,0,3570.26651337743,465.091529279947,1752.63598999381,2419.86145186424,75.3774129152298,94.7196274399757,5662.0867023021,88.65197250247,93.5956867337227,324.022969424725,2394.17415893078,641.136865615845,194.40223389864,2066.62492875755,5692.18655747175,545.787109613419,702.533925801516,633.82357801497,95.9235135018826,1426.31217113137,3339.6076195538,8749.16775354743,5766.40266743302,203.931935667992,10507.2577834129,192.344560265541,22140.2736629397,1702.17396470904,30.6543540656567,15111.1205148697,20240.2112282813,9679.72638365626,1147.6505792737,2124.52577973902,1035.63685914874,844.5614798069,299.632783561945,2317.30244630575,592.765193194151
0.897888630628586,82.4231767654419,337.126134723425,9.51193642616272,50.26133030653,1.8766508102417,28.8794265091419,6.49076491594315,122.226029127836,12.0966011285782,14.6399713158607,2.46325898170471,31.121709048748,12.5590955615044,77.4812337756157,134.455904185772,81.7083406746387,3.0219831764698,44.0503286719322,4.00724947452545,101.974882155657,104.318453401327,370.164529532194,272.887435346842,24.7286922335625,741.659579992294,2823.94033956528,290.447831630707,48.279742538929,7.63898247480392,37.3476319909096,1.79008477926254,9.93717986345291,71.268413990736,1597.12656334043,223.525260537863,113.960549116135,103.862287282944,208.21750202775,39.8534297943115,17.6707354784012,9.10097944736481,6574.84121841192,20116.7503169477,3570.26651337743,0,985.335651546717,523.84799015522,1145.87600773573,34.1404011845589,80.7638095319271,7166.94944965839,7.79344511032104,27.6144258975983,41.7811757922173,1063.28043818474,114.371033042669,62.7070987522602,172.982487142086,669.502607315779,47.9990135133266,88.201310813427,228.628064483404,141.186782121658,2640.82901594043,1299.23564490676,4238.84147369862,2868.66870471835,15.8133001923561,5939.82155758142,179.810508131981,28498.344381243,936.895489573479,7.70479261875153,10694.1740337014,25334.275102824,4883.16529342532,446.335794061422,854.734767436981,108.929564297199,44.3082829415798,115.702751755714,624.623860925436,5898.4074370265
3.0295467376709,1.25840651988983,8.72250521183014,240.280339390039,37.8706865012646,26.7829539775848,118.793563842773,51.1685030162334,450.251069545746,319.61692944169,3.47446799278259,456.994281798601,0,63.8023399412632,91.8612259924412,34.0071734189987,1.33628779649734,0,3.19461840391159,104.246440112591,42.5498486161232,5.20173424482346,52.9198911786079,1016.71319499612,0,9.62591403722763,50.9532078206539,1110.51044800878,106.187904447317,0.909675896167755,0.936857521533966,1.88305306434631,20.6685757040977,76.0945835113525,114.196300625801,1945.43275561929,12.7017860412598,96.462943136692,44.1449566483498,418.159080803394,25.8118689060211,350.529474169016,11620.0056791306,970.040047705173,465.091529279947,985.335651546717,0,1858.17329126596,532.352904319763,3.93208038806915,68.5167791843414,86.3103057742119,290.752426177263,18838.957916826,5365.82994818687,612.724051147699,2090.61495554447,2973.84500148892,2415.83420631289,749.896070510149,2866.35173901916,113.170931011438,396.373367995024,6459.84884259105,141.74579924345,55.0847676992416,674.359958291054,273.047472029924,419.180888682604,519.692399084568,315.982204556465,921.068000495434,2049.80283880234,20.7801914215088,466.453437894583,597.231197804213,1797.50836053491,289.073431015015,78.0108695328236,39.790756136179,522.811230868101,14.1405240297318,205.047824919224,337.859894990921
0,0,4.13623654842377,7.79780548810959,0.674617886543274,3.66732168197632,27.1257204413414,7.57574260234833,63.0143704414368,23.8718284964561,0,6.09780961275101,1.46396362781525,13.6853113472462,8.7393533885479,5.23590743541718,0.534572124481201,2.67195236682892,0.689866125583649,4.19198161363602,3.92792040109634,2.01037320494652,7.11138835549355,151.563343465328,1.20488524436951,7.12463575601578,21.3123777210712,173.071231156588,29.2748144567013,0,3.06655821204185,0,3.69886130094528,30.3032295405865,31.1216519474983,92.8059595823288,2.13997954130173,25.5645844936371,19.0312848687172,47.438595354557,2.62004280090332,12.5619062781334,2572.87632185221,517.468019455671,1752.63598999381,523.84799015522,1858.17329126596,0,826.909011423588,0.874853998422623,9.37672913074493,56.3163895010948,45.1935895383358,9265.35257837176,1622.70842060447,380.382880687714,276.00261425972,56.305174857378,1013.60329285264,251.664436459541,191.222439140081,48.5327780842781,93.3998478055,206.096940457821,23.2359827756882,17.819563627243,174.274557054043,50.4645268321037,98.6247386932373,73.4630131423473,14.1446639001369,197.17539319396,259.235535651445,3.78502309322357,190.991915643215,203.634442806244,760.20128262043,160.586129873991,29.4062144160271,36.8062916398048,7491.68180158734,3.23386281728745,153.901650875807,235.519027620554
0,58.4758246541023,3.34382677078247,0.568983972072601,2.67388561367989,0.494404077529907,4.89928370714188,6.06943646073341,3.174406260252,11.0034509897232,732.967243105173,9.52250900864601,1000.66023558378,6.96492439508438,8.43825143575668,4.24326279759407,0.846662044525146,17.8423532247543,1.36754727363586,4.03769677877426,10.080502808094,6.22927886247635,3.06079149246216,58.3071362674236,95.6329090595245,283.166430234909,180.401622533798,84.1204779446125,16.7561111450195,0,304.770287483931,2.87660765647888,5.42264080047607,12.7434463500977,34.8613469600677,46.8193166851997,173.382031708956,73.056411921978,16.4514353275299,94.3034935593605,21.3469019532204,171.730900585651,1863.27093058825,1082.94204485416,2419.86145186424,1145.87600773573,532.352904319763,826.909011423588,0,5.13572055101395,1103.00218468904,37.1365956664085,8.41143438220024,22.4873529672623,160.185985654593,102.230093449354,253.301999330521,94.6096439361572,185.197728693485,2540.87636426091,102.569330483675,2222.45202991366,57.5553573966026,30.7625726759434,44.2756751775742,3.10991948843002,146.01476624608,15.3633601367474,18.8552698493004,23.004819303751,314.433928191662,112.023387759924,199.775192975998,941.573367536068,974.814906179905,715.001004308462,214.597000151873,33.4393350183964,5.84368833899498,1269.09735497832,218.605979412794,7.87297397851944,73.6119518578053,193.15748912096
0.32546865940094,0,4.46400934457779,1.45333081483841,0.482719898223877,1.85718369483948,1.25620204210281,2.73749455809593,23.0984679758549,2.99564716219902,0,3.12946385145187,0,2.10679715871811,0.538070023059845,11.8497177362442,0,0,1.40168935060501,0.937308043241501,13.5643286108971,3.22273552417755,7.5844574868679,36.4532736539841,0,4.06218272447586,18.8616849184036,46.4889200031757,7.5272091627121,0,0,0,1.65501618385315,6.33463788032532,0,9.41751882433891,1.82783269882202,8.4882276058197,2.35297787189484,1.39279389381409,0,0.514307737350464,57.1252664029598,19.3875277042389,75.3774129152298,34.1404011845589,3.93208038806915,0.874853998422623,5.13572055101395,0,0.875783860683441,94.7018982768059,1.96160173416138,0,5.78847795724869,4848.30240732431,173.11075848341,11.3854925334454,244.230033308268,19.1336209475994,23.6433852910995,1.08917391300201,8543.96689355373,1.63951563835144,6.95632094144821,292.662598967552,14.4455333650112,141.928370922804,7.99673649668694,95.5653724372387,17.9166399538517,116.326930746436,84.5872638821602,0,264.850191444159,197.710099816322,374.253440588713,4342.91146919131,8668.40050235391,2.10280430316925,5.1607913672924,7.18491667509079,170.397796839476,6.07951933145523
0.499312996864319,3538.93504989147,214.44515684247,0,0,0,1.82917755842209,0.811511337757111,85.5463339984417,0,36.4637827277184,0.921206772327423,57.2058790922165,6.47860136628151,4.86084067821503,82.3195365965366,64.6245278120041,3.90096637606621,81.4205567538738,0,25.4847359061241,243.78816485405,80.463035941124,70.2868909835815,492.82211714983,1155.97825330496,10529.4298982024,31.4951871931553,5.19648259878159,1.66787907481194,33.6741462349892,0.54689085483551,0.852745115756989,59.160393923521,6.35703003406525,157.671469420195,213.095891863108,97.6952498853207,54.1236920952797,3.67891657352448,0.66337114572525,12.4427451193333,177.714336931705,90.9637744724751,94.7196274399757,80.7638095319271,68.5167791843414,9.37672913074493,1103.00218468904,0.875783860683441,0,71.8149307966232,6.89479005336761,16.1278536319733,4.94759881496429,34.3443322777748,2.91793617606163,1049.14872798324,5.88233521580696,598.432519704103,49.1280663311481,3038.20838576555,10.4611860513687,46.2054043114185,2209.34977388382,51.9820553064346,11.4857516884804,26.569013774395,5.92615240812302,200.916004240513,5055.50088664889,131.606442928314,3598.15347281098,544.613215595484,412.072899490595,9532.23672491312,449.621747791767,23.9969517588615,25.4494381248951,31.8012408614159,7.65561759471893,0.486446797847748,42.678718522191,11.9076017737389
0.883377254009247,239.265032112598,3164.94198420644,0.860690474510193,1.1577775478363,1.19511991739273,18.1463495194912,2.48492977023125,35.0476627349854,0.612217664718628,9.37148785591125,0.395240396261215,2.48443615436554,8.51365497708321,22.5828483700752,209.990037024021,777.659502595663,23.2139527201653,306.030238121748,0,102.565077722073,508.51856353879,988.550828516483,221.32358443737,3.40141487121582,3709.88450327516,13733.2007671297,203.875770002604,10.593518435955,21.1944092512131,2.2259995341301,1.30249434709549,4.96954905986786,477.91301175952,209.650869041681,855.029105752707,365.693787693977,576.100211977959,366.273173511028,10.1231430768967,4.1945868730545,3.77338692545891,10219.788208276,3000.68121647835,5662.0867023021,7166.94944965839,86.3103057742119,56.3163895010948,37.1365956664085,94.7018982768059,71.8149307966232,0,1.0919731259346,11.3712010979652,12.0938531458378,9862.1528224051,321.696936458349,9.96212500333786,198.033645033836,83.3155407160521,11.99178814888,9.34171098470688,803.297412127256,41.5755036473274,177.313919454813,16055.5931710601,67.4173844158649,1347.59900900722,5.91939041018486,7568.21436357498,83.9543801546097,47017.2563865036,147.529711902142,0.500420570373535,24637.8844150156,20834.6300073564,10215.4425740242,520.683959692717,3753.84894946218,2.60949516296387,3.6585733294487,78.4355978965759,2029.60284723341,1221.0957506001
0,0,0.419314980506897,508.775662988424,10.1876144707203,11.2191025614738,239.293772757053,34.3332691788673,512.348497658968,323.357812523842,0.71268892288208,269.868939399719,0,35.2358721792698,39.3086162209511,1.63942918181419,0,0,0,131.157629132271,0.31510654091835,3.59055602550507,0.384963750839233,889.552201241255,1.35350728034973,0,5.31275978684425,1046.17569819093,59.0085615217686,0,0,1.04135739803314,5.93023705482483,46.6771513521671,9.01189890503883,97.9360999763012,1.69252634048462,53.1040513217449,9.01803278923035,135.604598790407,9.46147346496582,1.11935684084892,319.688460767269,9.88936470448971,88.65197250247,7.79344511032104,290.752426177263,45.1935895383358,8.41143438220024,1.96160173416138,6.89479005336761,1.0919731259346,0,50.7572731673717,315.861550837755,69.9294468462467,158.328298598528,1475.34311819077,5455.21153941751,42.6023094952106,13412.734739989,7.16614475846291,150.221111029387,338.871440559626,0,1.48239615559578,42.2397083938122,17.2954753637314,32887.0583061874,0.499204158782959,39.5519309639931,1.48913079500198,3367.55866587162,4.65590253472328,32.1404631733894,23.0656221210957,4417.93981687725,114.008153736591,3.30031162500381,1.46769368648529,14.5131711959839,0.423257142305374,105.70421025157,45.1257288753986
0,0,7.48830324411392,26.9031723439693,2.18328082561493,1.13659012317657,11.9795463085175,3.50420093536377,56.6587111949921,42.0070441663265,0,76.9167332351208,0,5.54510846734047,17.0222503840923,3.64720189571381,2.30862629413605,1.27081453800201,3.09161829948425,21.3687596321106,23.1852722167969,0,43.2298039197922,136.491087079048,0,6.33089634776115,24.8392011523247,167.568113803864,8.11999294161797,0,0.883368313312531,0,1.37550890445709,8.27639532089233,96.9931555986404,42.6972739398479,15.8567311167717,9.62006402015686,37.5135994553566,61.0084230899811,1.52608752250671,1.49194568395615,480.897948682308,55.450515806675,93.5956867337227,27.6144258975983,18838.957916826,9265.35257837176,22.4873529672623,0,16.1278536319733,11.3712010979652,50.7572731673717,0,1215.89429590106,44.9885692894459,313.523806273937,669.701826274395,323.112282752991,132.861761182547,631.043218642473,11.5237141549587,14.5921197533607,5028.49150586128,34.1420111060143,4.38422840833664,69.9384934604168,5.93351411819458,42.5409184992313,118.26441898942,33.7749057412148,350.438820958138,304.149482518435,2.72434449195862,43.5830335617065,52.4672771990299,235.538318425417,24.1721447110176,14.1256915926933,20.4638805389404,108.938504040241,7.69585460424423,366.079937249422,368.228656053543
0.566332638263702,0,1.50390303134918,31.8159426748753,3.9469153881073,3.85425662994385,24.5382196903229,5.18160289525986,77.834018021822,41.6784684360027,0,72.6260581016541,1.64313888549805,2.14449143409729,15.1981912255287,4.07143047451973,2.43972587585449,0,0,11.6786605417728,2.92793369293213,1.80862736701965,3.11750793457031,136.03708922863,0,1.60506957769394,5.26599431037903,131.377525001764,3.39324200153351,0,0,0,0,5.90170314908028,292.310911953449,77.6560640633106,1.26695501804352,7.01689422130585,12.8407178521156,29.1596003174782,0.44253858923912,5.02618643641472,1528.39618515968,122.213285028934,324.022969424725,41.7811757922173,5365.82994818687,1622.70842060447,160.185985654593,5.78847795724869,4.94759881496429,12.0938531458378,315.861550837755,1215.89429590106,0,468.023314207792,12492.7378477752,443.748115599155,31105.6943743825,785.992882847786,7797.06952491403,27.890349060297,898.25239983201,2683.86209583282,0.796291530132294,25.6247291862965,570.726086199284,150.041190654039,512.251713991165,7.82357743382454,16.4409127533436,13.5063634514809,238.462264984846,0,344.768331468105,84.8023078739643,458.491513371468,392.456285119057,27.6315375864506,39.7608004808426,162.003088206053,0,307.34848678112,3680.74970236421
3.47784835100174,10.8034186959267,207.427730381489,169.815387696028,14.9868275225163,27.9822065532207,413.694053351879,130.35718742013,993.540003180504,308.163406521082,4.84155809879303,79.0673732459545,0,189.056080937386,76.3880971074104,209.528966665268,43.1881982386112,0,24.1478943526745,64.359009295702,213.022036194801,91.7399486303329,254.410743534565,2481.93980616331,0,286.687673866749,1042.00893682241,2674.80777418613,442.440189838409,21.8437755405903,0,10.3030760586262,76.2312549352646,309.298805460334,88.5515897870064,1050.6933260262,54.1890394687653,423.684529840946,158.513326585293,161.325725257397,68.480323433876,59.3296311795712,4854.90608081222,664.748671382666,2394.17415893078,1063.28043818474,612.724051147699,380.382880687714,102.230093449354,4848.30240732431,34.3443322777748,9862.1528224051,69.9294468462467,44.9885692894459,468.023314207792,0,22262.1828218699,618.733966499567,28418.8083764613,639.843641489744,176.858684122562,63.3724327981472,50021.182452172,176.09581002593,142.298306643963,6962.23020023108,581.939701348543,2126.51055181026,174.782376408577,5812.67265734076,402.803489863873,4454.43453168869,2899.49064877629,3.24796566367149,8764.30841359496,3060.52926653624,66926.2958143651,5423.19136491418,15660.4636515081,12.2761399447918,140.931279301643,250.589398115873,3276.66473212838,751.117059260607
0.94663679599762,0.460550278425217,5.44294330477715,39.7862928211689,5.29843437671661,9.28950828313828,81.3471759557724,7.93330955505371,147.589000433683,53.1592873632908,1.13681122660637,32.0664963722229,2.94313457608223,25.9189197421074,17.6870187222958,13.4145841598511,0,0,0,19.9725412428379,29.6407049298286,5.07337862253189,15.1268146336079,350.060246407986,1.23952525854111,7.1820824444294,26.1456111967564,364.167125165462,32.0575803220272,0,5.37276124954224,0.668318152427673,3.11360627412796,42.2663774490356,121.242029190063,209.443162947893,7.64087447524071,37.5892853140831,18.8810064792633,34.7112869620323,12.1326143145561,26.0627351105213,2976.72275644541,242.232281237841,641.136865615845,114.371033042669,2090.61495554447,276.00261425972,253.301999330521,173.11075848341,2.91793617606163,321.696936458349,158.328298598528,313.523806273937,12492.7378477752,22262.1828218699,0,131.210086375475,18174.5258886069,1375.06226211786,3285.00828251243,66.537889957428,23111.8555947542,291.478619515896,14.3913646936417,393.200869590044,854.677140802145,332.35124540329,840.340059548616,95.7223766446114,57.2670573890209,90.9682156145573,551.734652966261,4.22487261891365,1018.66939634085,308.527076214552,1610.77233248949,841.630608439445,1410.33106023073,67.1741492450237,1373.65336278081,5.29760164022446,438.976128816605,1397.12307083607
2.64836984872818,19.7854593098164,13.4952583312988,289.344830960035,29.9007545411587,25.5804662406445,378.471090465784,91.9919166564941,4027.43445399404,304.849195927382,21.8469243645668,219.843220978975,13.4067366719246,159.387307852507,70.7899340689182,55.6028677821159,3.93385541439056,7.47046399116516,2.50628393888474,74.1077803075314,116.446913450956,59.2930071353912,79.8907153904438,3183.20620369911,10.3628681898117,52.7372614741325,203.264572918415,2359.38146340847,349.103974193335,18.3466672003269,2.41193306446075,3.55456793308258,50.8939831256866,178.105565458536,132.590071707964,562.086232572794,26.4662848711014,251.848514795303,107.002822816372,180.761658132076,53.8384733200073,12.0403812229633,743.800690591335,78.047415047884,194.40223389864,62.7070987522602,2973.84500148892,56.305174857378,94.6096439361572,11.3854925334454,1049.14872798324,9.96212500333786,1475.34311819077,669.701826274395,443.748115599155,618.733966499567,131.210086375475,0,1293.01468920708,268.052167534828,3951.15011689067,952.415163993835,146.210554718971,3161.90940201283,25.7437356114388,6.91622987389565,21.0629647672176,24.7173997163773,661.985579431057,12.6556897163391,6828.96014371514,14.3492841124535,39009.7125757039,392.834254831076,90.7189985513687,3317.24999672174,5348.24789440632,296.352180302143,73.8785312473774,11.657859057188,16.4563888311386,12.7882183492184,179.753911435604,145.600997209549
1.67760503292084,1.95924261212349,1.91138058900833,637.066823273897,27.2933864295483,49.4045779705048,824.320742100477,149.994731426239,1168.44920831919,1253.54949429631,2.56752118468285,395.255881369114,0,165.502252131701,89.8394403755665,29.0821596235037,0.787529528141022,1.22752213478088,0,315.577062398195,13.095801025629,10.2559596598148,24.2425181269646,2383.60091462731,1.74826669692993,2.57143810391426,16.3435321748257,2854.37449172139,219.121582210064,2.5052345097065,0,1.85023218393326,26.2297831475735,231.174221038818,121.635868698359,697.972575306892,11.3370172381401,225.217075794935,68.8944363296032,296.493231624365,42.9966234862804,55.3941018879414,11069.5607114732,492.248752951622,2066.62492875755,172.982487142086,2415.83420631289,1013.60329285264,185.197728693485,244.230033308268,5.88233521580696,198.033645033836,5455.21153941751,323.112282752991,31105.6943743825,28418.8083764613,18174.5258886069,1293.01468920708,0,2590.56331244111,8881.17491844296,140.727267473936,12825.76983881,499.003549069166,13.7821380496025,240.454677850008,2202.40129569173,1041.29505473375,14243.1720648408,42.3715980052948,59.4813641309738,64.1734014749527,3919.34466131032,1.99851727485657,1548.3671746403,371.719247937202,25860.3747922182,5303.09194430709,198.831456199288,63.675522506237,543.333941727877,13.3144082725048,3581.37399244308,1592.37775677443
0,79.5582012534142,3.42370715737343,2.61789926886559,0,0,1.83938646316528,0,21.4898559451103,0,852.623593777418,10.6267508268356,1345.20979562402,1.32145601511002,0,2.5435631275177,0.410940259695053,37.3666567206383,1.0965610742569,0,0,11.5642034709454,3.18870669603348,22.3727068603039,161.24393415451,742.111896365881,509.257409483194,4.88770908117294,0.786424815654755,0.435482650995255,684.385973870754,0.585701048374176,0,4.8216181397438,7.54580932855606,65.9374057948589,196.935870796442,26.97793841362,2.33565664291382,5.4429914355278,0,146.266388177872,1826.10947987437,1026.27962911129,5692.18655747175,669.502607315779,749.896070510149,251.664436459541,2540.87636426091,19.1336209475994,598.432519704103,83.3155407160521,42.6023094952106,132.861761182547,785.992882847786,639.843641489744,1375.06226211786,268.052167534828,2590.56331244111,0,1846.14243805408,6070.21015554667,1611.63462853432,54.5305257737637,110.741096049547,149.325701311231,13168.20256266,913.503536850214,291.267908722162,168.265525251627,612.772381573915,457.991261065006,557.557777315378,420.870534867048,6904.79682847857,862.377462893724,322.135406076908,5066.78105381131,223.603081643581,2787.84065169096,5120.72784110904,4.31527623534203,8521.72528000176,122.154122382402
0.786004900932312,1.43764898180962,0,541.739434599876,56.686087667942,35.9471584260464,137.489711493254,50.2474917173386,562.462257057428,613.580746114254,4.47794526815414,873.860646486282,0,54.9079660773277,123.030076950788,9.73701131343842,0.521759271621704,1.34373211860657,1.27485930919647,254.800835967064,9.50083076953888,6.44295290112495,10.3976647257805,1172.89676937461,0,2.71082979440689,14.9793281555176,1347.55109485984,42.5342752933502,1.08294001221657,0,2.41558527946472,5.65746441483498,30.7676382660866,816.351527661085,259.930818289518,2.40699723362923,28.6106320023537,7.08925285935402,466.820076733828,4.25543758273125,33.005162447691,3091.10269847512,161.371730923653,545.787109613419,47.9990135133266,2866.35173901916,191.222439140081,102.569330483675,23.6433852910995,49.1280663311481,11.99178814888,13412.734739989,631.043218642473,7797.06952491403,176.858684122562,3285.00828251243,3951.15011689067,8881.17491844296,1846.14243805408,0,68.054588675499,2646.65570296347,3024.2373713553,7.16568085551262,105.247518986464,1620.41488784552,643.293855190277,17966.9507384896,10.2820620536804,160.924693435431,23.707279086113,2703.59936696291,10.8887138664722,930.628790199757,319.601653695107,4981.03211334348,1517.93141371012,14.7497227787971,49.2520216703415,268.423764646053,2.11227998137474,910.986482471228,4200.32788363099
0,369.405398696661,4.43476915359497,1.35101652145386,1.46116161346436,0,7.84145146608353,5.28682941198349,42.6436077058315,2.05527400970459,2994.80695155263,0.837960243225098,5702.95827692747,3.9831907749176,1.43704116344452,5.94477042555809,0,72.6505511105061,0.791792333126068,0,0,47.755284100771,3.31580716371536,32.8038165271282,1152.70011153817,1724.62167030573,1476.58677631617,30.7970789670944,3.78861105442047,0,2186.03448489308,5.43788087368011,0.69811886548996,28.8952767252922,2.07715624570847,18.8315623700619,679.961561858654,86.2530914545059,11.6865064501762,9.33697217702866,3.98170250654221,517.32974204421,315.289037585258,535.577442377806,702.533925801516,88.201310813427,113.170931011438,48.5327780842781,2222.45202991366,1.08917391300201,3038.20838576555,9.34171098470688,7.16614475846291,11.5237141549587,27.890349060297,63.3724327981472,66.537889957428,952.415163993835,140.727267473936,6070.21015554667,68.054588675499,0,58.0794173777103,28.8827510178089,355.750824332237,7.21659207344055,80.8086575269699,7.47502660751343,17.2449952363968,88.0726876854897,2507.61191955209,66.4666830897331,2122.36238440871,5525.86730867624,791.003858804703,2571.35428851843,369.853641271591,139.84758874774,10.6160999536514,3308.20916715264,234.960400938988,0.515852034091949,353.437672257423,20.6237497329712
1.10832330584526,2.08771607279778,24.8583823740482,51.1052633225918,2.95015972852707,2.72072815895081,103.958925575018,11.3310826122761,273.848203122616,52.3955447375774,3.34577104449272,21.2421767115593,5.05258500576019,19.5980677008629,15.6617175936699,67.6289688646793,1.09653580188751,0,1.42195123434067,16.6836776137352,114.219916433096,20.2818490862846,58.7163036465645,538.827776283026,0,24.3392106294632,113.710000276566,582.723939478397,57.120812445879,1.48492455482483,3.33444103598595,0,16.2034057080746,48.4376154541969,4.18338888883591,236.262423306704,2.25374361872673,62.7019286155701,21.2979105710983,38.656558573246,4.04436820745468,17.5711594820023,1874.95631846786,208.714124292135,633.82357801497,228.628064483404,396.373367995024,93.3998478055,57.5553573966026,8543.96689355373,10.4611860513687,803.297412127256,150.221111029387,14.5921197533607,898.25239983201,50021.182452172,23111.8555947542,146.210554718971,12825.76983881,1611.63462853432,2646.65570296347,58.0794173777103,0,71.9074772894382,38.9152981936932,1792.75849494338,749.592000722885,999.301644831896,949.499744594097,520.143488317728,179.359724342823,498.761498212814,1130.88769750297,2.02376148104668,2251.02525538206,1183.33324578404,4243.24356301129,12746.7624826133,18531.4864439666,59.3456231951714,547.823486298323,60.2888913750648,1436.69860222936,101.268092572689
1.6444875895977,1.81478914618492,8.30793476104736,206.076565533876,34.2609107494354,23.8288398385048,82.3839810192585,26.3588826954365,406.702983111143,291.524303168058,4.00094312429428,413.265244483948,0,28.5761362016201,88.6260460913181,13.0502338111401,1.15740263462067,1.81940376758575,7.47353595495224,99.5454985797405,48.4175549447536,6.62382030487061,94.9019601047039,767.216027140617,0,6.07372808456421,56.0770340263844,886.636422634125,40.8715364634991,4.18523931503296,0,0.676358044147491,9.12837183475494,35.8446432948112,623.335003912449,215.69914150238,29.3311016559601,48.3454163372517,84.5198787748814,374.739332348108,7.05630305409431,25.7999845743179,659.341279923916,208.037338137627,95.9235135018826,141.186782121658,6459.84884259105,206.096940457821,30.7625726759434,1.63951563835144,46.2054043114185,41.5755036473274,338.871440559626,5028.49150586128,2683.86209583282,176.09581002593,291.478619515896,3161.90940201283,499.003549069166,54.5305257737637,3024.2373713553,28.8827510178089,71.9074772894382,0,69.1000085473061,16.2245649695396,42.1299738883972,21.1064834594727,208.420284569263,223.38674595952,192.890262663364,442.685445040464,1500.10259473324,18.7796196341515,70.7564212977886,272.184148669243,948.343195408583,84.9876738190651,29.522039026022,3.13440996408463,31.3316674530506,12.0302445590496,87.2513583302498,903.804177343845
0,97.8467843532562,455.751496255398,0,2.57201206684113,1.51120021939278,47.1298753619194,4.34948837757111,1692.65611973405,10.4905288219452,7.17944404482841,7.80851843953133,8.02142816781998,14.0769797861576,21.7876485586166,10171.3638537526,81.2291410565376,0.455324977636337,9.15021431446075,3.95817375183105,2010.64397031069,3756.99228098989,10164.672090143,1691.2049562037,16.0848540961742,154.910366475582,8503.16157400608,1468.7683608532,26.221351146698,13.9307487607002,1.25482234358788,1.1971036195755,10.7897540926933,125.696064829826,167.978783369064,561.519529104233,100.712858259678,259.858791559935,148.179513633251,45.2083505988121,4.02313238382339,16.3621741533279,9443.84502333403,1526.26812285185,1426.31217113137,2640.82901594043,141.74579924345,23.2359827756882,44.2756751775742,6.95632094144821,2209.34977388382,177.313919454813,0,34.1420111060143,0.796291530132294,142.298306643963,14.3913646936417,25.7437356114388,13.7821380496025,110.741096049547,7.16568085551262,355.750824332237,38.9152981936932,69.1000085473061,0,256.141953200102,19.0550613701344,62.8291539549828,0.269935578107834,11048.5799835622,12050.7185960114,7968.68781888485,7961.76397749782,190.84135890007,194.760105639696,13014.465819031,4093.81418788433,85.4945114254951,122.67529708147,7.51053217053413,1.59766805171967,7.0938675403595,288.05208042264,1099.47931104898
0,109.139362186193,350.987336456776,0.383661717176437,0,0,0.369836121797562,0,17.9125263690948,0,4.0308620929718,0.592442572116852,6.74923008680344,0.442652851343155,0.654852449893951,39.1227856576443,107.50079908967,3.37656909227371,60.7159785330296,0,11.6573171615601,54.0667310655117,72.0888972878456,29.835147768259,9.52635389566422,839.29981008172,2706.73569241166,22.3277392685413,0,2.14621844887733,0.626192331314087,0.615360498428345,0,54.3267779648304,26.3613321483135,120.489729940891,57.8763173818588,83.2409985363483,34.8286912441254,1.24908792972565,0,1.07163521647453,1402.45860040188,1021.06146207452,3339.6076195538,1299.23564490676,55.0847676992416,17.819563627243,3.10991948843002,292.662598967552,51.9820553064346,16055.5931710601,1.48239615559578,4.38422840833664,25.6247291862965,6962.23020023108,393.200869590044,6.91622987389565,240.454677850008,149.325701311231,105.247518986464,7.21659207344055,1792.75849494338,16.2245649695396,256.141953200102,0,562.900825470686,6448.67362701893,18.1438927054405,3242.31259322166,69.1673537492752,15579.8600798845,98.85144084692,0,10476.4108609259,19884.8062595427,3177.76814830303,1033.74676796794,13440.4120127261,2.35421770811081,6.4342879652977,49.199054479599,9046.10810337961,140.158155441284
0,17.2828194499016,1.11003619432449,0.483791947364807,2.97813016176224,0,0,0,18.1729992926121,0,23.0158004164696,6.10182517766953,86.309667468071,0,2.11102968454361,1.99105775356293,0.817902565002441,11.9374919831753,1.99699139595032,0,0,10.5630380511284,3.26922279596329,3.68703532218933,30.864814043045,458.658495396376,671.287556618452,0.393188863992691,0,1.37088143825531,126.234043240547,0,0,0,44.2896424531937,80.1416696608067,26.277027785778,5.52825486660004,4.60043483972549,3.92776697874069,1.12466335296631,13.9487649798393,5509.48596322536,3138.31301215291,8749.16775354743,4238.84147369862,674.359958291054,174.274557054043,146.01476624608,14.4455333650112,11.4857516884804,67.4173844158649,42.2397083938122,69.9384934604168,570.726086199284,581.939701348543,854.677140802145,21.0629647672176,2202.40129569173,13168.20256266,1620.41488784552,80.8086575269699,749.592000722885,42.1299738883972,19.0550613701344,562.900825470686,0,5781.47815698385,255.350384920835,109.909593313932,8.589096814394,365.804038286209,73.763586461544,5.58453762531281,4086.30322435498,739.465235441923,236.882654860616,1116.6586741209,206.326487183571,19.6883780956268,1598.93027114868,1.30211025476456,2692.14862075448,455.249995261431
0,45.1115151047707,41.1135008633137,0.842680424451828,2.94704180955887,0,0.533181846141815,0,15.261132478714,0,9.73385328054428,3.43524354696274,8.65975946187973,0,2.9822279214859,5.44653180241585,19.7989503145218,3.54524034261703,27.0487041175365,1.66995882987976,3.35839068889618,14.7287040054798,5.82921573519707,3.30770400166512,13.7650618553162,407.572200089693,889.963533580303,4.97702294588089,1.55691301822662,0.82573065161705,9.07494792342186,0,0,12.6631652414799,42.3544427156448,44.4032537043095,21.6085100471973,15.3126740157604,13.2527844905853,1.03992819786072,0.527874052524567,3.84680032730103,3340.77840703726,1456.01148933172,5766.40266743302,2868.66870471835,273.047472029924,50.4645268321037,15.3633601367474,141.928370922804,26.569013774395,1347.59900900722,17.2954753637314,5.93351411819458,150.041190654039,2126.51055181026,332.35124540329,24.7173997163773,1041.29505473375,913.503536850214,643.293855190277,7.47502660751343,999.301644831896,21.1064834594727,62.8291539549828,6448.67362701893,5781.47815698385,0,131.91723126173,794.376198232174,18.2276628613472,2611.76186029613,82.5457420051098,4.07774472236633,24833.3955391049,7777.15573322773,773.956761240959,613.836879819632,3836.50972342491,4.15590858459473,144.424692392349,15.7360184490681,4264.84265609086,286.930860579014
0,1.23621451854706,0,283.496762663126,6.68405100703239,8.40304571390152,126.352370709181,30.4279395341873,248.270106345415,168.350492268801,1.43073010444641,183.643587857485,0,19.9035751521587,35.2476749122143,4.09827673435211,0,0,0,44.4632032513618,0.883294403553009,2.82955026626587,1.00836250185966,500.112891077995,0,0,4.41974774003029,585.207659929991,28.4594228565693,0.330107629299164,0,0,1.27510806918144,33.466840326786,1.43463009595871,82.6112750470638,1.24315285682678,23.3920670449734,6.32656478881836,98.3463054001331,2.51907348632812,8.75228527188301,1249.06932863593,50.8696576952934,203.931935667992,15.8133001923561,419.180888682604,98.6247386932373,18.8552698493004,7.99673649668694,5.92615240812302,5.91939041018486,32887.0583061874,42.5409184992313,512.251713991165,174.782376408577,840.340059548616,661.985579431057,14243.1720648408,291.267908722162,17966.9507384896,17.2449952363968,949.499744594097,208.420284569263,0.269935578107834,18.1438927054405,255.350384920835,131.91723126173,0,2.04740980267525,19.9132337868214,3.90185523033142,1386.9354673326,0.836361229419708,165.90597730875,55.2843756973743,3946.44108755887,482.630695641041,13.3793014883995,5.390809237957,58.5930976569653,0,344.967393815517,71.6110746860504
0,19.2645593881607,99.6054462194443,0,11.6959147453308,0,8.68864691257477,0,359.973141163588,0.669644117355347,0,1.18498361110687,0.624427974224091,3.31640696525574,18.0296210050583,705.965279489756,20.5488068461418,0,5.23520180583,1.97876662015915,599.452967256308,249.280765414238,852.742842137814,381.502926528454,1.17982769012451,94.7551211714745,862.766676127911,492.985382914543,6.14235013723373,0.979685813188553,0,0.74337500333786,0.950008928775787,25.9260839819908,248.502114266157,69.1871396303177,15.505240291357,34.9002259671688,36.9850440323353,15.463659286499,3.5154355764389,2.86057215929031,10675.7929913104,685.688678503036,10507.2577834129,5939.82155758142,519.692399084568,73.4630131423473,23.004819303751,95.5653724372387,200.916004240513,7568.21436357498,0.499204158782959,118.26441898942,7.82357743382454,5812.67265734076,95.7223766446114,12.6556897163391,42.3715980052948,168.265525251627,10.2820620536804,88.0726876854897,520.143488317728,223.38674595952,11048.5799835622,3242.31259322166,109.909593313932,794.376198232174,2.04740980267525,0,1171.99262923002,36016.4403265119,1489.88900721073,24.1880813241005,2151.71595175564,3838.24560308456,26430.634696871,836.700396507978,27200.2852012515,3.40991818904877,0,138.290852189064,12648.5130761862,1932.69805076718
1.19987320899963,326.664771705866,631.132347017527,2.67546033859253,0,0,17.1880742907524,6.63053888082504,1951.80256429315,4.44417333602905,30.516543418169,4.28737279772758,53.521349042654,12.9252911806107,7.87240481376648,3333.54035124183,107.875251948833,3.61017188429832,14.2516825199127,3.11532068252563,1026.80217424035,3423.7562918365,2598.07120281458,1924.08142989874,60.4502373635769,213.665535241365,7029.65543991327,1300.12577489018,38.982308447361,4.47781550884247,21.0017270445824,0,14.0804979205132,127.640983641148,57.4697152376175,293.444211810827,77.7274508774281,197.858205646276,106.557812124491,14.8191886544228,8.40499675273895,11.4474276304245,763.462363243103,157.688772559166,192.344560265541,179.810508131981,315.982204556465,14.1446639001369,314.433928191662,17.9166399538517,5055.50088664889,83.9543801546097,39.5519309639931,33.7749057412148,16.4409127533436,402.803489863873,57.2670573890209,6828.96014371514,59.4813641309738,612.772381573915,160.924693435431,2507.61191955209,179.359724342823,192.890262663364,12050.7185960114,69.1673537492752,8.589096814394,18.2276628613472,19.9132337868214,1171.99262923002,0,1238.12135499716,23368.1199561656,848.645789772272,112.318466693163,11092.0416487753,2660.58337283134,219.505030959845,444.68953704834,33.4488285779953,10.0602013468742,12.1696079969406,142.773293763399,106.025981605053
0,65.0407680869102,952.190925613046,0.454935103654861,36.0880138278008,1.02836892008781,62.0267192721367,9.30514758825302,802.609894156456,8.15034836530685,4.48216605186462,6.62807881832123,0,8.7626351416111,55.7988609671593,7988.80827179551,153.432650715113,3.21376964449883,43.1988779902458,2.80889821052551,943.966276705265,1811.21457061172,10270.3775403202,1151.93381863832,6.38544079661369,468.861369952559,8520.5028937906,936.798974812031,27.4714958071709,14.8847176730633,0,1.02508133649826,17.9400942325592,194.46971771121,1207.77507215738,436.84310349822,90.318342089653,228.264739125967,198.819908648729,38.7888330221176,13.5582246780396,2.80696433782578,44866.1178498864,7207.2305637002,22140.2736629397,28498.344381243,921.068000495434,197.17539319396,112.023387759924,116.326930746436,131.606442928314,47017.2563865036,1.48913079500198,350.438820958138,13.5063634514809,4454.43453168869,90.9682156145573,14.3492841124535,64.1734014749527,457.991261065006,23.707279086113,66.4666830897331,498.761498212814,442.685445040464,7968.68781888485,15579.8600798845,365.804038286209,2611.76186029613,3.90185523033142,36016.4403265119,1238.12135499716,0,2113.93393683434,10.1710682809353,9556.36141234636,31187.2285570949,16559.2332905978,742.397397071123,15672.1312843561,8.4897363781929,14.2237420380116,89.7713740468025,16376.7713843435,7407.66402032971
21.3163756430149,57.6406763792038,134.128347396851,1693.91506960988,89.7097847759724,139.834679424763,2297.49451830983,570.494122833014,8313.14993792772,1993.99409157038,51.5138827562332,635.285376936197,24.962847918272,847.449938595295,360.231567889452,1463.66926446557,26.4706040918827,1.51946997642517,10.4025355577469,740.184403151274,902.144559830427,649.166081726551,1306.4122543931,12123.8465967476,31.0162951052189,96.3255342245102,1709.43643912673,11997.2278251946,1529.52723023295,68.5081808269024,3.20768922567368,49.4204779863358,231.774916738272,1089.27215844393,280.345477342606,3001.21075028181,94.3272063136101,1249.14403089881,424.084977328777,691.441080451012,226.861728936434,61.4965241551399,6425.84934782982,463.261361926794,1702.17396470904,936.895489573479,2049.80283880234,259.235535651445,199.775192975998,84.5872638821602,3598.15347281098,147.529711902142,3367.55866587162,304.149482518435,238.462264984846,2899.49064877629,551.734652966261,39009.7125757039,3919.34466131032,557.557777315378,2703.59936696291,2122.36238440871,1130.88769750297,1500.10259473324,7961.76397749782,98.85144084692,73.763586461544,82.5457420051098,1386.9354673326,1489.88900721073,23368.1199561656,2113.93393683434,0,973.982832044363,213.950598195195,9304.65297079086,27062.3549472988,2375.86500450969,846.673146218061,25.7627771496773,56.9571755826473,189.123818695545,1476.4836384058,1051.11811125278
0,167.781350404024,1.05172622203827,0,0,0,0,0.551028192043304,27.278904736042,0,405.786026000977,0,1237.53289702535,1.21434056758881,0,10.8495572209358,0,6.81699067354202,1.75197207927704,0.821166813373566,2.25303238630295,33.981883585453,2.71764481067657,29.6004625558853,2022.65501612425,223.828728735447,1673.65996724367,2.58939850330353,0,0,383.038450360298,1.36730849742889,0,1.51956677436829,0,7.65064072608948,165.956758856773,25.5260238051414,0,0,0,166.11179459095,20.4347624480724,77.6283451020718,30.6543540656567,7.70479261875153,20.7801914215088,3.78502309322357,941.573367536068,0,544.613215595484,0.500420570373535,4.65590253472328,2.72434449195862,0,3.24796566367149,4.22487261891365,392.834254831076,1.99851727485657,420.870534867048,10.8887138664722,5525.86730867624,2.02376148104668,18.7796196341515,190.84135890007,0,5.58453762531281,4.07774472236633,0.836361229419708,24.1880813241005,848.645789772272,10.1710682809353,973.982832044363,0,118.451867878437,2074.0531924963,92.5868013501167,3.06042248010635,4.92632192373276,345.552620410919,7.48188161849976,0,15.6331431269646,2.78948497772217
2.1712701022625,753.783091157675,406.254362612963,2.14303690195084,9.33828800916672,0,4.43885225057602,1.58786752820015,186.542931318283,0,881.424403458834,1.59409368038177,2495.01144614816,6.55295285582542,14.6553865075111,45.8562020361423,369.499235868454,221.257061481476,1146.19092926383,0,18.0520496964455,358.805058211088,113.957121551037,118.411457747221,770.77338168025,18428.2284866571,30344.1324171424,21.5690073370934,17.6994672417641,15.0076461434364,2763.92930370569,4.59355413913727,0,260.14221405983,206.399644762278,677.505385875702,1162.21995529532,508.816025346518,216.025984972715,5.36024868488312,1.81400984525681,187.429077774286,15594.0692091286,19073.938351661,15111.1205148697,10694.1740337014,466.453437894583,190.991915643215,974.814906179905,264.850191444159,412.072899490595,24637.8844150156,32.1404631733894,43.5830335617065,344.768331468105,8764.30841359496,1018.66939634085,90.7189985513687,1548.3671746403,6904.79682847857,930.628790199757,791.003858804703,2251.02525538206,70.7564212977886,194.760105639696,10476.4108609259,4086.30322435498,24833.3955391049,165.90597730875,2151.71595175564,112.318466693163,9556.36141234636,213.950598195195,118.451867878437,0,44726.7693007886,3795.95729097724,1520.79478031397,6608.93722745776,378.864087313414,1149.85468059778,39.6780982911587,3461.21547879279,1364.16975712776
2.80245712399483,7094.05816167593,9429.52114355564,5.16733554005623,15.9740377664566,2.62207704782486,94.8657360970974,5.73975849151611,634.79943215847,5.19700539112091,2238.7405923903,4.8136520087719,6977.06701794267,18.7499038279057,62.9981124401093,3084.71140396595,2402.20947080851,262.43950805068,1651.346447438,1.13345980644226,702.600227564573,6658.18830528855,6435.57626160979,2049.50697615743,4269.76645082235,30002.2167515457,126368.910428196,1325.97128373384,60.8440103232861,71.9278429448605,5920.49705439806,13.4441742002964,18.7159002125263,1530.82357543707,798.655899256468,3352.55989149213,3220.76083260775,2446.22908815742,1291.56898587942,34.7460263669491,15.4966252446175,352.608832448721,40353.1642203331,13769.9343181849,20240.2112282813,25334.275102824,597.231197804213,203.634442806244,715.001004308462,197.710099816322,9532.23672491312,20834.6300073564,23.0656221210957,52.4672771990299,84.8023078739643,3060.52926653624,308.527076214552,3317.24999672174,371.719247937202,862.377462893724,319.601653695107,2571.35428851843,1183.33324578404,272.184148669243,13014.465819031,19884.8062595427,739.465235441923,7777.15573322773,55.2843756973743,3838.24560308456,11092.0416487753,31187.2285570949,9304.65297079086,2074.0531924963,44726.7693007886,0,7325.00778748095,993.239599466324,4473.14361202717,887.988590955734,118.994912445545,56.7723332941532,5264.83529858291,4710.30103677511
19.3094677329063,38.7644191682339,290.9352453053,977.563565760851,75.3918383419514,123.211737543344,2140.46102449298,489.587994933128,4894.37806391716,1866.07761958241,17.8368743062019,542.395564943552,2.48418226838112,779.633092164993,341.618963301182,1117.60826337337,46.6957086324692,0,14.0067927539349,332.206738650799,773.524763047695,525.372425615788,1263.85040402412,10480.8337557018,5.97772553563118,155.460336923599,2314.00555220246,10712.6133503318,1527.07080835104,57.6287748217583,0,39.6758636534214,249.029909878969,1032.22042995691,484.650493085384,3244.23336455226,119.127441614866,1263.6135494709,502.37353810668,738.971057027578,244.627218455076,95.0416533946991,17221.3086492717,1194.49356544018,9679.72638365626,4883.16529342532,1797.50836053491,760.20128262043,214.597000151873,374.253440588713,449.621747791767,10215.4425740242,4417.93981687725,235.538318425417,458.491513371468,66926.2958143651,1610.77233248949,5348.24789440632,25860.3747922182,322.135406076908,4981.03211334348,369.853641271591,4243.24356301129,948.343195408583,4093.81418788433,3177.76814830303,236.882654860616,773.956761240959,3946.44108755887,26430.634696871,2660.58337283134,16559.2332905978,27062.3549472988,92.5868013501167,3795.95729097724,7325.00778748095,0,11856.1217860579,19529.7847570479,6.59135419130325,124.624796390533,2337.02865743637,10874.971114099,4092.39059767127
1.9196483194828,1.9507657289505,50.5973160862923,69.5417725145817,3.82137101888657,3.59075400233269,156.629278451204,19.5325088500977,420.17125505209,89.8218955099583,10.0550974011421,39.6195948421955,10.6230706572533,36.6268686652184,37.6370341777802,74.7089043855667,9.04242253303528,0.531631052494049,0.91008460521698,14.2234007418156,98.2780075073242,36.2571113407612,110.136649757624,906.961274445057,0,44.8465904891491,256.121531605721,935.972524285316,134.578299254179,4.5306638777256,5.38147985935211,0,32.8780100047588,116.216274619102,37.7510023713112,362.162058800459,5.31697517633438,127.401823490858,44.4020177125931,54.409915715456,13.2261988818645,8.0229731798172,1850.76276579499,427.070993095636,1147.6505792737,446.335794061422,289.073431015015,160.586129873991,33.4393350183964,4342.91146919131,23.9969517588615,520.683959692717,114.008153736591,24.1721447110176,392.456285119057,5423.19136491418,841.630608439445,296.352180302143,5303.09194430709,5066.78105381131,1517.93141371012,139.84758874774,12746.7624826133,84.9876738190651,85.4945114254951,1033.74676796794,1116.6586741209,613.836879819632,482.630695641041,836.700396507978,219.505030959845,742.397397071123,2375.86500450969,3.06042248010635,1520.79478031397,993.239599466324,11856.1217860579,0,11483.9530233443,248.00901606679,122.407070159912,3639.67450875044,4772.14426930249,279.880943238735
0,11.6800153255463,117.578620642424,4.17449110746384,1.96032303571701,0.492438614368439,8.79099625349045,0.745594263076782,382.325176268816,3.90828624367714,0,0,0,9.52172175049782,8.98457890748978,188.055984735489,26.5167893767357,0.555196821689606,12.156768143177,0.955114990472794,307.786685675383,72.2398365437984,183.141695410013,456.117501080036,1.54719305038452,138.057607918978,586.548873722553,677.193657457829,28.4651875495911,1.54146301746368,0,0.647523820400238,13.4589629173279,48.7953430712223,30.7626193761826,131.729852110147,8.26735320687294,57.7341478168964,21.0249505639076,3.22448813915253,5.74565607309341,8.39620834589005,924.980140388012,418.910807818174,2124.52577973902,854.734767436981,78.0108695328236,29.4062144160271,5.84368833899498,8668.40050235391,25.4494381248951,3753.84894946218,3.30031162500381,14.1256915926933,27.6315375864506,15660.4636515081,1410.33106023073,73.8785312473774,198.831456199288,223.603081643581,14.7497227787971,10.6160999536514,18531.4864439666,29.522039026022,122.67529708147,13440.4120127261,206.326487183571,3836.50972342491,13.3793014883995,27200.2852012515,444.68953704834,15672.1312843561,846.673146218061,4.92632192373276,6608.93722745776,4473.14361202717,19529.7847570479,11483.9530233443,0,3.19897425174713,18.632394194603,530.287086725235,6314.3540546447,156.502585321665
0,187.960831165314,0,0,0,0,0,2.18476244807243,7.22437429428101,1.23695155978203,1625.26625356078,1.49129915237427,3054.53485786915,3.23547214269638,0,0,0,60.5521573722363,0,0,0,23.923066675663,0,2.54081857204437,417.226914435625,1652.3197453022,1085.42737242579,0,3.46577674150467,0,1594.0022546351,4.50125288963318,0,10.9092543125153,1.91756939888,7.20180404186249,326.042054384947,63.6013763844967,3.1911147236824,0,0,269.573605388403,184.957036197186,528.493002593517,1035.63685914874,108.929564297199,39.790756136179,36.8062916398048,1269.09735497832,2.10280430316925,31.8012408614159,2.60949516296387,1.46769368648529,20.4638805389404,39.7608004808426,12.2761399447918,67.1741492450237,11.657859057188,63.675522506237,2787.84065169096,49.2520216703415,3308.20916715264,59.3456231951714,3.13440996408463,7.51053217053413,2.35421770811081,19.6883780956268,4.15590858459473,5.390809237957,3.40991818904877,33.4488285779953,8.4897363781929,25.7627771496773,345.552620410919,378.864087313414,887.988590955734,6.59135419130325,248.00901606679,3.19897425174713,0,443.047245919704,0,386.730455726385,26.191876411438
0,0,0,1.13006818294525,0,0,2.62098157405853,0,9.33747246861458,0,11.5276421308517,3.47416508197784,17.2428615987301,0,0,0,0,0,0,0,1.01423054933548,0,0.659765005111694,21.197557926178,2.36889314651489,11.7243429422379,10.4609424769878,21.4747173190117,2.4485547542572,0,8.27188766002655,0,0,0,4.91269186139107,28.4849219620228,1.370252430439,0.514287173748016,1.66613733768463,1.5566383600235,0,1.79695391654968,1011.56612718105,164.859897702932,844.5614798069,44.3082829415798,522.811230868101,7491.68180158734,218.605979412794,5.1607913672924,7.65561759471893,3.6585733294487,14.5131711959839,108.938504040241,162.003088206053,140.931279301643,1373.65336278081,16.4563888311386,543.333941727877,5120.72784110904,268.423764646053,234.960400938988,547.823486298323,31.3316674530506,1.59766805171967,6.4342879652977,1598.93027114868,144.424692392349,58.5930976569653,0,10.0602013468742,14.2237420380116,56.9571755826473,7.48188161849976,1149.85468059778,118.994912445545,124.624796390533,122.407070159912,18.632394194603,443.047245919704,0,0.373816043138504,4703.805665344,49.0846405923367
1.42725813388824,0.98123025894165,4.92830187082291,1.41484576463699,1.56804239749908,0,5.01424431800842,0.559793591499329,32.1841248571873,8.63015004992485,0,1.31881958246231,0,5.12756356596947,3.93842780590057,7.99683725833893,1.4361258149147,0,0,0,15.4250532984734,0.635953545570374,15.8679203093052,107.67488348484,0,2.06952548027039,27.5085772871971,81.7264918982983,3.62175023555756,0.916153490543365,0,0,2.23763394355774,9.12282049655914,6.68525505065918,39.6880310773849,0,15.2584372758865,4.5394075512886,4.40125894546509,3.59242734313011,4.18017375469208,134.787393629551,78.7079871594906,299.632783561945,115.702751755714,14.1405240297318,3.23386281728745,7.87297397851944,7.18491667509079,0.486446797847748,78.4355978965759,0.423257142305374,7.69585460424423,0,250.589398115873,5.29760164022446,12.7882183492184,13.3144082725048,4.31527623534203,2.11227998137474,0.515852034091949,60.2888913750648,12.0302445590496,7.0938675403595,49.199054479599,1.30211025476456,15.7360184490681,0,138.290852189064,12.1696079969406,89.7713740468025,189.123818695545,0,39.6780982911587,56.7723332941532,2337.02865743637,3639.67450875044,530.287086725235,0,0.373816043138504,0,756.551834702492,62.579716861248
0.64608234167099,17.0687821209431,80.1069937050343,52.2460660636425,2.82910740375519,6.56015893816948,111.849530875683,36.0540578663349,270.592992573977,86.4221068024635,12.6022506356239,15.4736089706421,26.6859465837479,46.1492679417133,30.3190481364727,49.2408995777369,15.0046062469482,1.21080577373505,11.0060113370419,11.6150684952736,34.0456135869026,39.3909839391708,95.7984615564346,696.708481490612,14.2387257814407,161.326596528292,580.186853468418,842.292233854532,126.687723994255,8.55381882190704,22.4718134105206,0.998010814189911,32.3548477888107,127.084491759539,44.6465567648411,372.348116308451,25.1021499037743,111.954227179289,30.8480720818043,51.4478606581688,15.1316705942154,18.6008088588715,2258.0171982348,856.516621828079,2317.30244630575,624.623860925436,205.047824919224,153.901650875807,73.6119518578053,170.397796839476,42.678718522191,2029.60284723341,105.70421025157,366.079937249422,307.34848678112,3276.66473212838,438.976128816605,179.753911435604,3581.37399244308,8521.72528000176,910.986482471228,353.437672257423,1436.69860222936,87.2513583302498,288.05208042264,9046.10810337961,2692.14862075448,4264.84265609086,344.967393815517,12648.5130761862,142.773293763399,16376.7713843435,1476.4836384058,15.6331431269646,3461.21547879279,5264.83529858291,10874.971114099,4772.14426930249,6314.3540546447,386.730455726385,4703.805665344,756.551834702492,0,337.406057745218
1.51144462823868,14.0096124410629,230.97883939743,7.73834586143494,905.108691483736,333.802772223949,128.971603274345,64.3377229869366,195.398012429476,47.2519033849239,41.2272333204746,160.505518525839,0.552021324634552,38.4658133983612,1169.88163727522,203.507017761469,215.904195874929,108.626098722219,164.243850827217,6.86672931909561,952.180486619473,34.7729555666447,2425.26195278764,345.908858299255,0,472.261812716722,1615.37293583155,755.919433891773,77.6896971166134,45.3458354175091,5.53615885972977,11.8718323707581,17.9748936891556,88.1332059204578,220506.276059061,2531.55661195517,1876.57560545206,381.517819315195,3291.26838129759,299.389110326767,270.217725396156,166.439781367779,10958.8169344962,3956.53174141049,592.765193194151,5898.4074370265,337.859894990921,235.519027620554,193.15748912096,6.07951933145523,11.9076017737389,1221.0957506001,45.1257288753986,368.228656053543,3680.74970236421,751.117059260607,1397.12307083607,145.600997209549,1592.37775677443,122.154122382402,4200.32788363099,20.6237497329712,101.268092572689,903.804177343845,1099.47931104898,140.158155441284,455.249995261431,286.930860579014,71.6110746860504,1932.69805076718,106.025981605053,7407.66402032971,1051.11811125278,2.78948497772217,1364.16975712776,4710.30103677511,4092.39059767127,279.880943238735,156.502585321665,26.191876411438,49.0846405923367,62.579716861248,337.406057745218,0
