0,6.65459330620855e-05,0.0177652868215029,0.000862143109000143,0.000497706245302841,0.0049685657091792,2.67365244666806,0.195990362117561,0.000292492272851842,0.0140690329321659,0.00307834404095945,0.00415515420848254,7.31215769744635e-05,1.36633137867825,0.00196037996708852,0.00129413125872976,0.0672103338586853,0.00215446719841426,0.0109826448951117,0.00149479017798973,0.0976619300242135,0.000117246309289694,0.227696280409816,0.000622872032918346,5.90965654130637e-05,0.0158116282252513,0.0342549059413405,0.0624700161997773,1.16632919569573,2.19259911815386,3.08607146067798e-05,0.00119733831961271,0.0012977142800615,0.0408817591102415,0.00250488592961398,0.0204610652344265,0.00538042509456021,0.0243501026356369,0.0212526842017932,0.00499391299357406,0.00088236090997039,0.000101617943918419,0.00030180832508038,7.9835491618979e-05,0,9.54007472606059e-05,0.000229481664729667,0.000137818407869029,0,0,0,0.000297162059737948,0,0,0,0,0,6.6751145554918e-05,0,0,0,0,0,0,0.00171331102285757,5.84439323086798e-05,0,0,0,0.000159739087002677,3.17788578839064e-05,0.000975033650080004,0.000797705492798743,0,0,0.0020254931104558,0.000831771187512624,0,0,0,0,0,0,0.000518640672230181
6.65459330620855e-05,0,0.00532141739534154,0.000209842970413637,0.00273228648387051,0.00112299902439486,0.00161149659438766,0.00398567096114665,0.133837429777333,0.00337880188238116,0.088099996210397,0.00158763129119128,0.189208659582336,0.00100403062901526,0.00765172580033471,0.111965223496932,0.00389493694599268,0.000736192994490892,0.00270992698424619,0.00110851494635936,0.00834387937942803,0.244674857706421,0.019896293797779,0.160296379827907,0.683352082251061,0.0720272837307954,1.57235367954146,0.0283553592766026,0.00490550692953466,0.000935836490079098,0.00701520105161526,0.00508604062081161,3.55621648114174e-05,0.0868620138485621,0.000995970805134572,0.0275039297723994,0.0160412600622166,0.0473158990194502,0.00535069203901163,0.00982187314560175,0.000332944271960235,0.0107014545574407,0.0126308262818915,0.0198361416085194,0.00712073244432963,0.00383036539204304,0.00194771040739856,0.000316718104581112,0.00147773613955274,0,0.129444340885192,0.0213013187646851,5.77596513791501e-05,0,0,0.000114256633034814,4.95123458959162e-05,0.00110275122822742,0.000323560789929312,0.00366595735479715,0.000139901209703582,0.0194572180070885,0,0.000192777500439286,0.0207344978808831,0.00723189389372643,0.00266911249798258,0.0062146037775273,0,0.00115530942423495,0.0400590407423126,0.0151371988097333,0.00591436556777725,0.0104808376096655,0.0393493411632654,0.570683767763099,0.00181048682938931,8.24138494362116e-05,0.000249985801566998,0.00552235133513163,5.66781148428917e-05,0,0.00472876082136003,0.000597308045101973
0.0177652868215029,0.00532141739534154,0,0.000104289871464109,0.000330340781287083,0.000834046393973437,0.0745203042681864,0.042170105445557,0.000134194086332053,0.000820998502557834,0.00508214099986354,0.000400393704466516,0.000220960121132356,0.0727883611357073,0.00289140803932813,0.00147048082657569,3.1224205478121,0.00922677840055067,0.132928536894043,0.000304381394488188,0.6012615758633,0.00432853622979467,2.53115342066684,0.00105703626500108,2.46066617635638e-05,3.66305396896108,1.42571487591668,0.0538237130230533,0.0204650294395581,0.0833974697059876,0.000170849859610421,0.000893540781792969,0.000681356981386835,0.104148675466891,0.0369810140369053,0.484531389848042,0.194154286855663,0.0814607574265267,0.141448583290485,0.00491210143922792,0.00218813292101422,0.000308717014839363,0.0427726053427129,0.00823681762224987,0.0169054273615683,0.0114462456535184,0.000221953226580173,0.000161485044528583,0,0,0.00577654644463019,0.186340348140518,0,0.000241571885364601,0,0.00249392101691576,0.000260510304411271,0,0,0.000942921231194377,0,0.000351616039487988,0.00021488469929437,0.000292269537338331,0.0051181013653783,0.0293948811352481,0.00079904174836371,0.00338405183980072,0,0.00278449013437477,0.00914868497761746,0.0750734909340003,0.00175347514708911,7.46196377263963e-05,0.0181329603557392,0.571392915857619,0.00697698592574605,0.000102804747690308,0.000833662620195615,0,0,3.82256820302069e-05,0.0109319422697608,0.0171268732675206
0.000862143109000143,0.000209842970413637,0.000104289871464109,0,0.0202220446838299,0.0113146004436704,0.0130374624398189,0.0557829250263284,0.112855197149735,0.553168280622396,0.00873013019864501,0.759428631391009,0.00173724090765537,0.0364381048280069,0.0618972417935239,0,0.000309885546743536,0.0046931106670217,0.00367718108710717,1.20383175900164,4.88139608197689e-05,0.000614546191456491,0.000579752924707615,0.183755758565425,0.000833958936386144,0.00853940683985655,0.00209826311923952,0.600965602066295,0.0541715293558636,0.00036038412418791,0.000783603858692014,0.006805139577965,0,0.0390190667143324,0.00724039690465067,0.0898857007992149,0.00229640039680754,0.014565264465251,0.0057404885921423,0.0710006447680321,0.00874831272890968,0.00051582629590233,0.0144512269784283,0.000286853441747907,0.00601173311013736,0.0015522216665214,0.100718143822487,0.00294584854628707,0,5.50987602894544e-05,0,0,0.0355447139744287,0.0126830815976769,0.00365159929480691,0.00300254464895224,0.00337825960609003,0.00846630522611122,0.0177025871514552,0.00010117829324044,0.0330434413040734,0.000487039665517694,0.0021906217941927,0.0187421702864462,0.000437012582826012,0,3.71442746055067e-05,0.000117425797595671,0.0497125085490799,0.000205660964412177,0.000272204545061672,0,0.135112341347486,0,0.000204479012652644,6.36152194736034e-05,0.163590150266032,0.00147716525472255,4.93359898363412e-05,7.62627010871112e-05,5.91413361369848e-05,0,0.00285263360347991,0.00119167090579202
0.000497706245302841,0.00273228648387051,0.000330340781287083,0.0202220446838299,0,0.247272177779277,0.036526936497969,0.0844118882778431,0.0428317316967447,0.0731270664777214,0.00111616059714585,0.161230280840187,0.000437258886363357,0.00809577489594456,0.405724942657647,0.00712469252305593,0.000773466835127282,0.000163338020042848,0.00050827781189231,0.0374630340593654,0.0546658212124409,0.00692509402026353,0.0469436344111892,0.0696900087243451,0.00208077722846267,0.000631983667981249,0.00952532611910024,0.120775442999863,0.00488669182751946,0.0141083915113102,8.63383191947639e-05,0.0333794674689278,0.000189802016126883,0.0076841461386666,0.266676285243365,0.0304700559138015,0.00239356099141549,0.00164428701034328,0.00218820543264754,0.804451137494391,0.111470961663957,0.000592017014713514,0.0033461885093586,0.000355555073030305,0.000844147348933271,0.00261142952595785,0.0530045554770147,0.000330781782471961,0,0,0,0.000117706721106231,0.00287127943766009,0.00480871454559731,0.00237777089832418,0.000339558827514023,0.000543315019437015,0.00218782644374406,0.00089497851000487,0,0.0105086222852961,0.000560751148037106,0.000183969551254654,0.00761753517727711,0.00150508637028341,0,0.000152423868844855,0,0.00232750963308824,0.000894801472236268,0.000569360213777489,0.00073663537200498,0.0273195736043304,0,0.000174910707325667,0.00100491100328826,0.0245191887887555,5.47466369190097e-05,0.000475487682564348,0,5.7798622411877e-05,0,0.00045617774500896,0.224989723057774
0.0049685657091792,0.00112299902439486,0.000834046393973437,0.0113146004436704,0.247272177779277,0,0.29339452941137,1.31705106140495,0.0072220654390391,1.64824889222869,0.0176907882917092,0.542339124862027,0.00470280000916953,0.0834132447214311,0.755658152125455,4.18208321017236e-05,0.00174958945211372,0.00897721032393682,0.00414412325780454,0.0509273698428912,0.00363739446441395,0.00119524464916719,0.00587907669340107,0.00541856936787963,0.0015103485184163,0.0106779040230587,0.00487262491409296,0.122416395533788,0.0554829507696658,0.0132414272243753,0.0017252390612998,0.0304207792997886,0,0.0350831359783997,0.556824398375014,0.222638954620451,0.00355704648254032,0.0138880130454943,0.00562690471553934,1.20801904830487,0.0504835943269266,0.00290350776644709,0.000969854599437088,0.000363313985640109,0.000303320234338045,0.000457757541123926,0.00905601509474665,0,0,0,4.42760149102032e-05,0,0.000223397848058167,0.000657691834674663,7.33141701035977e-05,0.000664107837309789,6.67749175750137e-05,0.000828878282952845,0,0,0.00286599553164741,0.00101981749819096,0,0.00116021149056095,0.000190641726714635,0,0,0,0.000480479150897706,0.000171203429030317,4.97698408231258e-05,0,0.00980531952032429,0,0,0,0.00392608687048983,0,0.000333011466779584,0,0,0,0,0.0448097548615504
2.67365244666806,0.00161149659438766,0.0745203042681864,0.0130374624398189,0.036526936497969,0.29339452941137,0,1.95469722508941,0.0362019919445857,1.20277633498107,0.042294258784231,0.0257806642329113,0.00867208276018484,3.9381845542712,0.156266271573439,0.00142530906407925,0.0226018832534052,0.0331988782545164,0.0280785589307422,0.0140758400446976,0.334060141896276,0.00185123671726701,0.09879483832584,0.0331362565768877,0.00371986821386648,0.0645438072237748,0.0602106153009117,3.5632267325236,0.815527645882907,0.655636217035958,0.00459033166159386,0.0392265807988638,0.0147670202285136,0.221359883354773,0.0483458466673065,0.414299839827226,0.0158933826309485,0.117376238645667,0.0850028704040264,0.132339826483144,0.0432683480310341,0.00670187559595556,0.0189661422367946,0.000236450574701625,0.00593579286516685,0.00232560149595185,0.0163339728188764,0.00342207463592837,0.000156865115361792,0.000118437451209939,0.000141966075360471,0.0011224245296055,0.00579219980599913,0.00241910126143862,0.000921683379194117,0.00402378339684693,0.00264529956759867,0.0169082280727289,0.00270000714568909,5.70369984945238e-05,0.00532439157562721,0.00184841887558493,0.00134392790053014,0.00583590605418523,0.00261716541796677,0.00013455344769645,0,0,0.00174071255477478,0.00133996191624116,0.000695416917624727,0.00118590531941583,0.191955589250997,0,0,0.00517150319696496,0.180304484410678,0.00210204752619751,0.000880237988010244,0,0,0,0.00441225545131113,0.00876537730026757
0.195990362117561,0.00398567096114665,0.042170105445557,0.0557829250263284,0.0844118882778431,1.31705106140495,1.95469722508941,0,0.030708933403627,2.22313131834368,0.0852883279329227,0.29128099002818,0.017490061733486,1.56730375943614,0.158226902262262,0.00118502620010716,0.0740409278074626,0.0307601598862143,0.0188797576685486,0.160033731141717,0.0879787286235018,0.00493603589715711,0.172968612896626,0.029061063170538,0.00712448515956454,0.0494225777927337,0.0514345097868744,0.623122621470766,0.292650254522668,0.409266293497365,0.00606540620769003,0.103886322234427,0.00103314920521603,0.141714297072155,0.232960373636735,0.555518319961585,0.0174809253361174,0.0677820019402745,0.0496738006379621,0.480303197934744,0.0191544767193064,0.0115163733271255,0.00251849125372652,0.00156381805868631,0.000635197585190409,0.000818434516148144,0.0179105538365538,0.0006876765221946,0.00066374110625765,0,8.0207854517287e-05,0.000101546101082975,0.0011271538420844,0.000428532669959528,0,0.00045338096400426,0,0.00586663267094543,7.04404102056682e-05,0.000113581524190378,0.00420739357899049,0.00455438048882206,0.000179056949425506,0.00122253750788586,0.00202758213030299,0,0,0,0.00144613827541558,0.00107080452790008,0.000324435252184069,0.000442506426814553,0.0491964380335008,0.000208099112241668,0.000240387730961886,0.00110274815408122,0.0210091780806818,0.000108205401538372,0.000985573818029635,5.14490967358351e-05,0,0,0.000109693657558575,0.0195152702278407
0.000292492272851842,0.133837429777333,0.000134194086332053,0.112855197149735,0.0428317316967447,0.0072220654390391,0.0362019919445857,0.030708933403627,0,0.0311660529115816,0.0323214921032615,0.116579645162314,0.0787856286449643,0.0146632547358963,0.101692086938246,0.0385943030612332,0.000701834451522934,0.00246169786292001,0.00106396807089344,0.0628353133983428,0.00893799618189266,0.73970338031194,0.00392618050477407,3.64734975728124,0.177077902178808,0.009907341562762,0.303684370296927,0.965562353785947,0.029859760823688,0.0115638037000831,0.00586143654529895,0.00948198479698671,0.000503182917454142,0.0382349207058786,0.00523052528308456,0.0878660942074761,0.00477770890843092,0.0153511664735277,0.00540004759183127,0.133854637605712,0.00535045032409906,0.00232789398012138,0.0337906966491732,0.00551009894521514,0.00830853873389924,0.00272853714361173,0.111433268765936,0.00479133584581831,0.000419286250176558,4.56823909624279e-05,0.00257512811226211,0.000308523566991714,0.0334134923902116,0.040250231712178,0.013089211893937,0.00348353565745797,0.0111101698555988,0.26126723242247,0.0127088547410531,0.00182869799143318,0.0559164764960308,0.00726999480234679,0.00749564996716827,0.0431002375675053,0.0562944698512671,0.000168815479774654,0.000746910271220481,0.000239711129587838,0.0106709611109901,0.01088489668798,0.0394148456540945,0.00550941022543023,0.636283303815301,0.00203122410655444,0.00290706478212878,0.0104133609991762,0.304427429320136,0.00773830985497596,0.00303550155167993,0.00226783638831825,0.00261768662066937,6.29815167058826e-05,0.00708750509162098,0.00306354080431655
0.0140690329321659,0.00337880188238116,0.000820998502557834,0.553168280622396,0.0731270664777214,1.64824889222869,1.20277633498107,2.22313131834368,0.0311660529115816,0,0.104057510275942,0.863713033033627,0.0191544022012794,0.765714285829687,0.286082151870509,0.000278771665028978,0.0031298195461734,0.0642538778966936,0.0441766000316625,0.345850411434579,0.00285156948667509,0.00124230297425865,0.00534278560869989,0.0343952278636387,0.00853129211903243,0.0818492860434734,0.0189407664678078,0.506593375714018,0.592412586488616,0.0116419189377052,0.00804855643378746,0.0654977556317164,0,0.267798858961376,0.556261536557704,0.617147612783814,0.0201987409384448,0.0943957252187959,0.0339996396526348,0.297824899141994,0.0547652617803084,0.0115173169725177,0.00489549786585303,0.000487054151834523,0.00166131867374723,0.000754624438928675,0.0403867143576882,0.000557537034578377,0,0,7.71071010066569e-05,0,0.00613540488335717,0.00394320971505841,0.000691569369950318,0.000977942818822773,0.000645972463750574,0.00458468795523749,0.00135690279872631,4.13621710379153e-05,0.011317632822282,0.00100612842199283,0.000295833364945829,0.00702565881153064,0.000549670910312876,0,0,0,0.00968772435676882,0.000140676534939492,0.000143026220693767,0,0.0657953558392737,0.000111637744517231,0,0,0.0677866928975828,0.000257781399934947,0.000164259582194037,0,0,0,0.00052798845233303,0.0672887700056675
0.00307834404095945,0.088099996210397,0.00508214099986354,0.00873013019864501,0.00111616059714585,0.0176907882917092,0.042294258784231,0.0852883279329227,0.0323214921032615,0.104057510275942,0,0.0400882053338727,0.552259038262523,0.0224722756059928,0.00687464879687946,0.00697103739216523,0.0283446255923762,1.38828818875185,0.281923680081147,0.0310362281798686,0.00729189619737811,0.0270831189858547,0.0127736700886114,0.0270738511232242,0.272171488843752,0.579732816493954,0.065555808694276,0.079132205462918,0.255402043008294,0.007389915874472,0.0753255256817691,0.221773583443616,0.0003725608547313,1.11442615303986,0.0101719889423525,0.326156159813397,0.220710927053193,0.31173928788676,0.0608475540109825,0.0558027703378711,0.0111235645832665,0.20817248964803,0.00899634775553933,0.17855380262572,0.00713687832755963,0.00218402676547098,0.0159143288625456,9.6837645285189e-05,0.0197195250227792,0,0.014267046340105,0.000115401077886688,0,0.000187016191529012,0.000130603165955183,0.000184634155582714,0.000575683860332805,0.00634420080809621,0,0.042901623248552,0.000591369481515679,0.230715088356049,0.000616128339984047,0.000331370706769067,0.00134127754494359,0.000407307488967585,0.00653713750825121,0.00148158158270875,0,0.000225132035774428,0.00300588158365406,0.000319695644349521,0.0107421339865588,0.0209283618783246,0.0738280076554356,0.095247421315127,0.0110968742701143,0.000279137840901417,5.34377349287629e-05,0.0946314205812604,0.00018312502222355,0,0.000802418387451899,0.00618491893094343
0.00415515420848254,0.00158763129119128,0.000400393704466516,0.759428631391009,0.161230280840187,0.542339124862027,0.0257806642329113,0.29128099002818,0.116579645162314,0.863713033033627,0.0400882053338727,0,0.00802964586668613,0.119234158177186,0.530677812678825,0.000388732777180362,0.0011024226728808,0.0233946746221495,0.0177219292610286,1.55168362086744,0.00205831419298873,0.000741677720621192,0.00333558658605956,0.0772105547232656,0.00339658276466395,0.0381219781341319,0.0101433431055398,0.214324589185219,0.19233718371093,0.00254530125587538,0.00521230039906428,0.0194697424453871,0,0.0786765927178344,0.666240821370066,0.152518419374429,0.00608918093912835,0.0307482521182867,0.00728518857304871,0.464206737478201,0.00956954278659162,0.00352788558098855,0.0208871730421358,0.000571963936851445,0.0055359243865191,0.00203964145970652,0.241317005132365,0.00277444737515867,0.000377617929811842,0,0.000177247848600948,0,0.0280628357665004,0.025838856382188,0.0160413362251247,0.00267481443623394,0.0103949732383431,0.0102602916500073,0.0319097681417028,0.00129893838674478,0.162700894117145,0.00265129070282923,0.00862964866883951,0.039850236768759,0.000494508118437249,0,0.00145473402458985,0.00027063097212381,0.102371678378465,3.99476712864489e-05,0.00071199985639039,0.000263418353756827,0.143676530025087,0,0.00260180371444334,0.000842884400328818,0.155669800238372,0.00663204042716572,5.54747899560153e-05,0.000370912570099172,0.0016031521841015,0.000131740868601489,0.00626283533418365,0.1319859526027
7.31215769744635e-05,0.189208659582336,0.000220960121132356,0.00173724090765537,0.000437258886363357,0.00470280000916953,0.00867208276018484,0.017490061733486,0.0787856286449643,0.0191544022012794,0.552259038262523,0.00802964586668613,0,0.00552961732305231,0.00449927900427872,0.0158508212007467,0.00022283483386856,0.0055208423205551,0.000491096753504366,0.00562742551799611,0.00342968230984113,0.0674557835916248,0.0024805081490741,0.0529097108029064,1.11808665148051,0.039211226173236,0.225684498835805,0.0411451801262787,0.026165475633846,0.00140162629880384,0.177144554719284,0.0331332729843694,0,0.964595462518843,0.00122890562046182,0.0844051962088743,0.12505434562735,0.104796726174838,0.0118566780760093,0.0456288980013212,0.00419309948861288,0.178148769392952,0.0134177511687414,0.358402695586975,0.0166649378442184,0.00610608339543154,0.0151277707222413,0.000601631696811703,0.0391388465229196,0,0.0342194217883148,2.96616245790124e-05,0,0.000147749191212926,0.000418896343599722,0.000152586038126415,0.000630336470468441,0.0108364485983295,0,0.0972784034950252,0.000205596883763612,0.513167703744635,0.00053640845485428,0.000874878179894734,0.0024990984033107,0.000371487906695894,0.0167891840554184,0.00275271985466278,0,0.000580505642509684,0.00484673963732847,0.000462980070084068,0.0108747137445985,0.0607018479378755,0.186813243730377,0.27650670683683,0.011315827179065,0.000876041983733648,0,0.215969342611067,0.000619629943567187,0,0.00277342062582102,0.00148376324784565
1.36633137867825,0.00100403062901526,0.0727883611357073,0.0364381048280069,0.00809577489594456,0.0834132447214311,3.9381845542712,1.56730375943614,0.0146632547358963,0.765714285829687,0.0224722756059928,0.119234158177186,0.00552961732305231,0,0.0265541676608364,0.00165130064197677,0.148983788150922,0.0135144660018213,0.0298007804586773,0.0876716093487017,0.256686252822319,0.00204121976329187,0.451619833685698,0.0164942124145811,0.00136357938205489,0.0506061905479308,0.0969600628571127,0.582591723449872,1.46711353044142,1.5109766560627,0.00106342180505517,0.0196254892919742,0.00336847793884916,0.135262837397429,0.00964333896371096,0.181975656439568,0.0154767410128431,0.080582286158472,0.0789996094316574,0.0572764819462076,0.00894459220993791,0.00239955508588296,0.00110289675502912,0.000337366107845512,0.00113813908468857,0,0.00380943383139229,0.000282955463098865,0.000265593991966188,0,0,0.00136069310220916,0.00025819687576477,0.000103888313860262,0,0.000419747346284354,5.06350328680039e-05,0.00485308903647518,0.000203974891409195,0,0.00111274428465806,0.000555720383309895,0.000110239951801396,0.000695489806263793,0.00335414848481575,0,0.000148755138096321,0,0.000675810333353221,0.000916473113249773,0.000260327931753084,0.00173396134496556,0.0384998355116574,0,3.75562489298701e-05,0.00500835371078386,0.0206623930290248,4.49503904009878e-05,0.000503744377140588,0,0,0,0.000196383467477149,0.0014423159277351
0.00196037996708852,0.00765172580033471,0.00289140803932813,0.0618972417935239,0.405724942657647,0.755658152125455,0.156266271573439,0.158226902262262,0.101692086938246,0.286082151870509,0.00687464879687946,0.530677812678825,0.00449927900427872,0.0265541676608364,0,0.0193582706944358,0.00366576828641356,0.00267026472309696,0.00282511540635872,0.0956553108493271,0.118256246084332,0.0188832378977132,0.0980308174278772,0.226512013135194,0.00666306967108942,0.00567610200857539,0.03205479920409,0.561916892229069,0.0282403725125417,0.0432936030161583,0.000586424883260179,0.0345083113012598,0.00100910718573881,0.0251492747466498,0.534054613406939,0.079106805764395,0.0108048692010184,0.00969042467336388,0.0135514854836503,0.362850749004701,0.0136803761629599,0.00224532995586736,0.0113165323476624,9.61948349881532e-05,0.00313828186371674,0.00318537069012271,0.0994689399232385,0.00194840543040973,0.000210965228735352,0,0,0.000724609415357023,0.00781399328931052,0.0101405331913074,0.00428905363125201,0.001537276781588,0.00176679614689266,0.0088246486620726,0.00280549364373244,6.5709235938102e-05,0.0200300922269054,0.00145364599374222,0.00134482030670925,0.0156856128732539,0.00636476780935123,0,0.000106954238236952,0,0.00306180800067619,0.00291870773192156,0.00140886911894653,0.00137654687441208,0.0965166514344509,0,0.000131858731960738,0.00158606573091671,0.0800072388813858,0.00120129355923782,0.00149054021541073,0,0.000272921000591505,0.000187511690702606,0.00131733840284707,0.0586468558343417
0.00129413125872976,0.111965223496932,0.00147048082657569,0,0.00712469252305593,4.18208321017236e-05,0.00142530906407925,0.00118502620010716,0.0385943030612332,0.000278771665028978,0.00697103739216523,0.000388732777180362,0.0158508212007467,0.00165130064197677,0.0193582706944358,0,0.00261963088063752,0.000705797202858492,0.00261491434762065,0.000108614468270445,0.580350282194698,1.2641532983429,1.26067861627815,0.42183152555073,0.0463433766705175,0.0055308242940496,0.840168871241833,1.28866896348616,0.00777534180510807,0.0509761479287734,0.000954717911537286,0.000632681327450439,0.00249031142442534,0.0485555420193112,0.0401080746214317,0.556733957809774,0.114377963496455,0.0521102891747694,0.0603513963916822,0.00183158024687164,0.00211570600295633,0.00195890564736991,0.0313171704916541,0.00372809638243455,0.00458562415089268,0.00615230533584899,0.017270203512365,0.00143048624647792,0.000264725293251389,0.00116994992608767,0.00133143396612833,0.00141483445510553,7.63149654458702e-05,0.00159767850992059,0.000488773388432345,0.00709962885543873,0.00394714434847883,0.0438360654758253,0.000438173956785398,0.000273911696817645,0.000599773334763229,0.00117007050853633,0.00984630283157028,0.00253480777853854,1.9015819328858,0.00158982813984741,4.04748208674193e-05,0.000178281409864411,4.07126082063854e-05,0.194763582455763,0.219119890896545,0.358132433509813,0.229584393990994,0.000402634670542094,0.000821096943665382,0.211213657784634,0.160990774460872,0.00917233080149386,0.0419289990409287,0.000110565986890391,0.00039651645855149,0.000210407518448556,0.00439179808642687,0.0115879171479477
0.0672103338586853,0.00389493694599268,3.1224205478121,0.000309885546743536,0.000773466835127282,0.00174958945211372,0.0226018832534052,0.0740409278074626,0.000701834451522934,0.0031298195461734,0.0283446255923762,0.0011024226728808,0.00022283483386856,0.148983788150922,0.00366576828641356,0.00261963088063752,0,0.038008260278465,0.6256306261146,0.00121594343717189,0.247191568258701,0.00362038762141595,1.4618457906096,0.00222942522462353,0.000216512519744525,2.12471332651126,2.18791835042785,0.030598281831267,0.109937085292187,0.0944983029767464,0,0.00218844771823319,0.00452362792322088,0.190137615392117,0.0364604216678812,0.4438513048238,0.219155001988178,0.0624659125554539,0.169721477218924,0.00444236488383637,0.00158002886179,0.000294440013667595,0.00971320731675346,0.00273557250988492,0.0040921285304593,0.00444682266179722,0.00036622153661505,0.00010239644529866,0,0,0.00515334249430025,0.0376401510249976,0,0.000352173749774784,5.8154908338958e-05,0.000103379177923891,0,0.000235820494804227,0,0.000154612129000145,0.000102590525792944,0.000254927487065744,6.05380133289576e-05,0.000110226906369555,0.00376366453027558,0.00929837738041273,0.00015298202069318,0.00168642064359928,0,0.00161255605026523,0.00225404302096787,0.016328121295847,0.00126324807096516,0.000169016904134369,0.0283258177877463,0.197862239613009,0.00195401211790013,7.92566690101862e-05,0.000228659650172082,0.000124958679764998,0,0,0.00431833336449972,0.0196359129535271
0.00215446719841426,0.000736192994490892,0.00922677840055067,0.0046931106670217,0.000163338020042848,0.00897721032393682,0.0331988782545164,0.0307601598862143,0.00246169786292001,0.0642538778966936,1.38828818875185,0.0233946746221495,0.0055208423205551,0.0135144660018213,0.00267026472309696,0.000705797202858492,0.038008260278465,0,0.224583831614023,0.0165385208390746,0.0124889056047371,0.000489283738017362,0.0247705423426521,0.00354008998013886,0.00260148703736009,0.330894342378998,0.0753494332780386,0.0420171025449427,0.147846641172357,0.012718364964154,0.0084216877550275,0.0588875696029748,0.000579499615577122,0.283635457621497,0.0179644250557925,0.33813211568385,0.160050618269897,0.189421609870291,0.121741422708379,0.00831623333862414,0.00390577203960136,0.00589660916504589,0.00207444465513422,0.00988337904630901,0.00128012120086903,0.000621445611005595,0.000664640789164185,0,0.000260817318785513,0,0.000572253975638014,0.000863208429124692,0,0,0,0,0,0.000353904748435557,0,0.000574201313625706,0.000292991387149066,0.0064265250928445,0,0,0.00020810135878278,0.000302109940009257,0.00151230690577114,0.00152953257220245,7.77829380402803e-05,0.000120985377432904,4.26841184600025e-05,0.000471447043390191,0.000509095188762725,0.00102367358272159,0.0287418121605726,0.0462727450912831,5.70490420206726e-05,2.82773498433203e-05,0,0.00553520917304245,3.7776347985363e-05,0,0.000526908945430466,0.0095423808908909
0.0109826448951117,0.00270992698424619,0.132928536894043,0.00367718108710717,0.00050827781189231,0.00414412325780454,0.0280785589307422,0.0188797576685486,0.00106396807089344,0.0441766000316625,0.281923680081147,0.0177219292610286,0.000491096753504366,0.0298007804586773,0.00282511540635872,0.00261491434762065,0.6256306261146,0.224583831614023,0,0.0131309850399759,0.0650087498153659,0.00156275777907699,0.175302982312016,0.00454996447070359,0.000745766397041693,0.802439015934787,0.717766778124827,0.0631476316844326,0.107596912156032,0.0403748757509491,0.000657620769090799,0.0209317240517539,0.00269806645823776,0.578744920849862,0.0282285256103849,0.490992565548401,0.454847586630167,0.225905878910356,0.210444239113303,0.00421661627839799,0.00224651815404409,0.00029488322782458,0.00480648118161028,0.00492223761840306,0.00396685074889598,0.0029247356458706,0.000197178412505442,0.000138732473803148,3.28728872545361e-05,0,0.00487469727596692,0.00771821277589486,0,0.000126184929700148,0,0,0,0.000596605858981553,0.000123732917871538,0.000319939520589572,0.00023710070304178,0.00101257811499796,0,0,0.00119909793068589,0.00445067653593798,0.00180489673273413,0.00518861717673395,9.86677189912614e-05,0,9.56711455969422e-05,0.00386542968073707,0.000594940247578314,0.000608527552881801,0.0467406773294333,0.160274973997896,0.000399943864304364,0,0,0.00216901566438383,0,0,0.00271599077958837,0.0215708210693895
0.00149479017798973,0.00110851494635936,0.000304381394488188,1.20383175900164,0.0374630340593654,0.0509273698428912,0.0140758400446976,0.160033731141717,0.0628353133983428,0.345850411434579,0.0310362281798686,1.55168362086744,0.00562742551799611,0.0876716093487017,0.0956553108493271,0.000108614468270445,0.00121594343717189,0.0165385208390746,0.0131309850399759,0,0.000546931948046169,0.000323894835099378,0.00142423000390268,0.0979144526303332,0.0034224431228977,0.0265186313028432,0.00779901869064311,0.205186784541901,0.138143129844415,0.0019904937119398,0.00212419925821124,0.0154656134738084,0,0.0734339038555097,0.00952097037025712,0.197183555793474,0.00589396140201943,0.0236357391610639,0.0114419787644141,0.11413694993853,0.0173885565297803,0.00410577747878513,0.00911442882269745,0,0.00316841672089002,0.000509339088242855,0.0815789948322884,0.00160873592588579,0,0,0,0,0.0145689356852704,0.00808957415584595,0.0026968079007174,0.00179415769037806,0.00146570286486167,0.00549859786578473,0.0034837757868806,0,0.0243774128327467,0.000893622187921526,0.00102565117154737,0.0139991866184664,0.000354594934927759,0,0,0,0.0412274683088531,7.42968485019744e-05,0,0.000105455046467769,0.0806849031198565,0,0,0,0.100770916929847,0.000679398834179491,4.02762395442158e-05,0,5.63687067403615e-05,0,0.00212417383872767,0.00143811867624085
0.0976619300242135,0.00834387937942803,0.6012615758633,4.88139608197689e-05,0.0546658212124409,0.00363739446441395,0.334060141896276,0.0879787286235018,0.00893799618189266,0.00285156948667509,0.00729189619737811,0.00205831419298873,0.00342968230984113,0.256686252822319,0.118256246084332,0.580350282194698,0.247191568258701,0.0124889056047371,0.0650087498153659,0.000546931948046169,0,0.0674187906047787,5.93857863390848,0.0303877055743408,0.00506502087180215,0.131193595505846,0.762308523652848,0.55097734901469,0.129986178128594,2.40739117205782,0.000367851993523222,0.00251704968444577,0.0295878203350029,0.987151736005242,0.21897728275457,1.64933141720431,0.21142466083531,0.939780003518765,0.771569806250988,0.0123432052512722,0.00579256862349405,0.00158648333708724,0.0143988082022459,0.00122540605425907,0.00345491318209066,0.00370004690416253,0.00767436072977278,0.000587382116352666,7.02770324399233e-05,0.00035349565071671,0.000572722733225674,0.00781742755863383,4.99186289827943e-05,0.000870698900729386,0.000390065030287025,0.00425917639295304,0.00224082364487179,0.0117477948491192,0,0.000123437864392048,0.000381948021606093,0.00124914773830294,0.00410876522094887,0.000830713309378291,0.294158885889639,0.00145137947648927,0,0.000195386749487934,4.14215830125361e-05,0.0767216873003032,0.0244458612401122,0.081734577343102,0.0750565518255079,3.46213547091335e-05,0.00097396841904243,0.116843526422323,0.066811089172202,0.00461506002132996,0.0237647137448108,0,0.00045349827476604,0.000275316820487756,0.00146587748049744,0.0479425200672662
0.000117246309289694,0.244674857706421,0.00432853622979467,0.000614546191456491,0.00692509402026353,0.00119524464916719,0.00185123671726701,0.00493603589715711,0.73970338031194,0.00124230297425865,0.0270831189858547,0.000741677720621192,0.0674557835916248,0.00204121976329187,0.0188832378977132,1.2641532983429,0.00362038762141595,0.000489283738017362,0.00156275777907699,0.000323894835099378,0.0674187906047787,0,0.107384772451096,1.51547530401617,0.143020900267259,0.00799814910206349,1.14280341945438,0.226087692104921,0.00558128687519155,0.00617578995103379,0.00513748211804113,0.00244807736045268,0.000256339675720319,0.0251803007085576,0.00292681396236962,0.0557995841434957,0.00989372480711214,0.0135353191930473,0.00607464558056416,0.0164813268693299,0.00127277882796829,0.00172872060352902,0.0165809749220536,0.0068603425467753,0.00488320497105849,0.00396554863559146,0.00297746851174076,0.000503769078763902,0.00045833348196274,0.000319453286461395,0.0518710236737247,0.0178033040051511,0,0.000705294016382724,0.000164348059762639,0.000885524329066913,0.000353155826513299,0.0260365098116095,5.66775983966589e-05,0.000961231605141809,0.000400121893649733,0.00444280247131165,0.000497574528273397,0.00137389078627236,0.471039440166035,0.00561183914486802,0.000216573705711954,0.00103117651875611,4.65456618273199e-05,0.0228183870619928,0.289617345271563,0.0871347067813323,0.105037315725241,0.00138897194329098,0.00721455727915094,0.655500074578745,0.0394945224314572,0.000299383517057082,0.00282061480209402,0.00150721876128524,0,0,0.00240206091915573,0.00234310057160102
0.227696280409816,0.019896293797779,2.53115342066684,0.000579752924707615,0.0469436344111892,0.00587907669340107,0.09879483832584,0.172968612896626,0.00392618050477407,0.00534278560869989,0.0127736700886114,0.00333558658605956,0.0024805081490741,0.451619833685698,0.0980308174278772,1.26067861627815,1.4618457906096,0.0247705423426521,0.175302982312016,0.00142423000390268,5.93857863390848,0.107384772451096,0,0.0355649388197255,0.00639677369699907,0.331064611053258,4.36118543124364,0.523082501115131,0.259318130754109,0.6428123416623,0.00147135958824534,0.00249413814898765,0.0204624816398645,1.31480903417568,0.421878601360109,3.49331169236462,0.948726873207532,1.2244050898204,1.40305554747989,0.0198956319874251,0.0156462664099382,0.00393467453469833,0.0296540593311576,0.00400738719471012,0.00872619202756788,0.0139161513034559,0.00883363598336284,0.000574699642924654,0.000129199865340275,0.000314378189989561,0.00332946977622049,0.0563348130919633,0.000129214279354632,0.00216125783114665,0.0008317086846073,0.00247322568135413,0.00142609653096609,0.0087882626157505,0,0.00027198591271348,0.000407476805865007,0.000935494744695702,0.003677542274109,0.00128541231130665,1.20133177571161,0.00988620347009831,0.000201921142257467,0.000687641411597463,0,0.0919920342119909,0.0637807758961859,0.502522804225153,0.0827727107102284,0.000111381349620498,0.00407181200562718,0.780502146309866,0.0663439932967768,0.00266018895521989,0.0129555726567796,0,0.000259238410958067,0.000145695230318242,0.00486287979316975,0.126979544768361
0.000622872032918346,0.160296379827907,0.00105703626500108,0.183755758565425,0.0696900087243451,0.00541856936787963,0.0331362565768877,0.029061063170538,3.64734975728124,0.0343952278636387,0.0270738511232242,0.0772105547232656,0.0529097108029064,0.0164942124145811,0.226512013135194,0.42183152555073,0.00222942522462353,0.00354008998013886,0.00454996447070359,0.0979144526303332,0.0303877055743408,1.51547530401617,0.0355649388197255,0,0.129267394057606,0.0130839628196405,0.397645563323446,2.04038983395304,0.0576490372904576,0.122786599495758,0.0035218090100577,0.00601717691048595,0.00543391619775156,0.0810790350067107,0.0293015561558244,0.344741358932247,0.0197937570392034,0.0400408950424109,0.0328915868301113,0.142873363529115,0.0115778386093366,0.00490705587831614,0.15491796827845,0.00473842446514332,0.0377916901413965,0.0108903621764882,0.172538508014565,0.0287709472165727,0.00102468622274817,0.000778216348400575,0.0017800918821465,0.000997245020013591,0.0550566745488398,0.0320013952886428,0.0159987700165042,0.0269630507420465,0.0283927588409099,0.281648408356744,0.0175695916696914,0.000953042433428764,0.0596075667403159,0.0118396733659342,0.0192408842603719,0.0515746674327905,0.214088484094972,0.000520991811780601,0,0,0.0141730985239423,0.0555798507371,0.0701416797013035,0.0277388544653905,1.97314909989744,0.000688176018662035,0.00079154608647438,0.0368186751983002,1.18968603165549,0.0201201673522089,0.0380556503143896,3.56850170412749e-05,0.00324665699530951,0.000406739460085059,0.0226280718687378,0.0100691470027867
5.90965654130637e-05,0.683352082251061,2.46066617635638e-05,0.000833958936386144,0.00208077722846267,0.0015103485184163,0.00371986821386648,0.00712448515956454,0.177077902178808,0.00853129211903243,0.272171488843752,0.00339658276466395,1.11808665148051,0.00136357938205489,0.00666306967108942,0.0463433766705175,0.000216512519744525,0.00260148703736009,0.000745766397041693,0.0034224431228977,0.00506502087180215,0.143020900267259,0.00639677369699907,0.129267394057606,0,0.0566053014913579,1.2064523896034,0.0305909454233202,0.0100251683214662,0.00104626907116086,0.0479166261529385,0.0137186049565786,9.48368499479414e-05,0.214331335419069,0.000393973895622652,0.0298421125389754,0.0295228787008473,0.0731458138865467,0.00362430434448101,0.0155742202573589,0.00105295306807511,0.0338342256994924,0.0101422398989197,0.0478355088366052,0.00844436019137323,0.00474038705378827,0.00423026836155246,0.000197035950812125,0.00333758986033873,0,0.0463783277374127,0.000107816930682063,7.69398886276335e-05,0.000462652258420032,0,4.24009509905606e-05,0.000252918991515166,0.00804890660757337,4.06447161846221e-05,0.015332717916644,0.000270902240672049,0.118508026451345,0.000224184418910795,0.00120302301372435,0.00301330901783158,0.00139156500175022,0.00846389513422332,0.00669961101537599,2.85128415787816e-05,0.000325027171869325,0.00875895250513533,0.000653683189344627,0.0115796356717994,0.111485517662295,0.157888746097551,0.462891653179822,0.00285082724756708,0.000798741006228966,0.000129369001481515,0.0353651492499026,0.000453447864449257,0,0.00388863060813286,0.000318466445506382
0.0158116282252513,0.0720272837307954,3.66305396896108,0.00853940683985655,0.000631983667981249,0.0106779040230587,0.0645438072237748,0.0494225777927337,0.009907341562762,0.0818492860434734,0.579732816493954,0.0381219781341319,0.039211226173236,0.0506061905479308,0.00567610200857539,0.0055308242940496,2.12471332651126,0.330894342378998,0.802439015934787,0.0265186313028432,0.131193595505846,0.00799814910206349,0.331064611053258,0.0130839628196405,0.0566053014913579,0,3.9803801019782,0.100704589062334,0.174705417077981,0.0604746748910958,0.0943739327629325,0.0734128823454186,0.00268325070164706,0.370447660792541,0.113458247999479,2.1209591331401,1.26186905545581,0.613601622690803,0.607516139161973,0.0176550903273608,0.0101985286830232,0.0197051188661513,0.0834676761892899,0.132869709064009,0.0620287714743496,0.0416169342176121,0.00151355397365394,0.00120714691952462,0.00412724897622557,0,0.107314523291259,0.0346481593918862,0,0.000314795070553136,0.000108298521958608,0.000298718781035233,0.000257244461115634,0.00369229987239831,0.000729747074125499,0.0128153877450848,0.000181554899146524,0.0829821010413413,0.00032377435335773,0.000433195947040868,0.00239019862561006,0.0474070485130162,0.0482446527670609,0.0812063235923392,0.000101501650555718,0.00169580486673055,0.00292981130010436,0.0158427989418738,0.00227003613681999,0.0434423560445717,0.797595371851647,2.36186989897248,0.000924180450956532,0.00104610392198454,0.00192581838328414,0.0654066168492452,0.000510842902205822,0,0.0331148734046642,0.0774884665698727
0.0342549059413405,1.57235367954146,1.42571487591668,0.00209826311923952,0.00952532611910024,0.00487262491409296,0.0602106153009117,0.0514345097868744,0.303684370296927,0.0189407664678078,0.065555808694276,0.0101433431055398,0.225684498835805,0.0969600628571127,0.03205479920409,0.840168871241833,2.18791835042785,0.0753494332780386,0.717766778124827,0.00779901869064311,0.762308523652848,1.14280341945438,4.36118543124364,0.397645563323446,1.2064523896034,3.9803801019782,0,0.717641628010063,0.096036053826281,0.0978132974700115,0.0735384874144531,0.0154485659271005,0.00424233691855905,0.797986515013798,0.27599117431362,4.26421370542315,1.72578740430935,0.982675347418942,1.08617256471728,0.0318238290819261,0.0174852571812466,0.0127306001150953,0.463780865275846,0.325586013997103,0.235727048263689,0.16813243743296,0.00696744860729354,0.00604060675396554,0.00730168722778918,0.000144655489775604,0.732782083292176,1.05673597593171,4.23962694054604e-05,0.00204685212848898,0.000198218026518754,0.0117125234383724,0.00104943720541148,0.0113703962643514,0.00165703024367058,0.0248172578778476,0.00116345709174649,0.175282275859949,0.00248646505166611,0.00326797122712538,1.25173720010667,0.367303995012998,0.0737250457738145,0.16176662760812,0.000168365200633204,0.0511782284669962,0.320404211749315,1.30271003157526,0.0808852037519602,0.135527665938611,2.03698942912216,15.4068077958658,0.0934555883403271,0.00307811723584963,0.0135693782488448,0.125013177237268,0.0015242052588839,0.000321907444124102,0.165895084956203,0.137640661215998
0.0624700161997773,0.0283553592766026,0.0538237130230533,0.600965602066295,0.120775442999863,0.122416395533788,3.5632267325236,0.623122621470766,0.965562353785947,0.506593375714018,0.079132205462918,0.214324589185219,0.0411451801262787,0.582591723449872,0.561916892229069,1.28866896348616,0.030598281831267,0.0420171025449427,0.0631476316844326,0.205186784541901,0.55097734901469,0.226087692104921,0.523082501115131,2.04038983395304,0.0305909454233202,0.100704589062334,0.717641628010063,0,1.07532919216047,4.5655355530259,0.00713230407031544,0.0555786187726874,0.145645973938593,0.806222053860949,0.313855258924758,2.28777820119636,0.125933558898238,0.584057244264855,0.529086210868946,0.274035483959789,0.0865945646990959,0.0210631840304137,0.250548769834205,0.00406847755244952,0.0599764048078716,0.0210684712365179,0.286796841151643,0.0388249946432859,0.00245683355914256,0.00140428426680786,0.00159052471994398,0.00231368086722196,0.0715946539043683,0.044533299318435,0.0152562313541906,0.0557465428275307,0.0320528254808642,0.20886926039072,0.0337681150970355,0.000420554378736725,0.0926902110157017,0.0185051022796154,0.0303580107474334,0.0780401790541173,0.32647193413831,0.000652639283663121,0,0,0.0327667198608683,0.116803578009936,0.0451427776307557,0.0523012140224734,2.73033246771141,0.000298178304559225,0.000317557076650751,0.0716009425526536,2.01795975621847,0.0320932778363205,0.106312475752513,7.58300275977373e-05,0.000853879840163854,0.00115680729906624,0.0382366283172718,0.0522316799237616
1.16632919569573,0.00490550692953466,0.0204650294395581,0.0541715293558636,0.00488669182751946,0.0554829507696658,0.815527645882907,0.292650254522668,0.029859760823688,0.592412586488616,0.255402043008294,0.19233718371093,0.026165475633846,1.46711353044142,0.0282403725125417,0.00777534180510807,0.109937085292187,0.147846641172357,0.107596912156032,0.138143129844415,0.129986178128594,0.00558128687519155,0.259318130754109,0.0576490372904576,0.0100251683214662,0.174705417077981,0.096036053826281,1.07532919216047,0,2.77761072442392,0.0157593309120583,0.0389173934073779,0.464111075344591,0.489446327541551,0.0164404489957467,0.347279335400216,0.0262939917760187,0.175485820878299,0.101132786916327,0.0648537024758342,0.0234415721465419,0.00961697304334874,0.00287852987796693,0.00345488986454324,0.000653659518031546,0.000360054615998,0.0117919476683628,0.000857923854314143,0.000812923559713679,7.59082950243175e-05,0.000530916730877525,0.00051216327704913,0.000565391895151541,0.000436731685137764,0,0.000874849878641174,0,0.00895428094526141,0.000171671959381634,0.000606461401273793,0.00406920969245144,0.00395831047637603,0.000200829462717197,0.000766734731246447,0.01157180788592,0.000107344113827014,5.95965473399579e-05,0.000227773167631257,0.00147617937693976,0.0046206988860029,0.00134547037565809,0.00122162370792155,0.0692863632910584,0.000299254216996008,0.00192753861920541,0.00489968867984499,0.036474646680993,0.000165184811113477,0.00195443427912644,7.90706967217565e-05,4.05393095085084e-05,0,0.000630261766520867,0.00304013625895568
2.19259911815386,0.000935836490079098,0.0833974697059876,0.00036038412418791,0.0141083915113102,0.0132414272243753,0.655636217035958,0.409266293497365,0.0115638037000831,0.0116419189377052,0.007389915874472,0.00254530125587538,0.00140162629880384,1.5109766560627,0.0432936030161583,0.0509761479287734,0.0944983029767464,0.012718364964154,0.0403748757509491,0.0019904937119398,2.40739117205782,0.00617578995103379,0.6428123416623,0.122786599495758,0.00104626907116086,0.0604746748910958,0.0978132974700115,4.5655355530259,2.77761072442392,0,0.00131352716134283,0.00425526215141212,0.435522885564471,0.909517741932591,0.0317063780895009,0.201190479178151,0.0280261832106821,0.371680332072962,0.205124636879283,0.0140277519413113,0.00905521237203806,0.000919965537001118,0.00748293300546083,0.000714278453320721,0.00123715161417162,0.000956677427327145,0.00587809018555388,0.00081612660831187,7.44126047605931e-05,5.52115005020738e-05,0.000192785226474929,0.00171751609851225,0,0.00013502366940918,0.000164796650124907,0.00079029727558555,0.00114146767103703,0.00986340214168402,8.33946118190646e-05,0.000113510533491219,0.000479012138893289,0.00114677222715233,0.00140725811915017,0.000316525010499131,0.0443015312765125,0.000400048904303652,0,0,0,0.0190674351475297,0.0031480041783743,0.0059127186233231,0.0692981146119287,0,0.000196673706386633,0.00716329515790034,0.0542171522961179,0.00067830617855584,0.00402103980980421,0,0,0,0.000446400932362679,0.00937696548136995
3.08607146067798e-05,0.00701520105161526,0.000170849859610421,0.000783603858692014,8.63383191947639e-05,0.0017252390612998,0.00459033166159386,0.00606540620769003,0.00586143654529895,0.00804855643378746,0.0753255256817691,0.00521230039906428,0.177144554719284,0.00106342180505517,0.000586424883260179,0.000954717911537286,0,0.0084216877550275,0.000657620769090799,0.00212419925821124,0.000367851993523222,0.00513748211804113,0.00147135958824534,0.0035218090100577,0.0479166261529385,0.0943739327629325,0.0735384874144531,0.00713230407031544,0.0157593309120583,0.00131352716134283,0,0.0161463844126681,4.72086703365207e-05,0.042934947687988,0.00238019574508095,0.077229787428869,0.0693491512488807,0.0448409491436144,0.016405306058747,0.00411846104191469,0.0011374663514968,0.0115833487342926,0.00397081036023844,0.0687399167740665,0.00660728107290897,0.00250638687988258,0.00072923002365061,0,0.00351553649167943,0,0.00413700677073933,4.18491488486677e-05,0,0,0,0,0,0.00100124859642385,0,0.0129291511099937,0,0.0860468692214458,0,4.158056582084e-05,0.000237606861665618,9.81337962179478e-05,0.00870688566898488,0.00109968216643986,5.03488338591755e-05,0,0.000262132066947115,0,0.000753664628769487,0.0166469463035172,0.084292949791156,0.104973775651277,0.000440387884318459,0,0,0.0547039840636224,0.000178580698203009,0,0.00135014510235241,0.00161324796168785
0.00119733831961271,0.00508604062081161,0.000893540781792969,0.006805139577965,0.0333794674689278,0.0304207792997886,0.0392265807988638,0.103886322234427,0.00948198479698671,0.0654977556317164,0.221773583443616,0.0194697424453871,0.0331332729843694,0.0196254892919742,0.0345083113012598,0.000632681327450439,0.00218844771823319,0.0588875696029748,0.0209317240517539,0.0154656134738084,0.00251704968444577,0.00244807736045268,0.00249413814898765,0.00601717691048595,0.0137186049565786,0.0734128823454186,0.0154485659271005,0.0555786187726874,0.0389173934073779,0.00425526215141212,0.0161463844126681,0,0.000222051310048706,0.636141873829206,0.0153839897793617,0.272032266347687,0.0169316818741492,0.062454147253093,0.0320767935207097,0.234478333015537,0.542862416083521,0.0189552094315586,0.00139179383132929,0.00196458693810087,0.000170188255834973,0,0.0074791903144473,4.6741513732183e-05,0.000455417497420818,0,0.000200515801679939,0,3.54314806744397e-05,0.000274242219824403,0,7.02083709132731e-05,0.000116315156731963,0.000626490942098803,0,0.000353012215727115,0.000911863166988661,0.0021124863454473,0,0.000687512452390903,0.000147054310224468,2.95762379411131e-05,0,0,0.000100174270119262,0,0,0.000199749571062189,0.00646607268098109,0.000136873807051397,0.000285886762853822,0.000522839436911896,0.00247943999882419,0,3.74386902738988e-05,0.000304086000154185,0,0,0.00019039435929805,0.00211469317184466
0.0012977142800615,3.55621648114174e-05,0.000681356981386835,0,0.000189802016126883,0,0.0147670202285136,0.00103314920521603,0.000503182917454142,0,0.0003725608547313,0,0,0.00336847793884916,0.00100910718573881,0.00249031142442534,0.00452362792322088,0.000579499615577122,0.00269806645823776,0,0.0295878203350029,0.000256339675720319,0.0204624816398645,0.00543391619775156,9.48368499479414e-05,0.00268325070164706,0.00424233691855905,0.145645973938593,0.464111075344591,0.435522885564471,4.72086703365207e-05,0.000222051310048706,0,0.0638342877618069,0.000375188001224145,0.00372035023121116,0.00100545898501915,0.0139460749315377,0.00457912985242644,0.000279984642295944,5.96300905227781e-05,5.78526323589027e-05,0.000298333605105889,0,0.000161040805225825,0,0.00041289280849511,0,0,0,0,0,4.35287946782827e-05,0,0,0.000189637202640611,0.0001190485697839,0.000581812491626156,0,0,0.00012184135865922,0.000180147740678257,3.167852529203e-05,5.73707208856941e-05,0.00257867759299326,6.98734245445311e-05,0,0,0,0.0010679165037572,6.25860376741946e-05,0.000327525297182062,0.00286769635951926,0,0,0.000232621477068884,0.00275318654130105,0.00012119712038835,0.000383659588977358,0,0,0,0,9.70739710813162e-05
0.0408817591102415,0.0868620138485621,0.104148675466891,0.0390190667143324,0.0076841461386666,0.0350831359783997,0.221359883354773,0.141714297072155,0.0382349207058786,0.267798858961376,1.11442615303986,0.0786765927178344,0.964595462518843,0.135262837397429,0.0251492747466498,0.0485555420193112,0.190137615392117,0.283635457621497,0.578744920849862,0.0734339038555097,0.987151736005242,0.0251803007085576,1.31480903417568,0.0810790350067107,0.214331335419069,0.370447660792541,0.797986515013798,0.806222053860949,0.489446327541551,0.909517741932591,0.042934947687988,0.636141873829206,0.0638342877618069,0,0.0527998952640368,0.963263695284799,0.312810023183751,0.352956009955287,0.461257455370122,0.296453610302221,0.295313985156408,0.228988897582467,0.054526260568041,0.0254779770299609,0.103157015921339,0.028920006249708,0.249233848288692,0.0287409410603828,0.0292568421841798,0.000276904161882183,0.00774667830841649,0.0110575908235679,0.00268704272360474,0.00481023285620603,0.0128655114600311,0.00964827582301962,0.0137176498615735,0.0110416964728934,0.00532029088924956,0.0203324013576445,0.00693003251154232,0.0797329115408933,0.00999307744484402,0.00402383114230116,0.0321905547294557,0.00264622083021104,0.00248693705511835,0.00103044484097357,0.00198474331812066,0.0140853500379799,0.00390581873150527,0.0145973519578592,0.140034758570396,0.0125856424216421,0.0198821804739118,0.100473165258939,0.145078927148297,0.00851233468185324,0.023182685073956,0.0163412538328002,0.00549388450374773,4.62799089248479e-05,0.00388488520319438,0.025155540752641
0.00250488592961398,0.000995970805134572,0.0369810140369053,0.00724039690465067,0.266676285243365,0.556824398375014,0.0483458466673065,0.232960373636735,0.00523052528308456,0.556261536557704,0.0101719889423525,0.666240821370066,0.00122890562046182,0.00964333896371096,0.534054613406939,0.0401080746214317,0.0364604216678812,0.0179644250557925,0.0282285256103849,0.00952097037025712,0.21897728275457,0.00292681396236962,0.421878601360109,0.0293015561558244,0.000393973895622652,0.113458247999479,0.27599117431362,0.313855258924758,0.0164404489957467,0.0317063780895009,0.00238019574508095,0.0153839897793617,0.000375188001224145,0.0527998952640368,0,0.583452999985334,0.220657361779285,0.0264265114068058,0.267981786995512,0.0294966960672531,0.0213410321423913,0.00313430574675267,0.0935426108371621,0.0267702611567654,0.0142480770608137,0.128684052358356,0.00621364798015534,0.00710027122675647,0.000129885070708561,0.000145344385152224,0.000510081203403765,0.00318395411167515,0.00152996455623609,0.0198128288304896,0.0113648980228232,0.00333004377522146,0.00327812992335627,0.00286806387815191,0.00310752559777831,0.000993279996314606,0.232547976722495,0.00239540984568882,0.000773374329278064,0.0246738481570926,0.016271589491513,0.00215603312020118,0.00247740610961235,0.00142406575076057,0.000239322077729517,0.0153242662249819,0.000371292155498045,0.0520916240384113,0.0189814505888399,5.50223004246891e-05,0.0191950345124256,0.03752204603605,0.0380318322763524,0.000874147085696434,0.00549264448019156,0.000608506094540828,0.000153962336350042,0,0.00119953974656471,24.3466840720709
0.0204610652344265,0.0275039297723994,0.484531389848042,0.0898857007992149,0.0304700559138015,0.222638954620451,0.414299839827226,0.555518319961585,0.0878660942074761,0.617147612783814,0.326156159813397,0.152518419374429,0.0844051962088743,0.181975656439568,0.079106805764395,0.556733957809774,0.4438513048238,0.33813211568385,0.490992565548401,0.197183555793474,1.64933141720431,0.0557995841434957,3.49331169236462,0.344741358932247,0.0298421125389754,2.1209591331401,4.26421370542315,2.28777820119636,0.347279335400216,0.201190479178151,0.077229787428869,0.272032266347687,0.00372035023121116,0.963263695284799,0.583452999985334,0,1.80428269916978,0.544049571564333,0.973908877821979,0.943000623402122,0.321633695296351,0.0752759031443227,0.214680950159685,0.0165106699343791,0.0172651697031872,0.0214080390114628,0.0596336373360644,0.0120429270840772,0.00182542833934658,4.63776618677914e-05,0.00840777657596251,0.0413398898509067,0.00697359994930997,0.00522113044181875,0.00159774197083367,0.0122171879548548,0.00321654898559365,0.0379333226622109,0.0030341002961921,0.00260520185577043,0.0094089088480369,0.0275121233829678,0.00388065945677923,0.00991584691318766,0.0872595812338813,0.00913179306714631,0.000816524315809053,0.00264004074021505,0.00373872926668524,0.0232928438662319,0.0128597683739261,0.0523560734409207,0.517880466401881,0.00154857670779297,0.035224382657069,0.326960869293196,0.336138580749157,0.00469710351426148,0.0242710647629466,0.00266156137493231,0.000341704271694383,0.000125998998727417,0.00877363399990781,0.12910267111727
0.00538042509456021,0.0160412600622166,0.194154286855663,0.00229640039680754,0.00239356099141549,0.00355704648254032,0.0158933826309485,0.0174809253361174,0.00477770890843092,0.0201987409384448,0.220710927053193,0.00608918093912835,0.12505434562735,0.0154767410128431,0.0108048692010184,0.114377963496455,0.219155001988178,0.160050618269897,0.454847586630167,0.00589396140201943,0.21142466083531,0.00989372480711214,0.948726873207532,0.0197937570392034,0.0295228787008473,1.26186905545581,1.72578740430935,0.125933558898238,0.0262939917760187,0.0280261832106821,0.0693491512488807,0.0169316818741492,0.00100545898501915,0.312810023183751,0.220657361779285,1.80428269916978,0,0.980548885462598,1.6656552386734,0.0303474841013373,0.0358246778452572,0.162083485592164,0.00850760180073087,0.11306113637796,0.00441415087870573,0.010973893031988,0.00708224130635353,0.000150669018114821,0.0168705081774812,0,0.0193385734299525,0.01461904013419,3.28013981847614e-05,0.00194764994703808,8.09401649464667e-05,0.000573045501792246,0.000551332759405309,0.00516476432505624,3.03538820206076e-05,0.0348083882403448,0.000357021072800106,0.137883094182496,0.000502599278984228,0.000569579507176858,0.013754195471706,0.00281248285778803,0.00262926206319285,0.00240705787731254,4.67057033504009e-05,0.00253984637517287,0.0054039119369194,0.0126495953336872,0.00984538388005478,0.0111195665922222,0.0462151216668002,0.187028882714888,0.0093639207389853,0.000451018700201985,0.00144936280301259,0.0376779723631966,9.59597564096779e-05,0,0.00215255873075227,0.137073325858788
0.0243501026356369,0.0473158990194502,0.0814607574265267,0.014565264465251,0.00164428701034328,0.0138880130454943,0.117376238645667,0.0677820019402745,0.0153511664735277,0.0943957252187959,0.31173928788676,0.0307482521182867,0.104796726174838,0.080582286158472,0.00969042467336388,0.0521102891747694,0.0624659125554539,0.189421609870291,0.225905878910356,0.0236357391610639,0.939780003518765,0.0135353191930473,1.2244050898204,0.0400408950424109,0.0731458138865467,0.613601622690803,0.982675347418942,0.584057244264855,0.175485820878299,0.371680332072962,0.0448409491436144,0.062454147253093,0.0139460749315377,0.352956009955287,0.0264265114068058,0.544049571564333,0.980548885462598,0,0.633744545006174,0.0715209363045433,0.0390405937065028,0.299901371982192,0.0105902660514257,0.00850900911155078,0.00227099105623335,0.00177964642919509,0.0237224821132999,0.000996483212757825,0.000764770236914903,0,0.00339381480394126,0.00934765791425252,0.000263496610854483,0.000276578188766736,0.0006812687000678,0.000415504402209654,0.000373526624680015,0.00350252173158077,0.000242412135638666,0.00117132023869946,0.000639749193685064,0.00848442428771617,0.000584808478854001,0.00117446541175057,0.0211829404620622,0.00151625097466423,0.000957210477306326,0.00106382604043273,0.000340135098878425,0.00279114434525254,0.00240562066167352,0.0136666360773673,0.0426216450824918,0.00116369387459753,0.0145563567283252,0.0945725835481549,0.0341331796339908,0.000185409666739267,0.00235710104938413,0.00376638015950149,6.67646919396043e-05,0,0.000787177684698579,0.0148879968289427
0.0212526842017932,0.00535069203901163,0.141448583290485,0.0057404885921423,0.00218820543264754,0.00562690471553934,0.0850028704040264,0.0496738006379621,0.00540004759183127,0.0339996396526348,0.0608475540109825,0.00728518857304871,0.0118566780760093,0.0789996094316574,0.0135514854836503,0.0603513963916822,0.169721477218924,0.121741422708379,0.210444239113303,0.0114419787644141,0.771569806250988,0.00607464558056416,1.40305554747989,0.0328915868301113,0.00362430434448101,0.607516139161973,1.08617256471728,0.529086210868946,0.101132786916327,0.205124636879283,0.016405306058747,0.0320767935207097,0.00457912985242644,0.461257455370122,0.267981786995512,0.973908877821979,1.6656552386734,0.633744545006174,0,0.0556082144625758,0.108599898219605,0.0520034806260148,0.0101308600810647,0.00626313692587245,0.00691228269350043,0.0246765788381439,0.0117675031035784,0.00135070304504001,0.00014898938261413,0,0.00203098488607718,0.0100713791376317,0.000236049063577938,0.00186458159754435,0.000183853268220878,0.00121827629452568,0.000291704922165403,0.00200346210291344,0.000476422114555656,0.000705599117323673,0.000812175316918218,0.00252434768945065,0.000611815525898513,0.0003981548067581,0.0161650314889015,0.00332593275733693,0.000357203641707862,0.00127334447345145,0.000100747613233525,0.00303336109120572,0.00159231044124758,0.0181321106622458,0.030430431685044,0.000850651026063109,0.0153249220807108,0.099386579859095,0.0237567433991132,0.000215131999572944,0.00178421713845367,0.00124001084127256,0,0.00014770780579406,0.00110061630663905,0.22025177823174
0.00499391299357406,0.00982187314560175,0.00491210143922792,0.0710006447680321,0.804451137494391,1.20801904830487,0.132339826483144,0.480303197934744,0.133854637605712,0.297824899141994,0.0558027703378711,0.464206737478201,0.0456288980013212,0.0572764819462076,0.362850749004701,0.00183158024687164,0.00444236488383637,0.00831623333862414,0.00421661627839799,0.11413694993853,0.0123432052512722,0.0164813268693299,0.0198956319874251,0.142873363529115,0.0155742202573589,0.0176550903273608,0.0318238290819261,0.274035483959789,0.0648537024758342,0.0140277519413113,0.00411846104191469,0.234478333015537,0.000279984642295944,0.296453610302221,0.0294966960672531,0.943000623402122,0.0303474841013373,0.0715209363045433,0.0556082144625758,0,0.108136935706111,0.0261366479356569,0.0526066459202437,0.0003726421149638,0.0152519319186447,0.00558163665647832,0.427815329271838,0.0184943546203539,0.00337713103679535,0,0,0.000275504884383428,0.024519203729545,0.0501537844472023,0.0219263902259085,0.00669622096417913,0.0113907233195222,0.0127287149107538,0.0109360383881714,0.000422477800099376,0.0607288736570336,0.0215422901780148,0.00700718512695548,0.0564862368859184,0.00976376277300368,0.000148106987745237,0.000102510951757395,0.000242058184048558,0.0118082703905297,0.00495536656486428,0.00135432638532914,0.00190664520069119,0.265624077629275,0,0.000558973341272023,0.0023765931685126,0.274456572661545,0.00673460514097595,0.00793815849075452,0.00010241130862124,0.00177997847830047,0.000362296083026424,0.00655806155202705,0.00892040265855643
0.00088236090997039,0.000332944271960235,0.00218813292101422,0.00874831272890968,0.111470961663957,0.0504835943269266,0.0432683480310341,0.0191544767193064,0.00535045032409906,0.0547652617803084,0.0111235645832665,0.00956954278659162,0.00419309948861288,0.00894459220993791,0.0136803761629599,0.00211570600295633,0.00158002886179,0.00390577203960136,0.00224651815404409,0.0173885565297803,0.00579256862349405,0.00127277882796829,0.0156462664099382,0.0115778386093366,0.00105295306807511,0.0101985286830232,0.0174852571812466,0.0865945646990959,0.0234415721465419,0.00905521237203806,0.0011374663514968,0.542862416083521,5.96300905227781e-05,0.295313985156408,0.0213410321423913,0.321633695296351,0.0358246778452572,0.0390405937065028,0.108599898219605,0.108136935706111,0,0.0379719479316026,0.00505030121681756,0,0.000318450595771497,0.00125205373735695,0.00863965918373505,0.000406820196124631,8.60458040485084e-05,0,0,5.57988393092454e-05,0.000280794481633591,0.000304475689823603,0,0.000128251024499071,0.000221437079886192,0.00131169518453238,0.000290263192786312,0,0.000689929740957052,0.00050436461873725,9.23713123924945e-05,0.000127107426619017,0.00136238465083333,0.000146239786719489,0,0,0,0.000378468630375427,0.000233152388960659,0.000158376722498411,0.021009334403792,0,0.000368416267841637,0.00135195276487421,0.0170778258575102,0,0.000720077661637789,0,4.79935963078975e-05,0,0.000131178869228729,0.00717104095148471
0.000101617943918419,0.0107014545574407,0.000308717014839363,0.00051582629590233,0.000592017014713514,0.00290350776644709,0.00670187559595556,0.0115163733271255,0.00232789398012138,0.0115173169725177,0.20817248964803,0.00352788558098855,0.178148769392952,0.00239955508588296,0.00224532995586736,0.00195890564736991,0.000294440013667595,0.00589660916504589,0.00029488322782458,0.00410577747878513,0.00158648333708724,0.00172872060352902,0.00393467453469833,0.00490705587831614,0.0338342256994924,0.0197051188661513,0.0127306001150953,0.0210631840304137,0.00961697304334874,0.000919965537001118,0.0115833487342926,0.0189552094315586,5.78526323589027e-05,0.228988897582467,0.00313430574675267,0.0752759031443227,0.162083485592164,0.299901371982192,0.0520034806260148,0.0261366479356569,0.0379719479316026,0,0.0016551006636866,0.00450967056611599,9.07220929926841e-05,0.00026924295315293,0.00755064894229885,0,0.000691631451951963,0,0.000380931226769578,0,0,0.000158887110816896,0.000227031122190589,0,0.000244650511736387,0.000383988407711548,0,0.000989643471153151,0.00027835449009105,0.0054708804211247,0,0.000410511381955368,0.000761245140192634,0,6.32418211005986e-05,0.000165355269357073,0.000102858199875403,0.000491307473896271,4.57867337593019e-05,0.000149324075924218,0.00609194680049708,0.000189496775745451,0.00228183083142713,0.00284083533764707,0.00595641834879328,3.76323033843428e-05,9.01908324997012e-05,0.00125869668712462,0.000108185952173245,0,9.75906342215297e-05,0.00114893838857331
0.00030180832508038,0.0126308262818915,0.0427726053427129,0.0144512269784283,0.0033461885093586,0.000969854599437088,0.0189661422367946,0.00251849125372652,0.0337906966491732,0.00489549786585303,0.00899634775553933,0.0208871730421358,0.0134177511687414,0.00110289675502912,0.0113165323476624,0.0313171704916541,0.00971320731675346,0.00207444465513422,0.00480648118161028,0.00911442882269745,0.0143988082022459,0.0165809749220536,0.0296540593311576,0.15491796827845,0.0101422398989197,0.0834676761892899,0.463780865275846,0.250548769834205,0.00287852987796693,0.00748293300546083,0.00397081036023844,0.00139179383132929,0.000298333605105889,0.054526260568041,0.0935426108371621,0.214680950159685,0.00850760180073087,0.0105902660514257,0.0101308600810647,0.0526066459202437,0.00505030121681756,0.0016551006636866,0,1.68615726108173,0.830655342090994,1.18565979452704,1.11396482635173,0.553329990736775,0.0414996518939444,0.00673517492577567,0.0143537111075457,0.362121834896375,0.0997706625027509,0.060489982974589,0.253591555648255,0.181785958750744,0.31340731616799,0.0447252403334933,0.222442140183757,0.143807055081131,0.144434804894491,0.413918514311834,0.168137711725326,0.0539431672097084,1.16997559627749,0.347730040630466,0.284573584177486,0.206495124917528,0.0512276186630291,0.927562439841528,0.0130500098883793,3.32656764433911,0.698123644846264,0.00731749381359093,1.87759864262322,3.87975193754221,1.95059410909821,0.174763357016867,0.227086371035318,0.11947370793282,0.110178442561863,0.00332299001055122,0.157202005383677,0.749604573384759
7.9835491618979e-05,0.0198361416085194,0.00823681762224987,0.000286853441747907,0.000355555073030305,0.000363313985640109,0.000236450574701625,0.00156381805868631,0.00551009894521514,0.000487054151834523,0.17855380262572,0.000571963936851445,0.358402695586975,0.000337366107845512,9.61948349881532e-05,0.00372809638243455,0.00273557250988492,0.00988337904630901,0.00492223761840306,0,0.00122540605425907,0.0068603425467753,0.00400738719471012,0.00473842446514332,0.0478355088366052,0.132869709064009,0.325586013997103,0.00406847755244952,0.00345488986454324,0.000714278453320721,0.0687399167740665,0.00196458693810087,0,0.0254779770299609,0.0267702611567654,0.0165106699343791,0.11306113637796,0.00850900911155078,0.00626313692587245,0.0003726421149638,0,0.00450967056611599,1.68615726108173,0,1.23599119817868,2.47429399870795,0.0323058136374411,0.0748048730305585,0.120653095875079,0.000529041426810384,0.0203277359218178,0.141168558197538,0.0011705184688342,0.0104785425122781,0.00285863424390339,0.0143207854498152,0.00797422454440859,0.00435354247891971,0.00555897854893332,0.170066825221496,0.00677027504163599,0.342203747405844,0.00832069942362264,0.0204456762496307,0.178991715735842,0.164445493823273,0.132192004622781,0.117659494068485,0.00158197901957413,0.112946102785137,0.00334628350447866,0.5361100434827,0.0391980906835016,0.0203968829518248,1.06667573263218,1.51872191874294,0.12293616542087,0.0119868872735379,0.0363101843652481,0.209553214735146,0.00458009955769544,0.000342388240173942,0.066770097850875,0.200905364644439
0,0.00712073244432963,0.0169054273615683,0.00601173311013736,0.000844147348933271,0.000303320234338045,0.00593579286516685,0.000635197585190409,0.00830853873389924,0.00166131867374723,0.00713687832755963,0.0055359243865191,0.0166649378442184,0.00113813908468857,0.00313828186371674,0.00458562415089268,0.0040921285304593,0.00128012120086903,0.00396685074889598,0.00316841672089002,0.00345491318209066,0.00488320497105849,0.00872619202756788,0.0377916901413965,0.00844436019137323,0.0620287714743496,0.235727048263689,0.0599764048078716,0.000653659518031546,0.00123715161417162,0.00660728107290897,0.000170188255834973,0.000161040805225825,0.103157015921339,0.0142480770608137,0.0172651697031872,0.00441415087870573,0.00227099105623335,0.00691228269350043,0.0152519319186447,0.000318450595771497,9.07220929926841e-05,0.830655342090994,1.23599119817868,0,0.790500009410182,0.0514980074528566,0.208791350277796,0.212286984354472,0.0100055465872443,0.0198763610312314,0.16787300213204,0.0480067339512128,0.0176820111149733,0.0362928770589963,0.204991867515755,0.102649716839614,0.0163471037354794,0.124579046762693,0.207723543082465,0.0725871469528246,0.471957567071816,0.0999548566409786,0.0108109044188083,0.175577662948212,0.126241432582202,0.259046184580642,0.130016405926722,0.0352230028082776,0.837205708820098,0.00426396338989391,1.91167319735439,0.144779236949974,0.0147291133100094,0.999697929084903,1.58187128170621,1.12822573082402,0.164118626328823,0.446602898724968,0.0944323965629283,0.0450578782056502,0.0129237793745524,0.123458265873577,0.0827945052602808
9.54007472606059e-05,0.00383036539204304,0.0114462456535184,0.0015522216665214,0.00261142952595785,0.000457757541123926,0.00232560149595185,0.000818434516148144,0.00272853714361173,0.000754624438928675,0.00218402676547098,0.00203964145970652,0.00610608339543154,0,0.00318537069012271,0.00615230533584899,0.00444682266179722,0.000621445611005595,0.0029247356458706,0.000509339088242855,0.00370004690416253,0.00396554863559146,0.0139161513034559,0.0108903621764882,0.00474038705378827,0.0416169342176121,0.16813243743296,0.0210684712365179,0.000360054615998,0.000956677427327145,0.00250638687988258,0,0,0.028920006249708,0.128684052358356,0.0214080390114628,0.010973893031988,0.00177964642919509,0.0246765788381439,0.00558163665647832,0.00125205373735695,0.00026924295315293,1.18565979452704,2.47429399870795,0.790500009410182,0,0.139914394067206,0.347400197623298,0.0589291197681881,0.00588788679100203,0.00443950247800887,0.153641934927688,0.00386451450573467,0.033134550445113,0.00656428333989187,0.0938387285754802,0.0358210163447559,0.0053043381130127,0.0124556358027304,0.0292782874229115,0.00942048311822739,0.174678209648507,0.0509751502992567,0.0451264541700708,0.276539918977615,0.199604887139467,0.110818337465689,0.10660944482404,0.00184138876415216,0.617467896523565,0.00178799589290764,1.89149621388516,0.0911360066604475,0.00252292480777682,0.764618413192731,1.45326880706566,0.711177530087783,0.0587036597245001,0.196921505978337,0.0323534067606823,0.00401655845349061,0.00257929451384065,0.0672207904875834,0.57363501109124
0.000229481664729667,0.00194771040739856,0.000221953226580173,0.100718143822487,0.0530045554770147,0.00905601509474665,0.0163339728188764,0.0179105538365538,0.111433268765936,0.0403867143576882,0.0159143288625456,0.241317005132365,0.0151277707222413,0.00380943383139229,0.0994689399232385,0.017270203512365,0.00036622153661505,0.000664640789164185,0.000197178412505442,0.0815789948322884,0.00767436072977278,0.00297746851174076,0.00883363598336284,0.172538508014565,0.00423026836155246,0.00151355397365394,0.00696744860729354,0.286796841151643,0.0117919476683628,0.00587809018555388,0.00072923002365061,0.0074791903144473,0.00041289280849511,0.249233848288692,0.00621364798015534,0.0596336373360644,0.00708224130635353,0.0237224821132999,0.0117675031035784,0.427815329271838,0.00863965918373505,0.00755064894229885,1.11396482635173,0.0323058136374411,0.0514980074528566,0.139914394067206,0,0.169128905808217,0.0253947480811821,0.000721782613332811,0.0319093798464382,0.00388912582842549,0.0513380596260333,1.86439220440388,0.494618015424853,0.0560054303855761,0.271857920635122,0.224673809501538,0.180524956255137,0.0113806463379965,0.354948520140581,0.225922910436901,0.0431907720975551,0.192716600314517,0.0270151297998972,0.00437343198534869,0.00813595292807314,0.00157217621677118,0.0410256145525001,0.0389075101293407,0.0614745294674435,0.0901651686156893,0.279892463383014,0.0173347330947292,0.0232230855730461,0.0749806542751476,0.280184159207979,0.0254654953559926,0.0205597544143409,0.00314764770136212,0.0477987120605942,0.000201369422746972,0.00973098213079302,0.0163422999592005
0.000137818407869029,0.000316718104581112,0.000161485044528583,0.00294584854628707,0.000330781782471961,0,0.00342207463592837,0.0006876765221946,0.00479133584581831,0.000557537034578377,9.6837645285189e-05,0.00277444737515867,0.000601631696811703,0.000282955463098865,0.00194840543040973,0.00143048624647792,0.00010239644529866,0,0.000138732473803148,0.00160873592588579,0.000587382116352666,0.000503769078763902,0.000574699642924654,0.0287709472165727,0.000197035950812125,0.00120714691952462,0.00604060675396554,0.0388249946432859,0.000857923854314143,0.00081612660831187,0,4.6741513732183e-05,0,0.0287409410603828,0.00710027122675647,0.0120429270840772,0.000150669018114821,0.000996483212757825,0.00135070304504001,0.0184943546203539,0.000406820196124631,0,0.553329990736775,0.0748048730305585,0.208791350277796,0.347400197623298,0.169128905808217,0,0.0349977884070757,0.000369777429026181,0.000732039279414064,0.00747719226143954,0.0301498062801603,0.483900589362253,0.101589787445398,0.0374387803033883,0.0424874924254765,0.0118858120242322,0.0659047791759629,0.0339331321922349,0.0454044906274072,0.390920572926542,0.0125644005491079,0.0075826850239757,0.00843244705240483,0.00750336668612085,0.00826718696667069,0.00303692768180056,0.019233541394265,0.0116762501761609,0.000657578572851348,0.0526872852061971,0.0684053265750513,4.19684737507552e-05,0.0330972675434274,0.0544088028902194,0.218329746977086,0.0122799090354722,0.0114912908350432,0.0041434320487488,0.215656986558555,0.000511979915396407,0.056398784506986,0.0326963119015617
0,0.00147773613955274,0,0,0,0,0.000156865115361792,0.00066374110625765,0.000419286250176558,0,0.0197195250227792,0.000377617929811842,0.0391388465229196,0.000265593991966188,0.000210965228735352,0.000264725293251389,0,0.000260817318785513,3.28728872545361e-05,0,7.02770324399233e-05,0.00045833348196274,0.000129199865340275,0.00102468622274817,0.00333758986033873,0.00412724897622557,0.00730168722778918,0.00245683355914256,0.000812923559713679,7.44126047605931e-05,0.00351553649167943,0.000455417497420818,0,0.0292568421841798,0.000129885070708561,0.00182542833934658,0.0168705081774812,0.000764770236914903,0.00014898938261413,0.00337713103679535,8.60458040485084e-05,0.000691631451951963,0.0414996518939444,0.120653095875079,0.212286984354472,0.0589291197681881,0.0253947480811821,0.0349977884070757,0,0,0.0372281349691963,0.000152698029491997,0.00167170952547092,0.00111325336120311,0.00209256501043699,0.00121627686002424,0.00297046502569352,0.00948103801160149,0.00485747956797206,0.208671562861955,0.00548704443678193,0.464093358289899,0.00111295140541972,0.00137852086877209,0.00197337207843763,0,0.00518908303964048,0.000544485797882301,0.00147691359305554,0.000521935255758673,0.00326059538076206,0.00130206854153945,0.00914775159659426,0.0156859460430476,0.0253697896523959,0.0186142114388211,0.010029863809299,0.00153808403094779,0.00118002908185202,0.059126459020126,0.00390644276898174,0,0.00424393720080495,0.000360542647359067
0,0,0,5.50987602894544e-05,0,0,0.000118437451209939,0,4.56823909624279e-05,0,0,0,0,0,0,0.00116994992608767,0,0,0,0,0.00035349565071671,0.000319453286461395,0.000314378189989561,0.000778216348400575,0,0,0.000144655489775604,0.00140428426680786,7.59082950243175e-05,5.52115005020738e-05,0,0,0,0.000276904161882183,0.000145344385152224,4.63776618677914e-05,0,0,0,0,0,0,0.00673517492577567,0.000529041426810384,0.0100055465872443,0.00588788679100203,0.000721782613332811,0.000369777429026181,0,0,0,0.00076768753839472,0.000277981987752259,0.000278429787951792,0.00110214894088403,1.73120416911726,0.0183808920492244,0.000250179275236958,0.00251211467659681,0.000398788532765901,0.001140967844044,0.000118794950785666,0.518827030740344,0.000692272712910301,0.000777267386194506,0.00488815636058195,0.000709229068124586,0.000282908425175983,0.000244354180052471,0.00620478782600326,0,0.0167166904951387,0.00262503792808994,0,0.00182464347534876,0.00253096365490266,0.0268986169398006,0.42567272038646,0.306276840918999,5.37459190537214e-05,0.00075997265024403,0.00222329215705704,0.0178247331746583,0.00123310667300034
0,0.129444340885192,0.00577654644463019,0,0,4.42760149102032e-05,0.000141966075360471,8.0207854517287e-05,0.00257512811226211,7.71071010066569e-05,0.014267046340105,0.000177247848600948,0.0342194217883148,0,0,0.00133143396612833,0.00515334249430025,0.000572253975638014,0.00487469727596692,0,0.000572722733225674,0.0518710236737247,0.00332946977622049,0.0017800918821465,0.0463783277374127,0.107314523291259,0.732782083292176,0.00159052471994398,0.000530916730877525,0.000192785226474929,0.00413700677073933,0.000200515801679939,0,0.00774667830841649,0.000510081203403765,0.00840777657596251,0.0193385734299525,0.00339381480394126,0.00203098488607718,0,0,0.000380931226769578,0.0143537111075457,0.0203277359218178,0.0198763610312314,0.00443950247800887,0.0319093798464382,0.000732039279414064,0.0372281349691963,0,0,0.00796972974241731,0.000333456782872737,0.00936208084247182,0.000708806052179766,0.000284154664162573,0.000141091654421413,0.146742463338879,0.000773394790877807,0.0112646173751089,0.00389074682403868,0.346523059975641,0.000294861281441918,0.0173024066618159,0.120597616039443,0.00707373154805925,0.000842392487874311,0.00379886309628126,0.000141819089598155,0.00879449982986431,0.172295155536208,0.00599427694084121,0.183230083027875,0.289449753007602,0.0181439135967526,2.00515241121451,0.0088640503386551,0.000225040015384668,0.000609666337482965,0.00292999166895117,0.000412626722484818,0,0.00724393783044998,0.000509993082183063
0.000297162059737948,0.0213013187646851,0.186340348140518,0,0.000117706721106231,0,0.0011224245296055,0.000101546101082975,0.000308523566991714,0,0.000115401077886688,0,2.96616245790124e-05,0.00136069310220916,0.000724609415357023,0.00141483445510553,0.0376401510249976,0.000863208429124692,0.00771821277589486,0,0.00781742755863383,0.0178033040051511,0.0563348130919633,0.000997245020013591,0.000107816930682063,0.0346481593918862,1.05673597593171,0.00231368086722196,0.00051216327704913,0.00171751609851225,4.18491488486677e-05,0,0,0.0110575908235679,0.00318395411167515,0.0413398898509067,0.01461904013419,0.00934765791425252,0.0100713791376317,0.000275504884383428,5.57988393092454e-05,0,0.362121834896375,0.141168558197538,0.16787300213204,0.153641934927688,0.00388912582842549,0.00747719226143954,0.000152698029491997,0.00076768753839472,0.00796972974241731,0,0.000264463506655985,0.00188335669305214,0.0031142418054441,0.0713800075889083,0.0325572431386296,0.000371587309684551,0.00611258307784977,0.00672931802524993,0.000750761878162279,0.0046340294942886,0.0267136115859058,0.00378799563440494,0.00461543609231222,1.40965788413013,0.0134404702195241,0.0946542250135157,0.000332045412785441,0.13727684155203,0.00195369540466565,2.97867582340921,0.00360986291973988,7.26413749382853e-05,3.28343038774295,2.09017279812167,0.17718373428267,0.0185580637762328,0.0292222616287231,9.16722068738522e-05,0.000998416480167908,0.000729192800788382,0.0990081692850231,0.0265052928187524
0,5.77596513791501e-05,0,0.0355447139744287,0.00287127943766009,0.000223397848058167,0.00579219980599913,0.0011271538420844,0.0334134923902116,0.00613540488335717,0,0.0280628357665004,0,0.00025819687576477,0.00781399328931052,7.63149654458702e-05,0,0,0,0.0145689356852704,4.99186289827943e-05,0,0.000129214279354632,0.0550566745488398,7.69398886276335e-05,0,4.23962694054604e-05,0.0715946539043683,0.000565391895151541,0,0,3.54314806744397e-05,4.35287946782827e-05,0.00268704272360474,0.00152996455623609,0.00697359994930997,3.28013981847614e-05,0.000263496610854483,0.000236049063577938,0.024519203729545,0.000280794481633591,0,0.0997706625027509,0.0011705184688342,0.0480067339512128,0.00386451450573467,0.0513380596260333,0.0301498062801603,0.00167170952547092,0.000277981987752259,0.000333456782872737,0.000264463506655985,0,0.0192409982865357,0.115671933649782,0.00852144559389142,0.117021053237103,0.0462072090288047,0.22397756920852,0.0141462168261451,1.67370620834681,0.0156309529192529,0.103665794293578,0.0388555937055733,8.23893957070887e-05,0.00154578458255105,0.0194922243853753,0.00427035631900247,3.36237050748516,0.000283263435480868,0.000515575718772408,0.00119239588010247,0.169785460268189,6.44369887192279e-05,0.0336751629014138,0.00778635761358252,0.476975707361244,0.0862246570481521,0.00140279310061314,0.00167854008207934,0.0192079473828469,0.000181758236939532,0.0369797627264167,0.00730621631406362
0,0,0.000241571885364601,0.0126830815976769,0.00480871454559731,0.000657691834674663,0.00241910126143862,0.000428532669959528,0.040250231712178,0.00394320971505841,0.000187016191529012,0.025838856382188,0.000147749191212926,0.000103888313860262,0.0101405331913074,0.00159767850992059,0.000352173749774784,0,0.000126184929700148,0.00808957415584595,0.000870698900729386,0.000705294016382724,0.00216125783114665,0.0320013952886428,0.000462652258420032,0.000314795070553136,0.00204685212848898,0.044533299318435,0.000436731685137764,0.00013502366940918,0,0.000274242219824403,0,0.00481023285620603,0.0198128288304896,0.00522113044181875,0.00194764994703808,0.000276578188766736,0.00186458159754435,0.0501537844472023,0.000304475689823603,0.000158887110816896,0.060489982974589,0.0104785425122781,0.0176820111149733,0.033134550445113,1.86439220440388,0.483900589362253,0.00111325336120311,0.000278429787951792,0.00936208084247182,0.00188335669305214,0.0192409982865357,0,0.226258090624093,0.0217792866389667,0.0258154676813976,0.171045101711065,0.0534991210965756,0.0290184548638027,0.158202770883384,0.017515083039601,0.00694805796468535,0.135816524743663,0.0493462702408735,0.00126618095879228,0.00638961357022719,0.000511845417304001,0.0133520419379677,0.0716857154807099,0.0210559630378711,0.0963284921020967,0.175560025067308,0.00332472070450872,0.0112401100078802,0.0226234949104799,0.236015417002583,0.0111037387624047,0.0282973276698017,0.0043885581506565,0.0109886230288084,0.000381196266976249,0.157999423796926,0.0888375882706433
0,0,0,0.00365159929480691,0.00237777089832418,7.33141701035977e-05,0.000921683379194117,0,0.013089211893937,0.000691569369950318,0.000130603165955183,0.0160413362251247,0.000418896343599722,0,0.00428905363125201,0.000488773388432345,5.8154908338958e-05,0,0,0.0026968079007174,0.000390065030287025,0.000164348059762639,0.0008317086846073,0.0159987700165042,0,0.000108298521958608,0.000198218026518754,0.0152562313541906,0,0.000164796650124907,0,0,0,0.0128655114600311,0.0113648980228232,0.00159774197083367,8.09401649464667e-05,0.0006812687000678,0.000183853268220878,0.0219263902259085,0,0.000227031122190589,0.253591555648255,0.00285863424390339,0.0362928770589963,0.00656428333989187,0.494618015424853,0.101589787445398,0.00209256501043699,0.00110214894088403,0.000708806052179766,0.0031142418054441,0.115671933649782,0.226258090624093,0,0.170948071625003,1.30372265679531,0.0177200043368074,2.58610502140982,0.0344116033614461,0.890156126428941,0.0252458215991369,0.101335156553404,0.368037797752301,0.00135535968320503,0.00215870759640903,0.0197259840531322,0.00429467295359951,0.0893831355592015,0.00361918077953022,0.000802531543403736,0.0141475472303743,0.0457900563161406,0.00042895491381723,0.028037789198418,0.00508768933151188,0.667440215584664,0.042115440678277,0.0106192028178947,0.00600191769313518,0.0179100655934498,0.000197073372506154,0.0245641681634101,0.145045409253267
0,0.000114256633034814,0.00249392101691576,0.00300254464895224,0.000339558827514023,0.000664107837309789,0.00402378339684693,0.00045338096400426,0.00348353565745797,0.000977942818822773,0.000184634155582714,0.00267481443623394,0.000152586038126415,0.000419747346284354,0.001537276781588,0.00709962885543873,0.000103379177923891,0,0,0.00179415769037806,0.00425917639295304,0.000885524329066913,0.00247322568135413,0.0269630507420465,4.24009509905606e-05,0.000298718781035233,0.0117125234383724,0.0557465428275307,0.000874849878641174,0.00079029727558555,0,7.02083709132731e-05,0.000189637202640611,0.00964827582301962,0.00333004377522146,0.0122171879548548,0.000573045501792246,0.000415504402209654,0.00121827629452568,0.00669622096417913,0.000128251024499071,0,0.181785958750744,0.0143207854498152,0.204991867515755,0.0938387285754802,0.0560054303855761,0.0374387803033883,0.00121627686002424,1.73120416911726,0.000284154664162573,0.0713800075889083,0.00852144559389142,0.0217792866389667,0.170948071625003,0,2.10506465377488,0.00684319777389967,1.6660993915605,0.0153237476639018,0.023691847780317,0.0203260909966684,4.52700770221179,0.0286822824775264,0.0193354657947958,0.105576935713905,0.0207330960960378,0.0153387483689262,0.00609227085243255,0.310861635812175,0.000477330817195648,0.515951123931527,0.0298787013756575,0.000124202075705028,0.0536565840991588,0.0629772034760578,4.17810491512987,1.37285300187312,0.47104895479184,0.00290366393462343,0.0232661842041637,0.0123064412799259,0.231175245086881,0.0258729450200258
0,4.95123458959162e-05,0.000260510304411271,0.00337825960609003,0.000543315019437015,6.67749175750137e-05,0.00264529956759867,0,0.0111101698555988,0.000645972463750574,0.000575683860332805,0.0103949732383431,0.000630336470468441,5.06350328680039e-05,0.00176679614689266,0.00394714434847883,0,0,0,0.00146570286486167,0.00224082364487179,0.000353155826513299,0.00142609653096609,0.0283927588409099,0.000252918991515166,0.000257244461115634,0.00104943720541148,0.0320528254808642,0,0.00114146767103703,0,0.000116315156731963,0.0001190485697839,0.0137176498615735,0.00327812992335627,0.00321654898559365,0.000551332759405309,0.000373526624680015,0.000291704922165403,0.0113907233195222,0.000221437079886192,0.000244650511736387,0.31340731616799,0.00797422454440859,0.102649716839614,0.0358210163447559,0.271857920635122,0.0424874924254765,0.00297046502569352,0.0183808920492244,0.000141091654421413,0.0325572431386296,0.117021053237103,0.0258154676813976,1.30372265679531,2.10506465377488,0,0.016166580158802,2.58683505940585,0.0552550406611514,0.305764131146293,0.0343247115461658,1.9967230209583,0.0365872462988722,0.00744281417614614,0.0294579435429274,0.0338100325200762,0.00549794248518638,0.102353978797731,0.0755901807383328,0.00046317560953896,0.197468425170161,0.0631400446748247,0.000793917225405166,0.0556046852575238,0.0179369867219168,1.43690898577586,0.144103047415974,0.142647500874273,0.0097917297541545,0.0732704034983404,0.00191988489119985,0.0861607547465466,0.0139790240849897
6.6751145554918e-05,0.00110275122822742,0,0.00846630522611122,0.00218782644374406,0.000828878282952845,0.0169082280727289,0.00586663267094543,0.26126723242247,0.00458468795523749,0.00634420080809621,0.0102602916500073,0.0108364485983295,0.00485308903647518,0.0088246486620726,0.0438360654758253,0.000235820494804227,0.000353904748435557,0.000596605858981553,0.00549859786578473,0.0117477948491192,0.0260365098116095,0.0087882626157505,0.281648408356744,0.00804890660757337,0.00369229987239831,0.0113703962643514,0.20886926039072,0.00895428094526141,0.00986340214168402,0.00100124859642385,0.000626490942098803,0.000581812491626156,0.0110416964728934,0.00286806387815191,0.0379333226622109,0.00516476432505624,0.00350252173158077,0.00200346210291344,0.0127287149107538,0.00131169518453238,0.000383988407711548,0.0447252403334933,0.00435354247891971,0.0163471037354794,0.0053043381130127,0.224673809501538,0.0118858120242322,0.00948103801160149,0.000250179275236958,0.146742463338879,0.000371587309684551,0.0462072090288047,0.171045101711065,0.0177200043368074,0.00684319777389967,0.016166580158802,0,0.018369917148456,0.00542418791555777,0.100100070109593,0.119794484132458,0.00905786909282446,0.189695305563472,0.016867346392937,0.000669414552170339,0.00106556000349488,0.000745149623381484,0.0162123408533422,0.00271106029839064,0.760652271898937,0.00109122578544597,2.88934981971194,0.0896535370174545,0.00443208971606883,0.218643259063502,0.425630461654433,0.0129316938795011,0.00277465345786341,0.00141979897527446,0.00352079969594486,8.76989845909235e-05,0.00991041956423385,0.00560110266666749
0,0.000323560789929312,0,0.0177025871514552,0.00089497851000487,0,0.00270000714568909,7.04404102056682e-05,0.0127088547410531,0.00135690279872631,0,0.0319097681417028,0,0.000203974891409195,0.00280549364373244,0.000438173956785398,0,0,0.000123732917871538,0.0034837757868806,0,5.66775983966589e-05,0,0.0175695916696914,4.06447161846221e-05,0.000729747074125499,0.00165703024367058,0.0337681150970355,0.000171671959381634,8.33946118190646e-05,0,0,0,0.00532029088924956,0.00310752559777831,0.0030341002961921,3.03538820206076e-05,0.000242412135638666,0.000476422114555656,0.0109360383881714,0.000290263192786312,0,0.222442140183757,0.00555897854893332,0.124579046762693,0.0124556358027304,0.180524956255137,0.0659047791759629,0.00485747956797206,0.00251211467659681,0.000773394790877807,0.00611258307784977,0.22397756920852,0.0534991210965756,2.58610502140982,1.6660993915605,2.58683505940585,0.018369917148456,0,0.053216090493132,2.03933314233327,0.0407400317285832,0.778955014568279,0.131057378924397,0.00143132311402916,0.00872813526755466,0.0759659961584651,0.0182240710822688,1.03133165301742,0.00698843317340339,0.000301817246689051,0.0220590385060344,0.0633831202631164,0.000752122476420429,0.132124753051156,0.0302137836523902,1.24542350358782,0.317842633727241,0.0100704685009006,0.0108037070691742,0.0711500879984311,0.00062324720528416,0.121071263492386,0.0221391649066519
0,0.00366595735479715,0.000942921231194377,0.00010117829324044,0,0,5.70369984945238e-05,0.000113581524190378,0.00182869799143318,4.13621710379153e-05,0.042901623248552,0.00129893838674478,0.0972784034950252,0,6.5709235938102e-05,0.000273911696817645,0.000154612129000145,0.000574201313625706,0.000319939520589572,0,0.000123437864392048,0.000961231605141809,0.00027198591271348,0.000953042433428764,0.015332717916644,0.0128153877450848,0.0248172578778476,0.000420554378736725,0.000606461401273793,0.000113510533491219,0.0129291511099937,0.000353012215727115,0,0.0203324013576445,0.000993279996314606,0.00260520185577043,0.0348083882403448,0.00117132023869946,0.000705599117323673,0.000422477800099376,0,0.000989643471153151,0.143807055081131,0.170066825221496,0.207723543082465,0.0292782874229115,0.0113806463379965,0.0339331321922349,0.208671562861955,0.000398788532765901,0.0112646173751089,0.00672931802524993,0.0141462168261451,0.0290184548638027,0.0344116033614461,0.0153237476639018,0.0552550406611514,0.00542418791555777,0.053216090493132,0,0.0551377975331705,0.618643474370829,0.0463647770894628,0.00119531583353369,0.00133524368669842,0.143603305491974,0.988718903204838,0.253417667517382,0.0157252729123933,0.0136955606582874,0.000960575253624549,0.0556448954926572,0.00875087417569504,0.0172523871037458,0.342168037787887,0.0696453217654207,0.0417569014110687,0.314171400084012,0.0211181694255907,0.170509902672582,0.418801995710738,0.000200324907658911,0.499986383489487,0.00463680860508545
0,0.000139901209703582,0,0.0330434413040734,0.0105086222852961,0.00286599553164741,0.00532439157562721,0.00420739357899049,0.0559164764960308,0.011317632822282,0.000591369481515679,0.162700894117145,0.000205596883763612,0.00111274428465806,0.0200300922269054,0.000599773334763229,0.000102590525792944,0.000292991387149066,0.00023710070304178,0.0243774128327467,0.000381948021606093,0.000400121893649733,0.000407476805865007,0.0596075667403159,0.000270902240672049,0.000181554899146524,0.00116345709174649,0.0926902110157017,0.00406920969245144,0.000479012138893289,0,0.000911863166988661,0.00012184135865922,0.00693003251154232,0.232547976722495,0.0094089088480369,0.000357021072800106,0.000639749193685064,0.000812175316918218,0.0607288736570336,0.000689929740957052,0.00027835449009105,0.144434804894491,0.00677027504163599,0.0725871469528246,0.00942048311822739,0.354948520140581,0.0454044906274072,0.00548704443678193,0.001140967844044,0.00389074682403868,0.000750761878162279,1.67370620834681,0.158202770883384,0.890156126428941,0.023691847780317,0.305764131146293,0.100100070109593,2.03933314233327,0.0551377975331705,0,0.0353527470363518,0.314472804408698,0.443645677152094,0.00233487677733254,0.00458604627338552,0.0712992559242546,0.013435435188951,1.90417145440621,0.00294177160610721,0.00694156720387579,0.0124895269334531,0.236199094963129,0.00177474051534466,0.132142331499427,0.0351494057547499,0.701626606047767,0.19719484896198,0.00633051577825432,0.0133435292462589,0.0716047380283454,0.000130526675103643,0.0856407752184447,0.490155276342052
0,0.0194572180070885,0.000351616039487988,0.000487039665517694,0.000560751148037106,0.00101981749819096,0.00184841887558493,0.00455438048882206,0.00726999480234679,0.00100612842199283,0.230715088356049,0.00265129070282923,0.513167703744635,0.000555720383309895,0.00145364599374222,0.00117007050853633,0.000254927487065744,0.0064265250928445,0.00101257811499796,0.000893622187921526,0.00124914773830294,0.00444280247131165,0.000935494744695702,0.0118396733659342,0.118508026451345,0.0829821010413413,0.175282275859949,0.0185051022796154,0.00395831047637603,0.00114677222715233,0.0860468692214458,0.0021124863454473,0.000180147740678257,0.0797329115408933,0.00239540984568882,0.0275121233829678,0.137883094182496,0.00848442428771617,0.00252434768945065,0.0215422901780148,0.00050436461873725,0.0054708804211247,0.413918514311834,0.342203747405844,0.471957567071816,0.174678209648507,0.225922910436901,0.390920572926542,0.464093358289899,0.000118794950785666,0.346523059975641,0.0046340294942886,0.0156309529192529,0.017515083039601,0.0252458215991369,0.0203260909966684,0.0343247115461658,0.119794484132458,0.0407400317285832,0.618643474370829,0.0353527470363518,0,0.0190010128516958,0.0133159055288434,0.0316953895235652,0.00608495300298117,0.0198652338614557,0.00603738486282654,0.0109460419542829,0.0151735803087463,0.0487549978280095,0.0373773697670603,0.120416732050432,0.494361092727817,0.0892907894700433,0.551984110816672,0.137899103690352,0.0547009559456921,0.0135246854101802,0.131961337290462,0.0934658413577164,0.000344498728691035,0.140142070643899,0.012761428613786
0,0,0.00021488469929437,0.0021906217941927,0.000183969551254654,0,0.00134392790053014,0.000179056949425506,0.00749564996716827,0.000295833364945829,0.000616128339984047,0.00862964866883951,0.00053640845485428,0.000110239951801396,0.00134482030670925,0.00984630283157028,6.05380133289576e-05,0,0,0.00102565117154737,0.00410876522094887,0.000497574528273397,0.003677542274109,0.0192408842603719,0.000224184418910795,0.00032377435335773,0.00248646505166611,0.0303580107474334,0.000200829462717197,0.00140725811915017,0,0,3.167852529203e-05,0.00999307744484402,0.000773374329278064,0.00388065945677923,0.000502599278984228,0.000584808478854001,0.000611815525898513,0.00700718512695548,9.23713123924945e-05,0,0.168137711725326,0.00832069942362264,0.0999548566409786,0.0509751502992567,0.0431907720975551,0.0125644005491079,0.00111295140541972,0.518827030740344,0.000294861281441918,0.0267136115859058,0.103665794293578,0.00694805796468535,0.101335156553404,4.52700770221179,1.9967230209583,0.00905786909282446,0.778955014568279,0.0463647770894628,0.314472804408698,0.0190010128516958,0,0.0108342134810075,0.008974781376597,0.0530140706967329,0.0455207672262634,0.0107957799835954,0.111772611352248,0.0870663893498958,0.000413318814663619,0.298468819790684,0.0410127919491335,0.000390579705109242,0.0688259247794153,0.0341616613984175,0.621947304125438,0.648098461517298,0.471183599531737,0.00820647004603776,0.0316304765547578,0.00475413466142018,0.140493338614119,0.00757933927353669
0,0.000192777500439286,0.000292269537338331,0.0187421702864462,0.00761753517727711,0.00116021149056095,0.00583590605418523,0.00122253750788586,0.0431002375675053,0.00702565881153064,0.000331370706769067,0.039850236768759,0.000874878179894734,0.000695489806263793,0.0156856128732539,0.00253480777853854,0.000110226906369555,0,0,0.0139991866184664,0.000830713309378291,0.00137389078627236,0.00128541231130665,0.0515746674327905,0.00120302301372435,0.000433195947040868,0.00326797122712538,0.0780401790541173,0.000766734731246447,0.000316525010499131,4.158056582084e-05,0.000687512452390903,5.73707208856941e-05,0.00402383114230116,0.0246738481570926,0.00991584691318766,0.000569579507176858,0.00117446541175057,0.0003981548067581,0.0564862368859184,0.000127107426619017,0.000410511381955368,0.0539431672097084,0.0204456762496307,0.0108109044188083,0.0451264541700708,0.192716600314517,0.0075826850239757,0.00137852086877209,0.000692272712910301,0.0173024066618159,0.00378799563440494,0.0388555937055733,0.135816524743663,0.368037797752301,0.0286822824775264,0.0365872462988722,0.189695305563472,0.131057378924397,0.00119531583353369,0.443645677152094,0.0133159055288434,0.0108342134810075,0,0.027919891887994,0.00323448045068677,0.00139305974691734,0.00101202577833422,0.0242631694413933,0.0375607147902145,0.0329551510789239,0.0661572942032348,0.248248514558769,0.00844883809266154,0.00536779627860468,0.0429030606578584,0.292751756794251,0.0143295885676453,0.0210896401971729,0.000609655670286026,0.00269807652248372,0.000228650837017119,0.00587195647759406,0.268095767786867
0.00171331102285757,0.0207344978808831,0.0051181013653783,0.000437012582826012,0.00150508637028341,0.000190641726714635,0.00261716541796677,0.00202758213030299,0.0562944698512671,0.000549670910312876,0.00134127754494359,0.000494508118437249,0.0024990984033107,0.00335414848481575,0.00636476780935123,1.9015819328858,0.00376366453027558,0.00020810135878278,0.00119909793068589,0.000354594934927759,0.294158885889639,0.471039440166035,1.20133177571161,0.214088484094972,0.00301330901783158,0.00239019862561006,1.25173720010667,0.32647193413831,0.01157180788592,0.0443015312765125,0.000237606861665618,0.000147054310224468,0.00257867759299326,0.0321905547294557,0.016271589491513,0.0872595812338813,0.013754195471706,0.0211829404620622,0.0161650314889015,0.00976376277300368,0.00136238465083333,0.000761245140192634,1.16997559627749,0.178991715735842,0.175577662948212,0.276539918977615,0.0270151297998972,0.00843244705240483,0.00197337207843763,0.000777267386194506,0.120597616039443,0.00461543609231222,8.23893957070887e-05,0.0493462702408735,0.00135535968320503,0.0193354657947958,0.00744281417614614,0.016867346392937,0.00143132311402916,0.00133524368669842,0.00233487677733254,0.0316953895235652,0.008974781376597,0.027919891887994,0,0.009111765008522,0.00176984391818427,0.00335561664074858,0.000128839514981342,1.32723604658506,1.27300079963458,0.873958016083697,0.491487650656063,0.0167671827022188,0.00941273276571389,1.28076946215276,0.860185870789814,0.0152542055680201,0.103876991713957,0.000321204937807017,0.000448163532368436,0.00173394391748743,0.0606985843230454,0.10740711445223
5.84439323086798e-05,0.00723189389372643,0.0293948811352481,0,0,0,0.00013455344769645,0,0.000168815479774654,0,0.000407307488967585,0,0.000371487906695894,0,0,0.00158982813984741,0.00929837738041273,0.000302109940009257,0.00445067653593798,0,0.00145137947648927,0.00561183914486802,0.00988620347009831,0.000520991811780601,0.00139156500175022,0.0474070485130162,0.367303995012998,0.000652639283663121,0.000107344113827014,0.000400048904303652,9.81337962179478e-05,2.95762379411131e-05,6.98734245445311e-05,0.00264622083021104,0.00215603312020118,0.00913179306714631,0.00281248285778803,0.00151625097466423,0.00332593275733693,0.000148106987745237,0.000146239786719489,0,0.347730040630466,0.164445493823273,0.126241432582202,0.199604887139467,0.00437343198534869,0.00750336668612085,0,0.00488815636058195,0.00707373154805925,1.40965788413013,0.00154578458255105,0.00126618095879228,0.00215870759640903,0.105576935713905,0.0294579435429274,0.000669414552170339,0.00872813526755466,0.143603305491974,0.00458604627338552,0.00608495300298117,0.0530140706967329,0.00323448045068677,0.009111765008522,0,0.128697790024398,1.00735013343722,0.00174712646322043,0.257207842278591,0.00291605613944629,1.54698792981813,0.00740447266555485,0.000216425250660106,2.13464584459805,2.49568348825411,0.177891737405563,0.0437074843414764,0.334861211827121,0.000716486940092718,0.00406104191194137,0.0019533644194395,0.256342130575184,0.0267077896978524
0,0.00266911249798258,0.00079904174836371,3.71442746055067e-05,0.000152423868844855,0,0,0,0.000746910271220481,0,0.00653713750825121,0.00145473402458985,0.0167891840554184,0.000148755138096321,0.000106954238236952,4.04748208674193e-05,0.00015298202069318,0.00151230690577114,0.00180489673273413,0,0,0.000216573705711954,0.000201921142257467,0,0.00846389513422332,0.0482446527670609,0.0737250457738145,0,5.95965473399579e-05,0,0.00870688566898488,0,0,0.00248693705511835,0.00247740610961235,0.000816524315809053,0.00262926206319285,0.000957210477306326,0.000357203641707862,0.000102510951757395,0,6.32418211005986e-05,0.284573584177486,0.132192004622781,0.259046184580642,0.110818337465689,0.00813595292807314,0.00826718696667069,0.00518908303964048,0.000709229068124586,0.000842392487874311,0.0134404702195241,0.0194922243853753,0.00638961357022719,0.0197259840531322,0.0207330960960378,0.0338100325200762,0.00106556000349488,0.0759659961584651,0.988718903204838,0.0712992559242546,0.0198652338614557,0.0455207672262634,0.00139305974691734,0.00176984391818427,0.128697790024398,0,0.83242019856267,0.0242081988682233,0.0213381752108939,0.000239503050818414,0.0500161405155286,0.00781515417006375,0.00306289365070669,0.820358013331557,0.176027547442108,0.0610989231576819,0.147381207004002,0.0197075069574297,0.0182900801643074,0.0981428788777953,0.000508819220553768,0.300381464250305,0.0144377209617619
0,0.0062146037775273,0.00338405183980072,0.000117425797595671,0,0,0,0,0.000239711129587838,0,0.00148158158270875,0.00027063097212381,0.00275271985466278,0,0,0.000178281409864411,0.00168642064359928,0.00152953257220245,0.00518861717673395,0,0.000195386749487934,0.00103117651875611,0.000687641411597463,0,0.00669961101537599,0.0812063235923392,0.16176662760812,0,0.000227773167631257,0,0.00109968216643986,0,0,0.00103044484097357,0.00142406575076057,0.00264004074021505,0.00240705787731254,0.00106382604043273,0.00127334447345145,0.000242058184048558,0,0.000165355269357073,0.206495124917528,0.117659494068485,0.130016405926722,0.10660944482404,0.00157217621677118,0.00303692768180056,0.000544485797882301,0.000282908425175983,0.00379886309628126,0.0946542250135157,0.00427035631900247,0.000511845417304001,0.00429467295359951,0.0153387483689262,0.00549794248518638,0.000745149623381484,0.0182240710822688,0.253417667517382,0.013435435188951,0.00603738486282654,0.0107957799835954,0.00101202577833422,0.00335561664074858,1.00735013343722,0.83242019856267,0,0.00560756394872608,0.0364751395901888,0.000431380400967324,0.136514171022817,0.00288942058508819,0.00106887241732956,1.48783350775218,0.763940043666881,0.0383245196793755,0.0186796675128159,0.0388398787063465,0.00246286638191303,0.00636173851134136,0.000275087412488916,0.279953879016667,0.0107575761472408
0,0,0,0.0497125085490799,0.00232750963308824,0.000480479150897706,0.00174071255477478,0.00144613827541558,0.0106709611109901,0.00968772435676882,0,0.102371678378465,0,0.000675810333353221,0.00306180800067619,4.07126082063854e-05,0,7.77829380402803e-05,9.86677189912614e-05,0.0412274683088531,4.14215830125361e-05,4.65456618273199e-05,0,0.0141730985239423,2.85128415787816e-05,0.000101501650555718,0.000168365200633204,0.0327667198608683,0.00147617937693976,0,5.03488338591755e-05,0.000100174270119262,0,0.00198474331812066,0.000239322077729517,0.00373872926668524,4.67057033504009e-05,0.000340135098878425,0.000100747613233525,0.0118082703905297,0,0.000102858199875403,0.0512276186630291,0.00158197901957413,0.0352230028082776,0.00184138876415216,0.0410256145525001,0.019233541394265,0.00147691359305554,0.000244354180052471,0.000141819089598155,0.000332045412785441,3.36237050748516,0.0133520419379677,0.0893831355592015,0.00609227085243255,0.102353978797731,0.0162123408533422,1.03133165301742,0.0157252729123933,1.90417145440621,0.0109460419542829,0.111772611352248,0.0242631694413933,0.000128839514981342,0.00174712646322043,0.0242081988682233,0.00560756394872608,0,0.000183275710905355,0.000204462597409135,0.00171233279880796,0.091344265321006,0.000286206644485953,0.0429488636725852,0.0106880951676064,0.413513264791383,0.0826746938348553,0.00204604105742706,0.00411937335193161,0.0194581941240375,9.44733027868271e-05,0.0340177935304626,0.00257924698271161
0.000159739087002677,0.00115530942423495,0.00278449013437477,0.000205660964412177,0.000894801472236268,0.000171203429030317,0.00133996191624116,0.00107080452790008,0.01088489668798,0.000140676534939492,0.000225132035774428,3.99476712864489e-05,0.000580505642509684,0.000916473113249773,0.00291870773192156,0.194763582455763,0.00161255605026523,0.000120985377432904,0,7.42968485019744e-05,0.0767216873003032,0.0228183870619928,0.0919920342119909,0.0555798507371,0.000325027171869325,0.00169580486673055,0.0511782284669962,0.116803578009936,0.0046206988860029,0.0190674351475297,0,0,0.0010679165037572,0.0140853500379799,0.0153242662249819,0.0232928438662319,0.00253984637517287,0.00279114434525254,0.00303336109120572,0.00495536656486428,0.000378468630375427,0.000491307473896271,0.927562439841528,0.112946102785137,0.837205708820098,0.617467896523565,0.0389075101293407,0.0116762501761609,0.000521935255758673,0.00620478782600326,0.00879449982986431,0.13727684155203,0.000283263435480868,0.0716857154807099,0.00361918077953022,0.310861635812175,0.0755901807383328,0.00271106029839064,0.00698843317340339,0.0136955606582874,0.00294177160610721,0.0151735803087463,0.0870663893498958,0.0375607147902145,1.32723604658506,0.257207842278591,0.0213381752108939,0.0364751395901888,0.000183275710905355,0,0.0446755860914126,5.40201184214972,0.0379493931959355,0.00142781988364039,0.0841771093737502,0.184583911344711,1.40223203081777,0.0690254117711371,3.23890470702643,0.000345750416185382,0.00155517772729099,0.0113650576641004,1.15818270594498,0.113214669000058
3.17788578839064e-05,0.0400590407423126,0.00914868497761746,0.000272204545061672,0.000569360213777489,4.97698408231258e-05,0.000695416917624727,0.000324435252184069,0.0394148456540945,0.000143026220693767,0.00300588158365406,0.00071199985639039,0.00484673963732847,0.000260327931753084,0.00140886911894653,0.219119890896545,0.00225404302096787,4.26841184600025e-05,9.56711455969422e-05,0,0.0244458612401122,0.289617345271563,0.0637807758961859,0.0701416797013035,0.00875895250513533,0.00292981130010436,0.320404211749315,0.0451427776307557,0.00134547037565809,0.0031480041783743,0.000262132066947115,0,6.25860376741946e-05,0.00390581873150527,0.000371292155498045,0.0128597683739261,0.0054039119369194,0.00240562066167352,0.00159231044124758,0.00135432638532914,0.000233152388960659,4.57867337593019e-05,0.0130500098883793,0.00334628350447866,0.00426396338989391,0.00178799589290764,0.0614745294674435,0.000657578572851348,0.00326059538076206,0,0.172295155536208,0.00195369540466565,0.000515575718772408,0.0210559630378711,0.000802531543403736,0.000477330817195648,0.00046317560953896,0.760652271898937,0.000301817246689051,0.000960575253624549,0.00694156720387579,0.0487549978280095,0.000413318814663619,0.0329551510789239,1.27300079963458,0.00291605613944629,0.000239503050818414,0.000431380400967324,0.000204462597409135,0.0446755860914126,0,0.0196368887606084,1.71614320370804,0.0452747492914319,0.00239517862754594,1.22392752740676,0.0657421483050888,0.00116904265658598,0.00187194041925761,0.000328820856783885,0.000358378360637904,0,0.00170076449615366,0.000554955123611062
0.000975033650080004,0.0151371988097333,0.0750734909340003,0,0.00073663537200498,0,0.00118590531941583,0.000442506426814553,0.00550941022543023,0,0.000319695644349521,0.000263418353756827,0.000462980070084068,0.00173396134496556,0.00137654687441208,0.358132433509813,0.016328121295847,0.000471447043390191,0.00386542968073707,0.000105455046467769,0.081734577343102,0.0871347067813323,0.502522804225153,0.0277388544653905,0.000653683189344627,0.0158427989418738,1.30271003157526,0.0523012140224734,0.00122162370792155,0.0059127186233231,0,0.000199749571062189,0.000327525297182062,0.0145973519578592,0.0520916240384113,0.0523560734409207,0.0126495953336872,0.0136666360773673,0.0181321106622458,0.00190664520069119,0.000158376722498411,0.000149324075924218,3.32656764433911,0.5361100434827,1.91167319735439,1.89149621388516,0.0901651686156893,0.0526872852061971,0.00130206854153945,0.0167166904951387,0.00599427694084121,2.97867582340921,0.00119239588010247,0.0963284921020967,0.0141475472303743,0.515951123931527,0.197468425170161,0.00109122578544597,0.0220590385060344,0.0556448954926572,0.0124895269334531,0.0373773697670603,0.298468819790684,0.0661572942032348,0.873958016083697,1.54698792981813,0.0500161405155286,0.136514171022817,0.00171233279880796,5.40201184214972,0.0196368887606084,0,0.0691364383067023,0.00118589316098039,0.638462625972498,3.06022626566455,1.60520742327033,0.17561220353073,1.4699313686065,0.000949050709459551,0.00594696865060862,0.00585455082448617,1.26145899075465,0.38398770850274
0.000797705492798743,0.00591436556777725,0.00175347514708911,0.135112341347486,0.0273195736043304,0.00980531952032429,0.191955589250997,0.0491964380335008,0.636283303815301,0.0657953558392737,0.0107421339865588,0.143676530025087,0.0108747137445985,0.0384998355116574,0.0965166514344509,0.229584393990994,0.00126324807096516,0.000509095188762725,0.000594940247578314,0.0806849031198565,0.0750565518255079,0.105037315725241,0.0827727107102284,1.97314909989744,0.0115796356717994,0.00227003613681999,0.0808852037519602,2.73033246771141,0.0692863632910584,0.0692981146119287,0.000753664628769487,0.00646607268098109,0.00286769635951926,0.140034758570396,0.0189814505888399,0.517880466401881,0.00984538388005478,0.0426216450824918,0.030430431685044,0.265624077629275,0.021009334403792,0.00609194680049708,0.698123644846264,0.0391980906835016,0.144779236949974,0.0911360066604475,0.279892463383014,0.0684053265750513,0.00914775159659426,0.00262503792808994,0.183230083027875,0.00360986291973988,0.169785460268189,0.175560025067308,0.0457900563161406,0.0298787013756575,0.0631400446748247,2.88934981971194,0.0633831202631164,0.00875087417569504,0.236199094963129,0.120416732050432,0.0410127919491335,0.248248514558769,0.491487650656063,0.00740447266555485,0.00781515417006375,0.00288942058508819,0.091344265321006,0.0379493931959355,1.71614320370804,0.0691364383067023,0,0.0633138540089143,0.0178127561809865,0.560683295433101,1.7145748152448,0.106356705509334,0.0422264051550807,0.00150540669864153,0.0144182593129612,0.00965705255302951,0.106239450725162,0.061651249133571
0,0.0104808376096655,7.46196377263963e-05,0,0,0,0,0.000208099112241668,0.00203122410655444,0.000111637744517231,0.0209283618783246,0,0.0607018479378755,0,0,0.000402634670542094,0.000169016904134369,0.00102367358272159,0.000608527552881801,0,3.46213547091335e-05,0.00138897194329098,0.000111381349620498,0.000688176018662035,0.111485517662295,0.0434423560445717,0.135527665938611,0.000298178304559225,0.000299254216996008,0,0.0166469463035172,0.000136873807051397,0,0.0125856424216421,5.50223004246891e-05,0.00154857670779297,0.0111195665922222,0.00116369387459753,0.000850651026063109,0,0,0.000189496775745451,0.00731749381359093,0.0203968829518248,0.0147291133100094,0.00252292480777682,0.0173347330947292,4.19684737507552e-05,0.0156859460430476,0,0.289449753007602,7.26413749382853e-05,6.44369887192279e-05,0.00332472070450872,0.00042895491381723,0.000124202075705028,0.000793917225405166,0.0896535370174545,0.000752122476420429,0.0172523871037458,0.00177474051534466,0.494361092727817,0.000390579705109242,0.00844883809266154,0.0167671827022188,0.000216425250660106,0.00306289365070669,0.00106887241732956,0.000286206644485953,0.00142781988364039,0.0452747492914319,0.00118589316098039,0.0633138540089143,0,0.0784485385363145,1.32393496297132,0.00346747252440785,0.0010552204916912,2.90804805444032e-05,0.0228809065762278,0.000865514268593803,0,0.00227315552112847,0.000165396863936663
0,0.0393493411632654,0.0181329603557392,0.000204479012652644,0.000174910707325667,0,0,0.000240387730961886,0.00290706478212878,0,0.0738280076554356,0.00260180371444334,0.186813243730377,3.75562489298701e-05,0.000131858731960738,0.000821096943665382,0.0283258177877463,0.0287418121605726,0.0467406773294333,0,0.00097396841904243,0.00721455727915094,0.00407181200562718,0.00079154608647438,0.157888746097551,0.797595371851647,2.03698942912216,0.000317557076650751,0.00192753861920541,0.000196673706386633,0.084292949791156,0.000285886762853822,0,0.0198821804739118,0.0191950345124256,0.035224382657069,0.0462151216668002,0.0145563567283252,0.0153249220807108,0.000558973341272023,0.000368416267841637,0.00228183083142713,1.87759864262322,1.06667573263218,0.999697929084903,0.764618413192731,0.0232230855730461,0.0330972675434274,0.0253697896523959,0.00182464347534876,0.0181439135967526,3.28343038774295,0.0336751629014138,0.0112401100078802,0.028037789198418,0.0536565840991588,0.0556046852575238,0.00443208971606883,0.132124753051156,0.342168037787887,0.132142331499427,0.0892907894700433,0.0688259247794153,0.00536779627860468,0.00941273276571389,2.13464584459805,0.820358013331557,1.48783350775218,0.0429488636725852,0.0841771093737502,0.00239517862754594,0.638462625972498,0.0178127561809865,0.0784485385363145,0,2.42233319844583,0.152561508300231,0.182264508781296,0.0750696362464568,0.181409085704246,0.130998238936185,0.000791201208844581,0.423762359269911,0.106495828969087
0.0020254931104558,0.570683767763099,0.571392915857619,6.36152194736034e-05,0.00100491100328826,0,0.00517150319696496,0.00110274815408122,0.0104133609991762,0,0.095247421315127,0.000842884400328818,0.27650670683683,0.00500835371078386,0.00158606573091671,0.211213657784634,0.197862239613009,0.0462727450912831,0.160274973997896,0,0.116843526422323,0.655500074578745,0.780502146309866,0.0368186751983002,0.462891653179822,2.36186989897248,15.4068077958658,0.0716009425526536,0.00489968867984499,0.00716329515790034,0.104973775651277,0.000522839436911896,0.000232621477068884,0.100473165258939,0.03752204603605,0.326960869293196,0.187028882714888,0.0945725835481549,0.099386579859095,0.0023765931685126,0.00135195276487421,0.00284083533764707,3.87975193754221,1.51872191874294,1.58187128170621,1.45326880706566,0.0749806542751476,0.0544088028902194,0.0186142114388211,0.00253096365490266,2.00515241121451,2.09017279812167,0.00778635761358252,0.0226234949104799,0.00508768933151188,0.0629772034760578,0.0179369867219168,0.218643259063502,0.0302137836523902,0.0696453217654207,0.0351494057547499,0.551984110816672,0.0341616613984175,0.0429030606578584,1.28076946215276,2.49568348825411,0.176027547442108,0.763940043666881,0.0106880951676064,0.184583911344711,1.22392752740676,3.06022626566455,0.560683295433101,1.32393496297132,2.42233319844583,0,0.32527466321493,0.0405070345136398,0.144239399653646,0.114140668026045,0.0163617352563322,0.000924712282122609,0.810622501793002,0.264708336795468
0.000831771187512624,0.00181048682938931,0.00697698592574605,0.163590150266032,0.0245191887887555,0.00392608687048983,0.180304484410678,0.0210091780806818,0.304427429320136,0.0677866928975828,0.0110968742701143,0.155669800238372,0.011315827179065,0.0206623930290248,0.0800072388813858,0.160990774460872,0.00195401211790013,5.70490420206726e-05,0.000399943864304364,0.100770916929847,0.066811089172202,0.0394945224314572,0.0663439932967768,1.18968603165549,0.00285082724756708,0.000924180450956532,0.0934555883403271,2.01795975621847,0.036474646680993,0.0542171522961179,0.000440387884318459,0.00247943999882419,0.00275318654130105,0.145078927148297,0.0380318322763524,0.336138580749157,0.0093639207389853,0.0341331796339908,0.0237567433991132,0.274456572661545,0.0170778258575102,0.00595641834879328,1.95059410909821,0.12293616542087,1.12822573082402,0.711177530087783,0.280184159207979,0.218329746977086,0.010029863809299,0.0268986169398006,0.0088640503386551,0.17718373428267,0.476975707361244,0.236015417002583,0.667440215584664,4.17810491512987,1.43690898577586,0.425630461654433,1.24542350358782,0.0417569014110687,0.701626606047767,0.137899103690352,0.621947304125438,0.292751756794251,0.860185870789814,0.177891737405563,0.0610989231576819,0.0383245196793755,0.413513264791383,1.40223203081777,0.0657421483050888,1.60520742327033,1.7145748152448,0.00346747252440785,0.152561508300231,0.32527466321493,0,1.24501253859048,1.75842230350681,0.00529619072696435,0.0668716566694465,0.136874772519224,1.20253380030307,0.251398607245709
0,8.24138494362116e-05,0.000102804747690308,0.00147716525472255,5.47466369190097e-05,0,0.00210204752619751,0.000108205401538372,0.00773830985497596,0.000257781399934947,0.000279137840901417,0.00663204042716572,0.000876041983733648,4.49503904009878e-05,0.00120129355923782,0.00917233080149386,7.92566690101862e-05,2.82773498433203e-05,0,0.000679398834179491,0.00461506002132996,0.000299383517057082,0.00266018895521989,0.0201201673522089,0.000798741006228966,0.00104610392198454,0.00307811723584963,0.0320932778363205,0.000165184811113477,0.00067830617855584,0,0,0.00012119712038835,0.00851233468185324,0.000874147085696434,0.00469710351426148,0.000451018700201985,0.000185409666739267,0.000215131999572944,0.00673460514097595,0,3.76323033843428e-05,0.174763357016867,0.0119868872735379,0.164118626328823,0.0587036597245001,0.0254654953559926,0.0122799090354722,0.00153808403094779,0.42567272038646,0.000225040015384668,0.0185580637762328,0.0862246570481521,0.0111037387624047,0.042115440678277,1.37285300187312,0.144103047415974,0.0129316938795011,0.317842633727241,0.314171400084012,0.19719484896198,0.0547009559456921,0.648098461517298,0.0143295885676453,0.0152542055680201,0.0437074843414764,0.147381207004002,0.0186796675128159,0.0826746938348553,0.0690254117711371,0.00116904265658598,0.17561220353073,0.106356705509334,0.0010552204916912,0.182264508781296,0.0405070345136398,1.24501253859048,0,1.59408837786016,0.0432845554488327,0.01023041038601,0.802956493429369,0.667433455987768,0.0111713511750131
0,0.000249985801566998,0.000833662620195615,4.93359898363412e-05,0.000475487682564348,0.000333011466779584,0.000880237988010244,0.000985573818029635,0.00303550155167993,0.000164259582194037,5.34377349287629e-05,5.54747899560153e-05,0,0.000503744377140588,0.00149054021541073,0.0419289990409287,0.000228659650172082,0,0,4.02762395442158e-05,0.0237647137448108,0.00282061480209402,0.0129555726567796,0.0380556503143896,0.000129369001481515,0.00192581838328414,0.0135693782488448,0.106312475752513,0.00195443427912644,0.00402103980980421,0,3.74386902738988e-05,0.000383659588977358,0.023182685073956,0.00549264448019156,0.0242710647629466,0.00144936280301259,0.00235710104938413,0.00178421713845367,0.00793815849075452,0.000720077661637789,9.01908324997012e-05,0.227086371035318,0.0363101843652481,0.446602898724968,0.196921505978337,0.0205597544143409,0.0114912908350432,0.00118002908185202,0.306276840918999,0.000609666337482965,0.0292222616287231,0.00140279310061314,0.0282973276698017,0.0106192028178947,0.47104895479184,0.142647500874273,0.00277465345786341,0.0100704685009006,0.0211181694255907,0.00633051577825432,0.0135246854101802,0.471183599531737,0.0210896401971729,0.103876991713957,0.334861211827121,0.0197075069574297,0.0388398787063465,0.00204604105742706,3.23890470702643,0.00187194041925761,1.4699313686065,0.0422264051550807,2.90804805444032e-05,0.0750696362464568,0.144239399653646,1.75842230350681,1.59408837786016,0,0.000583405294439494,0.00530641198290966,0.212890410149346,1.52476867671239,0.0282364683236267
0,0.00552235133513163,0,7.62627010871112e-05,0,0,0,5.14490967358351e-05,0.00226783638831825,0,0.0946314205812604,0.000370912570099172,0.215969342611067,0,0,0.000110565986890391,0.000124958679764998,0.00553520917304245,0.00216901566438383,0,0,0.00150721876128524,0,3.56850170412749e-05,0.0353651492499026,0.0654066168492452,0.125013177237268,7.58300275977373e-05,7.90706967217565e-05,0,0.0547039840636224,0.000304086000154185,0,0.0163412538328002,0.000608506094540828,0.00266156137493231,0.0376779723631966,0.00376638015950149,0.00124001084127256,0.00010241130862124,0,0.00125869668712462,0.11947370793282,0.209553214735146,0.0944323965629283,0.0323534067606823,0.00314764770136212,0.0041434320487488,0.059126459020126,5.37459190537214e-05,0.00292999166895117,9.16722068738522e-05,0.00167854008207934,0.0043885581506565,0.00600191769313518,0.00290366393462343,0.0097917297541545,0.00141979897527446,0.0108037070691742,0.170509902672582,0.0133435292462589,0.131961337290462,0.00820647004603776,0.000609655670286026,0.000321204937807017,0.000716486940092718,0.0182900801643074,0.00246286638191303,0.00411937335193161,0.000345750416185382,0.000328820856783885,0.000949050709459551,0.00150540669864153,0.0228809065762278,0.181409085704246,0.114140668026045,0.00529619072696435,0.0432845554488327,0.000583405294439494,0,0.0499810662555489,0,0.0342249300437354,0.00593220243024945
0,5.66781148428917e-05,0,5.91413361369848e-05,5.7798622411877e-05,0,0,0,0.00261768662066937,0,0.00018312502222355,0.0016031521841015,0.000619629943567187,0,0.000272921000591505,0.00039651645855149,0,3.7776347985363e-05,0,5.63687067403615e-05,0.00045349827476604,0,0.000259238410958067,0.00324665699530951,0.000453447864449257,0.000510842902205822,0.0015242052588839,0.000853879840163854,4.05393095085084e-05,0,0.000178580698203009,0,0,0.00549388450374773,0.000153962336350042,0.000341704271694383,9.59597564096779e-05,6.67646919396043e-05,0,0.00177997847830047,4.79935963078975e-05,0.000108185952173245,0.110178442561863,0.00458009955769544,0.0450578782056502,0.00401655845349061,0.0477987120605942,0.215656986558555,0.00390644276898174,0.00075997265024403,0.000412626722484818,0.000998416480167908,0.0192079473828469,0.0109886230288084,0.0179100655934498,0.0232661842041637,0.0732704034983404,0.00352079969594486,0.0711500879984311,0.418801995710738,0.0716047380283454,0.0934658413577164,0.0316304765547578,0.00269807652248372,0.000448163532368436,0.00406104191194137,0.0981428788777953,0.00636173851134136,0.0194581941240375,0.00155517772729099,0.000358378360637904,0.00594696865060862,0.0144182593129612,0.000865514268593803,0.130998238936185,0.0163617352563322,0.0668716566694465,0.01023041038601,0.00530641198290966,0.0499810662555489,0,0,0.520292073914863,0.00249121053149433
0,0,3.82256820302069e-05,0,0,0,0,0,6.29815167058826e-05,0,0,0.000131740868601489,0,0,0.000187511690702606,0.000210407518448556,0,0,0,0,0.000275316820487756,0,0.000145695230318242,0.000406739460085059,0,0,0.000321907444124102,0.00115680729906624,0,0,0,0,0,4.62799089248479e-05,0,0.000125998998727417,0,0,0.00014770780579406,0.000362296083026424,0,0,0.00332299001055122,0.000342388240173942,0.0129237793745524,0.00257929451384065,0.000201369422746972,0.000511979915396407,0,0.00222329215705704,0,0.000729192800788382,0.000181758236939532,0.000381196266976249,0.000197073372506154,0.0123064412799259,0.00191988489119985,8.76989845909235e-05,0.00062324720528416,0.000200324907658911,0.000130526675103643,0.000344498728691035,0.00475413466142018,0.000228650837017119,0.00173394391748743,0.0019533644194395,0.000508819220553768,0.000275087412488916,9.44733027868271e-05,0.0113650576641004,0,0.00585455082448617,0.00965705255302951,0,0.000791201208844581,0.000924712282122609,0.136874772519224,0.802956493429369,0.212890410149346,0,0,0,0.0463776775600102,0.00043576551752545
0,0.00472876082136003,0.0109319422697608,0.00285263360347991,0.00045617774500896,0,0.00441225545131113,0.000109693657558575,0.00708750509162098,0.00052798845233303,0.000802418387451899,0.00626283533418365,0.00277342062582102,0.000196383467477149,0.00131733840284707,0.00439179808642687,0.00431833336449972,0.000526908945430466,0.00271599077958837,0.00212417383872767,0.00146587748049744,0.00240206091915573,0.00486287979316975,0.0226280718687378,0.00388863060813286,0.0331148734046642,0.165895084956203,0.0382366283172718,0.000630261766520867,0.000446400932362679,0.00135014510235241,0.00019039435929805,0,0.00388488520319438,0.00119953974656471,0.00877363399990781,0.00215255873075227,0.000787177684698579,0.00110061630663905,0.00655806155202705,0.000131178869228729,9.75906342215297e-05,0.157202005383677,0.066770097850875,0.123458265873577,0.0672207904875834,0.00973098213079302,0.056398784506986,0.00424393720080495,0.0178247331746583,0.00724393783044998,0.0990081692850231,0.0369797627264167,0.157999423796926,0.0245641681634101,0.231175245086881,0.0861607547465466,0.00991041956423385,0.121071263492386,0.499986383489487,0.0856407752184447,0.140142070643899,0.140493338614119,0.00587195647759406,0.0606985843230454,0.256342130575184,0.300381464250305,0.279953879016667,0.0340177935304626,1.15818270594498,0.00170076449615366,1.26145899075465,0.106239450725162,0.00227315552112847,0.423762359269911,0.810622501793002,1.20253380030307,0.667433455987768,1.52476867671239,0.0342249300437354,0.520292073914863,0.0463776775600102,0,0.0101726416864928
0.000518640672230181,0.000597308045101973,0.0171268732675206,0.00119167090579202,0.224989723057774,0.0448097548615504,0.00876537730026757,0.0195152702278407,0.00306354080431655,0.0672887700056675,0.00618491893094343,0.1319859526027,0.00148376324784565,0.0014423159277351,0.0586468558343417,0.0115879171479477,0.0196359129535271,0.0095423808908909,0.0215708210693895,0.00143811867624085,0.0479425200672662,0.00234310057160102,0.126979544768361,0.0100691470027867,0.000318466445506382,0.0774884665698727,0.137640661215998,0.0522316799237616,0.00304013625895568,0.00937696548136995,0.00161324796168785,0.00211469317184466,9.70739710813162e-05,0.025155540752641,24.3466840720709,0.12910267111727,0.137073325858788,0.0148879968289427,0.22025177823174,0.00892040265855643,0.00717104095148471,0.00114893838857331,0.749604573384759,0.200905364644439,0.0827945052602808,0.57363501109124,0.0163422999592005,0.0326963119015617,0.000360542647359067,0.00123310667300034,0.000509993082183063,0.0265052928187524,0.00730621631406362,0.0888375882706433,0.145045409253267,0.0258729450200258,0.0139790240849897,0.00560110266666749,0.0221391649066519,0.00463680860508545,0.490155276342052,0.012761428613786,0.00757933927353669,0.268095767786867,0.10740711445223,0.0267077896978524,0.0144377209617619,0.0107575761472408,0.00257924698271161,0.113214669000058,0.000554955123611062,0.38398770850274,0.061651249133571,0.000165396863936663,0.106495828969087,0.264708336795468,0.251398607245709,0.0111713511750131,0.0282364683236267,0.00593220243024945,0.00249121053149433,0.00043576551752545,0.0101726416864928,0
