0,0.471320450305939,615.770209640265,2.22541174292564,2.62119102478027,24.3052453696728,5350.91450574994,1287.66879054904,54.4045038819313,160.402617156506,9.68709552288055,21.4288158118725,5.78728204965591,10125.4440321028,39.536140859127,3.85319542884827,454.630382061005,17.5257499814034,160.388532161713,23.2868431508541,438.285111486912,0.324787527322769,914.688917458057,51.7093647420406,0.370118856430054,245.660400301218,295.676691919565,195.228522032499,10161.6706374288,4628.25721135736,0,6.709303855896,117.674820065498,289.152308791876,81.8116436004639,353.677740037441,32.2191172838211,111.803644120693,40.5739793181419,23.0470751821995,32.0545661449432,2.96991294622421,15.6490890681744,0,0,1.04348683357239,9.02170395851135,1.7543506026268,0,0,1.03536736965179,0.421660304069519,4.15369409322739,0,0,6.71981024742126,0,0.574263989925385,0,0,1.08892494440079,9.8892325758934,1.79135006666183,0,5.07010540366173,2.35003900527954,0,0.328164339065552,0,5.16474682092667,11.9832853674889,3.37881019711494,48.9524799287319,0,0.381440073251724,40.2193641066551,14.3565458655357,0.458274930715561,3.52601152658463,0,0,0,10.8043112456799,24.5340197086334
0.471320450305939,0,219.429670184851,1.52915835380554,4.03338956832886,0.883011937141418,15.5155253410339,9.50168150663376,1373.23565390706,6.36266681551933,355.790214091539,7.02101454138756,597.081478565931,14.0075269639492,33.2572432160378,2064.78160336614,443.387805134058,7.93036252260208,86.6602270901203,3.62010768055916,95.998965293169,4340.19281303883,247.060069710016,4551.82226592302,821.54560571909,271.573868751526,33368.3145745099,251.397385686636,24.6104443669319,10.6980721354485,54.8423899710178,3.02013498544693,1.52152228355408,304.66889500618,57.3734065294266,867.71915024519,210.226416945457,262.36545163393,226.69697624445,44.60350471735,3.28723925352097,273.938258945942,217.996762543917,54.3573579192162,75.6487246751785,40.4892069399357,9.31893891096115,3.74408942461014,4.68805468082428,0.400963753461838,629.98687851429,56.9412914216518,0.391277641057968,0,0.61298543214798,3.58933213353157,1.07324665784836,11.3951449394226,2.39241975545883,45.2553033828735,2.51882934570312,141.337023466825,10.6772569417953,2.95148926973343,107.480009704828,132.682630062103,22.4741679430008,180.227656126022,0.449931979179382,13.086963057518,70.1541567146778,42.1691644787788,81.2858575880527,89.2297363877296,568.342938035727,6245.4818688333,3.65530487895012,8.16223055124283,12.9167908728123,61.0713196992874,0,1.68183815479279,77.036530405283,87.159420222044
615.770209640265,219.429670184851,0,0.41828840970993,4.06634098291397,73.6464822590351,5291.85064271092,2615.71994023025,92.9520581364632,171.387913376093,27.5996409952641,45.8658126294613,2.75575345754623,3833.81950545311,20.0463077425957,25.5147639513016,15460.6583938599,13.4495390057564,1084.44779732823,19.7764472067356,5409.81197699904,9.92560189962387,69080.7018559873,35.9748194813728,0,22438.9513406754,35411.6956242621,271.592323929071,1565.79542925954,4294.43598851562,0,21.9481266736984,82.0148639976978,1804.48185119033,248.793306827545,3354.73153248429,3794.07802683115,1058.20367085934,1036.90529748797,36.2029169201851,45.5625635683537,15.6445494294167,892.679955810308,72.0777986645699,258.698912456632,97.461617410183,39.418090313673,15.2540644705296,0.607848286628723,9.20406752824783,197.70481467247,862.046288073063,0.845825850963593,2.45512926578522,1.20674169063568,67.0165270864964,10.1817864179611,3.4565321803093,0.685086607933044,10.3413816690445,2.2755708694458,13.1113168597221,44.6291948854923,5.7813481092453,105.485204905272,1098.28984081745,9.15474960207939,211.064731389284,0.957934081554413,44.3868125379086,59.131944835186,319.200918912888,97.910016477108,12.3102751970291,742.462979108095,8553.2516759634,26.8795015215874,13.3683364987373,84.4037509858608,1.44154119491577,0,1.30151602625847,476.336002528667,347.669932544231
2.22541174292564,1.52915835380554,0.41828840970993,0,344.095989644527,807.352715939283,144.618064552546,477.129450142384,8020.82759699225,8259.2418397963,59.0724206864834,9360.74252194166,7.96210184693336,264.889425963163,1727.57473069429,1.05634617805481,9.11992517113686,46.2978057563305,44.7964615523815,24971.3100883663,4.67339208722115,6.10166549682617,5.0066334605217,7139.34920105338,3.63328915834427,38.1924499571323,32.6266287267208,7066.15336921811,257.900963932276,19.9635367393494,3.19614359736443,61.588482350111,17.1176582872868,307.307794600725,224.645397424698,1774.44868460298,16.3594046235085,68.3543903529644,30.8115293085575,2355.98593598604,109.875996559858,22.1715332567692,1250.44665685296,0.723314642906189,133.497315913439,14.4235363602638,3596.34896051884,284.938636958599,0.90793764591217,2.06390339136124,1.48775279521942,0,2606.01362317801,44.3344463706017,78.7286953628063,248.924192994833,96.5204207897186,252.236592262983,646.687393248081,16.8708300590515,663.222502529621,36.5616148114204,182.859369456768,366.481674253941,7.0188375711441,0,1.16569751501083,0,420.685368925333,8.05606493353844,1142.00603371859,2.81957197189331,2409.11514732242,0,0,6.53608161211014,2179.14007696509,208.418233454227,8.67162346839905,0,1.76628226041794,3.26986509561539,337.176159024239,117.36006167531
2.62119102478027,4.03338956832886,4.06634098291397,344.095989644527,0,3211.3346106112,174.415267139673,335.018548101187,198.281325727701,290.103882670403,6.65814530849457,2678.00462886691,14.6066108942032,51.2059499323368,2819.73133456707,5.39446496963501,6.8459410071373,3.50177124142647,7.50656014680862,270.372732788324,25.8864711523056,16.9022449553013,34.523767888546,144.136319696903,1.90911448001862,5.4326559305191,14.2537575364113,198.943103134632,33.8719162642956,26.1437078714371,0.876841485500336,182.083816975355,3.15224787592888,4065.49667590857,341.599656254053,1187.95053353906,9.97905457019806,16.8877158761024,18.7706172466278,10142.2440123558,7126.8778013885,42.2695492208004,57.0260275006294,2.3382226228714,6.35995006561279,3.36037993431091,105.473951250315,5.96715635061264,0,0,0,0.851525723934174,41.0883632898331,0.695510804653168,0,12.0664346218109,0,7.47015154361725,6.08881765604019,0,19.8599202632904,49.1389398574829,0.613895773887634,12.3520502150059,20.1803212165833,0.506285429000854,0,0,4.19944134354591,17.7128512561321,12.2632373869419,10.1124857664108,84.2814659178257,0,1.51114654541016,2.76778888702393,51.3485197424889,5.54701721668243,10.6214894652367,1.59020531177521,0,0,21.443311393261,162.665422677994
24.3052453696728,0.883011937141418,73.6464822590351,807.352715939283,3211.3346106112,0,2853.13893768191,16411.9692984074,305.787032335997,10650.917342335,184.068971902132,10861.9733858258,45.2575054764748,1027.37063737214,3656.14524793625,4.99572688341141,49.7682554721832,107.484458550811,118.980822205544,1768.17913797498,49.224199950695,3.92341858148575,63.9524658620358,91.9699526131153,4.86506426334381,140.589389547706,95.5446624457836,720.264125317335,285.652698636055,79.6734703183174,7.283447265625,232.171398162842,5.10555836558342,507.414067804813,1522.09799903631,1615.12455323339,33.6534101366997,66.0905497968197,31.848328769207,4440.57508686185,1590.69108223915,56.534485578537,94.2785422503948,0,14.0681223273277,4.56146061420441,134.962341457605,12.5637222528458,2.14625853300095,2.03919285535812,0,0,49.1492759585381,0,0.560148954391479,32.3920869529247,2.2998251914978,5.36635431647301,6.00420725345612,2.2729834318161,24.0919705629349,65.9723660647869,1.464311003685,16.6962270140648,14.530540317297,0,1.43028748035431,0,5.48977339267731,14.4628669023514,66.6756465733051,9.4677839577198,214.404502809048,0.803735554218292,0,7.11268588900566,95.7587785124779,11.2917621135712,7.41082999110222,0,0,0,49.0462284684181,137.744262248278
5350.91450574994,15.5155253410339,5291.85064271092,144.618064552546,174.415267139673,2853.13893768191,0,21588.0563290119,3838.77464571595,50136.2470430732,314.171149253845,565.265749454498,44.6763220131397,25387.5345070064,1879.60938918591,9.3296163380146,355.288379013538,256.651916474104,387.433584719896,286.799159616232,5662.92922323942,67.7335315644741,2939.45989254117,14957.2571968436,9.62499493360519,1930.19857227802,2123.08806499839,70807.4591566026,6375.73253718019,10132.6959679723,12.4548817873001,194.925949782133,459.585157573223,2501.33976945281,1783.38734012842,7571.1004601717,289.730583369732,1030.59496277571,500.258701086044,1194.9244312048,681.709611207247,108.773642867804,1210.23172906041,9.43869686126709,170.55604583025,28.2832793593407,1024.0123372674,170.08801317215,0.580088138580322,12.1154916286469,10.4623643755913,13.1102689802647,583.823405593634,8.63700339198112,20.848525762558,367.097099751234,56.6850129663944,105.123087048531,184.250662505627,14.479014724493,141.139450460672,124.824448347092,95.2366386055946,79.0479339063168,147.152718007565,14.5827801823616,0,4.81120172142982,125.067200660706,41.0253210961819,774.312016755342,107.467261731625,1748.71348440647,1.24488377571106,23.8616621792316,590.716717898846,1035.18378800154,207.18220898509,48.5709165632725,0,4.9414347410202,3.82609698176384,342.145651191473,536.29774326086
1287.66879054904,9.50168150663376,2615.71994023025,477.129450142384,335.018548101187,16411.9692984074,21588.0563290119,0,1391.68552523851,21805.5601342767,1069.41490921378,6085.39118984342,147.416255056858,41795.3037128896,668.482621878386,25.1386037170887,1343.65088954568,706.641204327345,1168.63277152181,2494.13571691513,2011.57373663783,14.5059114992619,2008.1459966898,695.688020199537,25.6306219398975,1898.43514938653,1371.48144154251,2015.98113782704,5226.56220686436,2461.39402452111,51.1461244523525,860.100566402078,195.219411581755,2260.10073831677,532.356397271156,5234.52648353577,288.87214744091,355.575524002314,194.988838732243,2352.90404851735,747.401403367519,163.430036008358,735.937634497881,3.64904853701591,132.097261369228,13.4216233491898,814.292333602905,79.2003900408745,1.55683791637421,8.91652950644493,3.2521847486496,7.1582265496254,217.289401590824,1.97381171584129,0,258.885619312525,6.66107434034348,39.0542227327824,52.5255818665028,7.36357280611992,86.9154503941536,181.86867916584,12.4851765632629,64.4082221388817,59.4355048835278,5.63484305143356,0.54296088218689,0.859758317470551,47.129316419363,37.1818312108517,565.744934201241,39.3499002158642,1546.03729215264,2.86720663309097,11.56188377738,186.892430752516,654.033975824714,73.4771583378315,52.298678278923,1.07983243465424,0.752319991588593,8.13478711247444,216.354722887278,166.841151326895
54.4045038819313,1373.23565390706,92.9520581364632,8020.82759699225,198.281325727701,305.787032335997,3838.77464571595,1391.68552523851,0,1995.67022383213,737.254024296999,1275.82392337918,911.155040442944,867.967896193266,2228.85359635949,959.169408291578,137.499076575041,218.311650007963,219.834283918142,1027.89520224929,714.18317219615,12775.6519674659,465.316945075989,29554.7187489867,1063.74916440248,357.89018291235,5796.37605306506,9068.45677933097,519.644451797009,397.401334047318,148.854091405869,102.866290956736,60.3516919314861,990.864623367786,323.104791551828,3629.86772504449,181.614345550537,261.91071715951,91.1839501261711,1946.1033937037,224.648376077414,237.992807418108,2307.21315979958,32.9586398601532,312.599384367466,66.9668532013893,2552.01538535953,347.433470219374,2.74218744039536,31.5521020293236,606.005885928869,53.069318562746,3273.54201894999,15.7377268373966,143.158964663744,646.448086470366,254.496216386557,665.779353916645,931.202160805464,215.875621527433,665.075864553452,212.695483356714,492.653279036283,276.720354437828,3108.5231051445,71.2890586555004,133.771219104528,63.1399343907833,574.070778101683,1176.4355044663,7607.9218378365,937.928834110498,7891.92624083161,31.0118913650513,185.365543097258,4523.36659806967,3990.99498647451,594.12502399087,534.260240018368,24.9924079179764,7.58781498670578,23.1077469885349,670.111513853073,557.993962138891
160.402617156506,6.36266681551933,171.387913376093,8259.2418397963,290.103882670403,10650.917342335,50136.2470430732,21805.5601342767,1995.67022383213,0,1054.19939777255,7156.02933219075,151.990258574486,6787.56264799833,1897.50150206685,4.58629381656647,166.97769138217,810.92540961504,860.131172955036,14971.0346838534,173.445176452398,1.81370756030083,138.521027475595,577.640779078007,22.4372337758541,877.481364801526,681.67686137557,20145.7157727778,3740.59167453647,217.98603233695,64.5437096655369,470.597148925066,49.477353990078,3404.45799091458,2531.99514406919,10427.0666884184,307.951081007719,504.328181743622,227.115225940943,1601.59906542301,977.457421600819,252.110613763332,1589.19682648778,7.82082226872444,210.321534097195,23.6900163888931,2454.13322594762,265.125153034925,8.49772182106972,12.2554021775723,3.05550786852837,0.444305956363678,1754.3694190979,12.4311742782593,46.337275236845,414.459082514048,50.8383188247681,162.655053168535,537.995549947023,6.27242150902748,447.139093905687,192.679073542356,65.1717322766781,241.272818416357,32.1631321907043,0,0,0,335.569500356913,26.6598644554615,748.479634940624,16.7170269489288,2037.82865422964,1.37456083297729,2.02430981397629,18.7313908338547,1843.42943391204,159.020130574703,36.9301671385765,0.557438135147095,1.79237735271454,4.46940273046494,402.343751490116,419.371171593666
9.68709552288055,355.790214091539,27.5996409952641,59.0724206864834,6.65814530849457,184.068971902132,314.171149253845,1069.41490921378,737.254024296999,1054.19939777255,0,671.738926053047,7523.05662694573,1382.61047503352,57.419428050518,203.801890611649,492.21683087945,16692.4159011841,3051.08345273137,350.149439632893,44.5038990676403,481.062645107508,163.482348680496,852.901782661676,3480.32763552666,8453.39769774675,1981.12212252617,157.495799094439,1619.35854843259,78.6863716542721,863.820703238249,826.185668647289,18.6548429131508,11104.3713336885,155.382024675608,1564.25156402588,3987.88678273559,2583.74563348293,799.558072626591,151.624934494495,33.5596380829811,1608.59557637572,53.7939468026161,82.9739644527435,81.6269069910049,7.2332715690136,29.0190225243568,3.99948292970657,563.306819289923,0,39.8032159209251,0,0.834944844245911,0,4.30677816271782,5.94186893105507,6.18571245670319,15.370549172163,1.20639938116074,1989.59090551734,12.6583117842674,2836.845187217,18.4228821992874,4.63808152079582,6.66994917392731,2.34138989448547,17.3636865913868,8.42709374427795,0,0,125.405011177063,4.21751591563225,112.479586899281,247.828667342663,250.203746825457,716.03844588995,15.1435216963291,69.3343459367752,3.00599509477615,446.788192093372,11.1799268126488,0,217.144009053707,85.8906197547913
21.4288158118725,7.02101454138756,45.8658126294613,9360.74252194166,2678.00462886691,10861.9733858258,565.265749454498,6085.39118984342,1275.82392337918,7156.02933219075,671.738926053047,0,149.459122180939,2243.07798221707,10023.4158377945,1.74619528651237,103.354882270098,464.567250490189,450.369045615196,9952.03552871943,39.9513985216618,4.89288395643234,48.8384997546673,418.965131729841,18.2106932401657,450.505265206099,331.793085485697,746.343238264322,990.907000988722,111.820288091898,38.4225068688393,476.908817589283,5.33953028917313,1466.75594848394,1874.22042608261,2804.06364610791,112.113098949194,202.502494394779,44.5121305584908,6185.48912259936,418.419747769833,147.661584794521,169.474263459444,6.15792402625084,18.7074907422066,6.62154400348663,814.896138936281,47.6568772792816,1.72455471754074,0,0,0,639.348700582981,2.93804383277893,22.4069097936153,24.8010292649269,9.02745419740677,37.2275501489639,70.7403380274773,6.84485614299774,376.11568030715,90.708143979311,35.3641686439514,90.4635127484798,12.8250921070576,0,1.56966876983643,1.30636394023895,63.8354716897011,6.16359594464302,156.640788167715,4.12935820221901,348.389985799789,5.34640258550644,0.613824069499969,3.05171930789948,308.491677284241,31.1466995179653,2.00208705663681,0,0.855174124240875,2.12440377473831,63.1964222192764,229.445557832718
5.78728204965591,597.081478565931,2.75575345754623,7.96210184693336,14.6066108942032,45.2575054764748,44.6763220131397,147.416255056858,911.155040442944,151.990258574486,7523.05662694573,149.459122180939,0,178.300840318203,44.6600353717804,468.4084418118,3.87400794029236,49.0442452728748,19.7423726916313,56.3581861555576,54.4886365234852,1018.31165009737,102.280060082674,1558.35300126672,11529.2724339664,673.407376080751,5659.67415785789,149.895331054926,172.2695569098,16.7649594545364,1412.67233514786,119.738008320332,2.95089077949524,1698.76518383622,32.3745389580727,346.777899414301,2357.357324332,1232.97034111619,28.1156081259251,108.924701482058,23.0978082418442,2246.08781343699,34.319324105978,138.572849184275,137.801103770733,11.0790068507195,17.8973797559738,4.47441899776459,729.912215143442,0,61.9088905453682,0,3.59819459915161,0.77236807346344,2.04935279488564,2.41778558492661,12.767415702343,7.02745097875595,6.49597677588463,3246.05762675405,9.94346463680267,4803.58077642322,36.4743999242783,2.62486654520035,13.6431836783886,2.26464891433716,38.0978882312775,17.2183617353439,1.84691947698593,3.17350125312805,26.0969021320343,4.02494758367538,45.2515519559383,564.987339049578,376.768414497375,1270.2193082571,10.7258732318878,81.6216733753681,2.71637672185898,721.58998593688,12.3740695714951,0,376.754364162683,14.5352893471718
10125.4440321028,14.0075269639492,3833.81950545311,264.889425963163,51.2059499323368,1027.37063737214,25387.5345070064,41795.3037128896,867.967896193266,6787.56264799833,1382.61047503352,2243.07798221707,178.300840318203,0,442.654324293137,26.9455679059029,3330.01579090953,981.05606302619,2329.54289087653,1281.26548674703,2611.39452695847,5.35656002163887,4400.94297894835,736.019508630037,24.941537052393,2597.81345236301,2564.89396938682,2448.3053201437,24707.77219069,11722.2699943185,65.7866563200951,495.282045453787,467.828431636095,3863.93436866999,611.259474247694,4235.0811675787,343.03231176734,613.820814549923,307.400206387043,594.538237661123,369.093123018742,127.558010131121,530.289574682713,0.554118752479553,87.3046786785126,7.83206993341446,455.634437859058,30.7558861970901,4.34266585111618,4.81235873699188,5.34710329771042,11.4276380240917,115.828650385141,2.7041180729866,5.30918514728546,195.334818810225,5.9761788547039,47.2694462537766,30.185898900032,4.53059697151184,52.5693659484386,113.517969310284,5.11191672086716,37.4794609546661,55.0418176949024,6.78114676475525,0.41778352856636,0.607239365577698,30.2314977645874,33.3073067367077,329.983336687088,36.1978815793991,941.674270242453,4.10475337505341,14.5320780873299,297.515760213137,410.186946153641,58.8679024875164,51.0487306714058,2.81653559207916,0,5.63075518608093,133.827531665564,147.974972933531
39.536140859127,33.2572432160378,20.0463077425957,1727.57473069429,2819.73133456707,3656.14524793625,1879.60938918591,668.482621878386,2228.85359635949,1897.50150206685,57.419428050518,10023.4158377945,44.6600353717804,442.654324293137,0,18.5741576552391,67.2954448461533,21.5302799642086,40.366949647665,1037.27275168896,365.046776413918,184.678546279669,260.649725019932,1325.31748235226,41.1358659863472,45.5249836146832,184.30129635334,2221.88979357481,453.151011914015,540.765603691339,10.9559906721115,188.540894180536,26.4067641198635,175.477618128061,530.782332122326,715.103880405426,27.0389931201935,34.0751348137856,17.7459786832333,6445.61427432299,655.86199977994,15.9314433336258,205.407737880945,12.4616039395332,22.8792643845081,13.1452692747116,337.127808511257,15.8830977678299,0.978722214698792,4.20549982786179,0,0.725425541400909,162.361674576998,0.757610082626343,2.81318190693855,60.534071803093,5.9733812212944,21.6898790895939,18.6893332004547,1.65626388788223,57.6597199738026,19.3233018815517,10.2357678413391,31.8205752968788,39.1619275212288,0,2.56491827964783,3.15495944023132,21.8394999206066,14.8821721374989,134.199272990227,25.4346379935741,401.49678710103,0,9.01253706216812,28.4215526282787,177.972773611546,31.9953627884388,7.05641078948975,0.481691867113113,0,2.80841434001923,33.2247865200043,912.229994624853
3.85319542884827,2064.78160336614,25.5147639513016,1.05634617805481,5.39446496963501,4.99572688341141,9.3296163380146,25.1386037170887,959.169408291578,4.58629381656647,203.801890611649,1.74619528651237,468.4084418118,26.9455679059029,18.5741576552391,0,144.519233494997,14.557390332222,78.4007741808891,5.65048602223396,4546.87013930082,7612.48633959889,8878.43073859811,3470.175142169,726.226587951183,84.0078069269657,15077.1314382255,2291.13076010346,41.5122314691544,74.8393608927727,51.6492990255356,22.9326472580433,3.56474089622498,614.838015347719,291.765330851078,4826.36365279555,378.1361143291,740.376567155123,348.085143506527,37.540554702282,57.3849113583565,202.657988280058,577.853671640158,11.2863778173923,128.461338400841,45.3673915863037,684.699339091778,32.7938058972359,5.32698714733124,7.23873302340508,49.3983256220818,17.4741476476192,29.0385539829731,5.04623609781265,10.0106003284454,25.502169907093,9.51766300201416,109.074474334717,18.2520680725574,6.47559255361557,31.3349305391312,594.307049125433,33.9838747680187,42.6886423230171,6168.99569618702,28.8066138029099,0,9.0032285451889,13.8721438348293,1429.35040783882,1519.95804327726,2926.64294534922,1827.37955182791,7.17974063754082,36.4177885353565,3157.02141034603,350.248356580734,84.2621582746506,336.348073065281,8.2002044916153,3.05564177036285,13.3964930176735,174.927810460329,344.797332763672
454.630382061005,443.387805134058,15460.6583938599,9.11992517113686,6.8459410071373,49.7682554721832,355.288379013538,1343.65088954568,137.499076575041,166.97769138217,492.21683087945,103.354882270098,3.87400794029236,3330.01579090953,67.2954448461533,144.519233494997,0,195.254553228617,8600.28675797582,53.0312514901161,2025.80866003036,18.2124696671963,22033.8694350123,68.7143875956535,10.6766499578953,16104.0913719535,21187.2575280666,151.990573018789,5085.59870520234,2325.58372527361,2.25949621200562,104.43654987216,1037.57413753867,10897.5367778242,227.14698022604,4495.28000801802,5495.03500783443,1193.08389520645,1067.88871377707,50.8739252686501,85.1518483459949,10.0824847221375,405.138912916183,37.8707031607628,129.765969902277,37.2003320455551,15.4676294922829,1.92176786065102,0,1.91526085138321,157.997799992561,384.512282669544,0,1.17620933055878,0,29.880715996027,0.614714741706848,0,0,0.42326956987381,1.37930130958557,4.08063691854477,12.8252656757832,1.27943968772888,50.3737297952175,561.726782381535,3.28446340560913,137.434772491455,0,11.7330588400364,41.4977195560932,144.388543218374,30.0075430572033,4.23759281635284,446.690562665462,5031.45133391023,8.32768720388412,4.82699900865555,35.7094937264919,0.831476867198944,0,0.577807009220123,198.052038520575,215.329554051161
17.5257499814034,7.93036252260208,13.4495390057564,46.2978057563305,3.50177124142647,107.484458550811,256.651916474104,706.641204327345,218.311650007963,810.92540961504,16692.4159011841,464.567250490189,49.0442452728748,981.05606302619,21.5302799642086,14.557390332222,195.254553228617,0,2663.70761802793,288.956001788378,49.2050744891167,8.08605915307999,148.515715867281,88.7023853361607,25.85049700737,2950.41844716668,1111.34551486373,115.690716713667,1174.41936144233,74.4448293745518,112.651789337397,514.190263688564,16.4832729995251,4280.57288196683,455.609064608812,3663.81929969788,2677.31269922853,3166.45318961143,3006.85338380933,66.3877146542072,29.4437423944473,7.87435832619667,20.3156991004944,26.7562232911587,11.1987117528915,15.321247190237,8.61123213171959,2.08075177669525,14.0856259465218,0,6.02912068367004,0,1.21543437242508,0,1.90572774410248,0,0.999980747699738,10.8845614790916,0,180.914922565222,3.49064069986343,584.566234588623,1.95737236738205,1.28082740306854,2.28040981292725,2.54742312431335,29.3019146025181,15.9094734191895,0,0,81.224037706852,0,3.96608197689056,23.174204647541,289.05177539587,668.939727634192,0,2.39193424582481,0,235.813883692026,0,0,21.8904358446598,283.93219217658
160.388532161713,86.6602270901203,1084.44779732823,44.7964615523815,7.50656014680862,118.980822205544,387.433584719896,1168.63277152181,219.834283918142,860.131172955036,3051.08345273137,450.369045615196,19.7423726916313,2329.54289087653,40.366949647665,78.4007741808891,8600.28675797582,2663.70761802793,0,265.925968587399,564.286821722984,7.78401356935501,2808.17396959662,98.4479811787605,14.9332184493542,11299.2764240801,4251.72700044513,157.088909476995,3354.90544867516,847.04535394907,20.8784506320953,524.269967228174,348.002863556147,9478.19033399224,597.309257388115,7540.00808736682,3866.28036180139,2026.93823724985,4170.58860582113,67.0453977584839,79.6935490369797,35.2587364315987,67.4515452086926,45.1251990497112,18.4632857143879,28.7532125115395,13.0495176315308,2.93994379043579,1.21512472629547,0.843718767166138,19.2877054512501,21.3788712322712,1.45501112937927,1.35106861591339,0,0.407757163047791,0,10.8569912910461,0,31.9717873930931,4.85031765699387,116.869926303625,1.13685524463654,1.87095987796783,5.43167406320572,51.8901932835579,21.5210506916046,84.0994094610214,0,3.46130591630936,83.2991662621498,15.5074317753315,8.89715379476547,21.7888666391373,347.347566336393,1317.45202389359,0,2.57398372888565,1.80189204216003,78.6401497125626,0,0,43.3229132592678,605.050972372293
23.2868431508541,3.62010768055916,19.7764472067356,24971.3100883663,270.372732788324,1768.17913797498,286.799159616232,2494.13571691513,1027.89520224929,14971.0346838534,350.149439632893,9952.03552871943,56.3581861555576,1281.26548674703,1037.27275168896,5.65048602223396,53.0312514901161,288.956001788378,265.925968587399,0,22.7300126552582,0,20.734582722187,432.789935320616,12.0653938353062,265.60414865613,178.895958602428,4146.91679629683,706.621264249086,69.329569965601,19.5102862417698,162.895653992891,5.04106855392456,942.634572803974,355.362493395805,2742.10905149579,79.619107156992,125.07329300046,51.3390166759491,1027.09071111679,226.933912366629,105.623821049929,726.449225664139,2.19489753246307,88.0356053113937,13.6846890151501,1427.75782352686,139.430959075689,1.25311648845673,1.76777255535126,0.459675937891006,0,1607.05893144011,17.4809911549091,30.0814225971699,160.070130288601,43.9395337700844,87.5336393713951,333.50574952364,8.44672271609306,303.691354602575,82.2510350942612,47.123444288969,147.672033786774,10.2101168632507,0,2.18741339445114,0.56036639213562,258.61595132947,7.76488706469536,310.626749843359,5.41572079062462,1005.24537456036,0,4.51240387558937,4.63225853443146,943.434056341648,76.0409986674786,8.31437548995018,0.419495344161987,0.668868482112885,2.22616878151894,177.360187113285,84.3107451200485
438.285111486912,95.998965293169,5409.81197699904,4.67339208722115,25.8864711523056,49.224199950695,5662.92922323942,2011.57373663783,714.18317219615,173.445176452398,44.5038990676403,39.9513985216618,54.4886365234852,2611.39452695847,365.046776413918,4546.87013930082,2025.80866003036,49.2050744891167,564.286821722984,22.7300126552582,0,703.349063396454,67295.7698998749,413.840788304806,36.3924688100815,800.293695598841,7746.6586342752,11587.1387916505,1981.83672550321,34934.7613697648,8.42517164349556,31.875561863184,739.810226649046,17067.9894821048,3460.57321700454,34528.8215623796,1248.5037997365,10156.2577616572,4511.37224021554,207.849857240915,302.761148750782,227.642838418484,565.986844539642,39.2269868552685,92.4519253373146,64.1845354139805,763.708799183369,37.9110811948776,1.36948668956757,6.28115612268448,23.2014022469521,29.9787987172604,46.5778158903122,9.98092204332352,7.02160304784775,41.0692507326603,16.633346259594,21.1374906301498,20.5736369490623,1.83500465750694,47.3419758379459,479.111920148134,49.5710763633251,76.5395973324776,1745.47463738918,33.3369287252426,3.94436198472977,1.93218243122101,8.6379055082798,1022.28050294518,465.498531669378,905.829226076603,1875.78892248869,1.50229573249817,19.3159260451794,1244.58277970552,619.683576405048,155.938877820969,366.225935786963,0,0,11.9946325421333,194.37181070447,3129.94644775987
0.324787527322769,4340.19281303883,9.92560189962387,6.10166549682617,16.9022449553013,3.92341858148575,67.7335315644741,14.5059114992619,12775.6519674659,1.81370756030083,481.062645107508,4.89288395643234,1018.31165009737,5.35656002163887,184.678546279669,7612.48633959889,18.2124696671963,8.08605915307999,7.78401356935501,0,703.349063396454,0,963.73948225379,30610.7528738379,1527.28429654241,60.4167986214161,17700.4409998953,1615.90395450592,18.004542529583,11.9975417852402,80.5820491909981,1.41663944721222,0.928670048713684,114.895131140947,11.7201437354088,155.686701387167,71.2099547386169,134.354091376066,22.717671751976,278.158779382706,1.18284153938293,173.24825912714,174.184920668602,2.66901826858521,37.6465537250042,23.1028130054474,72.9179955422878,4.44667574763298,3.46937644481659,1.83541989326477,179.004156112671,14.2566212117672,10.4614150524139,0,2.22999668121338,23.6864606142044,2.67882066965103,229.641640543938,1.95014372467995,21.6957356333733,6.82139593362808,85.4779674112797,13.4001154005527,7.11523050069809,1535.83950093389,11.8001103699207,0.593387305736542,7.08000099658966,1.40853178501129,508.996733039618,836.059743613005,572.775325983763,1189.50974908471,18.6013081669807,45.60315990448,1594.73781809211,131.07232555747,41.1150207817554,153.275596022606,13.7969172894955,0,0,32.5702890455723,67.4202245771885
914.688917458057,247.060069710016,69080.7018559873,5.0066334605217,34.523767888546,63.9524658620358,2939.45989254117,2008.1459966898,465.316945075989,138.521027475595,163.482348680496,48.8384997546673,102.280060082674,4400.94297894835,260.649725019932,8878.43073859811,22033.8694350123,148.515715867281,2808.17396959662,20.734582722187,67295.7698998749,963.73948225379,0,1311.03141444921,77.0111275017262,7302.55937796831,76983.8932996988,6869.66166001558,4270.26517754793,11859.4926699698,13.4752794504166,55.697711288929,822.868719995022,18866.5833435059,5051.00365313888,58717.2535892427,7088.778134197,20338.8618295193,11460.1952270567,231.846279114485,256.876578092575,293.059531182051,1007.91293877363,82.7005193531513,225.217307835817,127.489796996117,977.634429693222,60.6402452588081,4.29155233502388,6.27299210429192,92.0487774610519,266.266160517931,24.9383735358715,15.8324737548828,14.5176163613796,53.616967767477,19.9288754463196,97.4686684906483,30.0292154848576,11.3581690192223,56.3176322281361,1051.47669327259,35.9256222844124,86.8888040184975,7239.51435911655,136.383439898491,3.41606330871582,28.4904245734215,12.2141750454903,1649.4580514431,1070.6951700747,4491.79632753134,1807.53254073858,4.09974372386932,81.0988228321075,11194.9920089841,382.665676981211,81.8141456246376,359.433697104454,0,1.77371752262115,6.16132268309593,275.161365926266,5688.39317208529
51.7093647420406,4551.82226592302,35.9748194813728,7139.34920105338,144.136319696903,91.9699526131153,14957.2571968436,695.688020199537,29554.7187489867,577.640779078007,852.901782661676,418.965131729841,1558.35300126672,736.019508630037,1325.31748235226,3470.175142169,68.7143875956535,88.7023853361607,98.4479811787605,432.789935320616,413.840788304806,30610.7528738379,1311.03141444921,0,2118.88338977098,542.110151529312,8775.11688873172,17806.9751015306,1809.1515455246,901.716319650412,174.794467151165,72.7331545054913,547.238745629787,1514.03985053301,915.67484292388,6610.57297161222,247.650219351053,652.778737932444,277.339995235205,1125.47460085154,297.846308737993,477.78351521492,2537.66071474552,28.9912599921227,404.822608977556,63.8151142597198,1684.13086614013,244.917028605938,5.8408996462822,66.5081238150597,44.972162425518,32.4848747551441,682.129454404116,14.8682062625885,50.570223480463,758.88526698947,110.70567587018,180.997276395559,207.282208383083,44.0775936841965,223.263168185949,470.562215447426,289.770305305719,164.491039574146,2044.5369476974,27.9714697599411,7.74471893906593,9.51674461364746,138.02913326025,1493.08839169145,3072.62370032072,943.218343049288,7892.12810608745,13.5818817615509,45.3438060581684,1316.00990882516,3031.2586555481,810.341869771481,917.212153375149,8.13011234998703,9.2286376953125,35.948478281498,719.302116334438,681.458554834127
0.370118856430054,821.54560571909,0,3.63328915834427,1.90911448001862,4.86506426334381,9.62499493360519,25.6306219398975,1063.74916440248,22.4372337758541,3480.32763552666,18.2106932401657,11529.2724339664,24.941537052393,41.1358659863472,726.226587951183,10.6766499578953,25.85049700737,14.9332184493542,12.0653938353062,36.3924688100815,1527.28429654241,77.0111275017262,2118.88338977098,0,349.796392887831,11220.5110762119,124.230730652809,33.6172152161598,1.67574244737625,454.244577914476,13.3904600143433,0,523.482359886169,10.213617682457,90.256776958704,522.446298480034,691.264075696468,13.4286045432091,52.6722840666771,0,2045.15981048346,54.2907990515232,74.1084275245667,50.1640132069588,8.1109764277935,2.03267174959183,2.31034368276596,427.493837505579,0,86.7202163934708,4.35963928699493,1.36683809757233,0,2.35635760426521,0,4.69732123613358,9.58409607410431,1.46868282556534,1340.12053218484,4.20196381211281,3049.53304961324,14.7993416190147,1.59683763980865,7.96498587727547,7.75306823849678,15.8400227427483,42.877876073122,1.27529057860374,0,12.5028613209724,0,18.8775355815887,1239.40145736933,360.177099913359,3295.08813822269,0.755030691623688,33.0750041902065,1.76895666122437,358.186152279377,7.36477106809616,0,159.436787575483,8.83623176813126
245.660400301218,271.573868751526,22438.9513406754,38.1924499571323,5.4326559305191,140.589389547706,1930.19857227802,1898.43514938653,357.89018291235,877.481364801526,8453.39769774675,450.505265206099,673.407376080751,2597.81345236301,45.5249836146832,84.0078069269657,16104.0913719535,2950.41844716668,11299.2764240801,265.60414865613,800.293695598841,60.4167986214161,7302.55937796831,542.110151529312,349.796392887831,0,32340.8487430215,191.606388151646,1954.21850092709,1618.56487929821,1900.95127886534,385.770328879356,91.2787570357323,5746.16225790977,823.047937959433,13035.304974705,13164.4758611023,3543.97561517358,4249.29549598694,125.699170082808,51.9565965235233,54.5220071673393,785.590633511543,324.406425148249,346.472547143698,165.38837197423,28.242366194725,8.58313634991646,177.888851463795,12.6921901702881,224.194315552711,361.777641713619,1.32864332199097,1.3027172088623,3.24154099822044,23.618629693985,8.47509980201721,15.1476098001003,0.374995350837708,1637.63740122318,6.37192857265472,5766.38397422433,41.2795214056969,6.03411400318146,56.8730092346668,897.054628700018,340.337087631226,1345.55653530359,0,34.6246926188469,135.488581269979,118.413496315479,45.2460230886936,462.762951374054,5960.67380303144,18087.5468434095,5.36317962408066,64.0706376433372,68.019675463438,1950.25088888407,5.84612190723419,0.492364585399628,523.519876182079,922.909761667252
295.676691919565,33368.3145745099,35411.6956242621,32.6266287267208,14.2537575364113,95.5446624457836,2123.08806499839,1371.48144154251,5796.37605306506,681.67686137557,1981.12212252617,331.793085485697,5659.67415785789,2564.89396938682,184.30129635334,15077.1314382255,21187.2575280666,1111.34551486373,4251.72700044513,178.895958602428,7746.6586342752,17700.4409998953,76983.8932996988,8775.11688873172,11220.5110762119,32340.8487430215,0,7438.13125249743,2312.60953974724,2294.59826475382,4228.30084991455,265.118936896324,173.67623129487,20367.8769619167,3840.13122591376,63843.0243955255,11871.861176163,15832.3149555027,15023.6685792208,355.289327949286,171.710779070854,226.517769873142,6577.51050281525,1062.35663920641,2062.51694768667,848.293800204992,614.491095095873,122.495632410049,210.538179785013,42.8542239367962,4873.25561338663,5395.26283213496,15.2949303686619,20.067341029644,6.24971368908882,551.75928235054,82.0903033912182,395.033085972071,22.6062196791172,1462.91740459204,35.0060828328133,7870.27758985758,292.229401528835,86.6080226004124,8012.43493899703,4585.87262710929,642.179488748312,4422.65246447921,7.05407263338566,1009.00852903724,2394.10968101025,8229.8213775754,1684.34049522877,1978.0748513639,16959.4452664256,132910.294497102,318.523787900805,174.652637422085,579.8792745471,2783.57151004672,3.05367577075958,14.2428540885448,2569.6720893085,5156.06460562348
195.228522032499,251.397385686636,271.592323929071,7066.15336921811,198.943103134632,720.264125317335,70807.4591566026,2015.98113782704,9068.45677933097,20145.7157727778,157.495799094439,746.343238264322,149.895331054926,2448.3053201437,2221.88979357481,2291.13076010346,151.990573018789,115.690716713667,157.088909476995,4146.91679629683,11587.1387916505,1615.90395450592,6869.66166001558,17806.9751015306,124.230730652809,191.606388151646,7438.13125249743,0,3478.13088387251,28633.5553787351,15.4146042466164,141.060742348433,852.522470384836,3279.58590307832,2628.54949551821,18322.8026035279,398.656748384237,2112.69534522295,854.591156125069,1700.80556201935,680.383876472712,349.389650523663,3617.25735494494,25.1379825472832,486.324134409428,100.698746919632,3724.11805835366,483.674060851336,0,80.0247836709023,75.7355073988438,40.1447294950485,2183.29539629817,24.5271814465523,92.7080557644367,912.539271265268,133.564742267132,283.49682623148,618.45470225811,10.4477884173393,591.594713419676,669.901543140411,314.986748218536,363.161491721869,1516.59978201985,27.7498253583908,0,5.55202519893646,358.622876495123,1286.6203340888,2444.50413557887,767.401169508696,7544.80383807421,2.60372647643089,12.5338724851608,1503.04412668943,4180.55671280622,912.818531215191,990.670129835606,0,6.65059345960617,41.8096140623093,918.062441021204,1220.73982509971
10161.6706374288,24.6104443669319,1565.79542925954,257.900963932276,33.8719162642956,285.652698636055,6375.73253718019,5226.56220686436,519.644451797009,3740.59167453647,1619.35854843259,990.907000988722,172.2695569098,24707.77219069,453.151011914015,41.5122314691544,5085.59870520234,1174.41936144233,3354.90544867516,706.621264249086,1981.83672550321,18.004542529583,4270.26517754793,1809.1515455246,33.6172152161598,1954.21850092709,2312.60953974724,3478.13088387251,0,29672.0437208712,48.6073246598244,847.203482329845,8095.60145810246,10030.4335510731,725.29050719738,3011.97655528784,306.293635427952,985.594871163368,273.316627442837,355.542210400105,530.351470559835,78.8221612274647,257.775799840689,0,51.2132838070393,9.77252328395844,210.04780587554,15.1619682610035,2.05486565828323,5.25567209720612,9.30113077163696,6.64302361011505,34.3631573617458,2.23673641681671,1.98116940259933,79.88832244277,1.27295595407486,14.4732812941074,2.02028131484985,15.3430175185204,20.5387530326843,46.9829564094543,4.85677123069763,19.3121423125267,41.3585729300976,10.4678595364094,0,7.39293700456619,9.03387522697449,34.3777487277985,193.990607768297,21.82820135355,601.229240357876,4.00422763824463,28.2536439299583,244.802494168282,209.389028996229,36.98805513978,29.3247075974941,2.6470382809639,0,0.505289852619171,53.4487242400646,275.250215917826
4628.25721135736,10.6980721354485,4294.43598851562,19.9635367393494,26.1437078714371,79.6734703183174,10132.6959679723,2461.39402452111,397.401334047318,217.98603233695,78.6863716542721,111.820288091898,16.7649594545364,11722.2699943185,540.765603691339,74.8393608927727,2325.58372527361,74.4448293745518,847.04535394907,69.329569965601,34934.7613697648,11.9975417852402,11859.4926699698,901.716319650412,1.67574244737625,1618.56487929821,2294.59826475382,28633.5553787351,29672.0437208712,0,10.6272978782654,65.1090542972088,5428.07871681452,12418.4330686927,1871.64829710126,9289.35444277525,363.429230600595,3769.51032200456,1228.28021249175,276.938480138779,550.175062179565,124.235902249813,512.408056586981,7.68400293588638,77.9328364133835,29.4642164111137,341.327040225267,46.961626470089,0,17.0152144134045,7.18255305290222,8.36514526605606,49.1153596043587,3.84559881687164,8.26391142606735,130.951271861792,18.3739239275455,4.38842993974686,18.8225359320641,4.23548978567123,49.4375421404839,217.901836335659,44.58950984478,41.8018283545971,147.717694848776,11.1310229301453,0,0.352395236492157,9.29536297917366,145.447055310011,209.104439556599,80.4841147959232,1118.04696136713,0,9.0244183242321,402.029203504324,535.015339702368,136.513710141182,105.336624503136,0,0,3.23101437091827,143.081868857145,1201.83573287725
0,54.8423899710178,0,3.19614359736443,0.876841485500336,7.283447265625,12.4548817873001,51.1461244523525,148.854091405869,64.5437096655369,863.820703238249,38.4225068688393,1412.67233514786,65.7866563200951,10.9559906721115,51.6492990255356,2.25949621200562,112.651789337397,20.8784506320953,19.5102862417698,8.42517164349556,80.5820491909981,13.4752794504166,174.794467151165,454.244577914476,1900.95127886534,4228.30084991455,15.4146042466164,48.6073246598244,10.6272978782654,0,36.5563639700413,1.0395233631134,307.618785500526,30.0046055912971,164.806618124247,610.079320460558,228.020403504372,57.6589348912239,8.42953571677208,2.72523325681686,21.6159834265709,17.1122849881649,42.1072204709053,32.6219078302383,5.19270542263985,2.95339277386665,0,102.468136012554,0,28.9773297309875,0,2.9690717458725,0,0,0,5.22697535157204,4.86262941360474,0.969995856285095,726.769883662462,2.25935560464859,2645.3433662951,8.30044260621071,0,0,0.708496809005737,29.7830789685249,13.8852261602879,0,0,14.2148764133453,0.628991723060608,6.34881901741028,202.70366564393,403.357792437077,1191.8177151382,0.70182204246521,27.7021996974945,0,536.06654921174,6.03020077943802,0,68.8790280818939,10.045330196619
6.709303855896,3.02013498544693,21.9481266736984,61.588482350111,182.083816975355,232.171398162842,194.925949782133,860.100566402078,102.866290956736,470.597148925066,826.185668647289,476.908817589283,119.738008320332,495.282045453787,188.540894180536,22.9326472580433,104.43654987216,514.190263688564,524.269967228174,162.895653992891,31.875561863184,1.41663944721222,55.697711288929,72.7331545054913,13.3904600143433,385.770328879356,265.118936896324,141.060742348433,847.203482329845,65.1090542972088,36.5563639700413,0,7.33475476503372,12667.1068197191,246.135386526585,2356.40426519513,100.621966838837,131.643235176802,52.4094858765602,751.872473716736,2604.99562630057,210.926052212715,98.5588305294514,0.530092060565948,14.155668258667,3.30724185705185,166.377717077732,5.50919103622437,0.558528244495392,0.461282163858414,0,0,25.2328892946243,0,0,15.9879002869129,1.03638803958893,2.87184154987335,4.8409868478775,16.2453094422817,16.3594086170197,123.734833985567,5.71474656462669,12.7768013775349,34.2551973760128,0,0,1.19648039340973,6.53729724884033,33.1495874524117,49.5680247247219,20.4989347457886,171.282696068287,1.63757413625717,8.49865534901619,22.3127067685127,70.6974694430828,10.5525459647179,24.6486453711987,1.20448708534241,0,1.7876985669136,66.5818646848202,82.5376304984093
117.674820065498,1.52152228355408,82.0148639976978,17.1176582872868,3.15224787592888,5.10555836558342,459.585157573223,195.219411581755,60.3516919314861,49.477353990078,18.6548429131508,5.33953028917313,2.95089077949524,467.828431636095,26.4067641198635,3.56474089622498,1037.57413753867,16.4832729995251,348.002863556147,5.04106855392456,739.810226649046,0.928670048713684,822.868719995022,547.238745629787,0,91.2787570357323,173.67623129487,852.522470384836,8095.60145810246,5428.07871681452,1.0395233631134,7.33475476503372,0,2461.85422697663,50.0631169080734,181.503204852343,22.8146216273308,317.126112937927,64.1494965553284,12.1275062263012,64.7660969495773,2.6683441400528,14.185056746006,0,0.451227456331253,0,11.8486120998859,0,0,1.65179824829102,1.31675779819489,0,0,0,0.449543446302414,3.43820443749428,0,0,0,0,0.687221586704254,2.02947837114334,3.76705902814865,1.72264045476913,3.22975790500641,1.18127518892288,0,0,0,5.90244513750076,17.5281400680542,1.50801447033882,47.389938056469,0,0,12.1681534349918,13.2435810267925,1.74582451581955,3.60490036010742,2.24377632141113,0,0,4.49162071943283,33.3040488362312
289.152308791876,304.66889500618,1804.48185119033,307.307794600725,4065.49667590857,507.414067804813,2501.33976945281,2260.10073831677,990.864623367786,3404.45799091458,11104.3713336885,1466.75594848394,1698.76518383622,3863.93436866999,175.477618128061,614.838015347719,10897.5367778242,4280.57288196683,9478.19033399224,942.634572803974,17067.9894821048,114.895131140947,18866.5833435059,1514.03985053301,523.482359886169,5746.16225790977,20367.8769619167,3279.58590307832,10030.4335510731,12418.4330686927,307.618785500526,12667.1068197191,2461.85422697663,0,683.406417965889,6186.7399597466,2600.14702537656,2730.07165578008,1354.6590282321,1394.77867019176,754.014224976301,965.978515625,829.831819742918,89.7887410521507,313.351654410362,40.8610191345215,662.794675111771,72.2136507034302,107.0350073874,4.35006827116013,97.6762222647667,208.052284836769,166.367283523083,2.06897383928299,6.03129175305367,228.127380222082,11.6064873039722,30.0031616389751,71.5475503504276,173.801175445318,91.2930529415607,405.808747470379,42.1849537193775,48.5403950810432,145.873642146587,210.773804217577,11.1457672715187,59.3283626139164,42.436208486557,57.340978205204,410.012720942497,193.003357559443,1093.57721486688,42.634109556675,221.759705066681,3268.10877218843,480.378414779902,95.2405704557896,59.7873593270779,55.6951661705971,8.08557486534119,2.97515895962715,645.62456870079,443.140249788761
81.8116436004639,57.3734065294266,248.793306827545,224.645397424698,341.599656254053,1522.09799903631,1783.38734012842,532.356397271156,323.104791551828,2531.99514406919,155.382024675608,1874.22042608261,32.3745389580727,611.259474247694,530.782332122326,291.765330851078,227.14698022604,455.609064608812,597.309257388115,355.362493395805,3460.57321700454,11.7201437354088,5051.00365313888,915.67484292388,10.213617682457,823.047937959433,3840.13122591376,2628.54949551821,725.29050719738,1871.64829710126,30.0046055912971,246.135386526585,50.0631169080734,683.406417965889,0,11902.7683798969,3415.16801378131,424.039337158203,2616.81748437881,184.628042280674,214.024099171162,207.396452575922,2961.63175523281,2405.86940860748,417.684684813023,1450.51164424419,106.317579627037,166.311715900898,0.759286344051361,13.799548625946,17.2220448255539,153.757402539253,18.1850928664207,157.539993673563,45.7213854789734,147.377263724804,53.0195921063423,23.0745089948177,157.474093347788,63.6401859819889,352.372406423092,34.7407473921776,35.8971612453461,149.790931969881,348.39790096879,46.5545756220818,303.185152739286,158.599618196487,9.72871860861778,743.408144026995,116.370275497437,2359.39336380363,299.03364443779,1.79076552391052,945.813858509064,3848.61966687441,423.497187107801,44.3068277835846,85.1645771563053,28.2581669092178,3.26761102676392,0.761513233184814,252.107539564371,280257.861719787
353.677740037441,867.71915024519,3354.73153248429,1774.44868460298,1187.95053353906,1615.12455323339,7571.1004601717,5234.52648353577,3629.86772504449,10427.0666884184,1564.25156402588,2804.06364610791,346.777899414301,4235.0811675787,715.103880405426,4826.36365279555,4495.28000801802,3663.81929969788,7540.00808736682,2742.10905149579,34528.8215623796,155.686701387167,58717.2535892427,6610.57297161222,90.256776958704,13035.304974705,63843.0243955255,18322.8026035279,3011.97655528784,9289.35444277525,164.806618124247,2356.40426519513,181.503204852343,6186.7399597466,11902.7683798969,0,29084.3766839504,4595.59412890673,3738.9973025918,7293.71811252832,1955.49268481135,1985.66079139709,3231.25873744488,126.229704141617,350.56895083189,115.033137023449,1556.80010646582,171.447150468826,5.39870536327362,25.5439386367798,272.166122406721,458.810587078333,497.392161995173,8.09910535812378,56.3381006717682,695.20344170928,95.5082190930843,104.005890607834,380.433149725199,39.6981378793716,280.811123281717,293.790080368519,147.793844133615,172.035993814468,410.894478142262,490.791269809008,34.0753849446774,142.725769639015,146.916560292244,193.571023195982,1062.81699955463,494.819538027048,3134.91349369287,15.1206156611443,620.186931580305,7964.2193724215,1482.32438412309,258.170788764954,174.526323199272,30.952514976263,3.53268814086914,28.208182901144,563.180000156164,4173.92878466845
32.2191172838211,210.226416945457,3794.07802683115,16.3594046235085,9.97905457019806,33.6534101366997,289.730583369732,288.87214744091,181.614345550537,307.951081007719,3987.88678273559,112.113098949194,2357.357324332,343.03231176734,27.0389931201935,378.1361143291,5495.03500783443,2677.31269922853,3866.28036180139,79.619107156992,1248.5037997365,71.2099547386169,7088.778134197,247.650219351053,522.446298480034,13164.4758611023,11871.861176163,398.656748384237,306.293635427952,363.429230600595,610.079320460558,100.621966838837,22.8146216273308,2600.14702537656,3415.16801378131,29084.3766839504,0,3800.08564075828,6455.29251265526,125.448037415743,177.297662198544,1824.06186419725,336.456808269024,193.977540969849,173.506888926029,121.386364430189,30.6651261150837,15.482976526022,462.619261920452,1.37242418527603,81.0045863091946,110.872751146555,1.2140437066555,9.00924980640411,4.555644094944,15.2277331054211,15.2785362899303,7.44314706325531,8.70572519302368,1799.05173915625,19.479389756918,2482.20266827941,41.9378877580166,12.1254934668541,46.2733396589756,191.569898486137,67.608818769455,135.656301110983,0.94465497136116,18.0071960091591,53.4255398511887,105.051436394453,75.1351179182529,92.1931365430355,976.707715451717,2939.72857129574,17.1605520546436,96.3147181868553,20.646262973547,648.445843428373,14.8004965186119,0.713086247444153,274.390856295824,3560.48486161232
111.803644120693,262.36545163393,1058.20367085934,68.3543903529644,16.8877158761024,66.0905497968197,1030.59496277571,355.575524002314,261.91071715951,504.328181743622,2583.74563348293,202.502494394779,1232.97034111619,613.820814549923,34.0751348137856,740.376567155123,1193.08389520645,3166.45318961143,2026.93823724985,125.07329300046,10156.2577616572,134.354091376066,20338.8618295193,652.778737932444,691.264075696468,3543.97561517358,15832.3149555027,2112.69534522295,985.594871163368,3769.51032200456,228.020403504372,131.643235176802,317.126112937927,2730.07165578008,424.039337158203,4595.59412890673,3800.08564075828,0,10652.3450525403,141.384851276875,1493.60078519583,891.688772141933,238.047055929899,26.0186584293842,68.2721284031868,17.2491745352745,111.99483191967,13.5302004218102,48.6121280491352,0.326855540275574,82.5017571151257,155.206391394138,15.5030879974365,2.2531201839447,0,48.5925006270409,2.32163575291634,8.15502148866653,2.80643901228905,131.806822150946,12.7191606760025,193.437135130167,13.5199168622494,19.1881206333637,92.3258734643459,171.724742621183,7.8107602596283,32.4199053645134,6.06638616323471,15.8935061991215,89.4528935849667,129.892456799746,251.374088257551,11.7296841740608,148.891579210758,2542.47557967901,86.883736550808,20.3239197134972,27.7811870276928,38.1029280722141,0,3.07080054283142,119.716159075499,327.651952773333
40.5739793181419,226.69697624445,1036.90529748797,30.8115293085575,18.7706172466278,31.848328769207,500.258701086044,194.988838732243,91.1839501261711,227.115225940943,799.558072626591,44.5121305584908,28.1156081259251,307.400206387043,17.7459786832333,348.085143506527,1067.88871377707,3006.85338380933,4170.58860582113,51.3390166759491,4511.37224021554,22.717671751976,11460.1952270567,277.339995235205,13.4286045432091,4249.29549598694,15023.6685792208,854.591156125069,273.316627442837,1228.28021249175,57.6589348912239,52.4094858765602,64.1494965553284,1354.6590282321,2616.81748437881,3738.9973025918,6455.29251265526,10652.3450525403,0,197.864226788282,337.542019069195,164.361355125904,191.383735120296,121.844387352467,53.1767648458481,98.8722155094147,26.4459407031536,9.77610075473785,3.01591348648071,1.23177117109299,42.8914175033569,100.542663246393,8.52284187078476,4.34441924095154,0,13.4161989688873,5.18067222833633,0,7.04601216316223,13.042149245739,7.55464023351669,40.239412099123,5.05621376633644,9.70572608709335,59.8870117664337,123.132936447859,13.6618214249611,35.327801913023,1.98466223478317,26.1459077596664,43.4807103872299,126.710565060377,45.7438671886921,10.8244325518608,188.558124065399,1937.50029247999,28.2018759846687,4.27402138710022,20.0084117650986,16.3826883435249,2.27682542800903,1.62011408805847,74.6830934882164,2951.2206941545
23.0470751821995,44.60350471735,36.2029169201851,2355.98593598604,10142.2440123558,4440.57508686185,1194.9244312048,2352.90404851735,1946.1033937037,1601.59906542301,151.624934494495,6185.48912259936,108.924701482058,594.538237661123,6445.61427432299,37.540554702282,50.8739252686501,66.3877146542072,67.0453977584839,1027.09071111679,207.849857240915,278.158779382706,231.846279114485,1125.47460085154,52.6722840666771,125.699170082808,355.289327949286,1700.80556201935,355.542210400105,276.938480138779,8.42953571677208,751.872473716736,12.1275062263012,1394.77867019176,184.628042280674,7293.71811252832,125.448037415743,141.384851276875,197.864226788282,0,3878.64760372043,395.737533152103,1540.22283279896,4.38780981302261,212.621044307947,34.5185003876686,1876.31421768665,205.510495871305,5.14100784063339,22.2484147846699,1.00870394706726,4.88222932815552,522.949343949556,7.77097636461258,41.5476047694683,525.831646978855,54.5964811444283,60.921766012907,200.609519124031,14.5481681525707,296.591470927,764.89707493782,169.903791874647,199.654186159372,300.053260505199,9.40018764138222,3.07982462644577,4.87104699015617,105.729523956776,273.483453005552,442.380552411079,204.064621120691,2168.79879495502,0,7.68572768568993,86.127921640873,1176.49771648645,325.959304094315,272.795308500528,1.25152707099915,5.04955726861954,17.6646136939526,533.767699986696,361.975442051888
32.0545661449432,3.28723925352097,45.5625635683537,109.875996559858,7126.8778013885,1590.69108223915,681.709611207247,747.401403367519,224.648376077414,977.457421600819,33.5596380829811,418.419747769833,23.0978082418442,369.093123018742,655.86199977994,57.3849113583565,85.1518483459949,29.4437423944473,79.6935490369797,226.933912366629,302.761148750782,1.18284153938293,256.876578092575,297.846308737993,0,51.9565965235233,171.710779070854,680.383876472712,530.351470559835,550.175062179565,2.72523325681686,2604.99562630057,64.7660969495773,754.014224976301,214.024099171162,1955.49268481135,177.297662198544,1493.60078519583,337.542019069195,3878.64760372043,0,201.856947004795,284.972242891788,16.7820804715157,57.7326575815678,4.01332992315292,329.641859650612,27.9842474460602,3.2947279214859,2.62529981136322,0,2.11312806606293,67.9999212026596,1.42864760756493,3.03662538528442,92.3037378191948,11.1911029219627,20.1151903271675,33.2656638920307,4.0346907377243,43.3736602663994,98.0470780730247,13.3808767795563,28.5981852114201,43.7921173870564,0.50089693069458,0,0.432991832494736,17.9722070991993,40.9469416737556,110.33360683918,37.0876142084599,416.792722404003,0,5.10036298632622,38.7856505811214,201.757147520781,43.9535580873489,30.7654518187046,0,0,0.419880568981171,143.421867996454,259.541876167059
2.96991294622421,273.938258945942,15.6445494294167,22.1715332567692,42.2695492208004,56.534485578537,108.773642867804,163.430036008358,237.992807418108,252.110613763332,1608.59557637572,147.661584794521,2246.08781343699,127.558010131121,15.9314433336258,202.657988280058,10.0824847221375,7.87435832619667,35.2587364315987,105.623821049929,227.642838418484,173.24825912714,293.059531182051,477.78351521492,2045.15981048346,54.5220071673393,226.517769873142,349.389650523663,78.8221612274647,124.235902249813,21.6159834265709,210.926052212715,2.6683441400528,965.978515625,207.396452575922,1985.66079139709,1824.06186419725,891.688772141933,164.361355125904,395.737533152103,201.856947004795,0,36.558305054903,34.6858174204826,130.556825965643,4.36819887161255,101.718465954065,4.9213992357254,84.4947982430458,1.01953744888306,4.73549711704254,2.66869336366653,5.66413843631744,0,2.40042328834534,8.54726737737656,3.34464401006699,8.7821227312088,5.02674609422684,110.893573641777,9.56406119465828,113.440302312374,4.08035969734192,3.0536036491394,24.4386011958122,0.943050980567932,1.92911177873611,0,2.44523903727531,12.1149156689644,38.073606967926,15.3789016008377,104.77581974864,15.6933553218842,11.7633416056633,38.217494726181,26.4705814421177,8.01268607378006,5.93247678875923,26.1990671157837,0.66961008310318,0,192.747501313686,79.7045962810516
15.6490890681744,217.996762543917,892.679955810308,1250.44665685296,57.0260275006294,94.2785422503948,1210.23172906041,735.937634497881,2307.21315979958,1589.19682648778,53.7939468026161,169.474263459444,34.319324105978,530.289574682713,205.407737880945,577.853671640158,405.138912916183,20.3156991004944,67.4515452086926,726.449225664139,565.986844539642,174.184920668602,1007.91293877363,2537.66071474552,54.2907990515232,785.590633511543,6577.51050281525,3617.25735494494,257.775799840689,512.408056586981,17.1122849881649,98.5588305294514,14.185056746006,829.831819742918,2961.63175523281,3231.25873744488,336.456808269024,238.047055929899,191.383735120296,1540.22283279896,284.972242891788,36.558305054903,0,20736.2365030944,5661.79308748245,4327.30481979251,12663.6482457817,1255.61216750741,348.839461624622,57.5564742982388,192.230342835188,2447.24952223897,1776.00359675288,136.246818244457,908.728565305471,2649.96685266495,1550.05206465721,848.748481065035,4454.90495952964,1184.50804549456,3909.47734001279,1119.00418809056,2390.19109109044,652.630130499601,8348.30303889513,754.148735374212,5679.34025472403,2539.04254284501,1223.17608720064,9496.37646111846,1187.85323318839,33753.5734272599,5727.40181660652,114.311319589615,17353.170742929,66910.7872520089,10096.3483140469,920.931510955095,670.619953125715,677.133461415768,177.141763031483,15.6665560305119,5855.51711627841,13202.5181988478
0,54.3573579192162,72.0777986645699,0.723314642906189,2.3382226228714,0,9.43869686126709,3.64904853701591,32.9586398601532,7.82082226872444,82.9739644527435,6.15792402625084,138.572849184275,0.554118752479553,12.4616039395332,11.2863778173923,37.8707031607628,26.7562232911587,45.1251990497112,2.19489753246307,39.2269868552685,2.66901826858521,82.7005193531513,28.9912599921227,74.1084275245667,324.406425148249,1062.35663920641,25.1379825472832,0,7.68400293588638,42.1072204709053,0.530092060565948,0,89.7887410521507,2405.86940860748,126.229704141617,193.977540969849,26.0186584293842,121.844387352467,4.38780981302261,16.7820804715157,34.6858174204826,20736.2365030944,0,8000.22253844142,9734.17313796282,1190.8106534481,486.802906304598,1351.7761079669,2.53751048445702,50.1807618141174,202.155878484249,18.3278232216835,3.16484874486923,17.0686547756195,42.7349942922592,32.2357270717621,18.260775834322,56.1873606145382,469.025658935308,94.14481523633,384.549318283796,64.7131771445274,37.8939161598682,193.348701328039,237.443365216255,1895.92588582635,472.946375399828,20.7529773712158,336.872353076935,21.3998557627201,1614.66068270802,145.470358490944,90.6901692450047,5346.0058298707,8168.10575205088,158.549634307623,44.1352026760578,46.8853543400764,689.390371233225,9.84834307432175,0.836836397647858,1168.99542781711,4711.76132717729
0,75.6487246751785,258.698912456632,133.497315913439,6.35995006561279,14.0681223273277,170.55604583025,132.097261369228,312.599384367466,210.321534097195,81.6269069910049,18.7074907422066,137.801103770733,87.3046786785126,22.8792643845081,128.461338400841,129.765969902277,11.1987117528915,18.4632857143879,88.0356053113937,92.4519253373146,37.6465537250042,225.217307835817,404.822608977556,50.1640132069588,346.472547143698,2062.51694768667,486.324134409428,51.2132838070393,77.9328364133835,32.6219078302383,14.155668258667,0.451227456331253,313.351654410362,417.684684813023,350.56895083189,173.506888926029,68.2721284031868,53.1767648458481,212.621044307947,57.7326575815678,130.556825965643,5661.79308748245,8000.22253844142,0,4132.63971333206,541.42092782259,1394.98481819034,1152.3112924695,242.104502737522,63.7470835745335,792.261966258287,255.800306797028,21.400505065918,107.303130507469,1439.23429620266,359.491469889879,96.7018623054028,816.684383273125,1286.97535607219,908.730220764875,614.471252650023,1014.91702328622,47.7041354477406,1777.29711559415,384.114288181067,2863.42689204216,1560.1469412744,162.485708922148,10947.6836156696,134.636474639177,17683.6399205923,1202.46024528146,153.421577423811,6100.14094445109,19423.3253802359,4140.23181220889,2174.11786302924,2646.7815335393,478.017710953951,115.204255521297,219.19264960289,5726.39120142162,783.261433303356
1.04348683357239,40.4892069399357,97.461617410183,14.4235363602638,3.36037993431091,4.56146061420441,28.2832793593407,13.4216233491898,66.9668532013893,23.6900163888931,7.2332715690136,6.62154400348663,11.0790068507195,7.83206993341446,13.1452692747116,45.3673915863037,37.2003320455551,15.321247190237,28.7532125115395,13.6846890151501,64.1845354139805,23.1028130054474,127.489796996117,63.8151142597198,8.1109764277935,165.38837197423,848.293800204992,100.698746919632,9.77252328395844,29.4642164111137,5.19270542263985,3.30724185705185,0,40.8610191345215,1450.51164424419,115.033137023449,121.386364430189,17.2491745352745,98.8722155094147,34.5185003876686,4.01332992315292,4.36819887161255,4327.30481979251,9734.17313796282,4132.63971333206,0,1123.92349982262,870.228765457869,141.974173784256,46.3562780618668,28.7685521543026,337.073451906443,21.4065075218678,0.800311982631683,16.5942410230637,237.151390165091,63.9612312614918,21.6036787331104,75.884962439537,341.623041689396,266.642845958471,97.8372530639172,257.304912775755,12.4612161517143,632.881484299898,113.793346822262,1820.48232635856,665.491256564856,20.0806329250336,2521.72580739856,31.5914533138275,6276.8880918324,359.22887980938,16.3878917694092,3514.93067061901,8966.30796790123,1032.18844380975,282.248468518257,399.148873239756,156.553481727839,10.5133401453495,24.7181395292282,1370.15351593494,1909.81771746278
9.02170395851135,9.31893891096115,39.418090313673,3596.34896051884,105.473951250315,134.962341457605,1024.0123372674,814.292333602905,2552.01538535953,2454.13322594762,29.0190225243568,814.896138936281,17.8973797559738,455.634437859058,337.127808511257,684.699339091778,15.4676294922829,8.61123213171959,13.0495176315308,1427.75782352686,763.708799183369,72.9179955422878,977.634429693222,1684.13086614013,2.03267174959183,28.242366194725,614.491095095873,3724.11805835366,210.04780587554,341.327040225267,2.95339277386665,166.377717077732,11.8486120998859,662.794675111771,106.317579627037,1556.80010646582,30.6651261150837,111.99483191967,26.4459407031536,1876.31421768665,329.641859650612,101.718465954065,12663.6482457817,1190.8106534481,541.42092782259,1123.92349982262,0,1267.43117675185,48.2773270010948,20.3831450045109,144.637676119804,88.6388566195965,3314.48810976744,10413.6436559558,5891.63499766588,1065.1578835845,2493.22520911694,1506.89060810208,3038.82784408331,303.205332845449,4835.21947255731,2378.01996216178,2270.42130947113,6113.33669057488,209.139577448368,41.7760935127735,316.747847050428,79.7577730715275,1115.86496302485,751.611346125603,1204.94919553399,1898.81683382392,3631.47114619613,67.9805662333965,499.003207325935,2127.27939999104,4239.14844688773,827.140530318022,121.424537926912,53.5489633083344,259.314442038536,8.04421639442444,3618.93927067518,321.667946755886
1.7543506026268,3.74408942461014,15.2540644705296,284.938636958599,5.96715635061264,12.5637222528458,170.08801317215,79.2003900408745,347.433470219374,265.125153034925,3.99948292970657,47.6568772792816,4.47441899776459,30.7558861970901,15.8830977678299,32.7938058972359,1.92176786065102,2.08075177669525,2.93994379043579,139.430959075689,37.9110811948776,4.44667574763298,60.6402452588081,244.917028605938,2.31034368276596,8.58313634991646,122.495632410049,483.674060851336,15.1619682610035,46.961626470089,0,5.50919103622437,0,72.2136507034302,166.311715900898,171.447150468826,15.482976526022,13.5302004218102,9.77610075473785,205.510495871305,27.9842474460602,4.9213992357254,1255.61216750741,486.802906304598,1394.98481819034,870.228765457869,1267.43117675185,0,3.37601256370544,24.3926374018192,3.54909923672676,56.4569226205349,370.896260857582,12357.2968524098,2706.91751351953,602.54299095273,1453.73046112061,130.755376070738,1072.91453847289,86.0255678594112,936.389269202948,84.8654983341694,782.693897008896,311.015824019909,237.135490506887,23.2271556854248,65.9640852808952,25.7360785603523,252.806538671255,918.717444568872,111.48543047905,2486.92852398753,456.750725448132,1.55525767803192,110.178624689579,1610.84601485729,1324.21934920549,1470.74733582139,197.213430851698,8.64473080635071,5574.70988887548,16.2678852677345,372.547708809376,491.82231003046
0,4.68805468082428,0.607848286628723,0.90793764591217,0,2.14625853300095,0.580088138580322,1.55683791637421,2.74218744039536,8.49772182106972,563.306819289923,1.72455471754074,729.912215143442,4.34266585111618,0.978722214698792,5.32698714733124,0,14.0856259465218,1.21512472629547,1.25311648845673,1.36948668956757,3.46937644481659,4.29155233502388,5.8408996462822,427.493837505579,177.888851463795,210.538179785013,0,2.05486565828323,0,102.468136012554,0.558528244495392,0,107.0350073874,0.759286344051361,5.39870536327362,462.619261920452,48.6121280491352,3.01591348648071,5.14100784063339,3.2947279214859,84.4947982430458,348.839461624622,1351.7761079669,1152.3112924695,141.974173784256,48.2773270010948,3.37601256370544,0,0,143.32450067997,0,0.439211219549179,2.32290530204773,1.79229861497879,2.37010079622269,3.57261604070663,66.0006798505783,5.66943219304085,2530.70161134005,14.938179910183,1251.82488524914,4.04897394776344,8.68523788452148,57.746922492981,0.553138613700867,1.84044432640076,0,3.34598127007484,5.92900449037552,69.5298836231232,7.54513475298882,135.725193321705,1102.24942803383,16.3293933868408,219.871468633413,16.1447079479694,10.5883332490921,0.507988035678864,23.1534624993801,6.38083273172379,0,2478.11815142632,19.6368215084076
0,0.400963753461838,9.20406752824783,2.06390339136124,0,2.03919285535812,12.1154916286469,8.91652950644493,31.5521020293236,12.2554021775723,0,0,0,4.81235873699188,4.20549982786179,7.23873302340508,1.91526085138321,0,0.843718767166138,1.76777255535126,6.28115612268448,1.83541989326477,6.27299210429192,66.5081238150597,0,12.6921901702881,42.8542239367962,80.0247836709023,5.25567209720612,17.0152144134045,0,0.461282163858414,1.65179824829102,4.35006827116013,13.799548625946,25.5439386367798,1.37242418527603,0.326855540275574,1.23177117109299,22.2484147846699,2.62529981136322,1.01953744888306,57.5564742982388,2.53751048445702,242.104502737522,46.3562780618668,20.3831450045109,24.3926374018192,0,0,0.38392248749733,143.554083675146,10.1849342882633,2.03915357589722,15.7834469377995,2593.46981081367,256.145990312099,5.17823615670204,76.2517415881157,55.634452521801,25.2132888138294,5.36045631766319,7637.6615498364,1.36116909980774,30.5088292956352,399.016502648592,29.5202483832836,299.098374634981,11.1200495064259,209.782463610172,50.5030991137028,406.461900383234,635.190449208021,1.20240545272827,297.092382758856,456.358654618263,742.689438074827,9053.71604129672,3797.40561160445,0.333976566791534,1.43876826763153,64.2027066349983,794.80781057477,25.2848679125309
1.03536736965179,629.98687851429,197.70481467247,1.48775279521942,0,0,10.4623643755913,3.2521847486496,606.005885928869,3.05550786852837,39.8032159209251,0,61.9088905453682,5.34710329771042,0,49.3983256220818,157.997799992561,6.02912068367004,19.2877054512501,0.459675937891006,23.2014022469521,179.004156112671,92.0487774610519,44.972162425518,86.7202163934708,224.194315552711,4873.25561338663,75.7355073988438,9.30113077163696,7.18255305290222,28.9773297309875,0,1.31675779819489,97.6762222647667,17.2220448255539,272.166122406721,81.0045863091946,82.5017571151257,42.8914175033569,1.00870394706726,0,4.73549711704254,192.230342835188,50.1807618141174,63.7470835745335,28.7685521543026,144.637676119804,3.54909923672676,143.32450067997,0.38392248749733,0,13.7820236086845,0,2.51582431793213,5.73013353347778,31.5599152445793,7.3102271258831,1261.26135653257,5.01979759335518,178.636822521687,12.380092382431,518.895191013813,8.20165452361107,145.135164260864,2065.03909385204,94.4773102104664,1.05808758735657,120.168006807566,5.80053272843361,71.6801844537258,2992.33990648389,96.3482590615749,3724.02883780003,1810.97676935792,151.22080257535,20243.6519895792,85.1779048442841,13.1941250562668,11.4488773941994,27.5137089490891,0,0.524063408374786,110.895825862885,40.4143615961075
0.421660304069519,56.9412914216518,862.046288073063,0,0.851525723934174,0,13.1102689802647,7.1582265496254,53.069318562746,0.444305956363678,0,0,0,11.4276380240917,0.725425541400909,17.4741476476192,384.512282669544,0,21.3788712322712,0,29.9787987172604,14.2566212117672,266.266160517931,32.4848747551441,4.35963928699493,361.777641713619,5395.26283213496,40.1447294950485,6.64302361011505,8.36514526605606,0,0,0,208.052284836769,153.757402539253,458.810587078333,110.872751146555,155.206391394138,100.542663246393,4.88222932815552,2.11312806606293,2.66869336366653,2447.24952223897,202.155878484249,792.261966258287,337.073451906443,88.6388566195965,56.4569226205349,0,143.554083675146,13.7820236086845,0,4.28793424367905,1.2564871609211,54.9292620122433,7922.12505343556,1494.6108750999,0.371770054101944,50.3292626142502,49.0572407543659,16.028540045023,31.9637775719166,3392.9199577868,3.41494938731194,34.8430897295475,18006.8384394646,57.2156269550323,2211.93245440722,10.9916156232357,3616.22457379103,5.25766763091087,26019.317386806,24.2776473164558,0,31186.5492519438,44477.0626637042,400.539387375116,402.187697827816,2992.14907360077,0.986733078956604,1.48027142882347,6.51281276345253,1167.00073191524,334.995559126139
4.15369409322739,0.391277641057968,0.845825850963593,2606.01362317801,41.0883632898331,49.1492759585381,583.823405593634,217.289401590824,3273.54201894999,1754.3694190979,0.834944844245911,639.348700582981,3.59819459915161,115.828650385141,162.361674576998,29.0385539829731,0,1.21543437242508,1.45501112937927,1607.05893144011,46.5778158903122,10.4614150524139,24.9383735358715,682.129454404116,1.36683809757233,1.32864332199097,15.2949303686619,2183.29539629817,34.3631573617458,49.1153596043587,2.9690717458725,25.2328892946243,0,166.367283523083,18.1850928664207,497.392161995173,1.2140437066555,15.5030879974365,8.52284187078476,522.949343949556,67.9999212026596,5.66413843631744,1776.00359675288,18.3278232216835,255.800306797028,21.4065075218678,3314.48810976744,370.896260857582,0.439211219549179,10.1849342882633,0,4.28793424367905,0,171.581544876099,803.310170173645,289.703869104385,777.077230781317,2536.88690793514,4611.28428435326,266.575513601303,21395.2283158004,141.389348387718,1003.70247203112,2782.44506806135,0.785293459892273,4.94854491949081,181.316461622715,52.5589323341846,28898.5397350192,7.28497877717018,289.163086354733,8.47157824039459,5352.54965612292,1.1075541973114,187.884193599224,113.773619383574,2892.64530473948,860.172542154789,12.4863083362579,22.9255858659744,15.6629826128483,1.99582487344742,769.108333408833,377.064402103424
0,0,2.45512926578522,44.3344463706017,0.695510804653168,0,8.63700339198112,1.97381171584129,15.7377268373966,12.4311742782593,0,2.93804383277893,0.77236807346344,2.7041180729866,0.757610082626343,5.04623609781265,1.17620933055878,0,1.35106861591339,17.4809911549091,9.98092204332352,0,15.8324737548828,14.8682062625885,0,1.3027172088623,20.067341029644,24.5271814465523,2.23673641681671,3.84559881687164,0,0,0,2.06897383928299,157.539993673563,8.09910535812378,9.00924980640411,2.2531201839447,4.34441924095154,7.77097636461258,1.42864760756493,0,136.246818244457,3.16484874486923,21.400505065918,0.800311982631683,10413.6436559558,12357.2968524098,2.32290530204773,2.03915357589722,2.51582431793213,1.2564871609211,171.581544876099,0,1741.06211289763,28.1444794237614,126.221808612347,106.196197450161,86.3574344217777,46.4638239443302,261.901285707951,20.1259169280529,65.2612791359425,4651.14022770524,5.3813453912735,0.87118273973465,23.9170664250851,0,36.3597287833691,5.84523344039917,55.2614398598671,23.3381332159042,193.736058026552,2.48126745223999,18.9786325097084,30.7419635653496,194.377167731524,13.5543223619461,5.25803089141846,8.94810557365417,612.544720232487,0,755.323509454727,1530.54670134187
0,0.61298543214798,1.20674169063568,78.7286953628063,0,0.560148954391479,20.848525762558,0,143.158964663744,46.337275236845,4.30677816271782,22.4069097936153,2.04935279488564,5.30918514728546,2.81318190693855,10.0106003284454,0,1.90572774410248,0,30.0814225971699,7.02160304784775,2.22999668121338,14.5176163613796,50.570223480463,2.35635760426521,3.24154099822044,6.24971368908882,92.7080557644367,1.98116940259933,8.26391142606735,0,0,0.449543446302414,6.03129175305367,45.7213854789734,56.3381006717682,4.555644094944,0,0,41.5476047694683,3.03662538528442,2.40042328834534,908.728565305471,17.0686547756195,107.303130507469,16.5942410230637,5891.63499766588,2706.91751351953,1.79229861497879,15.7834469377995,5.73013353347778,54.9292620122433,803.310170173645,1741.06211289763,0,1544.66988453269,15883.6142788231,146.607971340418,17750.7558015883,427.400764495134,12108.6139948368,131.714114040136,2183.61392739415,4948.54942938685,1.88927125930786,18.6743510067463,279.168956816196,60.4812918305397,1023.55234190822,31.1765530705452,61.443088889122,27.3833441734314,398.684032946825,7.1121141910553,236.534348428249,133.843625873327,2422.82496958971,666.078148335218,35.1282561123371,39.4094325602055,61.919963747263,2.23925876617432,652.770694196224,1070.63650819659
6.71981024742126,3.58933213353157,67.0165270864964,248.924192994833,12.0664346218109,32.3920869529247,367.097099751234,258.885619312525,646.448086470366,414.459082514048,5.94186893105507,24.8010292649269,2.41778558492661,195.334818810225,60.534071803093,25.502169907093,29.880715996027,0,0.407757163047791,160.070130288601,41.0692507326603,23.6864606142044,53.616967767477,758.88526698947,0,23.618629693985,551.75928235054,912.539271265268,79.88832244277,130.951271861792,0,15.9879002869129,3.43820443749428,228.127380222082,147.377263724804,695.20344170928,15.2277331054211,48.5925006270409,13.4161989688873,525.831646978855,92.3037378191948,8.54726737737656,2649.96685266495,42.7349942922592,1439.23429620266,237.151390165091,1065.1578835845,602.54299095273,2.37010079622269,2593.46981081367,31.5599152445793,7922.12505343556,289.703869104385,28.1444794237614,1544.66988453269,0,24114.9913556278,672.158529281616,25392.2925994992,462.908831119537,469.281516879797,122.335596680641,37493.4878971875,282.129588484764,46.4834243357182,2373.06435637176,420.24513939023,737.226156234741,138.981281757355,15331.9568983316,798.611860364676,9444.29671621323,7130.97014251351,8.59899538755417,3082.22172942758,4993.14412890375,89075.0965816826,9498.06933778524,12242.4079980552,26.443917632103,42.960912168026,193.624323278666,3465.5385338366,1198.06486809254
0,1.07324665784836,10.1817864179611,96.5204207897186,0,2.2998251914978,56.6850129663944,6.66107434034348,254.496216386557,50.8383188247681,6.18571245670319,9.02745419740677,12.767415702343,5.9761788547039,5.9733812212944,9.51766300201416,0.614714741706848,0.999980747699738,0,43.9395337700844,16.633346259594,2.67882066965103,19.9288754463196,110.70567587018,4.69732123613358,8.47509980201721,82.0903033912182,133.564742267132,1.27295595407486,18.3739239275455,5.22697535157204,1.03638803958893,0,11.6064873039722,53.0195921063423,95.5082190930843,15.2785362899303,2.32163575291634,5.18067222833633,54.5964811444283,11.1911029219627,3.34464401006699,1550.05206465721,32.2357270717621,359.491469889879,63.9612312614918,2493.22520911694,1453.73046112061,3.57261604070663,256.145990312099,7.3102271258831,1494.6108750999,777.077230781317,126.221808612347,15883.6142788231,24114.9913556278,0,129.153211086988,16833.3798432946,1045.20401000977,5810.27133622766,264.444152295589,20666.7197964787,520.35851931572,5.55452367663383,484.529592841864,535.021925210953,301.503706753254,1411.38729843497,929.619424313307,88.0028861165047,925.409150183201,514.8109626472,9.72030654549599,1144.6909148097,927.353269949555,3571.58174026012,2625.37557035685,938.004515200853,82.7224380671978,476.768987715244,11.4424530863762,1798.40735587478,681.491929143667
0.574263989925385,11.3951449394226,3.4565321803093,252.236592262983,7.47015154361725,5.36635431647301,105.123087048531,39.0542227327824,665.779353916645,162.655053168535,15.370549172163,37.2275501489639,7.02745097875595,47.2694462537766,21.6898790895939,109.074474334717,0,10.8845614790916,10.8569912910461,87.5336393713951,21.1374906301498,229.641640543938,97.4686684906483,180.997276395559,9.58409607410431,15.1476098001003,395.033085972071,283.49682623148,14.4732812941074,4.38842993974686,4.86262941360474,2.87184154987335,0,30.0031616389751,23.0745089948177,104.005890607834,7.44314706325531,8.15502148866653,0,60.921766012907,20.1151903271675,8.7821227312088,848.748481065035,18.260775834322,96.7018623054028,21.6036787331104,1506.89060810208,130.755376070738,66.0006798505783,5.17823615670204,1261.26135653257,0.371770054101944,2536.88690793514,106.196197450161,146.607971340418,672.158529281616,129.153211086988,0,464.132306426764,175.450329482555,516.603067457676,411.355531990528,249.430691868067,2086.16545394063,5.66943275928497,0.892777323722839,73.7586623430252,32.3810877501965,210.564754664898,2.32102230191231,13087.2682970166,2.31313872337341,26032.8470473886,565.754392623901,109.54817584157,1517.18133792281,4207.47563239932,262.798097699881,7.70898613333702,28.1899855732918,5.52627909183502,3.19774448871613,278.775227159262,164.289733409882
0,2.39241975545883,0.685086607933044,646.687393248081,6.08881765604019,6.00420725345612,184.250662505627,52.5255818665028,931.202160805464,537.995549947023,1.20639938116074,70.7403380274773,6.49597677588463,30.185898900032,18.6893332004547,18.2520680725574,0,0,0,333.50574952364,20.5736369490623,1.95014372467995,30.0292154848576,207.282208383083,1.46868282556534,0.374995350837708,22.6062196791172,618.45470225811,2.02028131484985,18.8225359320641,0.969995856285095,4.8409868478775,0,71.5475503504276,157.474093347788,380.433149725199,8.70572519302368,2.80643901228905,7.04601216316223,200.609519124031,33.2656638920307,5.02674609422684,4454.90495952964,56.1873606145382,816.684383273125,75.884962439537,3038.82784408331,1072.91453847289,5.66943219304085,76.2517415881157,5.01979759335518,50.3292626142502,4611.28428435326,86.3574344217777,17750.7558015883,25392.2925994992,16833.3798432946,464.132306426764,0,1294.8259460628,11063.7645961046,412.406052231789,7255.89700467885,494.624278366566,4.9388692677021,29.1404404640198,962.052986890078,382.622985988855,5879.586992383,65.347141712904,160.871137708426,90.6430709064007,1384.43790853024,7.2565404176712,1097.12414440513,754.926825717092,33186.487852633,4602.33263632655,82.1050696074963,106.168136000633,86.2012445926666,10.3914552628994,2820.85522773862,1773.99997267127
0,45.2553033828735,10.3413816690445,16.8708300590515,0,2.2729834318161,14.479014724493,7.36357280611992,215.875621527433,6.27242150902748,1989.59090551734,6.84485614299774,3246.05762675405,4.53059697151184,1.65626388788223,6.47559255361557,0.42326956987381,180.914922565222,31.9717873930931,8.44672271609306,1.83500465750694,21.6957356333733,11.3581690192223,44.0775936841965,1340.12053218484,1637.63740122318,1462.91740459204,10.4477884173393,15.3430175185204,4.23548978567123,726.769883662462,16.2453094422817,0,173.801175445318,63.6401859819889,39.6981378793716,1799.05173915625,131.806822150946,13.042149245739,14.5481681525707,4.0346907377243,110.893573641777,1184.50804549456,469.025658935308,1286.97535607219,341.623041689396,303.205332845449,86.0255678594112,2530.70161134005,55.634452521801,178.636822521687,49.0572407543659,266.575513601303,46.4638239443302,427.400764495134,462.908831119537,1045.20401000977,175.450329482555,1294.8259460628,0,1456.57307642698,14260.0323905051,2196.94676139951,96.3586892187595,81.1618746519089,520.31667123735,13478.212751925,1578.9044829607,366.642298728228,119.093005001545,115.238045722246,194.983959287405,257.079933911562,4316.86954572797,2887.36269503832,1259.94878694415,367.432056069374,6406.75143286586,275.519484549761,1590.79543569684,1001.63335904479,9.27699264883995,6798.35220777988,146.25884398818
1.08892494440079,2.51882934570312,2.2755708694458,663.222502529621,19.8599202632904,24.0919705629349,141.139450460672,86.9154503941536,665.075864553452,447.139093905687,12.6583117842674,376.11568030715,9.94346463680267,52.5693659484386,57.6597199738026,31.3349305391312,1.37930130958557,3.49064069986343,4.85031765699387,303.691354602575,47.3419758379459,6.82139593362808,56.3176322281361,223.263168185949,4.20196381211281,6.37192857265472,35.0060828328133,591.594713419676,20.5387530326843,49.4375421404839,2.25935560464859,16.3594086170197,0.687221586704254,91.2930529415607,352.372406423092,280.811123281717,19.479389756918,12.7191606760025,7.55464023351669,296.591470927,43.3736602663994,9.56406119465828,3909.47734001279,94.14481523633,908.730220764875,266.642845958471,4835.21947255731,936.389269202948,14.938179910183,25.2132888138294,12.380092382431,16.028540045023,21395.2283158004,261.901285707951,12108.6139948368,469.281516879797,5810.27133622766,516.603067457676,11063.7645961046,1456.57307642698,0,437.977364450693,4701.71159589291,6480.13784477115,30.3009539842606,21.4925122261047,924.967452853918,302.251322478056,13960.7066621482,107.547794222832,136.826001465321,112.734416931868,872.506723046303,9.22561550140381,947.353855848312,560.774439185858,2136.98435777426,2344.04426637292,57.6092915534973,127.992040932178,83.4822957217693,0,2008.57103434205,4391.12875813246
9.8892325758934,141.337023466825,13.1113168597221,36.5616148114204,49.1389398574829,65.9723660647869,124.824448347092,181.86867916584,212.695483356714,192.679073542356,2836.845187217,90.708143979311,4803.58077642322,113.517969310284,19.3233018815517,594.307049125433,4.08063691854477,584.566234588623,116.869926303625,82.2510350942612,479.111920148134,85.4779674112797,1051.47669327259,470.562215447426,3049.53304961324,5766.38397422433,7870.27758985758,669.901543140411,46.9829564094543,217.901836335659,2645.3433662951,123.734833985567,2.02947837114334,405.808747470379,34.7407473921776,293.790080368519,2482.20266827941,193.437135130167,40.239412099123,764.89707493782,98.0470780730247,113.440302312374,1119.00418809056,384.549318283796,614.471252650023,97.8372530639172,2378.01996216178,84.8654983341694,1251.82488524914,5.36045631766319,518.895191013813,31.9637775719166,141.389348387718,20.1259169280529,131.714114040136,122.335596680641,264.444152295589,411.355531990528,412.406052231789,14260.0323905051,437.977364450693,0,632.767041146755,148.799820512533,708.396232694387,11.8954481780529,39.7210883796215,28.6594071388245,134.758780449629,206.216189295053,370.196005642414,620.101111263037,916.93619954586,7343.41228491068,345.758318275213,3806.25754100084,248.419910222292,1145.83871275187,48.2613490819931,1926.52959901094,210.797655165195,0.76298600435257,1849.08826522529,168.833441644907
1.79135006666183,10.6772569417953,44.6291948854923,182.859369456768,0.613895773887634,1.464311003685,95.2366386055946,12.4851765632629,492.653279036283,65.1717322766781,18.4228821992874,35.3641686439514,36.4743999242783,5.11191672086716,10.2357678413391,33.9838747680187,12.8252656757832,1.95737236738205,1.13685524463654,47.123444288969,49.5710763633251,13.4001154005527,35.9256222844124,289.770305305719,14.7993416190147,41.2795214056969,292.229401528835,314.986748218536,4.85677123069763,44.58950984478,8.30044260621071,5.71474656462669,3.76705902814865,42.1849537193775,35.8971612453461,147.793844133615,41.9378877580166,13.5199168622494,5.05621376633644,169.903791874647,13.3808767795563,4.08035969734192,2390.19109109044,64.7131771445274,1014.91702328622,257.304912775755,2270.42130947113,782.693897008896,4.04897394776344,7637.6615498364,8.20165452361107,3392.9199577868,1003.70247203112,65.2612791359425,2183.61392739415,37493.4878971875,20666.7197964787,249.430691868067,7255.89700467885,2196.94676139951,4701.71159589291,632.767041146755,0,484.241177767515,46.3064426779747,2715.45824864507,1179.12684682012,1538.12613922358,1324.82335144281,1586.26136291027,257.778511017561,3421.53200125694,1831.82862617075,21.4419118463993,3653.35765555501,4045.83102479577,4168.26259766519,12100.7318766117,13426.3102934957,142.352322816849,172.844071507454,107.043123930693,3554.66245630383,299.974151432514
0,2.95148926973343,5.7813481092453,366.481674253941,12.3520502150059,16.6962270140648,79.0479339063168,64.4082221388817,276.720354437828,241.272818416357,4.63808152079582,90.4635127484798,2.62486654520035,37.4794609546661,31.8205752968788,42.6886423230171,1.27943968772888,1.28082740306854,1.87095987796783,147.672033786774,76.5395973324776,7.11523050069809,86.8888040184975,164.491039574146,1.59683763980865,6.03411400318146,86.6080226004124,363.161491721869,19.3121423125267,41.8018283545971,0,12.7768013775349,1.72264045476913,48.5403950810432,149.790931969881,172.035993814468,12.1254934668541,19.1881206333637,9.70572608709335,199.654186159372,28.5981852114201,3.0536036491394,652.630130499601,37.8939161598682,47.7041354477406,12.4612161517143,6113.33669057488,311.015824019909,8.68523788452148,1.36116909980774,145.135164260864,3.41494938731194,2782.44506806135,4651.14022770524,4948.54942938685,282.129588484764,520.35851931572,2086.16545394063,494.624278366566,96.3586892187595,6480.13784477115,148.799820512533,484.241177767515,0,74.4924579262733,2.88102567195892,38.9321657121181,6.90414482355118,658.551608771086,284.579824000597,926.496737092733,317.013890326023,2888.03613144159,77.711725383997,39.0369757711887,291.391667366028,2014.72946453094,145.435316681862,24.5335653722286,13.4891674816608,59.2953796386719,1.67949175834656,277.528785377741,154.294277787209
5.07010540366173,107.480009704828,105.485204905272,7.0188375711441,20.1803212165833,14.530540317297,147.152718007565,59.4355048835278,3108.5231051445,32.1631321907043,6.66994917392731,12.8250921070576,13.6431836783886,55.0418176949024,39.1619275212288,6168.99569618702,50.3737297952175,2.28040981292725,5.43167406320572,10.2101168632507,1745.47463738918,1535.83950093389,7239.51435911655,2044.5369476974,7.96498587727547,56.8730092346668,8012.43493899703,1516.59978201985,41.3585729300976,147.717694848776,0,34.2551973760128,3.22975790500641,145.873642146587,348.39790096879,410.894478142262,46.2733396589756,92.3258734643459,59.8870117664337,300.053260505199,43.7921173870564,24.4386011958122,8348.30303889513,193.348701328039,1777.29711559415,632.881484299898,209.139577448368,237.135490506887,57.746922492981,30.5088292956352,2065.03909385204,34.8430897295475,0.785293459892273,5.3813453912735,1.88927125930786,46.4834243357182,5.55452367663383,5.66943275928497,4.9388692677021,81.1618746519089,30.3009539842606,708.396232694387,46.3064426779747,74.4924579262733,0,131.218938946724,20.537718474865,44.6429370641708,0,5386.44194558263,8281.41783201694,10376.237331301,3246.5658338964,632.704520493746,158.539075821638,23040.0198838413,662.888348519802,351.768852412701,828.67029106617,28.455003798008,1.29776966571808,39.4689819216728,753.165009051561,2184.29930400848
2.35003900527954,132.682630062103,1098.28984081745,0,0.506285429000854,0,14.5827801823616,5.63484305143356,71.2890586555004,0,2.34138989448547,0,2.26464891433716,6.78114676475525,0,28.8066138029099,561.726782381535,2.54742312431335,51.8901932835579,0,33.3369287252426,11.8001103699207,136.383439898491,27.9714697599411,7.75306823849678,897.054628700018,4585.87262710929,27.7498253583908,10.4678595364094,11.1310229301453,0.708496809005737,0,1.18127518892288,210.773804217577,46.5545756220818,490.791269809008,191.569898486137,171.724742621183,123.132936447859,9.40018764138222,0.50089693069458,0.943050980567932,754.148735374212,237.443365216255,384.114288181067,113.793346822262,41.7760935127735,23.2271556854248,0.553138613700867,399.016502648592,94.4773102104664,18006.8384394646,4.94854491949081,0.87118273973465,18.6743510067463,2373.06435637176,484.529592841864,0.892777323722839,29.1404404640198,520.31667123735,21.4925122261047,11.8954481780529,2715.45824864507,2.88102567195892,131.218938946724,0,452.118745833635,11953.9839122891,7.08261272311211,1917.54878666997,23.0499719381332,13159.6416001916,83.4168324172497,16.9015775918961,21135.394346863,26921.8160777092,242.226449161768,1091.58748462796,7982.05184420943,0.573163270950317,1.56342732906342,40.624214142561,1462.56424462795,104.12332996726
0,22.4741679430008,9.15474960207939,1.16569751501083,0,1.43028748035431,0,0.54296088218689,133.771219104528,0,17.3636865913868,1.56966876983643,38.0978882312775,0.41778352856636,2.56491827964783,0,3.28446340560913,29.3019146025181,21.5210506916046,2.18741339445114,3.94436198472977,0.593387305736542,3.41606330871582,7.74471893906593,15.8400227427483,340.337087631226,642.179488748312,0,0,0,29.7830789685249,0,0,11.1457672715187,303.185152739286,34.0753849446774,67.608818769455,7.8107602596283,13.6618214249611,3.07982462644577,0,1.92911177873611,5679.34025472403,1895.92588582635,2863.42689204216,1820.48232635856,316.747847050428,65.9640852808952,1.84044432640076,29.5202483832836,1.05808758735657,57.2156269550323,181.316461622715,23.9170664250851,279.168956816196,420.24513939023,535.021925210953,73.7586623430252,962.052986890078,13478.212751925,924.967452853918,39.7210883796215,1179.12684682012,38.9321657121181,20.537718474865,452.118745833635,0,1229.04496857524,292.752978175879,101.547922641039,42.7503661215305,227.973651260138,97.0962369441986,11.3446325659752,5710.63728669286,1709.25718152523,313.049036130309,1979.21516051888,161.625451683998,29.3926060497761,183.85899952054,4.92949524521828,2374.57829388976,666.854229331017
0.328164339065552,180.227656126022,211.064731389284,0,0,0,4.81120172142982,0.859758317470551,63.1399343907833,0,8.42709374427795,1.30636394023895,17.2183617353439,0.607239365577698,3.15495944023132,9.0032285451889,137.434772491455,15.9094734191895,84.0994094610214,0.56036639213562,1.93218243122101,7.08000099658966,28.4904245734215,9.51674461364746,42.877876073122,1345.55653530359,4422.65246447921,5.55202519893646,7.39293700456619,0.352395236492157,13.8852261602879,1.19648039340973,0,59.3283626139164,158.599618196487,142.725769639015,135.656301110983,32.4199053645134,35.327801913023,4.87104699015617,0.432991832494736,0,2539.04254284501,472.946375399828,1560.1469412744,665.491256564856,79.7577730715275,25.7360785603523,0,299.098374634981,120.168006807566,2211.93245440722,52.5589323341846,0,60.4812918305397,737.226156234741,301.503706753254,32.3810877501965,382.622985988855,1578.9044829607,302.251322478056,28.6594071388245,1538.12613922358,6.90414482355118,44.6429370641708,11953.9839122891,1229.04496857524,0,117.242705225945,695.789818167686,23.2877340912819,2250.46486750245,81.3150575906038,34.5842360854149,11746.7393188477,11791.9413095415,207.463605165482,1244.23559474945,2728.74211359024,13.7277266979218,7.7342392206192,38.6455668210983,8033.26530119777,291.221345245838
0,0.449931979179382,0.957934081554413,420.685368925333,4.19944134354591,5.48977339267731,125.067200660706,47.129316419363,574.070778101683,335.569500356913,0,63.8354716897011,1.84691947698593,30.2314977645874,21.8394999206066,13.8721438348293,0,0,0,258.61595132947,8.6379055082798,1.40853178501129,12.2141750454903,138.02913326025,1.27529057860374,0,7.05407263338566,358.622876495123,9.03387522697449,9.29536297917366,0,6.53729724884033,0,42.436208486557,9.72871860861778,146.916560292244,0.94465497136116,6.06638616323471,1.98466223478317,105.729523956776,17.9722070991993,2.44523903727531,1223.17608720064,20.7529773712158,162.485708922148,20.0806329250336,1115.86496302485,252.806538671255,3.34598127007484,11.1200495064259,5.80053272843361,10.9916156232357,28898.5397350192,36.3597287833691,1023.55234190822,138.981281757355,1411.38729843497,210.564754664898,5879.586992383,366.642298728228,13960.7066621482,134.758780449629,1324.82335144281,658.551608771086,0,7.08261272311211,292.752978175879,117.242705225945,0,13.4033902287483,58.754004240036,14.6651474237442,473.762035012245,1.72601181268692,321.565504774451,208.085457026958,1102.9954508245,869.770895034075,10.1791414022446,31.7522208839655,21.0933097600937,0.936452955007553,682.32252857089,163.331869423389
5.16474682092667,13.086963057518,44.3868125379086,8.05606493353844,17.7128512561321,14.4628669023514,41.0253210961819,37.1818312108517,1176.4355044663,26.6598644554615,0,6.16359594464302,3.17350125312805,33.3073067367077,14.8821721374989,1429.35040783882,11.7330588400364,0,3.46130591630936,7.76488706469536,1022.28050294518,508.996733039618,1649.4580514431,1493.08839169145,0,34.6246926188469,1009.00852903724,1286.6203340888,34.3777487277985,145.447055310011,0,33.1495874524117,5.90244513750076,57.340978205204,743.408144026995,193.571023195982,18.0071960091591,15.8935061991215,26.1459077596664,273.483453005552,40.9469416737556,12.1149156689644,9496.37646111846,336.872353076935,10947.6836156696,2521.72580739856,751.611346125603,918.717444568872,5.92900449037552,209.782463610172,71.6801844537258,3616.22457379103,7.28497877717018,5.84523344039917,31.1765530705452,15331.9568983316,929.619424313307,2.32102230191231,65.347141712904,119.093005001545,107.547794222832,206.216189295053,1586.26136291027,284.579824000597,5386.44194558263,1917.54878666997,101.547922641039,695.789818167686,13.4033902287483,0,389.232332140207,56927.9215836525,1106.56922012568,15.925469994545,1413.39487558603,13618.1030136943,9780.86493510008,2017.82443758845,42232.1207202077,8.63195139169693,4.20203378796577,296.351715654135,19891.4567066133,4314.96508830786
11.9832853674889,70.1541567146778,59.131944835186,1142.00603371859,12.2632373869419,66.6756465733051,774.312016755342,565.744934201241,7607.9218378365,748.479634940624,125.405011177063,156.640788167715,26.0969021320343,329.983336687088,134.199272990227,1519.95804327726,41.4977195560932,81.224037706852,83.2991662621498,310.626749843359,465.498531669378,836.059743613005,1070.6951700747,3072.62370032072,12.5028613209724,135.488581269979,2394.10968101025,2444.50413557887,193.990607768297,209.104439556599,14.2148764133453,49.5680247247219,17.5281400680542,410.012720942497,116.370275497437,1062.81699955463,53.4255398511887,89.4528935849667,43.4807103872299,442.380552411079,110.33360683918,38.073606967926,1187.85323318839,21.3998557627201,134.636474639177,31.5914533138275,1204.94919553399,111.48543047905,69.5298836231232,50.5030991137028,2992.33990648389,5.25766763091087,289.163086354733,55.2614398598671,61.443088889122,798.611860364676,88.0028861165047,13087.2682970166,160.871137708426,115.238045722246,136.826001465321,370.196005642414,257.778511017561,926.496737092733,8281.41783201694,23.0499719381332,42.7503661215305,23.2877340912819,58.754004240036,389.232332140207,0,349.116404354572,35531.2590382695,628.187534987926,91.1147776246071,9494.76821810007,1401.43580028415,458.982458800077,142.251493483782,25.0630685985088,9.94714069366455,19.4281278848648,303.300121426582,311.86679199338
3.37881019711494,42.1691644787788,319.200918912888,2.81957197189331,10.1124857664108,9.4677839577198,107.467261731625,39.3499002158642,937.928834110498,16.7170269489288,4.21751591563225,4.12935820221901,4.02494758367538,36.1978815793991,25.4346379935741,2926.64294534922,144.388543218374,0,15.5074317753315,5.41572079062462,905.829226076603,572.775325983763,4491.79632753134,943.218343049288,0,118.413496315479,8229.8213775754,767.401169508696,21.82820135355,80.4841147959232,0.628991723060608,20.4989347457886,1.50801447033882,193.003357559443,2359.39336380363,494.819538027048,105.051436394453,129.892456799746,126.710565060377,204.064621120691,37.0876142084599,15.3789016008377,33753.5734272599,1614.66068270802,17683.6399205923,6276.8880918324,1898.81683382392,2486.92852398753,7.54513475298882,406.461900383234,96.3482590615749,26019.317386806,8.47157824039459,23.3381332159042,27.3833441734314,9444.29671621323,925.409150183201,2.31313872337341,90.6430709064007,194.983959287405,112.734416931868,620.101111263037,3421.53200125694,317.013890326023,10376.237331301,13159.6416001916,227.973651260138,2250.46486750245,14.6651474237442,56927.9215836525,349.116404354572,0,1163.42583757639,33.4525246024132,7783.77149093151,71168.3315791488,3135.4988527894,1355.78247624636,15469.8701343238,8.76350772380829,0.920909225940704,101.709284901619,13201.2123617828,9513.93096777797
48.9524799287319,81.2858575880527,97.910016477108,2409.11514732242,84.2814659178257,214.404502809048,1748.71348440647,1546.03729215264,7891.92624083161,2037.82865422964,112.479586899281,348.389985799789,45.2515519559383,941.674270242453,401.49678710103,1827.37955182791,30.0075430572033,3.96608197689056,8.89715379476547,1005.24537456036,1875.78892248869,1189.50974908471,1807.53254073858,7892.12810608745,18.8775355815887,45.2460230886936,1684.34049522877,7544.80383807421,601.229240357876,1118.04696136713,6.34881901741028,171.282696068287,47.389938056469,1093.57721486688,299.03364443779,3134.91349369287,75.1351179182529,251.374088257551,45.7438671886921,2168.79879495502,416.792722404003,104.77581974864,5727.40181660652,145.470358490944,1202.46024528146,359.22887980938,3631.47114619613,456.750725448132,135.725193321705,635.190449208021,3724.02883780003,24.2776473164558,5352.54965612292,193.736058026552,398.684032946825,7130.97014251351,514.8109626472,26032.8470473886,1384.43790853024,257.079933911562,872.506723046303,916.93619954586,1831.82862617075,2888.03613144159,3246.5658338964,83.4168324172497,97.0962369441986,81.3150575906038,473.762035012245,1106.56922012568,35531.2590382695,1163.42583757639,0,1344.5199136734,295.03618490696,13802.9701915234,17941.1482710242,6281.82439222932,2713.19973447919,59.9926370978355,17.9656729400158,337.757705360651,2281.54187020659,2196.93826535344
0,89.2297363877296,12.3102751970291,0,0,0.803735554218292,1.24488377571106,2.86720663309097,31.0118913650513,1.37456083297729,247.828667342663,5.34640258550644,564.987339049578,4.10475337505341,0,7.17974063754082,4.23759281635284,23.174204647541,21.7888666391373,0,1.50229573249817,18.6013081669807,4.09974372386932,13.5818817615509,1239.40145736933,462.762951374054,1978.0748513639,2.60372647643089,4.00422763824463,0,202.70366564393,1.63757413625717,0,42.634109556675,1.79076552391052,15.1206156611443,92.1931365430355,11.7296841740608,10.8244325518608,0,0,15.6933553218842,114.311319589615,90.6901692450047,153.421577423811,16.3878917694092,67.9805662333965,1.55525767803192,1102.24942803383,1.20240545272827,1810.97676935792,0,1.1075541973114,2.48126745223999,7.1121141910553,8.59899538755417,9.72030654549599,565.754392623901,7.2565404176712,4316.86954572797,9.22561550140381,7343.41228491068,21.4419118463993,77.711725383997,632.704520493746,16.9015775918961,11.3446325659752,34.5842360854149,1.72601181268692,15.925469994545,628.187534987926,33.4525246024132,1344.5199136734,0,230.877073079348,15201.5598964691,42.7275740802288,58.6008632183075,0.572052597999573,161.151424646378,10.8973486423492,0,332.885704994202,7.16962158679962
0.381440073251724,568.342938035727,742.462979108095,0,1.51114654541016,0,23.8616621792316,11.56188377738,185.365543097258,2.02430981397629,250.203746825457,0.613824069499969,376.768414497375,14.5320780873299,9.01253706216812,36.4177885353565,446.690562665462,289.05177539587,347.347566336393,4.51240387558937,19.3159260451794,45.60315990448,81.0988228321075,45.3438060581684,360.177099913359,5960.67380303144,16959.4452664256,12.5338724851608,28.2536439299583,9.0244183242321,403.357792437077,8.49865534901619,0,221.759705066681,945.813858509064,620.186931580305,976.707715451717,148.891579210758,188.558124065399,7.68572768568993,5.10036298632622,11.7633416056633,17353.170742929,5346.0058298707,6100.14094445109,3514.93067061901,499.003207325935,110.178624689579,16.3293933868408,297.092382758856,151.22080257535,31186.5492519438,187.884193599224,18.9786325097084,236.534348428249,3082.22172942758,1144.6909148097,109.54817584157,1097.12414440513,2887.36269503832,947.353855848312,345.758318275213,3653.35765555501,39.0369757711887,158.539075821638,21135.394346863,5710.63728669286,11746.7393188477,321.565504774451,1413.39487558603,91.1147776246071,7783.77149093151,295.03618490696,230.877073079348,0,39875.6708505154,599.01668857038,1997.78259037435,3067.18247395754,515.936841905117,132.008684575558,39.3568586409092,6311.50753203034,1757.53170827031
40.2193641066551,6245.4818688333,8553.2516759634,6.53608161211014,2.76778888702393,7.11268588900566,590.716717898846,186.892430752516,4523.36659806967,18.7313908338547,716.03844588995,3.05171930789948,1270.2193082571,297.515760213137,28.4215526282787,3157.02141034603,5031.45133391023,668.939727634192,1317.45202389359,4.63225853443146,1244.58277970552,1594.73781809211,11194.9920089841,1316.00990882516,3295.08813822269,18087.5468434095,132910.294497102,1503.04412668943,244.802494168282,402.029203504324,1191.8177151382,22.3127067685127,12.1681534349918,3268.10877218843,3848.61966687441,7964.2193724215,2939.72857129574,2542.47557967901,1937.50029247999,86.127921640873,38.7856505811214,38.217494726181,66910.7872520089,8168.10575205088,19423.3253802359,8966.30796790123,2127.27939999104,1610.84601485729,219.871468633413,456.358654618263,20243.6519895792,44477.0626637042,113.773619383574,30.7419635653496,133.843625873327,4993.14412890375,927.353269949555,1517.18133792281,754.926825717092,1259.94878694415,560.774439185858,3806.25754100084,4045.83102479577,291.391667366028,23040.0198838413,26921.8160777092,1709.25718152523,11791.9413095415,208.085457026958,13618.1030136943,9494.76821810007,71168.3315791488,13802.9701915234,15201.5598964691,39875.6708505154,0,5557.41317175329,2134.12368860841,6421.49708603323,1439.34426793456,31.8817270994186,148.339846849442,15808.0115087479,8825.87351939082
14.3565458655357,3.65530487895012,26.8795015215874,2179.14007696509,51.3485197424889,95.7587785124779,1035.18378800154,654.033975824714,3990.99498647451,1843.42943391204,15.1435216963291,308.491677284241,10.7258732318878,410.186946153641,177.972773611546,350.248356580734,8.32768720388412,0,0,943.434056341648,619.683576405048,131.07232555747,382.665676981211,3031.2586555481,0.755030691623688,5.36317962408066,318.523787900805,4180.55671280622,209.389028996229,535.015339702368,0.70182204246521,70.6974694430828,13.2435810267925,480.378414779902,423.497187107801,1482.32438412309,17.1605520546436,86.883736550808,28.2018759846687,1176.49771648645,201.757147520781,26.4705814421177,10096.3483140469,158.549634307623,4140.23181220889,1032.18844380975,4239.14844688773,1324.21934920549,16.1447079479694,742.689438074827,85.1779048442841,400.539387375116,2892.64530473948,194.377167731524,2422.82496958971,89075.0965816826,3571.58174026012,4207.47563239932,33186.487852633,367.432056069374,2136.98435777426,248.419910222292,4168.26259766519,2014.72946453094,662.888348519802,242.226449161768,313.049036130309,207.463605165482,1102.9954508245,9780.86493510008,1401.43580028415,3135.4988527894,17941.1482710242,42.7275740802288,599.01668857038,5557.41317175329,0,10943.1984629631,24222.4512399137,37.9069051742554,58.5917109549046,867.342558085918,7447.05402885377,4513.04980516434
0.458274930715561,8.16223055124283,13.3683364987373,208.418233454227,5.54701721668243,11.2917621135712,207.18220898509,73.4771583378315,594.12502399087,159.020130574703,69.3343459367752,31.1466995179653,81.6216733753681,58.8679024875164,31.9953627884388,84.2621582746506,4.82699900865555,2.39193424582481,2.57398372888565,76.0409986674786,155.938877820969,41.1150207817554,81.8141456246376,810.341869771481,33.0750041902065,64.0706376433372,174.652637422085,912.818531215191,36.98805513978,136.513710141182,27.7021996974945,10.5525459647179,1.74582451581955,95.2405704557896,44.3068277835846,258.170788764954,96.3147181868553,20.3239197134972,4.27402138710022,325.959304094315,43.9535580873489,8.01268607378006,920.931510955095,44.1352026760578,2174.11786302924,282.248468518257,827.140530318022,1470.74733582139,10.5883332490921,9053.71604129672,13.1941250562668,402.187697827816,860.172542154789,13.5543223619461,666.078148335218,9498.06933778524,2625.37557035685,262.798097699881,4602.33263632655,6406.75143286586,2344.04426637292,1145.83871275187,12100.7318766117,145.435316681862,351.768852412701,1091.58748462796,1979.21516051888,1244.23559474945,869.770895034075,2017.82443758845,458.982458800077,1355.78247624636,6281.82439222932,58.6008632183075,1997.78259037435,2134.12368860841,10943.1984629631,0,10592.6055482328,324.584105879068,351.42403459549,3514.17848989367,27696.8656628728,249.910743772984
3.52601152658463,12.9167908728123,84.4037509858608,8.67162346839905,10.6214894652367,7.41082999110222,48.5709165632725,52.298678278923,534.260240018368,36.9301671385765,3.00599509477615,2.00208705663681,2.71637672185898,51.0487306714058,7.05641078948975,336.348073065281,35.7094937264919,0,1.80189204216003,8.31437548995018,366.225935786963,153.275596022606,359.433697104454,917.212153375149,1.76895666122437,68.019675463438,579.8792745471,990.670129835606,29.3247075974941,105.336624503136,0,24.6486453711987,3.60490036010742,59.7873593270779,85.1645771563053,174.526323199272,20.646262973547,27.7811870276928,20.0084117650986,272.795308500528,30.7654518187046,5.93247678875923,670.619953125715,46.8853543400764,2646.7815335393,399.148873239756,121.424537926912,197.213430851698,0.507988035678864,3797.40561160445,11.4488773941994,2992.14907360077,12.4863083362579,5.25803089141846,35.1282561123371,12242.4079980552,938.004515200853,7.70898613333702,82.1050696074963,275.519484549761,57.6092915534973,48.2613490819931,13426.3102934957,24.5335653722286,828.67029106617,7982.05184420943,161.625451683998,2728.74211359024,10.1791414022446,42232.1207202077,142.251493483782,15469.8701343238,2713.19973447919,0.572052597999573,3067.18247395754,6421.49708603323,24222.4512399137,10592.6055482328,0,0,2.12682151794434,1940.21773985028,14452.6359530091,303.909328460693
0,61.0713196992874,1.44154119491577,0,1.59020531177521,0,0,1.07983243465424,24.9924079179764,0.557438135147095,446.788192093372,0,721.58998593688,2.81653559207916,0.481691867113113,8.2002044916153,0.831476867198944,235.813883692026,78.6401497125626,0.419495344161987,0,13.7969172894955,0,8.13011234998703,358.186152279377,1950.25088888407,2783.57151004672,0,2.6470382809639,0,536.06654921174,1.20448708534241,2.24377632141113,55.6951661705971,28.2581669092178,30.952514976263,648.445843428373,38.1029280722141,16.3826883435249,1.25152707099915,0,26.1990671157837,677.133461415768,689.390371233225,478.017710953951,156.553481727839,53.5489633083344,8.64473080635071,23.1534624993801,0.333976566791534,27.5137089490891,0.986733078956604,22.9255858659744,8.94810557365417,39.4094325602055,26.443917632103,82.7224380671978,28.1899855732918,106.168136000633,1590.79543569684,127.992040932178,1926.52959901094,142.352322816849,13.4891674816608,28.455003798008,0.573163270950317,29.3926060497761,13.7277266979218,31.7522208839655,8.63195139169693,25.0630685985088,8.76350772380829,59.9926370978355,161.151424646378,515.936841905117,1439.34426793456,37.9069051742554,324.584105879068,0,0,79.3242819309235,0,356.820020735264,68.8742127418518
0,0,0,1.76628226041794,0,0,4.9414347410202,0.752319991588593,7.58781498670578,1.79237735271454,11.1799268126488,0.855174124240875,12.3740695714951,0,0,3.05564177036285,0,0,0,0.668868482112885,0,0,1.77371752262115,9.2286376953125,7.36477106809616,5.84612190723419,3.05367577075958,6.65059345960617,0,0,6.03020077943802,0,0,8.08557486534119,3.26761102676392,3.53268814086914,14.8004965186119,0,2.27682542800903,5.04955726861954,0,0.66961008310318,177.141763031483,9.84834307432175,115.204255521297,10.5133401453495,259.314442038536,5574.70988887548,6.38083273172379,1.43876826763153,0,1.48027142882347,15.6629826128483,612.544720232487,61.919963747263,42.960912168026,476.768987715244,5.52627909183502,86.2012445926666,1001.63335904479,83.4822957217693,210.797655165195,172.844071507454,59.2953796386719,1.29776966571808,1.56342732906342,183.85899952054,7.7342392206192,21.0933097600937,4.20203378796577,9.94714069366455,0.920909225940704,17.9656729400158,10.8973486423492,132.008684575558,31.8817270994186,58.5917109549046,351.42403459549,2.12682151794434,79.3242819309235,0,0,6717.08443775773,57.1890580058098
0,1.68183815479279,1.30151602625847,3.26986509561539,0,0,3.82609698176384,8.13478711247444,23.1077469885349,4.46940273046494,0,2.12440377473831,0,5.63075518608093,2.80841434001923,13.3964930176735,0.577807009220123,0,0,2.22616878151894,11.9946325421333,0,6.16132268309593,35.948478281498,0,0.492364585399628,14.2428540885448,41.8096140623093,0.505289852619171,3.23101437091827,0,1.7876985669136,0,2.97515895962715,0.761513233184814,28.208182901144,0.713086247444153,3.07080054283142,1.62011408805847,17.6646136939526,0.419880568981171,0,15.6665560305119,0.836836397647858,219.19264960289,24.7181395292282,8.04421639442444,16.2678852677345,0,64.2027066349983,0.524063408374786,6.51281276345253,1.99582487344742,0,2.23925876617432,193.624323278666,11.4424530863762,3.19774448871613,10.3914552628994,9.27699264883995,0,0.76298600435257,107.043123930693,1.67949175834656,39.4689819216728,40.624214142561,4.92949524521828,38.6455668210983,0.936452955007553,296.351715654135,19.4281278848648,101.709284901619,337.757705360651,0,39.3568586409092,148.339846849442,867.342558085918,3514.17848989367,1940.21773985028,0,0,0,2568.7837806046,4.41739845275879
10.8043112456799,77.036530405283,476.336002528667,337.176159024239,21.443311393261,49.0462284684181,342.145651191473,216.354722887278,670.111513853073,402.343751490116,217.144009053707,63.1964222192764,376.754364162683,133.827531665564,33.2247865200043,174.927810460329,198.052038520575,21.8904358446598,43.3229132592678,177.360187113285,194.37181070447,32.5702890455723,275.161365926266,719.302116334438,159.436787575483,523.519876182079,2569.6720893085,918.062441021204,53.4487242400646,143.081868857145,68.8790280818939,66.5818646848202,4.49162071943283,645.62456870079,252.107539564371,563.180000156164,274.390856295824,119.716159075499,74.6830934882164,533.767699986696,143.421867996454,192.747501313686,5855.51711627841,1168.99542781711,5726.39120142162,1370.15351593494,3618.93927067518,372.547708809376,2478.11815142632,794.80781057477,110.895825862885,1167.00073191524,769.108333408833,755.323509454727,652.770694196224,3465.5385338366,1798.40735587478,278.775227159262,2820.85522773862,6798.35220777988,2008.57103434205,1849.08826522529,3554.66245630383,277.528785377741,753.165009051561,1462.56424462795,2374.57829388976,8033.26530119777,682.32252857089,19891.4567066133,303.300121426582,13201.2123617828,2281.54187020659,332.885704994202,6311.50753203034,15808.0115087479,7447.05402885377,27696.8656628728,14452.6359530091,356.820020735264,6717.08443775773,2568.7837806046,0,818.801641345024
24.5340197086334,87.159420222044,347.669932544231,117.36006167531,162.665422677994,137.744262248278,536.29774326086,166.841151326895,557.993962138891,419.371171593666,85.8906197547913,229.445557832718,14.5352893471718,147.974972933531,912.229994624853,344.797332763672,215.329554051161,283.93219217658,605.050972372293,84.3107451200485,3129.94644775987,67.4202245771885,5688.39317208529,681.458554834127,8.83623176813126,922.909761667252,5156.06460562348,1220.73982509971,275.250215917826,1201.83573287725,10.045330196619,82.5376304984093,33.3040488362312,443.140249788761,280257.861719787,4173.92878466845,3560.48486161232,327.651952773333,2951.2206941545,361.975442051888,259.541876167059,79.7045962810516,13202.5181988478,4711.76132717729,783.261433303356,1909.81771746278,321.667946755886,491.82231003046,19.6368215084076,25.2848679125309,40.4143615961075,334.995559126139,377.064402103424,1530.54670134187,1070.63650819659,1198.06486809254,681.491929143667,164.289733409882,1773.99997267127,146.25884398818,4391.12875813246,168.833441644907,299.974151432514,154.294277787209,2184.29930400848,104.12332996726,666.854229331017,291.221345245838,163.331869423389,4314.96508830786,311.86679199338,9513.93096777797,2196.93826535344,7.16962158679962,1757.53170827031,8825.87351939082,4513.04980516434,249.910743772984,303.909328460693,68.8742127418518,57.1890580058098,4.41739845275879,818.801641345024,0
