"Predictor","Test_Statistic","p_value","functional_ve","semi_partial_r"
"Group",175.71917509706,1.19400271656564e-189,0.0173547458319345,0.0778331636102671
"eTIV",6312.6042284384,0,0.436166034687736,0.629800237462563
