0,0,0.0227264806473112,0,0,0.000573045813274384,0.380089768071216,0.138065633295064,0.000724712686583519,0.00431047962561607,0.000625531004911422,0.00105652385863495,0,1.1769715021154,0.000158128212215424,0.000390695046741485,0.0219123524568329,0.00017841978585434,0.000907878319330215,0.000546944766122819,0.0153249817092219,7.13841004371643e-05,0.0803146220329198,0.00111188563969517,0,0.00412147188609982,0.00293767351784706,0.00408575200109195,0.837478805246367,0.67029266676024,0,0.000562535453224182,0.00116179003097534,0.00408137081016255,0.000423806140331269,0.00236617323400498,0.000356138351961136,0.00304552947464848,0.00111103979486846,0,0.000100870751472473,0,0.000234060383623123,0,0.000117922519878388,0,0,0,0,0,0,7.15792319927215e-05,0,0,0,0,0,4.33957203626632e-05,0,0,0.00021741734292984,0,0,0,0,0,0,0,0,0,0,0,0.000390006429865837,0,0,0.000166779120094299,9.40864904022217e-05,0,0,0,0,0,0,0
0,0,0.00776926987563229,0.000171863645038605,0.000659608637351989,7.91348881015778e-05,0.000550956168628693,8.21959733963013e-05,0.217143877585144,0.000233888646895409,0.0275745734167528,0.000306681655260086,0.327607766992301,0.00027003127812767,0.00515797910858345,0.0383907796679392,0.0126539267938042,0.00266022448286819,0.00890267769061661,0.000149436783943177,0.00237468146254349,0.475523531662205,0.00739743984813022,0.414578270461375,0.28610479299317,0.0313256457947674,1.96856062474086,0.00531005436641979,0.000671047461055756,0.000268164043001175,0.01357167493291,0.000662964999999047,0,0.00799324773499203,0.00131098603970146,0.0323483719560872,0.0183608086179628,0.02323255266362,0.00965896865760327,0.00313903557415009,0.000234151965105057,0.0406605666432782,0.0127483946673946,0.0169886980152912,0.00918862311423683,0.00769963873570347,0.000817806755212783,0.000272394973869323,0.00177591801377678,0,0.218657862179232,0.0193667636109238,0.000118305416759491,9.23862946529388e-05,0,0.00114133784042931,0.000195154389644623,0.00429776190917016,0.000277642793792724,0.00616805961013985,0.000239173374572754,0.0223207679534597,0.000329308648612976,0.0002100114259758,0.0139879325872564,0.00943554192645836,0.00261457746918296,0.0107263847466774,3.97811934156418e-05,0.00221273143938446,0.0203154738777723,0.0109449206289597,0.00863146433174228,0.00901991924481583,0.0670307494999638,0.661297434531381,0.00214943441768647,0.000262879520622254,0.000172315718296051,0.0120400557251272,0.000136677088565826,0,0.00245004578463936,0.000703710850873947
0.0227264806473112,0.00776926987563229,0,0.00249279571582889,0.000512841937130928,0.0132711766792602,0.420321874400677,0.402310159573588,0.0052415702471695,0.0275211924743872,0.0424601960887728,0.00365597222204876,0.000473815108177185,0.421457567781564,0.00992607267743111,0.00853554954550266,1.85755325846242,0.0502295227799778,0.293966122656229,0.00223208188215065,0.257646008393371,0.00491425703488826,4.13908630814344,0.0364408022934551,0.00125596289379501,2.50342262048804,3.08725533339091,0.116040346117098,0.123061131522821,0.0868782017297944,0.000739882582391739,0.0105324172362471,0.00659787074468708,0.459394261927383,0.068382695081686,0.956304374984493,0.342333288779385,0.663613375065156,0.322598171906536,0.00844613703835202,0.017164661754819,0.00167332228366471,0.0429130401222982,0.0501053361823368,0.0220733033998089,0.0233363341453371,0.00178910741101169,0,0.000154286202358246,0.000606079426626205,0.0170597755898609,0.186257950023216,0.000111776626596451,0.000326850429800034,0,0.00979071992916298,0.00144353165069675,0.00308507486903572,0.000223251335815429,0.000602073796989441,5.73765277004242e-05,0,0.00426543088524341,0.0021113512475338,0.0136652447882967,0.0317326892054243,0.00130979511580181,0.0205433599021082,0,0.00204173008449554,0.011303651900013,0.0401530893592586,0.0184031951035309,0.000784516175645828,0.115568399638238,0.728195175879936,0.0102749968489094,0.00137007029790974,0.00141313498528862,0.000373397214385986,0.000108404443714142,0.000300200610769272,0.00589370261455536,0.0192225980080261
0,0.000171863645038605,0.00249279571582889,0,0.0110969232540521,0.0223721914335737,0.0293554498562794,0.014221432294756,0.51852250281647,0.629362594405864,0.00184112086670494,0.50906675458263,0.000142255420566559,0.0172607837668362,0.0739887892266941,0.000102728104697227,0.00122864062743759,8.71180184268951e-05,0.000314764006007195,1.51213966410474,0.000346691351949691,0.000567047759370804,0.00208758894470501,0.563111776890309,0.00742060515539932,0.000800215088722229,0.00114665791007709,1.7892794189325,0.0269554997949229,0.00087059079700756,0,0.00461922349435043,0.00254500255344486,0.0202198602857695,0.0145324850660019,0.0936839027977466,0.00168653458546257,0.0246998455354986,0.00498137856092263,0.0537505041826229,0.010538936472373,0.000811852212318421,0.0191538415711412,0,0.0116139944520865,0.00166344008163642,0.0819331528759946,0.00181534079597855,0,5.13961968727112e-05,0.000420511943272591,0.00018781492196846,0.413161929238678,0.00404331478842831,0.0215059685719585,0.0222706719237614,0.0136777242727747,0.128930000559794,0.256461066736581,0.00255380586016559,0.200151494545878,0,0.00460291388587475,0.0274944843996305,0.000114673273982049,0.000205163343532563,0,0,0.223441560187111,0.000262745439302444,0.0027193366892395,0.000103266296047211,0.14797785217747,0.000411350473534584,0,0.000478056634895325,0.231015763948357,0.00797513637852287,0.00015067885166359,0,0.00037091562219429,0.000508241637628556,0.00973754949428559,0.00151665967238331
0,0.000659608637351989,0.000512841937130928,0.0110969232540521,0,0.185852544183097,0.00559803650667572,0.0369240211020613,0.0484374535347347,0.0149118465611687,0.00429116282114982,0.100349040879375,0.00073449851785469,0.00681001787790871,0.868482449968466,0.000521718664083481,0.0001084859870224,0.000530692723937989,8.62163354930878e-05,0.0175753105459185,0.00552200964979649,0.00159601947869683,0.00497999710170078,0.0510982567477312,0.0109100151719914,0.000601172910736084,0.00296364283695031,0.0131987337445422,0.00188322277188778,0.00251687145726013,6.06722782859802e-05,0.0246409517145596,0.000225501087867737,0.00983377261424446,0.252480829358757,0.101079911243983,0.00173172989358902,0.0113085158210764,0.00317976452314281,1.3133329372489,0.434230824602854,0.00167126848129749,0.00531449798645496,0.000249571102392197,0.000792175158144951,0.00153893033814812,0.00504033178971005,0,0.000582512509677887,0,0,0,0.00036414667577362,0,0.00058280108572197,0.00249156006445027,0.000144477809709549,0.00332078839829922,0.00143896793414783,0.00112419469277573,0.00553348201374722,0,0,0.00113786894054031,0.000343381304014206,0,0,0.000117577165031433,0.00145275910702514,0.000300454623138428,0.000726245466064453,0.000556546702096939,0.00990344386396981,0,0.000190950490756988,0.000650437337802887,0.00502512455410194,3.96225498247146e-05,0,0,0,6.98726444149017e-05,0.000278140504583359,0.0877112627002487
0.000573045813274384,7.91348881015778e-05,0.0132711766792602,0.0223721914335737,0.185852544183097,0,0.48300825070641,3.19902993216597,0.0269276646195631,1.9443095182203,0.0210235292630825,1.72265117413628,0.00200119746820735,0.131661575314823,0.506190463746091,0.000682604346673965,0.00389561961536121,0.00395080393585109,0.00316431111940384,0.0991650093871021,0.00585609060428524,0,0.0144098224261379,0.0315460545869923,0.0504972932505799,0.00512743534838676,0.00537011526906395,0.114411111142903,0.0400332252739677,0.00990102490311814,0.000749713324991226,0.162699095499441,0.00069376082376194,0.0262925159564953,0.344841829039696,0.349789465995735,0.00569543589467812,0.0387706933086205,0.00654337559262085,0.54270141214759,0.0469579439848738,0.00701729474420071,0.0200748475112658,0,0.00556788111900616,0.00142049718287087,0.0302010761259527,0.00126988244253445,0.000648089373435974,0,0,0.000265820187666893,0.00835297053002071,0.00139407241993904,0.00237696057227039,0.0119483529179535,0.00247806007827759,0.0115522912754259,0.0159786570352134,0.0101829345182333,0.0464904161776944,5.78710578975678e-05,0.00129133095552349,0.00661648476975059,0.000967166003763199,0,0,0,0.0135854784604626,0.000503238852098465,0.000998162621641159,0.000282949997051239,0.0554962632451172,0,0,0.000277199238887787,0.0332020821759968,0.00208399624680233,0.000259738846950531,0,0.00015069029322052,0.000759044150608062,0.00452401503580571,0.0318503109477911
0.380089768071216,0.000550956168628693,0.420321874400677,0.0293554498562794,0.00559803650667572,0.48300825070641,0,1.94935680096421,0.0430462754900351,4.10474472268905,0.0427154139518881,0.0479843766529627,0.00121016773431587,5.18366612630396,0.0496271167733688,0.0037735935538187,0.0880377019816532,0.0119017144660892,0.0232645948755627,0.0167251433692703,0.376648947224533,0.000507037914751053,0.550320402823242,0.40999450855291,0.0116389511842089,0.0768978054746247,0.13954578831849,8.14833932406869,0.611261152278665,1.86832345814884,0.000815836196760178,0.0446093775696087,0.0395419652141333,0.271038809769628,0.103242758515515,0.472063326155331,0.032455428119256,0.274951877063744,0.0669122953399001,0.0614426760062914,0.0692104594968224,0.00423054805706406,0.0197743146050806,0.00161759739404011,0.0113217043235779,0.00287197663724327,0.0174292539484319,0.00280291616258525,0.000230405838804245,0.000261391949692726,0.000350530616323471,0.00566147334885693,0.0135765197918615,0.000504036929803848,0.00286180657005501,0.0166939011011038,0.00517311184844112,0.0218336807924509,0.0415718505662356,0.00190534506817531,0.0174875358666944,0,0.00115306847286129,0.00226849251975059,0.00504152551118374,7.10343209495545e-05,0,0,0.015666258499094,0.0011636503012762,0.00262367266123581,0.0084229172381401,0.0844942406804437,0,0.000428300839839935,0.0343379187510023,0.0508392845800839,0.00463523574491214,0.00055110951735878,0,0.000363215978350639,0.000734768068556786,0.00787224553345871,0.00411280266376305
0.138065633295064,8.21959733963013e-05,0.402310159573588,0.014221432294756,0.0369240211020613,3.19902993216597,1.94935680096421,0,0.0268266612146673,2.3189013162874,0.0456977885387593,0.595683126041405,0.00284478167122937,1.94017021544602,0.076747045634265,0.00100233425803471,0.210507469709527,0.0115627070020952,0.0232273716668014,0.13546872127111,0.178789640129645,9.24110162601471e-05,0.782844353634018,0.0734572314671231,0.0392682148233004,0.0641818013125448,0.0470984330821495,0.185366884817471,0.303722663431349,0.760297569419277,0.0013122891178236,0.151311597731461,0.00295766914921188,0.066427809343626,0.0347148722641868,0.382560083664797,0.0160225550288944,0.0861338637058554,0.0235840812815437,0.0878541505563983,0.0232119839125957,0.00735225722254372,0.0446171809596319,0.000463199972391128,0.0152864212723246,0.00312279296956443,0.0376855802043228,0.00202067285498142,0.000279587429489136,0.000206674750528336,0.00042537743318367,0.000723671336374283,0.00698563827880383,0.000326179934340477,0.00299289864063263,0.0485300094426556,0.00694403953248024,0.025817709210969,0.0297593050988531,0.00980911170795822,0.0261916858633032,0,0.00147733759059048,0.00198025742425918,0.00163942089226055,0,0,0,0.00998810821079063,0.00137964105610085,0.00155229747172737,0.00137789857194043,0.16599009148994,0,0.000170378810400009,0.00156087964753246,0.0916699400788479,0.00657576041392708,0.000701884166782379,0,0.000114176516143798,0.00190217275709724,0.0137168404800825,0.0030417399997387
0.000724712686583519,0.217143877585144,0.0052415702471695,0.51852250281647,0.0484374535347347,0.0269276646195631,0.0430462754900351,0.0268266612146673,0,0.136895249563994,0.0129258470227289,0.403345659350744,0.0553944540684213,0.0277754888662519,0.216129654703752,0.00555323935798931,0.0039101741980877,0.00212516390320588,0.00370969764291287,0.419654044336684,0.00673168550440979,0.822557198893121,0.0120536367674074,3.35215671913721,0.076722635277852,0.00878371169094086,0.466090282529992,0.374578619850967,0.0343979117611513,0.0571192332958431,0.00370813392465305,0.0122360725152311,0.00517545357112312,0.024936815460474,0.0251330192743778,0.128620834977456,0.0075200806283083,0.0301708507836113,0.00606958526733399,0.152585289847818,0.00932465308991432,0.00462945208078194,0.0466957980476103,0.00384715470308876,0.0174005180706682,0.00407953917439556,0.0626466236763754,0.00460552396730232,0.000185935509887695,0.00043059850302887,0.00557374288539791,0.000946347566957474,0.124380548013599,0.003777710590024,0.0148996695548086,0.0378223772147455,0.0128858761887245,0.628679664492659,0.13251389551426,0.00661363609478474,0.103792552036271,0.00215238909711456,0.0164316695206919,0.0256139732001315,0.0471695019238758,0.000732174824664116,0.00307864782722283,0.00125114826580238,0.066088763691061,0.0165940606045332,0.175851185678043,0.0127432240856409,0.388596991499288,0.00296686961645794,0.00366129227637577,0.038344471289978,0.225340796199282,0.0197168991809893,0.00259960256397915,0.000832476047667503,0.00517706098730564,0.0021996324010334,0.0168444530568924,0.00784731535837269
0.00431047962561607,0.000233888646895409,0.0275211924743872,0.629362594405864,0.0149118465611687,1.9443095182203,4.10474472268905,2.3189013162874,0.136895249563994,0,0.0907992486427145,1.05752429296332,0.0039733661774683,1.07056575757149,0.0710798227345219,0.000500299141070366,0.0133735276936512,0.0198961056887884,0.0182478704312697,1.05996157471373,0.0100369803953018,0.000378922181053161,0.0263297062010708,0.0541560304961472,0.0436007309120779,0.0218465469457855,0.014392969677701,0.665354189591717,0.481022061469162,0.0270525927459183,0.00128615933502102,0.105447935579607,0.00771543893750667,0.339270828069487,0.187994318193452,0.575168200651231,0.0091657808945961,0.283796044216387,0.0290383482856493,0.134068591459894,0.129580980577935,0.00668646551757431,0.0710116116468544,0.000111715153507233,0.0431099857008562,0.00500151830258846,0.194526019822134,0.00504434881494141,0.000784427489790916,0.000157040044773102,0.000460733811286927,0.000190478819160461,0.198219142853076,0.00581469486439704,0.0342711127042981,0.0878464760999136,0.0339639156243639,0.090387323168129,0.452279043861345,0.0142346466955004,0.238328891404704,0,0.00372981440647602,0.0271114785111923,0.000262777499562264,0,0,0,0.18554102650591,0.00091525060104847,0.00168438070777416,0.000361647198105812,0.267225189721418,0.000209670158712387,0,0.00108520388603497,0.2974996660151,0.0152107684875584,0.00102468154607391,0,0.000458031275093079,0.00317180582026577,0.0330131449181871,0.0126077330091333
0.000625531004911422,0.0275745734167528,0.0424601960887728,0.00184112086670494,0.00429116282114982,0.0210235292630825,0.0427154139518881,0.0456977885387593,0.0129258470227289,0.0907992486427145,0,0.0873743819502039,0.646209246086309,0.137992559882758,0.00931302898591519,0.0014287454821558,0.176640259696252,1.16296148106013,0.562660538796043,0.0211391406466799,0.0134137499508133,0.00511159500920963,0.0828997975657768,0.0240722165216474,0.113063870728343,0.612983850031331,0.25148186900566,0.0246229628017473,0.427677869221976,0.0111647562678194,0.0710639330746966,0.383038766481334,0.0013576053160801,1.59094726094566,0.0375026011265602,0.455775503136374,0.386428161378193,1.03523108819545,0.184923442774575,0.0141167764807577,0.0171679583020849,0.289994411079875,0.00208955429102898,0.120972535779325,0.00169268864778328,0.000566226369569778,0.00316507503790283,0.000173090165233612,0.0753620233755484,0,0.014699943509388,0.00226478502632332,0.000109213098884583,0.000115756456043244,0.000101812449213982,0.000501091700231552,0,0.00702629558783912,0,0.148890223912428,0.00155519654592418,0.48557818579434,4.90080185279846e-05,0.000114600828151703,0.000396188311655045,0.000322866708875656,0.00282976945686722,0.00115068651168824,7.66279124450683e-05,0,0.00742384994601345,0.000795879225846291,0.0100805683638496,0.019663549364316,0.0560836010889473,0.0860879772314758,0.000674748250110626,0.000360507586555481,0,0.0886073519904699,0.00182021414851284,0,0.00545897621595382,0.00897056573048973
0.00105652385863495,0.000306681655260086,0.00365597222204876,0.50906675458263,0.100349040879375,1.72265117413628,0.0479843766529627,0.595683126041405,0.403345659350744,1.05752429296332,0.0873743819502039,0,0.00330145996536254,0.483792281244037,0.356423817832151,5.04450462112426e-05,0.00677969447033215,0.0172551950902462,0.0108346479971666,1.36122962412427,0.00133511383194351,0.00061599944033432,0.00629508538999271,0.155313964477644,0.027745537612627,0.0144755212310315,0.00618800283218765,0.0567134669271784,0.222025205479065,0.0073465871681099,0.00108604192952156,0.111998238909319,0.000560675164538383,0.148453474291732,0.622587394895493,0.344327948657175,0.00812400543265629,0.130548591579821,0.00945184426369286,0.312454672601784,0.0687415914678269,0.00454893030071068,0.0217684500771561,0.000187178074001313,0.00747735161917305,0.000763204161595345,0.166071237266911,0.00155829596993351,0.000415246158205032,0.000135866153663636,0,5.18386425533294e-05,0.0579387126203785,0.00668869537100029,0.0223110775032234,0.0155870285945921,0.0105644611549244,0.0503926134136019,0.124739639090057,0.00859505994808387,0.365641540049154,0,0.00524182492752457,0.0385593062208052,0.000109752485255242,0,0.000229649764543534,0.000246419998334885,0.110654677353653,0.000258579477725029,0.000677745925769806,0.00016894569257927,0.0598780821793441,0,5.37575883693695e-05,0.000610259317854881,0.070821820782712,0.00392699386590099,0.000130548051203728,0,0.001921633445117,9.49500276632309e-05,0.00634757843199635,0.181699089655303
0,0.327607766992301,0.000473815108177185,0.000142255420566559,0.00073449851785469,0.00200119746820735,0.00121016773431587,0.00284478167122937,0.0553944540684213,0.0039733661774683,0.646209246086309,0.00330145996536254,0,0.00776066994917393,0.00113689443182086,0.00214020223949432,0.000273902832572937,0.00306493862663555,0.000232531247423172,0.00107050451276493,0.000509381485118866,0.0835177866603814,0.0013329013155098,0.0639096096086283,1.20913908218491,0.0214546513291826,0.33639390261109,0.00169770462450314,0.0188791567017174,0.000491103619371414,0.105788031440855,0.0282577741767969,0,0.114965038537399,0.0044006002070303,0.0677520045474301,0.253047294147208,0.310259761421024,0.0172449282631531,0.00333086358697415,0.00514748538689804,0.615446954336992,0.00230090292675591,0.287138623292736,0.00710212788922405,0.00307242585708618,0.00229197521531868,0.00012033016173935,0.179159619088506,0,0.0507931690999088,0,0,0,0,7.47172337207794e-05,9.46977250928879e-05,0.0201074098513612,0.000658797527792931,0.479994909959367,0.000346277893180847,1.7153323487754,0.000704011260686874,0.000109983911733627,0.00189721037858677,0.000174183541740417,0.00852903070465279,0.00572735823072624,0,7.01935289154053e-05,0.0297002349817228,0.000304845582595825,0.00621385468995094,0.184196238040901,0.200474479996911,0.407629543049698,0.0002361864234581,0.00197216711590004,0,0.456617944210196,0.00511373032730771,0,0.0130268714661169,0.000988536423683167
1.1769715021154,0.00027003127812767,0.421457567781564,0.0172607837668362,0.00681001787790871,0.131661575314823,5.18366612630396,1.94017021544602,0.0277754888662519,1.07056575757149,0.137992559882758,0.483792281244037,0.00776066994917393,0,0.0299147701891079,0.00273647994720268,0.393961895326084,0.0293802467467261,0.0376381296991396,0.117047526190101,0.33088918159199,0.000291292601852417,1.30589736567601,0.0799750899272719,0.0365438739083777,0.0946702104710998,0.0785960216782866,0.239572036178867,2.13918196276688,2.32583254757908,0.00478374335125352,0.0963053131500207,0.00775662187791825,0.105453180120884,0.0135948006451607,0.415959172408304,0.0198610866650219,0.102218352976318,0.0229646293039112,0.0454522549332218,0.0157928161832199,0.00765119468113804,0.0263437305653801,0.000764980538380623,0.00509367272033215,0.00069086701991272,0.0181702879271164,0.000291769825698852,0.000131513502279282,0.000131271072418213,0.000394867899604798,0.000882329059186935,0.00219395478426361,0.000120336167484284,0.000322540299702644,0.0246808185266104,0.00102062411075878,0.0272070101247769,0.00352153175562858,0.00725797418801022,0.0163489008412971,0.000352706528354645,7.94245488567353e-05,0.000659048062345505,0.00137824715027905,0,0,0,0.00194565176733685,0.000607494254502297,0.00190354385947323,0.000896677917572021,0.130473073697567,0.000294898910734176,0.000857587060023307,0.0051136371984272,0.0432912106138974,0.00075872308532238,0.000672292553097725,0.00012466024255371,0,0.000613036475429535,0.0041161525978117,0.000731995789117813
0.000158128212215424,0.00515797910858345,0.00992607267743111,0.0739887892266941,0.868482449968466,0.506190463746091,0.0496271167733688,0.076747045634265,0.216129654703752,0.0710798227345219,0.00931302898591519,0.356423817832151,0.00113689443182086,0.0299147701891079,0,0.00586846080565453,0.0077951516548748,0.00272011319528961,0.00371219347423553,0.0973373555607691,0.0361165650337515,0.0154381469100094,0.0619123748933287,0.287872063408356,0.00544762310280991,0.00711291835905647,0.0368244247941771,0.137258995782211,0.0188245356986533,0.0518789406422138,0.000315147770044327,0.0780230620443879,0.00102198394317055,0.0105283905374766,0.628141004740534,0.111912886849549,0.0181306403553973,0.0295896096809435,0.020198373339077,0.4757957146057,0.0484783592579269,0.0035012719450264,0.0123507333885756,0.00465373797119522,0.00213677589153385,0.0129065012160301,0.0167804734148713,0.000564626935512543,0.000105656349655152,6.63316388168335e-05,0.000294942244022369,0.00143577753229522,0.00594298093450356,0.000814571031435013,0.00237013145196247,0.00854591133690548,0.000894357325306893,0.0136443976709948,0.00863959325765419,0.00193785072445679,0.0190327522250232,6.68151012840271e-05,0.000569833781547546,0.00397975632684803,0.00192235069652653,0.000149170410770416,0.000384411456436158,0.000157022193002701,0.00750748754945468,0.0020755808100872,0.00258902117986679,0.00464515680656147,0.0243897893471489,0.000140719530967712,0.00131256627375984,0.00608149898612594,0.0183750300718232,0.0010229430483799,0.000978000955942154,8.53680669193268e-05,0,0.00049034885656929,0.00239087300297642,0.246913611151425
0.000390695046741485,0.0383907796679392,0.00853554954550266,0.000102728104697227,0.000521718664083481,0.000682604346673965,0.0037735935538187,0.00100233425803471,0.00555323935798931,0.000500299141070366,0.0014287454821558,5.04450462112426e-05,0.00214020223949432,0.00273647994720268,0.00586846080565453,0,0.0222738644000473,0.000650541068661689,0.00470264999892139,0.000172374298822403,0.676224321984343,0.500132116235636,1.60304664952699,1.02376213717781,0.0034835950643692,0.007504386936553,1.17676240194171,0.2310068334945,0.00153498159149552,0.0107480118907443,9.97227533283234e-05,0.00115750868861962,0.00031168530488205,0.0358730469102516,0.0522619024864797,0.571196216187309,0.123279813982049,0.188781792419097,0.119092663315312,0.00532754888692189,0.0110796750579529,0.000931613201030732,0.0753806259896965,0.0270687755749569,0.0141025789211826,0.0169644874969769,0.00223178939624405,0.00015477456441021,0,0.000126072272855759,0.0125581962276621,0.0117043612996845,0,0.000507524563940048,0,0.00721035619914723,0.000213047130869865,0.0122350536988221,0.000817181241557121,0.000251803875958442,0,0,0.000459880281558037,0.00151822163488197,1.11278975638357,0.00343077616474056,0.000106432475749969,0.00223839454822827,0.000103563813297272,0.157272606432269,0.543394901597477,0.633642280919495,0.176759292846898,0.00139472911444187,0.00589348107917118,0.529104944969493,0.0994364803342151,0.00203268371669769,0.00168508542985153,0,0,0.000831633573411942,0.00477045052651119,0.0109112878353052
0.0219123524568329,0.0126539267938042,1.85755325846242,0.00122864062743759,0.0001084859870224,0.00389561961536121,0.0880377019816532,0.210507469709527,0.0039101741980877,0.0133735276936512,0.176640259696252,0.00677969447033215,0.000273902832572937,0.393961895326084,0.0077951516548748,0.0222738644000473,0,0.185319768265412,0.992361196411975,0.00169597214174652,0.172815480361124,0.0058763125817585,2.32833242856636,0.0473030584794645,0.000965327213192939,1.35296340125738,1.53782066762019,0.0839902775477629,0.392350175576889,0.13313012157954,0.00100881856891537,0.00981150251534843,0.0596307496019382,0.7840459339804,0.0384990675787525,0.401718215384677,0.16336140709584,0.42801746319599,0.195327105428264,0.00718803120283986,0.0130788157055998,0.000607005114154815,0.0068571615998354,0.0113296466608,0.00474997683478546,0.00349207001004982,0.000166199847610473,0,0,8.9542457988739e-05,0.0110622311450443,0.0340075300549593,0,0.000159438445140838,0,0.000607637368952752,0,0.00110375681183625,0,0.00025428544670105,0.000106322264202118,0,0,0.000787876659582137,0.00459313415227318,0.00656276730037022,0.000363527483470917,0.00465128944430638,0,0.000766184396080971,0.00870603804347992,0.00738367676130294,0.00363688932602691,0.000272908633589744,0.030822439756711,0.201123216660957,0.00196475019249916,0,0.000301294673646927,0.000109257317713738,6.19071697540283e-05,0.000217457924606324,0.000281147489147186,0.00707869392292213
0.00017841978585434,0.00266022448286819,0.0502295227799778,8.71180184268951e-05,0.000530692723937989,0.00395080393585109,0.0119017144660892,0.0115627070020952,0.00212516390320588,0.0198961056887884,1.16296148106013,0.0172551950902462,0.00306493862663555,0.0293802467467261,0.00272011319528961,0.000650541068661689,0.185319768265412,0,0.551039056660011,0.00351076625253582,0.00596155106553841,0.000983223177909851,0.0354373856102057,0.00490556502442646,0.00345498223083686,0.453301033862352,0.310684953383935,0.00750057340802192,0.0691174382264013,0.00308830490267659,0.015439195041195,0.0298129524174557,0.000721537489070892,0.222952734071849,0.0293302249063625,0.452805595896861,0.427510915114086,0.560371625098065,0.166474670186114,0.0023267320484848,0.00475470757539081,0.000669968737340927,0.00148238384116745,0.00946876918525028,0.00146089867781353,0.0011020030301342,0.000109230834217072,0,0.000228090550592422,0,0.0023155642677269,0.000884444279488563,0.000149205317630768,0,0,0,0,0.00162150634650421,0,0.00754845019546509,0.000228369486803055,0.0110326006533537,0,0.000489857108625412,6.91894664154053e-05,0.000471921518248558,0.00452691156675338,0.004621159289958,0,0,0.000211131570945739,0,0.0002994660897789,0.00185594482854081,0.073072423548789,0.0994804430765677,0,0,0,0.0230312666596584,0,0,9.45481605949401e-05,0.00689121659123039
0.000907878319330215,0.00890267769061661,0.293966122656229,0.000314764006007195,8.62163354930878e-05,0.00316431111940384,0.0232645948755627,0.0232273716668014,0.00370969764291287,0.0182478704312697,0.562660538796043,0.0108346479971666,0.000232531247423172,0.0376381296991396,0.00371219347423553,0.00470264999892139,0.992361196411975,0.551039056660011,0,0.00519414668204212,0.0253498388005543,0.0030581725206871,0.203608830628858,0.0136610241315422,0.000945240233222008,0.781289977500429,0.674657265654894,0.0150321511464014,0.0593420127509708,0.0087513972440958,0.00375686441954612,0.0173036469645366,0.00279915339791966,0.470588003014157,0.0327016935094929,0.44331172237605,0.235021704599977,0.482775297730062,0.173997705374348,0.00337650136223031,0.00552818817327118,0.000739291316802979,0.00264954579343128,0.00837093020466041,0.00244668083010006,0.00204769362068653,0.000169588932374954,0,0.00011357694669342,0,0.00555473131678963,0.0100826462229023,0,9.5753495218277e-05,0,7.25106985187531e-05,0,0.00108615924991036,0,0.000593006936119079,0.000486058205308914,0.00106334496311187,0,0.000540255778841973,0.00134313726510716,0.00180894036022854,0.00233658745140838,0.011642325864378,0,0,0.00246508062779045,0.00196379425562668,0.000795913051059723,0.000665551959308625,0.0457125762424421,0.153228346750185,0,0,0,0.00306948059380818,4.04750530614853e-05,0,0.000532408773628235,0.00791282451654911
0.000546944766122819,0.000149436783943177,0.00223208188215065,1.51213966410474,0.0175753105459185,0.0991650093871021,0.0167251433692703,0.13546872127111,0.419654044336684,1.05996157471373,0.0211391406466799,1.36122962412427,0.00107050451276493,0.117047526190101,0.0973373555607691,0.000172374298822403,0.00169597214174652,0.00351076625253582,0.00519414668204212,0,0.000485123009705544,0.000189663545413971,0.00244767426304435,0.0885313268004913,0.0177377959689818,0.00383746073826599,0.0023364858440094,0.619951977751843,0.0830563525056953,0.00339407405853367,0.000157109270175934,0.0241168242503643,0.000522041794610023,0.0535509638526077,0.0129380991897611,0.131604284172881,0.00146601922190667,0.0535199228443079,0.00537730908516884,0.087018161769968,0.0280010159933138,0.00240003078653526,0.0333624009867411,5.18668205280304e-05,0.0234862829527416,0.00381900028561592,0.166376587813153,0.00330969352605916,0.000176351174423217,0.0003021592343359,0.000539307529935837,0,0.187471431313926,0.00714056130461598,0.0350888354495573,0.0476843539869004,0.0221955396471033,0.112126265669131,0.391146183746195,0.0062292554637537,0.26911582851891,0,0.00409201169098377,0.0423498311554213,0.00012640358161354,0,0,0,0.198405597415598,0.000405860404535293,0.000835594417350769,0.000105167086741448,0.173656835826073,7.67934381294251e-05,0,0.000344883625788688,0.252895755165624,0.0103906444355049,0.000470045200964927,0,0.000494808128311158,0.00112683712249374,0.0193747698357897,0.000595147003658294
0.0153249817092219,0.00237468146254349,0.257646008393371,0.000346691351949691,0.00552200964979649,0.00585609060428524,0.376648947224533,0.178789640129645,0.00673168550440979,0.0100369803953018,0.0134137499508133,0.00133511383194351,0.000509381485118866,0.33088918159199,0.0361165650337515,0.676224321984343,0.172815480361124,0.00596155106553841,0.0253498388005543,0.000485123009705544,0,0.018294034603941,5.77327447242428,0.233238212428719,0.00565783707559776,0.0255582114395227,0.567589733071535,1.48412454543037,0.330060613142429,4.01909683347577,0.0001777219734478,0.011308990467968,0.0754073875615454,2.1597151193358,0.251875955931676,1.41244936030964,0.0786513416734572,1.33895830828966,0.475457779746302,0.0312012460544644,0.0458341051600628,0.00231923322939778,0.0267406968600082,0.00461578257020188,0.00444024594944859,0.00321210511949158,0.00411292571412277,0.00071861134305954,0,0,0.00149398046888351,0.00455591418232441,0,0.000855440003145218,9.29839581985473e-05,0.00285569898178196,0.000448177686149597,0.0080762975567894,0.000329812530612946,0.00047013042125988,0.000202366284267425,0,0.000811425969892502,0.00278434942969895,0.101111410147436,0.000184370314704895,0,4.96061325044632e-05,0.000249492286182403,0.0666845039826507,0.0808026695615702,0.0455800287837611,0.089954278123784,0,0.00100135332684517,0.0678613625563602,0.0636119890781393,0.00287833378566742,0.00102814351790714,0,3.40988517179489e-05,0.000435700340452195,0.00176230336077404,0.026755419370717
7.13841004371643e-05,0.475523531662205,0.00491425703488826,0.000567047759370804,0.00159601947869683,0,0.000507037914751053,9.24110162601471e-05,0.822557198893121,0.000378922181053161,0.00511159500920963,0.00061599944033432,0.0835177866603814,0.000291292601852417,0.0154381469100094,0.500132116235636,0.0058763125817585,0.000983223177909851,0.0030581725206871,0.000189663545413971,0.018294034603941,0,0.0448789094271469,1.65410836931425,0.109203294521299,0.00970327994458866,1.17361173930359,0.0221888853552561,0.000243472746419907,0.00118170185462093,0.00517774296109199,0.000229354796670914,8.32199222660065e-05,0.00474676274701023,0.000852758548341751,0.021100025422966,0.0096489803990221,0.01037101729949,0.00446732751106453,0.00790676538483238,0.000401967229408265,0.00602720882606792,0.0366565624797649,0.0181639245523281,0.00724812442619706,0.0107966620986328,0.00167775402090454,0.000265048268657685,6.98405075511932e-05,0,0.019947548797883,0.010169094462882,0.000253550227083206,0,5.00103252668381e-05,0.00350913882435321,0.000359795862882614,0.010863228509986,0.000530703025629043,0.00143544104511452,0.000351659880220413,0.00346612242193794,0.000216132266721726,0.00059891030761528,0.418382859456436,0.00518981679120541,0.000173914754013061,0.00275162923043632,0.000349933332733155,0.0457302838657723,0.441387660207682,0.144557664441336,0.0893730523786641,0.00332063474008941,0.0146620122723255,0.451153879311238,0.0354417974488192,0.0015506617090416,0.0012980696311512,0.00213705745985413,5.53357878284454e-05,0.000264706845122337,0.00202481032910442,0.00129312416984367
0.0803146220329198,0.00739743984813022,4.13908630814344,0.00208758894470501,0.00497999710170078,0.0144098224261379,0.550320402823242,0.782844353634018,0.0120536367674074,0.0263297062010708,0.0828997975657768,0.00629508538999271,0.0013329013155098,1.30589736567601,0.0619123748933287,1.60304664952699,2.32833242856636,0.0354373856102057,0.203608830628858,0.00244767426304435,5.77327447242428,0.0448789094271469,0,0.465682289418019,0.0140104866230649,0.516407081261104,4.776865728908,0.992389305253197,0.885569818947298,1.26692320050208,0.000829945413665771,0.0280289852408009,0.129006834530574,2.13461162946202,0.508384811327522,3.99357785136912,0.809496227637654,3.60418734536008,1.67198096041034,0.0708899904705734,0.1240481589081,0.0124625466471519,0.0663608260630989,0.0345034092496605,0.0189817276520033,0.0264458629890404,0.00517633287040043,0.000997380440774918,0.00020170397929573,0.000322807147819519,0.00951056056890679,0.0910462669327469,0.000259967555522919,0.00231617624700737,0,0.0123049018514414,0.000515087037795067,0.011157282927186,0.000655379946381569,0.00135643930682945,0.000236087322538375,0.000111142646678925,0.00111331469750976,0.00957387109740257,0.475280260852829,0.00545004676101208,0,0.00226579004790401,0,0.0881713793752813,0.184149400621158,0.358646930888025,0.114327313995008,0.000575999536685944,0.0137892032411699,0.641716554880363,0.0692393446541175,0.0026143569541626,0.00213087127905465,0,0,0.000909286960676193,0.0054275823027277,0.1033380810587
0.00111188563969517,0.414578270461375,0.0364408022934551,0.563111776890309,0.0510982567477312,0.0315460545869923,0.40999450855291,0.0734572314671231,3.35215671913721,0.0541560304961472,0.0240722165216474,0.155313964477644,0.0639096096086283,0.0799750899272719,0.287872063408356,1.02376213717781,0.0473030584794645,0.00490556502442646,0.0136610241315422,0.0885313268004913,0.233238212428719,1.65410836931425,0.465682289418019,0,0.119358631130931,0.031670696453805,1.64146725895173,1.77976220256418,0.0989170019937773,0.296219417322816,0.00578109453547096,0.0289212561825743,0.0171364528045692,0.118400688079187,0.118026060201868,0.853144397754309,0.0750441099048071,0.161318558747767,0.0546102648136625,0.192177371593915,0.0382379377736979,0.00773370997631549,0.464635456221048,0.0268588535273352,0.152695730542417,0.0461750475708933,0.148976570456149,0.0274595398195238,0.00100834341030979,0.00247869702123356,0.0269326533896456,0.0214059472595672,0.11051541173693,0.00396134918744087,0.0294381079165935,0.31284558754765,0.0737450200722484,0.550926884815564,0.306421783471681,0.033613625378789,0.112047873691678,0.00086551609574604,0.0849150332206994,0.0305801914805661,0.422133974677474,0.00289584371887207,0.00033774962506485,0.000665667713913918,0.0977017095726299,0.236038631469972,0.598291300292584,0.157536042253401,1.76442579054961,0.00587338871241475,0.00667536886505985,0.369241826238135,0.959970312747474,0.13688482754355,0.0308928101701355,0.000594146979715347,0.0204414572809238,0.0159570307337895,0.11814553096602,0.0467729311627063
0,0.28610479299317,0.00125596289379501,0.00742060515539932,0.0109100151719914,0.0504972932505799,0.0116389511842089,0.0392682148233004,0.076722635277852,0.0436007309120779,0.113063870728343,0.027745537612627,1.20913908218491,0.0365438739083777,0.00544762310280991,0.0034835950643692,0.000965327213192939,0.00345498223083686,0.000945240233222008,0.0177377959689818,0.00565783707559776,0.109203294521299,0.0140104866230649,0.119358631130931,0,0.020127053763628,0.30987311411461,0.0422399044147025,0.0235914505450687,0.00832990346264362,0.0494426825618277,0.0647371861144237,0.000455314368009567,0.0237669915353079,0.00960582528841209,0.0822074573151826,0.026942329364811,0.170689294733625,0.0444665006341095,0.164456076382141,0.0665987274147663,0.469921165629327,0.0345487228403206,0.0154701006567164,0.0147363480891524,0.00211823989212799,0.240449117739867,0.00463608512577438,0.0208753271499882,0,0.0441045175279484,0.00065163269553566,0.00449305677502728,0.00121518047222329,0.00805411869925404,0.0244840592640324,0.0188222294680853,0.00940561266121388,0.0204799513359547,0.0460596462198401,0.0137509143313551,0.237723045837495,0.0198918493346214,0.00461677639229393,0.00255870956009674,0.000251734714902878,0.0048325121695404,0.00403696984453583,0.00770312807963848,0.00203426254430866,0.00914347690001106,0.00109955412022591,0.0280252410418539,0.255491977310271,0.0598022868500605,0.34974016335252,0.0236177139556961,0.00656604931741047,0.000296092472871781,0.0774252364233341,0.0174982903633403,0.000210554424985885,0.0139840858432788,0.00382655198283576
0.00412147188609982,0.0313256457947674,2.50342262048804,0.000800215088722229,0.000601172910736084,0.00512743534838676,0.0768978054746247,0.0641818013125448,0.00878371169094086,0.0218465469457855,0.612983850031331,0.0144755212310315,0.0214546513291826,0.0946702104710998,0.00711291835905647,0.007504386936553,1.35296340125738,0.453301033862352,0.781289977500429,0.00383746073826599,0.0255582114395227,0.00970327994458866,0.516407081261104,0.031670696453805,0.020127053763628,0,2.87832521336739,0.0290016898222103,0.109454611637758,0.0112825907269306,0.106009504141602,0.0533657138525419,0.00268667670063401,0.310272942197258,0.07093358893079,1.07847197616389,0.891608320905664,0.753761245444493,0.355812252537483,0.00557194563558484,0.0130779122638407,0.00820649391647243,0.0416637357580776,0.170057063480661,0.0363300142277956,0.0279452871478644,0.00112809554974079,0.000126130645019531,0.00310973738093949,0,0.0452561620846482,0.038969287191453,7.22793884782791e-05,0.000211590078929901,0,0.000436499129041672,0.000276464791437149,0.00349851847337437,0,0.120661009228343,0.000385281296665191,0.219889188756589,0.000805090472791672,0.00184209676961517,0.00882682750681972,0.0224758509618988,0.0569726422728538,0.153683361912595,0,0.000486540760786057,0.00820284650500774,0.00910610406546879,0.0050217855039339,0.0239520480002432,1.10782685929234,2.12082063940448,0.00108987204126263,0.00057092296628952,0.000317545116342545,0.363262955023997,0.000414140947929383,6.42608273220063e-05,0.00770197608583545,0.0158863439800071
0.00293767351784706,1.96856062474086,3.08725533339091,0.00114665791007709,0.00296364283695031,0.00537011526906395,0.13954578831849,0.0470984330821495,0.466090282529992,0.014392969677701,0.25148186900566,0.00618800283218765,0.33639390261109,0.0785960216782866,0.0368244247941771,1.17676240194171,1.53782066762019,0.310684953383935,0.674657265654894,0.0023364858440094,0.567589733071535,1.17361173930359,4.776865728908,1.64146725895173,0.30987311411461,2.87832521336739,0,0.576979375776727,0.0960075179871769,0.0598970323943653,0.357767690920515,0.0253667140123157,0.00564380785766602,0.9074910570585,0.228015102349234,3.54712497550522,1.33746893915124,2.05573609048971,1.03408887855372,0.0280470706346798,0.0538144496072187,0.006818614691185,0.520913229671482,0.531520881732481,0.256495246288965,0.242465981386777,0.00943456292262268,0.00141909113380051,0.00281058129178047,0.00261384084005356,0.94987605375182,1.03748462147089,0.000121248293060303,0.00180628081720161,0,0.0911417960337238,0.00623491003807354,0.0457552444280892,0.00183962655156898,0.0775068453412915,0.000623369650683403,0.189637870060761,0.0189335719222211,0.0121938089911623,0.979036887005336,0.20748129735444,0.113225947150983,0.401100610801763,9.00283472671509e-05,0.100968389864611,0.646252239648508,0.91900900456885,0.24300901067072,0.132760942120153,2.13973519209771,13.79064566272,0.112880245230192,0.00789231602520847,0.0101702687024546,0.405189692479772,0.00167313987141895,0.00311064548940754,0.0603135193547945,0.0694516985105953
0.00408575200109195,0.00531005436641979,0.116040346117098,1.7892794189325,0.0131987337445422,0.114411111142903,8.14833932406869,0.185366884817471,0.374578619850967,0.665354189591717,0.0246229628017473,0.0567134669271784,0.00169770462450314,0.239572036178867,0.137258995782211,0.2310068334945,0.0839902775477629,0.00750057340802192,0.0150321511464014,0.619951977751843,1.48412454543037,0.0221888853552561,0.992389305253197,1.77976220256418,0.0422399044147025,0.0290016898222103,0.576979375776727,0,0.299120447992161,2.30670483876604,0.000402468344475746,0.0430927429313765,0.0901507060653477,0.634608812400984,0.360145544035343,1.84465497494089,0.0982018605709705,0.592792315354343,0.194596772167231,0.131767022630847,0.1062230082637,0.0084015561669588,0.234611137027384,0.0104900640764351,0.0792162518258057,0.0199414219912262,0.130952146198091,0.0145166622108965,0.000718397909302712,0.00154291712629223,0.00619237085337638,0.00729424315131282,0.15433277754449,0.00297373078783321,0.0269651403086157,0.142164592971078,0.0391038767106571,0.201768621150799,0.348269989101943,0.0162724399498444,0.139430392167308,0,0.0195563573885793,0.0225587317893877,0.124812243524159,0.000137529132179261,0,0,0.124415050224629,0.0988949319658556,0.135504265019262,0.0566594608357916,0.763984691626319,0.00035523307783699,0.000819815532877922,0.102160731938195,0.561644517580127,0.0547684498567715,0.0126464796057386,0,0.00246860106984043,0.0063647808067131,0.061018898776268,0.034871158318325
0.837478805246367,0.000671047461055756,0.123061131522821,0.0269554997949229,0.00188322277188778,0.0400332252739677,0.611261152278665,0.303722663431349,0.0343979117611513,0.481022061469162,0.427677869221976,0.222025205479065,0.0188791567017174,2.13918196276688,0.0188245356986533,0.00153498159149552,0.392350175576889,0.0691174382264013,0.0593420127509708,0.0830563525056953,0.330060613142429,0.000243472746419907,0.885569818947298,0.0989170019937773,0.0235914505450687,0.109454611637758,0.0960075179871769,0.299120447992161,0,2.24067098695527,0.0142526989076385,0.200378100050406,1.02117070444621,0.500368698125141,0.0225004175657329,0.317682247388824,0.0252259438860111,0.183344041670119,0.0231734972697572,0.0279095142621574,0.037262909404109,0.0071219991557064,0.0218594539473781,0.000860891230908394,0.00726377560892201,0.00107753059392929,0.0143739150638351,0.000733459891679764,0.000398448160099983,5.50882592124938e-05,0.000827412993261337,0.00138983012411785,0.00269609740712642,0,0.000371986265730858,0.0315372873607035,0.000689882411736488,0.0206963931406088,0.00441199068142319,0.00396668991256141,0.0118512540715227,0.0012817246163578,0.000969325047617912,0.000269227121137619,0.00153061980586338,0,0.000102413235134125,0.000260728415994644,0.00361495875395393,0.000984196791895866,0.0028734954349823,0.000694182286105156,0.115084777972841,0.000359492413427353,0.0024096028469925,0.00730442190844631,0.053764304685854,0.00296706756397247,0.000725501792441369,0.00136044720394134,5.513219307518e-05,0.00103132416042424,0.00667454385649109,0.00194875003003121
0.67029266676024,0.000268164043001175,0.0868782017297944,0.00087059079700756,0.00251687145726013,0.00990102490311814,1.86832345814884,0.760297569419277,0.0571192332958431,0.0270525927459183,0.0111647562678194,0.0073465871681099,0.000491103619371414,2.32583254757908,0.0518789406422138,0.0107480118907443,0.13313012157954,0.00308830490267659,0.0087513972440958,0.00339407405853367,4.01909683347577,0.00118170185462093,1.26692320050208,0.296219417322816,0.00832990346264362,0.0112825907269306,0.0598970323943653,2.30670483876604,2.24067098695527,0,0.000552190821092606,0.0130774313109169,0.254082544450009,1.24440740223277,0.217715686631687,0.781182292272248,0.0326994869712267,0.456027975384333,0.116724481916473,0.0433223695063906,0.0444135787359553,0.0026138775271883,0.0579531657060156,0.00175409381692887,0.0146966413853588,0.00518107833427334,0.0136645196620073,0.00208823433860206,5.91507963466644e-05,0.000338026925016403,0.000441808241269111,0.000376462172773361,0.000720159679258347,0.000762895647090912,0.000614023292861939,0.0179987875377216,0.00207182369572448,0.0345852789303217,0.000939825891763687,0.00317895050876427,0.0014083855625267,0,0.00196128253665734,0.00241688432246017,0.0191599973463249,0,0,0,0.000609043972635269,0.0182791705966559,0.014427711285078,0.00730784883553219,0.164738175564305,0,0,0.00962849896417522,0.0870494272920113,0.00851133759316349,0.00215153597491837,0,0.000245885983428955,0.00253246212904071,0.0108677500668182,0.0179915131404533
0,0.01357167493291,0.000739882582391739,0,6.06722782859802e-05,0.000749713324991226,0.000815836196760178,0.0013122891178236,0.00370813392465305,0.00128615933502102,0.0710639330746966,0.00108604192952156,0.105788031440855,0.00478374335125352,0.000315147770044327,9.97227533283234e-05,0.00100881856891537,0.015439195041195,0.00375686441954612,0.000157109270175934,0.0001777219734478,0.00517774296109199,0.000829945413665771,0.00578109453547096,0.0494426825618277,0.106009504141602,0.357767690920515,0.000402468344475746,0.0142526989076385,0.000552190821092606,0,0.0136530772379207,8.30174122238159e-05,0.0267879921534548,0.0046426976164112,0.0422351753930883,0.0909304968626604,0.0633092299893866,0.0228548773855247,0.000631857266647339,0.000815296111762046,0.00819675602697945,0.00231192701700211,0.118499951880229,0.00491859382007504,0.0027162566123085,4.76264520606995e-05,0,0.00958000694638252,0,0.0138513042555342,0,0,0,0,0,3.19199980974197e-05,0.00238420392964268,0,0.154451167755627,0,0.427922497697405,5.48911849822998e-05,0,0.000314479934271812,0,0.0105006508013707,0.00782899978819084,0,0,0.00541235454953384,0,0.00129019737116718,0.0455111579527559,0.280560517957148,0.385701756462664,0,0,0,0.321769608500576,0.000482519742959976,0,0.00215596520567894,0.00104623235589695
0.000562535453224182,0.000662964999999047,0.0105324172362471,0.00461922349435043,0.0246409517145596,0.162699095499441,0.0446093775696087,0.151311597731461,0.0122360725152311,0.105447935579607,0.383038766481334,0.111998238909319,0.0282577741767969,0.0963053131500207,0.0780230620443879,0.00115750868861962,0.00981150251534843,0.0298129524174557,0.0173036469645366,0.0241168242503643,0.011308990467968,0.000229354796670914,0.0280289852408009,0.0289212561825743,0.0647371861144237,0.0533657138525419,0.0253667140123157,0.0430927429313765,0.200378100050406,0.0130774313109169,0.0136530772379207,0,0.000403003968063355,0.698831819307243,0.0287546956041842,0.634319736651346,0.0206833751307879,0.217733550946741,0.0184248796943865,0.139866847203152,1.12086159098243,0.0155519366255379,0.0116459229654722,0.000695332272886276,0.00119763006458759,0.00056398704177475,0.00768625452558517,0.000485589070833206,0.000957093799575805,0,0.000226522573156357,0.000364292900341988,0.000704578172367096,8.97413645839691e-05,0.000604235304425239,0.00378697529116344,0,0.0106687753983078,0.000535414900228501,0.00939370132633496,0.00551219154377461,0.000918403911297798,0,0.000661234527328491,0.00100193361050034,0.000154734230930328,0.000158588883493424,0.000183348872314453,0.000788937454922676,0,0.000664072094730377,0,0.0369049918716602,0.000103286899429321,0.0011340184552288,0.00215287479641533,0.00743681461501408,8.97456421451568e-05,0.000226372506136895,0.000450761210540771,0,0,0.000638859113405227,0.00225308062306309
0.00116179003097534,0,0.00659787074468708,0.00254500255344486,0.000225501087867737,0.00069376082376194,0.0395419652141333,0.00295766914921188,0.00517545357112312,0.00771543893750667,0.0013576053160801,0.000560675164538383,0,0.00775662187791825,0.00102198394317055,0.00031168530488205,0.0596307496019382,0.000721537489070892,0.00279915339791966,0.000522041794610023,0.0754073875615454,8.32199222660065e-05,0.129006834530574,0.0171364528045692,0.000455314368009567,0.00268667670063401,0.00564380785766602,0.0901507060653477,1.02117070444621,0.254082544450009,8.30174122238159e-05,0.000403003968063355,0,0.151452093242014,0.00172267489100075,0.00579713696183681,0.000362782188909531,0.0217349449270306,0.00254582407194043,0.00113188468146515,0.000485844330313683,0,0.000931058450984002,7.05709654712677e-05,0.000445490081585884,0.000125512378091812,0.00127411305779457,0.000170927809026718,0,0,0.000149670640296936,7.47222895774842e-05,0.000110499131109238,0,0,0.00236316477558231,0.000305252723075867,0.00165199716728497,0.000477258247710228,6.20369428710938e-05,0.000475373059696197,0,0.000120589033859253,7.8472218495369e-05,0.000284273234252929,0,0,0,0.000103430461246491,0.000154275903731347,0.000141088541095734,0.00036219264231205,0.00823359722440052,0,0,0.000504019200599671,0.00362293911428261,0.0013239580473547,5.05144646558762e-05,0,5.1867856212616e-05,9.150155037117e-05,0.000742067043416977,0.000551206179210662
0.00408137081016255,0.00799324773499203,0.459394261927383,0.0202198602857695,0.00983377261424446,0.0262925159564953,0.271038809769628,0.066427809343626,0.024936815460474,0.339270828069487,1.59094726094566,0.148453474291732,0.114965038537399,0.105453180120884,0.0105283905374766,0.0358730469102516,0.7840459339804,0.222952734071849,0.470588003014157,0.0535509638526077,2.1597151193358,0.00474676274701023,2.13461162946202,0.118400688079187,0.0237669915353079,0.310272942197258,0.9074910570585,0.634608812400984,0.500368698125141,1.24440740223277,0.0267879921534548,0.698831819307243,0.151452093242014,0,0.0232712338313113,0.262643168302348,0.072143530665247,0.357982174049512,0.0665920179313488,0.0156596345240021,0.0363504139538698,0.0276416106172256,0.0430538881639509,0.0106157694932642,0.0132657762889022,0.00469793890568161,0.0208686586159458,0.00223232600955391,0.00520795683429909,0.000169786631692887,0.00658690714393616,0.022130968258421,0.00458395837599278,0.000211292151082992,0.000667768042419433,0.0404886239185124,0.00362387339370346,0.0190494483675327,0.0126076804251595,0.0063741103453846,0.0118880684606467,0.00712490669922925,0.00150632726316833,0.00126737418912507,0.00741157124645805,0.0016541764345665,0.000546053623884201,0.00200670860634041,0.00669872024624062,0.00243340098818492,0.00697238980771351,0.00877787073016548,0.108916571372095,0.00156430866437245,0.0171292743061781,0.121154969219839,0.063272348130621,0.00801515036503028,0.00193539943063546,0.00200793489365959,0.000110990162040711,0.000943897872625352,0.0133246131870232,0.00415640416055775
0.000423806140331269,0.00131098603970146,0.068382695081686,0.0145324850660019,0.252480829358757,0.344841829039696,0.103242758515515,0.0347148722641868,0.0251330192743778,0.187994318193452,0.0375026011265602,0.622587394895493,0.0044006002070303,0.0135948006451607,0.628141004740534,0.0522619024864797,0.0384990675787525,0.0293302249063625,0.0327016935094929,0.0129380991897611,0.251875955931676,0.000852758548341751,0.508384811327522,0.118026060201868,0.00960582528841209,0.07093358893079,0.228015102349234,0.360145544035343,0.0225004175657329,0.217715686631687,0.0046426976164112,0.0287546956041842,0.00172267489100075,0.0232712338313113,0,1.78974323912369,0.374189362509086,0.200709375114733,0.523803942336208,0.061679101914957,0.142331584627133,0.0361642591730089,0.41452639049562,0.114529453231476,0.039086075455925,0.308926431209529,0.027461915756567,0.0196732108705387,0.0053801386183548,0,0.000677396176923752,0.0126555413893032,0.00128079949569797,0.121810230739671,0.0192245275313072,0.0100918662272043,0.00140651105309486,0.0145490242195644,0.00286703381110955,0.0211466226466169,0.0811576805402184,0.000360647615401268,0.000587711082492828,0.19419658478936,0.00747536158494758,0.00162713796417045,0.0133734884939089,0.00619145416833686,0.000262211626630783,0.0200569216066847,0.00472156175572586,0.0614971981137342,0.0274426100749855,9.10275990428925e-05,0.0170623233708773,0.05917685965874,0.0210259196292343,0.000849532029287338,0.00671379899261284,0.000727308593227387,0.00167008357846355,0.00058544496172142,0.00265927850450134,24.2155192143176
0.00236617323400498,0.0323483719560872,0.956304374984493,0.0936839027977466,0.101079911243983,0.349789465995735,0.472063326155331,0.382560083664797,0.128620834977456,0.575168200651231,0.455775503136374,0.344327948657175,0.0677520045474301,0.415959172408304,0.111912886849549,0.571196216187309,0.401718215384677,0.452805595896861,0.44331172237605,0.131604284172881,1.41244936030964,0.021100025422966,3.99357785136912,0.853144397754309,0.0822074573151826,1.07847197616389,3.54712497550522,1.84465497494089,0.317682247388824,0.781182292272248,0.0422351753930883,0.634319736651346,0.00579713696183681,0.262643168302348,1.78974323912369,0,3.94449438330793,1.2883000158479,0.833057751905031,0.486467536513115,0.466745925037737,0.361558457932615,0.411207774810373,0.0329566849437676,0.0541573158082953,0.0309093160990591,0.0653683151906262,0.0100596011408415,0.00266360354784394,0.000815585086146354,0.0221933933225584,0.0501431097594023,0.0147448376998815,0.00307651199128246,0.00429749757672501,0.168247321399446,0.0175117208544645,0.0990995667578717,0.0390530876455708,0.0227039522523566,0.0368096924965554,0.00473772733969688,0.00978628013932228,0.0122784698019476,0.0591480520307092,0.004325249407053,0.00130446457287025,0.0080456332833538,0.0149819404866428,0.0287260995469036,0.0552370864899301,0.0417593383773394,0.488761211556484,0.00352262931470776,0.0529981798814706,0.407217501642786,0.252235471856369,0.0314756245849342,0.00728439916543293,0.00714784287507248,0.00149657980738163,0.00336632876711368,0.0441572876983109,0.304905819310524
0.000356138351961136,0.0183608086179628,0.342333288779385,0.00168653458546257,0.00173172989358902,0.00569543589467812,0.032455428119256,0.0160225550288944,0.0075200806283083,0.0091657808945961,0.386428161378193,0.00812400543265629,0.253047294147208,0.0198610866650219,0.0181306403553973,0.123279813982049,0.16336140709584,0.427510915114086,0.235021704599977,0.00146601922190667,0.0786513416734572,0.0096489803990221,0.809496227637654,0.0750441099048071,0.026942329364811,0.891608320905664,1.33746893915124,0.0982018605709705,0.0252259438860111,0.0326994869712267,0.0909304968626604,0.0206833751307879,0.000362782188909531,0.072143530665247,0.374189362509086,3.94449438330793,0,1.00496669953398,1.07815024166051,0.0171092504753894,0.0602265715195685,0.0967513548163805,0.0171084514723091,0.0228672720296631,0.0049108210225811,0.0130899811545353,0.00351311330378437,0.00133233988866806,0.0116613771383142,0,0.0131484239470939,0.0226015069018078,0.000246179872718812,0.000740922250379563,0.000183849662581443,0.00466709251109505,0.000456023854848862,0.00352399789834786,0.000440843464307785,0.0215708818591204,0.00118333990623093,0.0637033887238884,0.000744032031234741,0.00620799670779133,0.0135568042427015,0.0031924747783699,0.00244018680278206,0.0066774050607891,0.00053428262733078,0.00208237792529011,0.00825229215542793,0.0149416792105236,0.0176801823154736,0.00609894462721824,0.0737497288489866,0.264009133186395,0.010218298409646,0.000578733618361473,0.000578510189329148,0.0242320914955845,0.000237122290111542,0,0.00317430870221043,0.130285474908877
0.00304552947464848,0.02323255266362,0.663613375065156,0.0246998455354986,0.0113085158210764,0.0387706933086205,0.274951877063744,0.0861338637058554,0.0301708507836113,0.283796044216387,1.03523108819545,0.130548591579821,0.310259761421024,0.102218352976318,0.0295896096809435,0.188781792419097,0.42801746319599,0.560371625098065,0.482775297730062,0.0535199228443079,1.33895830828966,0.01037101729949,3.60418734536008,0.161318558747767,0.170689294733625,0.753761245444493,2.05573609048971,0.592792315354343,0.183344041670119,0.456027975384333,0.0633092299893866,0.217733550946741,0.0217349449270306,0.357982174049512,0.200709375114733,1.2883000158479,1.00496669953398,0,0.704507053959589,0.0513274689416656,0.149761720605583,0.346558785670967,0.0416723213381595,0.0215623663746614,0.0131213227503691,0.010221083904788,0.0272943470434141,0.00131575467165471,0.0087928987770195,0.000127784078690528,0.0131386273146744,0.0406893206210089,0.00435488788393307,0.00013764770274353,0.000837260692897797,0.0352041182668161,0.00262726910660076,0.0214173505451946,0.00638187864163399,0.0133306776810122,0.00967328509415817,0.0226198686855841,0.00157100427635766,0.00195144419495201,0.0197377336954193,0.00557972386889076,0.00187983120209312,0.00530596765922642,0.00345321891961097,0.00359449361735058,0.0137956809978218,0.0215903550458307,0.114083411886852,0.00581522795086383,0.0653691850124702,0.335349502427187,0.052877662882845,0.00381227041024303,0.0014054443960247,0.0174722580329418,0.000432122724323272,0.000543677622493743,0.00755810503714943,0.063813773531353
0.00111103979486846,0.00965896865760327,0.322598171906536,0.00498137856092263,0.00317976452314281,0.00654337559262085,0.0669122953399001,0.0235840812815437,0.00606958526733399,0.0290383482856493,0.184923442774575,0.00945184426369286,0.0172449282631531,0.0229646293039112,0.020198373339077,0.119092663315312,0.195327105428264,0.166474670186114,0.173997705374348,0.00537730908516884,0.475457779746302,0.00446732751106453,1.67198096041034,0.0546102648136625,0.0444665006341095,0.355812252537483,1.03408887855372,0.194596772167231,0.0231734972697572,0.116724481916473,0.0228548773855247,0.0184248796943865,0.00254582407194043,0.0665920179313488,0.523803942336208,0.833057751905031,1.07815024166051,0.704507053959589,0,0.0219556433003426,0.185873271409183,0.0556318049537315,0.0165293875808745,0.0118446639461575,0.00426652211377716,0.017112010200983,0.00614958723179627,0.000480524138099671,0.000336353871557235,0,0.00766905065862465,0.0172044935374432,0.000609696236369133,0.00184265469719123,0.000169602108243942,0.00498328434925461,0.000381838972197533,0.00425320136538505,0.0011041303998127,0.002521404605793,0.00178760136015987,0.00217153731786919,7.16223017635346e-05,0.00677157071365071,0.00954167009172535,0.00174793904985237,0.00239882347246742,0.00377294485676193,0.00109530494231129,0.000796839814106941,0.0059665069449749,0.00837391562982559,0.0148780642826843,0.00106985022668839,0.0211476742801323,0.128034273048294,0.00846802523928165,0.000807670075063705,6.62358410568237e-05,0.0031616552748127,8.62238242893219e-05,0.000149170913291931,0.00137930142509651,0.180842817357027
0,0.00313903557415009,0.00844613703835202,0.0537505041826229,1.3133329372489,0.54270141214759,0.0614426760062914,0.0878541505563983,0.152585289847818,0.134068591459894,0.0141167764807577,0.312454672601784,0.00333086358697415,0.0454522549332218,0.4757957146057,0.00532754888692189,0.00718803120283986,0.0023267320484848,0.00337650136223031,0.087018161769968,0.0312012460544644,0.00790676538483238,0.0708899904705734,0.192177371593915,0.164456076382141,0.00557194563558484,0.0280470706346798,0.131767022630847,0.0279095142621574,0.0433223695063906,0.000631857266647339,0.139866847203152,0.00113188468146515,0.0156596345240021,0.061679101914957,0.486467536513115,0.0171092504753894,0.0513274689416656,0.0219556433003426,0,0.160373889624118,0.0178063198548431,0.0545647145261764,0.00114579607648659,0.0147997117684907,0.00360472081571961,0.0796581306682835,0.00365897647032165,0.00180584437113762,0.000132046070903779,0.00033301475091362,0.000324306215460778,0.0148519555077324,0.00319900142362403,0.00776158126581288,0.0327585120697833,0.00928045757591915,0.0183181157290935,0.0520337569741287,0.0370356824612532,0.0656679542060251,0,0.00681050323402404,0.0136164536629572,0.00107385071467209,0.000210486333320617,0.000730113104518891,0,0.0328684934872942,0.00174247804436874,0.00214126460061837,0.00111857663093377,0.0663047061456012,0.000384928783950805,0.000280464133426666,0.00325147301653862,0.0570345891050377,0.00699461875193596,0.00126158880906772,0,0.00303719750859547,0.000516739254996299,0.0101203856775312,0.0156016701349897
0.000100870751472473,0.000234151965105057,0.017164661754819,0.010538936472373,0.434230824602854,0.0469579439848738,0.0692104594968224,0.0232119839125957,0.00932465308991432,0.129580980577935,0.0171679583020849,0.0687415914678269,0.00514748538689804,0.0157928161832199,0.0484783592579269,0.0110796750579529,0.0130788157055998,0.00475470757539081,0.00552818817327118,0.0280010159933138,0.0458341051600628,0.000401967229408265,0.1240481589081,0.0382379377736979,0.0665987274147663,0.0130779122638407,0.0538144496072187,0.1062230082637,0.037262909404109,0.0444135787359553,0.000815296111762046,1.12086159098243,0.000485844330313683,0.0363504139538698,0.142331584627133,0.466745925037737,0.0602265715195685,0.149761720605583,0.185873271409183,0.160373889624118,0,0.0428585457883616,0.0232197343509465,0.00123504913723754,0.00607741818356037,0.0027366052466526,0.0173022751972389,0.00147687143753815,0.000756076932655335,0.000150341506519318,0.000313531826316833,0.000982156511647224,0.00196379959032155,0.000410158569105148,0.000354330684019088,0.0218529724769697,0.0027615704235878,0.0105493952442999,0.00609977828896236,0.00686201684627438,0.00665613278577232,0.000241282782171249,0.000927498959335327,0.00117690944788456,0.0013141599533329,0,0.000122637188987732,0.000212584569007873,0.00153820432325364,0.00162224687323952,0.00109871797345161,0.00180602034865665,0.0533461982272768,0,0.000922328564495087,0.00499515557740116,0.0322202918401337,0.00187003631317806,0.000755887359477997,0,0.000182596744686127,0.000168273576181411,0.0051524226025629,0.0327628873346357
0,0.0406605666432782,0.00167332228366471,0.000811852212318421,0.00167126848129749,0.00701729474420071,0.00423054805706406,0.00735225722254372,0.00462945208078194,0.00668646551757431,0.289994411079875,0.00454893030071068,0.615446954336992,0.00765119468113804,0.0035012719450264,0.000931613201030732,0.000607005114154815,0.000669968737340927,0.000739291316802979,0.00240003078653526,0.00231923322939778,0.00602720882606792,0.0124625466471519,0.00773370997631549,0.469921165629327,0.00820649391647243,0.006818614691185,0.0084015561669588,0.0071219991557064,0.0026138775271883,0.00819675602697945,0.0155519366255379,0,0.0276416106172256,0.0361642591730089,0.361558457932615,0.0967513548163805,0.346558785670967,0.0556318049537315,0.0178063198548431,0.0428585457883616,0,0.00271394186032391,0.0066284347620163,0.000675922177139283,0.000814290845048905,0.00751231991890812,0,0.0375868854016514,0,0.00258150539455032,0.000102531339946747,0,0.000120652731525421,6.61749072589875e-05,0.000620991268444061,0.000169592082326889,0.000895001407745361,0.000338870177567482,0.0239303283707686,0.000128261458808899,0.0642588014892512,0.000240099071293831,0.000177772158187866,0.000222606597647667,0,0,0,0.000458424216276169,0,0.00182869048225593,0,0.00438154596086311,0.00592844694596672,0.00163632395940971,0.00577168060689068,0.0016918698900919,0.000221509804607391,0,0.00187264380539417,0.000860003112991333,0,0.00297112174209022,0.0108756092857561
0.000234060383623123,0.0127483946673946,0.0429130401222982,0.0191538415711412,0.00531449798645496,0.0200748475112658,0.0197743146050806,0.0446171809596319,0.0466957980476103,0.0710116116468544,0.00208955429102898,0.0217684500771561,0.00230090292675591,0.0263437305653801,0.0123507333885756,0.0753806259896965,0.0068571615998354,0.00148238384116745,0.00264954579343128,0.0333624009867411,0.0267406968600082,0.0366565624797649,0.0663608260630989,0.464635456221048,0.0345487228403206,0.0416637357580776,0.520913229671482,0.234611137027384,0.0218594539473781,0.0579531657060156,0.00231192701700211,0.0116459229654722,0.000931058450984002,0.0430538881639509,0.41452639049562,0.411207774810373,0.0171084514723091,0.0416723213381595,0.0165293875808745,0.0545647145261764,0.0232197343509465,0.00271394186032391,0,3.75644780519343,0.681994567132398,0.910945677312979,1.09679152278623,0.20175076284149,0.102058676038756,0.011985945339077,0.0260504873772412,0.660628749025626,0.043404418458538,0.0214008359968014,0.155220655047904,0.659344542063294,0.287130002870142,0.0814581145109482,0.460095243973056,0.47932380322835,0.157443449449982,0.00805737278345204,0.32283015517876,0.0603072650087901,0.8006000742237,0.179704469366403,0.707476921211872,0.571503620048719,0.10440944459216,1.34713140654134,0.0835002599968872,4.06236674423724,0.559324822579419,0.00468490825315476,0.95832005196668,3.82320017399578,0.95439534701274,0.156733693348017,0.337337886509883,0.0427804277188397,0.364792841549853,0.00347165809782886,0.19122386576425,1.62270769291764
0,0.0169886980152912,0.0501053361823368,0,0.000249571102392197,0,0.00161759739404011,0.000463199972391128,0.00384715470308876,0.000111715153507233,0.120972535779325,0.000187178074001313,0.287138623292736,0.000764980538380623,0.00465373797119522,0.0270687755749569,0.0113296466608,0.00946876918525028,0.00837093020466041,5.18668205280304e-05,0.00461578257020188,0.0181639245523281,0.0345034092496605,0.0268588535273352,0.0154701006567164,0.170057063480661,0.531520881732481,0.0104900640764351,0.000860891230908394,0.00175409381692887,0.118499951880229,0.000695332272886276,7.05709654712677e-05,0.0106157694932642,0.114529453231476,0.0329566849437676,0.0228672720296631,0.0215623663746614,0.0118446639461575,0.00114579607648659,0.00123504913723754,0.0066284347620163,3.75644780519343,0,0.40221541725584,1.32068858986531,0.0560101967233257,0.0553438566111117,0.0902534934583912,0.00998747716327,0.0243904816624603,0.934054580041294,0.00070942422633934,0.00330536418370628,0.00339748962066651,0.127254832634107,0.0476504876371794,0.00689383230457592,0.0145002688774338,0.602946157213729,0.00685276131921672,0.382880093021018,0.0844556593061715,0.0367207260844946,0.258927112417108,0.196472688303869,0.448336779386971,0.628332804655052,0.0026951380383997,0.124937549813275,0.0284161937227965,1.78006376917858,0.0610109716985407,0.00743184625220776,1.44199314871836,1.98352519859565,0.092286211821496,0.0272233029141025,0.0361112835295658,0.179729455094631,0.016641714119216,0.00171962481828117,0.0866314015003939,0.378597090564016
0.000117922519878388,0.00918862311423683,0.0220733033998089,0.0116139944520865,0.000792175158144951,0.00556788111900616,0.0113217043235779,0.0152864212723246,0.0174005180706682,0.0431099857008562,0.00169268864778328,0.00747735161917305,0.00710212788922405,0.00509367272033215,0.00213677589153385,0.0141025789211826,0.00474997683478546,0.00146089867781353,0.00244668083010006,0.0234862829527416,0.00444024594944859,0.00724812442619706,0.0189817276520033,0.152695730542417,0.0147363480891524,0.0363300142277956,0.256495246288965,0.0792162518258057,0.00726377560892201,0.0146966413853588,0.00491859382007504,0.00119763006458759,0.000445490081585884,0.0132657762889022,0.039086075455925,0.0541573158082953,0.0049108210225811,0.0131213227503691,0.00426652211377716,0.0147997117684907,0.00607741818356037,0.000675922177139283,0.681994567132398,0.40221541725584,0,0.596466995098034,0.0674974576087561,0.107701795328573,0.103433088330917,0.0196644976193504,0.0127504776252022,0.369554501136575,0.0321949655524635,0.010320814548317,0.0499872997494106,0.435863823889115,0.102892148277108,0.0371744200473661,0.344403016984906,0.665949245170166,0.124160238803367,0.0481051563998652,0.17496940994407,0.0227821207946491,0.127265550465068,0.219153838238019,0.727609939145971,0.507410431397601,0.0480307444816704,1.21270560701133,0.0157869436524496,2.16677441772844,0.19260227436795,0.00194037111498642,0.526808527595741,1.7212806910384,0.442309481951651,0.17976078917409,0.394826574395642,0.063761648114479,0.226780472422185,0.0220926880171022,0.231184326351843,0.170316211751459
0,0.00769963873570347,0.0233363341453371,0.00166344008163642,0.00153893033814812,0.00142049718287087,0.00287197663724327,0.00312279296956443,0.00407953917439556,0.00500151830258846,0.000566226369569778,0.000763204161595345,0.00307242585708618,0.00069086701991272,0.0129065012160301,0.0169644874969769,0.00349207001004982,0.0011020030301342,0.00204769362068653,0.00381900028561592,0.00321210511949158,0.0107966620986328,0.0264458629890404,0.0461750475708933,0.00211823989212799,0.0279452871478644,0.242465981386777,0.0199414219912262,0.00107753059392929,0.00518107833427334,0.0027162566123085,0.00056398704177475,0.000125512378091812,0.00469793890568161,0.308926431209529,0.0309093160990591,0.0130899811545353,0.010221083904788,0.017112010200983,0.00360472081571961,0.0027366052466526,0.000814290845048905,0.910945677312979,1.32068858986531,0.596466995098034,0,0.24210091299462,0.246604286462808,0.0422348665660401,0.00839860671498012,0.0150659946313935,0.354382963612015,0.00344454271406364,0.00642856217948341,0.00946539583492469,0.194830569919015,0.0405696149923954,0.0103408813906575,0.0528010784507675,0.252542238315199,0.00813990412561226,0.00239311819862938,0.0668442708225374,0.0515128308722706,0.212475197262333,0.126130203361339,0.460579617517885,0.286514432960072,0.0056471645083437,0.840524782918116,0.0239895568618441,2.34694970918794,0.0775069065569915,0.00137329477010822,0.519560536745279,1.86841798649967,0.181623286058927,0.0415706795011282,0.15534715215061,0.027382527600686,0.0271764501766462,0.00758722389146232,0.0638814675366382,0.591457974372912
0,0.000817806755212783,0.00178910741101169,0.0819331528759946,0.00504033178971005,0.0302010761259527,0.0174292539484319,0.0376855802043228,0.0626466236763754,0.194526019822134,0.00316507503790283,0.166071237266911,0.00229197521531868,0.0181702879271164,0.0167804734148713,0.00223178939624405,0.000166199847610473,0.000109230834217072,0.000169588932374954,0.166376587813153,0.00411292571412277,0.00167775402090454,0.00517633287040043,0.148976570456149,0.240449117739867,0.00112809554974079,0.00943456292262268,0.130952146198091,0.0143739150638351,0.0136645196620073,4.76264520606995e-05,0.00768625452558517,0.00127411305779457,0.0208686586159458,0.027461915756567,0.0653683151906262,0.00351311330378437,0.0272943470434141,0.00614958723179627,0.0796581306682835,0.0173022751972389,0.00751231991890812,1.09679152278623,0.0560101967233257,0.0674974576087561,0.24210091299462,0,0.148912853997514,0.0104609563143653,0.000863180004981995,0.00851285045256901,0.0152456216822891,0.092581772546937,1.41266609183326,0.761393232625723,0.177904219646959,0.250873774452438,0.0970423247810354,0.233249600142308,0.325403208130789,0.369716657233389,0.00290642704259491,0.0691191007452936,0.454238430537534,0.0118903232317858,0.00582365382102871,0.0224613687637195,0.010672020170537,0.098670366186965,0.0466518093794375,0.0179161117206259,0.0739085256875267,0.302023619280593,0.0100164091868248,0.0207856789142847,0.0696049652040453,0.233628223770427,0.0298050905418949,0.025236585686079,0.00082985945797348,0.230471742325373,0.00131172148300266,0.0245166764218712,0.054974802693243
0,0.000272394973869323,0,0.00181534079597855,0,0.00126988244253445,0.00280291616258525,0.00202067285498142,0.00460552396730232,0.00504434881494141,0.000173090165233612,0.00155829596993351,0.00012033016173935,0.000291769825698852,0.000564626935512543,0.00015477456441021,0,0,0,0.00330969352605916,0.00071861134305954,0.000265048268657685,0.000997380440774918,0.0274595398195238,0.00463608512577438,0.000126130645019531,0.00141909113380051,0.0145166622108965,0.000733459891679764,0.00208823433860206,0,0.000485589070833206,0.000170927809026718,0.00223232600955391,0.0196732108705387,0.0100596011408415,0.00133233988866806,0.00131575467165471,0.000480524138099671,0.00365897647032165,0.00147687143753815,0,0.20175076284149,0.0553438566111117,0.107701795328573,0.246604286462808,0.148912853997514,0,0.0159912594168434,0.000511024099256516,0.000189597911201477,0.0038054976121788,0.00564358210600376,0.197573201339326,0.0889427031967822,0.0519660829961643,0.0159730395555611,0.00695353309846401,0.0686471754029789,0.213885682709064,0.0251358048982144,0.000857749346895218,0.0126113252688618,0.0166130031806145,0.00225138981895065,0.00156808257337189,0.00852467343865013,0.00448111220325279,0.0107946114094477,0.00729428485753441,0.000542076656358719,0.015455690659235,0.0259746153398866,0.000112027023262024,0.00883316226852321,0.0179362248378439,0.0357852644633933,0.0214965940974454,0.00557701991705704,0.00102663443660545,0.800165204980293,0.000270121597177505,0.0403091244713116,0.0710194244101295
0,0.00177591801377678,0.000154286202358246,0,0.000582512509677887,0.000648089373435974,0.000230405838804245,0.000279587429489136,0.000185935509887695,0.000784427489790916,0.0753620233755484,0.000415246158205032,0.179159619088506,0.000131513502279282,0.000105656349655152,0,0,0.000228090550592422,0.00011357694669342,0.000176351174423217,0,6.98405075511932e-05,0.00020170397929573,0.00100834341030979,0.0208753271499882,0.00310973738093949,0.00281058129178047,0.000718397909302712,0.000398448160099983,5.91507963466644e-05,0.00958000694638252,0.000957093799575805,0,0.00520795683429909,0.0053801386183548,0.00266360354784394,0.0116613771383142,0.0087928987770195,0.000336353871557235,0.00180584437113762,0.000756076932655335,0.0375868854016514,0.102058676038756,0.0902534934583912,0.103433088330917,0.0422348665660401,0.0104609563143653,0.0159912594168434,0,0,0.0453653019931125,0.000135903536361695,9.20688236217499e-05,0.00021163482172966,0.000751347322723389,0.00128504111740494,0.00141412034418296,0.0192421831834946,0.00338795933997059,0.724611892445129,0.00194509872708893,0.324190026946541,0.00271195787474156,0.000418643724552154,0.00149862884192276,0.000276999247581482,0.00257417983201218,0.000390701916578293,0.00048233404287529,0.000572823030778885,0.0263929217867059,0.00185349484617805,0.00876261891722202,0.0622350522710952,0.0062280325990963,0.0172770027345257,0.00269038125553608,0.00577958847849083,0.0002316785235672,0.0217584517865295,0.0278486353647967,0,0.151607014751069,0.0130102530397854
0,0,0.000606079426626205,5.13961968727112e-05,0,0,0.000261391949692726,0.000206674750528336,0.00043059850302887,0.000157040044773102,0,0.000135866153663636,0,0.000131271072418213,6.63316388168335e-05,0.000126072272855759,8.9542457988739e-05,0,0,0.0003021592343359,0,0,0.000322807147819519,0.00247869702123356,0,0,0.00261384084005356,0.00154291712629223,5.50882592124938e-05,0.000338026925016403,0,0,0,0.000169786631692887,0,0.000815585086146354,0,0.000127784078690528,0,0.000132046070903779,0.000150341506519318,0,0.011985945339077,0.00998747716327,0.0196644976193504,0.00839860671498012,0.000863180004981995,0.000511024099256516,0,0,0.000202681003686905,0.0861844301079483,0.000489321377792358,0.000166985239711762,0.00192402318311692,0.699459226368985,0.0584450760532035,0.00256672953689289,0.0114049615212965,0.00250966782666492,0.00410793876108456,0,1.21433938932416,0.000560675397414207,0.000713269824322701,0.131375944610621,0.00460087425522709,0.0355853040652256,0.00171775025369453,0.0404424460980921,0.000648629761785507,0.139202031921999,0.0226546132651921,0,0.0363168130182409,0.0225847511798573,0.0451817692837201,0.647531154759001,0.721475329181843,0,0.00147715731406117,0.00620780581089879,0.0483733180313759,0.00107359923329544
0,0.218657862179232,0.0170597755898609,0.000420511943272591,0,0,0.000350530616323471,0.00042537743318367,0.00557374288539791,0.000460733811286927,0.014699943509388,0,0.0507931690999088,0.000394867899604798,0.000294942244022369,0.0125581962276621,0.0110622311450443,0.0023155642677269,0.00555473131678963,0.000539307529935837,0.00149398046888351,0.019947548797883,0.00951056056890679,0.0269326533896456,0.0441045175279484,0.0452561620846482,0.94987605375182,0.00619237085337638,0.000827412993261337,0.000441808241269111,0.0138513042555342,0.000226522573156357,0.000149670640296936,0.00658690714393616,0.000677396176923752,0.0221933933225584,0.0131484239470939,0.0131386273146744,0.00766905065862465,0.00033301475091362,0.000313531826316833,0.00258150539455032,0.0260504873772412,0.0243904816624603,0.0127504776252022,0.0150659946313935,0.00851285045256901,0.000189597911201477,0.0453653019931125,0.000202681003686905,0,0.0109343322555085,0,0.000526577443493843,0.000240460767282486,0.000371179749341011,0.000359468362870216,0.234210689876532,0.000321445970243454,0.0505046446868476,0.000384721616392135,0.0723332047758693,0.000183199387484551,0.00225019952013874,0.0768701998903141,0.0083369219201889,0.00246496777800464,0.0125905764374142,0,0.00414539331359195,0.473155786182395,0.00706994395395756,0.235221967316926,0.190367181340113,0.0379287121829366,2.20829563714697,0.0107386466883659,0.000700574877616883,0.000539247637950897,0.00611076691773605,0.000343404726419449,0,0.00498596995905304,0.00121273302085304
7.15792319927215e-05,0.0193667636109238,0.186257950023216,0.00018781492196846,0,0.000265820187666893,0.00566147334885693,0.000723671336374283,0.000946347566957474,0.000190478819160461,0.00226478502632332,5.18386425533294e-05,0,0.000882329059186935,0.00143577753229522,0.0117043612996845,0.0340075300549593,0.000884444279488563,0.0100826462229023,0,0.00455591418232441,0.010169094462882,0.0910462669327469,0.0214059472595672,0.00065163269553566,0.038969287191453,1.03748462147089,0.00729424315131282,0.00138983012411785,0.000376462172773361,0,0.000364292900341988,7.47222895774842e-05,0.022130968258421,0.0126555413893032,0.0501431097594023,0.0226015069018078,0.0406893206210089,0.0172044935374432,0.000324306215460778,0.000982156511647224,0.000102531339946747,0.660628749025626,0.934054580041294,0.369554501136575,0.354382963612015,0.0152456216822891,0.0038054976121788,0.000135903536361695,0.0861844301079483,0.0109343322555085,0,0.00040341944304657,0.000415181608703614,0.00463080129895878,0.798748719812759,0.392787301448313,0.00115114788465786,0.0111776901114149,0.0103958433913393,0.00307825100988292,9.00417314987183e-05,0.757568815755687,0.00753843617346382,0.00912563776925183,1.58183488203805,0.0400430404782343,0.339473718307505,0.00194879772361278,0.215473784762123,0.00762201275118256,3.01844025124633,0.0133390224215298,0.000935580069099427,2.54748286312504,3.35166817645634,0.053384508748581,0.0954791199879026,0.131773212255758,0.000600588671256065,0.00416613068816185,0.00239616574648475,0.131803656363487,0.0428130238810845
0,0.000118305416759491,0.000111776626596451,0.413161929238678,0.00036414667577362,0.00835297053002071,0.0135765197918615,0.00698563827880383,0.124380548013599,0.198219142853076,0.000109213098884583,0.0579387126203785,0,0.00219395478426361,0.00594298093450356,0,0,0.000149205317630768,0,0.187471431313926,0,0.000253550227083206,0.000259967555522919,0.11051541173693,0.00449305677502728,7.22793884782791e-05,0.000121248293060303,0.15433277754449,0.00269609740712642,0.000720159679258347,0,0.000704578172367096,0.000110499131109238,0.00458395837599278,0.00128079949569797,0.0147448376998815,0.000246179872718812,0.00435488788393307,0.000609696236369133,0.0148519555077324,0.00196379959032155,0,0.043404418458538,0.00070942422633934,0.0321949655524635,0.00344454271406364,0.092581772546937,0.00564358210600376,9.20688236217499e-05,0.000489321377792358,0,0.00040341944304657,0,0.0132657407201843,0.0272844652642393,0.0345707097131882,0.034066797074727,0.153946002248297,1.61205285692686,0.0121716618813428,0.471190702888607,4.82728510007858e-05,0.0375081040435638,0.0671141211684064,9.99962353420257e-05,0.000195494284166336,0.00398602258322525,0.00219320717013645,3.32249392879852,0.000186386633256912,7.0378934841156e-05,0.000907338301743507,0.930847274069681,0,0.00241371233005428,0.00192920226177407,1.46515944816716,0.0389981062028218,0.000605044921740532,3.69911265535355e-05,0.00984040101704121,0.00195815377335834,0.0295319724487581,0.00688941443264007
0,9.23862946529388e-05,0.000326850429800034,0.00404331478842831,0,0.00139407241993904,0.000504036929803848,0.000326179934340477,0.003777710590024,0.00581469486439704,0.000115756456043244,0.00668869537100029,0,0.000120336167484284,0.000814571031435013,0.000507524563940048,0.000159438445140838,0,9.5753495218277e-05,0.00714056130461598,0.000855440003145218,0,0.00231617624700737,0.00396134918744087,0.00121518047222329,0.000211590078929901,0.00180628081720161,0.00297373078783321,0,0.000762895647090912,0,8.97413645839691e-05,0,0.000211292151082992,0.121810230739671,0.00307651199128246,0.000740922250379563,0.00013764770274353,0.00184265469719123,0.00319900142362403,0.000410158569105148,0.000120652731525421,0.0214008359968014,0.00330536418370628,0.010320814548317,0.00642856217948341,1.41266609183326,0.197573201339326,0.00021163482172966,0.000166985239711762,0.000526577443493843,0.000415181608703614,0.0132657407201843,0,0.130381754556378,0.00468006765950775,0.0111600098356734,0.0215419176711244,0.0124867425034819,0.00307750047255135,0.027903744144659,8.60185994052887e-05,0.00327368830688381,0.227354077799295,0.00374660447454643,0,0.0012493969844513,0.000378586190265656,0.0088168773571415,0.00880253444934654,0.00234260294648552,0.0139161831015873,0.0532289128127546,0.000592388742731094,0.00091388476289177,0.00453125179298687,0.0221134373541355,0.00173112110715866,0.00231313620633316,0.000134234981082916,0.0376166584593087,0.000363362080352783,0.005272481969553,0.183961560193159
0,0,0,0.0215059685719585,0.00058280108572197,0.00237696057227039,0.00286180657005501,0.00299289864063263,0.0148996695548086,0.0342711127042981,0.000101812449213982,0.0223110775032234,0,0.000322540299702644,0.00237013145196247,0,0,0,0,0.0350888354495573,9.29839581985473e-05,5.00103252668381e-05,0,0.0294381079165935,0.00805411869925404,0,0,0.0269651403086157,0.000371986265730858,0.000614023292861939,0,0.000604235304425239,0,0.000667768042419433,0.0192245275313072,0.00429749757672501,0.000183849662581443,0.000837260692897797,0.000169602108243942,0.00776158126581288,0.000354330684019088,6.61749072589875e-05,0.155220655047904,0.00339748962066651,0.0499872997494106,0.00946539583492469,0.761393232625723,0.0889427031967822,0.000751347322723389,0.00192402318311692,0.000240460767282486,0.00463080129895878,0.0272844652642393,0.130381754556378,0,0.151730605388835,1.61286798936981,0.0386143150509768,2.36681187888794,0.0359081915950384,1.69940200642916,0.000343393701587677,0.256347362017665,0.331871615575181,0.000394690252120972,0.00170648405225945,0.0173601814071293,0.00761755530567742,0.109109385258591,0.00495884071611214,0.000325898917568206,0.00618923171791076,0.04641760647581,0,0.00808499890679741,0.00694283460232544,0.0835417053086843,0.0825217128797264,0.00319381219648361,0.00078475973311615,0.216503240725276,0.00103706006049729,0.0507582014375181,0.407829328089306
0,0.00114133784042931,0.00979071992916298,0.0222706719237614,0.00249156006445027,0.0119483529179535,0.0166939011011038,0.0485300094426556,0.0378223772147455,0.0878464760999136,0.000501091700231552,0.0155870285945921,7.47172337207794e-05,0.0246808185266104,0.00854591133690548,0.00721035619914723,0.000607637368952752,0,7.25106985187531e-05,0.0476843539869004,0.00285569898178196,0.00350913882435321,0.0123049018514414,0.31284558754765,0.0244840592640324,0.000436499129041672,0.0911417960337238,0.142164592971078,0.0315372873607035,0.0179987875377216,0,0.00378697529116344,0.00236316477558231,0.0404886239185124,0.0100918662272043,0.168247321399446,0.00466709251109505,0.0352041182668161,0.00498328434925461,0.0327585120697833,0.0218529724769697,0.000620991268444061,0.659344542063294,0.127254832634107,0.435863823889115,0.194830569919015,0.177904219646959,0.0519660829961643,0.00128504111740494,0.699459226368985,0.000371179749341011,0.798748719812759,0.0345707097131882,0.00468006765950775,0.151730605388835,0,2.36414106298585,0.0651424955592727,1.84818440393244,0.0825148697439708,0.0491539043845939,0.000672141766001701,5.02126930663917,0.0366705012805939,0.0183299938699751,0.336199746878774,0.0525678553108864,0.0912658659299354,0.0183949375167904,1.66262629630045,0.00401914097869778,1.8710040000178,0.846835121803274,4.47451469020844e-05,0.229648069127867,0.436853626532192,7.08195259402927,0.788568868058722,2.07671177411248,0.000697496357276917,0.0592337036392651,0.0530099149477358,0.397634096057602,0.128780579452071
0,0.000195154389644623,0.00144353165069675,0.0136777242727747,0.000144477809709549,0.00247806007827759,0.00517311184844112,0.00694403953248024,0.0128858761887245,0.0339639156243639,0,0.0105644611549244,9.46977250928879e-05,0.00102062411075878,0.000894357325306893,0.000213047130869865,0,0,0,0.0221955396471033,0.000448177686149597,0.000359795862882614,0.000515087037795067,0.0737450200722484,0.0188222294680853,0.000276464791437149,0.00623491003807354,0.0391038767106571,0.000689882411736488,0.00207182369572448,3.19199980974197e-05,0,0.000305252723075867,0.00362387339370346,0.00140651105309486,0.0175117208544645,0.000456023854848862,0.00262726910660076,0.000381838972197533,0.00928045757591915,0.0027615704235878,0.000169592082326889,0.287130002870142,0.0476504876371794,0.102892148277108,0.0405696149923954,0.250873774452438,0.0159730395555611,0.00141412034418296,0.0584450760532035,0.000359468362870216,0.392787301448313,0.034066797074727,0.0111600098356734,1.61286798936981,2.36414106298585,0,0.0266557148491144,2.34451454942042,0.0661352121928567,0.611149644075162,0.0013497286743536,1.77211527609396,0.0925785818723746,0.00144058060229301,0.12364303383962,0.0310230414305506,0.0462049499665575,0.192510625572647,0.170408037602863,0.000371035115069389,0.292282816783756,0.0865575167946796,0,0.139682853840866,0.0725416975695706,0.153135518227407,0.141232360764659,0.0997911270828181,0.00157799533422374,0.161370643264291,0.00299412862332344,0.0870504235776844,0.0101686434130526
4.33957203626632e-05,0.00429776190917016,0.00308507486903572,0.128930000559794,0.00332078839829922,0.0115522912754259,0.0218336807924509,0.025817709210969,0.628679664492659,0.090387323168129,0.00702629558783912,0.0503926134136019,0.0201074098513612,0.0272070101247769,0.0136443976709948,0.0122350536988221,0.00110375681183625,0.00162150634650421,0.00108615924991036,0.112126265669131,0.0080762975567894,0.010863228509986,0.011157282927186,0.550926884815564,0.00940561266121388,0.00349851847337437,0.0457552444280892,0.201768621150799,0.0206963931406088,0.0345852789303217,0.00238420392964268,0.0106687753983078,0.00165199716728497,0.0190494483675327,0.0145490242195644,0.0990995667578717,0.00352399789834786,0.0214173505451946,0.00425320136538505,0.0183181157290935,0.0105493952442999,0.000895001407745361,0.0814581145109482,0.00689383230457592,0.0371744200473661,0.0103408813906575,0.0970423247810354,0.00695353309846401,0.0192421831834946,0.00256672953689289,0.234210689876532,0.00115114788465786,0.153946002248297,0.0215419176711244,0.0386143150509768,0.0651424955592727,0.0266557148491144,0,0.147772900499676,0.0334266388635378,0.178782713661114,0.0375082088989677,0.0297882475344086,0.117048488034665,0.0147618143137436,0.00288464555394745,0.00466140381740284,0.0054665338852129,0.0861795780083971,0.00592232789775181,0.980993522305756,0.00350630903684234,2.37899731696457,0.169048464029511,0.00841315784440327,0.376013770613302,0.375269403777108,0.0524184697167263,0.0119907602336511,0.00133373504160119,0.00845317802969742,0.00568011012833976,0.0370606599499654,0.0213909883523197
0,0.000277642793792724,0.000223251335815429,0.256461066736581,0.00143896793414783,0.0159786570352134,0.0415718505662356,0.0297593050988531,0.13251389551426,0.452279043861345,0,0.124739639090057,0.000658797527792931,0.00352153175562858,0.00863959325765419,0.000817181241557121,0,0,0,0.391146183746195,0.000329812530612946,0.000530703025629043,0.000655379946381569,0.306421783471681,0.0204799513359547,0,0.00183962655156898,0.348269989101943,0.00441199068142319,0.000939825891763687,0,0.000535414900228501,0.000477258247710228,0.0126076804251595,0.00286703381110955,0.0390530876455708,0.000440843464307785,0.00638187864163399,0.0011041303998127,0.0520337569741287,0.00609977828896236,0.000338870177567482,0.460095243973056,0.0145002688774338,0.344403016984906,0.0528010784507675,0.233249600142308,0.0686471754029789,0.00338795933997059,0.0114049615212965,0.000321445970243454,0.0111776901114149,1.61205285692686,0.0124867425034819,2.36681187888794,1.84818440393244,2.34451454942042,0.147772900499676,0,0.135985777969559,2.39615603755766,0.000571613133627891,1.19979637187603,0.080966624673151,0.0007035834494133,0.0117625606665316,0.0738309167397108,0.0371102190017195,1.84124113075139,0.0239552943505125,0.000238136691072464,0.0254722530569029,0.249580929552798,0,0.0278135287827845,0.0340963208081731,1.82331682345335,0.545400366594826,0.010578928078288,0.00162584681480599,0.11899008881367,0.0121614000672083,0.398165845973434,0.0742316037404051
0,0.00616805961013985,0.000602073796989441,0.00255380586016559,0.00112419469277573,0.0101829345182333,0.00190534506817531,0.00980911170795822,0.00661363609478474,0.0142346466955004,0.148890223912428,0.00859505994808387,0.479994909959367,0.00725797418801022,0.00193785072445679,0.000251803875958442,0.00025428544670105,0.00754845019546509,0.000593006936119079,0.0062292554637537,0.00047013042125988,0.00143544104511452,0.00135643930682945,0.033613625378789,0.0460596462198401,0.120661009228343,0.0775068453412915,0.0162724399498444,0.00396668991256141,0.00317895050876427,0.154451167755627,0.00939370132633496,6.20369428710938e-05,0.0063741103453846,0.0211466226466169,0.0227039522523566,0.0215708818591204,0.0133306776810122,0.002521404605793,0.0370356824612532,0.00686201684627438,0.0239303283707686,0.47932380322835,0.602946157213729,0.665949245170166,0.252542238315199,0.325403208130789,0.213885682709064,0.724611892445129,0.00250966782666492,0.0505046446868476,0.0103958433913393,0.0121716618813428,0.00307750047255135,0.0359081915950384,0.0825148697439708,0.0661352121928567,0.0334266388635378,0.135985777969559,0,0.0975558899722567,0.705702664240065,0.142817975777458,0.0119844107149744,0.00341848811031818,0.027861317677989,1.05286406280637,0.161792093415232,0.0479600135611496,0.0221583299482041,0.0289161356629944,0.0631457022417126,0.0648224587819233,0.0771480950908584,0.282163673697916,0.0818582320996113,0.0617437297208719,0.21457405949893,0.0118463293300352,0.0834353917558766,0.532374285012864,0.000922464557847977,1.83293111428661,0.0759588279004612
0.00021741734292984,0.000239173374572754,5.73765277004242e-05,0.200151494545878,0.00553348201374722,0.0464904161776944,0.0174875358666944,0.0261916858633032,0.103792552036271,0.238328891404704,0.00155519654592418,0.365641540049154,0.000346277893180847,0.0163489008412971,0.0190327522250232,0,0.000106322264202118,0.000228369486803055,0.000486058205308914,0.26911582851891,0.000202366284267425,0.000351659880220413,0.000236087322538375,0.112047873691678,0.0137509143313551,0.000385281296665191,0.000623369650683403,0.139430392167308,0.0118512540715227,0.0014083855625267,0,0.00551219154377461,0.000475373059696197,0.0118880684606467,0.0811576805402184,0.0368096924965554,0.00118333990623093,0.00967328509415817,0.00178760136015987,0.0656679542060251,0.00665613278577232,0.000128261458808899,0.157443449449982,0.00685276131921672,0.124160238803367,0.00813990412561226,0.369716657233389,0.0251358048982144,0.00194509872708893,0.00410793876108456,0.000384721616392135,0.00307825100988292,0.471190702888607,0.027903744144659,1.69940200642916,0.0491539043845939,0.611149644075162,0.178782713661114,2.39615603755766,0.0975558899722567,0,0.000862423578343392,0.564476417293107,0.196567037747846,0.000153734770792008,0.00462312589564991,0.0673428322043752,0.0285744223933525,2.3976230189949,0.00153550859561348,0.00133298900551415,0.00515682822400475,0.426577082876097,0.000195050364626885,0.0278303948020792,0.0131415006683492,0.22916843769166,0.166674839087811,0.00332871090430641,0.00201424062248898,0.108651759932021,0.000279731555110931,0.207787405644908,0.686157138194089
0,0.0223207679534597,0,0,0,5.78710578975678e-05,0,0,0.00215238909711456,0,0.48557818579434,0,1.7153323487754,0.000352706528354645,6.68151012840271e-05,0,0,0.0110326006533537,0.00106334496311187,0,0,0.00346612242193794,0.000111142646678925,0.00086551609574604,0.237723045837495,0.219889188756589,0.189637870060761,0,0.0012817246163578,0,0.427922497697405,0.000918403911297798,0,0.00712490669922925,0.000360647615401268,0.00473772733969688,0.0637033887238884,0.0226198686855841,0.00217153731786919,0,0.000241282782171249,0.0642588014892512,0.00805737278345204,0.382880093021018,0.0481051563998652,0.00239311819862938,0.00290642704259491,0.000857749346895218,0.324190026946541,0,0.0723332047758693,9.00417314987183e-05,4.82728510007858e-05,8.60185994052887e-05,0.000343393701587677,0.000672141766001701,0.0013497286743536,0.0375082088989677,0.000571613133627891,0.705702664240065,0.000862423578343392,0,0.00452438471391963,0.00054159049437046,0.00294104562412548,8.65402106094361e-05,0.00130959978507614,0.000920724665963173,0.000521061899105072,0.000180581798875808,0.0365790118581505,0.000157177738732337,0.0185701952105255,0.38714525279284,0.0095620296007576,0.283430851732057,0.000780639838053703,0.0121843555288468,0,0.107497021151184,0.0370524009353285,0,0.15144045583958,0.00048887580667305
0,0.000329308648612976,0.00426543088524341,0.00460291388587475,0,0.00129133095552349,0.00115306847286129,0.00147733759059048,0.0164316695206919,0.00372981440647602,4.90080185279846e-05,0.00524182492752457,0.000704011260686874,7.94245488567353e-05,0.000569833781547546,0.000459880281558037,0,0,0,0.00409201169098377,0.000811425969892502,0.000216132266721726,0.00111331469750976,0.0849150332206994,0.0198918493346214,0.000805090472791672,0.0189335719222211,0.0195563573885793,0.000969325047617912,0.00196128253665734,5.48911849822998e-05,0,0.000120589033859253,0.00150632726316833,0.000587711082492828,0.00978628013932228,0.000744032031234741,0.00157100427635766,7.16223017635346e-05,0.00681050323402404,0.000927498959335327,0.000240099071293831,0.32283015517876,0.0844556593061715,0.17496940994407,0.0668442708225374,0.0691191007452936,0.0126113252688618,0.00271195787474156,1.21433938932416,0.000183199387484551,0.757568815755687,0.0375081040435638,0.00327368830688381,0.256347362017665,5.02126930663917,1.77211527609396,0.0297882475344086,1.19979637187603,0.142817975777458,0.564476417293107,0.00452438471391963,0,0.0314309164315824,0.00439039704696178,0.441415646133368,0.0731985758451319,0.140492081331222,0.184789956308482,0.267818999291642,0.00238919042612171,0.761356545647252,0.170256171309713,0.000108371044418335,0.303087318411063,0.140144664617043,0.309727860353462,1.04352459228892,0.756675337052479,0.0050034901142807,0.0538761312367372,0.0123506493816862,0.257302477114262,0.0134449310860119
0,0.0002100114259758,0.0021113512475338,0.0274944843996305,0.00113786894054031,0.00661648476975059,0.00226849251975059,0.00198025742425918,0.0256139732001315,0.0271114785111923,0.000114600828151703,0.0385593062208052,0.000109983911733627,0.000659048062345505,0.00397975632684803,0.00151822163488197,0.000787876659582137,0.000489857108625412,0.000540255778841973,0.0423498311554213,0.00278434942969895,0.00059891030761528,0.00957387109740257,0.0305801914805661,0.00461677639229393,0.00184209676961517,0.0121938089911623,0.0225587317893877,0.000269227121137619,0.00241688432246017,0,0.000661234527328491,7.8472218495369e-05,0.00126737418912507,0.19419658478936,0.0122784698019476,0.00620799670779133,0.00195144419495201,0.00677157071365071,0.0136164536629572,0.00117690944788456,0.000177772158187866,0.0603072650087901,0.0367207260844946,0.0227821207946491,0.0515128308722706,0.454238430537534,0.0166130031806145,0.000418643724552154,0.000560675397414207,0.00225019952013874,0.00753843617346382,0.0671141211684064,0.227354077799295,0.331871615575181,0.0366705012805939,0.0925785818723746,0.117048488034665,0.080966624673151,0.0119844107149744,0.196567037747846,0.00054159049437046,0.0314309164315824,0,0.0130891934459324,0.00274585066812515,0.00917311808866883,0.00564824712660026,0.0443030450963259,0.0471687156063995,0.00702367146032238,0.0702153969419346,0.273972122886841,0.00218528690709114,0.0107687347534733,0.0483332250540018,0.13661656580914,0.0113558592187013,0.0198165271691781,0.000387255489206314,0.0242532369452019,0.000947074188554764,0.0112621477564287,0.296069090156545
0,0.0139879325872564,0.0136652447882967,0.000114673273982049,0.000343381304014206,0.000967166003763199,0.00504152551118374,0.00163942089226055,0.0471695019238758,0.000262777499562264,0.000396188311655045,0.000109752485255242,0.00189721037858677,0.00137824715027905,0.00192235069652653,1.11278975638357,0.00459313415227318,6.91894664154053e-05,0.00134313726510716,0.00012640358161354,0.101111410147436,0.418382859456436,0.475280260852829,0.422133974677474,0.00255870956009674,0.00882682750681972,0.979036887005336,0.124812243524159,0.00153061980586338,0.0191599973463249,0.000314479934271812,0.00100193361050034,0.000284273234252929,0.00741157124645805,0.00747536158494758,0.0591480520307092,0.0135568042427015,0.0197377336954193,0.00954167009172535,0.00107385071467209,0.0013141599533329,0.000222606597647667,0.8006000742237,0.258927112417108,0.127265550465068,0.212475197262333,0.0118903232317858,0.00225138981895065,0.00149862884192276,0.000713269824322701,0.0768701998903141,0.00912563776925183,9.99962353420257e-05,0.00374660447454643,0.000394690252120972,0.0183299938699751,0.00144058060229301,0.0147618143137436,0.0007035834494133,0.00341848811031818,0.000153734770792008,0.00294104562412548,0.00439039704696178,0.0130891934459324,0,0.0198063121018009,0.00319085482059861,0.0154780465391665,0,0.781759490972348,1.00476235410243,0.691703627952736,0.649360864357953,0.017231486250804,0.016642900520422,1.54489272785772,0.406066498220807,0.0180115068904266,0.0236893550039634,0.000816832372123718,0.000172122180101395,0.00816287966053391,0.0437040417272415,0.0783897875104323
0,0.00943554192645836,0.0317326892054243,0.000205163343532563,0,0,7.10343209495545e-05,0,0.000732174824664116,0,0.000322866708875656,0,0.000174183541740417,0,0.000149170410770416,0.00343077616474056,0.00656276730037022,0.000471921518248558,0.00180894036022854,0,0.000184370314704895,0.00518981679120541,0.00545004676101208,0.00289584371887207,0.000251734714902878,0.0224758509618988,0.20748129735444,0.000137529132179261,0,0,0,0.000154734230930328,0,0.0016541764345665,0.00162713796417045,0.004325249407053,0.0031924747783699,0.00557972386889076,0.00174793904985237,0.000210486333320617,0,0,0.179704469366403,0.196472688303869,0.219153838238019,0.126130203361339,0.00582365382102871,0.00156808257337189,0.000276999247581482,0.131375944610621,0.0083369219201889,1.58183488203805,0.000195494284166336,0,0.00170648405225945,0.336199746878774,0.12364303383962,0.00288464555394745,0.0117625606665316,0.027861317677989,0.00462312589564991,8.65402106094361e-05,0.441415646133368,0.00274585066812515,0.0198063121018009,0,0.0668092854830332,1.04350499541604,0.00278606365315246,0.148416560406412,0.0110785155018139,1.42573046355683,0.0236582162828064,0.000462220876630783,0.785160842317648,1.58494193044168,0.0465010482337475,0.246646893255034,0.467805963148828,0.000505144052112579,0.00461546845442104,0.00724580460916328,0.56490215369518,0.00934635873151874
0,0.00261457746918296,0.00130979511580181,0,0,0,0,0,0.00307864782722283,0,0.00282976945686722,0.000229649764543534,0.00852903070465279,0,0.000384411456436158,0.000106432475749969,0.000363527483470917,0.00452691156675338,0.00233658745140838,0,0,0.000173914754013061,0,0.00033774962506485,0.0048325121695404,0.0569726422728538,0.113225947150983,0,0.000102413235134125,0,0.0105006508013707,0.000158588883493424,0,0.000546053623884201,0.0133734884939089,0.00130446457287025,0.00244018680278206,0.00187983120209312,0.00239882347246742,0.000730113104518891,0.000122637188987732,0,0.707476921211872,0.448336779386971,0.727609939145971,0.460579617517885,0.0224613687637195,0.00852467343865013,0.00257417983201218,0.00460087425522709,0.00246496777800464,0.0400430404782343,0.00398602258322525,0.0012493969844513,0.0173601814071293,0.0525678553108864,0.0310230414305506,0.00466140381740284,0.0738309167397108,1.05286406280637,0.0673428322043752,0.00130959978507614,0.0731985758451319,0.00917311808866883,0.00319085482059861,0.0668092854830332,0,0.979656305954436,0.0358343340683842,0.0378813446213808,0.000362308494970322,0.138922911604643,0.0238080363742275,0.000387760725563049,0.38190963483641,0.226531659459294,0.0233496908209533,0.0792257064126663,0.0180807021572885,0.014296057242239,0.144406437982172,0.00180699597579289,0.64407147652589,0.0572564142572164
0,0.0107263847466774,0.0205433599021082,0,0.000117577165031433,0,0,0,0.00125114826580238,0,0.00115068651168824,0.000246419998334885,0.00572735823072624,0,0.000157022193002701,0.00223839454822827,0.00465128944430638,0.004621159289958,0.011642325864378,0,4.96061325044632e-05,0.00275162923043632,0.00226579004790401,0.000665667713913918,0.00403696984453583,0.153683361912595,0.401100610801763,0,0.000260728415994644,0,0.00782899978819084,0.000183348872314453,0,0.00200670860634041,0.00619145416833686,0.0080456332833538,0.0066774050607891,0.00530596765922642,0.00377294485676193,0,0.000212584569007873,0,0.571503620048719,0.628332804655052,0.507410431397601,0.286514432960072,0.010672020170537,0.00448111220325279,0.000390701916578293,0.0355853040652256,0.0125905764374142,0.339473718307505,0.00219320717013645,0.000378586190265656,0.00761755530567742,0.0912658659299354,0.0462049499665575,0.0054665338852129,0.0371102190017195,0.161792093415232,0.0285744223933525,0.000920724665963173,0.140492081331222,0.00564824712660026,0.0154780465391665,1.04350499541604,0.979656305954436,0,0.0147160041828003,0.106255049960864,0.0103794949630766,0.471919802609464,0.0245465396086006,0.00123718278843498,1.11161126174996,1.68389385238894,0.0270360924948749,0.0926098533909702,0.115573432440237,0.0115514887608232,0.0318755141973582,0.00472709881355094,0.63425640977558,0.0301171219676628
0,3.97811934156418e-05,0,0.223441560187111,0.00145275910702514,0.0135854784604626,0.015666258499094,0.00998810821079063,0.066088763691061,0.18554102650591,7.66279124450683e-05,0.110654677353653,0,0.00194565176733685,0.00750748754945468,0.000103563813297272,0,0,0,0.198405597415598,0.000249492286182403,0.000349933332733155,0,0.0977017095726299,0.00770312807963848,0,9.00283472671509e-05,0.124415050224629,0.00361495875395393,0.000609043972635269,0,0.000788937454922676,0.000103430461246491,0.00669872024624062,0.000262211626630783,0.0149819404866428,0.00053428262733078,0.00345321891961097,0.00109530494231129,0.0328684934872942,0.00153820432325364,0.000458424216276169,0.10440944459216,0.0026951380383997,0.0480307444816704,0.0056471645083437,0.098670366186965,0.0107946114094477,0.00048233404287529,0.00171775025369453,0,0.00194879772361278,3.32249392879852,0.0088168773571415,0.109109385258591,0.0183949375167904,0.192510625572647,0.0861795780083971,1.84124113075139,0.0479600135611496,2.3976230189949,0.000521061899105072,0.184789956308482,0.0443030450963259,0,0.00278606365315246,0.0358343340683842,0.0147160041828003,0,0.00105165278889656,0.000268927900217056,0.00300673361561394,0.236259192320918,3.47516915130615e-05,0.0106191510739116,0.00717246517299843,1.04151721531518,0.0644905360654164,0.0013174270816412,0.00115522786296558,0.0329382546393442,0.000455875301522255,0.0653591198313274,0.00654778048785782
0,0.00221273143938446,0.00204173008449554,0.000262745439302444,0.000300454623138428,0.000503238852098465,0.0011636503012762,0.00137964105610085,0.0165940606045332,0.00091525060104847,0,0.000258579477725029,7.01935289154053e-05,0.000607494254502297,0.0020755808100872,0.157272606432269,0.000766184396080971,0,0,0.000405860404535293,0.0666845039826507,0.0457302838657723,0.0881713793752813,0.236038631469972,0.00203426254430866,0.000486540760786057,0.100968389864611,0.0988949319658556,0.000984196791895866,0.0182791705966559,0,0,0.000154275903731347,0.00243340098818492,0.0200569216066847,0.0287260995469036,0.00208237792529011,0.00359449361735058,0.000796839814106941,0.00174247804436874,0.00162224687323952,0,1.34713140654134,0.124937549813275,1.21270560701133,0.840524782918116,0.0466518093794375,0.00729428485753441,0.000572823030778885,0.0404424460980921,0.00414539331359195,0.215473784762123,0.000186386633256912,0.00880253444934654,0.00495884071611214,1.66262629630045,0.170408037602863,0.00592232789775181,0.0239552943505125,0.0221583299482041,0.00153550859561348,0.000180581798875808,0.267818999291642,0.0471687156063995,0.781759490972348,0.148416560406412,0.0378813446213808,0.106255049960864,0.00105165278889656,0,0.0699934144514952,4.35282825113659,0.249591112630391,0.00126867650427246,0.0471786937655239,0.294944660580923,2.16407778144972,0.245118608029307,4.03689990058851,0.000174048611649513,0.00302730905875397,0.0399999894815025,1.8854220449032,0.265743564969641
0,0.0203154738777723,0.011303651900013,0.0027193366892395,0.000726245466064453,0.000998162621641159,0.00262367266123581,0.00155229747172737,0.175851185678043,0.00168438070777416,0.00742384994601345,0.000677745925769806,0.0297002349817228,0.00190354385947323,0.00258902117986679,0.543394901597477,0.00870603804347992,0.000211131570945739,0.00246508062779045,0.000835594417350769,0.0808026695615702,0.441387660207682,0.184149400621158,0.598291300292584,0.00914347690001106,0.00820284650500774,0.646252239648508,0.135504265019262,0.0028734954349823,0.014427711285078,0.00541235454953384,0.000664072094730377,0.000141088541095734,0.00697238980771351,0.00472156175572586,0.0552370864899301,0.00825229215542793,0.0137956809978218,0.0059665069449749,0.00214126460061837,0.00109871797345161,0.00182869048225593,0.0835002599968872,0.0284161937227965,0.0157869436524496,0.0239895568618441,0.0179161117206259,0.000542076656358719,0.0263929217867059,0.000648629761785507,0.473155786182395,0.00762201275118256,7.0378934841156e-05,0.00234260294648552,0.000325898917568206,0.00401914097869778,0.000371035115069389,0.980993522305756,0.000238136691072464,0.0289161356629944,0.00133298900551415,0.0365790118581505,0.00238919042612171,0.00702367146032238,1.00476235410243,0.0110785155018139,0.000362308494970322,0.0103794949630766,0.000268927900217056,0.0699934144514952,0,0.0717282003867788,1.35588256961041,0.163017067302512,0.0170157577478628,1.57999197557757,0.135711509800781,0.00701678748550129,0.0051604093485918,0.00114742587326145,0.000338964311491013,0.00191205602238751,0.00910070587823868,0.00884994675370216
0,0.0109449206289597,0.0401530893592586,0.000103266296047211,0.000556546702096939,0.000282949997051239,0.0084229172381401,0.00137789857194043,0.0127432240856409,0.000361647198105812,0.000795879225846291,0.00016894569257927,0.000304845582595825,0.000896677917572021,0.00464515680656147,0.633642280919495,0.00738367676130294,0,0.00196379425562668,0.000105167086741448,0.0455800287837611,0.144557664441336,0.358646930888025,0.157536042253401,0.00109955412022591,0.00910610406546879,0.91900900456885,0.0566594608357916,0.000694182286105156,0.00730784883553219,0,0,0.00036219264231205,0.00877787073016548,0.0614971981137342,0.0417593383773394,0.0149416792105236,0.0215903550458307,0.00837391562982559,0.00111857663093377,0.00180602034865665,0,4.06236674423724,1.78006376917858,2.16677441772844,2.34694970918794,0.0739085256875267,0.015455690659235,0.00185349484617805,0.139202031921999,0.00706994395395756,3.01844025124633,0.000907338301743507,0.0139161831015873,0.00618923171791076,1.8710040000178,0.292282816783756,0.00350630903684234,0.0254722530569029,0.0631457022417126,0.00515682822400475,0.000157177738732337,0.761356545647252,0.0702153969419346,0.691703627952736,1.42573046355683,0.138922911604643,0.471919802609464,0.00300673361561394,4.35282825113659,0.0717282003867788,0,0.167482335229148,0.000997817328077316,0.590750441036979,3.18460092043794,0.706121379681178,0.3220418323291,1.33345140619849,0.000526712168286323,0.00837874616384983,0.027299663806838,1.71569913561647,0.443229129511774
0.000390006429865837,0.00863146433174228,0.0184031951035309,0.14797785217747,0.00990344386396981,0.0554962632451172,0.0844942406804437,0.16599009148994,0.388596991499288,0.267225189721418,0.0100805683638496,0.0598780821793441,0.00621385468995094,0.130473073697567,0.0243897893471489,0.176759292846898,0.00363688932602691,0.0002994660897789,0.000795913051059723,0.173656835826073,0.089954278123784,0.0893730523786641,0.114327313995008,1.76442579054961,0.0280252410418539,0.0050217855039339,0.24300901067072,0.763984691626319,0.115084777972841,0.164738175564305,0.00129019737116718,0.0369049918716602,0.00823359722440052,0.108916571372095,0.0274426100749855,0.488761211556484,0.0176801823154736,0.114083411886852,0.0148780642826843,0.0663047061456012,0.0533461982272768,0.00438154596086311,0.559324822579419,0.0610109716985407,0.19260227436795,0.0775069065569915,0.302023619280593,0.0259746153398866,0.00876261891722202,0.0226546132651921,0.235221967316926,0.0133390224215298,0.930847274069681,0.0532289128127546,0.04641760647581,0.846835121803274,0.0865575167946796,2.37899731696457,0.249580929552798,0.0648224587819233,0.426577082876097,0.0185701952105255,0.170256171309713,0.273972122886841,0.649360864357953,0.0236582162828064,0.0238080363742275,0.0245465396086006,0.236259192320918,0.249591112630391,1.35588256961041,0.167482335229148,0,0.0974372947783041,0.0207402174566688,0.847790577768794,2.29014580345147,0.375568440621588,0.194897555574262,0.00137096245131969,0.0357584011891565,0.043335469044199,0.194170330519109,0.147752223957788
0,0.00901991924481583,0.000784516175645828,0.000411350473534584,0,0,0,0,0.00296686961645794,0.000209670158712387,0.019663549364316,0,0.184196238040901,0.000294898910734176,0.000140719530967712,0.00139472911444187,0.000272908633589744,0.00185594482854081,0.000665551959308625,7.67934381294251e-05,0,0.00332063474008941,0.000575999536685944,0.00587338871241475,0.255491977310271,0.0239520480002432,0.132760942120153,0.00035523307783699,0.000359492413427353,0,0.0455111579527559,0.000103286899429321,0,0.00156430866437245,9.10275990428925e-05,0.00352262931470776,0.00609894462721824,0.00581522795086383,0.00106985022668839,0.000384928783950805,0,0.00592844694596672,0.00468490825315476,0.00743184625220776,0.00194037111498642,0.00137329477010822,0.0100164091868248,0.000112027023262024,0.0622350522710952,0,0.190367181340113,0.000935580069099427,0,0.000592388742731094,0,4.47451469020844e-05,0,0.169048464029511,0,0.0771480950908584,0.000195050364626885,0.38714525279284,0.000108371044418335,0.00218528690709114,0.017231486250804,0.000462220876630783,0.000387760725563049,0.00123718278843498,3.47516915130615e-05,0.00126867650427246,0.163017067302512,0.000997817328077316,0.0974372947783041,0,0.0143435502503243,0.892269605783197,0.00269255847596169,3.04589872684478e-05,9.09005499601364e-05,0.0259182505289469,0.000304183531949043,6.75692389984131e-05,0.00370476173257827,0.000221871515916824
0,0.0670307494999638,0.115568399638238,0,0.000190950490756988,0,0.000428300839839935,0.000170378810400009,0.00366129227637577,0,0.0560836010889473,5.37575883693695e-05,0.200474479996911,0.000857587060023307,0.00131256627375984,0.00589348107917118,0.030822439756711,0.073072423548789,0.0457125762424421,0,0.00100135332684517,0.0146620122723255,0.0137892032411699,0.00667536886505985,0.0598022868500605,1.10782685929234,2.13973519209771,0.000819815532877922,0.0024096028469925,0,0.280560517957148,0.0011340184552288,0,0.0171292743061781,0.0170623233708773,0.0529981798814706,0.0737497288489866,0.0653691850124702,0.0211476742801323,0.000280464133426666,0.000922328564495087,0.00163632395940971,0.95832005196668,1.44199314871836,0.526808527595741,0.519560536745279,0.0207856789142847,0.00883316226852321,0.0062280325990963,0.0363168130182409,0.0379287121829366,2.54748286312504,0.00241371233005428,0.00091388476289177,0.00808499890679741,0.229648069127867,0.139682853840866,0.00841315784440327,0.0278135287827845,0.282163673697916,0.0278303948020792,0.0095620296007576,0.303087318411063,0.0107687347534733,0.016642900520422,0.785160842317648,0.38190963483641,1.11161126174996,0.0106191510739116,0.0471786937655239,0.0170157577478628,0.590750441036979,0.0207402174566688,0.0143435502503243,0,3.98634580175741,0.0222760082487545,0.0971831432290736,0.0654465029359818,0.136981410554709,0.100279756782643,0.00201749571479416,0.193771135795887,0.066404447026474
0.000166779120094299,0.661297434531381,0.728195175879936,0.000478056634895325,0.000650437337802887,0.000277199238887787,0.0343379187510023,0.00156087964753246,0.038344471289978,0.00108520388603497,0.0860879772314758,0.000610259317854881,0.407629543049698,0.0051136371984272,0.00608149898612594,0.529104944969493,0.201123216660957,0.0994804430765677,0.153228346750185,0.000344883625788688,0.0678613625563602,0.451153879311238,0.641716554880363,0.369241826238135,0.34974016335252,2.12082063940448,13.79064566272,0.102160731938195,0.00730442190844631,0.00962849896417522,0.385701756462664,0.00215287479641533,0.000504019200599671,0.121154969219839,0.05917685965874,0.407217501642786,0.264009133186395,0.335349502427187,0.128034273048294,0.00325147301653862,0.00499515557740116,0.00577168060689068,3.82320017399578,1.98352519859565,1.7212806910384,1.86841798649967,0.0696049652040453,0.0179362248378439,0.0172770027345257,0.0225847511798573,2.20829563714697,3.35166817645634,0.00192920226177407,0.00453125179298687,0.00694283460232544,0.436853626532192,0.0725416975695706,0.376013770613302,0.0340963208081731,0.0818582320996113,0.0131415006683492,0.283430851732057,0.140144664617043,0.0483332250540018,1.54489272785772,1.58494193044168,0.226531659459294,1.68389385238894,0.00717246517299843,0.294944660580923,1.57999197557757,3.18460092043794,0.847790577768794,0.892269605783197,3.98634580175741,0,0.394179285689123,0.0794223335274067,0.127148189656998,0.214740209042299,0.0263707962761192,0.0125739013333969,0.48440811764525,0.26820647657975
9.40864904022217e-05,0.00214943441768647,0.0102749968489094,0.231015763948357,0.00502512455410194,0.0332020821759968,0.0508392845800839,0.0916699400788479,0.225340796199282,0.2974996660151,0.000674748250110626,0.070821820782712,0.0002361864234581,0.0432912106138974,0.0183750300718232,0.0994364803342151,0.00196475019249916,0,0,0.252895755165624,0.0636119890781393,0.0354417974488192,0.0692393446541175,0.959970312747474,0.0236177139556961,0.00108987204126263,0.112880245230192,0.561644517580127,0.053764304685854,0.0870494272920113,0,0.00743681461501408,0.00362293911428261,0.063272348130621,0.0210259196292343,0.252235471856369,0.010218298409646,0.052877662882845,0.00846802523928165,0.0570345891050377,0.0322202918401337,0.0016918698900919,0.95439534701274,0.092286211821496,0.442309481951651,0.181623286058927,0.233628223770427,0.0357852644633933,0.00269038125553608,0.0451817692837201,0.0107386466883659,0.053384508748581,1.46515944816716,0.0221134373541355,0.0835417053086843,7.08195259402927,0.153135518227407,0.375269403777108,1.82331682345335,0.0617437297208719,0.22916843769166,0.000780639838053703,0.309727860353462,0.13661656580914,0.406066498220807,0.0465010482337475,0.0233496908209533,0.0270360924948749,1.04151721531518,2.16407778144972,0.135711509800781,0.706121379681178,2.29014580345147,0.00269255847596169,0.0222760082487545,0.394179285689123,0,0.731849187961661,2.21177418832323,0.000469061318993569,0.0303411508789187,0.111042148124302,0.550394981422308,0.279832013261599
0,0.000262879520622254,0.00137007029790974,0.00797513637852287,3.96225498247146e-05,0.00208399624680233,0.00463523574491214,0.00657576041392708,0.0197168991809893,0.0152107684875584,0.000360507586555481,0.00392699386590099,0.00197216711590004,0.00075872308532238,0.0010229430483799,0.00203268371669769,0,0,0,0.0103906444355049,0.00287833378566742,0.0015506617090416,0.0026143569541626,0.13688482754355,0.00656604931741047,0.00057092296628952,0.00789231602520847,0.0547684498567715,0.00296706756397247,0.00851133759316349,0,8.97456421451568e-05,0.0013239580473547,0.00801515036503028,0.000849532029287338,0.0314756245849342,0.000578733618361473,0.00381227041024303,0.000807670075063705,0.00699461875193596,0.00187003631317806,0.000221509804607391,0.156733693348017,0.0272233029141025,0.17976078917409,0.0415706795011282,0.0298050905418949,0.0214965940974454,0.00577958847849083,0.647531154759001,0.000700574877616883,0.0954791199879026,0.0389981062028218,0.00173112110715866,0.0825217128797264,0.788568868058722,0.141232360764659,0.0524184697167263,0.545400366594826,0.21457405949893,0.166674839087811,0.0121843555288468,1.04352459228892,0.0113558592187013,0.0180115068904266,0.246646893255034,0.0792257064126663,0.0926098533909702,0.0644905360654164,0.245118608029307,0.00701678748550129,0.3220418323291,0.375568440621588,3.04589872684478e-05,0.0971831432290736,0.0794223335274067,0.731849187961661,0,1.16096398636042,0.0106262467236643,0.306288319398437,0.55821673185351,0.727390819986354,0.0176276963486051
0,0.000172315718296051,0.00141313498528862,0.00015067885166359,0,0.000259738846950531,0.00055110951735878,0.000701884166782379,0.00259960256397915,0.00102468154607391,0,0.000130548051203728,0,0.000672292553097725,0.000978000955942154,0.00168508542985153,0.000301294673646927,0,0,0.000470045200964927,0.00102814351790714,0.0012980696311512,0.00213087127905465,0.0308928101701355,0.000296092472871781,0.000317545116342545,0.0101702687024546,0.0126464796057386,0.000725501792441369,0.00215153597491837,0,0.000226372506136895,5.05144646558762e-05,0.00193539943063546,0.00671379899261284,0.00728439916543293,0.000578510189329148,0.0014054443960247,6.62358410568237e-05,0.00126158880906772,0.000755887359477997,0,0.337337886509883,0.0361112835295658,0.394826574395642,0.15534715215061,0.025236585686079,0.00557701991705704,0.0002316785235672,0.721475329181843,0.000539247637950897,0.131773212255758,0.000605044921740532,0.00231313620633316,0.00319381219648361,2.07671177411248,0.0997911270828181,0.0119907602336511,0.010578928078288,0.0118463293300352,0.00332871090430641,0,0.756675337052479,0.0198165271691781,0.0236893550039634,0.467805963148828,0.0180807021572885,0.115573432440237,0.0013174270816412,4.03689990058851,0.0051604093485918,1.33345140619849,0.194897555574262,9.09005499601364e-05,0.0654465029359818,0.127148189656998,2.21177418832323,1.16096398636042,0,3.64012337064743e-05,0.00145003340581513,0.176351779722639,1.29414037896587,0.122859756679796
0,0.0120400557251272,0.000373397214385986,0,0,0,0,0,0.000832476047667503,0,0.0886073519904699,0,0.456617944210196,0.00012466024255371,8.53680669193268e-05,0,0.000109257317713738,0.0230312666596584,0.00306948059380818,0,0,0.00213705745985413,0,0.000594146979715347,0.0774252364233341,0.363262955023997,0.405189692479772,0,0.00136044720394134,0,0.321769608500576,0.000450761210540771,0,0.00200793489365959,0.000727308593227387,0.00714784287507248,0.0242320914955845,0.0174722580329418,0.0031616552748127,0,0,0.00187264380539417,0.0427804277188397,0.179729455094631,0.063761648114479,0.027382527600686,0.00082985945797348,0.00102663443660545,0.0217584517865295,0,0.00611076691773605,0.000600588671256065,3.69911265535355e-05,0.000134234981082916,0.00078475973311615,0.000697496357276917,0.00157799533422374,0.00133373504160119,0.00162584681480599,0.0834353917558766,0.00201424062248898,0.107497021151184,0.0050034901142807,0.000387255489206314,0.000816832372123718,0.000505144052112579,0.014296057242239,0.0115514887608232,0.00115522786296558,0.000174048611649513,0.00114742587326145,0.000526712168286323,0.00137096245131969,0.0259182505289469,0.136981410554709,0.214740209042299,0.000469061318993569,0.0106262467236643,3.64012337064743e-05,0,0.0254295439586505,0,0.0431129654389486,0.00332198938182163
0,0.000136677088565826,0.000108404443714142,0.00037091562219429,0,0.00015069029322052,0.000363215978350639,0.000114176516143798,0.00517706098730564,0.000458031275093079,0.00182021414851284,0.001921633445117,0.00511373032730771,0,0,0,6.19071697540283e-05,0,4.04750530614853e-05,0.000494808128311158,3.40988517179489e-05,5.53357878284454e-05,0,0.0204414572809238,0.0174982903633403,0.000414140947929383,0.00167313987141895,0.00246860106984043,5.513219307518e-05,0.000245885983428955,0.000482519742959976,0,5.1867856212616e-05,0.000110990162040711,0.00167008357846355,0.00149657980738163,0.000237122290111542,0.000432122724323272,8.62238242893219e-05,0.00303719750859547,0.000182596744686127,0.000860003112991333,0.364792841549853,0.016641714119216,0.226780472422185,0.0271764501766462,0.230471742325373,0.800165204980293,0.0278486353647967,0.00147715731406117,0.000343404726419449,0.00416613068816185,0.00984040101704121,0.0376166584593087,0.216503240725276,0.0592337036392651,0.161370643264291,0.00845317802969742,0.11899008881367,0.532374285012864,0.108651759932021,0.0370524009353285,0.0538761312367372,0.0242532369452019,0.000172122180101395,0.00461546845442104,0.144406437982172,0.0318755141973582,0.0329382546393442,0.00302730905875397,0.000338964311491013,0.00837874616384983,0.0357584011891565,0.000304183531949043,0.100279756782643,0.0263707962761192,0.0303411508789187,0.306288319398437,0.00145003340581513,0.0254295439586505,0,0.000283343927956581,0.486936043602969,0.020932747133543
0,0,0.000300200610769272,0.000508241637628556,6.98726444149017e-05,0.000759044150608062,0.000734768068556786,0.00190217275709724,0.0021996324010334,0.00317180582026577,0,9.49500276632309e-05,0,0.000613036475429535,0.00049034885656929,0.000831633573411942,0.000217457924606324,0,0,0.00112683712249374,0.000435700340452195,0.000264706845122337,0.000909286960676193,0.0159570307337895,0.000210554424985885,6.42608273220063e-05,0.00311064548940754,0.0063647808067131,0.00103132416042424,0.00253246212904071,0,0,9.150155037117e-05,0.000943897872625352,0.00058544496172142,0.00336632876711368,0,0.000543677622493743,0.000149170913291931,0.000516739254996299,0.000168273576181411,0,0.00347165809782886,0.00171962481828117,0.0220926880171022,0.00758722389146232,0.00131172148300266,0.000270121597177505,0,0.00620780581089879,0,0.00239616574648475,0.00195815377335834,0.000363362080352783,0.00103706006049729,0.0530099149477358,0.00299412862332344,0.00568011012833976,0.0121614000672083,0.000922464557847977,0.000279731555110931,0,0.0123506493816862,0.000947074188554764,0.00816287966053391,0.00724580460916328,0.00180699597579289,0.00472709881355094,0.000455875301522255,0.0399999894815025,0.00191205602238751,0.027299663806838,0.043335469044199,6.75692389984131e-05,0.00201749571479416,0.0125739013333969,0.111042148124302,0.55821673185351,0.176351779722639,0,0.000283343927956581,0,0.150090877492699,0.00441335465963746
0,0.00245004578463936,0.00589370261455536,0.00973754949428559,0.000278140504583359,0.00452401503580571,0.00787224553345871,0.0137168404800825,0.0168444530568924,0.0330131449181871,0.00545897621595382,0.00634757843199635,0.0130268714661169,0.0041161525978117,0.00239087300297642,0.00477045052651119,0.000281147489147186,9.45481605949401e-05,0.000532408773628235,0.0193747698357897,0.00176230336077404,0.00202481032910442,0.0054275823027277,0.11814553096602,0.0139840858432788,0.00770197608583545,0.0603135193547945,0.061018898776268,0.00667454385649109,0.0108677500668182,0.00215596520567894,0.000638859113405227,0.000742067043416977,0.0133246131870232,0.00265927850450134,0.0441572876983109,0.00317430870221043,0.00755810503714943,0.00137930142509651,0.0101203856775312,0.0051524226025629,0.00297112174209022,0.19122386576425,0.0866314015003939,0.231184326351843,0.0638814675366382,0.0245166764218712,0.0403091244713116,0.151607014751069,0.0483733180313759,0.00498596995905304,0.131803656363487,0.0295319724487581,0.005272481969553,0.0507582014375181,0.397634096057602,0.0870504235776844,0.0370606599499654,0.398165845973434,1.83293111428661,0.207787405644908,0.15144045583958,0.257302477114262,0.0112621477564287,0.0437040417272415,0.56490215369518,0.64407147652589,0.63425640977558,0.0653591198313274,1.8854220449032,0.00910070587823868,1.71569913561647,0.194170330519109,0.00370476173257827,0.193771135795887,0.48440811764525,0.550394981422308,0.727390819986354,1.29414037896587,0.0431129654389486,0.486936043602969,0.150090877492699,0,0.0165512127092257
0,0.000703710850873947,0.0192225980080261,0.00151665967238331,0.0877112627002487,0.0318503109477911,0.00411280266376305,0.0030417399997387,0.00784731535837269,0.0126077330091333,0.00897056573048973,0.181699089655303,0.000988536423683167,0.000731995789117813,0.246913611151425,0.0109112878353052,0.00707869392292213,0.00689121659123039,0.00791282451654911,0.000595147003658294,0.026755419370717,0.00129312416984367,0.1033380810587,0.0467729311627063,0.00382655198283576,0.0158863439800071,0.0694516985105953,0.034871158318325,0.00194875003003121,0.0179915131404533,0.00104623235589695,0.00225308062306309,0.000551206179210662,0.00415640416055775,24.2155192143176,0.304905819310524,0.130285474908877,0.063813773531353,0.180842817357027,0.0156016701349897,0.0327628873346357,0.0108756092857561,1.62270769291764,0.378597090564016,0.170316211751459,0.591457974372912,0.054974802693243,0.0710194244101295,0.0130102530397854,0.00107359923329544,0.00121273302085304,0.0428130238810845,0.00688941443264007,0.183961560193159,0.407829328089306,0.128780579452071,0.0101686434130526,0.0213909883523197,0.0742316037404051,0.0759588279004612,0.686157138194089,0.00048887580667305,0.0134449310860119,0.296069090156545,0.0783897875104323,0.00934635873151874,0.0572564142572164,0.0301171219676628,0.00654778048785782,0.265743564969641,0.00884994675370216,0.443229129511774,0.147752223957788,0.000221871515916824,0.066404447026474,0.26820647657975,0.279832013261599,0.0176276963486051,0.122859756679796,0.00332198938182163,0.020932747133543,0.00441335465963746,0.0165512127092257,0
