"Predictor","Test_Statistic","p_value","functional_ve","semi_partial_r"
"ga",8.46644340284131,1.54157589594521e-16,0.00170415202409471,0.0307369154095588
"eTIV",376.616678392677,0,0.0788290266332464,0.161756080006221
"sex",104.753344776298,6.01890097549874e-102,0.0022262567725361,0.069379462057512
"sriskscore",175.827264374555,5.02696002084527e-246,0.0408753536084642,0.108034341538404
"age_at_5y_mri",2.87353558631165,0.0134575395619819,0.00198944266364654,0.0106048042438806
"Rel_Motion",363.034541817147,0,0.093494700028691,0.189181132751917
