"Predictor","Test_Statistic","p_value","functional_ve","semi_partial_r"
"globalbrainscore2",95.0961842884721,6.06863137126364e-134,0.00433564190696878,0.0794548342090493
"eTIV",602.738956108929,0,0.0788290266332464,0.175827283838882
"sex",522.453945722667,1.93942482925864e-139,0.0022262567725361,0.0794813011146034
"sriskscore",193.613614632311,5.41793719239135e-263,0.0408753536084642,0.111160011805145
"age_at_5y_mri",3.32606375414449,0.0064689951033952,0.00198944266364654,0.0111755252607662
"Rel_Motion",370.491134463071,0,0.093494700028691,0.193895030425154
