0,0,559.610967874527,0.413445025682449,4.26619720458984,0,4166.94856244326,117.725316613913,0.940311700105667,6.7671734392643,0,3.37824290990829,0,9617.38186872005,0.551332175731659,1.21965891122818,218.523157387972,0.726072490215302,10.7535332143307,2.02136355638504,171.521198540926,0,785.5308829844,8.92732313275337,0,146.761454761028,76.1605788767338,24.3377165198326,11443.2877502143,13827.8313254118,0,2.18878346681595,59.3946791291237,131.968177199364,6.80255234241486,81.9535709917545,17.0263376832008,73.3843057155609,22.5210812091827,6.89978694915771,0.676702797412872,2.92421299219131,1.99263244867325,0,1.91612240672112,0,0,0,1.04227676987648,1.25361710786819,0.47884801030159,1.87773731350899,0,0,0,0.387981235980988,0.365117162466049,1.0341100692749,0,0,0,0,0,0,3.93508294224739,0,0,0,0,12.0615401864052,2.59829711914062,13.5487688779831,14.9696670472622,0,2.33627709746361,3.29999849200249,12.7373849451542,1.18580839037895,1.74834099411964,0,0,0,0.883020728826523,0.576367735862732
0,0,1522.06958320737,7.15634721517563,19.1933916807175,1.26397266983986,13.4180597364902,15.2545163035393,4535.3568764329,3.02181613445282,31.4903720617294,15.567647755146,2393.70265033841,14.8593032956123,84.6057121157646,1554.64525726438,475.472835719585,9.16264641284943,102.293567717075,3.09233266115189,198.130679190159,5627.25029715896,297.408020377159,5138.48710641265,5354.2228051424,1414.32956948876,37379.8159029484,200.830829292536,19.8078017532825,3.07692942023277,43.1083697378635,1.59018695354462,0.712151885032654,305.467083781958,26.8341225981712,491.333913803101,431.275826454163,256.00952604413,105.554513216019,215.203803509474,3.00820016860962,500.648016154766,462.744348317385,662.863683640957,161.622625678778,175.113906592131,6.78870916366577,1.86023882031441,42.5093333721161,10.5424345731735,2871.71391406655,1376.95292344689,15.0634330809116,0,0,42.6052311658859,13.8516006618738,65.6434832811356,6.66326647996902,335.312038362026,12.9160132110119,423.82267794013,32.1639692783356,2.68006896972656,147.121984988451,934.867727845907,7.68653202056885,150.096400648355,6.93775981664658,47.0201327502728,107.45595574379,293.223125517368,158.436747282743,312.574191570282,1478.69467803836,8818.65306118131,30.8566324710846,20.3310448229313,18.3611553609371,82.3164315223694,0,0.408547639846802,137.018701314926,37.9172613620758
559.610967874527,1522.06958320737,0,2.82606637477875,11.4353809952736,72.0242055654526,1283.5161062479,5526.40110714734,13.5063606202602,70.6922253966331,35.4341277480125,55.9232659935951,17.9659232497215,7296.90816053748,6.68221712112427,214.65702265501,19150.2472997904,85.0427760779858,700.960449874401,7.06344754993916,4516.59720343351,163.20128595829,31491.4224039018,296.780112087727,2.20811116695404,29838.4993018508,39407.93034181,549.772814065218,2729.45518620312,4421.18630665541,1.71362933516502,55.1142140179873,182.345439970493,3354.87077365816,217.775291353464,5406.68025283515,6922.53222948313,2206.69003579021,1487.63393038511,93.5912910699844,85.7760352194309,12.3440445959568,2009.02959121764,910.175470769405,797.802940189838,1011.907579422,64.867050498724,5.95686653256416,13.2288329005241,31.5134699940681,645.601222068071,6294.54208907485,0,4.39390778541565,8.28664475679398,180.333142966032,56.466943949461,2.97386991977692,0,36.0119097530842,3.12545943260193,1.5086567401886,79.1915268450975,4.3675474524498,174.290860921144,3894.05107697845,72.0260617434978,475.113269999623,0.663120090961456,220.843542084098,227.069090634584,5209.53369659185,166.296796798706,7.82784068584442,1548.81920915842,13074.7203579247,146.702097475529,14.6080201268196,75.0150515139103,0,0.569951772689819,3.25524815917015,671.048080384731,235.026164144278
0.413445025682449,7.15634721517563,2.82606637477875,0,168.658402830362,291.379727095366,392.555882632732,884.921809017658,4057.42254549265,16148.9675450027,57.3770245313644,7510.89429497719,17.4775323569775,451.158432006836,1669.14571779966,0.416498363018036,0.774732977151871,26.5561619102955,10.5734860897064,21471.1763081551,5.92597869038582,4.56921780109406,2.19031439721584,3710.47017532587,0,30.4017880558968,9.22084653377533,6119.80226314068,562.736442416906,5.0257283449173,2.99861547350883,82.0832468867302,50.6565774381161,529.020095735788,174.548431873322,1192.14376696944,21.3193286061287,374.272711724043,76.0544636249542,1896.64727550745,137.378703594208,64.225160241127,167.440451472998,3.41618019342422,129.990610361099,18.5261783599854,912.75679191947,27.8279486596584,17.462160885334,0.986245691776276,1.48044511675835,0,3339.92464831471,12.0117975473404,253.762611925602,263.377509891987,205.888867050409,913.232820302248,4068.7383095026,4.17269653081894,3193.66968035698,0,194.700553566217,96.3577615022659,1.55891788005829,0,2.07707017660141,0.599596500396729,2167.34048512578,0.556353211402893,0,1.53304705023766,2448.47700697184,1.00668179988861,0.527295172214508,3.24256765842438,1957.50541874766,114.770202696323,1.62075746059418,0,15.2355700135231,2.48250067234039,189.528715521097,18.772569835186
4.26619720458984,19.1933916807175,11.4353809952736,168.658402830362,0,1331.89063498378,114.900543481112,135.117907315493,104.402266234159,67.3642022907734,72.3330681324005,270.393772065639,12.1319417953491,29.1661565005779,2844.02132591605,30.2947492003441,11.2843180298805,44.197845518589,10.7398472726345,63.1063346862793,300.0461563766,25.6148393154144,252.501840174198,499.668037742376,3.02738210558891,38.1507111489773,50.625939399004,282.131498426199,37.0863984823227,213.37044095993,2.78509479761124,593.436640411615,1.02463889122009,959.569912493229,1361.34263116121,216.619133800268,76.6079069674015,64.8881870508194,34.4202653169632,6239.20576569438,4069.42474621534,21.266982614994,47.6732881963253,13.7797011733055,7.93584191799164,36.3772274851799,87.0129667520523,0.800213217735291,0.967393934726715,0.545083940029144,1.17061471939087,7.78678649663925,23.0432696938515,1.35627925395966,14.4474915266037,17.6420198082924,8.72697505354881,12.7019974887371,24.3634379506111,0,62.1514546871185,1.85800182819366,9.40475255250931,5.824711561203,14.2238773107529,0.444453954696655,1.19554376602173,0,21.2279167175293,24.1792494058609,4.88033354282379,34.3419681787491,49.0956065058708,0,5.82182413339615,19.7503726780415,49.3145443797112,2.51107430458069,4.67598867416382,0.904920399188995,0,0,13.4374412596226,2085.71876433492
0,1.26397266983986,72.0242055654526,291.379727095366,1331.89063498378,0,1994.14830332994,22991.8933856487,142.606782704592,8288.09568715096,263.997855126858,7771.17169442773,62.1594631075859,1189.29742854834,4646.31909841299,0,25.6085475385189,126.332796901464,40.9016391038895,493.467178732157,58.7224994599819,2.2124240398407,57.6871714890003,98.5927321910858,0,203.582520097494,56.0076086223125,319.854452013969,965.510560363531,41.4783515930176,19.3760162889957,1048.18333342671,6.70591500401497,568.196313604712,746.202127158642,2150.17955437303,74.3111655116081,315.107416629791,62.7413154542446,10977.6538724601,1811.67063248158,189.265277922153,130.359933316708,6.49342831969261,81.7301535308361,15.4587203264236,524.503008067608,18.6132811009884,45.229230672121,0,1.08468705415726,0.66916036605835,229.620684564114,8.32881194353104,120.283564656973,172.899728983641,79.881668150425,62.955073595047,336.634369939566,7.48858052492142,600.951306909323,4.45495465397835,108.136028826237,30.694368571043,1.52033376693726,0.7163125872612,2.10531032085419,0,164.926526904106,6.28228771686554,0.46774697303772,7.60413977503777,605.821172446012,0.947451055049896,4.3884169459343,3.92352816462517,401.747925400734,77.0563309788704,1.07245078682899,1.80151164531708,0.921820282936096,1.51391899585724,103.082976818085,96.5329977571964
4166.94856244326,13.4180597364902,1283.5161062479,392.555882632732,114.900543481112,1994.14830332994,0,27424.8693039715,589.161760181189,28427.7437484562,160.970561087132,434.65479400754,56.7472514510155,49242.4162570834,480.299891203642,12.7922248840332,244.013203561306,103.824658840895,66.4683258831501,100.776538193226,4845.48696491122,42.2267301082611,1524.76997226477,7362.511374861,2.64340072870255,831.451492130756,622.242922276258,88369.2192738354,6582.38564962149,13227.517555058,17.376193434,234.973865658045,1397.07540258765,4609.30692017078,1818.76390278339,7966.06105273962,395.619055211544,3629.54065945745,908.639821559191,1964.50573337078,893.449822723866,307.996888697147,1104.40253791213,41.2550179362297,497.702785879374,124.095782488585,395.107760846615,87.6230625808239,101.441521137953,2.1971869468689,5.99008244276047,42.8345799148083,772.286902070045,13.7312362194061,106.656618088484,1345.57823807001,248.020319610834,422.490289181471,1049.61021509767,31.8161268234253,312.423675984144,18.3946205973625,459.852427870035,47.1253301501274,95.53603926301,21.9532777965069,0.447941958904266,1.43511468172073,392.407899588346,101.820030987263,53.3394786119461,260.268400132656,4900.94433230162,0.511481583118439,27.7073668837547,240.725949853659,2896.20417121053,420.693046599627,59.2006874382496,1.1612982749939,17.6691529154778,10.5636454820633,640.658962547779,224.636347681284
117.725316613913,15.2545163035393,5526.40110714734,884.921809017658,135.117907315493,22991.8933856487,27424.8693039715,0,237.832150012255,25482.4480965734,213.617578923702,12799.1091333628,69.3952820003033,13916.309269309,1249.90429151058,17.8792335689068,2018.9572276175,89.7621375620365,158.460781097412,1765.91823783517,3886.99568632245,14.423219949007,4703.3893777281,276.142901837826,0,3133.38837555051,1155.41709667444,3208.81971853971,1671.71748608351,5551.46873182058,8.72115668654442,439.666476070881,144.031498402357,1364.25735247135,703.60404714942,3487.52733886242,350.331520557404,839.273552745581,367.902025073767,5356.81228283048,298.954888015985,273.082072645426,462.385149747133,18.3120918273926,256.487775608897,65.3500243425369,288.676134496927,42.5869280099869,70.1455085277557,1.29938435554504,4.50237801671028,42.3183214962482,101.452937304974,4.15181481838226,28.368883907795,890.932533860207,56.7582429051399,256.791812837124,162.465299248695,3.97015389800072,146.680205613375,3.56604096293449,83.2123843431473,18.0360475182533,79.3357938528061,9.00773160159588,0,0.577995955944061,86.7696788907051,78.2902103960514,40.1403304040432,214.793473005295,2212.48359233141,0,25.816276088357,193.57284642756,1345.93426555395,130.276942968369,30.6840070784092,3.70086711645126,0,4.98183625936508,341.940540790558,273.400279313326
0.940311700105667,4535.3568764329,13.5063606202602,4057.42254549265,104.402266234159,142.606782704592,589.161760181189,237.832150012255,0,994.351497739553,38.9677098691463,2010.0230178237,883.124021172523,217.703991383314,483.716302722692,308.168900072575,13.8463378548622,25.3094305694103,12.6115278601646,1374.06209921837,324.836831569672,6994.24376764894,240.115492969751,32930.4023682475,1802.09282082319,125.78383910656,5018.02106252313,4169.00429144502,416.238721042871,137.708605825901,33.2060067653656,51.8953951895237,143.959467768669,462.640812128782,354.229915618896,1315.28400763869,220.92450851202,356.2602237463,106.48033323884,1283.92488574982,64.6515360474586,105.724731445312,462.27528527379,109.31057241559,123.41845446825,36.6378259658813,187.982896089554,33.2860794067383,31.5700832605362,3.82744434475899,29.2633475661278,25.1795111298561,1233.03184992075,3.80142772197723,53.7810507118702,420.040175080299,66.7109987437725,3179.86795601249,505.776145398617,84.9260267615318,426.534376204014,94.347385853529,95.5036791563034,44.6394268274307,950.183879941702,10.7985284626484,31.1989192664623,22.4781669676304,441.218554705381,645.705940306187,2621.74899446964,406.662546902895,6182.45542263985,53.276798248291,107.227990120649,424.549525022507,2013.31625634432,153.822854995728,88.5654026567936,19.7563900351524,17.7883275747299,25.6413112580776,155.249755293131,155.681548506021
6.7671734392643,3.02181613445282,70.6922253966331,16148.9675450027,67.3642022907734,8288.09568715096,28427.7437484562,25482.4480965734,994.351497739553,0,594.765448182821,13788.0431060195,138.713411182165,8839.45753547549,547.183061808348,0.509347140789032,34.4919840693474,323.817861139774,101.050561219454,11820.8355201036,62.3993983566761,1.08192676305771,72.2680482268333,447.440312236547,1.88797029852867,419.548712030053,105.952414900064,14086.326140523,3966.14337310195,67.0826291143894,49.4905163347721,512.03005489707,142.162003844976,2814.24518144131,1624.07620492578,6677.77825561166,157.670435369015,1983.43001419306,324.44901779294,1895.85729557276,652.534931957722,411.705076962709,587.506979674101,12.5052327811718,418.258277386427,53.5932442545891,1190.81243395805,98.8413332998753,39.7156814932823,0,4.57640516757965,0.707928001880646,3132.25707453489,13.0791746377945,383.538112282753,947.094393193722,497.938496798277,618.062858849764,4529.90339106321,9.42184501886368,3425.87868538499,12.5660514831543,566.939709484577,92.0015414059162,4.05312556028366,0,0,0,2204.5900028944,6.24406224489212,2.97963824868202,10.9641528129578,4329.80804187059,0.608233332633972,2.74265730381012,6.44634041190147,3494.48284286261,393.640669286251,2.72270941734314,2.18172770738602,4.80185633897781,4.4054342508316,739.02300465107,150.889975845814
0,31.4903720617294,35.4341277480125,57.3770245313644,72.3330681324005,263.997855126858,160.970561087132,213.617578923702,38.9677098691463,594.765448182821,0,1140.74401628971,9126.43513646722,295.305715858936,66.1679341197014,16.5240442752838,260.848084777594,8901.03672689199,472.702457278967,128.518622875214,54.6867619752884,5.56993049383163,263.292180716991,19.2444546222687,129.007973432541,4382.69888097048,282.939875483513,75.5668287277222,2003.74633294344,25.6585130095482,1325.55424150825,659.662262618542,13.3214971423149,13484.9473768175,54.6881741285324,1070.32275077701,3548.22819158435,6581.33654287457,398.389307409525,644.722507476807,33.2151044011116,1091.4459477067,25.9982962608337,1074.21411633492,36.6651265919209,4.70732456445694,9.97925895452499,0,91.690046787262,0,14.1785995960236,6.68963554501534,1.65525317192078,0.710717141628265,0.531149923801422,34.3350423276424,1.46731758117676,63.4158267974854,0,706.558692127466,7.66497081518173,1305.9692748487,0,1.2562141418457,0.566482901573181,10.2511276006699,0,1.03887996077538,0.491718262434006,1.58055239915848,3.38479733467102,6.21796184778214,191.755321592093,111.046322286129,329.106002181768,657.14032548666,43.392452031374,3.18441092967987,0,439.034826099873,5.50054121017456,0,50.533617824316,27.0545353889465
3.37824290990829,15.567647755146,55.9232659935951,7510.89429497719,270.393772065639,7771.17169442773,434.65479400754,12799.1091333628,2010.0230178237,13788.0431060195,1140.74401628971,0,288.507543683052,3523.42206099629,3073.63461211324,0.510418057441711,56.0864504873753,628.583472490311,179.127961188555,14367.2785790712,36.3828975558281,10.950985789299,77.9814829826355,1954.60785099864,4.21804660558701,726.196573108435,182.136628985405,983.888718485832,3363.75986367464,46.7406923472881,104.670320183039,870.708118706942,7.79710826277733,2019.49604871869,902.392458617687,3382.52051272988,173.987110227346,1217.58074322343,192.735722124577,4071.74020245671,381.068150371313,533.258601635695,247.819799244404,10.1248797178268,157.606180250645,32.4544358551502,2160.2075740099,40.3173260390759,63.9410002529621,0.50043922662735,3.35060799121857,1.87686756253242,1287.50709742308,22.279223382473,456.074135273695,280.417766809464,302.481757193804,362.724306821823,1731.05053675175,18.6847195923328,3169.0844540596,14.3388349115849,296.588842839003,113.675195127726,5.04917272925377,1.92992651462555,8.05157506465912,5.07836207747459,1229.18404230475,6.56069406867027,1.21250116825104,8.12186086177826,1267.6549064517,3.30394273996353,4.20779049396515,4.96565768122673,1052.4787145257,199.590468406677,4.94180166721344,2.9086502790451,25.9656094312668,0.750474631786346,260.395928621292,84.9990305602551
0,2393.70265033841,17.9659232497215,17.4775323569775,12.1319417953491,62.1594631075859,56.7472514510155,69.3952820003033,883.124021172523,138.713411182165,9126.43513646722,288.507543683052,0,63.5329543054104,27.1104382872581,60.9406571090221,9.0640215575695,47.2708333730698,2.49267941713333,42.8432442545891,26.5832602977753,742.299820721149,78.5076430141926,406.6580683887,7067.34111964703,223.850174486637,3654.46613398194,52.2562836110592,345.123179852962,14.5375620126724,1101.22205340862,168.184927046299,0,4848.18673092127,11.3218898177147,623.988341808319,7807.17385834455,4514.2908076942,98.4011894762516,298.921967089176,16.7463317513466,5797.0542909503,28.4234870672226,6103.87533563375,111.349751055241,7.32174974679947,14.5563062429428,0,430.815061628819,0,242.323909282684,3.24033892154694,2.71299976110458,0.846345067024231,0.488975286483765,6.22541481256485,4.93231326341629,77.7957241237164,0,5148.65403315425,6.0129679441452,12819.7314187586,11.4639396071434,1.66398018598557,8.59333902597427,8.02999356389046,10.9589012861252,1.67287755012512,0,0.518794238567352,45.5132226347923,2.22948494553566,67.3033202886581,2193.65877377987,2868.7679733336,9380.14564731717,9.47973531484604,27.122699379921,0,3431.95796969533,10.7221671938896,0,185.503062903881,1.65179836750031
9617.38186872005,14.8593032956123,7296.90816053748,451.158432006836,29.1661565005779,1189.29742854834,49242.4162570834,13916.309269309,217.703991383314,8839.45753547549,295.305715858936,3523.42206099629,63.5329543054104,0,180.967750608921,24.9445760250092,4963.05281341076,142.418763667345,375.51755386591,702.803756177425,3411.20595765114,11.1504738330841,8572.35699623823,573.633899778128,3.28261548280716,3064.03723099828,1647.79532071948,3144.29062777758,21116.1934852302,25810.6369486451,30.4618735313416,1102.17930063605,320.452435672283,2152.5690805763,159.714360594749,2388.3917376399,325.066522598267,1003.70891690254,395.87767252326,807.324424356222,122.866950660944,160.478544324636,305.26905092597,25.6042868643999,138.491374284029,39.0466499328613,171.56556352973,25.4468073248863,41.5648542046547,1.15738821029663,10.1716310977936,50.9321663528681,49.4359739124775,0,10.0389571785927,506.154584735632,27.6275341510773,126.675646007061,81.0778477787971,1.58372101187706,68.2652408778667,3.538529753685,27.7035150229931,5.9873009622097,87.4869114756584,16.9363851249218,0,0,46.4280588924885,96.9186187982559,40.1266566514969,182.625875160098,1453.71903532743,0,30.8704047054052,149.893855169415,930.096769630909,61.3145028948784,33.3761554658413,1.74994233250618,0,5.01713889837265,168.172824591398,16.5571818351746
0.551332175731659,84.6057121157646,6.68221712112427,1669.14571779966,2844.02132591605,4646.31909841299,480.299891203642,1249.90429151058,483.716302722692,547.183061808348,66.1679341197014,3073.63461211324,27.1104382872581,180.967750608921,0,2.73439466953278,8.14708936214447,30.931064337492,13.9351617693901,652.554728895426,61.3747597634792,141.767957061529,36.0082750916481,2977.42151406407,33.4156630635262,50.0807300806046,87.5535090267658,963.292551964521,263.952575385571,201.663984298706,3.47849369049072,695.293761402369,31.1621270477772,157.828676104546,2254.7675870657,497.45009920001,43.5229526460171,302.558480262756,51.2343454062939,6734.54187804461,428.353372693062,66.872823625803,67.8441758751869,11.6998074650764,26.5766035616398,20.5264673829079,327.422474473715,11.9229620099068,20.1679708957672,0,0,3.74109661579132,97.0039473176003,2.20250767469406,68.8349558413029,52.4155260324478,33.4590877592564,37.2475016415119,112.656808674335,4.94102871417999,362.039305478334,1.24486792087555,33.0172536373138,8.2843502163887,3.81237822771072,0.595414161682129,1.93101215362549,3.51062017679214,69.6915386617184,20.8346349000931,0.619483649730682,12.7024764418602,208.585376054049,0,5.08266419172287,5.01187935471535,137.800687879324,25.3268339633942,5.30581176280975,2.47927510738373,5.90945625305176,1.6107382774353,30.4534657597542,987.719666749239
1.21965891122818,1554.64525726438,214.65702265501,0.416498363018036,30.2947492003441,0,12.7922248840332,17.8792335689068,308.168900072575,0.509347140789032,16.5240442752838,0.510418057441711,60.9406571090221,24.9445760250092,2.73439466953278,0,321.839906960726,24.640466094017,117.488510966301,0,8618.69507589936,7682.19105666876,5257.9575278461,3714.52385467291,76.2939051389694,956.774605661631,11862.7239390612,1149.15652704239,21.5936018824577,96.3142696917057,1.25091373920441,3.83706194162369,1.32281213998795,1064.06494799256,265.890769332647,4243.18173646927,1400.07964396477,1742.24319121242,1329.3210786581,92.8912938833237,52.5378862023354,43.7568766474724,749.23779964447,312.537079542875,381.332075744867,482.718203961849,27.8742526471615,3.33318436145782,12.9673381149769,3.66902637481689,132.625803798437,334.170890808105,0,4.10745400190353,4.21869087219238,110.142585098743,44.1080447286367,5.11518552899361,0.707626283168793,11.7149800658226,1.35839188098907,6.05345702171326,33.1580374538898,6.72100841999054,5559.20232415199,193.729243040085,14.8961183428764,84.3977158367634,0,1781.09889256954,3418.99366697669,7105.18923822045,928.05178964138,1.96849048137665,455.02364140749,5127.35083782673,646.903429359198,14.791375041008,140.255055755377,1.28023171424866,0.906042456626892,2.28908514976501,120.559272825718,164.360415667295
218.523157387972,475.472835719585,19150.2472997904,0.774732977151871,11.2843180298805,25.6085475385189,244.013203561306,2018.9572276175,13.8463378548622,34.4919840693474,260.848084777594,56.0864504873753,9.0640215575695,4963.05281341076,8.14708936214447,321.839906960726,0,553.459253281355,4178.57556384802,4.27920791506767,3068.54043954611,109.749933958054,14110.1593938768,473.371138930321,0,8235.22730481625,32667.910372287,434.146841555834,5192.95958085358,4691.15650770068,0.524932503700256,58.5684825181961,1368.22573009133,12437.8258516937,76.6416222751141,2197.5979052484,2533.78798988461,1750.77846905589,546.245180934668,66.5226714611053,45.8113755583763,18.8917264342308,599.221309423447,498.980960816145,244.378430753946,277.284554392099,10.1601670980453,1.38532054424286,6.62827894091606,8.43881461024284,192.279988467693,1535.34913226962,0,0.544394552707672,0,42.7665609419346,3.02678909897804,9.3741637468338,0,9.31196215748787,0,0,21.2689018249512,1.31566834449768,76.2410570383072,1894.60321033001,13.2977440357208,200.33731251955,0,71.997895359993,50.2970683276653,735.820432037115,60.1387671530247,7.56516718864441,1467.13996005058,3034.51945847273,33.8207626342773,6.18458178639412,24.2887069880962,0,0,2.04605478048325,296.869571655989,59.8023670315742
0.726072490215302,9.16264641284943,85.0427760779858,26.5561619102955,44.197845518589,126.332796901464,103.824658840895,89.7621375620365,25.3094305694103,323.817861139774,8901.03672689199,628.583472490311,47.2708333730698,142.418763667345,30.931064337492,24.640466094017,553.459253281355,0,2377.86030092835,74.7292185425758,89.9333736300468,5.39389145374298,406.134357959032,22.5728713870049,0,3403.67133164406,528.442335933447,37.8929544389248,1124.83064839244,38.7705655097961,95.7191570401192,276.690680742264,15.7942277789116,6879.84803235531,107.86933490634,2232.18701601028,3857.57381618023,6853.44392028451,1576.68368506432,346.325913250446,60.897907435894,17.5380463004112,18.0743300318718,18.5324694812298,6.04323822259903,3.61649829149246,3.46991562843323,0,2.42338287830353,0,2.62017506361008,17.2850251793861,0,8.33388513326645,0,0,0,29.9761099219322,0,1.74236452579498,2.31349313259125,34.1850323081017,0,5.88878488540649,3.84945642948151,42.4182615280151,0.348041325807571,3.61403766274452,0,0,0,10.0813042223454,13.2578666210175,0.711775124073029,80.2723868489265,142.655814439058,0,0,0,17.970886528492,0,0,11.365482032299,81.9702620506287
10.7535332143307,102.293567717075,700.960449874401,10.5734860897064,10.7398472726345,40.9016391038895,66.4683258831501,158.460781097412,12.6115278601646,101.050561219454,472.702457278967,179.127961188555,2.49267941713333,375.51755386591,13.9351617693901,117.488510966301,4178.57556384802,2377.86030092835,0,21.3073642551899,470.881189644337,37.017809510231,2327.59844082594,103.532575458288,0.943253874778748,8195.31007775664,4122.0810713172,71.5566053986549,761.168291777372,295.682482868433,0,84.980290800333,154.762452453375,8176.11864776909,147.032709509134,3399.18795531988,2398.13967078924,3187.56745105982,1162.28210258484,98.3352984786034,63.1087399125099,9.38500878214836,128.441909492016,176.335791051388,48.7205299437046,66.2431780993938,2.57804292440414,0.435444563627243,2.06451800465584,1.6813537478447,44.5259076356888,263.061423569918,0,11.2019127011299,0,6.1733480989933,0.857263147830963,9.39510443806648,0,0.868498086929321,0,0,2.83028092980385,10.028334736824,21.5891997814178,460.605350077152,2.30075937509537,51.7573061287403,0,6.33527092635632,10.9498548805714,94.6145557165146,13.4677338600159,4.05735993385315,710.135541468859,1085.21200200915,5.43449848890305,0.607089221477509,2.88820847868919,0,0,0.670609652996063,73.6415934115648,123.99858802557
2.02136355638504,3.09233266115189,7.06344754993916,21471.1763081551,63.1063346862793,493.467178732157,100.776538193226,1765.91823783517,1374.06209921837,11820.8355201036,128.518622875214,14367.2785790712,42.8432442545891,702.803756177425,652.554728895426,0,4.27920791506767,74.7292185425758,21.3073642551899,0,2.79938074946404,4.49021428823471,6.62231457233429,1607.69845309854,0,88.1765820384026,14.7604156434536,1962.43869648874,727.221992611885,7.17083966732025,11.4597217142582,119.680774182081,6.36769235134125,620.31157580018,42.1261124312878,906.371164441109,26.6827259659767,385.115056753159,51.5510658919811,956.814040869474,91.1377422809601,87.2372898757458,135.045581817627,2.82893478870392,93.0086522698402,16.0471577942371,724.300514608622,30.2642279267311,14.5444334149361,0,0.673469960689545,0.420658200979233,1214.1149802804,2.98542866110802,166.679448604584,208.971619188786,147.814709663391,294.891248732805,1391.351318717,10.3661215007305,1861.01369512081,0.902844697237015,168.352345943451,39.6616464555264,0.754275798797607,0,1.69779890775681,0.511385262012482,949.9279538095,1.26420736312866,0,1.83492970466614,1038.25444498658,0,2.74760264158249,1.62658765912056,894.823630154133,115.420474380255,0.776483595371246,0,4.73126035928726,1.37365472316742,177.491653293371,4.50093135237694
171.521198540926,198.130679190159,4516.59720343351,5.92597869038582,300.0461563766,58.7224994599819,4845.48696491122,3886.99568632245,324.836831569672,62.3993983566761,54.6867619752884,36.3828975558281,26.5832602977753,3411.20595765114,61.3747597634792,8618.69507589936,3068.54043954611,89.9333736300468,470.881189644337,2.79938074946404,0,1981.76133343577,41457.2961096466,2402.60778033733,15.0039491057396,1851.86415599287,7614.88016071916,33355.056184113,597.350988417864,45027.675729692,0,17.5270703434944,191.439092189074,19101.027664125,1581.82553091645,14524.4892657995,3167.55550584197,12180.1013747752,6740.97546219826,992.487373203039,292.708140879869,237.522511839867,678.875234752893,118.500149786472,227.531569927931,263.809671938419,72.3986089229584,8.72677806019783,60.1880776584148,10.0432531833649,34.7212220430374,187.63554635644,0.888114750385284,12.7625435590744,5.79937526583672,232.321164131165,38.9265038371086,45.5716183185577,6.98295900225639,4.49814403057098,1.92892292141914,1.51288044452667,56.086352288723,26.5506635308266,3352.68295627832,100.376922428608,2.45573180913925,28.6068316698074,1.46974945068359,4188.69442409277,1891.07660317421,3578.26208904386,2278.56650134921,3.38962471485138,141.998940467834,1421.97974836826,1744.04441350698,101.304541140795,605.137796878815,0,1.1699515581131,19.5445897579193,159.827220588923,484.363449752331
0,5627.25029715896,163.20128595829,4.56921780109406,25.6148393154144,2.2124240398407,42.2267301082611,14.423219949007,6994.24376764894,1.08192676305771,5.56993049383163,10.950985789299,742.299820721149,11.1504738330841,141.767957061529,7682.19105666876,109.749933958054,5.39389145374298,37.017809510231,4.49021428823471,1981.76133343577,0,1528.03908574581,23783.9983003438,1742.4799438715,562.872641742229,19053.3133358061,1172.15093064308,15.1919609606266,114.887756049633,16.2247828841209,2.03644090890884,1.60615038871765,160.787153333426,30.3106684684753,448.647395819426,277.374289959669,185.075469523668,101.506426721811,261.325748682022,11.5254271030426,76.2174859941006,323.538429886103,192.095503628254,122.635701417923,155.225724071264,24.7184705138206,1.31776589155197,3.66715788841248,5.637775182724,382.283801078796,269.47707644105,21.4993404746056,1.44812917709351,0,63.326321542263,10.3808832764626,162.196256041527,10.590156853199,61.4845029115677,9.94899153709412,92.8971935510635,14.8945800662041,0,2499.59572255611,153.842665076256,6.59705430269241,55.6247664093971,4.71316623687744,787.661917299032,4365.78000307083,2080.08082792163,1234.79590204358,45.8568834662437,380.723919659853,5526.98655420542,524.486070334911,18.4002919197083,80.4088858664036,35.3205509185791,1.55831730365753,4.82437705993652,60.25533375144,28.0991149246693
785.5308829844,297.408020377159,31491.4224039018,2.19031439721584,252.501840174198,57.6871714890003,1524.76997226477,4703.3893777281,240.115492969751,72.2680482268333,263.292180716991,77.9814829826355,78.5076430141926,8572.35699623823,36.0082750916481,5257.9575278461,14110.1593938768,406.134357959032,2327.59844082594,6.62231457233429,41457.2961096466,1528.03908574581,0,2022.08532306552,9.30995339155197,10489.2003298998,45263.6307919919,3809.92351996899,4651.28925144672,23067.5977761149,17.082915365696,43.4749862849712,648.790095686913,32997.8352942169,2320.29042771459,35299.1158886552,13892.3410238922,22098.7207424045,17225.3764230311,1019.40748643875,683.039496541023,225.512815654278,2605.32010686398,1017.00868719816,1183.01978340745,1636.29383715987,109.734602183104,10.3135626316071,44.5855158567429,6.75328597426414,166.805641919374,1504.45146131516,0,25.5201576650143,5.45664477348328,328.749623894691,104.048777416348,22.923653960228,8.67477864027023,48.4545296430588,1.41947388648987,4.05009412765503,88.3771262168884,30.0118604302406,8757.46317663789,574.399409711361,73.9733803868294,362.943047851324,0,3800.92615163326,3018.99640321732,18822.5889031291,1585.73705264926,7.2904554605484,1012.88611260056,12209.1194156706,1135.5589672029,28.0601509213448,328.962506830692,1.82712191343307,0.985739767551422,7.85081386566162,501.152039468288,1287.32820153236
8.92732313275337,5138.48710641265,296.780112087727,3710.47017532587,499.668037742376,98.5927321910858,7362.511374861,276.142901837826,32930.4023682475,447.440312236547,19.2444546222687,1954.60785099864,406.6580683887,573.633899778128,2977.42151406407,3714.52385467291,473.371138930321,22.5728713870049,103.532575458288,1607.69845309854,2402.60778033733,23783.9983003438,2022.08532306552,0,959.620023012161,1230.47680556774,13038.8574725986,13011.4651765227,1496.63136821985,328.177944093943,11.570666462183,77.7774331569672,729.617055863142,2136.39176955819,1664.76490455866,6779.27205780149,1503.28435790539,2064.82446828485,906.455574929714,3268.61100360751,242.978270322084,252.266447931528,2775.95920068026,187.731424033642,1055.13491719961,350.549206465483,1166.18581873178,196.009602546692,191.794557362795,23.1586492061615,112.027479171753,323.086424022913,3689.67800274491,25.3178840875626,309.36608839035,2622.55029845238,437.582181751728,4042.61655333638,3050.30870625377,120.923216104507,1294.80669167638,49.6953195035458,871.477479249239,211.488387435675,2293.22730064392,169.258971869946,37.701513260603,35.8995574712753,1526.31523227692,2297.02082365751,2323.67253366113,1706.74389559031,20156.7925025821,19.0517850220203,316.424384057522,2109.60434666276,9544.97378233075,986.338416397572,620.433500140905,6.99471241235733,66.5001508295536,73.9319595396519,1192.36395201087,446.019900619984
0,5354.2228051424,2.20811116695404,0,3.02738210558891,0,2.64340072870255,0,1802.09282082319,1.88797029852867,129.007973432541,4.21804660558701,7067.34111964703,3.28261548280716,33.4156630635262,76.2939051389694,0,0,0.943253874778748,0,15.0039491057396,1742.4799438715,9.30995339155197,959.620023012161,0,226.520952731371,6009.81062623858,41.3429984748363,3.50443974137306,1.13537585735321,51.8913261890411,0,0,73.7972582578659,1.2693247795105,25.4140674471855,319.804473638535,80.2335701286793,9.69374868273735,64.4591328501701,0,2430.50824534893,12.1589141488075,841.818584382534,48.0573981404305,2.99829614162445,11.690004825592,0,84.3643854856491,0,367.600486695766,5.48311239480972,3.19602239131927,0,1.35679399967194,3.35461977124214,0,61.8542143404484,1.87120079994202,1059.35490584373,2.05711936950684,1879.1364569366,2.71313160657883,1.96203935146332,10.1223585605621,1.73250168561935,4.2750608921051,1.84178864955902,1.22975420951843,0.627192556858063,36.7660804986954,0,53.6730054616928,2235.29955554008,593.914074718952,3308.15335738659,2.4217489361763,12.6546511650085,0,266.060200572014,4.41491591930389,0,142.175590455532,0
146.761454761028,1414.32956948876,29838.4993018508,30.4017880558968,38.1507111489773,203.582520097494,831.451492130756,3133.38837555051,125.78383910656,419.548712030053,4382.69888097048,726.196573108435,223.850174486637,3064.03723099828,50.0807300806046,956.774605661631,8235.22730481625,3403.67133164406,8195.31007775664,88.1765820384026,1851.86415599287,562.872641742229,10489.2003298998,1230.47680556774,226.520952731371,0,49231.701495111,542.387921601534,1980.60136309266,1198.01373460889,65.9143809080124,304.358304053545,98.6518724262714,8485.41221264005,515.767858088017,13221.5657911748,28800.1662115455,13618.6210146248,4107.25736713409,405.265097603202,201.690347641706,43.3161541521549,927.721618592739,1728.88259744644,514.258361577988,404.248637914658,13.6665538847446,3.59478896856308,26.8515504598618,9.71234947443008,1263.85988160968,1416.70779895782,0,20.5878300666809,0,30.8461915850639,14.5439745485783,147.695455133915,0,542.540393292904,2.38931968808174,1823.51359885931,26.6062656641006,15.1702451705933,154.250923484564,2370.48633679748,64.1888540387154,478.168499082327,0,74.5683554708958,205.617681533098,476.292041301727,152.97389703989,636.939691394567,13094.4267369807,28547.493402034,22.8767952919006,21.6235588788986,25.4981945753098,988.504642009735,1.11738538742065,1.34128823876381,378.590529218316,410.327969312668
76.1605788767338,37379.8159029484,39407.93034181,9.22084653377533,50.625939399004,56.0076086223125,622.242922276258,1155.41709667444,5018.02106252313,105.952414900064,282.939875483513,182.136628985405,3654.46613398194,1647.79532071948,87.5535090267658,11862.7239390612,32667.910372287,528.442335933447,4122.0810713172,14.7604156434536,7614.88016071916,19053.3133358061,45263.6307919919,13038.8574725986,6009.81062623858,49231.701495111,0,5444.13654690981,1478.59961952269,1021.26209282875,133.417247593403,106.138498753309,206.115507781506,17240.9164693356,1193.73427069187,30974.2232860625,16354.1726361811,12465.0668381155,9639.98273584247,442.752817124128,469.964643061161,276.610852539539,5035.21187153459,3603.22165450454,1942.54970359802,2197.48374679685,84.5635975301266,17.0103989541531,44.9560805559158,46.3509707152843,7942.20217108727,12377.7769443691,17.4695774018764,28.3907369375229,0.502942025661469,358.915717124939,105.016820579767,250.581991672516,2.47950011491776,528.072424352169,15.241406083107,2021.02956026793,168.998476713896,31.3001568615437,2351.27348008752,8077.27461192012,160.827600032091,1379.81979012489,4.85087808966637,859.114705905318,4092.89611876011,10941.384009093,952.450738698244,2863.78746703267,20669.1876152754,95196.0839774907,647.120150133967,51.9353905618191,208.482253789902,804.615940392017,2.7134028673172,8.80985155701637,1370.75347220898,1038.69243249297
24.3377165198326,200.830829292536,549.772814065218,6119.80226314068,282.131498426199,319.854452013969,88369.2192738354,3208.81971853971,4169.00429144502,14086.326140523,75.5668287277222,983.888718485832,52.2562836110592,3144.29062777758,963.292551964521,1149.15652704239,434.146841555834,37.8929544389248,71.5566053986549,1962.43869648874,33355.056184113,1172.15093064308,3809.92351996899,13011.4651765227,41.3429984748363,542.387921601534,5444.13654690981,0,3584.42043370008,18930.1727159321,5.087651014328,122.463272452354,1945.0434589982,8376.77385604382,2776.61982363462,11879.5436660349,1576.59553343058,6698.16478034854,1954.47191652656,2648.16018792987,751.667503476143,551.07222366333,3487.77667167783,146.76691609621,1439.19587358832,428.79495716095,1784.32483613491,324.096055775881,353.931423962116,26.0651413500309,20.954342007637,215.475315064192,4325.17936992645,31.8511069118977,443.880585104227,3893.56249168515,620.329767078161,2282.42895799875,4667.11977672577,80.2368501424789,2246.17599487305,36.1571780145168,1174.43757253885,209.923423200846,1231.45696127415,81.6344956457615,2.38604146242142,16.45101749897,2311.72492140532,1621.2981570065,752.620601207018,999.067278444767,17206.4920625389,1.35876911878586,145.487533032894,977.581963002682,10114.0957773924,1307.03858453035,695.022086590528,0.496907919645309,87.6781922280788,94.4895902872086,1707.83807745576,578.400048673153
11443.2877502143,19.8078017532825,2729.45518620312,562.736442416906,37.0863984823227,965.510560363531,6582.38564962149,1671.71748608351,416.238721042871,3966.14337310195,2003.74633294344,3363.75986367464,345.123179852962,21116.1934852302,263.952575385571,21.5936018824577,5192.95958085358,1124.83064839244,761.168291777372,727.221992611885,597.350988417864,15.1919609606266,4651.28925144672,1496.63136821985,3.50443974137306,1980.60136309266,1478.59961952269,3584.42043370008,0,13526.2797978818,108.462283343077,338.71556571126,4631.40551561117,4655.82635238767,219.330198377371,3768.52198913693,279.410238206387,1286.77436050773,272.699271589518,1286.90538176894,224.755938142538,279.587604939938,328.337862193584,28.2353517413139,167.632284492254,33.0241112411022,243.557678997517,30.8310032188892,59.1724721193314,1.3553626537323,12.901194691658,24.6755833029747,104.260960847139,0,22.5959615707397,769.407712012529,46.6790645122528,254.57691821456,140.162390351295,11.0132533311844,71.4869517683983,26.5531160831451,57.7650663554668,17.954076051712,23.8346045911312,32.8897308707237,0,3.06569448113441,59.0424259901047,53.4256179630756,13.8686567246914,46.4121839404106,2308.75479108095,2.55195838212967,59.5028963088989,128.928191259503,1220.54401126504,73.5480435490608,34.2397681176662,13.896903604269,4.71916389465332,7.96225243806839,253.845025032759,33.4625309109688
13827.8313254118,3.07692942023277,4421.18630665541,5.0257283449173,213.37044095993,41.4783515930176,13227.517555058,5551.46873182058,137.708605825901,67.0826291143894,25.6585130095482,46.7406923472881,14.5375620126724,25810.6369486451,201.663984298706,96.3142696917057,4691.15650770068,38.7705655097961,295.682482868433,7.17083966732025,45027.675729692,114.887756049633,23067.5977761149,328.177944093943,1.13537585735321,1198.01373460889,1021.26209282875,18930.1727159321,13526.2797978818,0,2.43266105651855,33.5014562010765,3173.46968612075,19326.2357092798,1715.0485509336,11337.0007581115,1871.5488486886,5771.05073919892,1538.91925895214,675.969195723534,266.697519719601,219.496195077896,1314.47915923595,65.5984912216663,475.199950993061,187.683139204979,350.776184499264,58.9927859902382,138.41757234931,14.798517793417,6.48452511429787,111.33596765995,0.458036541938782,16.0830514729023,53.0360804200172,710.386826545,50.8236782252789,212.634948849678,10.2073645293713,11.9602969586849,8.2395313680172,12.4655542969704,146.196765005589,59.1583910882473,751.254639536142,41.6502175629139,0,7.19024831056595,1.83164399862289,1333.22298920155,341.025027543306,658.953795075417,3827.4748519063,0,86.4960792958736,275.730576425791,3313.40644913912,226.022582530975,401.772423088551,2.47031188011169,9.76966908574104,35.9790800511837,387.175542324781,367.995427966118
0,43.1083697378635,1.71362933516502,2.99861547350883,2.78509479761124,19.3760162889957,17.376193434,8.72115668654442,33.2060067653656,49.4905163347721,1325.55424150825,104.670320183039,1101.22205340862,30.4618735313416,3.47849369049072,1.25091373920441,0.524932503700256,95.7191570401192,0,11.4597217142582,0,16.2247828841209,17.082915365696,11.570666462183,51.8913261890411,65.9143809080124,133.417247593403,5.087651014328,108.462283343077,2.43266105651855,0,42.8425448536873,0,465.801481217146,9.26624262332916,155.243842452765,1932.60951048136,1197.64212420583,61.276693880558,61.3283665776253,6.15829938650131,54.5651142597198,2.93052512407303,351.683168917894,8.19952726364136,4.77513825893402,0,0,5.79555857181549,0,14.6439605355263,1.00146847963333,0,0,0,0,0,13.3431624770164,0,471.900433421135,0,1395.92571756244,0,0,0.796418249607086,1.65745520591736,1.75431323051453,1.37091934680939,0,0,9.0578755736351,0,2.97073251008987,137.640041649342,730.213000297546,1718.59854620695,0,0,0,519.471509933472,2.02785444259644,0,11.8743894100189,2.83178722858429
2.18878346681595,1.59018695354462,55.1142140179873,82.0832468867302,593.436640411615,1048.18333342671,234.973865658045,439.666476070881,51.8953951895237,512.03005489707,659.662262618542,870.708118706942,168.184927046299,1102.17930063605,695.293761402369,3.83706194162369,58.5684825181961,276.690680742264,84.980290800333,119.680774182081,17.5270703434944,2.03644090890884,43.4749862849712,77.7774331569672,0,304.358304053545,106.138498753309,122.463272452354,338.71556571126,33.5014562010765,42.8425448536873,0,0.878656089305878,5585.43325144053,145.631016910076,5883.23371365666,151.493855983019,344.240556508303,110.820463240147,3287.33804178238,14423.2579342127,346.102572709322,100.602929741144,9.84900707006454,28.276656717062,6.40923696756363,80.5208632051945,2.43575930595398,81.5152310729027,0,0.690681874752045,3.41586339473724,17.652644097805,0.592837750911713,13.9665885567665,152.977375477552,3.80752903223038,53.1958783268929,11.3729908466339,0.961255848407745,86.090036034584,11.2212968766689,8.61583024263382,0,2.74871852993965,5.32269239425659,0,0,13.2576548457146,6.21921241283417,1.91413244605064,11.1351383924484,435.282014101744,1.63627362251282,10.6944376826286,15.8945672214031,173.323074758053,1.11661013960838,0,1.22098457813263,0,3.35923206806183,24.2355531156063,14.6088353395462
59.3946791291237,0.712151885032654,182.345439970493,50.6565774381161,1.02463889122009,6.70591500401497,1397.07540258765,144.031498402357,143.959467768669,142.162003844976,13.3214971423149,7.79710826277733,0,320.452435672283,31.1621270477772,1.32281213998795,1368.22573009133,15.7942277789116,154.762452453375,6.36769235134125,191.439092189074,1.60615038871765,648.790095686913,729.617055863142,0,98.6518724262714,206.115507781506,1945.0434589982,4631.40551561117,3173.46968612075,0,0.878656089305878,0,1795.08121725917,2.24052459001541,71.4921583235264,26.9294196069241,202.909619867802,28.6873503625393,32.9675171971321,8.0990504026413,4.64805567264557,28.082520455122,3.55819493532181,12.2115052342415,3.03383427858353,5.92707857489586,4.70795637369156,0.984555512666702,0,0,5.40699091553688,24.4305680692196,0,0.571155488491058,34.8365348279476,5.5449914932251,22.3189262151718,22.7649759948254,0,1.23321288824081,0,12.2917685806751,1.98338335752487,4.72899904847145,2.0761122405529,0,0.333210378885269,3.09884887933731,7.17804697155952,2.08557865023613,8.36740666627884,210.693344295025,0,8.08223363757133,15.4882945716381,96.5632693171501,7.25629997253418,4.78937184810638,0,0,2.11530208587646,16.3714536130428,0.545018792152405
131.968177199364,305.467083781958,3354.87077365816,529.020095735788,959.569912493229,568.196313604712,4609.30692017078,1364.25735247135,462.640812128782,2814.24518144131,13484.9473768175,2019.49604871869,4848.18673092127,2152.5690805763,157.828676104546,1064.06494799256,12437.8258516937,6879.84803235531,8176.11864776909,620.31157580018,19101.027664125,160.787153333426,32997.8352942169,2136.39176955819,73.7972582578659,8485.41221264005,17240.9164693356,8376.77385604382,4655.82635238767,19326.2357092798,465.801481217146,5585.43325144053,1795.08121725917,0,204.968328028917,4119.63605669141,2966.38874813914,3261.86684411764,814.792100548744,641.231953203678,257.45840972662,1401.95376995206,874.887691318989,585.548760592937,476.697240918875,184.683500438929,391.731530636549,62.741585701704,106.729162216187,4.83521065115929,139.858452886343,616.668316602707,131.679804444313,5.96606624126434,34.1410467028618,1123.34178447723,129.156748116016,294.170984208584,319.501778930426,219.633849829435,120.696984767914,241.040463328362,194.257144868374,31.401511579752,224.499238103628,546.986739337444,11.6626985371113,93.096943706274,87.3399809598923,130.528803110123,133.711463928223,857.395872965455,2803.79200476408,62.4097808599472,833.785685092211,2404.52586716413,1601.22489584982,237.748187690973,46.1203320920467,61.5039332509041,0,6.69558614492416,599.527400016785,72.2896304726601
6.80255234241486,26.8341225981712,217.775291353464,174.548431873322,1361.34263116121,746.202127158642,1818.76390278339,703.60404714942,354.229915618896,1624.07620492578,54.6881741285324,902.392458617687,11.3218898177147,159.714360594749,2254.7675870657,265.890769332647,76.6416222751141,107.86933490634,147.032709509134,42.1261124312878,1581.82553091645,30.3106684684753,2320.29042771459,1664.76490455866,1.2693247795105,515.767858088017,1193.73427069187,2776.61982363462,219.330198377371,1715.0485509336,9.26624262332916,145.631016910076,2.24052459001541,204.968328028917,0,19336.8710982203,2878.86141264439,1606.05777192116,2296.78400054574,205.575422644615,426.670687168837,173.341992169619,3763.66139543056,1145.09525695443,205.591834485531,1934.83976539969,220.988751828671,50.9912227094173,66.4562512040138,4.89186000823975,31.5299642086029,64.8228081464767,34.81469810009,1639.91297611594,131.480478793383,293.894136548042,129.267746955156,66.6308958828449,129.39859893918,31.9182015657425,52.3308512270451,29.2979609966278,6.15207409858704,1680.51434266567,156.765599161386,17.4836584925652,67.0339051783085,68.5702817738056,5.86057734489441,550.229117393494,33.3472528457642,906.346246510744,619.85070091486,0,282.351573973894,667.455378323793,681.429927319288,19.4929696321487,109.98001486063,3.95336425304413,2.28693670034409,9.02866315841675,106.630229502916,224585.390478373
81.9535709917545,491.333913803101,5406.68025283515,1192.14376696944,216.619133800268,2150.17955437303,7966.06105273962,3487.52733886242,1315.28400763869,6677.77825561166,1070.32275077701,3382.52051272988,623.988341808319,2388.3917376399,497.45009920001,4243.18173646927,2197.5979052484,2232.18701601028,3399.18795531988,906.371164441109,14524.4892657995,448.647395819426,35299.1158886552,6779.27205780149,25.4140674471855,13221.5657911748,30974.2232860625,11879.5436660349,3768.52198913693,11337.0007581115,155.243842452765,5883.23371365666,71.4921583235264,4119.63605669141,19336.8710982203,0,41380.6647045016,9868.59393817186,10995.3943521678,9022.48232313991,4539.20146551728,3938.2817478776,3039.64247572422,478.760717630386,763.822819471359,399.110639065504,912.440990269184,127.59941676259,206.557508200407,8.46039301156998,185.466888695955,853.224316477776,251.648422032595,40.567411929369,89.1366144418716,1767.4422288239,156.707959502935,595.08451128006,343.896747589111,23.8041755259037,179.830444246531,43.5138300657272,267.670953959227,117.913049072027,672.994973689318,829.840815424919,27.8268698453903,111.702967077494,143.09964299202,722.576341152191,423.354071080685,1597.53462341428,5838.07150381804,36.1560863256454,1220.31419849396,3589.88833507895,3722.77411538363,333.213158160448,236.11247882247,14.9890992045403,17.0093442201614,28.8578047156334,973.872012883425,3389.67742604017
17.0263376832008,431.275826454163,6922.53222948313,21.3193286061287,76.6079069674015,74.3111655116081,395.619055211544,350.331520557404,220.92450851202,157.670435369015,3548.22819158435,173.987110227346,7807.17385834455,325.066522598267,43.5229526460171,1400.07964396477,2533.78798988461,3857.57381618023,2398.13967078924,26.6827259659767,3167.55550584197,277.374289959669,13892.3410238922,1503.28435790539,319.804473638535,28800.1662115455,16354.1726361811,1576.59553343058,279.410238206387,1871.5488486886,1932.60951048136,151.493855983019,26.9294196069241,2966.38874813914,2878.86141264439,41380.6647045016,0,17224.1755600274,24375.3178785741,1178.136967659,813.783191710711,1145.53515762091,595.447153866291,596.100989282131,212.939003944397,190.109948247671,849.779553174973,24.1041096448898,62.4193396270275,2.47698277235031,225.713237822056,330.418097376823,7.69017279148102,107.782400667667,114.630871862173,127.971057593822,64.3192096948624,54.0346672236919,36.4794791042805,367.048934221268,62.6499812602997,795.262967675924,108.831503897905,103.636423766613,218.060223937035,358.91151663661,37.6796717047691,69.9814289808273,10.3997040092945,220.190103530884,144.549372702837,566.214034110308,516.741493970156,275.194953918457,1719.86953124404,4552.77913793921,482.69322091341,84.8791741132736,46.9717364013195,350.621503084898,28.3669145405293,2.7391904592514,203.682675331831,2028.49326229095
73.3843057155609,256.00952604413,2206.69003579021,374.272711724043,64.8881870508194,315.107416629791,3629.54065945745,839.273552745581,356.2602237463,1983.43001419306,6581.33654287457,1217.58074322343,4514.2908076942,1003.70891690254,302.558480262756,1742.24319121242,1750.77846905589,6853.44392028451,3187.56745105982,385.115056753159,12180.1013747752,185.075469523668,22098.7207424045,2064.82446828485,80.2335701286793,13618.6210146248,12465.0668381155,6698.16478034854,1286.77436050773,5771.05073919892,1197.64212420583,344.240556508303,202.909619867802,3261.86684411764,1606.05777192116,9868.59393817186,17224.1755600274,0,7009.7387367487,1058.59582689404,1686.84299480915,6953.09789869189,811.868734061718,423.680298149586,321.896091923118,178.950488656759,300.383946597576,42.9183863401413,254.855821073055,5.40381979942322,99.5846237540245,388.582254111767,103.054378062487,7.54199612140656,25.5770627558231,925.290476053953,77.5337626934052,200.114291340113,199.55222016573,142.038694262505,91.5597904324532,304.006372272968,135.385547727346,43.7038830220699,285.610762387514,437.727856487036,3.61196160316467,74.6388952732086,71.0294674634933,185.908140033484,160.442284762859,788.396969795227,2285.08175480366,95.1658583879471,823.907546073198,2388.70096316934,1367.41274538636,135.000557601452,46.9756197929382,126.528664499521,2.44543296098709,8.96728885173798,427.79105463624,422.826866835356
22.5210812091827,105.554513216019,1487.63393038511,76.0544636249542,34.4202653169632,62.7413154542446,908.639821559191,367.902025073767,106.48033323884,324.44901779294,398.389307409525,192.735722124577,98.4011894762516,395.87767252326,51.2343454062939,1329.3210786581,546.245180934668,1576.68368506432,1162.28210258484,51.5510658919811,6740.97546219826,101.506426721811,17225.3764230311,906.455574929714,9.69374868273735,4107.25736713409,9639.98273584247,1954.47191652656,272.699271589518,1538.91925895214,61.276693880558,110.820463240147,28.6873503625393,814.792100548744,2296.78400054574,10995.3943521678,24375.3178785741,7009.7387367487,0,573.720761328936,1230.31210750341,3773.71353510022,348.818036347628,102.814591109753,107.05140927434,123.862936943769,60.609775274992,7.9420793056488,176.483490407467,0.51507169008255,52.2377521693707,247.82371160388,20.6539534628391,77.7214175462723,1.88708013296127,133.546838313341,10.7970317304134,38.600292891264,22.6542272269726,2.91426259279251,6.36892551183701,14.1042662858963,15.3635037839413,104.871544241905,158.387947410345,196.798391014338,10.2427717149258,34.361507833004,13.7966995835304,87.4623198211193,87.6570181846619,613.700239121914,460.124779284,6.81894987821579,235.699105471373,1058.02154272795,305.570582270622,19.2485186159611,25.2284421920776,3.81276965141296,1.32136964797974,4.38713359832764,108.62915340066,1786.9834715724
6.89978694915771,215.203803509474,93.5912910699844,1896.64727550745,6239.20576569438,10977.6538724601,1964.50573337078,5356.81228283048,1283.92488574982,1895.85729557276,644.722507476807,4071.74020245671,298.921967089176,807.324424356222,6734.54187804461,92.8912938833237,66.5226714611053,346.325913250446,98.3352984786034,956.814040869474,992.487373203039,261.325748682022,1019.40748643875,3268.61100360751,64.4591328501701,405.265097603202,442.752817124128,2648.16018792987,1286.90538176894,675.969195723534,61.3283665776253,3287.33804178238,32.9675171971321,641.231953203678,205.575422644615,9022.48232313991,1178.136967659,1058.59582689404,573.720761328936,0,2269.45825943351,2212.54281646013,1335.22170764208,41.3467237055302,560.712726175785,137.058824777603,2680.95997160673,141.807953685522,624.016995102167,2.02217036485672,3.73537969589233,10.5078379511833,447.199578285217,22.2726545929909,622.53228187561,1330.36682018638,380.490058422089,353.351283729076,789.575182110071,104.165181964636,2450.76297429204,39.3928364515305,644.060828745365,147.443599939346,62.9384525418282,15.648104339838,53.0692393183708,17.9883841872215,611.115557342768,118.631192982197,28.4561075866222,113.90712839365,2707.64123085141,0.706026613712311,82.9308745861053,114.956675887108,1878.16817700863,443.339539378881,45.4545513987541,1.92320823669434,52.3193944096565,18.2209721803665,773.053334325552,128.356498509645
0.676702797412872,3.00820016860962,85.7760352194309,137.378703594208,4069.42474621534,1811.67063248158,893.449822723866,298.954888015985,64.6515360474586,652.534931957722,33.2151044011116,381.068150371313,16.7463317513466,122.866950660944,428.353372693062,52.5378862023354,45.8113755583763,60.897907435894,63.1087399125099,91.1377422809601,292.708140879869,11.5254271030426,683.039496541023,242.978270322084,0,201.690347641706,469.964643061161,751.667503476143,224.755938142538,266.697519719601,6.15829938650131,14423.2579342127,8.0990504026413,257.45840972662,426.670687168837,4539.20146551728,813.783191710711,1686.84299480915,1230.31210750341,2269.45825943351,0,401.61839389801,159.662911742926,5.46994507312775,63.7578641176224,17.5304991304874,128.401424884796,19.7932477593422,50.3644878268242,0,0,17.5637305378914,27.5886583328247,1.40242004394531,11.5143040418625,199.969461292028,5.58146134018898,66.5595112144947,55.1462086141109,0,50.2577809989452,4.58610582351685,32.5116236805916,15.5386708080769,12.2963960170746,6.85938233137131,0.547014534473419,0,10.6171859204769,15.4933900237083,7.51879549026489,30.1712370216846,590.060640871525,0,20.2863426804543,60.1127226352692,333.080868542194,32.4284092783928,7.21204870939255,0,0,0,89.1527638435364,80.1264424622059
2.92421299219131,500.648016154766,12.3440445959568,64.225160241127,21.266982614994,189.265277922153,307.996888697147,273.082072645426,105.724731445312,411.705076962709,1091.4459477067,533.258601635695,5797.0542909503,160.478544324636,66.872823625803,43.7568766474724,18.8917264342308,17.5380463004112,9.38500878214836,87.2372898757458,237.522511839867,76.2174859941006,225.512815654278,252.266447931528,2430.50824534893,43.3161541521549,276.610852539539,551.07222366333,279.587604939938,219.496195077896,54.5651142597198,346.102572709322,4.64805567264557,1401.95376995206,173.341992169619,3938.2817478776,1145.53515762091,6953.09789869189,3773.71353510022,2212.54281646013,401.61839389801,0,132.359474301338,665.225826323032,216.891785919666,45.7869325578213,319.38842010498,21.9769925475121,300.157659471035,0,14.893453836441,4.11636164784431,10.2205944359303,1.19886994361877,55.9743842184544,130.910453081131,47.0900590121746,65.7489973902702,19.8285538256168,681.808052301407,44.1128434538841,317.402276605368,36.2747374176979,6.28246438503265,5.90248489379883,0.396737337112427,9.87199211120605,4.17312479019165,9.69024336338043,22.7662399113178,1.95430201292038,8.8518334031105,366.707771837711,195.220422565937,56.6306839585304,150.231387674809,202.616638749838,42.0722786486149,16.2711870670319,60.6763070821762,22.9490022659302,1.09712624549866,373.864171862602,37.2488368153572
1.99263244867325,462.744348317385,2009.02959121764,167.440451472998,47.6732881963253,130.359933316708,1104.40253791213,462.385149747133,462.27528527379,587.506979674101,25.9982962608337,247.819799244404,28.4234870672226,305.26905092597,67.8441758751869,749.23779964447,599.221309423447,18.0743300318718,128.441909492016,135.045581817627,678.875234752893,323.538429886103,2605.32010686398,2775.95920068026,12.1589141488075,927.721618592739,5035.21187153459,3487.77667167783,328.337862193584,1314.47915923595,2.93052512407303,100.602929741144,28.082520455122,874.887691318989,3763.66139543056,3039.64247572422,595.447153866291,811.868734061718,348.818036347628,1335.22170764208,159.662911742926,132.359474301338,0,30098.2801033556,4923.21147915721,7966.83842974901,10868.8076943755,1524.96801757812,3157.44737681746,105.967253416777,963.550534427166,3326.0203152895,659.07445332408,308.158586442471,3591.81232601404,8345.35689285398,2211.78628432751,395.814601957798,3686.76251685619,1509.30624741316,1926.64038902521,266.125497341156,2276.65636104345,492.024367749691,4998.1196077764,1287.60571834445,2931.33717221022,3696.53671139479,673.913301110268,13192.3564965427,279.63141104579,30873.2925686836,10189.3450115025,24.7986155152321,14673.8347041011,29789.4797851741,16001.9411135912,1426.08802160621,3283.5019300878,154.679405450821,1089.5667257309,44.2719829380512,5098.08000946045,21466.2055962384
0,662.863683640957,910.175470769405,3.41618019342422,13.7797011733055,6.49342831969261,41.2550179362297,18.3120918273926,109.31057241559,12.5052327811718,1074.21411633492,10.1248797178268,6103.87533563375,25.6042868643999,11.6998074650764,312.537079542875,498.980960816145,18.5324694812298,176.335791051388,2.82893478870392,118.500149786472,192.095503628254,1017.00868719816,187.731424033642,841.818584382534,1728.88259744644,3603.22165450454,146.76691609621,28.2353517413139,65.5984912216663,351.683168917894,9.84900707006454,3.55819493532181,585.548760592937,1145.09525695443,478.760717630386,596.100989282131,423.680298149586,102.814591109753,41.3467237055302,5.46994507312775,665.225826323032,30098.2801033556,0,10848.7247438729,28873.044498533,607.167252033949,152.855285346508,3013.95070502162,31.8137648403645,547.541549921036,1254.56286424398,14.4637205600739,42.4942072629929,75.5792711675167,575.515854597092,186.057323038578,80.5189790129662,132.004322946072,7093.83173474669,45.2991464436054,3330.56655204296,189.814187169075,54.0869131684303,1696.07939231396,989.680887103081,1893.99045994878,1555.07985791564,21.6131702363491,3899.09311529994,121.590574264526,13014.1019536555,935.069999665022,371.313641488552,17470.627161473,17343.779812187,1956.58229738474,167.538439542055,1053.88921830058,2712.79361253977,50.4476487636566,17.0800874531269,1828.84257438779,4323.55994194746
1.91612240672112,161.622625678778,797.802940189838,129.990610361099,7.93584191799164,81.7301535308361,497.702785879374,256.487775608897,123.41845446825,418.258277386427,36.6651265919209,157.606180250645,111.349751055241,138.491374284029,26.5766035616398,381.332075744867,244.378430753946,6.04323822259903,48.7205299437046,93.0086522698402,227.531569927931,122.635701417923,1183.01978340745,1055.13491719961,48.0573981404305,514.258361577988,1942.54970359802,1439.19587358832,167.632284492254,475.199950993061,8.19952726364136,28.276656717062,12.2115052342415,476.697240918875,205.591834485531,763.822819471359,212.939003944397,321.896091923118,107.05140927434,560.712726175785,63.7578641176224,216.891785919666,4923.21147915721,10848.7247438729,0,3299.67061853409,538.358033776283,269.959469079971,4460.71688207984,286.191490054131,300.892776042223,1125.19952070713,435.532744944096,36.6346035301685,433.647866398096,6335.30117604136,937.305672675371,194.069533884525,2282.75003367662,6667.42885179818,968.000407159328,446.047880113125,1542.77985157073,131.077015608549,1469.24842271209,737.172968506813,6344.65187856555,4084.97485208511,291.210645914078,8989.73285986483,115.450339972973,12995.7472238839,3708.72051110864,22.6266119778156,10123.3347272277,10767.8942936361,7898.31202685833,2108.07995256782,2685.26078248024,554.922883599997,1150.34296354651,416.032194107771,3662.32601594925,1149.60954347253
0,175.113906592131,1011.907579422,18.5261783599854,36.3772274851799,15.4587203264236,124.095782488585,65.3500243425369,36.6378259658813,53.5932442545891,4.70732456445694,32.4544358551502,7.32174974679947,39.0466499328613,20.5264673829079,482.718203961849,277.284554392099,3.61649829149246,66.2431780993938,16.0471577942371,263.809671938419,155.225724071264,1636.29383715987,350.549206465483,2.99829614162445,404.248637914658,2197.48374679685,428.79495716095,33.0241112411022,187.683139204979,4.77513825893402,6.40923696756363,3.03383427858353,184.683500438929,1934.83976539969,399.110639065504,190.109948247671,178.950488656759,123.862936943769,137.058824777603,17.5304991304874,45.7869325578213,7966.83842974901,28873.044498533,3299.67061853409,0,1385.40951871872,301.406512916088,1606.96253886819,241.011456727982,396.858133137226,1304.64806699753,91.8952220082283,73.7200040817261,114.976239353418,2181.19758945704,933.923938781023,36.226492702961,393.892444372177,1203.8117274344,160.476237922907,188.141122460365,1296.76262751222,65.9010695815086,2664.30604988337,530.429237276316,2709.75033047795,1848.80191600323,53.595808327198,8680.80061158538,120.0360686481,22417.7162723541,1617.64008820057,1.99327510595322,6248.02225333452,13432.7092571557,4047.9205429554,820.150921732187,1197.41607898474,175.065259516239,109.970586061478,152.479687005281,924.624142616987,6008.42828840017
0,6.78870916366577,64.867050498724,912.75679191947,87.0129667520523,524.503008067608,395.107760846615,288.676134496927,187.982896089554,1190.81243395805,9.97925895452499,2160.2075740099,14.5563062429428,171.56556352973,327.422474473715,27.8742526471615,10.1601670980453,3.46991562843323,2.57804292440414,724.300514608622,72.3986089229584,24.7184705138206,109.734602183104,1166.18581873178,11.690004825592,13.6665538847446,84.5635975301266,1784.32483613491,243.557678997517,350.776184499264,0,80.5208632051945,5.92707857489586,391.731530636549,220.988751828671,912.440990269184,849.779553174973,300.383946597576,60.609775274992,2680.95997160673,128.401424884796,319.38842010498,10868.8076943755,607.167252033949,538.358033776283,1385.40951871872,0,1008.12903258204,2585.40327692032,2.75619354844093,400.32093924284,65.510558962822,2142.55368539691,7484.70588719845,7596.5870937705,2213.12235093117,2729.88893812895,1389.31711325049,2060.84432193637,396.764775872231,4075.25854414701,299.452005445957,1205.06000220776,5264.67503833771,109.180429637432,30.3198643624783,307.014192253351,131.43169260025,915.02449503541,609.524740546942,456.036870032549,666.078675597906,8452.80364686251,85.1372583806515,389.352379590273,949.443621337414,3616.88380399346,583.505519837141,124.844111472368,10.0011074542999,1053.66467863321,19.6027925312519,1226.26525558531,446.741932600737
0,1.86023882031441,5.95686653256416,27.8279486596584,0.800213217735291,18.6132811009884,87.6230625808239,42.5869280099869,33.2860794067383,98.8413332998753,0,40.3173260390759,0,25.4468073248863,11.9229620099068,3.33318436145782,1.38532054424286,0,0.435444563627243,30.2642279267311,8.72677806019783,1.31776589155197,10.3135626316071,196.009602546692,0,3.59478896856308,17.0103989541531,324.096055775881,30.8310032188892,58.9927859902382,0,2.43575930595398,4.70795637369156,62.741585701704,50.9912227094173,127.59941676259,24.1041096448898,42.9183863401413,7.9420793056488,141.807953685522,19.7932477593422,21.9769925475121,1524.96801757812,152.855285346508,269.959469079971,301.406512916088,1008.12903258204,0,275.488331198692,0.728198409080505,1.51850292086601,13.3753605186939,73.6621653735638,5057.2960730195,4991.33043962717,408.079219788313,952.678487926722,43.5230937004089,337.159828305244,21.3389503955841,220.096577167511,13.4410080909729,225.642877310514,116.003208130598,6.79619830846786,6.81484299898148,20.4472214579582,11.7832387089729,54.4771128296852,32.6738505363464,4.90600150823593,64.2849817574024,488.665569871664,0,42.6583758890629,93.7561116814613,519.951331108809,238.817568838596,12.387316852808,0,10503.4828755558,3.66083234548569,292.638684689999,241.904406160116
1.04227676987648,42.5093333721161,13.2288329005241,17.462160885334,0.967393934726715,45.229230672121,101.441521137953,70.1455085277557,31.5700832605362,39.7156814932823,91.690046787262,63.9410002529621,430.815061628819,41.5648542046547,20.1679708957672,12.9673381149769,6.62827894091606,2.42338287830353,2.06451800465584,14.5444334149361,60.1880776584148,3.66715788841248,44.5855158567429,191.794557362795,84.3643854856491,26.8515504598618,44.9560805559158,353.931423962116,59.1724721193314,138.41757234931,5.79555857181549,81.5152310729027,0.984555512666702,106.729162216187,66.4562512040138,206.557508200407,62.4193396270275,254.855821073055,176.483490407467,624.016995102167,50.3644878268242,300.157659471035,3157.44737681746,3013.95070502162,4460.71688207984,1606.96253886819,2585.40327692032,275.488331198692,0,5.86073458194733,881.041309714317,17.7436736822128,39.3495582342148,21.4869085550308,567.995019614697,253.780659079552,333.434145629406,358.864788293839,318.549779713154,3946.69117325544,442.379322677851,742.110682845116,402.017610937357,65.3365152776241,53.9224017858505,10.9691008329391,83.6604743301868,47.9655106365681,96.2609964311123,83.8610266149044,255.174081861973,112.230732113123,642.27339848876,2001.60914945602,242.22438493371,325.722303003073,348.16623929143,242.557935446501,29.3634968400002,174.382453680038,278.39543235302,1.58985340595245,3560.11260148883,285.741098254919
1.25361710786819,10.5424345731735,31.5134699940681,0.986245691776276,0.545083940029144,0,2.1971869468689,1.29938435554504,3.82744434475899,0,0,0.50043922662735,0,1.15738821029663,0,3.66902637481689,8.43881461024284,0,1.6813537478447,0,10.0432531833649,5.637775182724,6.75328597426414,23.1586492061615,0,9.71234947443008,46.3509707152843,26.0651413500309,1.3553626537323,14.798517793417,0,0,0,4.83521065115929,4.89186000823975,8.46039301156998,2.47698277235031,5.40381979942322,0.51507169008255,2.02217036485672,0,0,105.967253416777,31.8137648403645,286.191490054131,241.011456727982,2.75619354844093,0.728198409080505,5.86073458194733,0,28.1282979547977,571.838295221329,12.2429614067078,0.847541868686676,2.72208571434021,8679.67182901502,86.2387494444847,0,95.8258676528931,58.0221790373325,7.55745470523834,0,6311.81398907304,2.17737472057343,11.6668199598789,1785.33289816976,76.2246993780136,908.829094186425,2.56950840353966,364.393915772438,6.34292206168175,1479.71637362242,165.804508924484,0,1173.90237531066,355.634211391211,343.981487363577,8704.25293764472,12642.3815768063,0,0,26.9787139892578,865.234009742737,12.0749464929104
0.47884801030159,2871.71391406655,645.601222068071,1.48044511675835,1.17061471939087,1.08468705415726,5.99008244276047,4.50237801671028,29.2633475661278,4.57640516757965,14.1785995960236,3.35060799121857,242.323909282684,10.1716310977936,0,132.625803798437,192.279988467693,2.62017506361008,44.5259076356888,0.673469960689545,34.7212220430374,382.283801078796,166.805641919374,112.027479171753,367.600486695766,1263.85988160968,7942.20217108727,20.954342007637,12.901194691658,6.48452511429787,14.6439605355263,0.690681874752045,0,139.858452886343,31.5299642086029,185.466888695955,225.713237822056,99.5846237540245,52.2377521693707,3.73537969589233,0,14.893453836441,963.550534427166,547.541549921036,300.892776042223,396.858133137226,400.32093924284,1.51850292086601,881.041309714317,28.1282979547977,0,2745.54498293996,3.88856476545334,31.8796470463276,11.3143009543419,59.9959883987904,37.9466823935509,2792.65685385466,1.44959092140198,524.673069238663,5.90398192405701,2217.61960792542,55.6192944943905,184.805606067181,1168.01657375693,1843.0482365489,15.4024648368359,299.512214720249,2.62944656610489,118.100032746792,3549.13824507594,426.44221419096,2591.74102154374,2597.30959203839,1422.99782773852,37775.1561321616,99.0007839202881,35.2796812653542,50.0653759539127,16.0251621603966,14.3028160333633,5.02524164319038,396.189419299364,61.5211727619171
1.87773731350899,1376.95292344689,6294.54208907485,0,7.78678649663925,0.66916036605835,42.8345799148083,42.3183214962482,25.1795111298561,0.707928001880646,6.68963554501534,1.87686756253242,3.24033892154694,50.9321663528681,3.74109661579132,334.170890808105,1535.34913226962,17.2850251793861,263.061423569918,0.420658200979233,187.63554635644,269.47707644105,1504.45146131516,323.086424022913,5.48311239480972,1416.70779895782,12377.7769443691,215.475315064192,24.6755833029747,111.33596765995,1.00146847963333,3.41586339473724,5.40699091553688,616.668316602707,64.8228081464767,853.224316477776,330.418097376823,388.582254111767,247.82371160388,10.5078379511833,17.5637305378914,4.11636164784431,3326.0203152895,1254.56286424398,1125.19952070713,1304.64806699753,65.510558962822,13.3753605186939,17.7436736822128,571.838295221329,2745.54498293996,0,1.34698668122292,3.18310898542404,23.0827901363373,5766.87648844719,3003.98715049028,15.6459704637527,63.5285646319389,38.9659972786903,10.8110265135765,1.20812165737152,3699.56302139163,6.26015272736549,185.80619597435,6540.49429786205,60.4134346544743,547.921446621418,5.66030117869377,6019.44056934118,94.5643280148506,45710.2080090046,232.222577303648,6.97242996096611,48746.7518529594,38880.7509532273,760.804377198219,411.201744735241,591.581365078688,0,6.22022104263306,32.8052791953087,968.221238076687,320.244154751301
0,15.0634330809116,0,3339.92464831471,23.0432696938515,229.620684564114,772.286902070045,101.452937304974,1233.03184992075,3132.25707453489,1.65525317192078,1287.50709742308,2.71299976110458,49.4359739124775,97.0039473176003,0,0,0,0,1214.1149802804,0.888114750385284,21.4993404746056,0,3689.67800274491,3.19602239131927,0,17.4695774018764,4325.17936992645,104.260960847139,0.458036541938782,0,17.652644097805,24.4305680692196,131.679804444313,34.81469810009,251.648422032595,7.69017279148102,103.054378062487,20.6539534628391,447.199578285217,27.5886583328247,10.2205944359303,659.07445332408,14.4637205600739,435.532744944096,91.8952220082283,2142.55368539691,73.6621653735638,39.3495582342148,12.2429614067078,3.88856476545334,1.34698668122292,0,71.1881332695484,430.093117773533,135.588757902384,486.02577021718,2448.18811756372,12338.1357882321,46.6711310744286,6024.52645921707,10.5083472728729,525.215328335762,1434.86701056361,0.735304713249207,4.13259375095367,52.1316679120064,16.6701231002808,63214.4606317878,1.05807793140411,3.74283289909363,3.90393775701523,5150.22319769859,0,38.3750937879086,15.2763125300407,6073.53742709756,519.991977751255,7.28620347380638,4.35455983877182,47.310876339674,20.1586749255657,411.196340233088,229.998222351074
0,0,4.39390778541565,12.0117975473404,1.35627925395966,8.32881194353104,13.7312362194061,4.15181481838226,3.80142772197723,13.0791746377945,0.710717141628265,22.279223382473,0.846345067024231,0,2.20250767469406,4.10745400190353,0.544394552707672,8.33388513326645,11.2019127011299,2.98542866110802,12.7625435590744,1.44812917709351,25.5201576650143,25.3178840875626,0,20.5878300666809,28.3907369375229,31.8511069118977,0,16.0830514729023,0,0.592837750911713,0,5.96606624126434,1639.91297611594,40.567411929369,107.782400667667,7.54199612140656,77.7214175462723,22.2726545929909,1.40242004394531,1.19886994361877,308.158586442471,42.4942072629929,36.6346035301685,73.7200040817261,7484.70588719845,5057.2960730195,21.4869085550308,0.847541868686676,31.8796470463276,3.18310898542404,71.1881332695484,0,1437.92927932739,45.0424076020718,37.3820934593678,418.9430732131,66.136488199234,12.7819785475731,151.831198275089,4.6525821685791,24.4512499570847,3882.76515763998,37.5349512696266,1.63076448440552,2.88733097910881,2.42199522256851,27.4918648600578,114.139221072197,52.6138916015625,181.272726535797,673.955266565084,2.50375944375992,9.11157092452049,57.0465191602707,131.231669813395,19.8474180102348,11.2493614554405,0,60.2542912364006,0.573702812194824,167.42670661211,213.953072100878
0,0,8.28664475679398,253.762611925602,14.4474915266037,120.283564656973,106.656618088484,28.368883907795,53.7810507118702,383.538112282753,0.531149923801422,456.074135273695,0.488975286483765,10.0389571785927,68.8349558413029,4.21869087219238,0,0,0,166.679448604584,5.79937526583672,0,5.45664477348328,309.36608839035,1.35679399967194,0,0.502942025661469,443.880585104227,22.5959615707397,53.0360804200172,0,13.9665885567665,0.571155488491058,34.1410467028618,131.480478793383,89.1366144418716,114.630871862173,25.5770627558231,1.88708013296127,622.53228187561,11.5143040418625,55.9743842184544,3591.81232601404,75.5792711675167,433.647866398096,114.976239353418,7596.5870937705,4991.33043962717,567.995019614697,2.72208571434021,11.3143009543419,23.0827901363373,430.093117773533,1437.92927932739,0,2339.58690223098,9503.36667022109,217.162560760975,11768.8825035393,355.418479859829,8552.214959234,40.4016781151295,1536.46522891521,4396.59407556057,0,5.69076290726662,256.03766143322,71.763756364584,815.495487302542,9.36341169476509,14.3684266507626,26.2641787528992,960.187651604414,1.98675927519798,199.479808211327,51.3953511416912,1323.46662929654,564.555005162954,13.5191760361195,15.3641728460789,235.161262631416,1.00616359710693,765.311510592699,2143.60773044825
0.387981235980988,42.6052311658859,180.333142966032,263.377509891987,17.6420198082924,172.899728983641,1345.57823807001,890.932533860207,420.040175080299,947.094393193722,34.3350423276424,280.417766809464,6.22541481256485,506.154584735632,52.4155260324478,110.142585098743,42.7665609419346,0,6.1733480989933,208.971619188786,232.321164131165,63.326321542263,328.749623894691,2622.55029845238,3.35461977124214,30.8461915850639,358.915717124939,3893.56249168515,769.407712012529,710.386826545,0,152.977375477552,34.8365348279476,1123.34178447723,293.894136548042,1767.4422288239,127.971057593822,925.290476053953,133.546838313341,1330.36682018638,199.969461292028,130.910453081131,8345.35689285398,575.515854597092,6335.30117604136,2181.19758945704,2213.12235093117,408.079219788313,253.780659079552,8679.67182901502,59.9959883987904,5766.87648844719,135.588757902384,45.0424076020718,2339.58690223098,0,33332.9856411368,559.619989663363,20519.4269459546,294.993217974901,789.296856045723,93.8586421310902,61669.3401966393,657.29322680831,66.9013738930225,7100.36526155472,293.51554864645,1607.85234600306,207.076094031334,4898.3185673058,33.4196569919586,19349.353869319,7803.87395063043,0,3996.47004634142,2413.85215815902,74749.7073419988,10268.3651146591,16334.2994167507,9.18278995156288,141.209614396095,2179.48689955473,9255.5743740201,3108.91570794582
0.365117162466049,13.8516006618738,56.466943949461,205.888867050409,8.72697505354881,79.881668150425,248.020319610834,56.7582429051399,66.7109987437725,497.938496798277,1.46731758117676,302.481757193804,4.93231326341629,27.6275341510773,33.4590877592564,44.1080447286367,3.02678909897804,0,0.857263147830963,147.814709663391,38.9265038371086,10.3808832764626,104.048777416348,437.582181751728,0,14.5439745485783,105.016820579767,620.329767078161,46.6790645122528,50.8236782252789,0,3.80752903223038,5.5449914932251,129.156748116016,129.267746955156,156.707959502935,64.3192096948624,77.5337626934052,10.7970317304134,380.490058422089,5.58146134018898,47.0900590121746,2211.78628432751,186.057323038578,937.305672675371,933.923938781023,2729.88893812895,952.678487926722,333.434145629406,86.2387494444847,37.9466823935509,3003.98715049028,486.02577021718,37.3820934593678,9503.36667022109,33332.9856411368,0,99.2480022013187,32346.5573466718,385.958196252584,9245.05836308002,33.8382194638252,8960.61441478133,502.684586584568,13.3522217571735,921.356021404266,334.424596011639,639.675183802843,1310.32692953944,1339.88023141026,4.57713520526886,5093.56353263557,989.624293297529,0.975478887557983,2591.28858114779,766.666211441159,5185.95819726586,580.542682528496,1306.71343722939,20.8879357278347,233.772990167141,24.5544280707836,1188.38224372268,563.890274643898
1.0341100692749,65.6434832811356,2.97386991977692,913.232820302248,12.7019974887371,62.955073595047,422.490289181471,256.791812837124,3179.86795601249,618.062858849764,63.4158267974854,362.724306821823,77.7957241237164,126.675646007061,37.2475016415119,5.11518552899361,9.3741637468338,29.9761099219322,9.39510443806648,294.891248732805,45.5716183185577,162.196256041527,22.923653960228,4042.61655333638,61.8542143404484,147.695455133915,250.581991672516,2282.42895799875,254.57691821456,212.634948849678,13.3431624770164,53.1958783268929,22.3189262151718,294.170984208584,66.6308958828449,595.08451128006,54.0346672236919,200.114291340113,38.600292891264,353.351283729076,66.5595112144947,65.7489973902702,395.814601957798,80.5189790129662,194.069533884525,36.226492702961,1389.31711325049,43.5230937004089,358.864788293839,0,2792.65685385466,15.6459704637527,2448.18811756372,418.9430732131,217.162560760975,559.619989663363,99.2480022013187,0,592.903910666704,575.842614114285,1604.07768827677,738.855994820595,187.206968128681,2138.93070340157,434.161919742823,34.6940033435822,76.1215495467186,44.4478383660316,861.482106477022,13.3807069659233,7150.79679653049,24.0525155961514,29499.3396238089,621.966949164867,100.26389375329,3552.40444496274,1939.19671440125,165.28857883811,9.04000896215439,6.28404346108437,47.3761349916458,15.2273586392403,358.121718674898,75.8143694400787
0,6.66326647996902,0,4068.7383095026,24.3634379506111,336.634369939566,1049.61021509767,162.465299248695,505.776145398617,4529.90339106321,0,1731.05053675175,0,81.0778477787971,112.656808674335,0.707626283168793,0,0,0,1391.351318717,6.98295900225639,10.590156853199,8.67477864027023,3050.30870625377,1.87120079994202,0,2.47950011491776,4667.11977672577,140.162390351295,10.2073645293713,0,11.3729908466339,22.7649759948254,319.501778930426,129.39859893918,343.896747589111,36.4794791042805,199.55222016573,22.6542272269726,789.575182110071,55.1462086141109,19.8285538256168,3686.76251685619,132.004322946072,2282.75003367662,393.892444372177,2060.84432193637,337.159828305244,318.549779713154,95.8258676528931,1.44959092140198,63.5285646319389,12338.1357882321,66.136488199234,11768.8825035393,20519.4269459546,32346.5573466718,592.903910666704,0,563.116957604885,14063.0342693329,60.0980608463287,12779.888371259,569.396671116352,1.66856184601784,17.8525587022305,540.656312972307,229.661524116993,16860.9983285367,28.8583472371101,1.32106471061707,90.9413585066795,2071.74889415503,0,397.774145036936,107.807902365923,21050.6487020552,4703.90707349777,81.552786976099,10.738995552063,178.98695614934,48.2081269621849,3031.19603317976,4109.20776507258
0,335.312038362026,36.0119097530842,4.17269653081894,0,7.48858052492142,31.8161268234253,3.97015389800072,84.9260267615318,9.42184501886368,706.558692127466,18.6847195923328,5148.65403315425,1.58372101187706,4.94102871417999,11.7149800658226,9.31196215748787,1.74236452579498,0.868498086929321,10.3661215007305,4.49814403057098,61.4845029115677,48.4545296430588,120.923216104507,1059.35490584373,542.540393292904,528.072424352169,80.2368501424789,11.0132533311844,11.9602969586849,471.900433421135,0.961255848407745,0,219.633849829435,31.9182015657425,23.8041755259037,367.048934221268,142.038694262505,2.91426259279251,104.165181964636,0,681.808052301407,1509.30624741316,7093.83173474669,6667.42885179818,1203.8117274344,396.764775872231,21.3389503955841,3946.69117325544,58.0221790373325,524.673069238663,38.9659972786903,46.6711310744286,12.7819785475731,355.418479859829,294.993217974901,385.958196252584,575.842614114285,563.116957604885,0,1164.49835816026,7324.34860268235,1774.66669823229,110.04655495286,58.2091294825077,107.048177808523,9180.67403951287,555.205212682486,175.679467916489,356.305806368589,270.688168287277,609.206967830658,811.235308498144,691.403707385063,1690.66044461727,1068.82444927096,291.752049416304,5086.84004569054,296.902895480394,1244.57299339771,2225.15467476845,23.8169086575508,15724.6972693652,120.034714281559
0,12.9160132110119,3.12545943260193,3193.66968035698,62.1514546871185,600.951306909323,312.423675984144,146.680205613375,426.534376204014,3425.87868538499,7.66497081518173,3169.0844540596,6.0129679441452,68.2652408778667,362.039305478334,1.35839188098907,0,2.31349313259125,0,1861.01369512081,1.92892292141914,9.94899153709412,1.41947388648987,1294.80669167638,2.05711936950684,2.38931968808174,15.241406083107,2246.17599487305,71.4869517683983,8.2395313680172,0,86.090036034584,1.23321288824081,120.696984767914,52.3308512270451,179.830444246531,62.6499812602997,91.5597904324532,6.36892551183701,2450.76297429204,50.2577809989452,44.1128434538841,1926.64038902521,45.2991464436054,968.000407159328,160.476237922907,4075.25854414701,220.096577167511,442.379322677851,7.55745470523834,5.90398192405701,10.8110265135765,6024.52645921707,151.831198275089,8552.214959234,789.296856045723,9245.05836308002,1604.07768827677,14063.0342693329,1164.49835816026,0,51.5723138153553,5949.72586885095,4701.39263379574,0,15.1273003816605,1047.59575775266,407.812082439661,20854.7117634118,8.19902577996254,8.98432600498199,18.4993212223053,1424.38016581535,0.407705128192902,694.160182535648,173.047570437193,846.695845425129,3105.80373644829,19.8386916816235,33.1053208708763,310.518147081137,0.575861692428589,1995.74430459738,479.317550212145
0,423.82267794013,1.5086567401886,0,1.85800182819366,4.45495465397835,18.3946205973625,3.56604096293449,94.347385853529,12.5660514831543,1305.9692748487,14.3388349115849,12819.7314187586,3.538529753685,1.24486792087555,6.05345702171326,0,34.1850323081017,0,0.902844697237015,1.51288044452667,92.8971935510635,4.05009412765503,49.6953195035458,1879.1364569366,1823.51359885931,2021.02956026793,36.1571780145168,26.5531160831451,12.4655542969704,1395.92571756244,11.2212968766689,0,241.040463328362,29.2979609966278,43.5138300657272,795.262967675924,304.006372272968,14.1042662858963,39.3928364515305,4.58610582351685,317.402276605368,266.125497341156,3330.56655204296,446.047880113125,188.141122460365,299.452005445957,13.4410080909729,742.110682845116,0,2217.61960792542,1.20812165737152,10.5083472728729,4.6525821685791,40.4016781151295,93.8586421310902,33.8382194638252,738.855994820595,60.0980608463287,7324.34860268235,51.5723138153553,0,73.841280400753,37.2171701788902,55.3307549059391,3.16122210025787,10.8085884451866,8.4519385099411,10.2758139371872,12.5374655127525,539.906823277473,35.2550473213196,473.110211253166,2895.70847705007,348.383271932602,2867.56021881104,99.8311567902565,258.073188245296,1.88007414340973,595.446804106236,225.385167717934,1.42053401470184,1422.22082740068,171.641519188881
0,32.1639692783356,79.1915268450975,194.700553566217,9.40475255250931,108.136028826237,459.852427870035,83.2123843431473,95.5036791563034,566.939709484577,0,296.588842839003,11.4639396071434,27.7035150229931,33.0172536373138,33.1580374538898,21.2689018249512,0,2.83028092980385,168.352345943451,56.086352288723,14.8945800662041,88.3771262168884,871.477479249239,2.71313160657883,26.6062656641006,168.998476713896,1174.43757253885,57.7650663554668,146.196765005589,0,8.61583024263382,12.2917685806751,194.257144868374,6.15207409858704,267.670953959227,108.831503897905,135.385547727346,15.3635037839413,644.060828745365,32.5116236805916,36.2747374176979,2276.65636104345,189.814187169075,1542.77985157073,1296.76262751222,1205.06000220776,225.642877310514,402.017610937357,6311.81398907304,55.6192944943905,3699.56302139163,525.215328335762,24.4512499570847,1536.46522891521,61669.3401966393,8960.61441478133,187.206968128681,12779.888371259,1774.66669823229,5949.72586885095,73.841280400753,0,368.193074315786,18.3104439675808,3625.17456614971,1160.68640844524,2161.20321446657,1036.66688975692,1263.60981103778,20.8229329288006,6989.83292725682,2343.672434479,2.51261913776398,5107.43484587967,1289.21819093823,5645.80923137069,8510.15467920899,7563.14077657461,58.9008708298206,250.972258418798,94.2898316085339,2634.74641448259,84.0311781167984
0,2.68006896972656,4.3675474524498,96.3577615022659,5.824711561203,30.694368571043,47.1253301501274,18.0360475182533,44.6394268274307,92.0015414059162,1.2562141418457,113.675195127726,1.66398018598557,5.9873009622097,8.2843502163887,6.72100841999054,1.31566834449768,5.88878488540649,10.028334736824,39.6616464555264,26.5506635308266,0,30.0118604302406,211.488387435675,1.96203935146332,15.1702451705933,31.3001568615437,209.923423200846,17.954076051712,59.1583910882473,0,0,1.98338335752487,31.401511579752,1680.51434266567,117.913049072027,103.636423766613,43.7038830220699,104.871544241905,147.443599939346,15.5386708080769,6.28246438503265,492.024367749691,54.0869131684303,131.077015608549,65.9010695815086,5264.67503833771,116.003208130598,65.3365152776241,2.17737472057343,184.805606067181,6.26015272736549,1434.86701056361,3882.76515763998,4396.59407556057,657.29322680831,502.684586584568,2138.93070340157,569.396671116352,110.04655495286,4701.39263379574,37.2171701788902,368.193074315786,0,23.9133734107018,7.059396058321,70.5945136547089,30.3159291148186,675.551552534103,107.056449711323,265.987604379654,73.2055371701717,5701.89592033625,35.2512637078762,70.9967286884785,288.366614192724,1213.34722468257,150.702834099531,42.1919023692608,0.485012263059616,284.14090359211,6.65419679880142,122.187124788761,1029.43778124452
3.93508294224739,147.121984988451,174.290860921144,1.55891788005829,14.2238773107529,1.52033376693726,95.53603926301,79.3357938528061,950.183879941702,4.05312556028366,0.566482901573181,5.04917272925377,8.59333902597427,87.4869114756584,3.81237822771072,5559.20232415199,76.2410570383072,3.84945642948151,21.5891997814178,0.754275798797607,3352.68295627832,2499.59572255611,8757.46317663789,2293.22730064392,10.1223585605621,154.250923484564,2351.27348008752,1231.45696127415,23.8346045911312,751.254639536142,0.796418249607086,2.74871852993965,4.72899904847145,224.499238103628,156.765599161386,672.994973689318,218.060223937035,285.610762387514,158.387947410345,62.9384525418282,12.2963960170746,5.90248489379883,4998.1196077764,1696.07939231396,1469.24842271209,2664.30604988337,109.180429637432,6.79619830846786,53.9224017858505,11.6668199598789,1168.01657375693,185.80619597435,0.735304713249207,37.5349512696266,0,66.9013738930225,13.3522217571735,434.161919742823,1.66856184601784,58.2091294825077,0,55.3307549059391,18.3104439675808,23.9133734107018,0,286.734050869942,62.5174288451672,232.365962788463,0,6373.31865695119,16684.6137074828,6263.14874127507,6879.90804260969,103.90191257,361.128397762775,27289.3224122226,1790.83276939392,37.2471796274185,307.186286538839,0.417227953672409,0.684145927429199,12.787343621254,458.917730391026,651.758371919394
0,934.867727845907,3894.05107697845,0,0.444453954696655,0.7163125872612,21.9532777965069,9.00773160159588,10.7985284626484,0,10.2511276006699,1.92992651462555,8.02999356389046,16.9363851249218,0.595414161682129,193.729243040085,1894.60321033001,42.4182615280151,460.605350077152,0,100.376922428608,153.842665076256,574.399409711361,169.258971869946,1.73250168561935,2370.48633679748,8077.27461192012,81.6344956457615,32.8897308707237,41.6502175629139,1.65745520591736,5.32269239425659,2.0761122405529,546.986739337444,17.4836584925652,829.840815424919,358.91151663661,437.727856487036,196.798391014338,15.648104339838,6.85938233137131,0.396737337112427,1287.60571834445,989.680887103081,737.172968506813,530.429237276316,30.3198643624783,6.81484299898148,10.9691008329391,1785.33289816976,1843.0482365489,6540.49429786205,4.13259375095367,1.63076448440552,5.69076290726662,7100.36526155472,921.356021404266,34.6940033435822,17.8525587022305,107.048177808523,15.1273003816605,3.16122210025787,3625.17456614971,7.059396058321,286.734050869942,0,146.292393565178,3200.07681432366,5.20853516459465,2363.84139803052,98.9956949949265,7120.61259040236,323.293663203716,12.9915288090706,5110.63825196028,26748.7889226973,594.530740231276,2036.93209506571,6133.18736854196,0,2.57993203401566,48.8897783458233,1797.34551848471,85.0003083646297
0,7.68653202056885,72.0260617434978,2.07707017660141,1.19554376602173,2.10531032085419,0.447941958904266,0,31.1989192664623,0,0,8.05157506465912,10.9589012861252,0,1.93101215362549,14.8961183428764,13.2977440357208,0.348041325807571,2.30075937509537,1.69779890775681,2.45573180913925,6.59705430269241,73.9733803868294,37.701513260603,4.2750608921051,64.1888540387154,160.827600032091,2.38604146242142,0,0,1.75431323051453,0,0,11.6626985371113,67.0339051783085,27.8268698453903,37.6796717047691,3.61196160316467,10.2427717149258,53.0692393183708,0.547014534473419,9.87199211120605,2931.33717221022,1893.99045994878,6344.65187856555,2709.75033047795,307.014192253351,20.4472214579582,83.6604743301868,76.2246993780136,15.4024648368359,60.4134346544743,52.1316679120064,2.88733097910881,256.03766143322,293.51554864645,334.424596011639,76.1215495467186,540.656312972307,9180.67403951287,1047.59575775266,10.8085884451866,1160.68640844524,70.5945136547089,62.5174288451672,146.292393565178,0,1096.30767428875,150.08807733655,538.251743525267,1.05483746528625,1062.40272718668,509.6138035357,0.614820718765259,4274.64381450415,1141.62075911462,338.714142099023,2068.48978719115,375.431373894215,15.965185791254,649.416684478521,45.0150837749243,5919.33478105068,369.776776134968
0,150.096400648355,475.113269999623,0.599596500396729,0,0,1.43511468172073,0.577995955944061,22.4781669676304,0,1.03887996077538,5.07836207747459,1.67287755012512,0,3.51062017679214,84.3977158367634,200.33731251955,3.61403766274452,51.7573061287403,0.511385262012482,28.6068316698074,55.6247664093971,362.943047851324,35.8995574712753,1.84178864955902,478.168499082327,1379.81979012489,16.45101749897,3.06569448113441,7.19024831056595,1.37091934680939,0,0.333210378885269,93.096943706274,68.5702817738056,111.702967077494,69.9814289808273,74.6388952732086,34.361507833004,17.9883841872215,0,4.17312479019165,3696.53671139479,1555.07985791564,4084.97485208511,1848.80191600323,131.43169260025,11.7832387089729,47.9655106365681,908.829094186425,299.512214720249,547.921446621418,16.6701231002808,2.42199522256851,71.763756364584,1607.85234600306,639.675183802843,44.4478383660316,229.661524116993,555.205212682486,407.812082439661,8.4519385099411,2161.20321446657,30.3159291148186,232.365962788463,3200.07681432366,1096.30767428875,0,64.1536912620068,2457.53495487571,29.5569817125797,5130.0380359143,313.995084822178,5.94405815005302,5287.91277122498,6552.77548414469,453.461339950562,2287.37505044043,3558.82712496817,0.54510509967804,79.7645291388035,158.048180475831,5251.07617081702,346.330099761486
0,6.93775981664658,0.663120090961456,2167.34048512578,21.2279167175293,164.926526904106,392.407899588346,86.7696788907051,441.218554705381,2204.5900028944,0.491718262434006,1229.18404230475,0,46.4280588924885,69.6915386617184,0,0,0,0,949.9279538095,1.46974945068359,4.71316623687744,0,1526.31523227692,1.22975420951843,0,4.85087808966637,2311.72492140532,59.0424259901047,1.83164399862289,0,13.2576548457146,3.09884887933731,87.3399809598923,5.86057734489441,143.09964299202,10.3997040092945,71.0294674634933,13.7966995835304,611.115557342768,10.6171859204769,9.69024336338043,673.913301110268,21.6131702363491,291.210645914078,53.595808327198,915.02449503541,54.4771128296852,96.2609964311123,2.56950840353966,2.62944656610489,5.66030117869377,63214.4606317878,27.4918648600578,815.495487302542,207.076094031334,1310.32692953944,861.482106477022,16860.9983285367,175.679467916489,20854.7117634118,10.2758139371872,1036.66688975692,675.551552534103,0,5.20853516459465,150.08807733655,64.1536912620068,0,2.03024578094482,3.80364724993706,8.29308381676674,1423.92475876212,0.661533117294312,104.543908596039,28.9559049904346,2920.65988171101,732.011111199856,13.0254224538803,2.47415328025818,45.3698886334896,7.42053991556168,422.604728728533,105.395300209522
12.0615401864052,47.0201327502728,220.843542084098,0.556353211402893,24.1792494058609,6.28228771686554,101.820030987263,78.2902103960514,645.705940306187,6.24406224489212,1.58055239915848,6.56069406867027,0.518794238567352,96.9186187982559,20.8346349000931,1781.09889256954,71.997895359993,0,6.33527092635632,1.26420736312866,4188.69442409277,787.661917299032,3800.92615163326,2297.02082365751,0.627192556858063,74.5683554708958,859.114705905318,1621.2981570065,53.4256179630756,1333.22298920155,0,6.21921241283417,7.17804697155952,130.528803110123,550.229117393494,722.576341152191,220.190103530884,185.908140033484,87.4623198211193,118.631192982197,15.4933900237083,22.7662399113178,13192.3564965427,3899.09311529994,8989.73285986483,8680.80061158538,609.524740546942,32.6738505363464,83.8610266149044,364.393915772438,118.100032746792,6019.44056934118,1.05807793140411,114.139221072197,9.36341169476509,4898.3185673058,1339.88023141026,13.3807069659233,28.8583472371101,356.305806368589,8.19902577996254,12.5374655127525,1263.60981103778,107.056449711323,6373.31865695119,2363.84139803052,538.251743525267,2457.53495487571,2.03024578094482,0,1809.76551809907,54863.0493839085,813.694775283337,2.86555993556976,3575.60343189538,5448.16907919943,7317.98922103643,759.290424823761,33482.0528748035,3.01652902364731,2.28868472576141,79.3931809365749,19828.7733042538,2434.9439804852
2.59829711914062,107.45595574379,227.069090634584,0,4.88033354282379,0.46774697303772,53.3394786119461,40.1403304040432,2621.74899446964,2.97963824868202,3.38479733467102,1.21250116825104,45.5132226347923,40.1266566514969,0.619483649730682,3418.99366697669,50.2970683276653,0,10.9498548805714,0,1891.07660317421,4365.78000307083,3018.99640321732,2323.67253366113,36.7660804986954,205.617681533098,4092.89611876011,752.620601207018,13.8686567246914,341.025027543306,9.0578755736351,1.91413244605064,2.08557865023613,133.711463928223,33.3472528457642,423.354071080685,144.549372702837,160.442284762859,87.6570181846619,28.4561075866222,7.51879549026489,1.95430201292038,279.63141104579,121.590574264526,115.450339972973,120.0360686481,456.036870032549,4.90600150823593,255.174081861973,6.34292206168175,3549.13824507594,94.5643280148506,3.74283289909363,52.6138916015625,14.3684266507626,33.4196569919586,4.57713520526886,7150.79679653049,1.32106471061707,270.688168287277,8.98432600498199,539.906823277473,20.8229329288006,265.987604379654,16684.6137074828,98.9956949949265,1.05483746528625,29.5569817125797,3.80364724993706,1809.76551809907,0,1851.1748290062,22471.6138990521,569.286964416504,83.181036055088,21149.1463615,1338.73794880509,31.0074971318245,51.8011972606182,0.923708915710449,3.71702444553375,2.28213751316071,111.004255384207,45.8258853554726
13.5487688779831,293.223125517368,5209.53369659185,1.53304705023766,34.3419681787491,7.60413977503777,260.268400132656,214.793473005295,406.662546902895,10.9641528129578,6.21796184778214,8.12186086177826,2.22948494553566,182.625875160098,12.7024764418602,7105.18923822045,735.820432037115,10.0813042223454,94.6145557165146,1.83492970466614,3578.26208904386,2080.08082792163,18822.5889031291,1706.74389559031,0,476.292041301727,10941.384009093,999.067278444767,46.4121839404106,658.953795075417,0,11.1351383924484,8.36740666627884,857.395872965455,906.346246510744,1597.53462341428,566.214034110308,788.396969795227,613.700239121914,113.90712839365,30.1712370216846,8.8518334031105,30873.2925686836,13014.1019536555,12995.7472238839,22417.7162723541,666.078675597906,64.2849817574024,112.230732113123,1479.71637362242,426.44221419096,45710.2080090046,3.90393775701523,181.272726535797,26.2641787528992,19349.353869319,5093.56353263557,24.0525155961514,90.9413585066795,609.206967830658,18.4993212223053,35.2550473213196,6989.83292725682,73.2055371701717,6263.14874127507,7120.61259040236,1062.40272718668,5130.0380359143,8.29308381676674,54863.0493839085,1851.1748290062,0,1656.80958840251,5.01259422302246,9712.61132091284,59519.1169512272,12733.0821125805,1562.09890076518,16160.3615127802,3.40966236591339,5.95867022871971,124.258630722761,13577.2143589556,3650.05072200298
14.9696670472622,158.436747282743,166.296796798706,2448.47700697184,49.0956065058708,605.821172446012,4900.94433230162,2212.48359233141,6182.45542263985,4329.80804187059,191.755321592093,1267.6549064517,67.3033202886581,1453.71903532743,208.585376054049,928.05178964138,60.1387671530247,13.2578666210175,13.4677338600159,1038.25444498658,2278.56650134921,1234.79590204358,1585.73705264926,20156.7925025821,53.6730054616928,152.97389703989,952.450738698244,17206.4920625389,2308.75479108095,3827.4748519063,2.97073251008987,435.282014101744,210.693344295025,2803.79200476408,619.85070091486,5838.07150381804,516.741493970156,2285.08175480366,460.124779284,2707.64123085141,590.060640871525,366.707771837711,10189.3450115025,935.069999665022,3708.72051110864,1617.64008820057,8452.80364686251,488.665569871664,642.27339848876,165.804508924484,2591.74102154374,232.222577303648,5150.22319769859,673.955266565084,960.187651604414,7803.87395063043,989.624293297529,29499.3396238089,2071.74889415503,811.235308498144,1424.38016581535,473.110211253166,2343.672434479,5701.89592033625,6879.90804260969,323.293663203716,509.6138035357,313.995084822178,1423.92475876212,813.694775283337,22471.6138990521,1656.80958840251,0,433.19490608573,640.734647095203,14229.4622835517,13803.6355591416,3968.24267122149,642.531343340874,21.1455753445625,227.769923746586,821.842208087444,3760.93783651292,3402.47417595983
0,312.574191570282,7.82784068584442,1.00668179988861,0,0.947451055049896,0.511481583118439,0,53.276798248291,0.608233332633972,111.046322286129,3.30394273996353,2193.65877377987,0,0,1.96849048137665,7.56516718864441,0.711775124073029,4.05735993385315,0,3.38962471485138,45.8568834662437,7.2904554605484,19.0517850220203,2235.29955554008,636.939691394567,2863.78746703267,1.35876911878586,2.55195838212967,0,137.640041649342,1.63627362251282,0,62.4097808599472,0,36.1560863256454,275.194953918457,95.1658583879471,6.81894987821579,0.706026613712311,0,195.220422565937,24.7986155152321,371.313641488552,22.6266119778156,1.99327510595322,85.1372583806515,0,2001.60914945602,0,2597.30959203839,6.97242996096611,0,2.50375944375992,1.98675927519798,0,0.975478887557983,621.966949164867,0,691.403707385063,0.407705128192902,2895.70847705007,2.51261913776398,35.2512637078762,103.90191257,12.9915288090706,0.614820718765259,5.94405815005302,0.661533117294312,2.86555993556976,569.286964416504,5.01259422302246,433.19490608573,0,355.075579404831,7642.89937853813,6.07902103662491,1.85411059856415,0.41901358962059,85.6875620186329,1.6510095000267,0,91.9247931838036,0.718309104442596
2.33627709746361,1478.69467803836,1548.81920915842,0.527295172214508,5.82182413339615,4.3884169459343,27.7073668837547,25.816276088357,107.227990120649,2.74265730381012,329.106002181768,4.20779049396515,2868.7679733336,30.8704047054052,5.08266419172287,455.02364140749,1467.13996005058,80.2723868489265,710.135541468859,2.74760264158249,141.998940467834,380.723919659853,1012.88611260056,316.424384057522,593.914074718952,13094.4267369807,20669.1876152754,145.487533032894,59.5028963088989,86.4960792958736,730.213000297546,10.6944376826286,8.08223363757133,833.785685092211,282.351573973894,1220.31419849396,1719.86953124404,823.907546073198,235.699105471373,82.9308745861053,20.2863426804543,56.6306839585304,14673.8347041011,17470.627161473,10123.3347272277,6248.02225333452,389.352379590273,42.6583758890629,242.22438493371,1173.90237531066,1422.99782773852,48746.7518529594,38.3750937879086,9.11157092452049,199.479808211327,3996.47004634142,2591.28858114779,100.26389375329,397.774145036936,1690.66044461727,694.160182535648,348.383271932602,5107.43484587967,70.9967286884785,361.128397762775,5110.63825196028,4274.64381450415,5287.91277122498,104.543908596039,3575.60343189538,83.181036055088,9712.61132091284,640.734647095203,355.075579404831,0,27013.4833976477,712.09405221045,2264.61838126183,1670.35378102958,191.750254571438,535.745007574558,71.5102263391018,3179.12570999563,1385.90221494436
3.29999849200249,8818.65306118131,13074.7203579247,3.24256765842438,19.7503726780415,3.92352816462517,240.725949853659,193.57284642756,424.549525022507,6.44634041190147,657.14032548666,4.96565768122673,9380.14564731717,149.893855169415,5.01187935471535,5127.35083782673,3034.51945847273,142.655814439058,1085.21200200915,1.62658765912056,1421.97974836826,5526.98655420542,12209.1194156706,2109.60434666276,3308.15335738659,28547.493402034,95196.0839774907,977.581963002682,128.928191259503,275.730576425791,1718.59854620695,15.8945672214031,15.4882945716381,2404.52586716413,667.455378323793,3589.88833507895,4552.77913793921,2388.70096316934,1058.02154272795,114.956675887108,60.1127226352692,150.231387674809,29789.4797851741,17343.779812187,10767.8942936361,13432.7092571557,949.443621337414,93.7561116814613,325.722303003073,355.634211391211,37775.1561321616,38880.7509532273,15.2763125300407,57.0465191602707,51.3953511416912,2413.85215815902,766.666211441159,3552.40444496274,107.807902365923,1068.82444927096,173.047570437193,2867.56021881104,1289.21819093823,288.366614192724,27289.3224122226,26748.7889226973,1141.62075911462,6552.77548414469,28.9559049904346,5448.16907919943,21149.1463615,59519.1169512272,14229.4622835517,7642.89937853813,27013.4833976477,0,7071.92715802789,690.933474183083,1069.17923408747,837.259394794703,66.5431091487408,81.9299339056015,5052.23227600753,2572.66372975707
12.7373849451542,30.8566324710846,146.702097475529,1957.50541874766,49.3145443797112,401.747925400734,2896.20417121053,1345.93426555395,2013.31625634432,3494.48284286261,43.392452031374,1052.4787145257,9.47973531484604,930.096769630909,137.800687879324,646.903429359198,33.8207626342773,0,5.43449848890305,894.823630154133,1744.04441350698,524.486070334911,1135.5589672029,9544.97378233075,2.4217489361763,22.8767952919006,647.120150133967,10114.0957773924,1220.54401126504,3313.40644913912,0,173.323074758053,96.5632693171501,1601.22489584982,681.429927319288,3722.77411538363,482.69322091341,1367.41274538636,305.570582270622,1878.16817700863,333.080868542194,202.616638749838,16001.9411135912,1956.58229738474,7898.31202685833,4047.9205429554,3616.88380399346,519.951331108809,348.16623929143,343.981487363577,99.0007839202881,760.804377198219,6073.53742709756,131.231669813395,1323.46662929654,74749.7073419988,5185.95819726586,1939.19671440125,21050.6487020552,291.752049416304,846.695845425129,99.8311567902565,5645.80923137069,1213.34722468257,1790.83276939392,594.530740231276,338.714142099023,453.461339950562,2920.65988171101,7317.98922103643,1338.73794880509,12733.0821125805,13803.6355591416,6.07902103662491,712.09405221045,7071.92715802789,0,7173.54980230331,16681.5619304776,5.38781040906906,121.380375295877,1732.42266386747,9122.64117851853,5591.88580557704
1.18580839037895,20.3310448229313,14.6080201268196,114.770202696323,2.51107430458069,77.0563309788704,420.693046599627,130.276942968369,153.822854995728,393.640669286251,3.18441092967987,199.590468406677,27.122699379921,61.3145028948784,25.3268339633942,14.791375041008,6.18458178639412,0,0.607089221477509,115.420474380255,101.304541140795,18.4002919197083,28.0601509213448,986.338416397572,12.6546511650085,21.6235588788986,51.9353905618191,1307.03858453035,73.5480435490608,226.022582530975,0,1.11661013960838,7.25629997253418,237.748187690973,19.4929696321487,333.213158160448,84.8791741132736,135.000557601452,19.2485186159611,443.339539378881,32.4284092783928,42.0722786486149,1426.08802160621,167.538439542055,2108.07995256782,820.150921732187,583.505519837141,238.817568838596,242.557935446501,8704.25293764472,35.2796812653542,411.201744735241,519.991977751255,19.8474180102348,564.555005162954,10268.3651146591,580.542682528496,165.28857883811,4703.90707349777,5086.84004569054,3105.80373644829,258.073188245296,8510.15467920899,150.702834099531,37.2471796274185,2036.93209506571,2068.48978719115,2287.37505044043,732.011111199856,759.290424823761,31.0074971318245,1562.09890076518,3968.24267122149,1.85411059856415,2264.61838126183,690.933474183083,7173.54980230331,0,14820.7961783409,178.107190817595,276.912410348654,4435.07023015618,8192.93011926115,157.22468650341
1.74834099411964,18.3611553609371,75.0150515139103,1.62075746059418,4.67598867416382,1.07245078682899,59.2006874382496,30.6840070784092,88.5654026567936,2.72270941734314,0,4.94180166721344,0,33.3761554658413,5.30581176280975,140.255055755377,24.2887069880962,0,2.88820847868919,0.776483595371246,605.137796878815,80.4088858664036,328.962506830692,620.433500140905,0,25.4981945753098,208.482253789902,695.022086590528,34.2397681176662,401.772423088551,0,0,4.78937184810638,46.1203320920467,109.98001486063,236.11247882247,46.9717364013195,46.9756197929382,25.2284421920776,45.4545513987541,7.21204870939255,16.2711870670319,3283.5019300878,1053.88921830058,2685.26078248024,1197.41607898474,124.844111472368,12.387316852808,29.3634968400002,12642.3815768063,50.0653759539127,591.581365078688,7.28620347380638,11.2493614554405,13.5191760361195,16334.2994167507,1306.71343722939,9.04000896215439,81.552786976099,296.902895480394,19.8386916816235,1.88007414340973,7563.14077657461,42.1919023692608,307.186286538839,6133.18736854196,375.431373894215,3558.82712496817,13.0254224538803,33482.0528748035,51.8011972606182,16160.3615127802,642.531343340874,0.41901358962059,1670.35378102958,1069.17923408747,16681.5619304776,14820.7961783409,0,0,0,902.596111059189,17339.0200505108,541.364928603172
0,82.3164315223694,0,0,0.904920399188995,1.80151164531708,1.1612982749939,3.70086711645126,19.7563900351524,2.18172770738602,439.034826099873,2.9086502790451,3431.95796969533,1.74994233250618,2.47927510738373,1.28023171424866,0,17.970886528492,0,0,0,35.3205509185791,1.82712191343307,6.99471241235733,266.060200572014,988.504642009735,804.615940392017,0.496907919645309,13.896903604269,2.47031188011169,519.471509933472,1.22098457813263,0,61.5039332509041,3.95336425304413,14.9890992045403,350.621503084898,126.528664499521,3.81276965141296,1.92320823669434,0,60.6763070821762,154.679405450821,2712.79361253977,554.922883599997,175.065259516239,10.0011074542999,0,174.382453680038,0,16.0251621603966,0,4.35455983877182,0,15.3641728460789,9.18278995156288,20.8879357278347,6.28404346108437,10.738995552063,1244.57299339771,33.1053208708763,595.446804106236,58.9008708298206,0.485012263059616,0.417227953672409,0,15.965185791254,0.54510509967804,2.47415328025818,3.01652902364731,0.923708915710449,3.40966236591339,21.1455753445625,85.6875620186329,191.750254571438,837.259394794703,5.38781040906906,178.107190817595,0,0,119.289497971535,0,417.287591844797,18.2972356081009
0,0,0.569951772689819,15.2355700135231,0,0.921820282936096,17.6691529154778,0,17.7883275747299,4.80185633897781,5.50054121017456,25.9656094312668,10.7221671938896,0,5.90945625305176,0.906042456626892,0,0,0,4.73126035928726,1.1699515581131,1.55831730365753,0.985739767551422,66.5001508295536,4.41491591930389,1.11738538742065,2.7134028673172,87.6781922280788,4.71916389465332,9.76966908574104,2.02785444259644,0,0,0,2.28693670034409,17.0093442201614,28.3669145405293,2.44543296098709,1.32136964797974,52.3193944096565,0,22.9490022659302,1089.5667257309,50.4476487636566,1150.34296354651,109.970586061478,1053.66467863321,10503.4828755558,278.39543235302,0,14.3028160333633,6.22022104263306,47.310876339674,60.2542912364006,235.161262631416,141.209614396095,233.772990167141,47.3761349916458,178.98695614934,2225.15467476845,310.518147081137,225.385167717934,250.972258418798,284.14090359211,0.684145927429199,2.57993203401566,649.416684478521,79.7645291388035,45.3698886334896,2.28868472576141,3.71702444553375,5.95867022871971,227.769923746586,1.6510095000267,535.745007574558,66.5431091487408,121.380375295877,276.912410348654,0,119.289497971535,0,1.99556544423103,7182.99077555537,42.3260767459869
0,0.408547639846802,3.25524815917015,2.48250067234039,0,1.51391899585724,10.5636454820633,4.98183625936508,25.6413112580776,4.4054342508316,0,0.750474631786346,0,5.01713889837265,1.6107382774353,2.28908514976501,2.04605478048325,0,0.670609652996063,1.37365472316742,19.5445897579193,4.82437705993652,7.85081386566162,73.9319595396519,0,1.34128823876381,8.80985155701637,94.4895902872086,7.96225243806839,35.9790800511837,0,3.35923206806183,2.11530208587646,6.69558614492416,9.02866315841675,28.8578047156334,2.7391904592514,8.96728885173798,4.38713359832764,18.2209721803665,0,1.09712624549866,44.2719829380512,17.0800874531269,416.032194107771,152.479687005281,19.6027925312519,3.66083234548569,1.58985340595245,26.9787139892578,5.02524164319038,32.8052791953087,20.1586749255657,0.573702812194824,1.00616359710693,2179.48689955473,24.5544280707836,15.2273586392403,48.2081269621849,23.8169086575508,0.575861692428589,1.42053401470184,94.2898316085339,6.65419679880142,12.787343621254,48.8897783458233,45.0150837749243,158.048180475831,7.42053991556168,79.3931809365749,2.28213751316071,124.258630722761,821.842208087444,0,71.5102263391018,81.9299339056015,1732.42266386747,4435.07023015618,902.596111059189,0,1.99556544423103,0,1461.70460367203,22.2974234521389
0.883020728826523,137.018701314926,671.048080384731,189.528715521097,13.4374412596226,103.082976818085,640.658962547779,341.940540790558,155.249755293131,739.02300465107,50.533617824316,260.395928621292,185.503062903881,168.172824591398,30.4534657597542,120.559272825718,296.869571655989,11.365482032299,73.6415934115648,177.491653293371,159.827220588923,60.25533375144,501.152039468288,1192.36395201087,142.175590455532,378.590529218316,1370.75347220898,1707.83807745576,253.845025032759,387.175542324781,11.8743894100189,24.2355531156063,16.3714536130428,599.527400016785,106.630229502916,973.872012883425,203.682675331831,427.79105463624,108.62915340066,773.053334325552,89.1527638435364,373.864171862602,5098.08000946045,1828.84257438779,3662.32601594925,924.624142616987,1226.26525558531,292.638684689999,3560.11260148883,865.234009742737,396.189419299364,968.221238076687,411.196340233088,167.42670661211,765.311510592699,9255.5743740201,1188.38224372268,358.121718674898,3031.19603317976,15724.6972693652,1995.74430459738,1422.22082740068,2634.74641448259,122.187124788761,458.917730391026,1797.34551848471,5919.33478105068,5251.07617081702,422.604728728533,19828.7733042538,111.004255384207,13577.2143589556,3760.93783651292,91.9247931838036,3179.12570999563,5052.23227600753,9122.64117851853,8192.93011926115,17339.0200505108,417.287591844797,7182.99077555537,1461.70460367203,0,471.069111675024
0.576367735862732,37.9172613620758,235.026164144278,18.772569835186,2085.71876433492,96.5329977571964,224.636347681284,273.400279313326,155.681548506021,150.889975845814,27.0545353889465,84.9990305602551,1.65179836750031,16.5571818351746,987.719666749239,164.360415667295,59.8023670315742,81.9702620506287,123.99858802557,4.50093135237694,484.363449752331,28.0991149246693,1287.32820153236,446.019900619984,0,410.327969312668,1038.69243249297,578.400048673153,33.4625309109688,367.995427966118,2.83178722858429,14.6088353395462,0.545018792152405,72.2896304726601,224585.390478373,3389.67742604017,2028.49326229095,422.826866835356,1786.9834715724,128.356498509645,80.1264424622059,37.2488368153572,21466.2055962384,4323.55994194746,1149.60954347253,6008.42828840017,446.741932600737,241.904406160116,285.741098254919,12.0749464929104,61.5211727619171,320.244154751301,229.998222351074,213.953072100878,2143.60773044825,3108.91570794582,563.890274643898,75.8143694400787,4109.20776507258,120.034714281559,479.317550212145,171.641519188881,84.0311781167984,1029.43778124452,651.758371919394,85.0003083646297,369.776776134968,346.330099761486,105.395300209522,2434.9439804852,45.8258853554726,3650.05072200298,3402.47417595983,0.718309104442596,1385.90221494436,2572.66372975707,5591.88580557704,157.22468650341,541.364928603172,18.2972356081009,42.3260767459869,22.2974234521389,471.069111675024,0
