0,4.454097032547,101.710000544786,2.5935318171978,4.30647027492523,94.7577767372131,4854.77607536316,2374.27594673634,0,123.368131399155,44.3403623402119,32.0489645004272,7.19926184415817,11245.6537757218,8.22092312574387,0.664045989513397,170.624615639448,53.2275987863541,160.377171307802,19.4437323212624,73.674182087183,0.529131650924683,270.395530045033,5.58838722109795,0,141.397809624672,250.91623455286,22.0490757226944,10850.2499072254,5790.00317707658,5.04802611470222,57.1640286445618,26.4508408308029,311.857844561338,13.7319210767746,65.9740523099899,3.57013499736786,92.0992992222309,31.2412149608135,21.2259651124477,18.1612254977226,13.5950538218021,3.21281313896179,0,2.53841534256935,2.47623693943024,2.75068533420563,0,0,0,0,3.39538940787315,0,0,0,2.39797842502594,0,0,0,0,0,0,0,0,0,0.917851090431213,0.420756429433823,2.2454309463501,0,0,0,0.419954538345337,2.26472991704941,0,15.2807940542698,24.1978725492954,2.02999818325043,0,0,0,0,0,0,1.81362980604172
4.454097032547,0,112.529076308012,1.6095387339592,6.88777542114258,1.85771971940994,13.3183248639107,19.0585608482361,2417.65819892287,8.38486260175705,78.2342914938927,9.96531349420547,1960.66656258702,13.0715475976467,40.7730496525764,398.516192436218,393.501468837261,27.1988577842712,234.920252174139,2.64561796188354,131.819975614548,3928.0726711452,164.049833714962,1556.99244710803,3865.78046697378,1750.83125394583,23287.5318413973,86.0240355730057,15.0478438138962,30.9044321775436,207.410963118076,7.9963139295578,1.70179876685143,328.311634272337,84.2644428014755,1355.69960388541,298.869610965252,379.163535088301,499.41358846426,15.8472007513046,3.75959852337837,388.137052237988,240.218652755022,27.5663540363312,101.409236818552,127.849545240402,6.77126276493073,1.5106109380722,1.88109171390533,0.915741801261902,2283.94328075647,139.593622595072,1.51853936910629,0,0.57947188615799,7.98611432313919,0.971795737743378,14.639818251133,3.97190675139427,53.3310178518295,0.486269533634186,91.8154814839363,4.02180972695351,0.69262820482254,15.6473929584026,128.534855484962,16.2872973978519,86.9476047754288,3.1093202829361,6.86022132635117,162.167824655771,54.0776133835316,74.2538060843945,60.2802110910416,1095.63141489029,6616.97715967894,18.5983822643757,3.62805837392807,4.98351892828941,21.1717881560326,0,0,52.7364222705364,65.4628599584103
101.710000544786,112.529076308012,0,1.49373182654381,13.3491703271866,63.4912854135036,3262.29800078273,1042.86524319649,20.4444707632065,38.5816968679428,26.5023570358753,4.0170002579689,2.12106227874756,788.011093407869,26.2425182163715,49.2426504790783,17109.4262794256,125.259613454342,1101.66461527348,4.32280686497688,7900.59703689814,177.87394952774,39025.0784883201,84.7852293550968,3.84472924470901,25653.4838344157,23989.7100802958,895.23968359828,184.876656323671,3740.06059148908,0.678463757038116,20.8566398322582,16.4466829299927,2431.7072083652,433.239079117775,4918.16437283158,367.84625634551,2740.36739346385,2860.4438406229,34.9031923413277,36.7055352926254,23.1152627170086,1709.7072442472,60.3469336032867,827.909802496433,608.771137952805,31.5595453381538,3.27707397937775,9.50108045339584,3.393590092659,87.8709703087807,3667.68318969011,0.246645629405975,0,1.88026192784309,36.567290276289,7.80998459458351,5.99268299341202,0.789881408214569,10.0387829244137,0,0,20.3528039753437,2.2000173330307,165.50655439496,581.295973837376,12.5832401812077,146.615748852491,0.688444852828979,51.9243252277374,133.542475014925,1344.50645714998,62.1706654131413,0.569454729557037,868.942010432482,9116.87862330675,43.4471139609814,2.11779454350471,65.6171452999115,0,0,0,515.512351363897,364.803299248219
2.5935318171978,1.6095387339592,1.49373182654381,0,44.9383557736874,63.6099809706211,235.716006040573,114.575699537992,2246.32504162192,10817.2969341278,14.028659850359,432.029512554407,4.83650663495064,99.9591619968414,457.789931148291,0,0.720877647399902,8.84514513611794,3.95139655470848,24341.5722680092,0.898173362016678,0.597475528717041,0.358894824981689,4725.53922432661,0.4824238717556,17.2767317891121,3.3558007478714,10182.8966344893,87.5592147707939,4.15135580301285,2.17113775014877,37.3264164328575,2.06887891888618,124.289498209953,67.0727029144764,580.864650696516,8.09342935681343,154.87395170331,45.1115529537201,362.947197079659,107.953471899033,77.1191974282265,121.738220483065,1.4996520280838,53.2083290815353,4.86585372686386,404.534970998764,40.8093505501747,13.5140950977802,0,1.0706535577774,0.49556627869606,1694.51067724824,8.84610548615456,92.4788352251053,476.023706525564,58.7922729849815,981.365794152021,1025.73427081108,0,385.631450116634,0.417387962341309,18.4401309788227,63.403504550457,0,0,0,0.741539657115936,829.924972623587,0,1.55819886922836,2.68780314922333,1710.69469189644,1.31712570786476,0.39808377623558,3.19995361566544,1902.74423107505,13.3003298640251,0,0,0,1.21941354870796,30.7960624098778,11.5526921749115
4.30647027492523,6.88777542114258,13.3491703271866,44.9383557736874,0,3295.83451652527,281.581245571375,760.35993039608,142.886915564537,680.240641981363,33.6906306445599,1039.48317137361,3.27702754735947,29.6730587780476,3373.53459271789,0,2.63961270451546,8.04991891980171,3.12113255262375,188.13750103116,4.08602294325829,6.32521337270737,17.422911554575,209.977239191532,0.911690711975098,30.9537454545498,32.227016210556,117.232193738222,25.937230437994,56.0266941487789,5.15328639745712,194.288910984993,0.537098944187164,3392.43167412281,1500.16343635321,1853.81274554133,44.8988790214062,228.392467468977,122.222368061543,4926.67303952575,8743.36384549737,194.612912744284,30.2695327401161,3.09810125827789,0,39.5499627888203,27.9932001233101,2.69248116016388,1.87629067897797,0,0,0,43.4184141755104,2.8690385222435,4.91425424814224,12.013359695673,0,59.009623259306,19.4049474298954,0,49.152270168066,0.58753490447998,1.87887489795685,5.81531536579132,1.34842050075531,0,0,3.69359040260315,37.9113925993443,0.764073610305786,0,1.10801273584366,49.4637472033501,0,2.20553484559059,6.32268697023392,42.4615044593811,0,0,0,0.525586307048798,0,1.16720128059387,861.61845818162
94.7577767372131,1.85771971940994,63.4912854135036,63.6099809706211,3295.83451652527,0,5012.65773573518,20652.0213209093,215.679240494967,22344.3461281955,256.559646874666,10647.6473347545,24.5317470133305,832.860940665007,3995.93142524362,2.42518001794815,52.7723044753075,132.754822403193,127.355110555887,925.562197297812,37.7061222493649,1.03787025809288,117.844595581293,155.970401138067,1.46524739265442,285.924558788538,152.883189201355,321.181410998106,434.24627327919,464.564508199692,11.7006600797176,1192.76470634341,13.749089628458,635.055712580681,4689.44614011049,3373.05114409328,83.5411892533302,499.103415131569,174.858769088984,5428.89516347647,1668.05177015066,416.079312264919,68.3261607885361,0,12.2668066322803,18.2579544186592,184.7153891325,13.6704221069813,23.4056681096554,0,1.06236153841019,1.24726024270058,205.665452897549,3.80157744884491,27.3934247791767,82.3764735758305,7.84264007210732,148.084045231342,150.593454986811,0,148.419889509678,0.661318480968475,2.67803961038589,20.0137153565884,0.363232523202896,0,0,2.90648725628853,105.583936214447,0,0,1.80565431714058,232.958004623652,0,3.84835004806519,8.54205575585365,237.304359376431,0.359705865383148,0,0,0,0,4.76070961356163,688.597523570061
4854.77607536316,13.3183248639107,3262.29800078273,235.716006040573,281.581245571375,5012.65773573518,0,25981.0820468366,1180.05407038331,35231.9507728517,391.606470763683,194.225155830383,45.656841635704,30498.4080440104,945.831414908171,18.6982550323009,775.10361930728,272.29004791379,459.413663804531,216.007788747549,9232.52209919691,17.0628393888474,6983.17151671648,5387.48108506203,7.12999501824379,1712.72235178947,1839.59840098023,49487.5244608521,4926.64036914706,17540.6583556831,33.3078726828098,600.775399714708,504.223961174488,4745.012552917,2315.02645218372,9490.11192181706,206.298562437296,4676.52871522307,2160.78784576058,2309.95206698775,1385.39869138598,1081.73172914982,1974.66989669204,16.9149417281151,476.680118888617,124.494999408722,805.868848532438,362.26850554347,175.785084664822,1.58882656693459,7.62683039903641,95.8900088965893,524.851745605469,5.43573158979416,144.336208999157,2001.22209113836,238.554723054171,464.685736149549,644.586261659861,3.16211879253387,75.4677644371986,2.3072417974472,163.875551879406,94.3202375471592,29.7291296720505,20.0133042037487,0.330004125833511,4.22900855541229,256.429964721203,17.2382794618607,19.5764288902283,80.8502941131592,5768.58260011673,0,32.1631845831871,287.218011438847,5504.73531809449,172.633796498179,11.0684153139591,0,15.1999005377293,13.9460927546024,304.899598330259,506.105402976274
2374.27594673634,19.0585608482361,1042.86524319649,114.575699537992,760.35993039608,20652.0213209093,25981.0820468366,0,64.3826729655266,21440.032686621,596.566124588251,3410.40299919248,41.586758941412,25379.5155525208,2420.78488087654,8.08202570676804,977.481232374907,432.025396376848,1035.17138296366,1483.42096138,510.283666908741,9.34220188856125,1908.29903253913,261.921209305525,0.807061940431595,1555.71027284861,1705.62648659945,714.095224738121,4140.08837077022,9241.69620132446,31.4430589973927,1408.28011921048,118.861592292786,1931.37755186856,846.790780603886,2400.26070952415,109.424230277538,1201.80095398426,473.553726494312,2401.42468965054,553.976044267416,357.488040715456,115.35770213604,0.773611605167389,18.5825079977512,11.4619360864162,53.0907921791077,10.1330505311489,17.9757482111454,0,8.54959285259247,21.6071961522102,82.3443893492222,3.20015609264374,5.46144798398018,138.361467003822,8.56046023964882,45.1548027396202,49.8755161166191,0,22.702054053545,1.82032436132431,5.10742443799973,7.49236971139908,1.29947060346603,0.929360330104828,0,2.4721611738205,31.5274213552475,0,2.67935663461685,8.34297960996628,427.27835342288,2.20486092567444,27.4496673047543,96.5469201803207,378.045948177576,5.87824508547783,0,0,0.466004699468613,0.297990620136261,14.7548980116844,173.359009325504
0,2417.65819892287,20.4444707632065,2246.32504162192,142.886915564537,215.679240494967,1180.05407038331,64.3826729655266,0,1766.68677663803,30.0028495490551,3322.03533932567,823.273224204779,34.8508035838604,1073.07658326626,597.613961309195,72.8942080140114,5.87501829862595,10.1800337433815,1371.51867696643,547.718829751015,10352.8961142898,176.118401497602,40786.089872092,2882.01297682524,192.606843799353,6248.00269255042,5632.46601688862,63.8487240672112,17.9055339992046,138.634677112103,20.6061019599438,5.49491259455681,126.767539739609,167.733348220587,883.028736919165,87.3666055500507,151.755016386509,132.713552206755,963.772663265467,70.5333201289177,44.8449069857597,1047.43048495054,38.9753498733044,140.367387026548,98.0950125455856,137.624089449644,70.079975515604,9.23551863431931,2.23121494054794,34.6056597232819,44.3415878713131,621.211047708988,4.50677043199539,41.1963569223881,544.08215996623,67.0457598567009,2679.37133064866,407.120983093977,28.1060691475868,61.154464006424,34.1040246486664,39.6528145670891,32.1471332013607,577.913072347641,7.62451270222664,7.45390656590462,20.3638043701649,150.47993388772,472.072608560324,592.749963492155,536.470079183578,5603.89512237906,17.3273403346539,194.442945748568,336.986864626408,2494.19481793046,50.3786291480064,164.38530293107,4.37820327281952,6.18620416522026,6.67166051268578,85.0925913453102,325.654693841934
123.368131399155,8.38486260175705,38.5816968679428,10817.2969341278,680.240641981363,22344.3461281955,35231.9507728517,21440.032686621,1766.68677663803,0,1050.02186754346,11850.4679228961,109.622625589371,6704.53836750984,1544.45296394825,0.624300003051758,34.2070860862732,591.003461182117,437.945828139782,26053.3165007532,64.2180537283421,6.08933889865875,76.5245296061039,1764.45738375187,2.83658829331398,1344.79915677011,467.506616532803,3659.55118134618,3113.89685681462,231.957450687885,66.2733381092548,1520.04602918029,14.073033362627,3887.22247838974,4854.73168095946,7838.53065860271,301.245119124651,3126.98516124487,768.084521979094,3800.79303193092,2109.35177215934,891.655276715755,331.277870237827,3.91679301857948,127.699614822865,34.0665172338486,713.231807976961,93.9453676044941,44.1095002889633,2.0712682902813,6.98968437314034,2.10919782519341,2318.82549542189,13.8702647686005,163.41515801847,1180.90586435795,123.15211468935,817.211139321327,2244.32146538794,1.57280296087265,505.581410765648,0.925927579402924,36.8400882482529,122.115837723017,1.04695683717728,0,0,0.801315546035767,985.285412847996,0.878340601921082,1.31738185882568,2.38553440570831,3494.789080441,0.681391537189484,3.37294894456863,17.420978397131,4190.43414786458,23.8821544647217,1.52600863575935,0.383165448904037,0,1.98356667160988,67.0309962332249,559.034074038267
44.3403623402119,78.2342914938927,26.5023570358753,14.028659850359,33.6906306445599,256.559646874666,391.606470763683,596.566124588251,30.0028495490551,1050.02186754346,0,538.598497360945,5596.70348224044,334.640991866589,16.2285371422768,7.28414770960808,592.474160581827,11629.6164435744,4050.73813182116,267.493043124676,131.156755298376,27.6611041128635,285.292500555515,41.7594642043114,569.229882359505,13045.4209560454,1295.80359882116,79.217837870121,858.146011412144,251.807510346174,1270.52122455835,1328.38380527496,10.5518319904804,10127.4244840145,136.535507321358,1541.48216691613,1925.47982919216,3904.11570233107,1592.78253483772,210.51267567277,47.3142997324467,2312.39265540242,79.453835695982,126.364852935076,94.5113647282124,49.3534735441208,5.48149767518044,0,61.7341097593307,0,86.0778697729111,5.02632820606232,2.63283941149712,0,0,2.5977897644043,2.24314111471176,138.704479902983,0,2325.40026119351,2.87867546081543,3552.84520933032,3.75732323527336,1.70626699924469,6.27042216062546,7.33338356018066,99.3756346404552,61.8522315621376,0,0.715182572603226,57.7916644513607,10.6401465833187,63.6808116137981,557.556937903166,1729.25274005532,938.713379770517,6.92012292146683,1.86443212628365,0,746.184937894344,2.05067729949951,0,30.9411179125309,62.236468911171
32.0489645004272,9.96531349420547,4.0170002579689,432.029512554407,1039.48317137361,10647.6473347545,194.225155830383,3410.40299919248,3322.03533932567,11850.4679228961,538.598497360945,0,51.904255926609,1070.81515049934,5933.6287188828,0,8.92254018783569,297.60973033309,213.538119733334,31201.6291850209,9.8518431186676,24.3074447512627,18.7626795172691,521.742704331875,5.45540153980255,671.788274407387,247.608980298042,172.326734811068,872.701377928257,57.5626238286495,45.0238005816936,634.21238604188,0.92333060503006,1091.20163175464,4387.89334517717,1310.37640041113,110.725916624069,674.665193647146,167.88758957386,5391.31094366312,588.354663312435,409.586494326591,61.9676220118999,1.29543137550354,33.1467372179031,19.9650500714779,1137.36684313416,29.3239529430866,17.6941367387772,0,2.42435044050217,0.46978572010994,2468.43741542101,41.1339380145073,192.104362368584,183.297208458185,70.7198494076729,1501.87582552433,1049.69613933563,4.86030527949333,1583.59215515852,0,45.7695318162441,216.03163599968,0.909055411815643,0,2.72055664658546,8.27621129155159,1303.45246559381,0,0,0.525389909744263,855.758720487356,0,8.22893425822258,8.54860055446625,949.862347006798,23.1139497756958,0.525080442428589,0,0.536740124225616,0,23.3244152665138,1289.05961057544
7.19926184415817,1960.66656258702,2.12106227874756,4.83650663495064,3.27702754735947,24.5317470133305,45.656841635704,41.586758941412,823.273224204779,109.622625589371,5596.70348224044,51.904255926609,0,17.7711839675903,10.8148989677429,28.7736156582832,10.4599029123783,85.3843392133713,28.7780487537384,27.725593239069,15.1170451641083,1299.9376950562,9.48460248112679,334.283869326115,11435.030189395,1806.03939771652,3676.84478518367,32.006073564291,55.0544050335884,16.7487174868584,2141.83651253581,132.806667089462,0,833.572364866734,13.9406444430351,242.270403891802,443.18146571517,925.228067964315,102.062252610922,63.9801069796085,3.59399408102036,2779.3073694706,140.158547133207,364.658378839493,169.699658155441,109.038254380226,23.774194508791,2.13925170898438,435.889388054609,0,406.877730101347,0.69395786523819,0.342010736465454,0,0,0,3.3536464869976,451.214220136404,1.0687270462513,10322.9151621461,3.97644978761673,14075.3930815458,12.3438916802406,9.28219950199127,3.22977516055107,9.63767796754837,213.772601544857,102.551142424345,0,0,247.887541770935,3.35045063495636,183.33979550004,3244.08413267136,4402.45958676934,3358.21289685369,9.40340489149094,8.98676761984825,0,2206.5315566361,10.0755473673344,0,83.2297450304031,5.17357152700424
11245.6537757218,13.0715475976467,788.011093407869,99.9591619968414,29.6730587780476,832.860940665007,30498.4080440104,25379.5155525208,34.8508035838604,6704.53836750984,334.640991866589,1070.81515049934,17.7711839675903,0,67.1205082535744,13.5426384806633,1124.39985838532,419.849850982428,1277.50588181615,753.476895719767,640.314232438803,9.19364258646965,1855.55246022344,242.338235527277,3.45620429515839,1266.28234356642,1873.54230305552,828.653252840042,24232.8496505022,16572.2482791841,15.0702105760574,434.187652409077,347.661565572023,2723.70692756772,81.9468750953674,693.253998667002,40.7553203105927,989.18974763155,319.306900650263,178.833860248327,124.503144532442,100.56982165575,43.5073333084583,1.95526000857353,8.84185960888863,8.74852356314659,13.152909040451,3.267099827528,3.39147481322289,0,8.26918303966522,22.5354082882404,16.2509825527668,0,0.754748404026031,50.1006325483322,4.35393106937408,12.3265027403831,4.55489373207092,1.72672069072723,3.27485913038254,1.18664503097534,0,1.73181080818176,2.28878164291382,10.4836202859879,0,3.94828233122826,2.04535526037216,0.934955179691315,0.633075535297394,2.05084213614464,145.57745680213,0.675747275352478,57.3816978633404,140.175328671932,111.359399169683,3.02041041851044,0,0,0,0,6.690125644207,12.8517487049103
8.22092312574387,40.7730496525764,26.2425182163715,457.789931148291,3373.53459271789,3995.93142524362,945.831414908171,2420.78488087654,1073.07658326626,1544.45296394825,16.2285371422768,5933.6287188828,10.8148989677429,67.1205082535744,0,39.6981466710567,14.316608697176,8.45295655727386,10.4658049345016,743.984326899052,234.411605149508,106.055472046137,239.735724121332,2919.99218404293,26.3785285949707,46.1807159781456,197.057635337114,1217.02376919985,41.5086206793785,306.709506094456,2.39056688547134,106.98097962141,3.18448102474213,57.0914236009121,5330.03308776021,788.776019126177,162.349376529455,109.80239212513,494.552490800619,8549.15591621399,588.539588004351,234.053785502911,165.986984044313,26.5866860747337,31.3658563494682,233.602281212807,173.195662230253,12.454903960228,6.96914231777191,0.448114097118378,2.64500820636749,15.3754295706749,212.012558043003,6.63908267021179,37.7615923285484,78.0321480035782,7.845383644104,261.716989934444,109.725114643574,0,156.63199442625,0,4.76220831274986,29.9411383271217,26.1443403959274,3.511210501194,3.43835175037384,5.58607733249664,125.957603603601,26.7890565991402,6.85158443450928,51.5475140810013,318.919963598251,0,29.3971847295761,76.3770588040352,247.857630103827,4.37582203745842,4.47477787733078,0,2.53328847885132,0,14.7344541251659,4891.63819396496
0.664045989513397,398.516192436218,49.2426504790783,0,0,2.42518001794815,18.6982550323009,8.08202570676804,597.613961309195,0.624300003051758,7.28414770960808,0,28.7736156582832,13.5426384806633,39.6981466710567,0,58.9247542023659,5.49909973144531,14.0646286308765,0.526053488254547,6128.29443866014,16829.5208349526,7373.42358842492,1216.89452207088,186.713340848684,71.2211302518845,7324.0684183538,946.273441433907,7.45495197176933,229.21746134758,10.8542169630527,0.535935997962952,2.27727293968201,619.372262865305,889.180444151163,3819.25030979514,136.778205394745,1311.87321105599,1913.63365283608,27.2191861271858,10.748447060585,21.6699829101562,3253.39599430561,135.289792925119,639.129682838917,842.543104350567,65.7821144163609,46.8849134743214,11.1842516362667,0,46.911675632,263.063393622637,0,1.3126847743988,1.15183043479919,76.5504921972752,6.25202435255051,277.926406413317,4.58617925643921,8.48666252195835,2.21877813339233,9.64784204959869,5.94614824652672,34.8069497346878,3619.76882463694,16.6160576939583,6.63982424139977,28.2923885583878,1.49728524684906,877.396636039019,1416.56816580892,6309.10169821978,1383.96259972453,1.73548358678818,75.5528829395771,1613.76398703456,639.810454696417,6.90338471531868,180.732121229172,1.34487307071686,1.48006772994995,2.70611935853958,280.444178789854,959.064260303974
170.624615639448,393.501468837261,17109.4262794256,0.720877647399902,2.63961270451546,52.7723044753075,775.10361930728,977.481232374907,72.8942080140114,34.2070860862732,592.474160581827,8.92254018783569,10.4599029123783,1124.39985838532,14.316608697176,58.9247542023659,0,1557.48434779048,17613.6028903723,9.76168441772461,3950.76649287343,337.907960653305,10480.4486564398,101.036817848682,11.1227056980133,15453.4584580958,29779.4329547882,250.260312646627,718.864786803722,3547.29525309801,4.21980684995651,16.880520015955,68.4880098998547,1824.86727914214,49.0251933932304,455.29411894083,78.7094627320766,457.854554265738,372.939961820841,23.0285524874926,15.626658976078,2.57941299676895,495.484276354313,22.7045197784901,220.875537246466,195.837954580784,6.06884169578552,2.2191301882267,1.40820121765137,0,221.934704989195,736.269269645214,0.369545102119446,0,0,15.0004248023033,0.802494317293167,3.90542650222778,0,6.16224679350853,0.646100699901581,6.66109108924866,6.05140289664268,0.880611717700958,13.2168843448162,445.577144980431,16.5862203836441,245.959627747536,0,14.3721770346165,45.0678576827049,135.260004550219,14.1792420446873,12.6924334466457,2109.72380676866,5196.21845880151,2.22648859024048,3.54895749688148,23.6400702297688,1.15160799026489,0,0,122.904732495546,58.8863013982773
53.2275987863541,27.1988577842712,125.259613454342,8.84514513611794,8.04991891980171,132.754822403193,272.29004791379,432.025396376848,5.87501829862595,591.003461182117,11629.6164435744,297.60973033309,85.3843392133713,419.849850982428,8.45295655727386,5.49909973144531,1557.48434779048,0,13466.7369373143,177.361930698156,240.508165150881,8.36504030227661,737.571731388569,25.4607130587101,23.2820219397545,4470.05739450455,1135.77105975151,55.5423052608967,660.225210785866,353.954332381487,47.5001475512981,462.924175232649,13.002912312746,5960.01390585303,241.924619078636,2572.46165782213,1835.47721281648,3730.69028931856,2869.46731808782,110.158680081367,21.7778259217739,122.466267615557,46.0982853472233,28.0038165152073,30.7178540825844,55.3851145803928,1.73104381561279,0,2.50364291667938,0,29.4289100766182,7.55259367823601,1.54868537187576,0,0,0,0.447779417037964,1.09717988967896,0,103.542459994555,0.886749744415283,125.394566863775,0,5.92440044879913,5.26126390695572,24.1698170602322,60.4581419825554,99.5062230229378,0,0.422657012939453,2.46974331140518,8.87482577562332,3.06220918893814,48.3109155595303,1167.14844876528,762.157363265753,1.90702503919601,1.41263222694397,0.527092695236206,53.3603520393372,0,0,15.4254728853703,92.63123524189
160.377171307802,234.920252174139,1101.66461527348,3.95139655470848,3.12113255262375,127.355110555887,459.413663804531,1035.17138296366,10.1800337433815,437.945828139782,4050.73813182116,213.538119733334,28.7780487537384,1277.50588181615,10.4658049345016,14.0646286308765,17613.6028903723,13466.7369373143,0,132.81819793582,1533.92014610767,39.4839632213116,3611.91122049093,33.8872455656528,27.3303796947002,11956.7555781901,5703.30122947693,127.487910211086,1036.97368502617,2017.64646944404,11.3774040341377,231.226229667664,72.0761040151119,7830.30304285884,242.12285849452,2836.58440959454,1004.35636863112,4055.85604223609,2675.36150893569,83.6161640882492,29.1111665070057,53.8841266930103,292.773639589548,48.4856235384941,116.607790201902,150.862099558115,1.53804510831833,1.15629258751869,1.71374529600143,0.65680718421936,179.594899386168,44.2035742998123,0,0,1.29738193750381,0.827388644218445,0,1.57909286022186,0,24.7374694645405,0.438462287187576,22.4720592200756,1.14001387357712,4.59886288642883,8.14401721954346,242.430806189775,51.7404253780842,614.983296096325,0.922810912132263,0.90461328625679,9.36107030510902,23.9490258097649,4.19819360971451,50.312168687582,3382.44294136763,3634.21172368526,3.17650061845779,2.40643551945686,4.26956298947334,10.2930161356926,0.755478858947754,0,58.453037083149,109.582569003105
19.4437323212624,2.64561796188354,4.32280686497688,24341.5722680092,188.13750103116,925.562197297812,216.007788747549,1483.42096138,1371.51867696643,26053.3165007532,267.493043124676,31201.6291850209,27.725593239069,753.476895719767,743.984326899052,0.526053488254547,9.76168441772461,177.361930698156,132.81819793582,0,10.9243567883968,5.44765257835388,16.7920355498791,1534.82892248034,0.42502748966217,329.285681754351,122.822332650423,1160.47695761919,585.06870663166,51.2404634058475,24.0921692550182,338.262299716473,1.82942667603493,485.247791528702,111.044204860926,1586.18919080496,96.4884906113148,451.939924716949,130.204952597618,898.719534009695,333.03373286128,404.274488270283,154.712927848101,1.37503582239151,52.7795607149601,11.7031009793282,651.152218222618,37.1979864537716,22.9970801174641,0,0.81047734618187,0.722445726394653,2399.58433485031,28.1474478244781,129.108540832996,626.422451943159,98.3776776790619,750.751939803362,1412.44094499946,8.81465566158295,517.207442611456,0,51.6348164081573,119.203092575073,0,0.317037105560303,0,0,766.140023350716,0,1.60060712695122,0,1968.60927790403,1.24161225557327,2.90567940473557,14.591298609972,2513.43956238031,27.7226271033287,1.30390241742134,0,6.45551294088364,1.73721581697464,30.6604566574097,23.2118746638298
73.674182087183,131.819975614548,7900.59703689814,0.898173362016678,4.08602294325829,37.7061222493649,9232.52209919691,510.283666908741,547.718829751015,64.2180537283421,131.156755298376,9.8518431186676,15.1170451641083,640.314232438803,234.411605149508,6128.29443866014,3950.76649287343,240.508165150881,1533.92014610767,10.9243567883968,0,1981.4516787231,80114.5868601501,625.72659739852,62.8804157376289,3331.5735296607,8012.60085457563,11041.5861417055,546.018201053143,38258.0605214536,4.27636215090752,17.8899597525597,134.710950940847,15964.9240736961,3498.033316046,7738.41469204426,365.854066699743,7097.13818779588,5607.28343400359,119.296719431877,77.1460171937943,67.7059353888035,3018.96823441982,85.610361546278,335.128808498383,443.246128588915,81.9166497886181,51.4157107174397,6.75058168172836,0.484668701887131,32.8994667828083,299.370258837938,0,2.88424736261368,4.5419442653656,76.6805733144283,7.19010215997696,369.593989342451,5.02827635407448,2.61626067757607,3.28164610266685,1.35105735063553,3.99934417009354,51.670106112957,1034.77332988381,46.0133209228516,0.796766608953476,20.5853100419044,2.33254092931747,713.439376622438,702.176993876696,1221.94418779016,2641.72190096974,1.89649313688278,169.634199082851,1009.68808448315,1041.51591262221,7.55878272652626,200.677208811045,0,1.08356976509094,4.49485132098198,193.889084726572,1110.27699124813
0.529131650924683,3928.0726711452,177.87394952774,0.597475528717041,6.32521337270737,1.03787025809288,17.0628393888474,9.34220188856125,10352.8961142898,6.08933889865875,27.6611041128635,24.3074447512627,1299.9376950562,9.19364258646965,106.055472046137,16829.5208349526,337.907960653305,8.36504030227661,39.4839632213116,5.44765257835388,1981.4516787231,0,5780.06315204501,12629.9781041443,3593.64101880789,300.866369366646,19480.9381009638,1041.95172941685,7.65478491783142,39.8447832763195,197.218886047602,1.6791158914566,0,583.058137357235,552.997613191605,2818.49042961001,364.972114652395,1037.71018126607,1401.83186852932,21.5903894305229,1.04476127028465,66.6105815172195,2126.11787593365,93.9407319128513,715.736707568169,592.027219325304,59.3004412949085,19.8092592954636,13.3266582787037,0,217.741465389729,1261.62078848481,6.36960139870644,0,2.81317053735256,55.4350698292255,7.51732406020164,228.555208265781,13.3420788943768,46.4632087349892,2.37767398357391,48.9399125874043,19.6550954282284,8.1137700676918,2171.93480479717,85.7118602097034,15.7994688153267,88.51021951437,3.32440117001534,448.273731559515,2117.58243027329,3537.60001903772,716.762438207865,37.4528704583645,386.504286199808,8826.7987472415,313.937050580978,7.96854072809219,108.180053949356,18.8121296167374,0,2.64145284891129,322.700702875853,682.158047378063
270.395530045033,164.049833714962,39025.0784883201,0.358894824981689,17.422911554575,117.844595581293,6983.17151671648,1908.29903253913,176.118401497602,76.5245296061039,285.292500555515,18.7626795172691,9.48460248112679,1855.55246022344,239.735724121332,7373.42358842492,10480.4486564398,737.571731388569,3611.91122049093,16.7920355498791,80114.5868601501,5780.06315204501,0,1412.37075015903,31.8316470384598,10106.825971216,54480.2199328691,4714.44499674439,840.791281074286,14167.010073185,8.75834855437279,44.3064720034599,113.36854839325,15676.77732189,7183.73273077607,24076.04919222,1075.82310602069,17623.954092741,24206.1123348475,218.378312259912,120.042152673006,81.1327655017376,4701.22158429027,219.333393424749,1490.78865981102,1603.84278777242,126.977804630995,27.474460542202,21.8670853078365,2.08706140518188,65.6526312232018,1750.23758384585,0,2.34828019142151,0.530809134244919,143.75584346056,23.2106792330742,59.7238276600838,4.80648526549339,11.5966895222664,14.1308517754078,1.44970828294754,20.8772587180138,59.5561152994633,5185.54561927915,140.218774795532,14.9952826201916,120.688601434231,3.80562445521355,1076.10975053906,1250.02587863803,11616.9958198667,666.594258159399,4.16849213838577,396.98508515954,7245.46391999722,563.806095555425,7.05118623375893,273.857592701912,0,1.33490777015686,0.810435891151428,710.852430433035,3435.33131915331
5.58838722109795,1556.99244710803,84.7852293550968,4725.53922432661,209.977239191532,155.970401138067,5387.48108506203,261.921209305525,40786.089872092,1764.45738375187,41.7594642043114,521.742704331875,334.283869326115,242.338235527277,2919.99218404293,1216.89452207088,101.036817848682,25.4607130587101,33.8872455656528,1534.82892248034,625.72659739852,12629.9781041443,1412.37075015903,0,1186.68145257235,171.285616397858,5257.84858959913,18065.8930936456,511.903834819794,769.792618125677,54.6584914326668,86.0181776583195,105.022083818913,790.743858426809,1307.62470710278,5856.80557096004,224.160558462143,1128.6366571784,928.18720883131,1151.88282695413,252.766760885715,550.046893358231,7001.08505803347,119.394583195448,1271.97466635704,540.054656684399,1596.02454575896,772.609437137842,137.625212788582,12.8726181089878,60.7242904603481,112.524015426636,2772.11384233832,36.1754770874977,342.037741392851,4658.21295794845,554.252332985401,5659.74229347706,2250.97545045614,45.0950734913349,415.21771672368,35.7340559065342,350.695332318544,365.220021128654,662.359932035208,13.7393560707569,4.90935975313187,19.7555593550205,1037.42336505651,447.772884726524,609.533614218235,717.757003307343,25218.54145509,26.3244760036469,97.7304400801659,521.704498231411,16783.6327340901,447.130227655172,151.423876047134,0.959197461605072,62.8708607852459,75.1160572469234,880.613594740629,1365.398334831
0,3865.78046697378,3.84472924470901,0.4824238717556,0.911690711975098,1.46524739265442,7.12999501824379,0.807061940431595,2882.01297682524,2.83658829331398,569.229882359505,5.45540153980255,11435.030189395,3.45620429515839,26.3785285949707,186.713340848684,11.1227056980133,23.2820219397545,27.3303796947002,0.42502748966217,62.8804157376289,3593.64101880789,31.8316470384598,1186.68145257235,0,1193.81494349241,8402.6977276206,72.2944678962231,3.10882413387299,1.71548366546631,750.865202009678,1.90459907054901,0,42.7498880624771,13.4534349441528,102.777575671673,118.46904784441,86.0457302033901,60.4981552958488,16.5974661111832,3.15227550268173,501.116201937199,133.814324438572,136.048839449883,71.5113185048103,55.1775660812855,11.1497152447701,2.51611232757568,54.9702435135841,0,1131.03628849983,5.20421785116196,3.39545235037804,1.34576284885406,0,6.56841373443604,3.18538802862167,130.933982372284,4.13786590099335,1328.08367270231,0,3537.20882180333,4.29001206159592,4.76181983947754,2.68037176132202,11.357388317585,65.8050757050514,107.719791382551,0,2.79142999649048,75.6395571827888,7.24988439679146,117.015907347202,3218.34178876877,2083.02940893173,4359.25049573183,17.9778698086739,2.52837407588959,1.58326244354248,319.899940848351,3.10679441690445,0,28.5772161483765,9.82823896408081
141.397809624672,1750.83125394583,25653.4838344157,17.2767317891121,30.9537454545498,285.924558788538,1712.72235178947,1555.71027284861,192.606843799353,1344.79915677011,13045.4209560454,671.788274407387,1806.03939771652,1266.28234356642,46.1807159781456,71.2211302518845,15453.4584580958,4470.05739450455,11956.7555781901,329.285681754351,3331.5735296607,300.866369366646,10106.825971216,171.285616397858,1193.81494349241,0,80525.6290426254,448.664267778397,1271.32987955213,2915.2539678514,680.187039852142,919.799056977034,51.6817122399807,9145.27165479958,922.178235560656,11501.1078301668,7078.21207439899,8670.49638405442,8327.53076770902,222.666545033455,83.3410447239876,1010.76325660944,1804.85955631733,771.77940350771,1050.59815686941,1061.39055037498,32.1290505230427,10.6311470866203,93.9302632808685,5.8224204480648,1327.22012153268,1103.3909598887,3.59122931957245,4.69932961463928,2.91554665565491,16.3957328796387,13.6854391694069,43.9845367968082,3.30255508422852,1776.4126881659,6.38688442111015,3153.37547886372,49.9383459687233,12.722973972559,49.1093082427979,1506.40607488155,1319.0914157331,3165.58656701446,0,39.3237616717815,51.4733033776283,201.341747939587,32.487481802702,1836.670137465,28812.606487304,28464.8370854557,4.90094709396362,27.1272719502449,75.2165715396404,1065.79966849089,8.54415449500084,0.988449692726135,527.323199629784,510.27115765214
250.91623455286,23287.5318413973,23989.7100802958,3.3558007478714,32.227016210556,152.883189201355,1839.59840098023,1705.62648659945,6248.00269255042,467.506616532803,1295.80359882116,247.608980298042,3676.84478518367,1873.54230305552,197.057635337114,7324.0684183538,29779.4329547882,1135.77105975151,5703.30122947693,122.822332650423,8012.60085457563,19480.9381009638,54480.2199328691,5257.84858959913,8402.6977276206,80525.6290426254,0,2727.71426180005,1309.55635726452,3962.32520091534,1003.03583520651,192.646458089352,117.425814211369,20667.4051673412,4549.02430513501,48283.0733012259,8016.11667266488,20614.7489418387,29662.0211634338,399.838643431664,142.407794862986,241.330552846193,10326.5624200404,1082.2487616241,4867.37267315388,4152.7242025435,230.56281799078,68.1259386241436,90.7422534823418,34.8005725741386,6492.04172107577,15062.7651486695,11.6287846267223,17.7315690517426,7.28408142924309,314.660814002156,113.533336877823,156.465859681368,21.2879711091518,1344.30079567432,13.0342813134193,1797.2525895834,162.930013805628,66.772928327322,2395.64388740063,3637.45789590478,1142.08191689849,3657.67914742231,8.32685354351997,609.102237552404,2867.73971155286,10040.246202141,731.384056001902,2998.87872079015,36820.9459082186,102076.956462234,415.567761704326,63.2542335689068,476.615854412317,614.18887218833,3.99273812770844,8.16546362638474,2555.52064329386,3839.33465138078
22.0490757226944,86.0240355730057,895.23968359828,10182.8966344893,117.232193738222,321.181410998106,49487.5244608521,714.095224738121,5632.46601688862,3659.55118134618,79.217837870121,172.326734811068,32.006073564291,828.653252840042,1217.02376919985,946.273441433907,250.260312646627,55.5423052608967,127.487910211086,1160.47695761919,11041.5861417055,1041.95172941685,4714.44499674439,18065.8930936456,72.2944678962231,448.664267778397,2727.71426180005,0,1595.37687259912,18370.1456541717,10.3451590538025,207.205165177584,594.257791489363,4561.67927727103,3858.69641274214,14963.3230629563,494.141510367393,5472.68227502704,3303.62685370445,2196.05677700043,943.993434309959,1030.51072332263,5873.43767011166,78.9009171128273,1043.32906347513,429.461856633425,1597.38808184862,722.470906496048,187.669492214918,3.78150463104248,12.2906818091869,96.6246696412563,1978.16087087989,11.9978398382664,303.988323271275,3918.91227546334,384.054027497768,2178.55157464743,1764.5725030601,8.14840194582939,361.215329915285,4.53341126441956,244.59185308218,266.071994721889,495.795831948519,12.6709398925304,1.56237354874611,9.35099485516548,939.952544540167,306.850875556469,253.37153711915,590.832146018744,16264.0679744184,2.50923720002174,35.6108850836754,393.352534711361,12986.9807078838,355.410473138094,90.6780009269714,0,27.0807636678219,57.3835536837578,717.185972332954,1230.18993657827
10850.2499072254,15.0478438138962,184.876656323671,87.5592147707939,25.937230437994,434.24627327919,4926.64036914706,4140.08837077022,63.8487240672112,3113.89685681462,858.146011412144,872.701377928257,55.0544050335884,24232.8496505022,41.5086206793785,7.45495197176933,718.864786803722,660.225210785866,1036.97368502617,585.06870663166,546.018201053143,7.65478491783142,840.791281074286,511.903834819794,3.10882413387299,1271.32987955213,1309.55635726452,1595.37687259912,0,14210.6064626276,41.1599724888802,804.522895663977,6858.19431748986,6953.54743808508,96.9568342864513,1136.07165271044,75.3939242064953,1594.67624056339,354.073797494173,268.512216031551,226.906189888716,124.93933019042,84.58351328969,0.937610596418381,13.3464207649231,3.1378356218338,12.2401832044125,2.84781539440155,6.89017614722252,0,5.23931667208672,14.3876711428165,16.8688976168633,0.551219046115875,1.29952192306519,61.1310815811157,2.1622641980648,23.6471219360828,6.02368038892746,2.30294474959373,7.63746935129166,4.70889991521835,0.425850301980972,1.67377457022667,2.47943493723869,16.0734082460403,0.584315061569214,7.88451394438744,3.35847237706184,0,1.47716784477234,2.76342073082924,214.932368308306,1.35940366983414,62.3980821073055,140.43455478549,185.064949274063,1.94972616434097,0,0,0,3.41993862390518,7.92592865228653,20.0787570774555
5790.00317707658,30.9044321775436,3740.06059148908,4.15135580301285,56.0266941487789,464.564508199692,17540.6583556831,9241.69620132446,17.9055339992046,231.957450687885,251.807510346174,57.5626238286495,16.7487174868584,16572.2482791841,306.709506094456,229.21746134758,3547.29525309801,353.954332381487,2017.64646944404,51.2404634058475,38258.0605214536,39.8447832763195,14167.010073185,769.792618125677,1.71548366546631,2915.2539678514,3962.32520091534,18370.1456541717,14210.6064626276,0,11.5943073928356,231.332528501749,3112.86006188393,16331.1416458786,1951.81039598584,3694.50951656699,110.836370795965,7391.53637185693,3319.16916611791,339.587734013796,386.911730766296,94.3838604092598,86.7215698063374,2.02256387472153,34.4648235738277,39.3048318624496,4.96605372428894,2.17146879434586,0,0,17.7320612072945,79.9374821484089,0.984100699424744,0,0.989745557308197,4.7764847278595,0,5.69464749097824,0,0,2.88461166620255,0,0,4.76447606086731,19.5974841117859,30.7397285103798,0.547594547271729,15.5437243282795,0,5.60466969013214,15.3400866985321,45.8511496782303,28.9131595492363,0,141.667460739613,467.387999266386,25.5701818168163,0,0.361700147390366,0,0,0,12.5619703233242,302.934963852167
5.04802611470222,207.410963118076,0.678463757038116,2.17113775014877,5.15328639745712,11.7006600797176,33.3078726828098,31.4430589973927,138.634677112103,66.2733381092548,1270.52122455835,45.0238005816936,2141.83651253581,15.0702105760574,2.39056688547134,10.8542169630527,4.21980684995651,47.5001475512981,11.3774040341377,24.0921692550182,4.27636215090752,197.218886047602,8.75834855437279,54.6584914326668,750.865202009678,680.187039852142,1003.03583520651,10.3451590538025,41.1599724888802,11.5943073928356,0,73.114139854908,0,314.740675151348,12.7498851418495,205.672939896584,491.830574601889,550.490148097277,120.402726233006,16.664571583271,3.30106437206268,524.84456294775,39.0685458183289,130.72674408555,59.3711617290974,47.9455069005489,2.65232706069946,0,20.6208891570568,0,49.3268593251705,3.43031001091003,0.713716745376587,0,2.92813837528229,0,0.579399764537811,9.39981484413147,0,1194.9670176506,0,2220.21285641193,0.513203799724579,0,0.917050898075104,9.19556483626366,99.776482373476,61.1948571205139,0,0,3.21189492940903,0.963826060295105,2.84404164552689,445.948869228363,1707.70469328761,1274.9079284966,0,1.6859815120697,0,589.625372201204,0.854279339313507,0,28.2255202233791,2.00487622618675
57.1640286445618,7.9963139295578,20.8566398322582,37.3264164328575,194.288910984993,1192.76470634341,600.775399714708,1408.28011921048,20.6061019599438,1520.04602918029,1328.38380527496,634.21238604188,132.806667089462,434.187652409077,106.98097962141,0.535935997962952,16.880520015955,462.924175232649,231.226229667664,338.262299716473,17.8899597525597,1.6791158914566,44.3064720034599,86.0181776583195,1.90459907054901,919.799056977034,192.646458089352,207.205165177584,804.522895663977,231.332528501749,73.114139854908,0,2.29370126128197,8407.05008763075,44.3366494476795,2820.28892210126,139.296453207731,860.780642867088,227.27100455761,995.76540222764,2101.77914041281,426.847655177116,31.5580294728279,0,3.09924682974815,5.25504678487778,5.06754577159882,5.2340704202652,11.90848711133,0,5.24814307689667,0.569505751132965,11.2989726364613,0,0,20.6889929771423,0,14.1082346439362,1.91292241215706,5.1554266512394,2.9592159986496,5.29572474956512,0,2.14766824245453,0,0,0.676406621932983,1.85674700140953,2.36544406414032,0,0,0.549640119075775,92.8974655866623,0.902503728866577,14.6282512843609,18.6746981739998,96.8890812397003,0,0,1.26494741439819,0,0,7.65001827478409,5.71309161186218
26.4508408308029,1.70179876685143,16.4466829299927,2.06887891888618,0.537098944187164,13.749089628458,504.223961174488,118.861592292786,5.49491259455681,14.073033362627,10.5518319904804,0.92333060503006,0,347.661565572023,3.18448102474213,2.27727293968201,68.4880098998547,13.002912312746,72.0761040151119,1.82942667603493,134.710950940847,0,113.36854839325,105.022083818913,0,51.6817122399807,117.425814211369,594.257791489363,6858.19431748986,3112.86006188393,0,2.29370126128197,0,1406.67532557249,10.6759848296642,24.1862614154816,0.998350530862808,348.176002383232,77.9348157048225,5.88220858573914,4.40206041932106,1.90984427928925,11.436256557703,0.604784667491913,0.380872994661331,1.96029254794121,1.82358199357986,1.11327433586121,0,0,0.957185566425323,1.55492293834686,0.736564159393311,0,0,8.22735270857811,0,1.48622068762779,0,0,0,0,0,0.571880578994751,0,4.00268939137459,0,0,0,0.673178911209106,0,1.79449728131294,24.991212874651,0,10.4960183501244,20.3021123111248,19.6126399934292,0,0,0,0,0,0.541150152683258,3.59115469455719
311.857844561338,328.311634272337,2431.7072083652,124.289498209953,3392.43167412281,635.055712580681,4745.012552917,1931.37755186856,126.767539739609,3887.22247838974,10127.4244840145,1091.20163175464,833.572364866734,2723.70692756772,57.0914236009121,619.372262865305,1824.86727914214,5960.01390585303,7830.30304285884,485.247791528702,15964.9240736961,583.058137357235,15676.77732189,790.743858426809,42.7498880624771,9145.27165479958,20667.4051673412,4561.67927727103,6953.54743808508,16331.1416458786,314.740675151348,8407.05008763075,1406.67532557249,0,228.017426341772,1232.31907367706,302.152047723532,2198.2592857331,879.208619326353,152.962871164083,127.877625465393,198.393643796444,688.989740252495,28.7798826694489,271.355236768723,226.212579071522,59.8183854222298,18.9275419712067,10.3977350592613,1.259994328022,176.07941582799,706.828305274248,19.5391688346863,0,5.32001101970673,149.971538484097,13.345968157053,31.9197889864445,15.4353011250496,47.4073061048985,1.10584270954132,46.3402348160744,5.9917012155056,9.87675344944,302.827642530203,217.082472294569,18.7953900694847,145.279051631689,6.4879352748394,60.318602502346,108.286585479975,987.863802909851,452.730953723192,20.1988593637943,1314.85325053334,3992.76639702916,432.206849396229,8.06881138682365,29.7738286554813,21.8698371052742,0.41332334280014,1.21686571836472,147.067605644464,140.884185105562
13.7319210767746,84.2644428014755,433.239079117775,67.0727029144764,1500.16343635321,4689.44614011049,2315.02645218372,846.790780603886,167.733348220587,4854.73168095946,136.535507321358,4387.89334517717,13.9406444430351,81.9468750953674,5330.03308776021,889.180444151163,49.0251933932304,241.924619078636,242.12285849452,111.044204860926,3498.033316046,552.997613191605,7183.73273077607,1307.62470710278,13.4534349441528,922.178235560656,4549.02430513501,3858.69641274214,96.9568342864513,1951.81039598584,12.7498851418495,44.3366494476795,10.6759848296642,228.017426341772,0,9611.94248118997,3194.11454933882,483.238072574139,7263.65559414029,463.4537127316,211.54895851016,290.924572348595,2595.89977258444,1160.5336625874,426.357040464878,5561.01527148485,279.245889097452,134.558025747538,121.716424882412,1.09204375743866,39.6923266649246,335.462716042995,12.0489305853844,760.033043831587,212.245013237,446.139598548412,31.1013436615467,103.082017034292,73.2674600183964,49.1141250133514,2438.68073195219,2.62983530759811,16.3092954754829,903.041392982006,561.829745233059,35.7981006801128,79.2235223650932,161.620753675699,7.17542180418968,296.963326245546,249.489573299885,1430.15665134788,751.115775763988,8.22878283262253,713.284628719091,1876.59398806095,775.07879793644,10.942968249321,90.6572459042072,3.12451404333115,4.39577746391296,3.25382149219513,71.6324628889561,333684.972153097
65.9740523099899,1355.69960388541,4918.16437283158,580.864650696516,1853.81274554133,3373.05114409328,9490.11192181706,2400.26070952415,883.028736919165,7838.53065860271,1541.48216691613,1310.37640041113,242.270403891802,693.253998667002,788.776019126177,3819.25030979514,455.29411894083,2572.46165782213,2836.58440959454,1586.18919080496,7738.41469204426,2818.49042961001,24076.04919222,5856.80557096004,102.777575671673,11501.1078301668,48283.0733012259,14963.3230629563,1136.07165271044,3694.50951656699,205.672939896584,2820.28892210126,24.1862614154816,1232.31907367706,9611.94248118997,0,32366.6758276522,4193.9910723567,6091.21397462487,15687.7057941854,2691.71486261487,3793.82361522317,10369.1544723809,403.003360241652,1607.13780930638,1516.70796352625,845.547796756029,358.40115916729,161.563382387161,3.59897974133492,490.214959233999,2146.95821580291,121.593922257423,7.68993601202965,43.9262973666191,1579.58428628743,101.971101284027,574.169703394175,132.870851099491,64.0699395537376,80.2089700102806,39.2852338850498,76.0526347458363,195.963216990232,2991.8626716733,615.397806793451,54.0528916716576,450.078223109245,78.3871715962887,1115.03212028742,1112.66482773423,5809.96010759473,8611.02641692758,57.3658794760704,3286.55860170722,11601.3358455598,5779.9175453186,166.757854104042,323.482791483402,11.5289022922516,15.91832447052,33.388149023056,942.631365925074,3080.38383486867
3.57013499736786,298.869610965252,367.84625634551,8.09342935681343,44.8988790214062,83.5411892533302,206.298562437296,109.424230277538,87.3666055500507,301.245119124651,1925.47982919216,110.725916624069,443.18146571517,40.7553203105927,162.349376529455,136.778205394745,78.7094627320766,1835.47721281648,1004.35636863112,96.4884906113148,365.854066699743,364.972114652395,1075.82310602069,224.160558462143,118.46904784441,7078.21207439899,8016.11667266488,494.141510367393,75.3939242064953,110.836370795965,491.830574601889,139.296453207731,0.998350530862808,302.152047723532,3194.11454933882,32366.6758276522,0,5016.06926211715,14599.0864036977,683.757257431746,294.67161822319,3437.4891063869,523.981994479895,92.5874039828777,101.922572255135,258.09534111619,54.7124642133713,17.2415698766708,15.0616438984871,0,96.1556375920773,152.035630583763,0.84137749671936,7.69389760494232,2.44256138801575,29.9972138106823,5.19130980968475,29.3088183403015,1.63637977838516,71.7832621335983,2.77253633737564,90.9074963033199,2.56021967530251,28.861853659153,104.045222073793,73.5993699729443,25.4003815352917,105.89189261198,0,43.5959763228893,50.7357364296913,218.366536736488,201.076120734215,42.3697475492954,904.310402244329,1736.56323859096,121.79230800271,7.13430887460709,7.65719965100288,22.4411858916283,0,0,55.1092174649239,1590.64869508147
92.0992992222309,379.163535088301,2740.36739346385,154.87395170331,228.392467468977,499.103415131569,4676.52871522307,1201.80095398426,151.755016386509,3126.98516124487,3904.11570233107,674.665193647146,925.228067964315,989.18974763155,109.80239212513,1311.87321105599,457.854554265738,3730.69028931856,4055.85604223609,451.939924716949,7097.13818779588,1037.71018126607,17623.954092741,1128.6366571784,86.0457302033901,8670.49638405442,20614.7489418387,5472.68227502704,1594.67624056339,7391.53637185693,550.490148097277,860.780642867088,348.176002383232,2198.2592857331,483.238072574139,4193.9910723567,5016.06926211715,0,4289.76046130061,587.519682228565,516.421029359102,9204.63609617949,1237.60914826393,62.1517863273621,399.517872452736,420.17733874917,96.7512995004654,33.1781820058823,16.6232660412788,4.67122668027878,168.010999470949,944.569170385599,18.7867820262909,0,7.11308208107948,190.471031963825,17.0042226910591,69.556374669075,27.2638586461544,85.5939488708973,4.49514910578728,59.5672394633293,11.6754570603371,14.8909028172493,762.99773260951,217.330585062504,17.4384093284607,157.741812080145,9.74572429060936,136.408427387476,219.150427550077,2187.79194268584,839.937913835049,35.4145996570587,1370.48835885525,4525.63972944021,582.184651434422,16.4571203887463,66.5728206336498,20.6910363137722,0,2.23397773504257,228.711217731237,419.423542767763
31.2412149608135,499.41358846426,2860.4438406229,45.1115529537201,122.222368061543,174.858769088984,2160.78784576058,473.553726494312,132.713552206755,768.084521979094,1592.78253483772,167.88758957386,102.062252610922,319.306900650263,494.552490800619,1913.63365283608,372.939961820841,2869.46731808782,2675.36150893569,130.204952597618,5607.28343400359,1401.83186852932,24206.1123348475,928.18720883131,60.4981552958488,8327.53076770902,29662.0211634338,3303.62685370445,354.073797494173,3319.16916611791,120.402726233006,227.27100455761,77.9348157048225,879.208619326353,7263.65559414029,6091.21397462487,14599.0864036977,4289.76046130061,0,1088.48065879941,1451.57185906172,1594.96370741725,1589.59332197905,226.153474360704,510.354553073645,1455.88934403658,159.041748315096,40.5226939916611,16.8831742405891,2.14151591062546,253.049231648445,1035.18385472894,4.02189043164253,36.255654156208,7.42269256711006,149.990407377481,12.644285351038,42.8607967495918,15.2712916731834,36.9758306443691,22.1299835145473,33.6426153481007,18.9017728865147,95.7041457295418,1118.6359757781,281.764139562845,37.8886551856995,205.343391001225,4.14085227251053,229.865114539862,338.167823731899,2687.02332571149,642.724014163017,33.9160645008087,1704.65914347768,5600.49281266332,452.579233884811,7.24411201477051,73.253330051899,17.4163879156113,0.749513864517212,2.82586163282394,257.845115125179,9542.46568197012
21.2259651124477,15.8472007513046,34.9031923413277,362.947197079659,4926.67303952575,5428.89516347647,2309.95206698775,2401.42468965054,963.772663265467,3800.79303193092,210.51267567277,5391.31094366312,63.9801069796085,178.833860248327,8549.15591621399,27.2191861271858,23.0285524874926,110.158680081367,83.6161640882492,898.719534009695,119.296719431877,21.5903894305229,218.378312259912,1151.88282695413,16.5974661111832,222.666545033455,399.838643431664,2196.05677700043,268.512216031551,339.587734013796,16.664571583271,995.76540222764,5.88220858573914,152.962871164083,463.4537127316,15687.7057941854,683.757257431746,587.519682228565,1088.48065879941,0,1848.9758002162,6282.88898146152,1314.27309137583,13.0131489038467,183.872747093439,84.3124125003815,1655.99684879184,178.346384882927,513.663764804602,0,4.40887606143951,14.4516216814518,1108.5454570353,31.2390357851982,148.544580817223,621.471523493528,78.1853980123997,865.382090121508,752.2514719069,8.50681519508362,781.400029271841,1.62164521217346,40.9734970331192,162.093686461449,16.6343562602997,2.69701111316681,2.45513433218002,3.84629648923874,676.605271548033,17.8219923973083,9.28690969944,28.1578657329082,1768.37803417444,0.519450485706329,25.8056413531303,76.7973687052727,1916.67908713222,39.2640706300735,12.7200250029564,0,10.4839189052582,11.3254763484001,107.557169348001,319.790074557066
18.1612254977226,3.75959852337837,36.7055352926254,107.953471899033,8743.36384549737,1668.05177015066,1385.39869138598,553.976044267416,70.5333201289177,2109.35177215934,47.3142997324467,588.354663312435,3.59399408102036,124.503144532442,588.539588004351,10.748447060585,15.626658976078,21.7778259217739,29.1111665070057,333.03373286128,77.1460171937943,1.04476127028465,120.042152673006,252.766760885715,3.15227550268173,83.3410447239876,142.407794862986,943.993434309959,226.906189888716,386.911730766296,3.30106437206268,2101.77914041281,4.40206041932106,127.877625465393,211.54895851016,2691.71486261487,294.67161822319,516.421029359102,1451.57185906172,1848.9758002162,0,638.0326846838,168.496186971664,10.3874620199203,32.5236546099186,31.9360917806625,77.925241202116,18.956869572401,12.8010920286179,0.367742091417313,1.58970212936401,3.02850776910782,22.9822907149792,0,3.54438081383705,96.871218919754,9.0766287446022,26.4019309580326,21.7750484347343,0,4.34027326107025,0,1.331383228302,8.91944789886475,6.82843312621117,1.77122890949249,0,0,13.7587098181248,5.97949454188347,2.29438853263855,16.0896351933479,361.559124827385,0.3692387342453,8.32561087608337,43.3186488449574,325.995214313269,7.47691288590431,0,0,0,1.93957787752151,15.4627546668053,124.9892552495
13.5950538218021,388.137052237988,23.1152627170086,77.1191974282265,194.612912744284,416.079312264919,1081.73172914982,357.488040715456,44.8449069857597,891.655276715755,2312.39265540242,409.586494326591,2779.3073694706,100.56982165575,234.053785502911,21.6699829101562,2.57941299676895,122.466267615557,53.8841266930103,404.274488270283,67.7059353888035,66.6105815172195,81.1327655017376,550.046893358231,501.116201937199,1010.76325660944,241.330552846193,1030.51072332263,124.93933019042,94.3838604092598,524.84456294775,426.847655177116,1.90984427928925,198.393643796444,290.924572348595,3793.82361522317,3437.4891063869,9204.63609617949,1594.96370741725,6282.88898146152,638.0326846838,0,701.635099500418,15.4523208737373,70.1173496246338,46.4143273234367,3160.18722802401,55.0145226120949,27.7055828869343,0,1.77324903011322,11.7616987526417,39.4297191798687,3.62054526805878,31.9815008640289,85.5381863415241,47.8584147691727,32.3102384209633,41.9440338611603,86.8210073113441,75.7258684635162,101.012957245111,32.2650056481361,17.5741301178932,18.304158359766,0.939242959022522,4.54006990790367,6.75101542472839,31.1845211088657,12.2059057950974,6.39836883544922,23.4762415289879,231.160501867533,13.2240062355995,42.6472194492817,64.3020414710045,313.74432221055,22.4073369801044,1.89465224742889,9.72383624315262,14.3240177333355,3.41311371326447,49.2188912332058,137.76081392169
3.21281313896179,240.218652755022,1709.7072442472,121.738220483065,30.2695327401161,68.3261607885361,1974.66989669204,115.35770213604,1047.43048495054,331.277870237827,79.453835695982,61.9676220118999,140.158547133207,43.5073333084583,165.986984044313,3253.39599430561,495.484276354313,46.0982853472233,292.773639589548,154.712927848101,3018.96823441982,2126.11787593365,4701.22158429027,7001.08505803347,133.814324438572,1804.85955631733,10326.5624200404,5873.43767011166,84.58351328969,86.7215698063374,39.0685458183289,31.5580294728279,11.436256557703,688.989740252495,2595.89977258444,10369.1544723809,523.981994479895,1237.60914826393,1589.59332197905,1314.27309137583,168.496186971664,701.635099500418,0,22718.8158767521,6036.16372901201,6838.94044175744,20273.1707145572,3815.10326108336,4008.48959672451,38.9926986694336,306.422584176064,8273.76792049408,691.49953109026,75.5737397968769,891.565767735243,7945.62746825814,2892.4910736084,1046.41555434465,4267.00211405754,1540.73340129852,871.250084280968,89.9809060692787,1779.65088510513,160.857389986515,6042.94611921906,747.063442200422,1829.18464130163,3824.05166602135,1069.74608850479,4460.80903866887,1798.70338505507,15733.46829319,4887.7095412612,195.340224415064,18261.6997566521,41319.3496535718,11886.7024235129,960.987103193998,1065.98710435629,85.8369468152523,714.377765208483,19.1010205149651,1043.69040128589,9837.94102698565
0,27.5663540363312,60.3469336032867,1.4996520280838,3.09810125827789,0,16.9149417281151,0.773611605167389,38.9753498733044,3.91679301857948,126.364852935076,1.29543137550354,364.658378839493,1.95526000857353,26.5866860747337,135.289792925119,22.7045197784901,28.0038165152073,48.4856235384941,1.37503582239151,85.610361546278,93.9407319128513,219.333393424749,119.394583195448,136.048839449883,771.77940350771,1082.2487616241,78.9009171128273,0.937610596418381,2.02256387472153,130.72674408555,0,0.604784667491913,28.7798826694489,1160.5336625874,403.003360241652,92.5874039828777,62.1517863273621,226.153474360704,13.0131489038467,10.3874620199203,15.4523208737373,22718.8158767521,0,5832.99288597703,18373.6605382264,674.630393415689,951.482915848494,2186.70454469323,2.95261442661285,40.6562964320183,174.32536008954,6.34356448054314,15.2028492689133,32.7402646541595,134.241546243429,123.407648712397,58.7847658991814,110.755976587534,2621.77160972357,58.0824353992939,755.556548565626,83.733548104763,43.561510682106,203.921139031649,80.7884095907211,1100.9488967061,939.50487023592,52.8241225779057,113.440158605576,66.6648491621017,568.845082134008,176.752047657967,379.091617554426,9426.3943721354,2971.57544317842,301.050452440977,37.2631866633892,38.6443808376789,679.065880686045,64.6715386807919,2.01749634742737,207.47152492404,4529.25153702497
2.53841534256935,101.409236818552,827.909802496433,53.2083290815353,0,12.2668066322803,476.680118888617,18.5825079977512,140.367387026548,127.699614822865,94.5113647282124,33.1467372179031,169.699658155441,8.84185960888863,31.3658563494682,639.129682838917,220.875537246466,30.7178540825844,116.607790201902,52.7795607149601,335.128808498383,715.736707568169,1490.78865981102,1271.97466635704,71.5113185048103,1050.59815686941,4867.37267315388,1043.32906347513,13.3464207649231,34.4648235738277,59.3711617290974,3.09924682974815,0.380872994661331,271.355236768723,426.357040464878,1607.13780930638,101.922572255135,399.517872452736,510.354553073645,183.872747093439,32.5236546099186,70.1173496246338,6036.16372901201,5832.99288597703,0,5156.25434151292,1134.90514519811,2484.05626922846,7501.54056155682,192.28641974926,113.566668778658,4297.38584005833,368.16605246067,160.206224501133,562.311967074871,4845.97502774,2035.91145354509,189.495934009552,3746.26678037643,7566.94931870699,1042.21667262912,319.418267816305,1509.86395770311,65.6834903657436,2129.18227726221,448.431747317314,4271.97687858343,5073.56610554457,679.616336941719,6324.98442962766,247.167550474405,14944.3385618329,1223.60008701682,112.630255877972,13335.5635127723,17773.1804639995,6176.57444339991,1293.23366615176,3608.93722340465,382.566405743361,1034.65292388201,100.580258965492,1260.22433280945,1090.96966391802
2.47623693943024,127.849545240402,608.771137952805,4.86585372686386,39.5499627888203,18.2579544186592,124.494999408722,11.4619360864162,98.0950125455856,34.0665172338486,49.3534735441208,19.9650500714779,109.038254380226,8.74852356314659,233.602281212807,842.543104350567,195.837954580784,55.3851145803928,150.862099558115,11.7031009793282,443.246128588915,592.027219325304,1603.84278777242,540.054656684399,55.1775660812855,1061.39055037498,4152.7242025435,429.461856633425,3.1378356218338,39.3048318624496,47.9455069005489,5.25504678487778,1.96029254794121,226.212579071522,5561.01527148485,1516.70796352625,258.09534111619,420.17733874917,1455.88934403658,84.3124125003815,31.9360917806625,46.4143273234367,6838.94044175744,18373.6605382264,5156.25434151292,0,5987.0250223577,2893.59743848443,2077.47346454859,44.0359938442707,139.553668498993,3950.36149558425,33.0474833548069,81.5860177874565,116.821536004543,998.357297033072,421.0302079916,94.7851068377495,336.464564681053,2319.10137209296,146.764057606459,84.9055742323399,310.208741724491,164.2648665905,2889.31982061267,338.678331404924,2567.86630135775,3928.99713402987,85.4243948459625,4629.23506549001,332.988236069679,17136.8882060647,790.696424514055,102.121518313885,13727.2311787009,20480.872831136,2727.04492595792,256.65016156435,1171.58373829722,149.400582015514,249.389046370983,24.7154358923435,467.133566766977,8721.28192663193
2.75068533420563,6.77126276493073,31.5595453381538,404.534970998764,27.9932001233101,184.7153891325,805.868848532438,53.0907921791077,137.624089449644,713.231807976961,5.48149767518044,1137.36684313416,23.774194508791,13.152909040451,173.195662230253,65.7821144163609,6.06884169578552,1.73104381561279,1.53804510831833,651.152218222618,81.9166497886181,59.3004412949085,126.977804630995,1596.02454575896,11.1497152447701,32.1290505230427,230.56281799078,1597.38808184862,12.2401832044125,4.96605372428894,2.65232706069946,5.06754577159882,1.82358199357986,59.8183854222298,279.245889097452,845.547796756029,54.7124642133713,96.7512995004654,159.041748315096,1655.99684879184,77.925241202116,3160.18722802401,20273.1707145572,674.630393415689,1134.90514519811,5987.0250223577,0,1825.99731573462,3263.13304519653,23.9228919148445,30.700263261795,200.338212192059,1305.13825702667,8057.85654184222,3892.67330941558,3166.09757465124,3692.32385224104,3226.36568126082,4367.9803289175,459.331835240126,5078.19398412108,37.2921334207058,1069.2008677423,10175.8933667839,232.71320772171,37.0802390575409,197.149984925985,192.380536824465,1313.44660839438,406.121075570583,76.7871200442314,897.751197695732,1998.99432933331,22.6501742601395,519.872391998768,1170.69108185172,3089.26344493032,467.956997603178,299.890236467123,13.3176721632481,524.941192150116,5.58664500713348,211.450584203005,478.33235257864
0,1.5106109380722,3.27707397937775,40.8093505501747,2.69248116016388,13.6704221069813,362.26850554347,10.1330505311489,70.079975515604,93.9453676044941,0,29.3239529430866,2.13925170898438,3.267099827528,12.454903960228,46.8849134743214,2.2191301882267,0,1.15629258751869,37.1979864537716,51.4157107174397,19.8092592954636,27.474460542202,772.609437137842,2.51611232757568,10.6311470866203,68.1259386241436,722.470906496048,2.84781539440155,2.17146879434586,0,5.2340704202652,1.11327433586121,18.9275419712067,134.558025747538,358.40115916729,17.2415698766708,33.1781820058823,40.5226939916611,178.346384882927,18.956869572401,55.0145226120949,3815.10326108336,951.482915848494,2484.05626922846,2893.59743848443,1825.99731573462,0,2463.06889078021,7.71347239613533,2.48636817932129,68.9970760941505,279.48329180479,10880.3646509945,2238.46982520819,2430.83789631724,1148.2304340601,118.224638462067,1789.52746641636,116.496724337339,266.123580425978,3.59144738316536,573.32486552,115.320138037205,57.7835800647736,16.2294520139694,54.4636075496674,69.8910180926323,301.639362692833,263.57458153367,24.3612861037254,251.409913599491,476.349662691355,0,212.697281658649,257.083706110716,1993.57262313366,137.392521172762,336.869897067547,3.9169095158577,6645.33904710412,2.49875798821449,414.274348735809,415.693664461374
0,1.88109171390533,9.50108045339584,13.5140950977802,1.87629067897797,23.4056681096554,175.785084664822,17.9757482111454,9.23551863431931,44.1095002889633,61.7341097593307,17.6941367387772,435.889388054609,3.39147481322289,6.96914231777191,11.1842516362667,1.40820121765137,2.50364291667938,1.71374529600143,22.9970801174641,6.75058168172836,13.3266582787037,21.8670853078365,137.625212788582,54.9702435135841,93.9302632808685,90.7422534823418,187.669492214918,6.89017614722252,0,20.6208891570568,11.90848711133,0,10.3977350592613,121.716424882412,161.563382387161,15.0616438984871,16.6232660412788,16.8831742405891,513.663764804602,12.8010920286179,27.7055828869343,4008.48959672451,2186.70454469323,7501.54056155682,2077.47346454859,3263.13304519653,2463.06889078021,0,8.51464545726776,331.527811825275,65.8138920664787,62.4949782788754,122.11376863718,232.613317638636,305.204417407513,846.25293853879,292.232535481453,572.673442929983,3965.52366164327,266.343338727951,1768.9080375433,327.419655174017,37.1712899208069,31.5836505293846,9.23001128435135,97.1866613328457,59.2643967568874,162.89703142643,32.9352087080479,182.424506694078,120.845271945,200.243278026581,294.32757627964,988.243582338095,332.811725497246,289.31450933218,83.4653261899948,51.2342593371868,245.342618793249,590.466708064079,0.800196677446365,126.083605438471,440.659927219152
0,0.915741801261902,3.393590092659,0,0,0,1.58882656693459,0,2.23121494054794,2.0712682902813,0,0,0,0,0.448114097118378,0,0,0,0.65680718421936,0,0.484668701887131,0,2.08706140518188,12.8726181089878,0,5.8224204480648,34.8005725741386,3.78150463104248,0,0,0,0,0,1.259994328022,1.09204375743866,3.59897974133492,0,4.67122668027878,2.14151591062546,0,0.367742091417313,0,38.9926986694336,2.95261442661285,192.28641974926,44.0359938442707,23.9228919148445,7.71347239613533,8.51464545726776,0,3.77328830957413,228.070342302322,7.25110593438148,0,67.3842883706093,3845.33419263363,1402.06338444352,4.14962711930275,153.528727829456,103.598245292902,35.1909189224243,0.894547760486603,14069.5152756572,7.12748992443085,2.73112878203392,369.604991465807,61.1655085980892,316.83302885294,31.6671659946442,134.772067219019,0,183.755046665668,13.801317512989,0,417.533736646175,203.087289512157,98.682876855135,5657.39085069299,9445.50726890564,0,17.9011327028275,24.7682267129421,562.048702389002,15.1255823671818
0,2283.94328075647,87.8709703087807,1.0706535577774,0,1.06236153841019,7.62683039903641,8.54959285259247,34.6056597232819,6.98968437314034,86.0778697729111,2.42435044050217,406.877730101347,8.26918303966522,2.64500820636749,46.911675632,221.934704989195,29.4289100766182,179.594899386168,0.81047734618187,32.8994667828083,217.741465389729,65.6526312232018,60.7242904603481,1131.03628849983,1327.22012153268,6492.04172107577,12.2906818091869,5.23931667208672,17.7320612072945,49.3268593251705,5.24814307689667,0.957185566425323,176.07941582799,39.6923266649246,490.214959233999,96.1556375920773,168.010999470949,253.049231648445,4.40887606143951,1.58970212936401,1.77324903011322,306.422584176064,40.6562964320183,113.566668778658,139.553668498993,30.700263261795,2.48636817932129,331.527811825275,3.77328830957413,0,59.7717270553112,6.91344320774078,8.67087382078171,4.99775415658951,5.53231635689735,3.19108316302299,2729.74426931143,3.66351187229156,63.602158665657,5.59206074476242,3002.91026198864,7.22847604751587,66.5713949501514,172.701909691095,188.997809171677,16.6806500554085,111.141335070133,1.27529746294022,30.1535086929798,2033.30385649204,62.0818603336811,3211.40342071652,2318.41461694241,677.877978056669,27334.346584022,76.0614668130875,5.83176746964455,4.17775636911392,6.55830812454224,0,0.441301375627518,88.6633181869984,36.0391431450844
3.39538940787315,139.593622595072,3667.68318969011,0.49556627869606,0,1.24726024270058,95.8900088965893,21.6071961522102,44.3415878713131,2.10919782519341,5.02632820606232,0.46978572010994,0.69395786523819,22.5354082882404,15.3754295706749,263.063393622637,736.269269645214,7.55259367823601,44.2035742998123,0.722445726394653,299.370258837938,1261.62078848481,1750.23758384585,112.524015426636,5.20421785116196,1103.3909598887,15062.7651486695,96.6246696412563,14.3876711428165,79.9374821484089,3.43031001091003,0.569505751132965,1.55492293834686,706.828305274248,335.462716042995,2146.95821580291,152.035630583763,944.569170385599,1035.18385472894,14.4516216814518,3.02850776910782,11.7616987526417,8273.76792049408,174.32536008954,4297.38584005833,3950.36149558425,200.338212192059,68.9970760941505,65.8138920664787,228.070342302322,59.7717270553112,0,7.70080342888832,5.20898306369781,203.135422080755,9544.01681834459,2293.32179993391,31.7515884339809,127.738879829645,93.9201789498329,15.263721704483,4.59906485676765,2709.72368481755,33.9157175421715,318.774344563484,14242.8873546124,83.0236885845661,1420.50435766578,13.8916660547256,5265.1724164784,132.953972309828,64408.541919142,191.832373917103,5.52785348892212,12360.27491346,26317.2780855447,3021.82657179236,303.790957063437,10137.0697807074,0,10.727396607399,13.9065548181534,2896.94299811125,1123.97838267684
0,1.51853936910629,0.246645629405975,1694.51067724824,43.4184141755104,205.665452897549,524.851745605469,82.3443893492222,621.211047708988,2318.82549542189,2.63283941149712,2468.43741542101,0.342010736465454,16.2509825527668,212.012558043003,0,0.369545102119446,1.54868537187576,0,2399.58433485031,0,6.36960139870644,0,2772.11384233832,3.39545235037804,3.59122931957245,11.6287846267223,1978.16087087989,16.8688976168633,0.984100699424744,0.713716745376587,11.2989726364613,0.736564159393311,19.5391688346863,12.0489305853844,121.593922257423,0.84137749671936,18.7867820262909,4.02189043164253,1108.5454570353,22.9822907149792,39.4297191798687,691.49953109026,6.34356448054314,368.16605246067,33.0474833548069,1305.13825702667,279.48329180479,62.4949782788754,7.25110593438148,6.91344320774078,7.70080342888832,0,189.904958128929,428.07528334856,257.957065552473,296.334861576557,6874.85357058048,14148.3153703213,66.4154191911221,1537.97826299071,0.379088461399078,296.306057274342,1276.03612628579,1.15246707201004,0,36.6396362781525,52.8663713932037,28190.5143161118,6.82586628198624,7.92087200284004,7.87075909972191,5927.33981776237,2.7487798333168,100.726930141449,25.6617074906826,2268.07742658257,153.311162173748,15.7954132556915,1.99927169084549,30.4167627990246,0,200.585478693247,144.646431475878
0,0,0,8.84610548615456,2.8690385222435,3.80157744884491,5.43573158979416,3.20015609264374,4.50677043199539,13.8702647686005,0,41.1339380145073,0,0,6.63908267021179,1.3126847743988,0,0,0,28.1474478244781,2.88424736261368,0,2.34828019142151,36.1754770874977,1.34576284885406,4.69932961463928,17.7315690517426,11.9978398382664,0.551219046115875,0,0,0,0,0,760.033043831587,7.68993601202965,7.69389760494232,0,36.255654156208,31.2390357851982,0,3.62054526805878,75.5737397968769,15.2028492689133,160.206224501133,81.5860177874565,8057.85654184222,10880.3646509945,122.11376863718,0,8.67087382078171,5.20898306369781,189.904958128929,0,1909.74942877889,83.5537365972996,129.248020142317,363.598958909512,185.433228939772,8.20795607566833,469.326115727425,8.16204181313515,13.3055080771446,3138.73487374187,0.92576014995575,0,1.25019592046738,0,112.817053884268,6.29109483957291,13.0240404009819,2.07573008537292,664.119615525007,6.6330241560936,7.49293592572212,19.4296331107616,179.911200016737,7.83323165774345,5.97431325912476,0,5.44788494706154,0,439.935858875513,387.329705655575
0,0.57947188615799,1.88026192784309,92.4788352251053,4.91425424814224,27.3934247791767,144.336208999157,5.46144798398018,41.1963569223881,163.41515801847,0,192.104362368584,0,0.754748404026031,37.7615923285484,1.15183043479919,0,0,1.29738193750381,129.108540832996,4.5419442653656,2.81317053735256,0.530809134244919,342.037741392851,0,2.91554665565491,7.28408142924309,303.988323271275,1.29952192306519,0.989745557308197,2.92813837528229,0,0,5.32001101970673,212.245013237,43.9262973666191,2.44256138801575,7.11308208107948,7.42269256711006,148.544580817223,3.54438081383705,31.9815008640289,891.565767735243,32.7402646541595,562.311967074871,116.821536004543,3892.67330941558,2238.46982520819,232.613317638636,67.3842883706093,4.99775415658951,203.135422080755,428.07528334856,1909.74942877889,0,8135.46478360891,15735.3240539134,343.164389640093,28756.6127086729,187.806598573923,11477.344201386,3.56425896286964,970.493066012859,3286.04668295383,6.33555075526237,49.9506840705872,89.8912481367588,124.371366560459,1379.63030424714,100.483830153942,3.34884461760521,138.044844865799,357.874938577414,1.50474786758423,245.630560278893,54.2876350581646,1594.56847247481,391.475779026747,317.480439305305,3.07071420550346,62.2691349685192,10.9206236898899,344.917301625013,1145.39919033647
2.39797842502594,7.98611432313919,36.567290276289,476.023706525564,12.013359695673,82.3764735758305,2001.22209113836,138.361467003822,544.08215996623,1180.90586435795,2.5977897644043,183.297208458185,0,50.1006325483322,78.0321480035782,76.5504921972752,15.0004248023033,0,0.827388644218445,626.422451943159,76.6805733144283,55.4350698292255,143.75584346056,4658.21295794845,6.56841373443604,16.3957328796387,314.660814002156,3918.91227546334,61.1310815811157,4.7764847278595,0,20.6889929771423,8.22735270857811,149.971538484097,446.139598548412,1579.58428628743,29.9972138106823,190.471031963825,149.990407377481,621.471523493528,96.871218919754,85.5381863415241,7945.62746825814,134.241546243429,4845.97502774,998.357297033072,3166.09757465124,2430.83789631724,305.204417407513,3845.33419263363,5.53231635689735,9544.01681834459,257.957065552473,83.5537365972996,8135.46478360891,0,22453.8764984608,1509.16272854805,36628.804379344,692.864554315805,568.881509959698,10.0873418152332,30157.1588489115,769.483845382929,155.961369603872,901.735709965229,413.373412579298,1005.77725109458,271.337902337313,10680.8003855944,27.9981893599033,12455.8531269431,2838.73172494769,5.05654573440552,2431.97390273213,1575.95941147208,60101.8301169276,8789.20205950737,24456.87321347,16.9313913285732,237.381176620722,637.104048997164,6322.30674552917,3551.25214540958
0,0.971795737743378,7.80998459458351,58.7922729849815,0,7.84264007210732,238.554723054171,8.56046023964882,67.0457598567009,123.15211468935,2.24314111471176,70.7198494076729,3.3536464869976,4.35393106937408,7.845383644104,6.25202435255051,0.802494317293167,0.447779417037964,0,98.3776776790619,7.19010215997696,7.51732406020164,23.2106792330742,554.252332985401,3.18538802862167,13.6854391694069,113.533336877823,384.054027497768,2.1622641980648,0,0.579399764537811,0,0,13.345968157053,31.1013436615467,101.971101284027,5.19130980968475,17.0042226910591,12.644285351038,78.1853980123997,9.0766287446022,47.8584147691727,2892.4910736084,123.407648712397,2035.91145354509,421.0302079916,3692.32385224104,1148.2304340601,846.25293853879,1402.06338444352,3.19108316302299,2293.32179993391,296.334861576557,129.248020142317,15735.3240539134,22453.8764984608,0,155.14668789506,13468.871434778,999.699696660042,1862.73337167501,14.1158046126366,20410.1216672063,731.612971007824,16.4708704650402,803.619253396988,395.526793986559,909.250181645155,1122.99314618111,695.63908970356,6.39947262406349,1364.74577826262,258.469810783863,2.52376347780228,1847.54275131226,789.391457885504,1700.56392261386,2209.10371905565,6273.17850825191,29.591695189476,272.099258959293,74.0008443892002,1762.73908740282,373.693249374628
0,14.639818251133,5.99268299341202,981.365794152021,59.009623259306,148.084045231342,464.685736149549,45.1548027396202,2679.37133064866,817.211139321327,138.704479902983,1501.87582552433,451.214220136404,12.3265027403831,261.716989934444,277.926406413317,3.90542650222778,1.09717988967896,1.57909286022186,750.751939803362,369.593989342451,228.555208265781,59.7238276600838,5659.74229347706,130.933982372284,43.9845367968082,156.465859681368,2178.55157464743,23.6471219360828,5.69464749097824,9.39981484413147,14.1082346439362,1.48622068762779,31.9197889864445,103.082017034292,574.169703394175,29.3088183403015,69.556374669075,42.8607967495918,865.382090121508,26.4019309580326,32.3102384209633,1046.41555434465,58.7847658991814,189.495934009552,94.7851068377495,3226.36568126082,118.224638462067,292.232535481453,4.14962711930275,2729.74426931143,31.7515884339809,6874.85357058048,363.598958909512,343.164389640093,1509.16272854805,155.14668789506,0,2182.87008398771,72.5060489177704,2543.51852163672,3376.33848923445,135.007372140884,2029.72405827045,100.643751621246,49.5939884185791,11.8399588763714,25.1915248930454,1632.3894931078,71.7015199959278,11108.9450416863,34.6805306971073,55843.6155803204,1584.36857947707,126.431038826704,3233.96781599522,8962.37149173021,140.462606728077,94.2899870276451,13.9523353874683,14.2862131893635,13.1510677039623,156.671538949013,268.477548956871
0,3.97190675139427,0.789881408214569,1025.73427081108,19.4049474298954,150.593454986811,644.586261659861,49.8755161166191,407.120983093977,2244.32146538794,0,1049.69613933563,1.0687270462513,4.55489373207092,109.725114643574,4.58617925643921,0,0,0,1412.44094499946,5.02827635407448,13.3420788943768,4.80648526549339,2250.97545045614,4.13786590099335,3.30255508422852,21.2879711091518,1764.5725030601,6.02368038892746,0,0,1.91292241215706,0,15.4353011250496,73.2674600183964,132.870851099491,1.63637977838516,27.2638586461544,15.2712916731834,752.2514719069,21.7750484347343,41.9440338611603,4267.00211405754,110.755976587534,3746.26678037643,336.464564681053,4367.9803289175,1789.52746641636,572.673442929983,153.528727829456,3.66351187229156,127.738879829645,14148.3153703213,185.433228939772,28756.6127086729,36628.804379344,13468.871434778,2182.87008398771,0,1507.70143532753,17376.6277120709,14.4751669764519,6431.4195292294,1307.34441396594,14.5125322341919,51.1720862984657,842.094621241093,978.90437078476,22072.6117434502,98.6219770014286,5.1243525147438,104.900647491217,1020.72192671895,3.20036804676056,1669.77885264158,325.870804607868,6767.07052174211,2666.32555642724,394.001691877842,38.1345328688622,328.841955691576,10.5832402706146,2708.6001522243,888.220048516989
0,53.3310178518295,10.0387829244137,0,0,0,3.16211879253387,0,28.1060691475868,1.57280296087265,2325.40026119351,4.86030527949333,10322.9151621461,1.72672069072723,0,8.48666252195835,6.16224679350853,103.542459994555,24.7374694645405,8.81465566158295,2.61626067757607,46.4632087349892,11.5966895222664,45.0950734913349,1328.08367270231,1776.4126881659,1344.30079567432,8.14840194582939,2.30294474959373,0,1194.9670176506,5.1554266512394,0,47.4073061048985,49.1141250133514,64.0699395537376,71.7832621335983,85.5939488708973,36.9758306443691,8.50681519508362,0,86.8210073113441,1540.73340129852,2621.77160972357,7566.94931870699,2319.10137209296,459.331835240126,116.496724337339,3965.52366164327,103.598245292902,63.602158665657,93.9201789498329,66.4154191911221,8.20795607566833,187.806598573923,692.864554315805,999.699696660042,72.5060489177704,1507.70143532753,0,847.136131167412,3685.84835201502,2188.42270562053,46.4375440776348,28.9725823104382,459.835136443377,18835.4129199386,4722.84774115682,441.959108918905,195.418908774853,38.3416839540005,308.683027327061,65.4718952775002,588.416983306408,10102.9073588848,1313.24630790949,217.297073274851,1984.86433589458,553.675263106823,1326.17867946625,1793.20908331871,7.03457173705101,13752.5799483955,319.565603852272
0,0.486269533634186,0,385.631450116634,49.152270168066,148.419889509678,75.4677644371986,22.702054053545,61.154464006424,505.581410765648,2.87867546081543,1583.59215515852,3.97644978761673,3.27485913038254,156.63199442625,2.21877813339233,0.646100699901581,0.886749744415283,0.438462287187576,517.207442611456,3.28164610266685,2.37767398357391,14.1308517754078,415.21771672368,0,6.38688442111015,13.0342813134193,361.215329915285,7.63746935129166,2.88461166620255,0,2.9592159986496,0,1.10584270954132,2438.68073195219,80.2089700102806,2.77253633737564,4.49514910578728,22.1299835145473,781.400029271841,4.34027326107025,75.7258684635162,871.250084280968,58.0824353992939,1042.21667262912,146.764057606459,5078.19398412108,266.123580425978,266.343338727951,35.1909189224243,5.59206074476242,15.263721704483,1537.97826299071,469.326115727425,11477.344201386,568.881509959698,1862.73337167501,2543.51852163672,17376.6277120709,847.136131167412,0,14.8361488282681,2272.37263798714,4078.53753098845,5.26932629942894,15.4668051302433,405.458705842495,398.266944557428,17665.0764518082,26.2112073302269,15.1744621396065,34.1261300742626,1053.83086830378,5.49927195906639,836.082076728344,144.272349864244,503.105563163757,947.106892943382,91.9438671767712,23.0100259184837,196.437359154224,1.69781723618507,748.863763570786,4616.38343080878
0,91.8154814839363,0,0.417387962341309,0.58753490447998,0.661318480968475,2.3072417974472,1.82032436132431,34.1040246486664,0.925927579402924,3552.84520933032,0,14075.3930815458,1.18664503097534,0,9.64784204959869,6.66109108924866,125.394566863775,22.4720592200756,0,1.35105735063553,48.9399125874043,1.44970828294754,35.7340559065342,3537.20882180333,3153.37547886372,1797.2525895834,4.53341126441956,4.70889991521835,0,2220.21285641193,5.29572474956512,0,46.3402348160744,2.62983530759811,39.2852338850498,90.9074963033199,59.5672394633293,33.6426153481007,1.62164521217346,0,101.012957245111,89.9809060692787,755.556548565626,319.418267816305,84.9055742323399,37.2921334207058,3.59144738316536,1768.9080375433,0.894547760486603,3002.91026198864,4.59906485676765,0.379088461399078,8.16204181313515,3.56425896286964,10.0873418152332,14.1158046126366,3376.33848923445,14.4751669764519,3685.84835201502,14.8361488282681,0,16.7123666703701,70.0648804605007,24.3342060744762,12.7199353575706,93.5449135899544,61.4244664311409,6.59477800130844,1.01054665446281,1702.49886384606,9.25502294301987,1774.04088065028,8597.25332742929,725.515927672386,2474.63059484959,42.4221365451813,19.7133393585682,5.60979619622231,1144.56821617484,21.7294705510139,0,242.07256937027,12.4140450060368
0,4.02180972695351,20.3528039753437,18.4401309788227,1.87887489795685,2.67803961038589,163.875551879406,5.10742443799973,39.6528145670891,36.8400882482529,3.75732323527336,45.7695318162441,12.3438916802406,0,4.76220831274986,5.94614824652672,6.05140289664268,0,1.14001387357712,51.6348164081573,3.99934417009354,19.6550954282284,20.8772587180138,350.695332318544,4.29001206159592,49.9383459687233,162.930013805628,244.59185308218,0.425850301980972,0,0.513203799724579,0,0,5.9917012155056,16.3092954754829,76.0526347458363,2.56021967530251,11.6754570603371,18.9017728865147,40.9734970331192,1.331383228302,32.2650056481361,1779.65088510513,83.733548104763,1509.86395770311,310.208741724491,1069.2008677423,573.32486552,327.419655174017,14069.5152756572,7.22847604751587,2709.72368481755,296.306057274342,13.3055080771446,970.493066012859,30157.1588489115,20410.1216672063,135.007372140884,6431.4195292294,2188.42270562053,2272.37263798714,16.7123666703701,0,130.299914479256,22.0514930784702,1568.58383369446,854.603111147881,1751.7392257005,1240.86462014914,836.622219413519,4.96244552731514,1722.35830241442,194.148615121841,8.48106360435486,3200.39920046926,1446.24157914519,1443.88469406962,15468.0783553123,20762.8645243049,49.8950184583664,211.225100517273,134.672828048468,3968.22813135386,182.439235776663
0,0.69262820482254,2.2000173330307,63.403504550457,5.81531536579132,20.0137153565884,94.3202375471592,7.49236971139908,32.1471332013607,122.115837723017,1.70626699924469,216.03163599968,9.28219950199127,1.73181080818176,29.9411383271217,34.8069497346878,0.880611717700958,5.92440044879913,4.59886288642883,119.203092575073,51.670106112957,8.1137700676918,59.5561152994633,365.220021128654,4.76181983947754,12.722973972559,66.772928327322,266.071994721889,1.67377457022667,4.76447606086731,0,2.14766824245453,0.571880578994751,9.87675344944,903.041392982006,195.963216990232,28.861853659153,14.8909028172493,95.7041457295418,162.093686461449,8.91944789886475,17.5741301178932,160.857389986515,43.561510682106,65.6834903657436,164.2648665905,10175.8933667839,115.320138037205,37.1712899208069,7.12748992443085,66.5713949501514,33.9157175421715,1276.03612628579,3138.73487374187,3286.04668295383,769.483845382929,731.612971007824,2029.72405827045,1307.34441396594,46.4375440776348,4078.53753098845,70.0648804605007,130.299914479256,0,68.4563773870468,2.75692802667618,24.4226318001747,22.7832577228546,649.102921515703,186.577550798655,166.74759632349,279.668027579784,4386.4250356555,39.0402191281319,66.8934597373009,209.439437955618,1641.38908025622,73.5167058706284,120.819770097733,3.91368651390076,7.97987571358681,0.330692976713181,41.1425926089287,709.722104728222
0,15.6473929584026,165.50655439496,0,1.34842050075531,0.363232523202896,29.7291296720505,1.29947060346603,577.913072347641,1.04695683717728,6.27042216062546,0.909055411815643,3.22977516055107,2.28878164291382,26.1443403959274,3619.76882463694,13.2168843448162,5.26126390695572,8.14401721954346,0,1034.77332988381,2171.93480479717,5185.54561927915,662.359932035208,2.68037176132202,49.1093082427979,2395.64388740063,495.795831948519,2.47943493723869,19.5974841117859,0.917050898075104,0,0,302.827642530203,561.829745233059,2991.8626716733,104.045222073793,762.99773260951,1118.6359757781,16.6343562602997,6.82843312621117,18.304158359766,6042.94611921906,203.921139031649,2129.18227726221,2889.31982061267,232.71320772171,57.7835800647736,31.5836505293846,2.73112878203392,172.701909691095,318.774344563484,1.15246707201004,0.92576014995575,6.33555075526237,155.961369603872,16.4708704650402,100.643751621246,14.5125322341919,28.9725823104382,5.26932629942894,24.3342060744762,22.0514930784702,68.4563773870468,0,54.5042553544044,28.3386545181274,107.35462975502,8.26856565475464,13161.9827024639,7118.11337578297,13561.2831094265,6599.19402644038,10.2109286487103,188.985893458128,3469.89309626818,4497.45165836811,12.608849555254,1124.99720332026,0,1.89881506562233,5.90410971641541,1038.4698318541,2222.36076563597
0.917851090431213,128.534855484962,581.295973837376,0,0,0,20.0133042037487,0.929360330104828,7.62451270222664,0,7.33338356018066,0,9.63767796754837,10.4836202859879,3.511210501194,16.6160576939583,445.577144980431,24.1698170602322,242.430806189775,0.317037105560303,46.0133209228516,85.7118602097034,140.218774795532,13.7393560707569,11.357388317585,1506.40607488155,3637.45789590478,12.6709398925304,16.0734082460403,30.7397285103798,9.19556483626366,0,4.00268939137459,217.082472294569,35.7981006801128,615.397806793451,73.5993699729443,217.330585062504,281.764139562845,2.69701111316681,1.77122890949249,0.939242959022522,747.063442200422,80.7884095907211,448.431747317314,338.678331404924,37.0802390575409,16.2294520139694,9.23001128435135,369.604991465807,188.997809171677,14242.8873546124,0,0,49.9506840705872,901.735709965229,803.619253396988,49.5939884185791,51.1720862984657,459.835136443377,15.4668051302433,12.7199353575706,1568.58383369446,2.75692802667618,54.5042553544044,0,310.91018179059,5415.61411005259,15.6659276485443,2846.6840647459,47.6367624700069,8072.83644515276,69.8954570293427,24.4720696210861,18189.3487997651,19748.0537419915,106.403013586998,541.076195597649,8529.67987850308,1.46264457702637,5.03749689459801,35.7210074067116,2097.43556404114,93.3856292068958
0.420756429433823,16.2872973978519,12.5832401812077,0,0,0,0.330004125833511,0,7.45390656590462,0,99.3756346404552,2.72055664658546,213.772601544857,0,3.43835175037384,6.63982424139977,16.5862203836441,60.4581419825554,51.7404253780842,0,0.796766608953476,15.7994688153267,14.9952826201916,4.90935975313187,65.8050757050514,1319.0914157331,1142.08191689849,1.56237354874611,0.584315061569214,0.547594547271729,99.776482373476,0.676406621932983,0,18.7953900694847,79.2235223650932,54.0528916716576,25.4003815352917,17.4384093284607,37.8886551856995,2.45513433218002,0,4.54006990790367,1829.18464130163,1100.9488967061,4271.97687858343,2567.86630135775,197.149984925985,54.4636075496674,97.1866613328457,61.1655085980892,16.6806500554085,83.0236885845661,36.6396362781525,1.25019592046738,89.8912481367588,413.373412579298,395.526793986559,11.8399588763714,842.094621241093,18835.4129199386,405.458705842495,93.5449135899544,854.603111147881,24.4226318001747,28.3386545181274,310.91018179059,0,6041.7370762825,247.348897814751,153.002871841192,4.78699353337288,256.689522653818,25.3822748661041,97.0530014336109,4692.99871206284,1281.07204309106,124.590103179216,536.710457146168,478.933764517307,170.048029780388,347.444100826979,4.96512866020203,3345.07116860151,337.521696656942
2.2454309463501,86.9476047754288,146.615748852491,0.741539657115936,3.69359040260315,2.90648725628853,4.22900855541229,2.4721611738205,20.3638043701649,0.801315546035767,61.8522315621376,8.27621129155159,102.551142424345,3.94828233122826,5.58607733249664,28.2923885583878,245.959627747536,99.5062230229378,614.983296096325,0,20.5853100419044,88.51021951437,120.688601434231,19.7555593550205,107.719791382551,3165.58656701446,3657.67914742231,9.35099485516548,7.88451394438744,15.5437243282795,61.1948571205139,1.85674700140953,0,145.279051631689,161.620753675699,450.078223109245,105.89189261198,157.741812080145,205.343391001225,3.84629648923874,0,6.75101542472839,3824.05166602135,939.50487023592,5073.56610554457,3928.99713402987,192.380536824465,69.8910180926323,59.2643967568874,316.83302885294,111.141335070133,1420.50435766578,52.8663713932037,0,124.371366560459,1005.77725109458,909.250181645155,25.1915248930454,978.90437078476,4722.84774115682,398.266944557428,61.4244664311409,1751.7392257005,22.7832577228546,107.35462975502,5415.61411005259,6041.7370762825,0,277.655878901482,1256.88220319152,20.8762286603451,2259.76115959883,60.8068055510521,228.068193078041,12242.8393315971,8390.72231599689,243.825795292854,1075.56786932051,4052.55126589537,43.8467853963375,109.909070938826,34.4438715875149,8931.17751061916,617.713954985142
0,3.1093202829361,0.688444852828979,829.924972623587,37.9113925993443,105.583936214447,256.429964721203,31.5274213552475,150.47993388772,985.285412847996,0,1303.45246559381,0,2.04535526037216,125.957603603601,1.49728524684906,0,0,0.922810912132263,766.140023350716,2.33254092931747,3.32440117001534,3.80562445521355,1037.42336505651,0,0,8.32685354351997,939.952544540167,3.35847237706184,0,0,2.36544406414032,0,6.4879352748394,7.17542180418968,78.3871715962887,0,9.74572429060936,4.14085227251053,676.605271548033,13.7587098181248,31.1845211088657,1069.74608850479,52.8241225779057,679.616336941719,85.4243948459625,1313.44660839438,301.639362692833,162.89703142643,31.6671659946442,1.27529746294022,13.8916660547256,28190.5143161118,112.817053884268,1379.63030424714,271.337902337313,1122.99314618111,1632.3894931078,22072.6117434502,441.959108918905,17665.0764518082,6.59477800130844,1240.86462014914,649.102921515703,8.26856565475464,15.6659276485443,247.348897814751,277.655878901482,0,20.3432343304157,2.24167394638062,17.9083861112595,871.011977314949,2.58943113684654,474.876417726278,97.6340959668159,294.648777514696,525.2534275949,65.1535913944244,11.6711327433586,81.8306691944599,0,450.866202622652,123.28579506278
0,6.86022132635117,51.9243252277374,0,0.764073610305786,0,17.2382794618607,0,472.072608560324,0.878340601921082,0.715182572603226,0,0,0.934955179691315,26.7890565991402,877.396636039019,14.3721770346165,0.422657012939453,0.90461328625679,0,713.439376622438,448.273731559515,1076.10975053906,447.772884726524,2.79142999649048,39.3237616717815,609.102237552404,306.850875556469,0,5.60466969013214,0,0,0.673178911209106,60.318602502346,296.963326245546,1115.03212028742,43.5959763228893,136.408427387476,229.865114539862,17.8219923973083,5.97949454188347,12.2059057950974,4460.80903866887,113.440158605576,6324.98442962766,4629.23506549001,406.121075570583,263.57458153367,32.9352087080479,134.772067219019,30.1535086929798,5265.1724164784,6.82586628198624,6.29109483957291,100.483830153942,10680.8003855944,695.63908970356,71.7015199959278,98.6219770014286,195.418908774853,26.2112073302269,1.01054665446281,836.622219413519,186.577550798655,13161.9827024639,2846.6840647459,153.002871841192,1256.88220319152,20.3432343304157,0,1588.56275194883,61634.8931024671,1349.92975401878,1.97035053372383,1422.29312652349,5342.28812000155,16649.2515856028,1446.86429104209,28090.0696972013,0,13.9992750585079,406.203707545996,23489.587098062,2897.77763745189
0,162.167824655771,133.542475014925,1.55819886922836,0,0,19.5764288902283,2.67935663461685,592.749963492155,1.31738185882568,57.7916644513607,0,247.887541770935,0.633075535297394,6.85158443450928,1416.56816580892,45.0678576827049,2.46974331140518,9.36107030510902,1.60060712695122,702.176993876696,2117.58243027329,1250.02587863803,609.533614218235,75.6395571827888,51.4733033776283,2867.73971155286,253.37153711915,1.47716784477234,15.3400866985321,3.21189492940903,0,0,108.286585479975,249.489573299885,1112.66482773423,50.7357364296913,219.150427550077,338.167823731899,9.28690969944,2.29438853263855,6.39836883544922,1798.70338505507,66.6648491621017,247.167550474405,332.988236069679,76.7871200442314,24.3612861037254,182.424506694078,0,2033.30385649204,132.953972309828,7.92087200284004,13.0240404009819,3.34884461760521,27.9981893599033,6.39947262406349,11108.9450416863,5.1243525147438,38.3416839540005,15.1744621396065,1702.49886384606,4.96244552731514,166.74759632349,7118.11337578297,47.6367624700069,4.78699353337288,20.8762286603451,2.24167394638062,1588.56275194883,0,2158.36264616251,16737.200053066,765.65082475543,93.8277896344662,9223.0726519227,865.858256846666,4.41604441404343,357.997049868107,3.80538621544838,2.02822184562683,0,153.933724671602,573.474874198437
0.419954538345337,54.0776133835316,1344.50645714998,2.68780314922333,1.10801273584366,1.80565431714058,80.8502941131592,8.34297960996628,536.470079183578,2.38553440570831,10.6401465833187,0.525389909744263,3.35045063495636,2.05084213614464,51.5475140810013,6309.10169821978,135.260004550219,8.87482577562332,23.9490258097649,0,1221.94418779016,3537.60001903772,11616.9958198667,717.757003307343,7.24988439679146,201.341747939587,10040.246202141,590.832146018744,2.76342073082924,45.8511496782303,0.963826060295105,0.549640119075775,1.79449728131294,987.863802909851,1430.15665134788,5809.96010759473,218.366536736488,2187.79194268584,2687.02332571149,28.1578657329082,16.0896351933479,23.4762415289879,15733.46829319,568.845082134008,14944.3385618329,17136.8882060647,897.751197695732,251.409913599491,120.845271945,183.755046665668,62.0818603336811,64408.541919142,7.87075909972191,2.07573008537292,138.044844865799,12455.8531269431,1364.74577826262,34.6805306971073,104.900647491217,308.683027327061,34.1261300742626,9.25502294301987,1722.35830241442,279.668027579784,13561.2831094265,8072.83644515276,256.689522653818,2259.76115959883,17.9083861112595,61634.8931024671,2158.36264616251,0,2701.07119423151,5.44588711857796,10363.6468934715,44595.0533693731,18204.7758317888,432.792271375656,24563.3174254,2.53292769193649,21.967927724123,46.5220399200916,13261.779494971,7946.95434129238
2.26472991704941,74.2538060843945,62.1706654131413,1710.69469189644,49.4637472033501,232.958004623652,5768.58260011673,427.27835342288,5603.89512237906,3494.789080441,63.6808116137981,855.758720487356,183.33979550004,145.57745680213,318.919963598251,1383.96259972453,14.1792420446873,3.06220918893814,4.19819360971451,1968.60927790403,2641.72190096974,716.762438207865,666.594258159399,25218.54145509,117.015907347202,32.487481802702,731.384056001902,16264.0679744184,214.932368308306,28.9131595492363,2.84404164552689,92.8974655866623,24.991212874651,452.730953723192,751.115775763988,8611.02641692758,201.076120734215,839.937913835049,642.724014163017,1768.37803417444,361.559124827385,231.160501867533,4887.7095412612,176.752047657967,1223.60008701682,790.696424514055,1998.99432933331,476.349662691355,200.243278026581,13.801317512989,3211.40342071652,191.832373917103,5927.33981776237,664.119615525007,357.874938577414,2838.73172494769,258.469810783863,55843.6155803204,1020.72192671895,65.4718952775002,1053.83086830378,1774.04088065028,194.148615121841,4386.4250356555,6599.19402644038,69.8954570293427,25.3822748661041,60.8068055510521,871.011977314949,1349.92975401878,16737.200053066,2701.07119423151,0,919.945653110743,186.544288367033,6504.34730151296,26030.0475352407,425.199777424335,1029.51415249705,1.30638489127159,26.6266449987888,102.926928818226,1158.81810668111,1991.87398931384
0,60.2802110910416,0.569454729557037,1.31712570786476,0,0,0,2.20486092567444,17.3273403346539,0.681391537189484,557.556937903166,0,3244.08413267136,0.675747275352478,0,1.73548358678818,12.6924334466457,48.3109155595303,50.312168687582,1.24161225557327,1.89649313688278,37.4528704583645,4.16849213838577,26.3244760036469,3218.34178876877,1836.670137465,2998.87872079015,2.50923720002174,1.35940366983414,0,445.948869228363,0.902503728866577,0,20.1988593637943,8.22878283262253,57.3658794760704,42.3697475492954,35.4145996570587,33.9160645008087,0.519450485706329,0.3692387342453,13.2240062355995,195.340224415064,379.091617554426,112.630255877972,102.121518313885,22.6501742601395,0,294.32757627964,0,2318.41461694241,5.52785348892212,2.7487798333168,6.6330241560936,1.50474786758423,5.05654573440552,2.52376347780228,1584.36857947707,3.20036804676056,588.416983306408,5.49927195906639,8597.25332742929,8.48106360435486,39.0402191281319,10.2109286487103,24.4720696210861,97.0530014336109,228.068193078041,2.58943113684654,1.97035053372383,765.65082475543,5.44588711857796,919.945653110743,0,2036.43525379896,9683.36612960696,16.8864730000496,3.50618317723274,2.94863265752792,223.728236228228,3.78575274348259,0.369771152734756,55.778202444315,8.24123352766037
15.2807940542698,1095.63141489029,868.942010432482,0.39808377623558,2.20553484559059,3.84835004806519,32.1631845831871,27.4496673047543,194.442945748568,3.37294894456863,1729.25274005532,8.22893425822258,4402.45958676934,57.3816978633404,29.3971847295761,75.5528829395771,2109.72380676866,1167.14844876528,3382.44294136763,2.90567940473557,169.634199082851,386.504286199808,396.98508515954,97.7304400801659,2083.02940893173,28812.606487304,36820.9459082186,35.6108850836754,62.3980821073055,141.667460739613,1707.70469328761,14.6282512843609,10.4960183501244,1314.85325053334,713.284628719091,3286.55860170722,904.310402244329,1370.48835885525,1704.65914347768,25.8056413531303,8.32561087608337,42.6472194492817,18261.6997566521,9426.3943721354,13335.5635127723,13727.2311787009,519.872391998768,212.697281658649,988.243582338095,417.533736646175,677.877978056669,12360.27491346,100.726930141449,7.49293592572212,245.630560278893,2431.97390273213,1847.54275131226,126.431038826704,1669.77885264158,10102.9073588848,836.082076728344,725.515927672386,3200.39920046926,66.8934597373009,188.985893458128,18189.3487997651,4692.99871206284,12242.8393315971,474.876417726278,1422.29312652349,93.8277896344662,10363.6468934715,186.544288367033,2036.43525379896,0,39229.3977557421,473.640770822763,1354.28973206878,5402.13769087195,816.426197052002,683.768084555864,23.6685452163219,6634.86820089817,2410.64611500502
24.1978725492954,6616.97715967894,9116.87862330675,3.19995361566544,6.32268697023392,8.54205575585365,287.218011438847,96.5469201803207,336.986864626408,17.420978397131,938.713379770517,8.54860055446625,3358.21289685369,140.175328671932,76.3770588040352,1613.76398703456,5196.21845880151,762.157363265753,3634.21172368526,14.591298609972,1009.68808448315,8826.7987472415,7245.46391999722,521.704498231411,4359.25049573183,28464.8370854557,102076.956462234,393.352534711361,140.43455478549,467.387999266386,1274.9079284966,18.6746981739998,20.3021123111248,3992.76639702916,1876.59398806095,11601.3358455598,1736.56323859096,4525.63972944021,5600.49281266332,76.7973687052727,43.3186488449574,64.3020414710045,41319.3496535718,2971.57544317842,17773.1804639995,20480.872831136,1170.69108185172,257.083706110716,332.811725497246,203.087289512157,27334.346584022,26317.2780855447,25.6617074906826,19.4296331107616,54.2876350581646,1575.95941147208,789.391457885504,3233.96781599522,325.870804607868,1313.24630790949,144.272349864244,2474.63059484959,1446.24157914519,209.439437955618,3469.89309626818,19748.0537419915,1281.07204309106,8390.72231599689,97.6340959668159,5342.28812000155,9223.0726519227,44595.0533693731,6504.34730151296,9683.36612960696,39229.3977557421,0,2627.52998241782,506.428797543049,4883.26733326912,267.380949914455,42.996547549963,24.0408779680729,9906.73363208771,6712.97725719213
2.02999818325043,18.5983822643757,43.4471139609814,1902.74423107505,42.4615044593811,237.304359376431,5504.73531809449,378.045948177576,2494.19481793046,4190.43414786458,6.92012292146683,949.862347006798,9.40340489149094,111.359399169683,247.857630103827,639.810454696417,2.22648859024048,1.90702503919601,3.17650061845779,2513.43956238031,1041.51591262221,313.937050580978,563.806095555425,16783.6327340901,17.9778698086739,4.90094709396362,415.567761704326,12986.9807078838,185.064949274063,25.5701818168163,0,96.8890812397003,19.6126399934292,432.206849396229,775.07879793644,5779.9175453186,121.79230800271,582.184651434422,452.579233884811,1916.67908713222,325.995214313269,313.74432221055,11886.7024235129,301.050452440977,6176.57444339991,2727.04492595792,3089.26344493032,1993.57262313366,289.31450933218,98.682876855135,76.0614668130875,3021.82657179236,2268.07742658257,179.911200016737,1594.56847247481,60101.8301169276,1700.56392261386,8962.37149173021,6767.07052174211,217.297073274851,503.105563163757,42.4221365451813,1443.88469406962,1641.38908025622,4497.45165836811,106.403013586998,124.590103179216,243.825795292854,294.648777514696,16649.2515856028,865.858256846666,18204.7758317888,26030.0475352407,16.8864730000496,473.640770822763,2627.52998241782,0,3123.77605041862,20855.1575852931,2.91834172606468,154.007777661085,783.625784128904,9217.74193352461,5623.57920110226
0,3.62805837392807,2.11779454350471,13.3003298640251,0,0.359705865383148,172.633796498179,5.87824508547783,50.3786291480064,23.8821544647217,1.86443212628365,23.1139497756958,8.98676761984825,3.02041041851044,4.37582203745842,6.90338471531868,3.54895749688148,1.41263222694397,2.40643551945686,27.7226271033287,7.55878272652626,7.96854072809219,7.05118623375893,447.130227655172,2.52837407588959,27.1272719502449,63.2542335689068,355.410473138094,1.94972616434097,0,1.6859815120697,0,0,8.06881138682365,10.942968249321,166.757854104042,7.13430887460709,16.4571203887463,7.24411201477051,39.2640706300735,7.47691288590431,22.4073369801044,960.987103193998,37.2631866633892,1293.23366615176,256.65016156435,467.956997603178,137.392521172762,83.4653261899948,5657.39085069299,5.83176746964455,303.790957063437,153.311162173748,7.83323165774345,391.475779026747,8789.20205950737,2209.10371905565,140.462606728077,2666.32555642724,1984.86433589458,947.106892943382,19.7133393585682,15468.0783553123,73.5167058706284,12.608849555254,541.076195597649,536.710457146168,1075.56786932051,525.2534275949,1446.86429104209,4.41604441404343,432.792271375656,425.199777424335,3.50618317723274,1354.28973206878,506.428797543049,3123.77605041862,0,18302.7169742584,33.8935593366623,532.751574486494,2765.94128143787,9024.31089936197,107.399625778198
0,4.98351892828941,65.6171452999115,0,0,0,11.0684153139591,0,164.38530293107,1.52600863575935,0,0.525080442428589,0,0,4.47477787733078,180.732121229172,23.6400702297688,0.527092695236206,4.26956298947334,1.30390241742134,200.677208811045,108.180053949356,273.857592701912,151.423876047134,1.58326244354248,75.2165715396404,476.615854412317,90.6780009269714,0,0.361700147390366,0,0,0,29.7738286554813,90.6572459042072,323.482791483402,7.65719965100288,66.5728206336498,73.253330051899,12.7200250029564,0,1.89465224742889,1065.98710435629,38.6443808376789,3608.93722340465,1171.58373829722,299.890236467123,336.869897067547,51.2342593371868,9445.50726890564,4.17775636911392,10137.0697807074,15.7954132556915,5.97431325912476,317.480439305305,24456.87321347,6273.17850825191,94.2899870276451,394.001691877842,553.675263106823,91.9438671767712,5.60979619622231,20762.8645243049,120.819770097733,1124.99720332026,8529.67987850308,478.933764517307,4052.55126589537,65.1535913944244,28090.0696972013,357.997049868107,24563.3174254,1029.51415249705,2.94863265752792,5402.13769087195,4883.26733326912,20855.1575852931,18302.7169742584,0,5.04842418432236,53.9736104011536,2738.29508125782,17278.9611719847,948.674837231636
0,21.1717881560326,0,0,0,0,0,0,4.37820327281952,0.383165448904037,746.184937894344,0,2206.5315566361,0,0,1.34487307071686,1.15160799026489,53.3603520393372,10.2930161356926,0,0,18.8121296167374,0,0.959197461605072,319.899940848351,1065.79966849089,614.18887218833,0,0,0,589.625372201204,1.26494741439819,0,21.8698371052742,3.12451404333115,11.5289022922516,22.4411858916283,20.6910363137722,17.4163879156113,0,0,9.72383624315262,85.8369468152523,679.065880686045,382.566405743361,149.400582015514,13.3176721632481,3.9169095158577,245.342618793249,0,6.55830812454224,0,1.99927169084549,0,3.07071420550346,16.9313913285732,29.591695189476,13.9523353874683,38.1345328688622,1326.17867946625,23.0100259184837,1144.56821617484,49.8950184583664,3.91368651390076,0,1.46264457702637,170.048029780388,43.8467853963375,11.6711327433586,0,3.80538621544838,2.53292769193649,1.30638489127159,223.728236228228,816.426197052002,267.380949914455,2.91834172606468,33.8935593366623,5.04842418432236,0,43.344951748848,0,310.582500874996,25.4685417413712
0,0,0,0,0.525586307048798,0,15.1999005377293,0.466004699468613,6.18620416522026,0,2.05067729949951,0.536740124225616,10.0755473673344,0,2.53328847885132,1.48006772994995,0,0,0.755478858947754,6.45551294088364,1.08356976509094,0,1.33490777015686,62.8708607852459,3.10679441690445,8.54415449500084,3.99273812770844,27.0807636678219,0,0,0.854279339313507,0,0,0.41332334280014,4.39577746391296,15.91832447052,0,0,0.749513864517212,10.4839189052582,0,14.3240177333355,714.377765208483,64.6715386807919,1034.65292388201,249.389046370983,524.941192150116,6645.33904710412,590.466708064079,17.9011327028275,0,10.727396607399,30.4167627990246,5.44788494706154,62.2691349685192,237.381176620722,272.099258959293,14.2862131893635,328.841955691576,1793.20908331871,196.437359154224,21.7294705510139,211.225100517273,7.97987571358681,1.89881506562233,5.03749689459801,347.444100826979,109.909070938826,81.8306691944599,13.9992750585079,2.02822184562683,21.967927724123,26.6266449987888,3.78575274348259,683.768084555864,42.996547549963,154.007777661085,532.751574486494,53.9736104011536,43.344951748848,0,0.402029007673264,11400.4885650575,36.5126836597919
0,0,0,1.21941354870796,0,0,13.9460927546024,0.297990620136261,6.67166051268578,1.98356667160988,0,0,0,0,0,2.70611935853958,0,0,0,1.73721581697464,4.49485132098198,2.64145284891129,0.810435891151428,75.1160572469234,0,0.988449692726135,8.16546362638474,57.3835536837578,3.41993862390518,0,0,0,0,1.21686571836472,3.25382149219513,33.388149023056,0,2.23397773504257,2.82586163282394,11.3254763484001,1.93957787752151,3.41311371326447,19.1010205149651,2.01749634742737,100.580258965492,24.7154358923435,5.58664500713348,2.49875798821449,0.800196677446365,24.7682267129421,0.441301375627518,13.9065548181534,0,0,10.9206236898899,637.104048997164,74.0008443892002,13.1510677039623,10.5832402706146,7.03457173705101,1.69781723618507,0,134.672828048468,0.330692976713181,5.90410971641541,35.7210074067116,4.96512866020203,34.4438715875149,0,406.203707545996,0,46.5220399200916,102.926928818226,0.369771152734756,23.6685452163219,24.0408779680729,783.625784128904,2765.94128143787,2738.29508125782,0,0.402029007673264,0,1663.07893165946,5.64837762713432
0,52.7364222705364,515.512351363897,30.7960624098778,1.16720128059387,4.76070961356163,304.899598330259,14.7548980116844,85.0925913453102,67.0309962332249,30.9411179125309,23.3244152665138,83.2297450304031,6.690125644207,14.7344541251659,280.444178789854,122.904732495546,15.4254728853703,58.453037083149,30.6604566574097,193.889084726572,322.700702875853,710.852430433035,880.613594740629,28.5772161483765,527.323199629784,2555.52064329386,717.185972332954,7.92592865228653,12.5619703233242,28.2255202233791,7.65001827478409,0.541150152683258,147.067605644464,71.6324628889561,942.631365925074,55.1092174649239,228.711217731237,257.845115125179,107.557169348001,15.4627546668053,49.2188912332058,1043.69040128589,207.47152492404,1260.22433280945,467.133566766977,211.450584203005,414.274348735809,126.083605438471,562.048702389002,88.6633181869984,2896.94299811125,200.585478693247,439.935858875513,344.917301625013,6322.30674552917,1762.73908740282,156.671538949013,2708.6001522243,13752.5799483955,748.863763570786,242.07256937027,3968.22813135386,41.1425926089287,1038.4698318541,2097.43556404114,3345.07116860151,8931.17751061916,450.866202622652,23489.587098062,153.933724671602,13261.779494971,1158.81810668111,55.778202444315,6634.86820089817,9906.73363208771,9217.74193352461,9024.31089936197,17278.9611719847,310.582500874996,11400.4885650575,1663.07893165946,0,188.313073277473
1.81362980604172,65.4628599584103,364.803299248219,11.5526921749115,861.61845818162,688.597523570061,506.105402976274,173.359009325504,325.654693841934,559.034074038267,62.236468911171,1289.05961057544,5.17357152700424,12.8517487049103,4891.63819396496,959.064260303974,58.8863013982773,92.63123524189,109.582569003105,23.2118746638298,1110.27699124813,682.158047378063,3435.33131915331,1365.398334831,9.82823896408081,510.27115765214,3839.33465138078,1230.18993657827,20.0787570774555,302.934963852167,2.00487622618675,5.71309161186218,3.59115469455719,140.884185105562,333684.972153097,3080.38383486867,1590.64869508147,419.423542767763,9542.46568197012,319.790074557066,124.9892552495,137.76081392169,9837.94102698565,4529.25153702497,1090.96966391802,8721.28192663193,478.33235257864,415.693664461374,440.659927219152,15.1255823671818,36.0391431450844,1123.97838267684,144.646431475878,387.329705655575,1145.39919033647,3551.25214540958,373.693249374628,268.477548956871,888.220048516989,319.565603852272,4616.38343080878,12.4140450060368,182.439235776663,709.722104728222,2222.36076563597,93.3856292068958,337.521696656942,617.713954985142,123.28579506278,2897.77763745189,573.474874198437,7946.95434129238,1991.87398931384,8.24123352766037,2410.64611500502,6712.97725719213,5623.57920110226,107.399625778198,948.674837231636,25.4685417413712,36.5126836597919,5.64837762713432,188.313073277473,0
