"Predictor","Test_Statistic","p_value","functional_ve","semi_partial_r"
"sepsis2",48.5551277378165,3.79359080383011e-64,0.00451983222481664,0.0581066285253871
"eTIV",38.2366454457208,8.12466765350001e-73,0.00603181380263077,0.0627091690489667
"sex",23.1839483703106,1.5548471201001e-45,0.00707038800343779,0.0503195326088906
"sriskscore",55.1777572403637,5.34238503816259e-89,0.00408097265146137,0.0685999281657523
"age_at_5y_mri",6.31772614493406,8.85474632185815e-08,0.000377443482554056,0.0214085670266777
"Rel_Motion",30.4856784480289,6.53010399413045e-67,0.00498153170174312,0.0605839380114903
