"Predictor","Test_Statistic","p_value","functional_ve","semi_partial_r"
"Group",2.10383535971773,0.0852158141395521,0.0173547458319345,0.131737412423102
