"Predictor","Test_Statistic","p_value","functional_ve","semi_partial_r"
"Group",4420.75045903573,0,0.00624469568073564,0.219487067162908
"Rel_Motion",16397.679568613,0,0.13781493484404,0.423963236763983
