"Predictor","Test_Statistic","p_value","functional_ve","semi_partial_r"
"dwma_percent",28.655870142944,4.19732349874155e-53,0.00399533784706417,0.0539159553300608
"eTIV",34.1616528963426,1.65847893536217e-62,0.00603181380263077,0.058239884272519
"sex",23.6518735887311,1.54483301492629e-46,0.00707038800343779,0.0508505398774519
"sriskscore",55.6459171621565,3.69711724244216e-89,0.00408097265146137,0.0686698672401204
"age_at_5y_mri",9.12106693103766,2.6093678867007e-13,0.000377443482554056,0.0279799599073273
"Rel_Motion",29.8429058331661,1.86727512615494e-70,0.00498153170174312,0.0623602085447468
