0,0,422.772594630718,3.77690997719765,1.96206170320511,112.64225924015,6063.73860919476,1219.10123676062,8.4369655251503,207.509378165007,57.1271571815014,14.6618726551533,9.19169810414314,8160.64546582103,6.14450171589851,0.743034064769745,1342.919801265,33.2173026204109,167.103668361902,3.60447484254837,192.140205979347,1.03853040933609,1336.93340846896,7.63118022680283,0,217.065004616976,115.206810742617,102.277311146259,8485.3776050806,4217.96317282319,0,23.1563684046268,25.4059033095837,323.387243509293,13.9982957839966,167.275713682175,19.9264159500599,234.20893830061,107.937642335892,40.6513290703297,15.9013829231262,10.9837358593941,0.943748116493225,0,0,0.822804152965546,2.99672079086304,0,0,0,0,0.558095097541809,0,0,0,0.867617309093475,0.528536379337311,3.93960243463516,1.21625971794128,0,0,2.31870752573013,0,0,0,0,0,0,0,0,0,0,7.37185478210449,0,0,2.16042530536652,9.71794319152832,0,0,0,0,0,0,5.11312860250473
0,0,88.6328712105751,1.223393201828,4.45107233524323,1.29463410377502,29.210022598505,1.20146441459656,1185.6115898788,6.47172504663467,41.3132200539112,4.01050692796707,2752.83607292175,1.42107534408569,69.0270830690861,408.348775476217,19.6390435993671,2.40356653928757,7.94469809532166,1.88467824459076,83.8053394556046,1622.23922231793,238.380499988794,3014.09313732386,2292.98861700296,474.16314637661,26341.2411179245,654.107550293207,6.7474664747715,1.52529990673065,79.0722742974758,3.16198372840881,0,20.9822050333023,2.94257760047913,110.383395195007,131.371235817671,93.643983066082,29.6586230695248,56.1384766697884,0.785250306129456,498.580590009689,168.953375101089,118.029363870621,107.947240486741,131.553402006626,0.727956175804138,0,127.001938164234,0.898576945066452,3019.62431043386,209.705347627401,1.22102671861649,0,0,7.28727525472641,0.875380635261536,2.18090772628784,0.737605810165405,79.2939592897892,1.45965099334717,127.659059494734,1.1850870847702,0,53.7735894620419,150.325645029545,0,14.1719077825546,0,3.60545083880424,545.641917347908,26.054274648428,51.6413868367672,70.7564986944199,461.442465722561,9467.07251691818,19.3341864645481,0.722408264875412,7.01464742422104,97.2351348102093,6.56279808282852,0,28.6966752409935,12.0099254846573
422.772594630718,88.6328712105751,0,9.11211442947388,12.2639424204826,187.730338692665,4256.60025149584,3464.11714613438,4.24399253726006,361.942155450583,359.611232668161,40.0965717732906,14.4668622612953,2692.03182771802,27.0619612336159,39.9320767223835,38139.6820079982,471.262895494699,4181.79769182205,7.81587335467339,1677.39308086038,19.0636969506741,27546.1882808059,52.0815525054932,3.37506675720215,20456.3896120489,45441.2156673372,2341.88576731086,1075.80438771844,3257.13754612207,2.9312399327755,50.9314829409122,25.9750626683235,4131.44230742753,1087.53724005818,14602.3593307734,4384.6317872107,7262.09864063561,7006.97415883839,267.822055697441,114.279437214136,14.7004670202732,474.359853684902,95.4081660807133,255.95095127821,271.108751744032,7.62799060344696,3.25951933860779,1.37704437971115,0,187.628158092499,827.254626512527,0,3.52617335319519,0,24.0204536318779,0.455474644899368,7.09685218334198,0,19.0359227657318,0,8.61866414546967,8.03736767172813,8.74908989667892,96.1370487511158,316.874268293381,2.25330066680908,9.69064521789551,0,30.7192678749561,74.3471817970276,149.041864663363,34.2687776386738,5.30273008346558,475.957852810621,9500.21981886029,43.7987628281116,2.20469471812248,17.3847091495991,25.1491782367229,0,0,42.1685696840286,281.536230385303
3.77690997719765,1.223393201828,9.11211442947388,0,30.989248663187,77.8532788455486,207.625545680523,115.758174389601,3225.19109866023,8749.21812203526,13.5440807938576,6110.08557698131,4.93853414058685,115.014842450619,270.09514695406,0,3.2807357609272,4.85708826780319,5.67900761961937,13036.0108493865,0.98144668340683,0.430271089076996,11.6440495848656,3202.88632175326,0,4.23440828919411,4.29943963885307,12826.6946148574,100.509723544121,1.75458142161369,0,21.616005897522,1.67870807647705,72.316942512989,34.8433595001698,511.149014383554,7.13908615708351,154.545504808426,56.6814211010933,294.357439994812,72.7178972065449,4.77225470542908,36.7794124484062,0,38.5893834531307,2.6147038936615,569.592600703239,5.96779412031174,0.833147525787354,1.19425201416016,0,0,866.254463464022,50.5662508904934,41.517156213522,188.809588849545,41.1626336276531,860.60129866004,496.87641069293,2.7898890376091,205.894863277674,0.714072704315186,23.9846021831036,92.8832945227623,0,0,0.767431169748306,0.637792199850082,430.668008625507,0,0.311768084764481,0,1356.36060500145,0,0.348225742578506,0,1593.01254221797,10.522388279438,0,0,0,0,13.3272911906242,2.40339070558548
1.96206170320511,4.45107233524323,12.2639424204826,30.989248663187,0,3125.39406046271,104.048147797585,206.625384658575,335.449853777885,686.801987946033,8.31027427315712,654.06928858161,8.00394308567047,28.9052348136902,3435.99228510261,28.585388302803,12.4008629918098,3.35121470689774,5.41628244519234,40.2061765193939,159.644002258778,4.33502006530762,210.837065666914,156.300163775682,0.991838783025742,9.04131311178207,17.158637881279,305.964269399643,38.1603753268719,51.368419200182,0,885.581828594208,1.32300364971161,547.76738858223,763.719002872705,574.147060930729,43.8503433465958,69.438429415226,47.8772715032101,15999.0102924109,7712.40511906147,30.6307519376278,42.4561590850353,5.44635945558548,5.69919860363007,37.0279486179352,298.489480733871,1.4400954246521,0,0.462618231773376,0,2.80702126026154,87.9679474234581,16.1749291419983,10.401812940836,21.9493845105171,10.0759766697884,99.5924624502659,36.864237755537,3.22234499454498,73.7556101083755,6.61413794755936,3.54838216304779,35.8186105489731,19.663455247879,4.39169836044312,0.542425334453583,1.21906530857086,28.6366993784904,12.5457862019539,2.57873737812042,11.8064414262772,193.60893586278,0,5.67319345474243,10.0998250246048,203.035788685083,3.93940794467926,3.4805371761322,0,0,0,3.94719570875168,1793.30169340968
112.64225924015,1.29463410377502,187.730338692665,77.8532788455486,3125.39406046271,0,1681.28859370947,18648.142930299,479.75152528286,17883.2813219428,246.111818701029,3371.95207425952,73.9194828569889,2019.14808678627,5337.37592542171,1.34756118059158,151.379535466433,53.1997414529324,54.0593221485615,198.295246213675,65.316971540451,1.73200553655624,409.889106810093,99.2483249902725,0,61.0473528802395,52.263086527586,724.928290933371,1187.73693783581,240.800114482641,0.759757339954376,637.943001717329,16.0532097220421,489.380562633276,5110.95518401265,2480.26194438338,83.7545612752438,560.258320093155,270.490696191788,8780.67136797309,5231.84755304456,148.172968536615,46.3559951782227,4.9775228202343,13.29038220644,4.28910022974014,555.223056852818,4.28079026937485,1.46252876520157,0.75698322057724,0.63326495885849,1.51630163192749,231.889852434397,41.5232337415218,40.1751977205276,45.0934843122959,18.1843675971031,233.840142130852,70.5713641345501,11.6477574706078,166.084115087986,33.5527672171593,16.2689484357834,54.2592132091522,1.23630779981613,0,0,0,36.2996446788311,1.799953520298,1.01301181316376,0,413.549639195204,1.57585835456848,1.12529158592224,2.84824645519257,408.143157720566,2.22376927733421,0,0,0,0,2.13078773021698,734.799707770348
6063.73860919476,29.210022598505,4256.60025149584,207.625545680523,104.048147797585,1681.28859370947,0,19425.4950783253,1605.39038458467,26682.0909992456,532.500779315829,241.275009512901,136.819996446371,35421.7273534387,983.146573126316,57.8742311298847,1639.48233774304,159.48945261538,339.362871080637,103.943134725094,3245.73643040657,111.266492694616,9106.17215871811,1037.84191951156,16.552525639534,435.632083311677,698.343776106834,49842.6822045147,12257.2387694418,21193.7795624733,2.35996532440186,448.474767267704,453.856956154108,2575.43461230397,1462.06231307983,9659.91204485297,386.891438066959,5180.37451851368,2300.36877548695,1513.46168506145,1095.91157463193,383.206342995167,1183.65189230442,8.50503128767014,574.915860593319,103.077170044184,1114.97310209274,100.879768192768,1.53898060321808,24.2172676324844,6.32099825143814,15.536788135767,610.893626511097,54.3007393479347,62.6877253651619,1773.25166621804,310.953653275967,779.318325430155,472.416523903608,134.476819604635,242.893406897783,56.2302745878696,296.440208017826,143.343740254641,134.886271268129,0.723332285881042,0,0,143.425517350435,21.0637935400009,72.9275102317333,20.0820945501328,6541.34488648176,0.392101287841797,0.292418509721756,190.047193318605,7511.21142193675,320.093481004238,9.07240614295006,0,0,6.28392815589905,187.239928424358,267.623164355755
1219.10123676062,1.20146441459656,3464.11714613438,115.758174389601,206.625384658575,18648.142930299,19425.4950783253,0,260.422434866428,19604.8293973804,198.190181404352,948.668983370066,69.3153127133846,35385.0413289219,380.847617655993,7.2961677312851,2266.09747555852,50.9973156750202,286.042329326272,186.925986856222,1281.40323543549,3.52439898252487,8505.61535286903,268.753308534622,0.494789361953735,482.006549477577,357.155677527189,2215.13025811315,3820.63907948136,5123.15355297923,2.13839158415794,527.096922814846,87.3521715700626,800.189887240529,416.48924601078,3293.92696252465,148.462238729,1310.57856947184,671.211000829935,2511.77946481109,1134.38086232543,148.027967274189,111.289506733418,3.00257760286331,51.2952889800072,7.04937288165092,213.774714887142,2.67027622461319,0.588223397731781,2.13986086845398,0,4.29499560594559,59.8949690163136,1.8919635117054,6.41554582118988,245.905947953463,9.30747452378273,146.356615513563,30.8689175844193,13.952420771122,22.9859075546265,33.1447392106056,17.3562893867493,14.0835230946541,2.16627830266953,0,0,0,14.1006042957306,0.932037472724915,3.22057485580444,1.12290367484093,877.990703135729,0,0,32.3190235495567,927.721763163805,10.9275646805763,0,0,0,1.49697995185852,9.86648952960968,67.2895925045013
8.4369655251503,1185.6115898788,4.24399253726006,3225.19109866023,335.449853777885,479.75152528286,1605.39038458467,260.422434866428,0,5521.98192322254,40.6915154755116,2563.79845502973,816.851432293653,138.991412639618,2822.09038174152,25.0911320745945,2.6621572971344,3.35684442520142,4.05674383044243,976.757096350193,56.1468445360661,6724.46358066797,34.0455010533333,58652.2518176436,808.628325015306,12.133741080761,2207.60136017203,10050.3116027713,160.73551940918,5.9148373901844,22.4156783223152,43.3265367746353,8.96529400348663,56.7118427157402,58.7943539619446,889.379096210003,37.7638371884823,155.36751422286,84.1507607698441,2461.16034734249,54.8613319993019,70.2691587507725,1037.33029726148,13.2435718774796,323.332301348448,72.524985730648,335.572890996933,55.2338460683823,16.5790900886059,39.6633304357529,35.30385607481,6.1184287071228,443.496667265892,31.5207013189793,55.4428138434887,838.120171070099,151.732982546091,4912.36675274372,189.706020623446,63.8035416603088,111.198889553547,21.2232009768486,132.048863470554,137.84572789073,144.692314535379,2.50481367111206,5.65122801065445,4.20572990179062,69.754420787096,47.772346675396,304.124729424715,18.9277122914791,7301.61515018344,6.84338870644569,12.1225429177284,106.404206007719,4115.39587986469,391.089006096125,57.0387143790722,7.09246754646301,1.12850832939148,10.1873422265053,136.285848766565,194.160453885794
207.509378165007,6.47172504663467,361.942155450583,8749.21812203526,686.801987946033,17883.2813219428,26682.0909992456,19604.8293973804,5521.98192322254,0,1326.37586268783,5794.94756582379,333.447300583124,8379.78690260649,2200.04272186756,6.81023219227791,228.681705147028,364.555297225714,314.949472367764,5898.11983799934,131.717792242765,26.1404636800289,559.027074337006,2191.6813108623,9.42714494466782,291.042623400688,224.715831935406,28495.1853094399,5629.70744171739,220.915873497725,6.03188654780388,870.116515874863,25.4953556954861,2282.06769457459,1770.06796732545,10911.1940090358,265.637805551291,3619.03789278865,1067.29248344898,3736.37533673644,1303.78230714798,490.435354083776,250.982876092196,5.56327366828918,106.550525993109,15.4586330354214,1710.35667854548,12.3162549436092,3.21302780508995,2.60790652036667,1.48369663953781,0.31750163435936,1337.4671331048,112.755094319582,96.3023170828819,660.484889656305,84.5828682780266,1702.79472368956,1057.37191098928,53.944188863039,482.750522166491,77.1956917643547,79.6096439659595,212.276566356421,13.560437142849,1.2188728749752,4.18942087888718,1.06414851546288,420.17423582077,3.19116681814194,3.35782784223557,1.25149637460709,4000.49332159758,0.499230176210403,1.29870900511742,10.6923079192638,4174.31602013111,18.3672903180122,2.86103996634483,0,0,0,29.4683640897274,1101.65316987038
57.1271571815014,41.3132200539112,359.611232668161,13.5440807938576,8.31027427315712,246.111818701029,532.500779315829,198.190181404352,40.6915154755116,1326.37586268783,0,269.111742794514,4810.50349339843,684.55041384697,35.0510017871857,7.23286551237106,938.709000557661,12704.697242707,4217.34628534317,76.8875102996826,62.7490175515413,34.8272213637829,374.668046563864,59.765574246645,275.098882317543,5278.8287101388,534.905194938183,230.987942129374,2485.49335491657,115.945832431316,199.257745712996,641.838287472725,16.4505932331085,8887.23550263047,109.232320010662,1812.42308104038,7030.98471790552,8454.68298064172,1359.06050077081,168.55726402998,55.7115048766136,2021.36731606722,7.11331874132156,1044.42275616527,20.5519573390484,4.28426033258438,18.1301661431789,0,601.727102458477,0,148.472349882126,2.28795939683914,0.75773674249649,0,3.87898373603821,1.60145944356918,1.60026723146439,32.2391590774059,0,1207.97580164671,0.503855526447296,2583.59067669511,3.20224553346634,2.73951411247253,3.89179104566574,0,1.11264026165009,0,0,0,10.7300921678543,0.43671840429306,38.218344271183,453.860973805189,453.12275031209,1048.21504482627,1.37180703878403,15.7367109060287,0,1073.64639824629,35.9761843085289,0,117.32845017314,18.2164441347122
14.6618726551533,4.01050692796707,40.0965717732906,6110.08557698131,654.06928858161,3371.95207425952,241.275009512901,948.668983370066,2563.79845502973,5794.94756582379,269.111742794514,0,71.9085814356804,828.050104379654,3898.89382645488,1.34356632828712,41.9125588238239,83.2569034695625,69.8745205402374,11665.2191374302,2.76081317663193,18.602134346962,29.3936629891396,1032.66053777933,2.44214063882828,69.1012440621853,59.4334879815578,3137.8927859664,803.482927203178,21.393345028162,1.57114726305008,141.043889433146,1.38726007938385,374.787466794252,4649.58943143487,1238.07495298982,36.9881681501865,363.670691102743,93.4743421673775,2350.30431631207,91.0991399586201,72.8995739817619,54.5153680145741,3.30273759365082,21.9140038490295,7.54804229736328,984.938341230154,3.61696070432663,1.44924771785736,1.23571753501892,0,0,623.923540771008,85.824601739645,85.8288018107414,57.7490334808826,59.7227568328381,876.282228529453,222.020895808935,17.9639132022858,365.446219235659,20.7100169360638,25.3413707315922,153.368739157915,4.14837580919266,0,0.764686405658722,0,169.242183625698,0,0.44259187579155,0.489092946052551,1017.72918301821,0,0,0.443003445863724,1000.86530801654,14.3737876117229,0,0,0,0,11.1572401225567,641.003052026033
9.19169810414314,2752.83607292175,14.4668622612953,4.93853414058685,8.00394308567047,73.9194828569889,136.819996446371,69.3153127133846,816.851432293653,333.447300583124,4810.50349339843,71.9085814356804,0,187.441737383604,35.8669210672379,152.133683651686,21.1061067283154,44.6907843053341,10.5671092271805,16.7946948409081,37.3622385263443,1051.58389824629,86.5675666332245,1382.45920941234,9356.33996200562,316.464076191187,9541.2372520864,441.117598176003,516.505731135607,18.9557767212391,1111.38010293245,147.175261348486,1.22840690612793,1728.88808903098,8.36303913593292,365.12428149581,3167.0962125361,3729.68681031466,81.7995429039001,158.304254382849,24.9102585613728,8171.83835813403,93.4806910455227,3847.37761551142,150.988081514835,51.8108069002628,21.8169698119164,3.09642013907433,3163.9343329668,0,1553.15161308646,26.6463041305542,5.11266696453094,0,7.5851868391037,3.63240322470665,13.8827095627785,116.367808759212,0,4941.80605086684,4.30236375331879,11169.2115596533,16.5202130973339,4.39877676963806,22.4648790955544,8.53931659460068,13.3340037465096,9.85266661643982,0,0,83.0393273234367,0,121.412039548159,4006.22378665209,4047.95201948285,8701.93018227816,16.9031746089458,108.968594968319,0,5190.64722365141,179.798435688019,0,566.571011394262,1.44265997409821
8160.64546582103,1.42107534408569,2692.03182771802,115.014842450619,28.9052348136902,2019.14808678627,35421.7273534387,35385.0413289219,138.991412639618,8379.78690260649,684.55041384697,828.050104379654,187.441737383604,0,136.122321784496,9.61451360583305,4221.78438204527,173.651839733124,602.933147549629,197.681244820356,1121.46194684505,5.90017148852348,7153.39549085498,135.893394261599,7.51637405157089,887.749916136265,426.362854987383,1551.81306743622,18713.0872040242,10484.6131287217,2.06081992387772,499.80770149827,80.2880191802979,1309.82971262932,96.8138606548309,3231.61075109243,216.33406662941,1535.40850555897,659.345727443695,979.59725061059,382.846970885992,234.09490442276,51.3778578937054,2.35968720912933,8.17260706424713,1.07631731033325,115.071343928576,0,6.3662725687027,1.90401688218117,0,3.89215677976608,7.74594539403915,3.81418305635452,1.07595074176788,49.0601952970028,0.704122006893158,63.4784581065178,3.17241394519806,20.7224723100662,11.281377017498,51.3596769273281,0,5.99394965171814,5.10670870542526,0,0,0,5.8184255361557,0,1.71718668937683,1.0340533554554,278.584839850664,6.52105504274368,0.697108864784241,34.1686592698097,219.454943984747,1.53244099020958,2.79585158824921,0,0,0,4.28601613640785,20.9353238940239
6.14450171589851,69.0270830690861,27.0619612336159,270.09514695406,3435.99228510261,5337.37592542171,983.146573126316,380.847617655993,2822.09038174152,2200.04272186756,35.0510017871857,3898.89382645488,35.8669210672379,136.122321784496,0,28.3902106881142,37.4753068089485,8.30032739043236,7.74913141131401,289.447731047869,283.633001714945,140.633994162083,257.065493285656,1624.92642325163,34.1704708039761,22.106967061758,122.656595766544,2007.52559319139,195.174059301615,266.383663117886,0,126.866025865078,16.8879498839378,71.7574301958084,3081.32055559754,649.950294584036,45.0605402588844,105.424440532923,85.3536976277828,4812.11924651265,108.071912735701,27.2096844017506,122.375258028507,15.720475435257,43.1893223524094,68.4667739272118,756.221257984638,6.70426380634308,0,0,0.507256507873535,4.28608095645905,310.361722260714,43.7269959747791,58.0171589553356,110.859274566174,43.8602854609489,422.845646560192,120.440670728683,11.2199111580849,201.05658352375,11.6460826694965,28.0354065299034,97.8210179805756,42.455460190773,1.49537658691406,0,2.23253017663956,76.4615968465805,53.0722940564156,5.53594839572906,39.4884074926376,733.461857557297,0,5.61267775297165,22.2751793265343,770.621641665697,23.3289090096951,12.0022245645523,0,3.10574609041214,0,15.6048908233643,3684.44680505991
0.743034064769745,408.348775476217,39.9320767223835,0,28.585388302803,1.34756118059158,57.8742311298847,7.2961677312851,25.0911320745945,6.81023219227791,7.23286551237106,1.34356632828712,152.133683651686,9.61451360583305,28.3902106881142,0,64.6557613611221,6.04496040940285,20.2805636227131,0,6322.52348008752,4564.40992167592,10769.4260328412,6829.58224755526,141.827715277672,26.9904178977013,2783.01398411393,3470.00975173712,9.60625001788139,12.6011329591274,2.61868786811829,12.1970651745796,0.385809600353241,98.308948084712,524.764210760593,6373.77701684833,1556.94945314527,1191.38402575254,1697.06964960694,141.575862109661,57.0947526395321,80.2867523133755,1812.58063039184,278.91867172718,194.365457862616,222.219566881657,45.43754529953,6.69405847787857,5.69469830393791,8.63387858867645,44.9294241070747,22.4219454228878,0,1.18598914146423,0.62692266702652,65.1084556281567,5.43218091130257,4.32595729827881,3.77498888969421,38.6963235735893,0,17.9586573541164,8.76945585012436,35.420215934515,9188.12707769871,11.2294140458107,0,1.2615507543087,0,124.090732693672,2072.88998785615,773.978725910187,943.631080567837,3.74928167462349,1.8181012570858,2174.80169689655,440.48369166255,50.4480199217796,21.5520997643471,2.37106716632843,1.35014188289642,0.494533002376556,16.8305230438709,202.49046599865
1342.919801265,19.6390435993671,38139.6820079982,3.2807357609272,12.4008629918098,151.379535466433,1639.48233774304,2266.09747555852,2.6621572971344,228.681705147028,938.709000557661,41.9125588238239,21.1061067283154,4221.78438204527,37.4753068089485,64.6557613611221,0,842.557077109814,10740.1553299278,17.7377125620842,2424.94737102091,12.3799215853214,25079.9767601788,35.9891065359116,0,12877.613933593,12869.1592411399,757.172391831875,5257.45821301639,8235.95849829912,0,49.3343249857426,189.314942598343,10887.8109036386,426.745203107595,4897.01605856419,1419.98351883888,6769.50344905257,4660.55973252654,179.736664623022,81.9699522852898,18.0425992310047,29.9912339448929,9.08476838469505,19.4597744047642,23.8514929413795,2.89933729171753,1.40452802181244,0,0,14.0211697816849,66.7547531723976,0,0.367027819156647,0,0,0,0.486534357070923,0,2.65364742279053,0,1.53234487771988,0,1.10821521282196,21.9005461633205,13.0924914181232,0,0,0,2.07691431045532,21.7739828228951,16.1570135354996,0.806290805339813,0,28.7686503827572,679.160863041878,0,0,0,4.79518818855286,0,0,2.09015145897865,110.433794379234
33.2173026204109,2.40356653928757,471.262895494699,4.85708826780319,3.35121470689774,53.1997414529324,159.48945261538,50.9973156750202,3.35684442520142,364.555297225714,12704.697242707,83.2569034695625,44.6907843053341,173.651839733124,8.30032739043236,6.04496040940285,842.557077109814,0,3877.18794757128,20.8383043706417,54.312596604228,0.680524230003357,338.922856003046,7.69517776370049,1.08188760280609,8542.78285828233,453.915182977915,65.2294915318489,510.095010429621,70.0374306440353,18.1207749545574,102.702618062496,8.16022285819054,1788.56655868888,172.115062832832,2551.92863121629,3169.31863936782,3403.07444518805,2161.21100965142,37.7881489694118,17.3930192291737,24.3409798741341,3.5604692697525,15.3854727745056,1.23806726932526,4.95782375335693,0,0,2.09751904010773,0,1.9568090736866,1.67096057534218,0.924330830574036,0,0,0,0,4.18275365233421,0,9.9487811923027,0,16.4944722354412,0,0.766915023326874,0,0,0,0,0,0,0,0,0,3.41961258649826,44.3929135799408,55.0096239447594,0,0,0,17.5445804595947,0,0,1.36575937271118,48.1490271389484
167.103668361902,7.94469809532166,4181.79769182205,5.67900761961937,5.41628244519234,54.0593221485615,339.362871080637,286.042329326272,4.05674383044243,314.949472367764,4217.34628534317,69.8745205402374,10.5671092271805,602.933147549629,7.74913141131401,20.2805636227131,10740.1553299278,3877.18794757128,0,18.1513214111328,222.239388376474,5.28353276848793,2608.27028053999,7.93741291761398,0,13962.6123809218,2328.2674664408,149.643898576498,1008.52989593148,630.311006247997,3.72545433044434,89.9343293309212,30.7418822944164,4771.12863232195,253.064900994301,4477.99586823583,3478.67551639676,4830.68246725202,2932.06049659848,55.5808789730072,36.3831984996796,7.4978318810463,9.02299344539642,9.95897483825684,0,9.89041954278946,2.14543282985687,0,0,0,3.82141846418381,7.67600870132446,0,1.39937174320221,0,0,0,1.70072838664055,0,4.89182245731354,0,1.95107859373093,0,0,2.39519974589348,1.2484405040741,0,0,0,0,4.88285091519356,0.70125824213028,0,0,24.3334624767303,110.622628003359,0,0,0,8.04829668998718,0,0,0,68.8675943315029
3.60447484254837,1.88467824459076,7.81587335467339,13036.0108493865,40.2061765193939,198.295246213675,103.943134725094,186.925986856222,976.757096350193,5898.11983799934,76.8875102996826,11665.2191374302,16.7946948409081,197.681244820356,289.447731047869,0,17.7377125620842,20.8383043706417,18.1513214111328,0,1.06152808666229,1.04138922691345,18.0047397017479,686.155870854855,1.23840218782425,16.5653446018696,16.0155765116215,2506.96011024714,246.054726332426,6.83987033367157,0,37.7170903384686,0.387761533260345,103.67594614625,20.3344671726227,515.191946655512,14.8447190821171,111.543995887041,37.1816400885582,326.629044115543,51.9334357976913,37.8209868073463,21.0126419961452,0,6.96642789244652,3.26898777484894,260.116920799017,1.44156128168106,0,0,0,0,342.077236115932,29.437951028347,23.8022403717041,55.7736623585224,17.3480242788792,281.034090489149,87.765783816576,4.97598791122437,241.259732335806,5.1544663310051,14.8667841553688,45.3421787321568,0.982144117355347,0,0,0,44.6637853682041,0,1.23383390903473,0,503.394781351089,0,0,0,550.91153600812,3.82384607195854,0,0,0,0,3.12689620256424,0.589001774787903
192.140205979347,83.8053394556046,1677.39308086038,0.98144668340683,159.644002258778,65.316971540451,3245.73643040657,1281.40323543549,56.1468445360661,131.717792242765,62.7490175515413,2.76081317663193,37.3622385263443,1121.46194684505,283.633001714945,6322.52348008752,2424.94737102091,54.312596604228,222.239388376474,1.06152808666229,0,471.853470832109,43298.391778186,4244.57201701403,27.6520274579525,249.198608368635,1263.13520483673,12671.2267074585,1233.08162741363,35701.2817816436,2.20522490143776,18.6477861404419,225.244170755148,8883.76013329625,1733.14993286133,12343.6714770794,774.048731982708,14973.5735283196,5327.88864630461,427.617299824953,279.529138296843,134.221705138683,1002.02703171968,51.3930042684078,76.2148900330067,50.5058363974094,47.757806956768,16.7043860256672,5.52123260498047,17.1756339967251,8.43565890192986,10.9534864723682,0.504071414470673,0,2.71000516414642,56.8055542707443,5.42258629202843,19.1872009038925,3.93106913566589,47.3989129662514,0,23.7798684239388,14.7368133664131,43.18185120821,1042.09568426013,2.17042201757431,0,0,0,52.2367532253265,286.619804561138,65.5561320483685,701.633307605982,0,0.476399391889572,368.760417610407,323.284362018108,87.0548561215401,33.646037876606,0,0.410234212875366,2.3589751124382,18.119946628809,386.230577886105
1.03853040933609,1622.23922231793,19.0636969506741,0.430271089076996,4.33502006530762,1.73200553655624,111.266492694616,3.52439898252487,6724.46358066797,26.1404636800289,34.8272213637829,18.602134346962,1051.58389824629,5.90017148852348,140.633994162083,4564.40992167592,12.3799215853214,0.680524230003357,5.28353276848793,1.04138922691345,471.853470832109,0,1626.41921639442,19699.4339627624,774.411386817694,23.0716264247894,7389.81483504176,3326.80015841126,9.80141803622246,6.76281666755676,16.0640773177147,1.69615942239761,0,21.513113617897,49.9442889094353,355.121903002262,101.838939130306,93.7160202860832,84.8694886267185,120.086998462677,6.48326340317726,148.776105731726,1708.31629157066,193.185832709074,179.589008927345,221.194870710373,43.7585095465183,6.13157027959824,24.131574511528,18.9406799376011,72.3051142096519,41.8159207701683,13.083227455616,1.57237648963928,1.99951973557472,108.889601320028,14.5317085981369,41.4691216349602,8.6193388402462,18.6744362264872,0.539321303367615,17.7509640455246,19.4292085766792,34.4948760867119,4107.17760363221,33.303571999073,0.279271155595779,1.70386970043182,0,96.9296879172325,5199.23199316859,308.290997326374,1682.85500392318,14.0537296831608,29.003860399127,3894.58535754681,439.390336990356,100.28546500206,58.9632530510426,4.86519253253937,0,3.00907772779465,24.6645601987839,231.354331880808
1336.93340846896,238.380499988794,27546.1882808059,11.6440495848656,210.837065666914,409.889106810093,9106.17215871811,8505.61535286903,34.0455010533333,559.027074337006,374.668046563864,29.3936629891396,86.5675666332245,7153.39549085498,257.065493285656,10769.4260328412,25079.9767601788,338.922856003046,2608.27028053999,18.0047397017479,43298.391778186,1626.41921639442,0,2844.37853509188,70.6376288831234,4485.26831999421,17883.2065386772,10478.5373573303,2839.57257440686,21977.2025317252,3.82152345776558,81.8905878961086,129.308896332979,14056.3715979457,3959.26401209831,38263.6723199189,7301.09548321366,28742.4711453468,20162.9618556798,1237.71926948428,390.305932939053,148.660039335489,2462.22783693671,324.78767606616,372.039481893182,389.61679059267,73.4075675308704,8.51217865943909,4.14549764990807,10.8818997740746,44.0039179623127,473.358953088522,0.528886318206787,8.18580228090286,1.4273008108139,112.719856142998,1.31613650918007,14.1872147917747,2.66667550802231,38.957867205143,3.53705340623856,31.4283547401428,7.3108557164669,54.2946736812592,9334.97274938226,53.2394754588604,0,3.17717704176903,0,174.465978682041,1940.57435822487,1231.40610218048,1031.00409314036,1.40597331523895,21.4772361814976,8861.46291783452,576.169821411371,40.0804961025715,27.0224404931068,2.20882654190063,0,0.503816962242126,45.9221691191196,921.397319614887
7.63118022680283,3014.09313732386,52.0815525054932,3202.88632175326,156.300163775682,99.2483249902725,1037.84191951156,268.753308534622,58652.2518176436,2191.6813108623,59.765574246645,1032.66053777933,1382.45920941234,135.893394261599,1624.92642325163,6829.58224755526,35.9891065359116,7.69517776370049,7.93741291761398,686.155870854855,4244.57201701403,19699.4339627624,2844.37853509188,0,1581.3265414834,31.4686335325241,4734.6924482882,18954.8781435788,244.701181322336,37.213521361351,28.1741270124912,45.8124914169312,25.882607281208,177.179692685604,335.47848123312,4541.5767056942,429.179825872183,699.037900775671,619.160752356052,1114.43659758568,186.328929126263,410.077329903841,5896.12414497137,171.814112454653,1466.86918601394,373.638580232859,1645.83978408575,273.528422117233,31.032996147871,122.100997775793,80.1215966939926,14.8018228113651,1508.31425851583,104.581497818232,176.030509740114,3377.59436738491,609.101388841867,4559.97534739971,764.042576789856,420.187349647284,402.895606487989,110.006773680449,569.454159855843,434.326175928116,2994.0970672965,10.356400847435,1.17963823676109,3.68172632157803,254.014309048653,281.877605855465,1445.04497951269,204.653650611639,19680.2293423116,20.5661555826664,4.3626601099968,603.389835447073,16206.4104329646,1077.7355594635,173.360886245966,1.39940777420998,5.14840817451477,29.9555514156818,524.81654727459,574.824102520943
0,2292.98861700296,3.37506675720215,0,0.991838783025742,0,16.552525639534,0.494789361953735,808.628325015306,9.42714494466782,275.098882317543,2.44214063882828,9356.33996200562,7.51637405157089,34.1704708039761,141.827715277672,0,1.08188760280609,0,1.23840218782425,27.6520274579525,774.411386817694,70.6376288831234,1581.3265414834,0,240.25342297554,6541.5532836616,348.606567323208,22.9388337135315,0,304.537042945623,6.79883009195328,0,82.646958231926,0,35.3981584906578,130.810050070286,230.504263520241,5.75894415378571,42.4283831715584,0,2179.00781357288,35.6617594361305,357.008951246738,29.110941618681,29.6594960689545,8.19679814577103,0,469.009285449982,0,1656.72735187411,8.44004821777344,1.69355744123459,0,0,1.41051316261292,2.88603103160858,15.5685919523239,0,444.686359614134,0,1329.08520165086,1.02911564707756,2.78410911560059,5.23580187559128,3.03380990028381,0,3.37642854452133,0,0,33.5403911471367,0.396897673606873,40.9096829593182,1443.26546537876,1058.80450838804,3544.14057058096,8.18306800723076,12.5128388404846,0,702.491731315851,27.2579473257065,0,78.2685483694077,0.645537495613098
217.065004616976,474.16314637661,20456.3896120489,4.23440828919411,9.04131311178207,61.0473528802395,435.632083311677,482.006549477577,12.133741080761,291.042623400688,5278.8287101388,69.1012440621853,316.464076191187,887.749916136265,22.106967061758,26.9904178977013,12877.613933593,8542.78285828233,13962.6123809218,16.5653446018696,249.198608368635,23.0716264247894,4485.26831999421,31.4686335325241,240.25342297554,0,25129.2611808777,200.306024193764,1306.28461173177,449.513119339943,443.906739264727,77.5161285996437,44.9687196910381,2675.18130323291,734.40452966094,15099.2671741247,23867.759498775,8911.67074862123,6731.82413390279,118.92992156744,86.1523569226265,348.597005546093,320.954225093126,2372.87187695503,208.722406089306,227.554689794779,6.98450142145157,3.07478976249695,158.994895130396,0,1234.71184071898,748.402866721153,0,1.13319909572601,0,7.24698027968407,0.644093036651611,18.2314707934856,0,2385.26148352027,0,1959.26793774962,0.709133118391037,6.35812985897064,27.0161738693714,297.865285843611,29.1439139842987,36.7754426598549,0,3.36757928133011,41.6599136590958,32.7464855015278,8.40235128998756,315.653087466955,8904.28009414673,24245.2769038379,3.2072694003582,9.20218959450722,15.1772183775902,2838.84102198482,12.9739213585854,0,63.1887785494328,248.36950853467
115.206810742617,26341.2411179245,45441.2156673372,4.29943963885307,17.158637881279,52.263086527586,698.343776106834,357.155677527189,2207.60136017203,224.715831935406,534.905194938183,59.4334879815578,9541.2372520864,426.362854987383,122.656595766544,2783.01398411393,12869.1592411399,453.915182977915,2328.2674664408,16.0155765116215,1263.13520483673,7389.81483504176,17883.2065386772,4734.6924482882,6541.5532836616,25129.2611808777,0,3005.42737022042,649.763773083687,798.297749221325,1290.28503593802,51.5422679185867,29.3193166553974,4635.5368809402,2000.04554876685,29260.0141392648,13001.6262585521,13711.7420381755,10973.0714222491,536.666355282068,164.546865791082,152.54090872407,5923.45110616088,3381.1011723578,2711.11686709523,2697.40024122596,73.6986773312092,13.5505862832069,182.690435916185,3.5652369260788,10640.6507221758,6053.88076534867,4.40482491254807,4.7352147102356,0.373348385095596,314.896143198013,6.47041121125221,57.3161973357201,5.955402135849,2565.68565881252,1.15937730669975,2347.06840443611,29.4908611774445,26.7070024013519,6240.72058883309,2489.16380006075,55.2583471238613,203.029972225428,0,354.414421647787,4991.52232196927,2399.10863941908,842.056092262268,972.397875726223,18096.0707740486,143608.189690471,1037.96501378715,24.6439391076565,95.5944055020809,4057.76564010978,9.09805727005005,0.336195707321167,447.938552170992,753.538416028023
102.277311146259,654.107550293207,2341.88576731086,12826.6946148574,305.964269399643,724.928290933371,49842.6822045147,2215.13025811315,10050.3116027713,28495.1853094399,230.987942129374,3137.8927859664,441.117598176003,1551.81306743622,2007.52559319139,3470.00975173712,757.172391831875,65.2294915318489,149.643898576498,2506.96011024714,12671.2267074585,3326.80015841126,10478.5373573303,18954.8781435788,348.606567323208,200.306024193764,3005.42737022042,0,3744.08423775434,35082.4273847342,11.5238373279572,342.539358377457,602.114185094833,4572.0247130692,3122.32699468732,22913.9506926239,1577.56828290224,9342.19585295022,5099.5387442112,2013.40746369958,1267.73246198893,906.140305697918,6592.41455569863,115.362993210554,2138.47185111046,527.42149913311,3099.73548305035,401.259265363216,30.6783256232738,144.854945749044,31.2812102138996,22.9371743202209,1752.28550738096,150.21929693222,184.596157968044,5418.13300403953,579.883130759001,3411.78663319349,1037.352984339,649.748191177845,515.989119023085,248.261708378792,627.672744780779,546.923625200987,2226.30490931869,2.14328217506409,0,0.433765351772308,360.402924925089,251.47077319026,932.469258993864,169.443927168846,21901.3321678936,5.1297162771225,0,739.020685881376,21575.0497328341,1356.26084029675,224.390755683184,0.35646915435791,7.3744575381279,46.4786230623722,704.810640871525,959.068423479795
8485.3776050806,6.7474664747715,1075.80438771844,100.509723544121,38.1603753268719,1187.73693783581,12257.2387694418,3820.63907948136,160.73551940918,5629.70744171739,2485.49335491657,803.482927203178,516.505731135607,18713.0872040242,195.174059301615,9.60625001788139,5257.45821301639,510.095010429621,1008.52989593148,246.054726332426,1233.08162741363,9.80141803622246,2839.57257440686,244.701181322336,22.9388337135315,1306.28461173177,649.763773083687,3744.08423775434,0,15190.4443017542,15.5669800341129,754.291451960802,6076.95099079609,7335.89929609001,216.5143661201,3289.39703443646,275.481659799814,3302.81664156914,854.405767917633,770.755257219076,1613.87488877773,390.980097353458,106.350692808628,7.63396769762039,33.3008772432804,7.44210579991341,116.245867818594,3.58542734384537,7.33140355348587,0,1.62972542643547,1.27328875660896,6.38138702511787,3.31570464372635,1.93712520599365,91.6626406908035,1.74452793598175,88.2112172544003,3.34560453891754,12.1015083193779,3.5435419678688,66.4325599372387,2.14500987529755,5.97760707139969,5.45140260457993,0,0,0,7.33305835723877,0.792056858539581,1.21832931041718,0.45360466837883,368.097399681807,4.97847729921341,2.17977505922318,11.4356679320335,317.509991973639,5.68678802251816,1.31827527284622,0,0,0,5.16720619797707,55.2412962913513
4217.96317282319,1.52529990673065,3257.13754612207,1.75458142161369,51.368419200182,240.800114482641,21193.7795624733,5123.15355297923,5.9148373901844,220.915873497725,115.945832431316,21.393345028162,18.9557767212391,10484.6131287217,266.383663117886,12.6011329591274,8235.95849829912,70.0374306440353,630.311006247997,6.83987033367157,35701.2817816436,6.76281666755676,21977.2025317252,37.213521361351,0,449.513119339943,798.297749221325,35082.4273847342,15190.4443017542,0,0,48.7072319090366,1364.2436862886,9631.61085379124,656.351267129183,2131.48841360211,159.33927038312,6276.58636683226,1875.77528041601,213.139069914818,245.643850117922,82.2822886705399,28.4107488393784,1.86990514397621,9.80879631638527,5.87795427441597,9.53234875202179,1.57517433166504,0,0,0.78822535276413,10.9770586788654,0,4.00309312343597,1.34836792945862,11.6827382445335,0,5.57065945863724,0,3.56181049346924,2.18727719783783,2.62399470806122,0.653251528739929,7.1536180973053,22.6420756578445,1.09923297166824,0,0,0,0,5.69528019428253,2.71952417492867,47.9961597323418,0,0,100.161680072546,48.699659705162,2.79844576120377,0,0,0,0,1.51956245303154,100.860771596432
0,79.0722742974758,2.9312399327755,0,0,0.759757339954376,2.35996532440186,2.13839158415794,22.4156783223152,6.03188654780388,199.257745712996,1.57114726305008,1111.38010293245,2.06081992387772,0,2.61868786811829,0,18.1207749545574,3.72545433044434,0,2.20522490143776,16.0640773177147,3.82152345776558,28.1741270124912,304.537042945623,443.906739264727,1290.28503593802,11.5238373279572,15.5669800341129,0,0,1.43614935874939,0,36.4880823493004,4.63216453790665,77.7738527655602,891.71409958601,203.161112785339,44.2222731411457,0.927894532680511,0,110.667202502489,19.3149985671043,868.579824090004,40.2150858044624,22.596402078867,0,0.764435887336731,81.7819701135159,0,388.601193904877,5.41324287652969,0.362696349620819,0,0.628443837165833,0,0.493359386920929,10.0337157547474,0,1283.44138801098,0,1191.05013719201,0,0,1.5816710293293,0,4.76118224859238,6.08282953500748,0,0,8.48258829116821,0,11.2702147066593,251.355528891087,2200.72094339132,2885.11614450812,0.478254735469818,8.16496765613556,0,1525.19873577356,5.53367990255356,0,23.4918104112148,1.11207664012909
23.1563684046268,3.16198372840881,50.9314829409122,21.616005897522,885.581828594208,637.943001717329,448.474767267704,527.096922814846,43.3265367746353,870.116515874863,641.838287472725,141.043889433146,147.175261348486,499.80770149827,126.866025865078,12.1970651745796,49.3343249857426,102.702618062496,89.9343293309212,37.7170903384686,18.6477861404419,1.69615942239761,81.8905878961086,45.8124914169312,6.79883009195328,77.5161285996437,51.5422679185867,342.539358377457,754.291451960802,48.7072319090366,1.43614935874939,0,4.86817255616188,5870.5752594769,49.4285613000393,2231.67138454318,192.460721582174,872.582819283009,454.60261747241,2047.47604894638,15022.3827824891,293.68244600296,14.2373993992805,1.77689075469971,1.21712398529053,0.543792486190796,35.3458921611309,1.08925831317902,4.13542449474335,0,0,0,7.33830523490906,1.73804622888565,0,0.574331939220428,0,12.000029861927,0,4.49728506803513,4.64543813467026,60.3718992471695,0,3.44244986772537,1.81182956695557,0,0,0,0.907659769058228,0,0.574274897575378,0,37.775885283947,1.01551163196564,0,0.567146480083466,16.2379665672779,0,0,0,0,0,0.944356679916382,24.4912427663803
25.4059033095837,0,25.9750626683235,1.67870807647705,1.32300364971161,16.0532097220421,453.856956154108,87.3521715700626,8.96529400348663,25.4953556954861,16.4505932331085,1.38726007938385,1.22840690612793,80.2880191802979,16.8879498839378,0.385809600353241,189.314942598343,8.16022285819054,30.7418822944164,0.387761533260345,225.244170755148,0,129.308896332979,25.882607281208,0,44.9687196910381,29.3193166553974,602.114185094833,6076.95099079609,1364.2436862886,0,4.86817255616188,0,1005.49015873671,37.2173681259155,89.19950735569,7.00699836015701,538.215826392174,87.1057287454605,11.1505033969879,12.7722930014133,4.64031088352203,12.940202832222,0,6.10890275239944,0,0,2.32464927434921,0,0,0,0,0.9606654047966,1.5009343624115,0,7.72369128465652,0,5.60064226388931,0,1.29889333248138,0,0,0.544622838497162,0,1.36584544181824,0,0,0,0,0,0.958419322967529,0,36.2712573707104,0,0,0.410342425107956,34.9966716170311,2.82256746292114,0,0,0,0,1.26271641254425,20.5020372271538
323.387243509293,20.9822050333023,4131.44230742753,72.316942512989,547.76738858223,489.380562633276,2575.43461230397,800.189887240529,56.7118427157402,2282.06769457459,8887.23550263047,374.787466794252,1728.88808903098,1309.82971262932,71.7574301958084,98.308948084712,10887.8109036386,1788.56655868888,4771.12863232195,103.67594614625,8883.76013329625,21.513113617897,14056.3715979457,177.179692685604,82.646958231926,2675.18130323291,4635.5368809402,4572.0247130692,7335.89929609001,9631.61085379124,36.4880823493004,5870.5752594769,1005.49015873671,0,161.637460261583,1609.67304182053,639.033126622438,3899.08040256798,765.032045155764,180.065133363008,250.791218131781,696.915350437164,87.9652815163136,18.2602750957012,21.6703943014145,11.6266704201698,74.8156457841396,2.90233236551285,27.9996919631958,0.533493340015411,4.41679501533508,17.4732521474361,12.6410788297653,2.74135208129883,1.21354269981384,64.6462208628654,1.81048065423965,46.7117697298527,13.6978697478771,17.4803994596004,10.378747522831,64.4687336087227,3.29839646816254,6.40811890363693,31.129672139883,1.25973412394524,0,0,7.35255986452103,1.03497713804245,19.6869534850121,8.64794644713402,297.384064286947,7.41000646352768,9.5167655646801,277.212105661631,284.192786157131,9.34234604239464,0.405861765146255,5.59354531764984,0,0,12.3015187680721,37.4209931194782
13.9982957839966,2.94257760047913,1087.53724005818,34.8433595001698,763.719002872705,5110.95518401265,1462.06231307983,416.48924601078,58.7943539619446,1770.06796732545,109.232320010662,4649.58943143487,8.36303913593292,96.8138606548309,3081.32055559754,524.764210760593,426.745203107595,172.115062832832,253.064900994301,20.3344671726227,1733.14993286133,49.9442889094353,3959.26401209831,335.47848123312,0,734.40452966094,2000.04554876685,3122.32699468732,216.5143661201,656.351267129183,4.63216453790665,49.4285613000393,37.2173681259155,161.637460261583,0,14272.2739887238,3373.36672139168,551.713524907827,5560.58350461721,542.529446333647,507.986703962088,54.7672488093376,3370.50582170486,776.380337119102,241.548645734787,3188.24951189756,146.207055658102,72.8844556212425,2.12672561407089,4.80569696426392,7.63021004199982,330.506761342287,6.64969331026077,208.882338345051,145.876872062683,128.863772720098,20.4975706338882,22.8691862821579,37.7254975736141,69.8755231797695,2070.79900568724,16.3448033928871,9.38248991966248,564.305184870958,652.457419782877,156.030199021101,96.1229184567928,134.999410361052,1.87112364172935,360.916264295578,61.5027207434177,965.288836181164,205.636151939631,0,422.070646047592,1168.67949041724,315.734903872013,24.4340703487396,54.8829371333122,7.1292120218277,0,4.90893363952637,12.7828594744205,323377.423021525
167.275713682175,110.383395195007,14602.3593307734,511.149014383554,574.147060930729,2480.26194438338,9659.91204485297,3293.92696252465,889.379096210003,10911.1940090358,1812.42308104038,1238.07495298982,365.12428149581,3231.61075109243,649.950294584036,6373.77701684833,4897.01605856419,2551.92863121629,4477.99586823583,515.191946655512,12343.6714770794,355.121903002262,38263.6723199189,4541.5767056942,35.3981584906578,15099.2671741247,29260.0141392648,22913.9506926239,3289.39703443646,2131.48841360211,77.7738527655602,2231.67138454318,89.19950735569,1609.67304182053,14272.2739887238,0,50318.6989048719,5994.35229110718,9877.4088986814,13613.0574392676,3167.69122090936,1396.35997879505,3556.01306414604,119.054990559816,612.117276728153,280.811861246824,1430.28621324897,110.245869547129,23.017008960247,62.2361634969711,44.9782630205154,105.937985777855,114.397444486618,19.6689357757568,50.3903487026691,1245.19866582751,124.140234857798,493.923682719469,123.757769465446,253.649087846279,100.070609927177,130.162096947432,129.397835850716,110.737630397081,699.337210714817,19.0651014447212,5.37441962957382,11.8841920793056,38.0042832791805,89.0831055939198,266.218534886837,143.584724873304,4357.64251610637,3.4821240901947,80.559257298708,1604.69785678387,4125.89969271421,363.61703696847,56.3365639746189,13.9406225085258,8.68514311313629,10.2912596464157,192.209686905146,2522.56150704622
19.9264159500599,131.371235817671,4384.6317872107,7.13908615708351,43.8503433465958,83.7545612752438,386.891438066959,148.462238729,37.7638371884823,265.637805551291,7030.98471790552,36.9881681501865,3167.0962125361,216.33406662941,45.0605402588844,1556.94945314527,1419.98351883888,3169.31863936782,3478.67551639676,14.8447190821171,774.048731982708,101.838939130306,7301.09548321366,429.179825872183,130.810050070286,23867.759498775,13001.6262585521,1577.56828290224,275.481659799814,159.33927038312,891.71409958601,192.460721582174,7.00699836015701,639.033126622438,3373.36672139168,50318.6989048719,0,9815.03584372997,21275.2005597055,485.485271126032,549.477941334248,1506.04952341318,184.915887087584,217.14592859149,35.8413104712963,87.5719812810421,23.0008633136749,0,132.117396086454,0,97.811473429203,53.214898198843,0.635685980319977,5.35806393623352,0.409156382083893,28.782224714756,2.75272530317307,13.2375214099884,2.04272371530533,294.49711021781,3.56456875801086,300.285484373569,4.62055546045303,13.6577281951904,164.497640818357,13.7459776103497,1.3613213300705,0,0,6.412049472332,45.8115528821945,46.1483409106731,96.7144167423248,65.4922484755516,512.908730357885,1475.17210912704,87.1164548695087,9.83279940485954,1.58942317962646,201.898552000523,7.39559412002563,0,37.2582283616066,961.204618096352
234.20893830061,93.643983066082,7262.09864063561,154.545504808426,69.438429415226,560.258320093155,5180.37451851368,1310.57856947184,155.36751422286,3619.03789278865,8454.68298064172,363.670691102743,3729.68681031466,1535.40850555897,105.424440532923,1191.38402575254,6769.50344905257,3403.07444518805,4830.68246725202,111.543995887041,14973.5735283196,93.7160202860832,28742.4711453468,699.037900775671,230.504263520241,8911.67074862123,13711.7420381755,9342.19585295022,3302.81664156914,6276.58636683226,203.161112785339,872.582819283009,538.215826392174,3899.08040256798,551.713524907827,5994.35229110718,9815.03584372997,0,4976.95262020826,816.463776677847,858.533681094646,3754.95907503366,237.232611387968,88.3268586695194,81.3870959281921,28.6467805504799,181.563296943903,9.1647509932518,93.8326806128025,2.5321016907692,28.3750624656677,58.0126948356628,20.7827229499817,1.07091903686523,4.42709410190582,175.123652815819,12.4301638007164,80.7516236901283,11.5889627039433,72.8475405573845,6.53073644638062,630.114691585302,11.788562387228,13.535342335701,204.642372369766,15.4255722165108,0,0.786358594894409,6.48954647779465,7.38097006082535,94.3545807003975,30.3918159902096,589.446419537067,27.4544008374214,97.8709351718426,905.839586228132,590.118584275246,29.6271420419216,3.44314134120941,48.0426032245159,3.88441926240921,0,25.4140576720238,159.619976520538
107.937642335892,29.6586230695248,7006.97415883839,56.6814211010933,47.8772715032101,270.490696191788,2300.36877548695,671.211000829935,84.1507607698441,1067.29248344898,1359.06050077081,93.4743421673775,81.7995429039001,659.345727443695,85.3536976277828,1697.06964960694,4660.55973252654,2161.21100965142,2932.06049659848,37.1816400885582,5327.88864630461,84.8694886267185,20162.9618556798,619.160752356052,5.75894415378571,6731.82413390279,10973.0714222491,5099.5387442112,854.405767917633,1875.77528041601,44.2222731411457,454.60261747241,87.1057287454605,765.032045155764,5560.58350461721,9877.4088986814,21275.2005597055,4976.95262020826,0,1227.1038313508,1804.17718833685,1049.93009760976,284.465439349413,58.2492237091064,50.5131115913391,194.247539788485,113.857251286507,11.4646496772766,0.919024109840393,5.44323855638504,12.9659313559532,68.018424808979,3.080306828022,4.71671533584595,1.4258588552475,104.622413128614,4.11941146850586,23.8012667894363,11.2814164161682,33.776160299778,7.81344613432884,140.648577392101,5.4093701839447,14.2124239802361,200.538446396589,8.72156426310539,3.37240564823151,7.28868967294693,0,23.926184296608,60.3552246689796,95.8706313967705,334.468831032515,0,81.6146827936172,715.398852795362,324.481445461512,20.5018216371536,8.65029561519623,6.34599763154984,1.67488300800323,0,18.0934182703495,1845.56399306655
40.6513290703297,56.1384766697884,267.822055697441,294.357439994812,15999.0102924109,8780.67136797309,1513.46168506145,2511.77946481109,2461.16034734249,3736.37533673644,168.55726402998,2350.30431631207,158.304254382849,979.59725061059,4812.11924651265,141.575862109661,179.736664623022,37.7881489694118,55.5808789730072,326.629044115543,427.617299824953,120.086998462677,1237.71926948428,1114.43659758568,42.4283831715584,118.92992156744,536.666355282068,2013.40746369958,770.755257219076,213.139069914818,0.927894532680511,2047.47604894638,11.1505033969879,180.065133363008,542.529446333647,13613.0574392676,485.485271126032,816.463776677847,1227.1038313508,0,1558.34473603964,1270.57927894592,920.667389810085,8.68437713384628,260.080567568541,92.3848248124123,3253.26429051161,95.4167703092098,42.3860985934734,18.3564896285534,2.22524863481522,5.59193223714828,1106.6960567534,177.342743545771,241.78184992075,422.214786708355,196.376988887787,777.650837689638,422.031783431768,675.421930491924,648.468968659639,342.87199652195,119.723890215158,329.973313391209,80.6015728414059,1.47215235233307,1.36470925807953,1.78757345676422,270.944142729044,25.074764996767,30.8571526706219,23.075497508049,2352.84193503857,0,5.19224828481674,39.8873729705811,2741.57981994748,144.665263235569,26.8480669260025,1.19507873058319,4.88178533315659,6.6298041343689,60.8157613277435,323.384896636009
15.9013829231262,0.785250306129456,114.279437214136,72.7178972065449,7712.40511906147,5231.84755304456,1095.91157463193,1134.38086232543,54.8613319993019,1303.78230714798,55.7115048766136,91.0991399586201,24.9102585613728,382.846970885992,108.071912735701,57.0947526395321,81.9699522852898,17.3930192291737,36.3831984996796,51.9334357976913,279.529138296843,6.48326340317726,390.305932939053,186.328929126263,0,86.1523569226265,164.546865791082,1267.73246198893,1613.87488877773,245.643850117922,0,15022.3827824891,12.7722930014133,250.791218131781,507.986703962088,3167.69122090936,549.477941334248,858.533681094646,1804.17718833685,1558.34473603964,0,366.76293861866,81.5556411445141,3.45213568210602,21.5097881555557,20.9225735366344,64.5773169994354,1.30290019512177,3.56072241067886,1.8568562567234,0,1.62035578489304,13.8324321806431,1.2686288356781,1.35445892810822,43.5698272585869,1.08547484874725,23.1722289919853,6.16133761405945,5.98008364439011,12.885287553072,125.0394769907,3.92129534482956,7.54907667636871,12.589003443718,0,0,0.647330641746521,0.53234851360321,4.80358958244324,3.09506642818451,5.54892426729202,199.898409962654,0.915802776813507,0.908994019031525,18.1347027420998,203.666524082422,5.29531672596931,0.615177690982819,0,0,0,1.85173642635345,189.803328573704
10.9837358593941,498.580590009689,14.7004670202732,4.77225470542908,30.6307519376278,148.172968536615,383.206342995167,148.027967274189,70.2691587507725,490.435354083776,2021.36731606722,72.8995739817619,8171.83835813403,234.09490442276,27.2096844017506,80.2867523133755,18.0425992310047,24.3409798741341,7.4978318810463,37.8209868073463,134.221705138683,148.776105731726,148.660039335489,410.077329903841,2179.00781357288,348.597005546093,152.54090872407,906.140305697918,390.980097353458,82.2822886705399,110.667202502489,293.68244600296,4.64031088352203,696.915350437164,54.7672488093376,1396.35997879505,1506.04952341318,3754.95907503366,1049.93009760976,1270.57927894592,366.76293861866,0,60.8299293220043,165.474965929985,18.8376155495644,4.98324823379517,215.48831307888,1.13203632831573,930.499966323376,1.58470076322556,18.3905372321606,0,7.08155900239944,0,3.37169459462166,17.1129939258099,8.07116279006004,15.81934684515,1.51172229647636,130.185487926006,1.06677949428558,603.277943432331,8.06725740432739,3.10077697038651,6.37278625369072,0,0,0.482663333415985,1.43207225203514,2.37030446529388,2.95024129748344,3.146988093853,90.1203357577324,97.6418865919113,23.3792879581451,64.0933465361595,94.7390939295292,8.99275654554367,1.65627092123032,36.6111778020859,13.0767620205879,0,46.593974083662,19.0175254046917
0.943748116493225,168.953375101089,474.359853684902,36.7794124484062,42.4561590850353,46.3559951782227,1183.65189230442,111.289506733418,1037.33029726148,250.982876092196,7.11331874132156,54.5153680145741,93.4806910455227,51.3778578937054,122.375258028507,1812.58063039184,29.9912339448929,3.5604692697525,9.02299344539642,21.0126419961452,1002.02703171968,1708.31629157066,2462.22783693671,5896.12414497137,35.6617594361305,320.954225093126,5923.45110616088,6592.41455569863,106.350692808628,28.4107488393784,19.3149985671043,14.2373993992805,12.940202832222,87.9652815163136,3370.50582170486,3556.01306414604,184.915887087584,237.232611387968,284.465439349413,920.667389810085,81.5556411445141,60.8299293220043,0,27193.1685882509,5629.08065122366,8884.97810253501,16647.2131973803,1918.35212221742,799.428279072046,145.62345045805,361.571394383907,7252.48805555701,1340.91062769294,232.786162763834,4491.67361614108,3922.51437461376,5870.31858208776,717.100532412529,3653.19716975093,7787.93300592899,2874.24411964417,1115.13767936826,3698.80700093508,444.771452248096,20425.7938365042,2301.79793396592,3925.28486531973,4334.99494966865,534.845097154379,5598.58140927553,2030.25541546941,20098.7111693621,4774.08478575945,97.6647175550461,15890.0053581893,37406.9018454254,10203.1926521957,1891.28713425994,763.54798746109,495.496543735266,381.639469504356,9.10981169342995,596.967203095555,15365.9214542806
0,118.029363870621,95.4081660807133,0,5.44635945558548,4.9775228202343,8.50503128767014,3.00257760286331,13.2435718774796,5.56327366828918,1044.42275616527,3.30273759365082,3847.37761551142,2.35968720912933,15.720475435257,278.91867172718,9.08476838469505,15.3854727745056,9.95897483825684,0,51.3930042684078,193.185832709074,324.78767606616,171.814112454653,357.008951246738,2372.87187695503,3381.1011723578,115.362993210554,7.63396769762039,1.86990514397621,868.579824090004,1.77689075469971,0,18.2602750957012,776.380337119102,119.054990559816,217.14592859149,88.3268586695194,58.2492237091064,8.68437713384628,3.45213568210602,165.474965929985,27193.1685882509,0,1675.05216790736,12779.7455521524,415.278921157122,332.415132880211,815.515785872936,5.91117680072784,315.371961236,705.391658902168,22.5547896623611,10.3307109177113,58.041261523962,108.086301535368,112.199808478355,30.0150928795338,62.0543582141399,7247.52950209379,57.0647886991501,3994.96111676097,81.7367152273655,72.2631945014,2134.77227959037,292.028030365705,1687.99365955591,1354.17622953653,12.7439610958099,227.745923444629,213.051950246096,1038.76756496727,169.581283330917,205.594622761011,13820.3882606924,8710.08148393035,266.449341237545,81.1960293054581,71.9207320958376,1834.00789496303,55.9367771744728,0,139.906830579042,2236.11551332474
0,107.947240486741,255.95095127821,38.5893834531307,5.69919860363007,13.29038220644,574.915860593319,51.2952889800072,323.332301348448,106.550525993109,20.5519573390484,21.9140038490295,150.988081514835,8.17260706424713,43.1893223524094,194.365457862616,19.4597744047642,1.23806726932526,0,6.96642789244652,76.2148900330067,179.589008927345,372.039481893182,1466.86918601394,29.110941618681,208.722406089306,2711.11686709523,2138.47185111046,33.3008772432804,9.80879631638527,40.2150858044624,1.21712398529053,6.10890275239944,21.6703943014145,241.548645734787,612.117276728153,35.8413104712963,81.3870959281921,50.5131115913391,260.080567568541,21.5097881555557,18.8376155495644,5629.08065122366,1675.05216790736,0,4784.95041054487,839.793916046619,916.044799953699,1366.17802804708,349.782515287399,182.250368922949,4032.94580511749,798.468145594001,41.949460297823,817.133881241083,4694.44021366537,1464.30930411816,345.498704642057,2218.54554344714,4892.28441777825,1011.43824061751,2653.77084641159,2292.9852335602,155.057696551085,4099.92935581505,4959.94609716535,7050.45737409592,4638.48041139543,214.945861563087,9536.51300683618,381.933994233608,18015.2881890833,2081.66164672375,61.8100764155388,8591.66777221859,14374.1293258071,7268.36776453257,2785.08799873292,4258.86727206409,397.927623510361,652.441776126623,150.036364048719,2029.29768523574,568.826078474522
0.822804152965546,131.553402006626,271.108751744032,2.6147038936615,37.0279486179352,4.28910022974014,103.077170044184,7.04937288165092,72.524985730648,15.4586330354214,4.28426033258438,7.54804229736328,51.8108069002628,1.07631731033325,68.4667739272118,222.219566881657,23.8514929413795,4.95782375335693,9.89041954278946,3.26898777484894,50.5058363974094,221.194870710373,389.61679059267,373.638580232859,29.6594960689545,227.554689794779,2697.40024122596,527.42149913311,7.44210579991341,5.87795427441597,22.596402078867,0.543792486190796,0,11.6266704201698,3188.24951189756,280.811861246824,87.5719812810421,28.6467805504799,194.247539788485,92.3848248124123,20.9225735366344,4.98324823379517,8884.97810253501,12779.7455521524,4784.95041054487,0,4133.31740868092,1385.3290964365,164.253650248051,98.5048755407333,119.08576670289,5813.19286748767,53.4878170490265,21.682748913765,176.319176495075,1057.38415673375,294.563586294651,54.7789652049541,175.056164711714,2813.67423176765,140.772672951221,584.869251191616,395.611934453249,104.069024711847,3747.98352450132,5069.33784288168,3518.16811236739,3437.79779082537,22.3314234316349,4367.84001743793,283.708684891462,15028.525331825,724.890590190887,17.9154557585716,10008.5026106238,16586.1199550629,2201.56128758192,513.257790654898,1642.20593854785,250.955201685429,95.0841271281242,25.594309180975,288.001975893974,5775.21417224407
2.99672079086304,0.727956175804138,7.62799060344696,569.592600703239,298.489480733871,555.223056852818,1114.97310209274,213.774714887142,335.572890996933,1710.35667854548,18.1301661431789,984.938341230154,21.8169698119164,115.071343928576,756.221257984638,45.43754529953,2.89933729171753,0,2.14543282985687,260.116920799017,47.757806956768,43.7585095465183,73.4075675308704,1645.83978408575,8.19679814577103,6.98450142145157,73.6986773312092,3099.73548305035,116.245867818594,9.53234875202179,0,35.3458921611309,0,74.8156457841396,146.207055658102,1430.28621324897,23.0008633136749,181.563296943903,113.857251286507,3253.26429051161,64.5773169994354,215.48831307888,16647.2131973803,415.278921157122,839.793916046619,4133.31740868092,0,2519.40633821487,221.932606965303,29.3808185458183,118.839089691639,142.60618147254,778.462726771832,10265.770050317,6024.78188368678,984.793676018715,2479.8117172122,1944.19864806533,1525.23193991184,2756.70710229874,2534.36505755782,1200.33232372999,822.985410958529,2436.96150204539,591.623115837574,102.977591261268,180.468230128288,119.937501430511,373.204107344151,630.92152801156,554.557033777237,793.90563878417,2107.06300884485,66.4164238572121,311.00988483429,675.44659730792,2442.70397102833,412.960218846798,148.603813052177,12.5721194446087,113.826093256474,6.12159675359726,121.282170921564,294.472086548805
0,0,3.25951933860779,5.96779412031174,1.4400954246521,4.28079026937485,100.879768192768,2.67027622461319,55.2338460683823,12.3162549436092,0,3.61696070432663,3.09642013907433,0,6.70426380634308,6.69405847787857,1.40452802181244,0,0,1.44156128168106,16.7043860256672,6.13157027959824,8.51217865943909,273.528422117233,0,3.07478976249695,13.5505862832069,401.259265363216,3.58542734384537,1.57517433166504,0.764435887336731,1.08925831317902,2.32464927434921,2.90233236551285,72.8844556212425,110.245869547129,0,9.1647509932518,11.4646496772766,95.4167703092098,1.30290019512177,1.13203632831573,1918.35212221742,332.415132880211,916.044799953699,1385.3290964365,2519.40633821487,0,76.2371723651886,15.1863589882851,2.53462439775467,33.933666408062,199.200183182955,3554.92535597086,5039.30883571506,522.230598390102,1218.75226259232,83.6775032281876,533.235306143761,2077.83125257492,309.786684513092,374.534663200378,498.94630497694,511.795929312706,64.3296676576138,14.2869991064072,66.6097628474236,22.8469747900963,68.2174260020256,69.9046920239925,36.4278290569782,55.9070974588394,287.78792861104,4.07844108343124,79.6277214884758,87.2112400829792,950.279811143875,622.1529712677,65.7601862549782,7.38167726993561,7673.89118546247,5.37270349264145,62.0772936344147,313.744917064905
0,127.001938164234,1.37704437971115,0.833147525787354,0,1.46252876520157,1.53898060321808,0.588223397731781,16.5790900886059,3.21302780508995,601.727102458477,1.44924771785736,3163.9343329668,6.3662725687027,0,5.69469830393791,0,2.09751904010773,0,0,5.52123260498047,24.131574511528,4.14549764990807,31.032996147871,469.009285449982,158.994895130396,182.690435916185,30.6783256232738,7.33140355348587,0,81.7819701135159,4.13542449474335,0,27.9996919631958,2.12672561407089,23.017008960247,132.117396086454,93.8326806128025,0.919024109840393,42.3860985934734,3.56072241067886,930.499966323376,799.428279072046,815.515785872936,1366.17802804708,164.253650248051,221.932606965303,76.2371723651886,0,0,2021.88413825631,1.99762073159218,12.2225624918938,11.3838538229465,53.5696699619293,37.8484563231468,108.116887241602,411.053338438272,42.3906247913837,1877.62223404646,37.2808810174465,4038.0745845139,73.5575766563416,48.8155380487442,83.54210755229,0.424402385950089,9.21596562862396,1.16924884915352,5.34690454602242,7.62303590774536,352.680022239685,0,505.66309005022,912.557142496109,61.8040247559547,565.770213365555,117.786566704512,115.679194062948,0.720741450786591,207.886970043182,309.867816329002,0,1632.45203214884,6.31822887063026
0,0.898576945066452,0,1.19425201416016,0.462618231773376,0.75698322057724,24.2172676324844,2.13986086845398,39.6633304357529,2.60790652036667,0,1.23571753501892,0,1.90401688218117,0,8.63387858867645,0,0,0,0,17.1756339967251,18.9406799376011,10.8818997740746,122.100997775793,0,0,3.5652369260788,144.854945749044,0,0,0,0,0,0.533493340015411,4.80569696426392,62.2361634969711,0,2.5321016907692,5.44323855638504,18.3564896285534,1.8568562567234,1.58470076322556,145.62345045805,5.91117680072784,349.782515287399,98.5048755407333,29.3808185458183,15.1863589882851,0,0,5.34466347098351,272.938190102577,41.1596973538399,2.18286991119385,23.1548036038876,4660.46668541431,594.539328277111,60.3448532223701,155.49560457468,65.1946346312761,36.6718657910824,6.7458613216877,8323.31033223867,18.9557340741158,75.8853487670422,308.502893447876,55.2916106134653,107.398561507463,10.521574139595,303.278249233961,60.0217205584049,314.733412057161,446.990907102823,1.02049273252487,180.143049716949,201.513881370425,1564.32083003223,10349.6782698333,6596.85329796374,0.800067991018295,2.48136323690414,19.3910025954247,492.51679058373,36.197761297226
0,3019.62431043386,187.628158092499,0,0,0.63326495885849,6.32099825143814,0,35.30385607481,1.48369663953781,148.472349882126,0,1553.15161308646,0,0.507256507873535,44.9294241070747,14.0211697816849,1.9568090736866,3.82141846418381,0,8.43565890192986,72.3051142096519,44.0039179623127,80.1215966939926,1656.72735187411,1234.71184071898,10640.6507221758,31.2812102138996,1.62972542643547,0.78822535276413,388.601193904877,0,0,4.41679501533508,7.63021004199982,44.9782630205154,97.811473429203,28.3750624656677,12.9659313559532,2.22524863481522,0,18.3905372321606,361.571394383907,315.371961236,182.250368922949,119.08576670289,118.839089691639,2.53462439775467,2021.88413825631,5.34466347098351,0,90.672715395689,4.50706607103348,17.2627551555634,15.883873462677,39.2300719618797,9.0268974006176,711.485735088587,8.08084160089493,297.831227988005,7.43561506271362,1373.50720879436,14.3126666545868,81.8557167649269,611.578520476818,150.199325472116,0,9.44258052110672,3.46553611755371,20.0715042948723,926.106345146894,32.3352394998074,1854.66923359036,1180.7300671041,641.53500404954,42323.8123196661,253.439299941063,56.6297430992126,8.80074840784073,273.091686755419,58.1010489761829,0.633778870105743,285.132659077644,31.5166984200478
0.558095097541809,209.705347627401,827.254626512527,0,2.80702126026154,1.51630163192749,15.536788135767,4.29499560594559,6.1184287071228,0.31750163435936,2.28795939683914,0,26.6463041305542,3.89215677976608,4.28608095645905,22.4219454228878,66.7547531723976,1.67096057534218,7.67600870132446,0,10.9534864723682,41.8159207701683,473.358953088522,14.8018228113651,8.44004821777344,748.402866721153,6053.88076534867,22.9371743202209,1.27328875660896,10.9770586788654,5.41324287652969,0,0,17.4732521474361,330.506761342287,105.937985777855,53.214898198843,58.0126948356628,68.018424808979,5.59193223714828,1.62035578489304,0,7252.48805555701,705.391658902168,4032.94580511749,5813.19286748767,142.60618147254,33.933666408062,1.99762073159218,272.938190102577,90.672715395689,0,15.1351937353611,0.699443697929382,13.5938804149628,8863.27603165805,694.867634683847,7.77093383669853,136.171335563064,84.769228592515,22.7273811399937,4.80606147646904,2980.20449152589,35.4968628883362,282.065293997526,43444.9848188758,165.686190262437,1641.27516776323,5.15065738558769,4455.93459889293,32.2018114924431,24007.4248477519,72.7334859669209,3.86211654543877,21381.5838374794,22452.1138626188,4898.37972037494,356.723348066211,8341.84232726693,13.5570608973503,0.809292286634445,8.67661094665527,926.204372957349,1016.05512359738
0,1.22102671861649,0,866.254463464022,87.9679474234581,231.889852434397,610.893626511097,59.8949690163136,443.496667265892,1337.4671331048,0.75773674249649,623.923540771008,5.11266696453094,7.74594539403915,310.361722260714,0,0,0.924330830574036,0,342.077236115932,0.504071414470673,13.083227455616,0.528886318206787,1508.31425851583,1.69355744123459,0,4.40482491254807,1752.28550738096,6.38138702511787,0,0.362696349620819,7.33830523490906,0.9606654047966,12.6410788297653,6.64969331026077,114.397444486618,0.635685980319977,20.7827229499817,3.080306828022,1106.6960567534,13.8324321806431,7.08155900239944,1340.91062769294,22.5547896623611,798.468145594001,53.4878170490265,778.462726771832,199.200183182955,12.2225624918938,41.1596973538399,4.50706607103348,15.1351937353611,0,126.231088757515,756.736968517303,216.400368720293,1960.76544123888,1502.93891870975,12975.0432247519,285.584024518728,7102.94461730123,58.1737546026707,1269.25153529644,445.694533318281,8.19249284267426,30.7906360030174,153.911429613829,95.8782642185688,34663.4114091694,9.28678604960442,29.8625573515892,19.0149944722652,2033.13022133708,1.12038671970367,73.6132000386715,20.1161938309669,5334.40002182126,740.806356042624,18.9955267310143,4.22235864400864,17.828009814024,0,321.693249166012,144.570098996162
0,0,3.52617335319519,50.5662508904934,16.1749291419983,41.5232337415218,54.3007393479347,1.8919635117054,31.5207013189793,112.755094319582,0,85.824601739645,0,3.81418305635452,43.7269959747791,1.18598914146423,0.367027819156647,0,1.39937174320221,29.437951028347,0,1.57237648963928,8.18580228090286,104.581497818232,0,1.13319909572601,4.7352147102356,150.21929693222,3.31570464372635,4.00309312343597,0,1.73804622888565,1.5009343624115,2.74135208129883,208.882338345051,19.6689357757568,5.35806393623352,1.07091903686523,4.71671533584595,177.342743545771,1.2686288356781,0,232.786162763834,10.3307109177113,41.949460297823,21.682748913765,10265.770050317,3554.92535597086,11.3838538229465,2.18286991119385,17.2627551555634,0.699443697929382,126.231088757515,0,1053.93422222137,44.8327913880348,222.297584861517,664.244665324688,179.286288231611,21.8184934854507,637.733029186726,23.8366321623325,37.4377400875092,2945.68451279402,48.2206102609634,0.907270014286041,5.50669628381729,2.15435773134232,64.9010086357594,60.6989979147911,106.313664793968,45.6860726475716,478.356816381216,10.7951870858669,3.20690187811852,40.6903803050518,270.058795720339,17.0182982683182,7.70373219251633,0.382524073123932,278.105940282345,0,45.4789386689663,396.229757070541
0,0,0,41.517156213522,10.401812940836,40.1751977205276,62.6877253651619,6.41554582118988,55.4428138434887,96.3023170828819,3.87898373603821,85.8288018107414,7.5851868391037,1.07595074176788,58.0171589553356,0.62692266702652,0,0,0,23.8022403717041,2.71000516414642,1.99951973557472,1.4273008108139,176.030509740114,0,0,0.373348385095596,184.596157968044,1.93712520599365,1.34836792945862,0.628443837165833,0,0,1.21354269981384,145.876872062683,50.3903487026691,0.409156382083893,4.42709410190582,1.4258588552475,241.78184992075,1.35445892810822,3.37169459462166,4491.67361614108,58.041261523962,817.133881241083,176.319176495075,6024.78188368678,5039.30883571506,53.5696699619293,23.1548036038876,15.883873462677,13.5938804149628,756.736968517303,1053.93422222137,0,1278.72566387057,6945.34535062313,485.906108647585,25225.499459058,709.953281074762,5243.01586347818,286.910430550575,719.093930065632,1637.02700361609,7.90193668007851,7.30227541923523,188.963474035263,40.2916194200516,378.928686797619,16.4540414512157,37.6127147376537,23.4674760401249,486.032455086708,7.4617472589016,94.9704918563366,27.0972426533699,3524.03140226007,284.048041075468,23.3496152609587,14.6483017802238,41.778210401535,0.797234416007996,329.342305362225,6657.82485407591
0.867617309093475,7.28727525472641,24.0204536318779,188.809588849545,21.9493845105171,45.0934843122959,1773.25166621804,245.905947953463,838.120171070099,660.484889656305,1.60145944356918,57.7490334808826,3.63240322470665,49.0601952970028,110.859274566174,65.1084556281567,0,0,0,55.7736623585224,56.8055542707443,108.889601320028,112.719856142998,3377.59436738491,1.41051316261292,7.24698027968407,314.896143198013,5418.13300403953,91.6626406908035,11.6827382445335,0,0.574331939220428,7.72369128465652,64.6462208628654,128.863772720098,1245.19866582751,28.782224714756,175.123652815819,104.622413128614,422.214786708355,43.5698272585869,17.1129939258099,3922.51437461376,108.086301535368,4694.44021366537,1057.38415673375,984.793676018715,522.230598390102,37.8484563231468,4660.46668541431,39.2300719618797,8863.27603165805,216.400368720293,44.8327913880348,1278.72566387057,0,15505.3013637811,719.735020756721,20075.7581167519,718.903395652771,328.740523904562,77.2688606977463,32119.930047363,401.530817955732,1448.3497300297,2982.65391966701,418.721805557609,579.327372610569,91.3029286563396,11205.0990569592,521.630785495043,11509.4652800113,1773.74953554571,17.107508957386,1265.2609744519,3758.43713882565,44008.9317032099,8498.62469941378,12797.002650097,4.86224460601807,28.2001232504845,124.593267798424,2692.45738960803,1386.83508211374
0.528536379337311,0.875380635261536,0.455474644899368,41.1626336276531,10.0759766697884,18.1843675971031,310.953653275967,9.30747452378273,151.732982546091,84.5828682780266,1.60026723146439,59.7227568328381,13.8827095627785,0.704122006893158,43.8602854609489,5.43218091130257,0,0,0,17.3480242788792,5.42258629202843,14.5317085981369,1.31613650918007,609.101388841867,2.88603103160858,0.644093036651611,6.47041121125221,579.883130759001,1.74452793598175,0,0.493359386920929,0,0,1.81048065423965,20.4975706338882,124.140234857798,2.75272530317307,12.4301638007164,4.11941146850586,196.376988887787,1.08547484874725,8.07116279006004,5870.31858208776,112.199808478355,1464.30930411816,294.563586294651,2479.8117172122,1218.75226259232,108.116887241602,594.539328277111,9.0268974006176,694.867634683847,1960.76544123888,222.297584861517,6945.34535062313,15505.3013637811,0,350.709243386984,22001.7951901555,1553.1742477119,5397.3582585156,516.579915046692,27987.673019439,525.364011675119,171.477186620235,186.835946038365,777.040408104658,191.226273089647,988.133872032166,414.334482848644,65.5074316859245,606.729556590319,947.592777773738,6.2761814892292,484.94846907258,318.190581649542,8221.16105239093,3225.43884345889,1374.4014120698,40.0661700963974,2807.00362473726,6.02681770920753,631.321929305792,273.718284040689
3.93960243463516,2.18090772628784,7.09685218334198,860.60129866004,99.5924624502659,233.840142130852,779.318325430155,146.356615513563,4912.36675274372,1702.79472368956,32.2391590774059,876.282228529453,116.367808759212,63.4784581065178,422.845646560192,4.32595729827881,0.486534357070923,4.18275365233421,1.70072838664055,281.034090489149,19.1872009038925,41.4691216349602,14.1872147917747,4559.97534739971,15.5685919523239,18.2314707934856,57.3161973357201,3411.78663319349,88.2112172544003,5.57065945863724,10.0337157547474,12.000029861927,5.60064226388931,46.7117697298527,22.8691862821579,493.923682719469,13.2375214099884,80.7516236901283,23.8012667894363,777.650837689638,23.1722289919853,15.81934684515,717.100532412529,30.0150928795338,345.498704642057,54.7789652049541,1944.19864806533,83.6775032281876,411.053338438272,60.3448532223701,711.485735088587,7.77093383669853,1502.93891870975,664.244665324688,485.906108647585,719.735020756721,350.709243386984,0,649.179966688156,158.659940391779,1014.4489364326,384.259031832218,252.358923912048,1984.6434186399,42.0510599911213,7.60117360949516,13.6806128919125,11.9837764501572,361.17238047719,34.7595027089119,6379.47143018246,22.2926964461803,30125.4123590887,380.357982456684,37.6692557930946,1612.07741385698,6358.76774996519,557.959568709135,57.9058474600315,12.7764703333378,19.4409210085869,12.146639585495,232.065364331007,155.330114722252
1.21625971794128,0.737605810165405,0,496.87641069293,36.864237755537,70.5713641345501,472.416523903608,30.8689175844193,189.706020623446,1057.37191098928,0,222.020895808935,0,3.17241394519806,120.440670728683,3.77498888969421,0,0,0,87.765783816576,3.93106913566589,8.6193388402462,2.66667550802231,764.042576789856,0,0,5.955402135849,1037.352984339,3.34560453891754,0,0,0,0,13.6978697478771,37.7254975736141,123.757769465446,2.04272371530533,11.5889627039433,11.2814164161682,422.031783431768,6.16133761405945,1.51172229647636,3653.19716975093,62.0543582141399,2218.54554344714,175.056164711714,1525.23193991184,533.235306143761,42.3906247913837,155.49560457468,8.08084160089493,136.171335563064,12975.0432247519,179.286288231611,25225.499459058,20075.7581167519,22001.7951901555,649.179966688156,0,868.59123429656,15107.0446843505,167.991576135159,9237.38491848111,665.648972481489,44.4372678995132,139.243119895458,560.285444781184,315.943516537547,9271.2172164917,118.642373681068,48.4765721559525,181.990411132574,1019.27528396249,0.674516081809998,336.72281768918,153.081711888313,38595.890028134,2505.10648557544,92.028920263052,8.8252115547657,71.0083548426628,2.49146336317062,886.8619184196,672.516559720039
0,79.2939592897892,19.0359227657318,2.7898890376091,3.22234499454498,11.6477574706078,134.476819604635,13.952420771122,63.8035416603088,53.944188863039,1207.97580164671,17.9639132022858,4941.80605086684,20.7224723100662,11.2199111580849,38.6963235735893,2.65364742279053,9.9487811923027,4.89182245731354,4.97598791122437,47.3989129662514,18.6744362264872,38.957867205143,420.187349647284,444.686359614134,2385.26148352027,2565.68565881252,649.748191177845,12.1015083193779,3.56181049346924,1283.44138801098,4.49728506803513,1.29889333248138,17.4803994596004,69.8755231797695,253.649087846279,294.49711021781,72.8475405573845,33.776160299778,675.421930491924,5.98008364439011,130.185487926006,7787.93300592899,7247.52950209379,4892.28441777825,2813.67423176765,2756.70710229874,2077.83125257492,1877.62223404646,65.1946346312761,297.831227988005,84.769228592515,285.584024518728,21.8184934854507,709.953281074762,718.903395652771,1553.1742477119,158.659940391779,868.59123429656,0,714.512216091156,4833.00417292118,1614.30333267152,115.003626480699,146.617642253637,796.565969869494,12845.3777527213,789.330633923411,139.264949753881,285.927760154009,90.3268996328115,425.723462566733,562.203428909183,365.578763306141,3942.81293989718,645.839354306459,1275.86765596271,4223.82992297411,343.76258200407,948.767785727978,3222.64651530981,7.62120954692364,15911.4012987912,313.368269681931
0,1.45965099334717,0,205.894863277674,73.7556101083755,166.084115087986,242.893406897783,22.9859075546265,111.198889553547,482.750522166491,0.503855526447296,365.446219235659,4.30236375331879,11.281377017498,201.05658352375,0,0,0,0,241.259732335806,0,0.539321303367615,3.53705340623856,402.895606487989,0,0,1.15937730669975,515.989119023085,3.5435419678688,2.18727719783783,0,4.64543813467026,0,10.378747522831,2070.79900568724,100.070609927177,3.56456875801086,6.53073644638062,7.81344613432884,648.468968659639,12.885287553072,1.06677949428558,2874.24411964417,57.0647886991501,1011.43824061751,140.772672951221,2534.36505755782,309.786684513092,37.2808810174465,36.6718657910824,7.43561506271362,22.7273811399937,7102.94461730123,637.733029186726,5243.01586347818,328.740523904562,5397.3582585156,1014.4489364326,15107.0446843505,714.512216091156,0,177.78113207221,2781.68804773688,4328.27312785387,8.8089292049408,66.632079064846,545.045885264874,217.206080943346,11519.1250655651,10.7673270106316,45.6392761468887,35.871746391058,1625.07524818182,4.44743621349335,270.449312835932,68.3793762624264,3418.6562038362,1275.77876228094,34.8807429969311,6.32802066206932,56.6638480424881,0,388.649194151163,13754.8907561898
2.31870752573013,127.659059494734,8.61866414546967,0.714072704315186,6.61413794755936,33.5527672171593,56.2302745878696,33.1447392106056,21.2232009768486,77.1956917643547,2583.59067669511,20.7100169360638,11169.2115596533,51.3596769273281,11.6460826694965,17.9586573541164,1.53234487771988,16.4944722354412,1.95107859373093,5.1544663310051,23.7798684239388,17.7509640455246,31.4283547401428,110.006773680449,1329.08520165086,1959.26793774962,2347.06840443611,248.261708378792,66.4325599372387,2.62399470806122,1191.05013719201,60.3718992471695,0,64.4687336087227,16.3448033928871,130.162096947432,300.285484373569,630.114691585302,140.648577392101,342.87199652195,125.0394769907,603.277943432331,1115.13767936826,3994.96111676097,2653.77084641159,584.869251191616,1200.33232372999,374.534663200378,4038.0745845139,6.7458613216877,1373.50720879436,4.80606147646904,58.1737546026707,23.8366321623325,286.910430550575,77.2688606977463,516.579915046692,384.259031832218,167.991576135159,4833.00417292118,177.78113207221,0,294.748417496681,77.4861810803413,120.839731246233,7.02123919129372,21.298568546772,11.5120668411255,15.1586093306541,9.13179060816765,285.638822585344,5.46855449676514,720.719519883394,3359.19135320187,377.758887946606,4862.75369414687,268.277470141649,633.23624303937,8.93817389011383,1601.19629082084,826.539148122072,0.629013180732727,2131.17960497737,18.8097333014011
0,1.1850870847702,8.03736767172813,23.9846021831036,3.54838216304779,16.2689484357834,296.440208017826,17.3562893867493,132.048863470554,79.6096439659595,3.20224553346634,25.3413707315922,16.5202130973339,0,28.0354065299034,8.76945585012436,0,0,0,14.8667841553688,14.7368133664131,19.4292085766792,7.3108557164669,569.454159855843,1.02911564707756,0.709133118391037,29.4908611774445,627.672744780779,2.14500987529755,0.653251528739929,0,0,0.544622838497162,3.29839646816254,9.38248991966248,129.397835850716,4.62055546045303,11.788562387228,5.4093701839447,119.723890215158,3.92129534482956,8.06725740432739,3698.80700093508,81.7367152273655,2292.9852335602,395.611934453249,822.985410958529,498.94630497694,73.5575766563416,8323.31033223867,14.3126666545868,2980.20449152589,1269.25153529644,37.4377400875092,719.093930065632,32119.930047363,27987.673019439,252.358923912048,9237.38491848111,1614.30333267152,2781.68804773688,294.748417496681,0,300.037248730659,318.563953727484,1155.89801649749,1118.58132730424,535.677107214928,658.207074433565,1208.74371281266,114.102543741465,2326.38943880796,1302.33805531263,6.47394400835037,1120.90369902551,1120.74139523506,7108.07042638958,18954.1776110381,12940.2045224607,64.2919181287289,605.913820564747,21.9919540286064,1764.87898284197,148.946577221155
0,0,8.74908989667892,92.8832945227623,35.8186105489731,54.2592132091522,143.343740254641,14.0835230946541,137.84572789073,212.276566356421,2.73951411247253,153.368739157915,4.39877676963806,5.99394965171814,97.8210179805756,35.420215934515,1.10821521282196,0.766915023326874,0,45.3421787321568,43.18185120821,34.4948760867119,54.2946736812592,434.326175928116,2.78410911560059,6.35812985897064,26.7070024013519,546.923625200987,5.97760707139969,7.1536180973053,0,3.44244986772537,0,6.40811890363693,564.305184870958,110.737630397081,13.6577281951904,13.535342335701,14.2124239802361,329.973313391209,7.54907667636871,3.10077697038651,444.771452248096,72.2631945014,155.057696551085,104.069024711847,2436.96150204539,511.795929312706,48.8155380487442,18.9557340741158,81.8557167649269,35.4968628883362,445.694533318281,2945.68451279402,1637.02700361609,401.530817955732,525.364011675119,1984.6434186399,665.648972481489,115.003626480699,4328.27312785387,77.4861810803413,300.037248730659,0,569.082678288221,22.3405581712723,36.3528486788273,21.6070597171783,218.940842449665,718.707435727119,505.463397622108,491.561254650354,1742.06552764773,37.3334594070911,34.5695932209492,318.772703826427,1530.00395679474,155.850594580173,143.741939276457,3.12476897239685,8.44539612531662,12.9178732633591,77.671246856451,1972.6796464026
0,53.7735894620419,96.1370487511158,0,19.663455247879,1.23630779981613,134.886271268129,2.16627830266953,144.692314535379,13.560437142849,3.89179104566574,4.14837580919266,22.4648790955544,5.10670870542526,42.455460190773,9188.12707769871,21.9005461633205,0,2.39519974589348,0.982144117355347,1042.09568426013,4107.17760363221,9334.97274938226,2994.0970672965,5.23580187559128,27.0161738693714,6240.72058883309,2226.30490931869,5.45140260457993,22.6420756578445,1.5816710293293,1.81182956695557,1.36584544181824,31.129672139883,652.457419782877,699.337210714817,164.497640818357,204.642372369766,200.538446396589,80.6015728414059,12.589003443718,6.37278625369072,20425.7938365042,2134.77227959037,4099.92935581505,3747.98352450132,591.623115837574,64.3296676576138,83.54210755229,75.8853487670422,611.578520476818,282.065293997526,8.19249284267426,48.2206102609634,7.90193668007851,1448.3497300297,171.477186620235,42.0510599911213,44.4372678995132,146.617642253637,8.8089292049408,120.839731246233,318.563953727484,569.082678288221,0,401.216971993446,53.2833884358406,141.963252872229,1.38546201586723,21654.9042564929,10295.5346422493,9863.3575579375,6137.75995334983,201.792493283749,177.817367807031,6553.46131198108,4926.07527139783,256.642070323229,672.640685245395,10.2494816184044,0.377335339784622,4.76627787947655,404.771952867508,4786.27128654718
0,150.325645029545,316.874268293381,0,4.39169836044312,0,0.723332285881042,0,2.50481367111206,1.2188728749752,0,0,8.53931659460068,0,1.49537658691406,11.2294140458107,13.0924914181232,0,1.2484405040741,0,2.17042201757431,33.303571999073,53.2394754588604,10.356400847435,3.03380990028381,297.865285843611,2489.16380006075,2.14328217506409,0,1.09923297166824,0,0,0,1.25973412394524,156.030199021101,19.0651014447212,13.7459776103497,15.4255722165108,8.72156426310539,1.47215235233307,0,0,2301.79793396592,292.028030365705,4959.94609716535,5069.33784288168,102.977591261268,14.2869991064072,0.424402385950089,308.502893447876,150.199325472116,43444.9848188758,30.7906360030174,0.907270014286041,7.30227541923523,2982.65391966701,186.835946038365,7.60117360949516,139.243119895458,796.565969869494,66.632079064846,7.02123919129372,1155.89801649749,22.3405581712723,401.216971993446,0,1272.64203679562,7893.822146222,17.3874455094337,3209.4589125663,43.6606685370207,18049.7734749615,162.552023634315,1.94552060961723,16868.7039304972,18951.4260963053,1541.4744540602,662.582474455237,13714.7981780022,15.8757047951221,4.67483258247375,8.22289443016052,7687.23849897087,406.468995273113
0,0,2.25330066680908,0.767431169748306,0.542425334453583,0,0,0,5.65122801065445,4.18942087888718,1.11264026165009,0.764686405658722,13.3340037465096,0,0,0,0,0,0,0,0,0.279271155595779,0,1.17963823676109,0,29.1439139842987,55.2583471238613,0,0,0,4.76118224859238,0,0,0,96.1229184567928,5.37441962957382,1.3613213300705,0,3.37240564823151,1.36470925807953,0,0,3925.28486531973,1687.99365955591,7050.45737409592,3518.16811236739,180.468230128288,66.6097628474236,9.21596562862396,55.2916106134653,0,165.686190262437,153.911429613829,5.50669628381729,188.963474035263,418.721805557609,777.040408104658,13.6806128919125,560.285444781184,12845.3777527213,545.045885264874,21.298568546772,1118.58132730424,36.3528486788273,53.2833884358406,1272.64203679562,0,10150.9910896122,109.745453327894,275.959371745586,4.28741724789143,583.373226121068,82.3705945461988,0,2410.32281205058,285.393433481455,402.319699719548,1788.24615323544,568.858686506748,15.7903621792793,709.945819318295,6.44794112443924,6447.79025939107,227.176223516464
0,14.1719077825546,9.69064521789551,0.637792199850082,1.21906530857086,0,0,0,4.20572990179062,1.06414851546288,0,0,9.85266661643982,0,2.23253017663956,1.2615507543087,0,0,0,0,0,1.70386970043182,3.17717704176903,3.68172632157803,3.37642854452133,36.7754426598549,203.029972225428,0.433765351772308,0,0,6.08282953500748,0,0,0,134.999410361052,11.8841920793056,0,0.786358594894409,7.28868967294693,1.78757345676422,0.647330641746521,0.482663333415985,4334.99494966865,1354.17622953653,4638.48041139543,3437.79779082537,119.937501430511,22.8469747900963,1.16924884915352,107.398561507463,9.44258052110672,1641.27516776323,95.8782642185688,2.15435773134232,40.2916194200516,579.327372610569,191.226273089647,11.9837764501572,315.943516537547,789.330633923411,217.206080943346,11.5120668411255,535.677107214928,21.6070597171783,141.963252872229,7893.822146222,10150.9910896122,0,42.9916117936373,934.374382644892,7.37140044569969,2336.63154941797,87.1732612401247,0.273529648780823,9996.02605383098,2097.70288853347,488.38881456852,692.777075335383,2960.31838418543,4.33898398280144,42.2759975790977,15.9236349314451,4410.72559976578,319.804652392864
0,0,0,430.668008625507,28.6366993784904,36.2996446788311,143.425517350435,14.1006042957306,69.754420787096,420.17423582077,0,169.242183625698,0,5.8184255361557,76.4615968465805,0,0,0,0,44.6637853682041,0,0,0,254.014309048653,0,0,0,360.402924925089,7.33305835723877,0,0,0.907659769058228,0,7.35255986452103,1.87112364172935,38.0042832791805,0,6.48954647779465,0,270.944142729044,0.53234851360321,1.43207225203514,534.845097154379,12.7439610958099,214.945861563087,22.3314234316349,373.204107344151,68.2174260020256,5.34690454602242,10.521574139595,3.46553611755371,5.15065738558769,34663.4114091694,64.9010086357594,378.928686797619,91.3029286563396,988.133872032166,361.17238047719,9271.2172164917,139.264949753881,11519.1250655651,15.1586093306541,658.207074433565,218.940842449665,1.38546201586723,17.3874455094337,109.745453327894,42.9916117936373,0,5.83831915259361,10.9043765962124,16.1992864906788,1466.02384853363,0.750857591629028,57.922315210104,14.6230729371309,3636.5997223258,257.470691680908,14.1322030723095,1.82078316807747,7.1889685690403,0,88.8187974393368,27.8771906793118
0,3.60545083880424,30.7192678749561,0,12.5457862019539,1.799953520298,21.0637935400009,0.932037472724915,47.772346675396,3.19116681814194,0,0,0,0,53.0722940564156,124.090732693672,2.07691431045532,0,0,0,52.2367532253265,96.9296879172325,174.465978682041,281.877605855465,0,3.36757928133011,354.414421647787,251.47077319026,0.792056858539581,0,0,0,0,1.03497713804245,360.916264295578,89.0831055939198,6.412049472332,7.38097006082535,23.926184296608,25.074764996767,4.80358958244324,2.37030446529388,5598.58140927553,227.745923444629,9536.51300683618,4367.84001743793,630.92152801156,69.9046920239925,7.62303590774536,303.278249233961,20.0715042948723,4455.93459889293,9.28678604960442,60.6989979147911,16.4540414512157,11205.0990569592,414.334482848644,34.7595027089119,118.642373681068,285.927760154009,10.7673270106316,9.13179060816765,1208.74371281266,718.707435727119,21654.9042564929,3209.4589125663,275.959371745586,934.374382644892,5.83831915259361,0,196.530129313469,41805.5512088239,2324.32830514014,6.24664688110352,887.314285129309,3661.62597072124,32530.8080336601,1040.26399159431,33325.9201954156,3.67386992275715,2.6530494093895,54.5401173830032,6091.58971114457,3673.17421609163
0,545.641917347908,74.3471817970276,0.311768084764481,2.57873737812042,1.01301181316376,72.9275102317333,3.22057485580444,304.124729424715,3.35782784223557,10.7300921678543,0.44259187579155,83.0393273234367,1.71718668937683,5.53594839572906,2072.88998785615,21.7739828228951,0,4.88285091519356,1.23383390903473,286.619804561138,5199.23199316859,1940.57435822487,1445.04497951269,33.5403911471367,41.6599136590958,4991.52232196927,932.469258993864,1.21832931041718,5.69528019428253,8.48258829116821,0.574274897575378,0.958419322967529,19.6869534850121,61.5027207434177,266.218534886837,45.8115528821945,94.3545807003975,60.3552246689796,30.8571526706219,3.09506642818451,2.95024129748344,2030.25541546941,213.051950246096,381.933994233608,283.708684891462,554.557033777237,36.4278290569782,352.680022239685,60.0217205584049,926.106345146894,32.2018114924431,29.8625573515892,106.313664793968,37.6127147376537,521.630785495043,65.5074316859245,6379.47143018246,48.4765721559525,90.3268996328115,45.6392761468887,285.638822585344,114.102543741465,505.463397622108,10295.5346422493,43.6606685370207,4.28741724789143,7.37140044569969,10.9043765962124,196.530129313469,0,163.462415516376,26295.2893260717,330.307719677687,30.0108600407839,13611.2148745358,2856.19470083714,397.28704610467,148.551303297281,5.21166396141052,17.4313333034515,8.66927886009216,155.615912780166,385.717659860849
0,26.054274648428,149.041864663363,0,11.8064414262772,0,20.0820945501328,1.12290367484093,18.9277122914791,1.25149637460709,0.43671840429306,0.489092946052551,0,1.0340533554554,39.4884074926376,773.978725910187,16.1570135354996,0,0.70125824213028,0,65.5561320483685,308.290997326374,1231.40610218048,204.653650611639,0.396897673606873,32.7464855015278,2399.10863941908,169.443927168846,0.45360466837883,2.71952417492867,0,0,0,8.64794644713402,965.288836181164,143.584724873304,46.1483409106731,30.3918159902096,95.8706313967705,23.075497508049,5.54892426729202,3.146988093853,20098.7111693621,1038.76756496727,18015.2881890833,15028.525331825,793.90563878417,55.9070974588394,0,314.733412057161,32.3352394998074,24007.4248477519,19.0149944722652,45.6860726475716,23.4674760401249,11509.4652800113,606.729556590319,22.2926964461803,181.990411132574,425.723462566733,35.871746391058,5.46855449676514,2326.38943880796,491.561254650354,9863.3575579375,18049.7734749615,583.373226121068,2336.63154941797,16.1992864906788,41805.5512088239,163.462415516376,0,497.774658605456,1.94877338409424,3786.71726089716,23689.2278883606,10596.396191746,658.217377662659,20390.1336585432,2.40319547057152,3.70865559577942,30.5416224002838,11435.8563624173,5398.62407422066
7.37185478210449,51.6413868367672,34.2687776386738,1356.36060500145,193.60893586278,413.549639195204,6541.34488648176,877.990703135729,7301.61515018344,4000.49332159758,38.218344271183,1017.72918301821,121.412039548159,278.584839850664,733.461857557297,943.631080567837,0.806290805339813,0,0,503.394781351089,701.633307605982,1682.85500392318,1031.00409314036,19680.2293423116,40.9096829593182,8.40235128998756,842.056092262268,21901.3321678936,368.097399681807,47.9961597323418,11.2702147066593,37.775885283947,36.2712573707104,297.384064286947,205.636151939631,4357.64251610637,96.7144167423248,589.446419537067,334.468831032515,2352.84193503857,199.898409962654,90.1203357577324,4774.08478575945,169.581283330917,2081.66164672375,724.890590190887,2107.06300884485,287.78792861104,505.66309005022,446.990907102823,1854.66923359036,72.7334859669209,2033.13022133708,478.356816381216,486.032455086708,1773.74953554571,947.592777773738,30125.4123590887,1019.27528396249,562.203428909183,1625.07524818182,720.719519883394,1302.33805531263,1742.06552764773,6137.75995334983,162.552023634315,82.3705945461988,87.1732612401247,1466.02384853363,2324.32830514014,26295.2893260717,497.774658605456,0,893.806012243032,112.642679691315,5326.42508035898,24436.52652888,2797.71420453489,1188.61978021264,16.9110767841339,26.1556750535965,79.2854534983635,949.176088139415,1572.55547297001
0,70.7564986944199,5.30273008346558,0,0,1.57585835456848,0.392101287841797,0,6.84338870644569,0.499230176210403,453.860973805189,0,4006.22378665209,6.52105504274368,0,3.74928167462349,0,3.41961258649826,0,0,0,14.0537296831608,1.40597331523895,20.5661555826664,1443.26546537876,315.653087466955,972.397875726223,5.1297162771225,4.97847729921341,0,251.355528891087,1.01551163196564,0,7.41000646352768,0,3.4821240901947,65.4922484755516,27.4544008374214,0,0,0.915802776813507,97.6418865919113,97.6647175550461,205.594622761011,61.8100764155388,17.9154557585716,66.4164238572121,4.07844108343124,912.557142496109,1.02049273252487,1180.7300671041,3.86211654543877,1.12038671970367,10.7951870858669,7.4617472589016,17.107508957386,6.2761814892292,380.357982456684,0.674516081809998,365.578763306141,4.44743621349335,3359.19135320187,6.47394400835037,37.3334594070911,201.792493283749,1.94552060961723,0,0.273529648780823,0.750857591629028,6.24664688110352,330.307719677687,1.94877338409424,893.806012243032,0,188.215528786182,10267.0070559978,136.882007658482,37.5275867581367,1.45741859078407,349.547061115503,53.7072068452835,0,230.825664177537,5.54519718885422
0,461.442465722561,475.957852810621,0.348225742578506,5.67319345474243,1.12529158592224,0.292418509721756,0,12.1225429177284,1.29870900511742,453.12275031209,0,4047.95201948285,0.697108864784241,5.61267775297165,1.8181012570858,28.7686503827572,44.3929135799408,24.3334624767303,0,0.476399391889572,29.003860399127,21.4772361814976,4.3626601099968,1058.80450838804,8904.28009414673,18096.0707740486,0,2.17977505922318,0,2200.72094339132,0,0,9.5167655646801,422.070646047592,80.559257298708,512.908730357885,97.8709351718426,81.6146827936172,5.19224828481674,0.908994019031525,23.3792879581451,15890.0053581893,13820.3882606924,8591.66777221859,10008.5026106238,311.00988483429,79.6277214884758,61.8040247559547,180.143049716949,641.53500404954,21381.5838374794,73.6132000386715,3.20690187811852,94.9704918563366,1265.2609744519,484.94846907258,37.6692557930946,336.72281768918,3942.81293989718,270.449312835932,377.758887946606,1120.90369902551,34.5695932209492,177.817367807031,16868.7039304972,2410.32281205058,9996.02605383098,57.922315210104,887.314285129309,30.0108600407839,3786.71726089716,112.642679691315,188.215528786182,0,18356.4283078313,567.547586023808,1352.4486797899,3906.83302907646,1151.3228905797,400.685311615467,8.03152720630169,2361.3559461236,969.488356947899
2.16042530536652,9467.07251691818,9500.21981886029,0,10.0998250246048,2.84824645519257,190.047193318605,32.3190235495567,106.404206007719,10.6923079192638,1048.21504482627,0.443003445863724,8701.93018227816,34.1686592698097,22.2751793265343,2174.80169689655,679.160863041878,55.0096239447594,110.622628003359,0,368.760417610407,3894.58535754681,8861.46291783452,603.389835447073,3544.14057058096,24245.2769038379,143608.189690471,739.020685881376,11.4356679320335,100.161680072546,2885.11614450812,0.567146480083466,0.410342425107956,277.212105661631,1168.67949041724,1604.69785678387,1475.17210912704,905.839586228132,715.398852795362,39.8873729705811,18.1347027420998,64.0933465361595,37406.9018454254,8710.08148393035,14374.1293258071,16586.1199550629,675.44659730792,87.2112400829792,565.770213365555,201.513881370425,42323.8123196661,22452.1138626188,20.1161938309669,40.6903803050518,27.0972426533699,3758.43713882565,318.190581649542,1612.07741385698,153.081711888313,645.839354306459,68.3793762624264,4862.75369414687,1120.74139523506,318.772703826427,6553.46131198108,18951.4260963053,285.393433481455,2097.70288853347,14.6230729371309,3661.62597072124,13611.2148745358,23689.2278883606,5326.42508035898,10267.0070559978,18356.4283078313,0,5403.46311016381,548.775963708758,2905.05104747415,2465.25417864323,79.2964614927769,14.8254111260176,2557.40246751904,3857.56706756353
9.71794319152832,19.3341864645481,43.7987628281116,1593.01254221797,203.035788685083,408.143157720566,7511.21142193675,927.721763163805,4115.39587986469,4174.31602013111,1.37180703878403,1000.86530801654,16.9031746089458,219.454943984747,770.621641665697,440.48369166255,0,0,0,550.91153600812,323.284362018108,439.390336990356,576.169821411371,16206.4104329646,8.18306800723076,3.2072694003582,1037.96501378715,21575.0497328341,317.509991973639,48.699659705162,0.478254735469818,16.2379665672779,34.9966716170311,284.192786157131,315.734903872013,4125.89969271421,87.1164548695087,590.118584275246,324.481445461512,2741.57981994748,203.666524082422,94.7390939295292,10203.1926521957,266.449341237545,7268.36776453257,2201.56128758192,2442.70397102833,950.279811143875,117.786566704512,1564.32083003223,253.439299941063,4898.37972037494,5334.40002182126,270.058795720339,3524.03140226007,44008.9317032099,8221.16105239093,6358.76774996519,38595.890028134,1275.86765596271,3418.6562038362,268.277470141649,7108.07042638958,1530.00395679474,4926.07527139783,1541.4744540602,402.319699719548,488.38881456852,3636.5997223258,32530.8080336601,2856.19470083714,10596.396191746,24436.52652888,136.882007658482,567.547586023808,5403.46311016381,0,12790.6172521263,8694.47823014855,7.53685739636421,51.9324790537357,418.313070803881,3839.55528727174,3811.03379034996
0,0.722408264875412,2.20469471812248,10.522388279438,3.93940794467926,2.22376927733421,320.093481004238,10.9275646805763,391.089006096125,18.3672903180122,15.7367109060287,14.3737876117229,108.968594968319,1.53244099020958,23.3289090096951,50.4480199217796,0,0,0,3.82384607195854,87.0548561215401,100.28546500206,40.0804961025715,1077.7355594635,12.5128388404846,9.20218959450722,24.6439391076565,1356.26084029675,5.68678802251816,2.79844576120377,8.16496765613556,0,2.82256746292114,9.34234604239464,24.4340703487396,363.61703696847,9.83279940485954,29.6271420419216,20.5018216371536,144.665263235569,5.29531672596931,8.99275654554367,1891.28713425994,81.1960293054581,2785.08799873292,513.257790654898,412.960218846798,622.1529712677,115.679194062948,10349.6782698333,56.6297430992126,356.723348066211,740.806356042624,17.0182982683182,284.048041075468,8498.62469941378,3225.43884345889,557.959568709135,2505.10648557544,4223.82992297411,1275.77876228094,633.23624303937,18954.1776110381,155.850594580173,256.642070323229,662.582474455237,1788.24615323544,692.777075335383,257.470691680908,1040.26399159431,397.28704610467,658.217377662659,2797.71420453489,37.5275867581367,1352.4486797899,548.775963708758,12790.6172521263,0,7742.13464450836,175.177969694138,658.939666628838,7869.24264976382,10445.8273263425,238.778407037258
0,7.01464742422104,17.3847091495991,0,3.4805371761322,0,9.07240614295006,0,57.0387143790722,2.86103996634483,0,0,0,2.79585158824921,12.0022245645523,21.5520997643471,0,0,0,0,33.646037876606,58.9632530510426,27.0224404931068,173.360886245966,0,15.1772183775902,95.5944055020809,224.390755683184,1.31827527284622,0,0,0,0,0.405861765146255,54.8829371333122,56.3365639746189,1.58942317962646,3.44314134120941,8.65029561519623,26.8480669260025,0.615177690982819,1.65627092123032,763.54798746109,71.9207320958376,4258.86727206409,1642.20593854785,148.603813052177,65.7601862549782,0.720741450786591,6596.85329796374,8.80074840784073,8341.84232726693,18.9955267310143,7.70373219251633,23.3496152609587,12797.002650097,1374.4014120698,57.9058474600315,92.028920263052,343.76258200407,34.8807429969311,8.93817389011383,12940.2045224607,143.741939276457,672.640685245395,13714.7981780022,568.858686506748,2960.31838418543,14.1322030723095,33325.9201954156,148.551303297281,20390.1336585432,1188.61978021264,1.45741859078407,3906.83302907646,2905.05104747415,8694.47823014855,7742.13464450836,0,6.66721595823765,5.12404125928879,470.321242839098,7310.72331097722,552.567291408777
0,97.2351348102093,25.1491782367229,0,0,0,0,0,7.09246754646301,0,1073.64639824629,0,5190.64722365141,0,0,2.37106716632843,4.79518818855286,17.5445804595947,8.04829668998718,0,0,4.86519253253937,2.20882654190063,1.39940777420998,702.491731315851,2838.84102198482,4057.76564010978,0.35646915435791,0,0,1525.19873577356,0,0,5.59354531764984,7.1292120218277,13.9406225085258,201.898552000523,48.0426032245159,6.34599763154984,1.19507873058319,0,36.6111778020859,495.496543735266,1834.00789496303,397.927623510361,250.955201685429,12.5721194446087,7.38167726993561,207.886970043182,0.800067991018295,273.091686755419,13.5570608973503,4.22235864400864,0.382524073123932,14.6483017802238,4.86224460601807,40.0661700963974,12.7764703333378,8.8252115547657,948.767785727978,6.32802066206932,1601.19629082084,64.2919181287289,3.12476897239685,10.2494816184044,15.8757047951221,15.7903621792793,4.33898398280144,1.82078316807747,3.67386992275715,5.21166396141052,2.40319547057152,16.9110767841339,349.547061115503,1151.3228905797,2465.25417864323,7.53685739636421,175.177969694138,6.66721595823765,0,137.640560299158,0.524223148822784,343.78638035059,13.315958738327
0,6.56279808282852,0,0,0,0,0,0,1.12850832939148,0,35.9761843085289,0,179.798435688019,0,3.10574609041214,1.35014188289642,0,0,0,0,0.410234212875366,0,0,5.14840817451477,27.2579473257065,12.9739213585854,9.09805727005005,7.3744575381279,0,0,5.53367990255356,0,0,0,0,8.68514311313629,7.39559412002563,3.88441926240921,1.67488300800323,4.88178533315659,0,13.0767620205879,381.639469504356,55.9367771744728,652.441776126623,95.0841271281242,113.826093256474,7673.89118546247,309.867816329002,2.48136323690414,58.1010489761829,0.809292286634445,17.828009814024,278.105940282345,41.778210401535,28.2001232504845,2807.00362473726,19.4409210085869,71.0083548426628,3222.64651530981,56.6638480424881,826.539148122072,605.913820564747,8.44539612531662,0.377335339784622,4.67483258247375,709.945819318295,42.2759975790977,7.1889685690403,2.6530494093895,17.4313333034515,3.70865559577942,26.1556750535965,53.7072068452835,400.685311615467,79.2964614927769,51.9324790537357,658.939666628838,5.12404125928879,137.640560299158,0,0,4779.02242919803,12.630889415741
0,0,0,0,0,0,6.28392815589905,1.49697995185852,10.1873422265053,0,0,0,0,0,0,0.494533002376556,0,0,0,0,2.3589751124382,3.00907772779465,0.503816962242126,29.9555514156818,0,0,0.336195707321167,46.4786230623722,0,0,0,0,0,0,4.90893363952637,10.2912596464157,0,0,0,6.6298041343689,0,0,9.10981169342995,0,150.036364048719,25.594309180975,6.12159675359726,5.37270349264145,0,19.3910025954247,0.633778870105743,8.67661094665527,0,0,0.797234416007996,124.593267798424,6.02681770920753,12.146639585495,2.49146336317062,7.62120954692364,0,0.629013180732727,21.9919540286064,12.9178732633591,4.76627787947655,8.22289443016052,6.44794112443924,15.9236349314451,0,54.5401173830032,8.66927886009216,30.5416224002838,79.2854534983635,0,8.03152720630169,14.8254111260176,418.313070803881,7869.24264976382,470.321242839098,0.524223148822784,0,0,385.098617568612,13.7453889846802
0,28.6966752409935,42.1685696840286,13.3272911906242,3.94719570875168,2.13078773021698,187.239928424358,9.86648952960968,136.285848766565,29.4683640897274,117.32845017314,11.1572401225567,566.571011394262,4.28601613640785,15.6048908233643,16.8305230438709,2.09015145897865,1.36575937271118,0,3.12689620256424,18.119946628809,24.6645601987839,45.9221691191196,524.81654727459,78.2685483694077,63.1887785494328,447.938552170992,704.810640871525,5.16720619797707,1.51956245303154,23.4918104112148,0.944356679916382,1.26271641254425,12.3015187680721,12.7828594744205,192.209686905146,37.2582283616066,25.4140576720238,18.0934182703495,60.8157613277435,1.85173642635345,46.593974083662,596.967203095555,139.906830579042,2029.29768523574,288.001975893974,121.282170921564,62.0772936344147,1632.45203214884,492.51679058373,285.132659077644,926.204372957349,321.693249166012,45.4789386689663,329.342305362225,2692.45738960803,631.321929305792,232.065364331007,886.8619184196,15911.4012987912,388.649194151163,2131.17960497737,1764.87898284197,77.671246856451,404.771952867508,7687.23849897087,6447.79025939107,4410.72559976578,88.8187974393368,6091.58971114457,155.615912780166,11435.8563624173,949.176088139415,230.825664177537,2361.3559461236,2557.40246751904,3839.55528727174,10445.8273263425,7310.72331097722,343.78638035059,4779.02242919803,385.098617568612,0,113.604394435883
5.11312860250473,12.0099254846573,281.536230385303,2.40339070558548,1793.30169340968,734.799707770348,267.623164355755,67.2895925045013,194.160453885794,1101.65316987038,18.2164441347122,641.003052026033,1.44265997409821,20.9353238940239,3684.44680505991,202.49046599865,110.433794379234,48.1490271389484,68.8675943315029,0.589001774787903,386.230577886105,231.354331880808,921.397319614887,574.824102520943,0.645537495613098,248.36950853467,753.538416028023,959.068423479795,55.2412962913513,100.860771596432,1.11207664012909,24.4912427663803,20.5020372271538,37.4209931194782,323377.423021525,2522.56150704622,961.204618096352,159.619976520538,1845.56399306655,323.384896636009,189.803328573704,19.0175254046917,15365.9214542806,2236.11551332474,568.826078474522,5775.21417224407,294.472086548805,313.744917064905,6.31822887063026,36.197761297226,31.5166984200478,1016.05512359738,144.570098996162,396.229757070541,6657.82485407591,1386.83508211374,273.718284040689,155.330114722252,672.516559720039,313.368269681931,13754.8907561898,18.8097333014011,148.946577221155,1972.6796464026,4786.27128654718,406.468995273113,227.176223516464,319.804652392864,27.8771906793118,3673.17421609163,385.717659860849,5398.62407422066,1572.55547297001,5.54519718885422,969.488356947899,3857.56706756353,3811.03379034996,238.778407037258,552.567291408777,13.315958738327,12.630889415741,13.7453889846802,113.604394435883,0
