"Predictor","Test_Statistic","p_value","functional_ve","semi_partial_r"
"Group",35.6121148027781,9.12351016733007e-71,0.0255504680132501,0.0545868297059381
"Rel_Motion",467.073248015249,0,0.0847169015888497,0.212645924736901
