"Predictor","Test_Statistic","p_value","functional_ve","semi_partial_r"
"eTIV",201.368166762677,0,0.0785131537345134,0.0329041866186297
"sex",7.83648191820346,9.12679909015733e-18,0.0183502215762763,0.0061777733819289
"sriskscore",12.5196903028026,1.71327829966282e-23,0.0148783655370399,0.00678521103364511
"age_at_5y_mri",18.7596729841335,1.35121795980202e-30,0.000671113286466009,0.00755313633304424
"Rel_Motion",429.730340256308,0,0.0907951445524752,0.0418661473915587
"globalcatmod",258.486814833487,0,0.0284528518990421,0.0409896057072004
