"Predictor","Test_Statistic","p_value","functional_ve","semi_partial_r"
"Group",242.158236156555,1.97536847823362e-226,0.0173547458319345,0.106145525082723
"sex",3113.81860013278,0,0.116374096050292,0.321891219062173
