"Predictor","Test_Statistic","p_value","functional_ve","semi_partial_r"
"Group",187.435044585813,0,0.0255504680132501,0.148732487469361
"eTIV",371.937351637965,0,0.0427411768835408,0.185455380929476
