"Predictor","Test_Statistic","p_value","functional_ve","semi_partial_r"
"Group",307.108786834372,0,0.0410602414183121,0.0359569962836256
"eTIV",354.951315075277,0,0.0548487623407057,0.0406918739245238
