"Predictor","Test_Statistic","p_value","functional_ve","semi_partial_r"
"Group",67.9822159062551,3.91835956672429e-98,0.00825802985952434,0.017457792073508
"sex",535.829748726573,0,0.107935539163449,0.0766169010945843
