"Predictor","Test_Statistic","p_value","functional_ve","semi_partial_r"
"globalbrainscore2",284.710305084585,0,0.0216060162632879,0.0461025079280305
"eTIV",259.00678629217,0,0.0785131537345134,0.0399121845842287
"sex",8.92794086567103,7.83185909039567e-23,0.0183502215762723,0.00687894072426863
"sriskscore",20.4317190112323,1.44974599345909e-43,0.0148783655370399,0.00897206320086981
"age_at_5y_mri",26.5634784892667,1.7424761171732e-47,0.000671113286466009,0.0092332954223515
"Rel_Motion",399.363809717692,0,0.0907951445524712,0.0434052309947123
