0,0,250.83847245574,7.98351329565048,1.93057250976562,20.26246291399,7790.68335178494,368.3359554708,0,231.992634087801,3.69563317298889,11.5895830988884,0,5643.72766628861,0.797840595245361,1.93134796619415,98.156629383564,2.92853498458862,15.4240862727165,4.30862644314766,401.378496855497,0,1214.84968683124,16.5961726903915,0,40.6705649495125,41.0544399917126,82.1801861822605,8640.67239049077,11273.1998602152,0,12.0804568827152,11.8118447959423,90.661687374115,7.06078898906708,47.7687464952469,5.79984548687935,54.4846105277538,8.57734978199005,5.30047413706779,3.23309397697449,0.697085618972778,0.469815224409103,2.42258900403976,0.933203518390656,0.671743750572205,0.516193747520447,0,0,0,0,1.69224762916565,0,0,0,0.40631628036499,0.48523673415184,0.745495855808258,0,1.40554201602936,0,0,0,0,0,0,0,0,0.785335659980774,0,0,2.20421135425568,6.31164798140526,0,0.484652549028397,7.63533774018288,7.72846582531929,0,2.1610062122345,0,0,0,1.95567739009857,2.99830055236816
0,0,48.2151647210121,1.20007932186127,25.1652867794037,0,8.44966340065002,0.457547515630722,3284.28089442849,2.6660812497139,175.701178312302,2.44048190116882,1561.50335779786,1.63841265439987,146.749081671238,414.764580368996,62.9001224935055,2.11604675650597,10.331894338131,0.453589558601379,30.5106461346149,4968.65105390549,35.7162864506245,2491.15471893549,5445.60657933354,603.674362927675,18504.8462139368,175.568781673908,9.82532316446304,1.70224195718765,11.5977408587933,2.13799178600311,0.730596780776978,18.0035404860973,36.9092241823673,94.3373793065548,101.221826076508,129.625678151846,3.16393786668777,156.491482108831,0.702603280544281,187.860968708992,826.300620496273,465.505179673433,308.641167014837,276.64720261097,5.86440402269363,1.33617401123047,146.495665311813,13.5755844116211,568.814333766699,1184.57402917743,5.49014127254486,0,0,133.809022068977,13.3214589655399,7.91901624202728,0.894850194454193,476.33710578084,0.403756111860275,454.817144960165,46.8269008696079,0.577942788600922,75.5808849334717,529.289636999369,5.22667676210403,134.014771699905,2.09589457511902,125.46103939414,92.4362529814243,364.364653706551,126.96784427762,146.066226959229,1484.23919376731,9147.43230700493,89.3620798289776,10.8601333796978,91.9512912631035,88.7128044068813,1.2364250421524,0.375616639852524,177.621642231941,94.7948022782803
250.83847245574,48.2151647210121,0,1.50718358159065,10.5337513685226,41.7626448273659,8434.43673944473,1203.165548563,22.9630447924137,182.415860921144,71.0813824534416,9.95519310235977,0,2203.6307028234,16.1998001933098,297.197858095169,36449.3655802906,83.7231825888157,1246.69370877743,4.68068647384644,12863.4732888341,90.63128221035,45348.4192958176,258.082918405533,1.55182671546936,47147.7513792813,16708.0376439691,4423.48991701007,645.217610090971,4901.71659883857,0,83.3882511258125,36.596441924572,4412.63827309012,790.585868299007,13499.0340083838,7227.09943091869,5111.16081520915,822.187915027142,127.538122236729,17.4549762308598,20.3023550212383,687.588815063238,1390.6501095593,233.420798808336,232.568665385246,33.8043332993984,2.76504623889923,2.65773677825928,6.73903977870941,71.6830651462078,4554.12255334854,0,0,2.22499191761017,344.4175311625,9.50284524261951,5.66321521997452,3.16846573352814,3.09740430116653,1.41769528388977,1.82276701927185,73.3143787235022,2.39831352233887,191.332028001547,658.601341575384,14.8434807956219,88.9131129682064,2.36403194069862,220.133224785328,148.643671810627,2277.26315265894,160.856427490711,22.39694917202,557.556748479605,12084.2154941261,193.705366432667,8.58174201846123,146.631952285767,0,0,0.785093933343887,322.449168592691,723.965127259493
7.98351329565048,1.20007932186127,1.50718358159065,0,15.8929057121277,96.1655640304089,189.14503338933,214.953098803759,5437.49974089861,6365.19379621744,18.4907694756985,256.133866399527,0,268.576226294041,181.728708207607,0,0,7.74316114187241,8.07920405268669,29998.6817694008,0.927836626768112,4.28407293558121,0.644590198993683,11598.1986831725,0,11.4525199234486,7.41460978984833,12633.8909497857,619.970658749342,3.85540866851807,0,67.9301676750183,7.80868831276894,197.01969909668,43.7690043449402,398.521521985531,5.00266635417938,201.923610329628,28.7141335010529,384.310310572386,41.543643116951,10.2890750169754,42.2015673220158,0.806496679782867,14.1684453189373,9.8776975274086,468.39026004076,23.2617283761501,2.95200878381729,1.25656545162201,0,0.368219256401062,2261.15842312574,47.4770929813385,122.689477145672,159.901076704264,79.1326439082623,1141.67074358463,980.440846979618,9.09943649172783,753.904926151037,0,28.0506248772144,306.80590185523,0,0,1.62358003854752,0,674.503343015909,0,2.21712550520897,0.424815565347672,1555.05488526821,0,2.23545125126839,0.727618098258972,2623.00753322244,19.3353725671768,0.569001376628876,0.324585378170013,1.53477522730827,0,58.3502993583679,8.53210520744324
1.93057250976562,25.1652867794037,10.5337513685226,15.8929057121277,0,1203.32363346219,72.2355694770813,294.422014415264,735.377296149731,263.5851983428,1.09280872344971,1257.66677191854,0,31.9651519358158,7188.3150485456,16.1097771823406,2.82923114299774,0,4.39307451248169,89.1767537891865,22.9065326154232,34.6308224797249,59.0572010874748,310.713720887899,10.7013749480247,9.09455901384354,39.5521735548973,149.276903808117,21.118666768074,30.8320629298687,0,353.574855476618,0,331.046563833952,3880.11794888973,163.724590927362,15.506623506546,19.480486780405,28.1437501311302,6648.30866348743,4200.40773975849,18.350998044014,30.2463124990463,11.30941426754,13.7565521597862,72.04948168993,268.601551175117,6.63380777835846,3.16762220859528,0,0.528393685817719,1.59766888618469,167.190683066845,34.4644517302513,33.0746890902519,19.7832333445549,10.3445301055908,41.974132925272,93.8026980757713,11.8514811396599,236.196002453566,0,8.65327721834183,153.885519236326,7.04306960105896,1.46080386638641,0,1.07286167144775,50.4752400815487,14.1459345817566,5.02584052085876,51.1524191200733,85.9852373898029,0,3.48196244239807,16.7518827617168,184.722767978907,3.28276973962784,3.63843336701393,0,1.48600900173187,0,6.70630806684494,2835.70889434218
20.26246291399,0,41.7626448273659,96.1655640304089,1203.32363346219,0,1379.87495663762,18727.1509644985,143.00680154562,21702.8310671747,228.896833151579,7352.18415695429,3.28338307142258,1168.51893287897,9326.97280728817,2.35041397809982,24.5721250474453,84.1116587817669,49.6347549557686,514.304162502289,50.7637330293655,2.4415126144886,154.989513844252,332.98652073741,0,97.6544249951839,37.8560629785061,2429.05685454607,969.031090468168,213.153916448355,11.1916406154633,1492.47053048015,11.922751635313,431.05522069335,1226.19636240602,1173.72793567181,17.194119066,369.135679811239,147.561360657215,6873.62363821268,1183.83691948652,82.5541403889656,35.2980689108372,0,23.5844637453556,115.214278876781,84.1332892477512,29.1438915729523,7.22220760583878,0,0,0,56.9014241099358,2.89017161726952,15.7385818958282,11.7461053133011,49.411193728447,21.4492567181587,39.1011246740818,111.328134745359,65.4462040066719,0,12.660648047924,21.8556644320488,0.738545894622803,0,0,0,16.3827932775021,0.944897711277008,1.06582880020142,0,175.683015823364,0,0,0,164.487827509642,1.22481995820999,1.2373605966568,0,3.81748342514038,0,14.3661613464355,129.071696162224
7790.68335178494,8.44966340065002,8434.43673944473,189.14503338933,72.2355694770813,1379.87495663762,0,12540.1561316848,708.042746037245,26133.6877883077,330.835996896029,144.794666290283,8.33985817432404,28949.8467569351,476.608180612326,53.4155052006245,1212.72244301438,114.45283421874,214.885340332985,114.005477696657,3706.29362723231,87.6026535630226,10254.1313447952,2297.48086804152,1.45124396681786,1831.04379910231,1824.46125477552,66226.5593965352,18140.4983610511,26418.8802185357,16.0990554392338,833.758863300085,920.351560473442,5945.74903637171,1893.72582775354,7149.55454069376,841.484407633543,5141.00475803018,946.449548721313,1871.61417657137,443.418960005045,166.293940156698,628.53737154603,89.1963741779327,166.821925282478,158.337796419859,556.370094120502,135.626634657383,25.6448131501675,10.2331272065639,8.9012365937233,228.210691690445,454.568255394697,11.1387249529362,91.5278567671776,353.904192388058,221.043200433254,215.875615924597,500.408840924501,93.7353051900864,170.714814305305,0.542933762073517,185.443054050207,100.183040171862,276.858380526304,27.8127829134464,0,2.44219473004341,117.037010163069,189.836544692516,41.4851682186127,452.194894492626,2650.76558330655,2.1521572470665,22.1213968396187,1028.90498298407,2552.5602247715,133.915253102779,407.788835942745,0,20.2387714087963,5.76090335845947,235.940407931805,400.829991966486
368.3359554708,0.457547515630722,1203.165548563,214.953098803759,294.422014415264,18727.1509644985,12540.1561316848,0,307.67327144742,23890.2903614044,581.448212742805,4391.86012750864,12.1138036847115,21055.6055166423,1027.86841481924,16.1996574997902,506.030111044645,203.100659281015,208.929566711187,1211.33863911033,1469.43116164207,7.80093562602997,4150.37393036485,986.38995218277,0,408.539339154959,265.953920960426,3234.7978939712,3070.57736554742,6858.74824357033,31.550078779459,3364.38465678692,177.810965240002,2005.45492622256,265.057602077723,3793.792388767,158.417745500803,1599.91791850328,562.097464114428,7183.61296528578,669.772005885839,305.001117825508,186.809579342604,3.00391978025436,118.639272421598,411.90320572257,255.983242154121,135.908934116364,36.1538150310516,3.22854617238045,0,7.20692911744118,218.359189778566,5.27846366167068,54.5711487531662,153.485601067543,197.467743456364,71.8504628539085,194.548326045275,388.554256111383,122.416088372469,0.566584706306458,38.5281322598457,38.7821355760098,3.81305441260338,1.53774702548981,0,0,59.1149841845036,6.25149285793304,2.05042490363121,6.81515616178513,1021.16346374154,0.866534650325775,0.636714398860931,33.141550719738,999.785801291466,17.380370259285,16.4908629357815,0,38.0080230534077,0.997206091880798,78.8552898168564,38.2422287166119
0,3284.28089442849,22.9630447924137,5437.49974089861,735.377296149731,143.00680154562,708.042746037245,307.67327144742,0,2850.45491859317,75.0359732508659,2222.31939259171,26.5585240721703,198.325724989176,4611.93905028701,201.145501196384,15.7774777412415,17.3592172265053,10.6680182516575,2245.48516750336,60.0790903866291,14645.1779226661,37.9959129989147,48427.1129270196,1757.52351152897,77.9692875146866,3227.24252229929,9822.77989932895,407.338109731674,55.0019265413284,0,130.210571408272,22.8049275279045,240.124773293734,93.3767520487309,619.574736773968,22.8573293983936,239.613774746656,36.3784043192863,2454.45778012276,69.9380706250668,38.6473661065102,572.802687972784,21.4781079292297,173.77933755517,91.5338687598705,339.015288323164,122.379630416632,32.4545734226704,16.5353166460991,15.3730023503304,29.2891119420528,845.541836321354,16.6712529659271,105.064051538706,421.285958707333,211.711443454027,4935.5047365725,479.150315850973,74.3078607320786,239.734384030104,7.6026973426342,163.479592084885,96.6878233850002,792.047552257776,6.63848516345024,14.7903396189213,10.7085062563419,146.710870712996,337.687210679054,538.881571859121,246.348035782576,11587.8892814219,14.446780025959,32.5572133660316,130.589017242193,4418.44029426575,142.961836457253,262.285837203264,2.08510762453079,16.7403116822243,12.1200637221336,217.343304991722,157.721345871687
231.992634087801,2.6660812497139,182.415860921144,6365.19379621744,263.5851983428,21702.8310671747,26133.6877883077,23890.2903614044,2850.45491859317,0,1399.24944171309,8054.98306208849,29.0465050339699,15906.2325141728,1264.47189223766,4.05117693543434,70.3776758611202,525.994232594967,359.784019231796,12896.0893251598,58.0837322771549,10.0234993696213,201.623165547848,3150.75465789437,1.0435197353363,657.9918628335,139.413021355867,22837.3880129158,13079.3776138425,338.244080752134,71.6891395449638,2260.55235144496,96.4723249673843,4252.50852760673,923.949038475752,6201.89449724555,83.8218599557877,4043.40390697122,595.161046087742,4025.65244787931,640.388488411903,209.036498427391,144.157006323338,4.96522665023804,64.0853241086006,200.30035457015,874.156395614147,81.4521131515503,15.2280743718147,1.55025148391724,0.724264442920685,5.70469424128532,1987.88142189384,64.7309948503971,138.866970449686,381.282222419977,119.213873535395,998.64859777689,1358.95063439012,166.380092948675,919.152717202902,0,41.5246194303036,446.61934825778,10.755419254303,0.357067227363586,0,0,440.227041572332,2.24580574035645,2.59616535902023,9.0313213467598,2606.30246844888,0,0.311531394720078,24.3235218822956,4459.01786285639,38.8782829046249,14.8955430090427,0,5.46383088827133,0.91681182384491,132.569514602423,110.057856440544
3.69563317298889,175.701178312302,71.0813824534416,18.4907694756985,1.09280872344971,228.896833151579,330.835996896029,581.448212742805,75.0359732508659,1399.24944171309,0,530.388704866171,4844.0335791111,664.715815037489,11.6697272956371,46.0510413646698,472.657928228378,8400.60027617216,1396.87970164418,189.061814934015,112.032742470503,35.9697566926479,516.370100826025,196.674944609404,1245.42096161842,7260.81481206417,618.564169049263,328.815200865269,2481.28619042039,29.7782306373119,1740.53000253439,918.13561680913,12.5401921868324,12735.0878818929,211.523589223623,2746.92256510258,3591.99906739593,9902.69407087564,586.772712618113,511.97357749939,40.5408777594566,3129.60891285539,21.398768901825,2640.40375185013,106.197997093201,12.071532189846,21.0448395609856,2.5959300994873,2738.45825946331,0,3.4412122964859,1.95144554972649,0.462438762187958,0,0.536295235157013,3.98728826642036,11.8372279703617,22.5384598374367,1.42735353112221,1028.3984696269,9.50661626458168,720.980513483286,3.40181314945221,10.4595638513565,2.07197257876396,0.7566819190979,1.32456171512604,0,1.41377541422844,0.411428034305573,2.07512921094894,12.2065350413322,92.65174305439,14.5294476151466,204.55136692524,266.753178954124,32.0736592113972,0,0.305738717317581,217.491373091936,9.02227732539177,0,50.7412791252136,195.091717064381
11.5895830988884,2.44048190116882,9.95519310235977,256.133866399527,1257.66677191854,7352.18415695429,144.794666290283,4391.86012750864,2222.31939259171,8054.98306208849,530.388704866171,0,10.0199158787727,2177.07344427705,6449.51737943292,1.84119689464569,12.4272520542145,191.707014977932,121.618883311749,27098.3237367272,9.85227587819099,4.52664875984192,27.6674918532372,981.373485863209,1.65693402290344,232.875810593367,47.0389403104782,220.703949868679,1755.57070687413,45.717480301857,24.5920873880386,977.499244898558,1.77809572219849,863.12104305625,381.499383956194,615.002303898335,24.4675733447075,869.099667787552,137.759760260582,6847.59525880218,88.5087508261204,78.5869880914688,30.7507581114769,0.491030395030975,26.0972967743874,95.9715366661549,564.615745306015,40.5193928182125,8.91335624456406,1.74544632434845,2.48394179344177,1.00454866886139,757.953771471977,43.364863216877,87.4393131434917,41.8965790271759,79.5726824998856,202.179869800806,323.106331586838,81.5974811017513,1200.70015892386,0,38.5412064492702,355.3086412251,0,0,6.57051846385002,1.27246308326721,473.556222975254,0,1.77481317520142,0,304.441849708557,0.687820136547089,10.7034850716591,0.641392707824707,722.294203996658,8.86281636357307,0.43250983953476,0.413362234830856,15.445378869772,0,39.9828079342842,56.7929645776749
0,1561.50335779786,0,0,0,3.28338307142258,8.33985817432404,12.1138036847115,26.5585240721703,29.0465050339699,4844.0335791111,10.0199158787727,0,6.50460350513458,4.10890674591064,0,0,10.6582061648369,2.46981462836266,2.77571350336075,1.40299487113953,255.211161464453,1.65788152813911,13.7355287075043,5435.34028950334,351.802812814713,5020.67004331946,8.95986127853394,12.4829434454441,2.35920661687851,5116.35283687711,7.75342029333115,0,142.997148066759,7.57137894630432,124.134320884943,1475.66850265861,710.902656853199,22.405503064394,11.8501157164574,1.1027497947216,2051.08140966296,10.6865198016167,3136.74148792028,157.199136793613,4.90190637111664,4.51435074210167,0,3067.61835828424,0.882129907608032,3.98590472340584,0.406866669654846,0,0,3.77851843833923,2.19101086258888,12.1418038010597,39.1168929636478,3.9309276342392,3888.10841315985,5.8026839196682,5269.94819942117,5.83875179290771,6.71983045339584,1.91423887014389,0.379816979169846,7.91935154795647,0.85220855474472,2.88677597045898,0,2.63321253657341,0,23.3624774515629,324.916644990444,859.815909326077,1581.56588280201,0,17.7992668747902,0,1635.61104238033,23.7165312170982,0,119.606866300106,5.4496813416481
5643.72766628861,1.63841265439987,2203.6307028234,268.576226294041,31.9651519358158,1168.51893287897,28949.8467569351,21055.6055166423,198.325724989176,15906.2325141728,664.715815037489,2177.07344427705,6.50460350513458,0,99.7196882963181,28.5523696243763,1242.25479021668,254.047234505415,436.153184115887,964.269398957491,3876.22559300065,5.54472824931145,9510.56087070704,825.333689332008,0.365159898996353,705.554050892591,446.174759507179,2800.57540664077,7484.73158353567,28797.666213423,25.1915187239647,627.723161607981,275.508620500565,2050.75499650836,166.123012661934,2265.26697131991,218.114594697952,1602.16480618715,248.727227479219,1113.56746521592,180.921751111746,121.904379636049,178.859813988209,5.24839344620705,60.4656089544296,155.563431441784,200.443389594555,70.5866307318211,15.3649176359177,0.501844644546509,0,20.9492728412151,179.354604929686,3.73655647039413,32.2925304472446,150.06543686986,71.7625178992748,65.4084750711918,131.456714838743,169.423747003078,94.309658229351,0.777254641056061,22.2924564778805,39.9460135996342,5.06168863177299,0.511909484863281,0,0,49.4240667819977,10.7242414057255,6.59790843725204,13.9416586458683,974.04578474164,0,1.03148722648621,69.7863965928555,975.315307319164,21.5447379350662,25.6345430612564,0,17.5154351592064,0.581816256046295,70.2506519556046,28.0498531460762
0.797840595245361,146.749081671238,16.1998001933098,181.728708207607,7188.3150485456,9326.97280728817,476.608180612326,1027.86841481924,4611.93905028701,1264.47189223766,11.6697272956371,6449.51737943292,4.10890674591064,99.7196882963181,0,80.0365950763226,8.41739809513092,8.51602149009705,8.99390345811844,515.807261317968,184.754216372967,282.076749533415,234.143978655338,2699.67979073524,101.200526535511,11.8626336157322,293.67328196764,1330.09662345052,136.29517775774,277.963747322559,0.716418445110321,1066.7241486907,5.25227570533752,61.3315771222115,1569.56054994464,512.521838635206,39.9845494031906,208.755190849304,56.7324620485306,6103.10612478852,62.6613698005676,39.70197224617,67.1942456662655,13.7472534179688,24.2686395049095,67.3336140215397,783.839173138142,14.2035563290119,0.411536395549774,0,0.974187016487122,3.44269099831581,629.949490517378,84.1129441559315,75.4385851621628,57.6903873682022,30.6416351497173,172.190478086472,305.063834398985,13.0671083331108,763.089290678501,0,27.39114767313,434.316982746124,3.5653629899025,0,1.98546624183655,1.1642872095108,170.69041967392,11.3817144632339,1.65986585617065,40.3336760997772,345.826634883881,0,14.4398224949837,36.9656832516193,702.461360812187,6.70296910405159,16.5420070886612,0.866318762302399,2.00403362512589,0,26.1928988993168,3259.11912587285
1.93134796619415,414.764580368996,297.197858095169,0,16.1097771823406,2.35041397809982,53.4155052006245,16.1996574997902,201.145501196384,4.05117693543434,46.0510413646698,1.84119689464569,0,28.5523696243763,80.0365950763226,0,483.449818491936,30.8449311852455,154.692125737667,1.22347819805145,14106.942304045,15109.8885321021,12088.2335258126,2825.76149654388,93.6449975967407,808.753445863724,15140.709045589,1276.89356645942,59.102980196476,477.56162545085,1.21546158194542,30.4274899959564,9.00301828980446,2133.08336240053,1632.45632848144,14281.807926923,3222.67677468061,7647.86333587766,1165.9319755733,362.671255528927,89.243860244751,200.824249863625,724.957014739513,137.464984208345,173.964724004269,171.768339455128,169.167745947838,15.1493166089058,8.15578761696815,20.1473417580128,63.2476291954517,163.981545060873,0,0,0,519.20245808363,35.7731782644987,22.9992414414883,3.26909619569778,11.4023469984531,4.22425854206085,5.32966440916061,100.132054567337,10.6652115881443,12705.4336919785,43.992597848177,0.764861315488815,14.9613942801952,1.89234679937363,3915.63607355952,1375.54455563426,9955.61288720369,3791.86325031519,54.8782886564732,104.146837711334,3177.96377146244,2429.69614923,83.5713403224945,2218.80923971534,0,4.59767827391624,12.7496374249458,197.076414257288,773.78983309865
98.156629383564,62.9001224935055,36449.3655802906,0,2.82923114299774,24.5721250474453,1212.72244301438,506.030111044645,15.7774777412415,70.3776758611202,472.657928228378,12.4272520542145,0,1242.25479021668,8.41739809513092,483.449818491936,0,570.241326868534,7148.74414899945,2.66620963811874,3911.52752801776,116.737107157707,20282.5291438401,282.732328176498,0.913670837879181,22677.0368014872,24501.7520231903,1009.8094612658,2105.1132914722,1385.82713890076,0,78.0572752952576,286.413987308741,2171.80918836594,329.924629628658,6762.77950963378,7798.76644289494,2130.06933730841,274.864280253649,48.5821025371552,6.08511766791344,5.10934811830521,151.981967151165,398.636990785599,57.9062713086605,58.9144317209721,1.20432749390602,2.30148351192474,1.53308576345444,0,8.1657762825489,824.548535495996,0,0.711736679077148,0,46.0494509339333,1.97743847966194,5.64820110797882,0,4.86816763877869,0,2.74562340974808,9.20064601302147,0.879151046276093,35.023956656456,150.135636866093,2.16817578673363,25.7167478203773,0,32.2768101096153,11.4563649892807,304.534299522638,13.278088003397,7.80933853983879,273.24908837676,2600.32433688641,26.0730418562889,0,28.5512116849422,0,0,0,75.0396992564201,285.199088096619
2.92853498458862,2.11604675650597,83.7231825888157,7.74316114187241,0,84.1116587817669,114.45283421874,203.100659281015,17.3592172265053,525.994232594967,8400.60027617216,191.707014977932,10.6582061648369,254.047234505415,8.51602149009705,30.8449311852455,570.241326868534,0,2160.79365420341,51.3135436475277,33.6323443353176,2.0543492436409,184.034267276525,61.4999753832817,13.5974641740322,2743.79571688175,308.267918348312,144.61221191287,1047.52438691258,28.1844587624073,1.71244859695435,331.216434925795,1.47912400960922,3287.48771163821,399.910738259554,3662.78875651956,4194.15870332718,7652.0226919055,1436.86343884468,196.416987001896,37.8702778816223,25.4994878768921,17.0963027477264,220.790637046099,3.47520378232002,13.1234976649284,0.592295110225677,0,16.5266572833061,0,1.91230383515358,1.81911298632622,0,0,1.21175682544708,0.642814457416534,0,4.84741973876953,0,158.890456646681,1.13566362857819,430.332524657249,0,0,1.89213672280312,1.12627077102661,12.9417672157288,0.446771860122681,0,0,0,5.88622969388962,1.96385210752487,14.2784774303436,751.77965465188,1085.98095118999,0.552684426307678,1.98449242115021,0,459.973237454891,0,0,3.51155835390091,422.825831323862
15.4240862727165,10.331894338131,1246.69370877743,8.07920405268669,4.39307451248169,49.6347549557686,214.885340332985,208.929566711187,10.6680182516575,359.784019231796,1396.87970164418,121.618883311749,2.46981462836266,436.153184115887,8.99390345811844,154.692125737667,7148.74414899945,2160.79365420341,0,45.2849413752556,757.003294914961,11.6860375702381,2026.11665213108,90.6633635163307,13.2218424677849,3463.56536492705,1801.92741420865,240.603991121054,1659.25342595577,380.818967759609,0,341.333834052086,86.2185949683189,5850.82720685005,294.370422780514,3872.87380588055,2933.86215797067,4538.4556080997,839.86284378171,96.9166639745235,22.8479323387146,9.57392001152039,34.2076933085918,152.361752957106,16.1673428118229,13.0775483846664,3.75361031293869,0,6.8417327105999,1.1555757522583,1.90127110481262,27.6487275362015,0,0,0,2.42542028427124,0,1.40351188182831,0,27.928034812212,2.85951000452042,93.9816248714924,0,0.447094917297363,7.9047055542469,10.8863162398338,10.041888833046,5.6004666686058,0,3.01327073574066,2.819016456604,31.5671814978123,15.0229966640472,8.20751187205315,627.133582532406,1114.94137752056,6.03101083636284,0,3.07380044460297,122.965458273888,0,0.413070172071457,5.96915128827095,346.741610735655
4.30862644314766,0.453589558601379,4.68068647384644,29998.6817694008,89.1767537891865,514.304162502289,114.005477696657,1211.33863911033,2245.48516750336,12896.0893251598,189.061814934015,27098.3237367272,2.77571350336075,964.269398957491,515.807261317968,1.22347819805145,2.66620963811874,51.3135436475277,45.2849413752556,0,1.78178849816322,6.63206768035889,6.60290685296059,2606.25882640481,0.455145657062531,73.4869289398193,14.8941643238068,2201.72321501374,917.161116451025,15.3090831041336,7.20419019460678,225.59434106946,0.508851945400238,287.224161475897,33.5506645441055,596.368826657534,7.99077531695366,333.333301484585,62.9437807202339,869.928956747055,53.6152948737144,48.6982519924641,123.222576200962,0,45.6572442948818,50.2297076582909,583.89682418108,40.0431013405323,7.85888102650642,0.472346931695938,0,0.537938416004181,1579.75276648998,63.8656742870808,149.421381235123,208.327761381865,132.114510476589,466.428562223911,877.424102634192,33.680916249752,866.689025193453,0,65.4699288010597,329.456234544516,0,0,0,0,298.499247968197,0,0.656890392303467,0,1372.17157363892,0,0,1.15760743618011,2657.59702965617,40.7490211129189,0,0,8.65566831827164,0,73.1828454434872,20.4605234265327
401.378496855497,30.5106461346149,12863.4732888341,0.927836626768112,22.9065326154232,50.7637330293655,3706.29362723231,1469.43116164207,60.0790903866291,58.0837322771549,112.032742470503,9.85227587819099,1.40299487113953,3876.22559300065,184.754216372967,14106.942304045,3911.52752801776,33.6323443353176,757.003294914961,1.78178849816322,0,309.744076728821,61721.0583160222,939.669626414776,8.48295715451241,2390.4213860929,5402.15885323286,14252.933980763,5461.01995027065,30751.8189754784,2.47038161754608,114.494273513556,1283.54413446784,13530.8459043205,2706.02405932546,15616.0980633497,1248.94954696298,15322.110565275,1934.52736476064,711.461989462376,150.908884257078,215.684087663889,420.975341171026,71.7603177726269,76.076593130827,101.516893267632,258.013411521912,23.026428848505,6.85900551080704,25.6466341018677,6.41751980781555,164.284454226494,0,0,3.43697106838226,196.133076190948,18.0308667421341,17.4103404581547,5.01829671859741,17.9323739409447,16.4147211015224,0,35.8133746981621,15.0737273395061,1605.42213648558,41.0655522346497,0.773373752832413,7.36771315336227,2.12180685997009,1723.77752310038,146.549903124571,1078.0588734746,2110.19666561484,3.55667960643768,30.6557763516903,1101.20466446877,1684.88853293657,71.0044310688972,1863.0465631187,0,4.09308195114136,20.6184768378735,100.889350116253,861.958892196417
0,4968.65105390549,90.63128221035,4.28407293558121,34.6308224797249,2.4415126144886,87.6026535630226,7.80093562602997,14645.1779226661,10.0234993696213,35.9697566926479,4.52664875984192,255.211161464453,5.54472824931145,282.076749533415,15109.8885321021,116.737107157707,2.0543492436409,11.6860375702381,6.63206768035889,309.744076728821,0,1050.64334416389,12837.8895011246,2830.31683963537,285.057501077652,17405.6751182377,922.404789865017,21.2195039689541,30.0971571803093,1.46946805715561,1.663241147995,2.13432818651199,83.678568571806,56.8677429556847,503.769277006388,210.86598610878,251.810596138239,25.9298029839993,267.008659988642,3.47093093395233,30.2511792182922,450.255524992943,153.558998972178,143.202531188726,129.804648816586,45.1371273398399,7.91265240311623,21.6318646669388,9.94023463129997,324.124778062105,250.797341048717,18.1742333173752,0,0.573246777057648,273.262529790401,17.1473513543606,39.7941458821297,7.51225239038467,60.0313975214958,3.5119321346283,89.9141261577606,60.5016191005707,3.72708541154861,8943.08767548203,82.8089204132557,2.36525049805641,14.3234042823315,0,1950.57479014993,4272.63765844703,3516.47118014097,2837.22660183907,94.2913311719894,95.2892705202103,11262.0560715497,1333.70739892125,25.5963374078274,635.907639116049,14.5626214146614,0.371009856462479,2.97086268663406,165.079868733883,147.17303147912
1214.84968683124,35.7162864506245,45348.4192958176,0.644590198993683,59.0572010874748,154.989513844252,10254.1313447952,4150.37393036485,37.9959129989147,201.623165547848,516.370100826025,27.6674918532372,1.65788152813911,9510.56087070704,234.143978655338,12088.2335258126,20282.5291438401,184.034267276525,2026.11665213108,6.60290685296059,61721.0583160222,1050.64334416389,0,1711.28925982118,2.62253013253212,8736.11865574121,27593.9629390836,16962.4787127078,8209.07992461324,22078.7431304157,0,214.982545822859,951.782432079315,17278.4177555442,5650.83932986856,52312.4918763936,12398.3669621944,38830.5641175508,5859.13677090406,1201.25596863031,228.102008700371,327.714080840349,723.667970955372,277.913877755404,235.53315192461,338.041347265244,113.883167922497,26.9837601780891,19.2282096147537,7.31202059984207,82.8891250789165,788.67022305727,4.81170427799225,1.18398642539978,2.24909204244614,536.708980381489,25.5378950238228,7.09850066900253,6.69283097982407,31.5818139314651,6.36897543072701,0.669049382209778,113.508425652981,13.9460906386375,8961.69196099043,99.722367554903,4.25665298104286,31.3419444561005,2.96215623617172,2065.42411002517,671.048233360052,12290.7723758221,1252.26295700669,40.4037809967995,153.336144417524,13699.0357279778,1373.42419502139,24.80513843894,666.204569846392,1.74158346652985,0.989657521247864,12.6576490998268,196.010876536369,3182.81373512745
16.5961726903915,2491.15471893549,258.082918405533,11598.1986831725,310.713720887899,332.98652073741,2297.48086804152,986.38995218277,48427.1129270196,3150.75465789437,196.674944609404,981.373485863209,13.7355287075043,825.333689332008,2699.67979073524,2825.76149654388,282.732328176498,61.4999753832817,90.6633635163307,2606.25882640481,939.669626414776,12837.8895011246,1711.28925982118,0,972.999073714018,594.08729287982,8560.87142109871,33858.5363561213,2668.17252072692,2493.80778700113,8.33616501092911,296.606101542711,414.18499314785,2152.22302144766,1181.14652130008,5947.86192446947,348.776483148336,2567.14351257682,506.594545632601,2347.26438960433,200.484940469265,232.555989712477,4776.85967233777,88.8261302113533,1329.12023237348,588.207862108946,3116.40949103236,903.826720803976,184.689195662737,83.4151378571987,17.7511737048626,144.46185952425,3820.38701727986,47.9880236387253,534.527966350317,2354.32593467832,1421.27014654875,5574.97247242928,3121.12905827165,284.301692962646,1018.25948879123,8.85752022266388,1040.92563700676,487.939262241125,1490.7551061213,36.6774642467499,14.3682813942432,16.4990405142307,922.006767690182,1210.09989270568,582.787057518959,759.639431327581,37351.0271728933,26.2482481598854,81.9966255128384,779.677436470985,24069.3482954204,1036.87207362056,2293.64833298326,0,121.878258764744,53.7046272456646,1547.05006730556,1156.91350388527
0,5445.60657933354,1.55182671546936,0,10.7013749480247,0,1.45124396681786,0,1757.52351152897,1.0435197353363,1245.42096161842,1.65693402290344,5435.34028950334,0.365159898996353,101.200526535511,93.6449975967407,0.913670837879181,13.5974641740322,13.2218424677849,0.455145657062531,8.48295715451241,2830.31683963537,2.62253013253212,972.999073714018,0,588.256281018257,1809.83321362734,85.9505222439766,0.896573573350906,0,631.746158003807,0,0,4.3462285399437,1.77281248569489,11.508525967598,114.646615922451,31.628126591444,1.37848564982414,82.9336569309235,1.16005051136017,218.481236875057,77.7358775734901,368.358533293009,155.544378817081,19.8763852715492,3.17397373914719,0,1291.86491268873,0,331.535422801971,5.17371326684952,2.3883775472641,0.879998922348022,0.54238486289978,0,13.2536754310131,26.5576301813126,3.9722895026207,2555.19017744064,2.49259015917778,4341.50222337246,4.10791593790054,3.04397433996201,7.42399209737778,1.9577739238739,5.1080414056778,3.3046327829361,2.8321957886219,1.48555064201355,4.06617021560669,5.92905569076538,37.5165915191174,2019.63513356447,520.226159125566,4422.251208812,4.19174802303314,4.80466175079346,0,466.135448157787,32.8388708233833,0,84.8488639891148,2.46670782566071
40.6705649495125,603.674362927675,47147.7513792813,11.4525199234486,9.09455901384354,97.6544249951839,1831.04379910231,408.539339154959,77.9692875146866,657.9918628335,7260.81481206417,232.875810593367,351.802812814713,705.554050892591,11.8626336157322,808.753445863724,22677.0368014872,2743.79571688175,3463.56536492705,73.4869289398193,2390.4213860929,285.057501077652,8736.11865574121,594.08729287982,588.256281018257,0,29007.3289937079,1597.77297747135,1925.90001934767,471.573754012585,21.7438417077065,465.341221213341,70.3040185570717,7181.28781434894,1206.15739822388,20051.7035178542,23884.0224631131,15856.8686190546,1925.98480883241,277.834829300642,56.3271226584911,312.012852579355,1723.11204487085,7917.93475469947,920.228609263897,706.013285338879,10.3307591080666,3.66707295179367,871.355701208115,21.1145814359188,205.284946382046,1548.53321829438,0,1.01708722114563,0.78926157951355,152.75715765357,8.76176643371582,29.7755666077137,0,3009.79868090153,5.84498664736748,5691.44805139303,50.7709375023842,2.14961767196655,112.028866529465,1108.76842102408,145.699379324913,579.433086752892,0,123.22687882185,23.9456168413162,522.035132169724,79.0707860291004,677.550650626421,16192.2119377553,33041.6039363146,63.3412283658981,10.3279989659786,91.9619632959366,5170.19415944815,13.533110678196,1.08360117673874,537.638722002506,1315.60759025812
41.0544399917126,18504.8462139368,16708.0376439691,7.41460978984833,39.5521735548973,37.8560629785061,1824.46125477552,265.953920960426,3227.24252229929,139.413021355867,618.564169049263,47.0389403104782,5020.67004331946,446.174759507179,293.67328196764,15140.709045589,24501.7520231903,308.267918348312,1801.92741420865,14.8941643238068,5402.15885323286,17405.6751182377,27593.9629390836,8560.87142109871,1809.83321362734,29007.3289937079,0,8250.91674256325,804.680128693581,530.997992515564,118.183491557837,142.292837232351,35.9156633019447,11149.632052511,2211.50473457575,38956.8125376105,18254.4924045205,18400.2109073699,1837.69636869431,444.885587692261,45.6220473647118,168.178703665733,6754.99941635132,11382.673555553,3181.31134071946,2543.31249207258,100.292748302221,24.0288150310516,1268.2930957377,100.821610718966,2457.72414079309,15315.8948946297,12.7045300006866,5.77190357446671,2.32822465896606,1483.48998337984,53.2678510248661,77.7929478883743,3.73088455200195,3120.16649198532,10.4836684763432,8561.71532171965,342.246320828795,17.9684455692768,6951.08311882615,4492.90449181199,162.245838850737,1488.11577397585,2.2882904112339,1649.30998271704,3199.15713372827,14041.8180180788,1095.42915487289,2395.69581794739,23646.9899483621,132251.600692719,1341.28158780932,40.6282570064068,836.193888425827,5205.97729411721,16.7436078488827,13.2597462236881,2204.7375447154,2163.94171023369
82.1801861822605,175.568781673908,4423.48991701007,12633.8909497857,149.276903808117,2429.05685454607,66226.5593965352,3234.7978939712,9822.77989932895,22837.3880129158,328.815200865269,220.703949868679,8.95986127853394,2800.57540664077,1330.09662345052,1276.89356645942,1009.8094612658,144.61221191287,240.603991121054,2201.72321501374,14252.933980763,922.404789865017,16962.4787127078,33858.5363561213,85.9505222439766,1597.77297747135,8250.91674256325,0,9821.2782959938,28933.561165452,19.5729093849659,809.401843398809,3244.07454964519,10611.4948858023,4400.58093038201,17612.5080027878,815.824071198702,9376.68064716458,2053.39220184088,3687.97641679645,615.277501761913,615.331715673208,5513.38607385755,99.8071366548538,1253.47995167971,632.237462162971,3931.37319752574,853.217772692442,135.18254801631,121.7730948627,14.6208183765411,181.752035290003,3348.827036798,77.6353681981564,491.601293981075,2282.4619551599,1174.65450179577,2898.17149215937,2932.69589519501,292.722291201353,1387.92755904794,1.32911133766174,952.834282726049,739.635863482952,1100.78239148855,42.782194852829,0,9.90511646866798,765.395433098078,1049.492100209,259.396085679531,914.281200736761,25332.471383363,8.49720644950867,49.9294011890888,1276.44797429442,20079.3772712946,1123.52108246088,3331.80988973379,0,127.930880099535,79.3003571033478,1649.96333619952,1553.47642746568
8640.67239049077,9.82532316446304,645.217610090971,619.970658749342,21.118666768074,969.031090468168,18140.4983610511,3070.57736554742,407.338109731674,13079.3776138425,2481.28619042039,1755.57070687413,12.4829434454441,7484.73158353567,136.29517775774,59.102980196476,2105.1132914722,1047.52438691258,1659.25342595577,917.161116451025,5461.01995027065,21.2195039689541,8209.07992461324,2668.17252072692,0.896573573350906,1925.90001934767,804.680128693581,9821.2782959938,0,48519.4848173857,50.1360557079315,1203.62420594692,1916.10844624043,6189.03716170788,292.158497482538,3985.01125881076,262.274082303047,3260.1559150517,353.592419147491,1351.96708014607,284.376995056868,212.585752040148,389.564463287592,23.6938967108727,121.941682308912,163.845665663481,406.079001098871,86.4746585786343,19.5931458473206,4.0804388821125,0.397559493780136,28.4753100574017,158.132001668215,2.31945353746414,41.227997392416,220.48652112484,85.2245385944843,103.33397936821,131.218429595232,140.73714184761,93.9584202468395,3.37175077199936,21.8923560678959,55.123809248209,17.6845192909241,4.32345753908157,0,1.00509804487228,71.2339645326138,24.5815438330173,3.44209313392639,15.5735505223274,1754.97522386909,0,9.95947343111038,76.122958958149,1500.78467977047,55.2384531795979,99.2543482780457,1.72188520431519,15.5015821754932,8.06215083599091,102.274569690228,80.2637586593628
11273.1998602152,1.70224195718765,4901.71659883857,3.85540866851807,30.8320629298687,213.153916448355,26418.8802185357,6858.74824357033,55.0019265413284,338.244080752134,29.7782306373119,45.717480301857,2.35920661687851,28797.666213423,277.963747322559,477.56162545085,1385.82713890076,28.1844587624073,380.818967759609,15.3090831041336,30751.8189754784,30.0971571803093,22078.7431304157,2493.80778700113,0,471.573754012585,530.997992515564,28933.561165452,48519.4848173857,0,2.02564269304276,258.304432034492,5247.87044048309,6599.99130573869,1827.66409134865,9797.53312075138,356.605739325285,4420.20164191723,613.698431491852,668.980066984892,158.958114862442,241.566132754087,892.926726073027,27.353417634964,189.073650509119,94.8579368889332,700.735176414251,106.418006837368,22.71331807971,14.6514570713043,1.19159090518951,48.0404789149761,24.6534748077393,10.6427262425423,10.8008226454258,166.729913622141,72.947793841362,34.3204182386398,29.083251029253,34.0585883259773,77.3775793910027,0,59.5890952944756,86.3063418865204,133.524598360062,5.98768812417984,0.50111335515976,1.00775292515755,7.58359822630882,265.343659758568,20.9179810285568,109.864558845758,1753.40072968602,0,7.56722068786621,187.869505256414,2079.3299074769,123.633391648531,689.242359727621,0,11.2407090067863,9.64601010084152,190.226623028517,499.876808047295
0,11.5977408587933,0,0,0,11.1916406154633,16.0990554392338,31.550078779459,0,71.6891395449638,1740.53000253439,24.5920873880386,5116.35283687711,25.1915187239647,0.716418445110321,1.21546158194542,0,1.71244859695435,0,7.20419019460678,2.47038161754608,1.46946805715561,0,8.33616501092911,631.746158003807,21.7438417077065,118.183491557837,19.5729093849659,50.1360557079315,2.02564269304276,0,19.7533187270164,0,342.40948304534,9.63258731365204,181.267828702927,1764.61830818653,987.001522511244,16.2572650313377,28.7694953680038,5.96929091215134,527.0668656528,5.47020390629768,1866.37530398369,94.857435464859,1.40760716795921,1.52929803729057,0,1242.12984424829,0,2.4512939453125,0,0,0,0,1.41889560222626,9.39501622319221,22.7226811349392,0.820251941680908,1898.51220619678,0.384224742650986,1703.7399635911,3.70685231685638,0.502103447914124,0,0,1.78995764255524,0.708994626998901,0,0,1.31165814399719,0,8.72469738125801,38.5824700295925,395.900357276201,408.840998470783,0,5.78320783376694,0,607.705706506968,17.6819896399975,0,73.0902523398399,5.76748692989349
12.0804568827152,2.13799178600311,83.3882511258125,67.9301676750183,353.574855476618,1492.47053048015,833.758863300085,3364.38465678692,130.210571408272,2260.55235144496,918.13561680913,977.499244898558,7.75342029333115,627.723161607981,1066.7241486907,30.4274899959564,78.0572752952576,331.216434925795,341.333834052086,225.59434106946,114.494273513556,1.663241147995,214.982545822859,296.606101542711,0,465.341221213341,142.292837232351,809.401843398809,1203.62420594692,258.304432034492,19.7533187270164,0,18.3179559111595,10366.6703220904,300.919379740953,3697.50600007176,71.6212231218815,944.814436614513,619.325700610876,4581.50036895275,14186.7437474132,241.100769728422,110.563384741545,2.99161523580551,70.8567928671837,467.776293218136,112.873910069466,95.5251412391663,40.3035581707954,1.02607798576355,0.503716766834259,6.59017091989517,9.29629370570183,6.19705599546432,27.2559419572353,29.8964028358459,161.012963682413,15.1619837284088,16.8838309943676,518.9568541646,40.6320886611938,0,28.5913164317608,19.2638158798218,1.3489642739296,1.24198389053345,0,0,12.7601602673531,0,0,7.87806838750839,241.977151542902,0,3.18027102947235,7.29866522550583,120.43221154809,7.61234200000763,6.65690761804581,0,65.0450633466244,0,54.3414446115494,35.9851131439209
11.8118447959423,0.730596780776978,36.596441924572,7.80868831276894,0,11.922751635313,920.351560473442,177.810965240002,22.8049275279045,96.4723249673843,12.5401921868324,1.77809572219849,0,275.508620500565,5.25227570533752,9.00301828980446,286.413987308741,1.47912400960922,86.2185949683189,0.508851945400238,1283.54413446784,2.13432818651199,951.782432079315,414.18499314785,0,70.3040185570717,35.9156633019447,3244.07454964519,1916.10844624043,5247.87044048309,0,18.3179559111595,0,1810.02973634005,57.7609553933144,105.255217641592,15.2995310723782,450.692749321461,29.5578250288963,49.8901610970497,9.30869469046593,13.0900814533234,44.699570953846,0.727527439594269,7.18266153335571,3.38584840297699,26.7425085902214,3.43169450759888,1.30065870285034,3.16922044754028,0,0.405667006969452,4.6224547624588,0,0,12.1357634365559,1.5940557718277,10.6463607549667,3.14390540122986,1.6317286491394,1.22122156620026,0,5.51758182048798,2.69287967681885,12.9864652454853,0,0,0,0,10.8376243114471,1.82171833515167,5.59557822346687,157.451953053474,0,0.904553800821304,11.3072519898415,122.003465503454,5.00660520792007,43.9112822413445,0,0,0,9.44068583846092,26.874516248703
90.661687374115,18.0035404860973,4412.63827309012,197.01969909668,331.046563833952,431.05522069335,5945.74903637171,2005.45492622256,240.124773293734,4252.50852760673,12735.0878818929,863.12104305625,142.997148066759,2050.75499650836,61.3315771222115,2133.08336240053,2171.80918836594,3287.48771163821,5850.82720685005,287.224161475897,13530.8459043205,83.678568571806,17278.4177555442,2152.22302144766,4.3462285399437,7181.28781434894,11149.632052511,10611.4948858023,6189.03716170788,6599.99130573869,342.40948304534,10366.6703220904,1810.02973634005,0,270.589400976896,4880.96016222239,2535.46295467019,4595.4181638658,485.25767955184,1077.59055432677,387.850870221853,361.224035382271,509.61717364192,93.168665856123,209.291736513376,471.730579584837,355.610934495926,252.8338752985,85.6747083067894,7.94224229454994,7.99378651380539,240.994787186384,181.258533328772,4.98219227790833,83.5088578164577,239.166130423546,304.059224426746,75.8402698636055,222.333172231913,745.14857083559,129.625226348639,22.1786597371101,89.0652202367783,39.4945962131023,163.99774697423,38.1278058886528,0.404733419418335,6.23523178696632,62.7992260754108,72.6689182519913,34.2680596113205,356.498980909586,1332.79750800133,7.60396188497543,77.7867972254753,1347.24573415518,1265.32181176543,62.7680597007275,176.976334363222,16.2625690102577,106.684786975384,5.05106064677238,184.73090583086,151.622973024845
7.06078898906708,36.9092241823673,790.585868299007,43.7690043449402,3880.11794888973,1226.19636240602,1893.72582775354,265.057602077723,93.3767520487309,923.949038475752,211.523589223623,381.499383956194,7.57137894630432,166.123012661934,1569.56054994464,1632.45632848144,329.924629628658,399.910738259554,294.370422780514,33.5506645441055,2706.02405932546,56.8677429556847,5650.83932986856,1181.14652130008,1.77281248569489,1206.15739822388,2211.50473457575,4400.58093038201,292.158497482538,1827.66409134865,9.63258731365204,300.919379740953,57.7609553933144,270.589400976896,0,16476.0531707108,3320.81397819519,2401.76157686114,1498.0386261642,387.813895821571,284.333668589592,199.371147304773,1649.80912548304,564.394143432379,601.865143179893,2926.15367051959,116.517935842276,65.7963426709175,42.3765124678612,6.40291759371758,9.04702538251877,148.623429894447,3.49743083119392,26.0063402056694,22.8849040865898,171.142238110304,16.2941665947437,11.425072312355,10.3038043379784,56.8708784580231,135.465582758188,12.3668306469917,28.4708323180676,56.0622800588608,190.494324743748,49.5048611760139,40.0644880533218,41.922433257103,3.49005657434464,322.498848676682,3.3912125825882,1337.52191874385,218.445740461349,0,462.339893877506,919.017583489418,392.61224386096,13.480419844389,111.126848042011,8.6014655828476,2.43368923664093,0.585092842578888,69.2628494501114,296853.191700041
47.7687464952469,94.3373793065548,13499.0340083838,398.521521985531,163.724590927362,1173.72793567181,7149.55454069376,3793.792388767,619.574736773968,6201.89449724555,2746.92256510258,615.002303898335,124.134320884943,2265.26697131991,512.521838635206,14281.807926923,6762.77950963378,3662.78875651956,3872.87380588055,596.368826657534,15616.0980633497,503.769277006388,52312.4918763936,5947.86192446947,11.508525967598,20051.7035178542,38956.8125376105,17612.5080027878,3985.01125881076,9797.53312075138,181.267828702927,3697.50600007176,105.255217641592,4880.96016222239,16476.0531707108,0,34569.5784389377,21026.3028250337,8334.6583866179,15210.5479510427,1993.60906729102,2113.19060197473,1715.14178478718,459.921759009361,376.501169800758,652.176031798124,1186.92248168588,258.860151708126,76.5233849585056,16.9013727605343,13.4104208350182,692.474779307842,318.678517431021,22.1144986748695,79.5444880127907,598.305798918009,288.992093443871,161.686980903149,402.913377195597,357.997582912445,192.351829111576,181.979760468006,197.182243347168,105.723170101643,501.901497155428,114.409939736128,21.6691376566887,32.3776407539845,96.8686357140541,461.086720883846,93.2384685575962,1459.40988180041,3200.13239362836,29.8131415843964,404.997182250023,4205.40761145949,3151.61261734366,149.124161034822,503.145522385836,124.125189036131,60.00524315238,11.7278476655483,414.870388239622,4209.44866257906
5.79984548687935,101.221826076508,7227.09943091869,5.00266635417938,15.506623506546,17.194119066,841.484407633543,158.417745500803,22.8573293983936,83.8218599557877,3591.99906739593,24.4675733447075,1475.66850265861,218.114594697952,39.9845494031906,3222.67677468061,7798.76644289494,4194.15870332718,2933.86215797067,7.99077531695366,1248.94954696298,210.86598610878,12398.3669621944,348.776483148336,114.646615922451,23884.0224631131,18254.4924045205,815.824071198702,262.274082303047,356.605739325285,1764.61830818653,71.6212231218815,15.2995310723782,2535.46295467019,3320.81397819519,34569.5784389377,0,10505.5657658875,3167.62764111161,453.321806043386,225.479408681393,641.548284977674,259.989645630121,2483.48059853911,142.413638472557,137.657608389854,13.6223571300507,8.21073883771896,684.862717568874,5.16030463576317,16.65763220191,325.4338362813,0,3.11124044656754,0,35.3735525906086,4.75135549902916,13.0960017740726,0.648996114730835,900.817863762379,1.18946176767349,1118.07790234685,15.6636101156473,4.61463284492493,104.315799683332,139.450448542833,20.4497717916965,57.113636225462,0,45.4342241585255,31.8235115706921,367.944133102894,61.0434840321541,58.2893590927124,1853.95696002245,4168.36092758179,52.8890856206417,6.2263403236866,32.721919387579,994.362283051014,9.05197376012802,1.47305870056152,71.926961004734,2750.22089219093
54.4846105277538,129.625678151846,5111.16081520915,201.923610329628,19.480486780405,369.135679811239,5141.00475803018,1599.91791850328,239.613774746656,4043.40390697122,9902.69407087564,869.099667787552,710.902656853199,1602.16480618715,208.755190849304,7647.86333587766,2130.06933730841,7652.0226919055,4538.4556080997,333.333301484585,15322.110565275,251.810596138239,38830.5641175508,2567.14351257682,31.628126591444,15856.8686190546,18400.2109073699,9376.68064716458,3260.1559150517,4420.20164191723,987.001522511244,944.814436614513,450.692749321461,4595.4181638658,2401.76157686114,21026.3028250337,10505.5657658875,0,5752.17204585671,1569.07953041792,616.486520946026,2906.45587825775,672.549189805984,222.360720902681,274.227951109409,821.353078335524,413.232526600361,349.658548384905,111.399775385857,7.66180455684662,5.57746705412865,259.941025644541,142.19795575738,9.28820717334747,84.3943936228752,296.340587824583,517.523443192244,81.6225934922695,213.384826332331,1194.31895241141,157.612005919218,182.191044539213,121.922372847795,50.7599698901176,244.988357275724,67.6855639517307,3.04982683062553,13.4885418117046,100.506915777922,98.158408164978,60.3126630783081,633.302194595337,1562.19934222102,10.6128200292587,317.646547853947,2381.87931680679,1208.42167708278,54.3535989224911,204.635370194912,167.788926869631,190.746466636658,6.49659922719002,203.682280212641,1925.59438285232
8.57734978199005,3.16393786668777,822.187915027142,28.7141335010529,28.1437501311302,147.561360657215,946.449548721313,562.097464114428,36.3784043192863,595.161046087742,586.772712618113,137.759760260582,22.405503064394,248.727227479219,56.7324620485306,1165.9319755733,274.864280253649,1436.86343884468,839.86284378171,62.9437807202339,1934.52736476064,25.9298029839993,5859.13677090406,506.594545632601,1.37848564982414,1925.98480883241,1837.69636869431,2053.39220184088,353.592419147491,613.698431491852,16.2572650313377,619.325700610876,29.5578250288963,485.25767955184,1498.0386261642,8334.6583866179,3167.62764111161,5752.17204585671,0,1292.8564760983,821.652989208698,982.206012457609,246.556680232286,37.9313964247704,112.88878595829,547.473555117846,149.14691594243,166.468201696873,27.3410040736198,7.3005383014679,0,27.7507683038712,24.2458280622959,5.91048336029053,66.5647166967392,69.8315509259701,297.958715766668,12.5736913383007,94.0292916595936,412.031994402409,86.2892999947071,37.9191899597645,61.0163194835186,18.9877856075764,31.697057813406,3.10830909013748,1.26229166984558,1.95243352651596,36.5566785037518,15.1019986271858,0.442481219768524,103.629681199789,199.114007681608,2.04663532972336,51.810287296772,238.190302193165,231.741189152002,21.4893373548985,28.2471711039543,32.3878119885921,125.148885190487,1.01310062408447,42.7295973598957,2178.63501089811
5.30047413706779,156.491482108831,127.538122236729,384.310310572386,6648.30866348743,6873.62363821268,1871.61417657137,7183.61296528578,2454.45778012276,4025.65244787931,511.97357749939,6847.59525880218,11.8501157164574,1113.56746521592,6103.10612478852,362.671255528927,48.5821025371552,196.416987001896,96.9166639745235,869.928956747055,711.461989462376,267.008659988642,1201.25596863031,2347.26438960433,82.9336569309235,277.834829300642,444.885587692261,3687.97641679645,1351.96708014607,668.980066984892,28.7694953680038,4581.50036895275,49.8901610970497,1077.59055432677,387.813895821571,15210.5479510427,453.321806043386,1569.07953041792,1292.8564760983,0,1442.00725132227,1942.7950181663,1023.65847352147,3.55684733390808,271.02230411768,529.034328967333,2772.7711494863,320.796212822199,123.839458465576,12.6861111223698,3.25942367315292,12.0248289108276,1239.17013481259,200.173121362925,296.653992950916,465.147788017988,450.18574026227,218.661010861397,932.810376942158,506.235467493534,1520.55945175886,3.04951250553131,242.496592670679,953.013137936592,20.2349379062653,1.12896344065666,1.99879920482635,1.60111546516418,399.322208166122,23.1334366500378,2.4241943359375,33.8356795012951,2538.53839427233,0.412247061729431,6.48246777057648,40.3859263956547,3048.37093991041,178.533696979284,160.223888128996,0,67.1112150102854,6.04260665178299,357.493134275079,430.688825756311
3.23309397697449,0.702603280544281,17.4549762308598,41.543643116951,4200.40773975849,1183.83691948652,443.418960005045,669.772005885839,69.9380706250668,640.388488411903,40.5408777594566,88.5087508261204,1.1027497947216,180.921751111746,62.6613698005676,89.243860244751,6.08511766791344,37.8702778816223,22.8479323387146,53.6152948737144,150.908884257078,3.47093093395233,228.102008700371,200.484940469265,1.16005051136017,56.3271226584911,45.6220473647118,615.277501761913,284.376995056868,158.958114862442,5.96929091215134,14186.7437474132,9.30869469046593,387.850870221853,284.333668589592,1993.60906729102,225.479408681393,616.486520946026,821.652989208698,1442.00725132227,0,211.788630545139,124.865881145,3.0363253057003,72.4127221405506,376.300258636475,145.208468347788,184.969758629799,40.8400754928589,4.72954142093658,0,1.9771104156971,33.1663908064365,3.99711316823959,41.2514833509922,44.0883534252644,204.013253182173,10.7787718772888,59.4157372117043,551.232196450233,47.6520940363407,1.53415584564209,46.9479989111423,7.39982885122299,3.2812933921814,0,0,0,32.3630385100842,2.15448796749115,0.762663245201111,3.02363783121109,148.005105108023,0,1.46357595920563,6.52819475531578,148.047097891569,10.4082220196724,16.7285592556,0,71.4283455014229,1.14627623558044,46.7171585261822,77.1110883355141
0.697085618972778,187.860968708992,20.3023550212383,10.2890750169754,18.350998044014,82.5541403889656,166.293940156698,305.001117825508,38.6473661065102,209.036498427391,3129.60891285539,78.5869880914688,2051.08140966296,121.904379636049,39.70197224617,200.824249863625,5.10934811830521,25.4994878768921,9.57392001152039,48.6982519924641,215.684087663889,30.2511792182922,327.714080840349,232.555989712477,218.481236875057,312.012852579355,168.178703665733,615.331715673208,212.585752040148,241.566132754087,527.0668656528,241.100769728422,13.0900814533234,361.224035382271,199.371147304773,2113.19060197473,641.548284977674,2906.45587825775,982.206012457609,1942.7950181663,211.788630545139,0,333.437821626663,410.830121070147,117.338880628347,171.640147656202,806.38911896944,188.415672451258,376.819495856762,7.81976926326752,0,3.58840784430504,21.9152235090733,21.6408505439758,58.662376075983,107.89146989584,360.514414936304,6.95087188482285,131.102397322655,960.979411542416,119.182824134827,75.3230340778828,87.0230275392532,36.5148286223412,10.3156225681305,0.494198113679886,3.36996853351593,1.70795661211014,54.7037734091282,34.5904019773006,2.56344652175903,26.0569399893284,147.246525704861,12.8131143450737,38.6905170977116,76.2536770105362,275.81273406744,41.0911619365215,146.744488269091,35.1409919559956,145.879447370768,3.02043184638023,61.1857058405876,146.175920218229
0.469815224409103,826.300620496273,687.588815063238,42.2015673220158,30.2463124990463,35.2980689108372,628.53737154603,186.809579342604,572.802687972784,144.157006323338,21.398768901825,30.7507581114769,10.6865198016167,178.859813988209,67.1942456662655,724.957014739513,151.981967151165,17.0963027477264,34.2076933085918,123.222576200962,420.975341171026,450.255524992943,723.667970955372,4776.85967233777,77.7358775734901,1723.11204487085,6754.99941635132,5513.38607385755,389.564463287592,892.926726073027,5.47020390629768,110.563384741545,44.699570953846,509.61717364192,1649.80912548304,1715.14178478718,259.989645630121,672.549189805984,246.556680232286,1023.65847352147,124.865881145,333.437821626663,0,16433.5125937462,7489.85622090101,6826.24344041944,25656.3134724498,3683.53438514471,1827.59645503759,245.60008084774,238.672258675098,6321.85761156678,700.227377384901,536.538307785988,1317.86828869581,8443.00065568089,6015.37979638577,276.98019939661,3541.8280017674,5666.49074733257,1808.01518541574,329.22573953867,2462.57586726546,548.469526916742,6363.97540146112,1430.45058166981,2708.03824293613,1650.77628281713,979.017434954643,11465.3338994086,142.930046081543,33931.6044676006,6241.27300670743,17.3113425970078,21178.1732307971,28046.5591943264,17912.0850265026,692.279549628496,6612.83327794075,778.924211204052,1287.56720465422,30.5200020670891,2855.39274457097,17175.6620416045
2.42258900403976,465.505179673433,1390.6501095593,0.806496679782867,11.30941426754,0,89.1963741779327,3.00391978025436,21.4781079292297,4.96522665023804,2640.40375185013,0.491030395030975,3136.74148792028,5.24839344620705,13.7472534179688,137.464984208345,398.636990785599,220.790637046099,152.361752957106,0,71.7603177726269,153.558998972178,277.913877755404,88.8261302113533,368.358533293009,7917.93475469947,11382.673555553,99.8071366548538,23.6938967108727,27.353417634964,1866.37530398369,2.99161523580551,0.727527439594269,93.168665856123,564.394143432379,459.921759009361,2483.48059853911,222.360720902681,37.9313964247704,3.55684733390808,3.0363253057003,410.830121070147,16433.5125937462,0,1947.96310830116,6289.67746186256,309.318775951862,54.7177903950214,113.202297508717,93.4011830687523,81.9609256982803,6993.56443482637,1.94357627630234,0,6.82034024596214,1504.87832543254,113.55873914063,9.96741497516632,14.2485668957233,5824.31086140871,22.7779023945332,3582.76640620828,410.986883297563,20.7185979485512,698.284205198288,2088.27325689793,313.949331313372,500.874498039484,7.86970084905624,1951.95810624957,25.0671510696411,14444.5217420459,261.994498968124,54.3017089664936,8520.03195998073,19251.0547266304,765.290457099676,67.9101713001728,1281.2786231935,3868.79107502103,27.1656959056854,9.65179577469826,1320.17959165573,2869.51158860326
0.933203518390656,308.641167014837,233.420798808336,14.1684453189373,13.7565521597862,23.5844637453556,166.821925282478,118.639272421598,173.77933755517,64.0853241086006,106.197997093201,26.0972967743874,157.199136793613,60.4656089544296,24.2686395049095,173.964724004269,57.9062713086605,3.47520378232002,16.1673428118229,45.6572442948818,76.076593130827,143.202531188726,235.53315192461,1329.12023237348,155.544378817081,920.228609263897,3181.31134071946,1253.47995167971,121.941682308912,189.073650509119,94.857435464859,70.8567928671837,7.18266153335571,209.291736513376,601.865143179893,376.501169800758,142.413638472557,274.227951109409,112.88878595829,271.02230411768,72.4127221405506,117.338880628347,7489.85622090101,1947.96310830116,0,9925.33950540423,792.382612705231,825.788205057383,2034.16893661022,525.089609786868,81.348514765501,1801.52390414476,257.506059318781,15.7792827785015,205.680849224329,6401.05273362994,1447.38829731941,89.6652317345142,1362.95471391082,5847.91659393907,780.825776547194,583.580273300409,2096.79037575424,61.3273068070412,1509.18492239714,552.209898382425,5306.98332428932,3216.8664573431,353.281618833542,7271.95967951417,30.8221642374992,16475.4829867184,1414.69776007533,34.077774643898,12466.4010573477,10456.419407934,7470.94841313362,620.662643134594,2007.12652781606,1794.79948839545,539.101527750492,99.1708353161812,897.789863526821,1978.69177514315
0.671743750572205,276.64720261097,232.568665385246,9.8776975274086,72.04948168993,115.214278876781,158.337796419859,411.90320572257,91.5338687598705,200.30035457015,12.071532189846,95.9715366661549,4.90190637111664,155.563431441784,67.3336140215397,171.768339455128,58.9144317209721,13.1234976649284,13.0775483846664,50.2297076582909,101.516893267632,129.804648816586,338.041347265244,588.207862108946,19.8763852715492,706.013285338879,2543.31249207258,632.237462162971,163.845665663481,94.8579368889332,1.40760716795921,467.776293218136,3.38584840297699,471.730579584837,2926.15367051959,652.176031798124,137.657608389854,821.353078335524,547.473555117846,529.034328967333,376.300258636475,171.640147656202,6826.24344041944,6289.67746186256,9925.33950540423,0,2872.62182924151,1639.56980270147,399.924755185843,404.039927512407,91.4672452807426,2100.50705471635,161.635371625423,38.7640982270241,215.103990852833,3643.94483849406,1432.74702230096,37.9295834898949,915.199845641851,1091.50601217151,599.974948525429,110.609112858772,1713.02931880951,48.9883432686329,1485.32486191392,663.280700474977,1219.47869482636,1188.70267212391,265.737612098455,5074.66305887699,28.8548687696457,17709.0433627665,745.574124991894,3.08254837989807,8335.69438937306,10277.6038406789,3653.60048365593,301.317755013704,1154.84568691254,242.714819908142,420.144042819738,21.3340081274509,698.742061436176,5003.53153592348
0.516193747520447,5.86440402269363,33.8043332993984,468.39026004076,268.601551175117,84.1332892477512,556.370094120502,255.983242154121,339.015288323164,874.156395614147,21.0448395609856,564.615745306015,4.51435074210167,200.443389594555,783.839173138142,169.167745947838,1.20432749390602,0.592295110225677,3.75361031293869,583.89682418108,258.013411521912,45.1371273398399,113.883167922497,3116.40949103236,3.17397373914719,10.3307591080666,100.292748302221,3931.37319752574,406.079001098871,700.735176414251,1.52929803729057,112.873910069466,26.7425085902214,355.610934495926,116.517935842276,1186.92248168588,13.6223571300507,413.232526600361,149.14691594243,2772.7711494863,145.208468347788,806.38911896944,25656.3134724498,309.318775951862,792.382612705231,2872.62182924151,0,941.965678095818,532.83450371027,66.1498350203037,250.647101551294,66.9577100276947,834.534437477589,10777.3111812174,3416.34937536716,3195.71332958341,3172.73137268424,1650.00579276681,3369.54313030839,800.578468620777,4913.97970071435,57.9087499082088,760.19219994545,7145.33518052101,359.004546552896,38.6909859776497,118.728052765131,34.8860948085785,1298.73287153244,1360.06295406818,407.978409588337,1874.31760373712,2213.76074671745,314.958727508783,258.973091781139,482.794384270906,5108.59773027897,194.5585514009,404.162883996964,17.6154655218124,441.080418765545,6.86605679988861,259.537640273571,366.860772460699
0,1.33617401123047,2.76504623889923,23.2617283761501,6.63380777835846,29.1438915729523,135.626634657383,135.908934116364,122.379630416632,81.4521131515503,2.5959300994873,40.5193928182125,0,70.5866307318211,14.2035563290119,15.1493166089058,2.30148351192474,0,0,40.0431013405323,23.026428848505,7.91265240311623,26.9837601780891,903.826720803976,0,3.66707295179367,24.0288150310516,853.217772692442,86.4746585786343,106.418006837368,0,95.5251412391663,3.43169450759888,252.8338752985,65.7963426709175,258.860151708126,8.21073883771896,349.658548384905,166.468201696873,320.796212822199,184.969758629799,188.415672451258,3683.53438514471,54.7177903950214,825.788205057383,1639.56980270147,941.965678095818,0,323.160001546144,12.7738120555878,2.24925458431244,19.0279471874237,363.65643799305,5345.2722452879,1793.60438457131,1565.50819659233,1779.08378615975,76.6927302777767,1432.38849240541,915.802665650845,355.700641065836,4.88103693723679,278.433583587408,72.3322961628437,23.0935779809952,8.12304496765137,15.3757286071777,5.97632232308388,286.510080903769,97.8565610647202,1.69450378417969,131.622761696577,544.635830551386,2.34315413236618,55.691907197237,81.2308720946312,1774.93934625387,148.990544736385,100.119352787733,4.96864986419678,8708.64727061987,0.979807317256927,177.19432926178,568.081947803497
0,146.495665311813,2.65773677825928,2.95200878381729,3.16762220859528,7.22220760583878,25.6448131501675,36.1538150310516,32.4545734226704,15.2280743718147,2738.45825946331,8.91335624456406,3067.61835828424,15.3649176359177,0.411536395549774,8.15578761696815,1.53308576345444,16.5266572833061,6.8417327105999,7.85888102650642,6.85900551080704,21.6318646669388,19.2282096147537,184.689195662737,1291.86491268873,871.355701208115,1268.2930957377,135.18254801631,19.5931458473206,22.71331807971,1242.12984424829,40.3035581707954,1.30065870285034,85.6747083067894,42.3765124678612,76.5233849585056,684.862717568874,111.399775385857,27.3410040736198,123.839458465576,40.8400754928589,376.819495856762,1827.59645503759,113.202297508717,2034.16893661022,399.924755185843,532.83450371027,323.160001546144,0,15.2842202782631,50.5198401808739,22.6584382355213,77.8102830052376,30.7984582781792,110.089160114527,342.059382230043,704.400945812464,519.913457691669,519.61572638154,7474.33074471354,386.481647342443,2440.06782889366,234.43264773488,159.193008691072,36.7245302200317,8.35894787311554,6.6875713467598,4.35445067286491,167.694744974375,37.6808223426342,23.3294440805912,70.7589047849178,488.88395857811,57.7925440073013,139.388739481568,711.669631749392,415.033667773008,116.931119918823,82.287687510252,134.240399241447,463.506419062614,0,332.501780986786,325.883131951094
0,13.5755844116211,6.73903977870941,1.25656545162201,0,0,10.2331272065639,3.22854617238045,16.5353166460991,1.55025148391724,0,1.74544632434845,0.882129907608032,0.501844644546509,0,20.1473417580128,0,0,1.1555757522583,0.472346931695938,25.6466341018677,9.94023463129997,7.31202059984207,83.4151378571987,0,21.1145814359188,100.821610718966,121.7730948627,4.0804388821125,14.6514570713043,0,1.02607798576355,3.16922044754028,7.94224229454994,6.40291759371758,16.9013727605343,5.16030463576317,7.66180455684662,7.3005383014679,12.6861111223698,4.72954142093658,7.81976926326752,245.60008084774,93.4011830687523,525.089609786868,404.039927512407,66.1498350203037,12.7738120555878,15.2842202782631,0,3.27128383517265,133.612180560827,7.96636155247688,1.24713087081909,22.0993937253952,11304.1831533015,947.842885702848,5.39767292141914,93.6391731798649,66.426308453083,38.168611228466,3.35859000682831,5707.32052382827,6.00277292728424,19.3957829773426,288.45273321867,85.0913724303246,405.793487131596,20.9612910449505,117.160821825266,1.73678997159004,357.587496370077,139.831169575453,0,508.007250264287,336.373334437609,584.493577182293,8252.27865877748,7702.08983615041,5.12512943148613,21.7435171604156,287.355953902006,3039.76074126363,90.8392082750797
0,568.814333766699,71.6830651462078,0,0.528393685817719,0,8.9012365937233,0,15.3730023503304,0.724264442920685,3.4412122964859,2.48394179344177,3.98590472340584,0,0.974187016487122,63.2476291954517,8.1657762825489,1.91230383515358,1.90127110481262,0,6.41751980781555,324.124778062105,82.8891250789165,17.7511737048626,331.535422801971,205.284946382046,2457.72414079309,14.6208183765411,0.397559493780136,1.19159090518951,2.4512939453125,0.503716766834259,0,7.99378651380539,9.04702538251877,13.4104208350182,16.65763220191,5.57746705412865,0,3.25942367315292,0,0,238.672258675098,81.9609256982803,81.348514765501,91.4672452807426,250.647101551294,2.24925458431244,50.5198401808739,3.27128383517265,0,243.915749907494,0,61.0678209066391,15.2828677892685,35.604776263237,4.07983312010765,4619.63286659122,14.2638588547707,0,83.5389089286327,102.218154549599,11.6117891967297,436.822928458452,430.614031493664,156.006773948669,2.91874572634697,30.3874099254608,11.2986674308777,42.7777380645275,1507.68268078566,98.8867125809193,3297.78796178102,965.477107703686,287.375326424837,10967.4713841677,97.2468314170837,5.40798133611679,21.2486818134785,1.58120894432068,2.53569966554642,0.436261862516403,63.5092815458775,38.211469233036
1.69224762916565,1184.57402917743,4554.12255334854,0.368219256401062,1.59766888618469,0,228.210691690445,7.20692911744118,29.2891119420528,5.70469424128532,1.95144554972649,1.00454866886139,0.406866669654846,20.9492728412151,3.44269099831581,163.981545060873,824.548535495996,1.81911298632622,27.6487275362015,0.537938416004181,164.284454226494,250.797341048717,788.67022305727,144.46185952425,5.17371326684952,1548.53321829438,15315.8948946297,181.752035290003,28.4753100574017,48.0404789149761,0,6.59017091989517,0.405667006969452,240.994787186384,148.623429894447,692.474779307842,325.4338362813,259.941025644541,27.7507683038712,12.0248289108276,1.9771104156971,3.58840784430504,6321.85761156678,6993.56443482637,1801.52390414476,2100.50705471635,66.9577100276947,19.0279471874237,22.6584382355213,133.612180560827,243.915749907494,0,0.594376504421234,0,1.39529836177826,9284.48870640993,263.746064603329,1.0668009519577,7.76431959867477,38.2447687387466,4.64542186260223,2.17120975255966,1513.74145133793,1.07284605503082,129.797332793474,32664.2830247581,134.694090664387,2256.51559633017,3.81837835907936,6526.82558751106,5.36988645792007,34945.4748411179,88.0532653331757,5.61836355924606,29006.9941546023,30191.2320030332,1466.79934102297,96.775358080864,3840.11965456605,0.97868549823761,5.34141559898853,17.4474530220032,2953.91327914596,707.552096515894
0,5.49014127254486,0,2261.15842312574,167.190683066845,56.9014241099358,454.568255394697,218.359189778566,845.541836321354,1987.88142189384,0.462438762187958,757.953771471977,0,179.354604929686,629.949490517378,0,0,0,0,1579.75276648998,0,18.1742333173752,4.81170427799225,3820.38701727986,2.3883775472641,0,12.7045300006866,3348.827036798,158.132001668215,24.6534748077393,0,9.29629370570183,4.6224547624588,181.258533328772,3.49743083119392,318.678517431021,0,142.19795575738,24.2458280622959,1239.17013481259,33.1663908064365,21.9152235090733,700.227377384901,1.94357627630234,257.506059318781,161.635371625423,834.534437477589,363.65643799305,77.8102830052376,7.96636155247688,0,0.594376504421234,0,17.3601868748665,318.620396286249,312.096712261438,1253.12956154346,3483.96430373192,7101.76960125566,207.896582007408,5147.67818394303,5.15840521454811,927.705814182758,53.750995606184,1.36541491746902,1.08200567960739,80.8094401061535,13.6132162809372,49267.9795337617,1.96648806333542,1.49109816551208,2.15179085731506,9109.13815504313,0,138.647221565247,4.79331234097481,9622.98695856333,356.091635614634,6.13403809070587,13.7590224742889,79.9963073134422,1.20711770653725,581.127982020378,121.659360975027
0,0,0,47.4770929813385,34.4644517302513,2.89017161726952,11.1387249529362,5.27846366167068,16.6712529659271,64.7309948503971,0,43.364863216877,0,3.73655647039413,84.1129441559315,0,0.711736679077148,0,0,63.8656742870808,0,0,1.18398642539978,47.9880236387253,0.879998922348022,1.01708722114563,5.77190357446671,77.6353681981564,2.31945353746414,10.6427262425423,0,6.19705599546432,0,4.98219227790833,26.0063402056694,22.1144986748695,3.11124044656754,9.28820717334747,5.91048336029053,200.173121362925,3.99711316823959,21.6408505439758,536.538307785988,0,15.7792827785015,38.7640982270241,10777.3111812174,5345.2722452879,30.7984582781792,1.24713087081909,61.0678209066391,0,17.3601868748665,0,1356.80974802375,63.1049308776855,229.477172911167,552.615841686726,338.198849141598,36.3732724189758,429.612388402224,20.9987429976463,15.1022030711174,4229.07999008894,5.63705843687057,0,6.41556060314178,0,74.6370272636414,16.5707805752754,104.174855291843,42.7844661474228,318.83925807476,92.2692637145519,6.2297483086586,36.4219592213631,149.449898421764,2.92274326086044,2.27847820520401,1.12816208600998,239.977787315845,0,277.387068241835,25.6268903017044
0,0,2.22499191761017,122.689477145672,33.0746890902519,15.7385818958282,91.5278567671776,54.5711487531662,105.064051538706,138.866970449686,0.536295235157013,87.4393131434917,3.77851843833923,32.2925304472446,75.4385851621628,0,0,1.21175682544708,0,149.421381235123,3.43697106838226,0.573246777057648,2.24909204244614,534.527966350317,0.54238486289978,0.78926157951355,2.32822465896606,491.601293981075,41.227997392416,10.8008226454258,0,27.2559419572353,0,83.5088578164577,22.8849040865898,79.5444880127907,0,84.3943936228752,66.5647166967392,296.653992950916,41.2514833509922,58.662376075983,1317.86828869581,6.82034024596214,205.680849224329,215.103990852833,3416.34937536716,1793.60438457131,110.089160114527,22.0993937253952,15.2828677892685,1.39529836177826,318.620396286249,1356.80974802375,0,2329.21744456887,8375.90528589487,308.265650421381,35451.8394923806,459.003712147474,11804.2514730096,5.91409933567047,523.071915209293,2008.62373492122,0.407504230737686,1.72077283263206,54.0941487252712,23.7270093560219,3255.94637277722,2.06890869140625,30.0891981124878,6.57635521888733,350.733683019876,24.9353116750717,93.9472888708115,9.65452188253403,4088.35982751846,197.070071697235,7.61233198642731,12.9341959357262,935.234631836414,0.54702228307724,328.201776117086,375.887277245522
0.40631628036499,133.809022068977,344.4175311625,159.901076704264,19.7832333445549,11.7461053133011,353.904192388058,153.485601067543,421.285958707333,381.282222419977,3.98728826642036,41.8965790271759,2.19101086258888,150.06543686986,57.6903873682022,519.20245808363,46.0494509339333,0.642814457416534,2.42542028427124,208.327761381865,196.133076190948,273.262529790401,536.708980381489,2354.32593467832,0,152.75715765357,1483.48998337984,2282.4619551599,220.48652112484,166.729913622141,1.41889560222626,29.8964028358459,12.1357634365559,239.166130423546,171.142238110304,598.305798918009,35.3735525906086,296.340587824583,69.8315509259701,465.147788017988,44.0883534252644,107.89146989584,8443.00065568089,1504.87832543254,6401.05273362994,3643.94483849406,3195.71332958341,1565.50819659233,342.059382230043,11304.1831533015,35.604776263237,9284.48870640993,312.096712261438,63.1049308776855,2329.21744456887,0,20525.867375344,365.353584468365,17549.5489998162,926.210234761238,894.261583060026,19.0416969060898,67276.1329199672,323.10140517354,372.282922327518,3580.89266592264,496.436417996883,1693.44247770309,266.157488673925,9014.81735607982,36.9313732981682,16186.1243023574,1644.9180624783,5.37548631429672,4772.66245052218,3305.09027791023,51502.3941984773,14220.339413017,25128.0610445142,58.2719885706902,351.984925508499,840.43765860796,10721.2702061385,3392.40789800882
0.48523673415184,13.3214589655399,9.50284524261951,79.1326439082623,10.3445301055908,49.411193728447,221.043200433254,197.467743456364,211.711443454027,119.213873535395,11.8372279703617,79.5726824998856,12.1418038010597,71.7625178992748,30.6416351497173,35.7731782644987,1.97743847966194,0,0,132.114510476589,18.0308667421341,17.1473513543606,25.5378950238228,1421.27014654875,13.2536754310131,8.76176643371582,53.2678510248661,1174.65450179577,85.2245385944843,72.947793841362,9.39501622319221,161.012963682413,1.5940557718277,304.059224426746,16.2941665947437,288.992093443871,4.75135549902916,517.523443192244,297.958715766668,450.18574026227,204.013253182173,360.514414936304,6015.37979638577,113.55873914063,1447.38829731941,1432.74702230096,3172.73137268424,1779.08378615975,704.400945812464,947.842885702848,4.07983312010765,263.746064603329,1253.12956154346,229.477172911167,8375.90528589487,20525.867375344,0,189.961131125689,22732.6111324131,2939.18947058916,5795.22975084186,70.7891133129597,30598.3176467121,449.703159362078,21.3271474540234,135.383762300014,428.078083649278,158.266083538532,4350.46328505874,77.8615686893463,10.309189915657,325.254365086555,815.152009576559,4.67574179172516,1062.38195089996,197.302637413144,5588.5430085659,2659.65232002735,483.726162493229,173.643645375967,1329.44978573918,35.0013079941273,2603.40304328501,309.242296516895
0.745495855808258,7.91901624202728,5.66321521997452,1141.67074358463,41.974132925272,21.4492567181587,215.875615924597,71.8504628539085,4935.5047365725,998.64859777689,22.5384598374367,202.179869800806,39.1168929636478,65.4084750711918,172.190478086472,22.9992414414883,5.64820110797882,4.84741973876953,1.40351188182831,466.428562223911,17.4103404581547,39.7941458821297,7.09850066900253,5574.97247242928,26.5576301813126,29.7755666077137,77.7929478883743,2898.17149215937,103.33397936821,34.3204182386398,22.7226811349392,15.1619837284088,10.6463607549667,75.8402698636055,11.425072312355,161.686980903149,13.0960017740726,81.6225934922695,12.5736913383007,218.661010861397,10.7787718772888,6.95087188482285,276.98019939661,9.96741497516632,89.6652317345142,37.9295834898949,1650.00579276681,76.6927302777767,519.913457691669,5.39767292141914,4619.63286659122,1.0668009519577,3483.96430373192,552.615841686726,308.265650421381,365.353584468365,189.961131125689,0,1183.29952833056,49.5404856204987,2493.177490592,548.214722841978,119.770070970058,3062.61608329415,61.8865619003773,4.244005382061,14.886186003685,8.01173484325409,675.104273438454,4.94401556253433,9659.62360522151,4.18776589632034,44700.0314998031,3457.21626409888,27.4002678692341,895.123617261648,7473.15155133605,95.6196439862251,31.4398762881756,2.92784631252289,15.1605583429337,0.884093761444092,109.295441180468,49.8891099393368
0,0.894850194454193,3.16846573352814,980.440846979618,93.8026980757713,39.1011246740818,500.408840924501,194.548326045275,479.150315850973,1358.95063439012,1.42735353112221,323.106331586838,3.9309276342392,131.456714838743,305.063834398985,3.26909619569778,0,0,0,877.424102634192,5.01829671859741,7.51225239038467,6.69283097982407,3121.12905827165,3.9722895026207,0,3.73088455200195,2932.69589519501,131.218429595232,29.083251029253,0.820251941680908,16.8838309943676,3.14390540122986,222.333172231913,10.3038043379784,402.913377195597,0.648996114730835,213.384826332331,94.0292916595936,932.810376942158,59.4157372117043,131.102397322655,3541.8280017674,14.2485668957233,1362.95471391082,915.199845641851,3369.54313030839,1432.38849240541,519.61572638154,93.6391731798649,14.2638588547707,7.76431959867477,7101.76960125566,338.198849141598,35451.8394923806,17549.5489998162,22732.6111324131,1183.29952833056,0,1713.46364519,14497.9740963578,56.7969204485416,8239.25210630894,1275.06233602762,2.60939189791679,4.42861917614937,731.49414819479,154.832921177149,19210.573649019,9.53596752882004,16.1930634379387,10.5158381462097,1205.69455692172,16.2097246646881,1234.48579376936,35.8861337304115,21712.597334832,2416.60400781035,37.2758233547211,129.278235882521,722.996519774199,8.23603171110153,3430.01422813535,446.998067557812
1.40554201602936,476.33710578084,3.09740430116653,9.09943649172783,11.8514811396599,111.328134745359,93.7353051900864,388.554256111383,74.3078607320786,166.380092948675,1028.3984696269,81.5974811017513,3888.10841315985,169.423747003078,13.0671083331108,11.4023469984531,4.86816763877869,158.890456646681,27.928034812212,33.680916249752,17.9323739409447,60.0313975214958,31.5818139314651,284.301692962646,2555.19017744064,3009.79868090153,3120.16649198532,292.722291201353,140.73714184761,34.0585883259773,1898.51220619678,518.9568541646,1.6317286491394,745.14857083559,56.8708784580231,357.997582912445,900.817863762379,1194.31895241141,412.031994402409,506.235467493534,551.232196450233,960.979411542416,5666.49074733257,5824.31086140871,5847.91659393907,1091.50601217151,800.578468620777,915.802665650845,7474.33074471354,66.426308453083,0,38.2447687387466,207.896582007408,36.3732724189758,459.003712147474,926.210234761238,2939.18947058916,49.5404856204987,1713.46364519,0,1472.83113282919,2240.00993514061,1787.83980602026,108.346235483885,21.7218333780766,20.7338483333588,14090.192443341,904.032154738903,793.479461461306,91.7992816865444,0.913937151432037,184.477798223495,275.200626939535,534.284981459379,5096.97050905228,450.564333826303,859.681768804789,2173.34638544917,115.27616071701,821.700391024351,4853.87242373824,0.52720445394516,12771.5357959569,329.055497646332
0,0.403756111860275,1.41769528388977,753.904926151037,236.196002453566,65.4462040066719,170.714814305305,122.416088372469,239.734384030104,919.152717202902,9.50661626458168,1200.70015892386,5.8026839196682,94.309658229351,763.089290678501,4.22425854206085,0,1.13566362857819,2.85951000452042,866.689025193453,16.4147211015224,3.5119321346283,6.36897543072701,1018.25948879123,2.49259015917778,5.84498664736748,10.4836684763432,1387.92755904794,93.9584202468395,77.3775793910027,0.384224742650986,40.6320886611938,1.22122156620026,129.625226348639,135.465582758188,192.351829111576,1.18946176767349,157.612005919218,86.2892999947071,1520.55945175886,47.6520940363407,119.182824134827,1808.01518541574,22.7779023945332,780.825776547194,599.974948525429,4913.97970071435,355.700641065836,386.481647342443,38.168611228466,83.5389089286327,4.64542186260223,5147.67818394303,429.612388402224,11804.2514730096,894.261583060026,5795.22975084186,2493.177490592,14497.9740963578,1472.83113282919,0,44.3346324265003,2632.43943750858,3010.45845896006,17.7629648447037,3.27693712711334,562.281309604645,109.388297915459,26561.5062050819,59.562227666378,107.193780750036,31.6275624930859,921.704086601734,114.01719558239,1012.23507255316,61.0786619782448,1553.76185232401,570.809150546789,54.5246216952801,89.9032245874405,515.368958801031,0.90215790271759,1618.62606072426,817.33504575491
0,454.817144960165,1.82276701927185,0,0,0,0.542933762073517,0.566584706306458,7.6026973426342,0,720.980513483286,0,5269.94819942117,0.777254641056061,0,5.32966440916061,2.74562340974808,430.332524657249,93.9816248714924,0,0,89.9141261577606,0.669049382209778,8.85752022266388,4341.50222337246,5691.44805139303,8561.71532171965,1.32911133766174,3.37175077199936,0,1703.7399635911,0,0,22.1786597371101,12.3668306469917,181.979760468006,1118.07790234685,182.191044539213,37.9191899597645,3.04951250553131,1.53415584564209,75.3230340778828,329.22573953867,3582.76640620828,583.580273300409,110.609112858772,57.9087499082088,4.88103693723679,2440.06782889366,3.35859000682831,102.218154549599,2.17120975255966,5.15840521454811,20.9987429976463,5.91409933567047,19.0416969060898,70.7891133129597,548.214722841978,56.7969204485416,2240.00993514061,44.3346324265003,0,45.9526292681694,86.1585358083248,27.9546961188316,0,1.74882674217224,0,19.5247369408607,4.91194665431976,42.2878156304359,8.02928519248962,355.534874558449,2495.99121075869,360.677799075842,1222.50872564316,15.0215918719769,52.300567150116,0,597.193938314915,128.521179497242,0,378.417763441801,47.4959876835346
0,46.8269008696079,73.3143787235022,28.0506248772144,8.65327721834183,12.660648047924,185.443054050207,38.5281322598457,163.479592084885,41.5246194303036,3.40181314945221,38.5412064492702,5.83875179290771,22.2924564778805,27.39114767313,100.132054567337,9.20064601302147,0,0,65.4699288010597,35.8133746981621,60.5016191005707,113.508425652981,1040.92563700676,4.10791593790054,50.7709375023842,342.246320828795,952.834282726049,21.8923560678959,59.5890952944756,3.70685231685638,28.5913164317608,5.51758182048798,89.0652202367783,28.4708323180676,197.182243347168,15.6636101156473,121.922372847795,61.0163194835186,242.496592670679,46.9479989111423,87.0230275392532,2462.57586726546,410.986883297563,2096.79037575424,1713.02931880951,760.19219994545,278.433583587408,234.43264773488,5707.32052382827,11.6117891967297,1513.74145133793,927.705814182758,15.1022030711174,523.071915209293,67276.1329199672,30598.3176467121,119.770070970058,8239.25210630894,1787.83980602026,2632.43943750858,45.9526292681694,0,94.3448686301708,91.3798491358757,799.964331492782,821.780609801412,751.038838595152,1689.85830932856,334.625674068928,15.8715380430222,1907.04126757383,686.455881297588,6.84293532371521,2423.38241834939,1019.67079098523,4151.51631698012,8458.01526522636,3061.57169550657,161.109126418829,759.950917541981,93.0035053193569,6117.77911919355,487.64688667655
0,0.577942788600922,2.39831352233887,306.80590185523,153.885519236326,21.8556644320488,100.183040171862,38.7821355760098,96.6878233850002,446.61934825778,10.4595638513565,355.3086412251,6.71983045339584,39.9460135996342,434.316982746124,10.6652115881443,0.879151046276093,0,0.447094917297363,329.456234544516,15.0737273395061,3.72708541154861,13.9460906386375,487.939262241125,3.04397433996201,2.14961767196655,17.9684455692768,739.635863482952,55.123809248209,86.3063418865204,0.502103447914124,19.2638158798218,2.69287967681885,39.4945962131023,56.0622800588608,105.723170101643,4.61463284492493,50.7599698901176,18.9877856075764,953.013137936592,7.39982885122299,36.5148286223412,548.469526916742,20.7185979485512,61.3273068070412,48.9883432686329,7145.33518052101,72.3322961628437,159.193008691072,6.00277292728424,436.822928458452,1.07284605503082,53.750995606184,4229.07999008894,2008.62373492122,323.10140517354,449.703159362078,3062.61608329415,1275.06233602762,108.346235483885,3010.45845896006,86.1585358083248,94.3448686301708,0,47.8037676215172,0.601180791854858,36.0313948988914,7.62472015619278,398.264933288097,120.630137175322,660.480007499456,122.435915052891,1999.82625561953,561.152917087078,50.7858884930611,172.52668261528,1097.91609787941,30.7192055284977,58.3888182044029,6.71002876758575,99.0260413587093,0,65.046012878418,271.118898123503
0,75.5808849334717,191.332028001547,0,7.04306960105896,0.738545894622803,276.858380526304,3.81305441260338,792.047552257776,10.755419254303,2.07197257876396,0,1.91423887014389,5.06168863177299,3.5653629899025,12705.4336919785,35.023956656456,1.89213672280312,7.9047055542469,0,1605.42213648558,8943.08767548203,8961.69196099043,1490.7551061213,7.42399209737778,112.028866529465,6951.08311882615,1100.78239148855,17.6845192909241,133.524598360062,0,1.3489642739296,12.9864652454853,163.99774697423,190.494324743748,501.901497155428,104.315799683332,244.988357275724,31.697057813406,20.2349379062653,3.2812933921814,10.3156225681305,6363.97540146112,698.284205198288,1509.18492239714,1485.32486191392,359.004546552896,23.0935779809952,36.7245302200317,19.3957829773426,430.614031493664,129.797332793474,1.36541491746902,5.63705843687057,0.407504230737686,372.282922327518,21.3271474540234,61.8865619003773,2.60939189791679,21.7218333780766,17.7629648447037,27.9546961188316,91.3798491358757,47.8037676215172,0,143.668723642826,36.4968030154705,61.4580341875553,0.553572833538055,7063.11876389384,12324.9085112512,8374.53700572252,5295.54602900147,463.711794048548,286.106644034386,6699.04290157557,3477.19646975398,24.9785613417625,2754.7261672616,2.5085700750351,0,19.4787213802338,745.678481459618,2358.39993420243
0,529.289636999369,658.601341575384,0,1.46080386638641,0,27.8127829134464,1.53774702548981,6.63848516345024,0.357067227363586,0.7566819190979,0,0.379816979169846,0.511909484863281,0,43.992597848177,150.135636866093,1.12627077102661,10.8863162398338,0,41.0655522346497,82.8089204132557,99.722367554903,36.6774642467499,1.9577739238739,1108.76842102408,4492.90449181199,42.782194852829,4.32345753908157,5.98768812417984,0,1.24198389053345,0,38.1278058886528,49.5048611760139,114.409939736128,139.450448542833,67.6855639517307,3.10830909013748,1.12896344065666,0,0.494198113679886,1430.45058166981,2088.27325689793,552.209898382425,663.280700474977,38.6909859776497,8.12304496765137,8.35894787311554,288.45273321867,156.006773948669,32664.2830247581,1.08200567960739,0,1.72077283263206,3580.89266592264,135.383762300014,4.244005382061,4.42861917614937,20.7338483333588,3.27693712711334,0,799.964331492782,0.601180791854858,143.668723642826,0,214.555730432272,4605.16460394859,0.990660667419434,1929.85196366906,5.88135573267937,14051.5994462967,129.479012668133,2.90775409340858,9663.18944311142,17526.9451184869,463.431693941355,140.34335693717,9868.2153942585,0,3.73478642106056,13.8793123364449,2211.95384031534,197.456999987364
0,5.22667676210403,14.8434807956219,1.62358003854752,0,0,0,0,14.7903396189213,0,1.32456171512604,6.57051846385002,7.91935154795647,0,1.98546624183655,0.764861315488815,2.16817578673363,12.9417672157288,10.041888833046,0,0.773373752832413,2.36525049805641,4.25665298104286,14.3682813942432,5.1080414056778,145.699379324913,162.245838850737,0,0,0.50111335515976,1.78995764255524,0,0,0.404733419418335,40.0644880533218,21.6691376566887,20.4497717916965,3.04982683062553,1.26229166984558,1.99879920482635,0,3.36996853351593,2708.03824293613,313.949331313372,5306.98332428932,1219.47869482636,118.728052765131,15.3757286071777,6.6875713467598,85.0913724303246,2.91874572634697,134.694090664387,80.8094401061535,6.41556060314178,54.0941487252712,496.436417996883,428.078083649278,14.886186003685,731.49414819479,14090.192443341,562.281309604645,1.74882674217224,821.780609801412,36.0313948988914,36.4968030154705,214.555730432272,0,3772.37897834182,389.812826246023,252.485646724701,0.936042308807373,614.231918394566,87.7790071070194,0.692257344722748,883.319639116526,445.777344703674,291.241645604372,380.159677863121,202.001993566751,5.51270395517349,347.066490232944,6.73673474788666,7544.34589195251,281.526656061411
0,134.014771699905,88.9131129682064,0,1.07286167144775,0,2.44219473004341,0,10.7085062563419,0,0,1.27246308326721,0.85220855474472,0,1.1642872095108,14.9613942801952,25.7167478203773,0.446771860122681,5.6004666686058,0,7.36771315336227,14.3234042823315,31.3419444561005,16.4990405142307,3.3046327829361,579.433086752892,1488.11577397585,9.90511646866798,1.00509804487228,1.00775292515755,0.708994626998901,0,0,6.23523178696632,41.922433257103,32.3776407539845,57.113636225462,13.4885418117046,1.95243352651596,1.60111546516418,0,1.70795661211014,1650.77628281713,500.874498039484,3216.8664573431,1188.70267212391,34.8860948085785,5.97632232308388,4.35445067286491,405.793487131596,30.3874099254608,2256.51559633017,13.6132162809372,0,23.7270093560219,1693.44247770309,158.266083538532,8.01173484325409,154.832921177149,904.032154738903,109.388297915459,0,751.038838595152,7.62472015619278,61.4580341875553,4605.16460394859,3772.37897834182,0,76.5982839763165,602.66089245677,4.60322359204292,2929.79474452138,38.7497902214527,0.676284372806549,19761.7438684702,3705.79065528512,183.448471486568,224.329121857882,2101.8884806633,0.671470403671265,18.1966810822487,17.0667079389095,4401.01215906441,203.438207030296
0.785335659980774,2.09589457511902,2.36403194069862,674.503343015909,50.4752400815487,16.3827932775021,117.037010163069,59.1149841845036,146.710870712996,440.227041572332,1.41377541422844,473.556222975254,2.88677597045898,49.4240667819977,170.69041967392,1.89234679937363,0,0,0,298.499247968197,2.12180685997009,0,2.96215623617172,922.006767690182,2.8321957886219,0,2.2882904112339,765.395433098078,71.2339645326138,7.58359822630882,0,12.7601602673531,0,62.7992260754108,3.49005657434464,96.8686357140541,0,100.506915777922,36.5566785037518,399.322208166122,32.3630385100842,54.7037734091282,979.017434954643,7.86970084905624,353.281618833542,265.737612098455,1298.73287153244,286.510080903769,167.694744974375,20.9612910449505,11.2986674308777,3.81837835907936,49267.9795337617,74.6370272636414,3255.94637277722,266.157488673925,4350.46328505874,675.104273438454,19210.573649019,793.479461461306,26561.5062050819,19.5247369408607,1689.85830932856,398.264933288097,0.553572833538055,0.990660667419434,389.812826246023,76.5982839763165,0,1.65528804063797,15.5155984163284,2.55428844690323,1006.12920001149,12.6091468036175,580.544799983501,20.5327249765396,3669.64889377356,400.733136773109,3.41311675310135,68.2796074748039,261.321869730949,0,893.982172161341,70.7895660102367
0,125.46103939414,220.133224785328,0,14.1459345817566,0.944897711277008,189.836544692516,6.25149285793304,337.687210679054,2.24580574035645,0.411428034305573,0,0,10.7242414057255,11.3817144632339,3915.63607355952,32.2768101096153,0,3.01327073574066,0,1723.77752310038,1950.57479014993,2065.42411002517,1210.09989270568,1.48555064201355,123.22687882185,1649.30998271704,1049.492100209,24.5815438330173,265.343659758568,0,0,10.8376243114471,72.6689182519913,322.498848676682,461.086720883846,45.4342241585255,98.158408164978,15.1019986271858,23.1334366500378,2.15448796749115,34.5904019773006,11465.3338994086,1951.95810624957,7271.95967951417,5074.66305887699,1360.06295406818,97.8565610647202,37.6808223426342,117.160821825266,42.7777380645275,6526.82558751106,1.96648806333542,16.5707805752754,2.06890869140625,9014.81735607982,77.8615686893463,4.94401556253433,9.53596752882004,91.7992816865444,59.562227666378,4.91194665431976,334.625674068928,120.630137175322,7063.11876389384,1929.85196366906,252.485646724701,602.66089245677,1.65528804063797,0,437.937412023544,60408.1782295108,856.209694683552,19.047792673111,2672.21893295646,5583.92964789271,9960.17443144321,169.859865993261,26457.6425928473,2.33631509542465,1.61810427904129,145.193018943071,16825.098251164,5200.96940982342
0,92.4362529814243,148.643671810627,2.21712550520897,5.02584052085876,1.06582880020142,41.4851682186127,2.05042490363121,538.881571859121,2.59616535902023,2.07512921094894,1.77481317520142,2.63321253657341,6.59790843725204,1.65986585617065,1375.54455563426,11.4563649892807,0,2.819016456604,0.656890392303467,146.549903124571,4272.63765844703,671.048233360052,582.787057518959,4.06617021560669,23.9456168413162,3199.15713372827,259.396085679531,3.44209313392639,20.9179810285568,1.31165814399719,0,1.82171833515167,34.2680596113205,3.3912125825882,93.2384685575962,31.8235115706921,60.3126630783081,0.442481219768524,2.4241943359375,0.762663245201111,2.56344652175903,142.930046081543,25.0671510696411,30.8221642374992,28.8548687696457,407.978409588337,1.69450378417969,23.3294440805912,1.73678997159004,1507.68268078566,5.36988645792007,1.49109816551208,104.174855291843,30.0891981124878,36.9313732981682,10.309189915657,9659.62360522151,16.1930634379387,0.913937151432037,107.193780750036,42.2878156304359,15.8715380430222,660.480007499456,12324.9085112512,5.88135573267937,0.936042308807373,4.60322359204292,15.5155984163284,437.937412023544,0,743.119804620743,24038.7316440344,412.315523326397,11.4862833619118,3855.06207439303,745.523520499468,9.18940711021423,87.5630395412445,0,1.17447257041931,1.15211421251297,19.0677080154419,39.5469889640808
2.20421135425568,364.364653706551,2277.26315265894,0.424815565347672,51.1524191200733,0,452.194894492626,6.81515616178513,246.348035782576,9.0313213467598,12.2065350413322,0,0,13.9416586458683,40.3336760997772,9955.61288720369,304.534299522638,5.88622969388962,31.5671814978123,0,1078.0588734746,3516.47118014097,12290.7723758221,759.639431327581,5.92905569076538,522.035132169724,14041.8180180788,914.281200736761,15.5735505223274,109.864558845758,0,7.87806838750839,5.59557822346687,356.498980909586,1337.52191874385,1459.40988180041,367.944133102894,633.302194595337,103.629681199789,33.8356795012951,3.02363783121109,26.0569399893284,33931.6044676006,14444.5217420459,16475.4829867184,17709.0433627665,1874.31760373712,131.622761696577,70.7589047849178,357.587496370077,98.8867125809193,34945.4748411179,2.15179085731506,42.7844661474228,6.57635521888733,16186.1243023574,325.254365086555,4.18776589632034,10.5158381462097,184.477798223495,31.6275624930859,8.02928519248962,1907.04126757383,122.435915052891,8374.53700572252,14051.5994462967,614.231918394566,2929.79474452138,2.55428844690323,60408.1782295108,743.119804620743,0,1362.85378089547,26.2153046131134,14224.9253453314,28389.0749789774,8542.72272503376,237.132053673267,22006.9459710419,11.769349694252,3.09140446782112,63.5977084636688,12909.968737781,11588.4492120743
6.31164798140526,126.96784427762,160.856427490711,1555.05488526821,85.9852373898029,175.683015823364,2650.76558330655,1021.16346374154,11587.8892814219,2606.30246844888,92.65174305439,304.441849708557,23.3624774515629,974.04578474164,345.826634883881,3791.86325031519,13.278088003397,1.96385210752487,15.0229966640472,1372.17157363892,2110.19666561484,2837.22660183907,1252.26295700669,37351.0271728933,37.5165915191174,79.0707860291004,1095.42915487289,25332.471383363,1754.97522386909,1753.40072968602,8.72469738125801,241.977151542902,157.451953053474,1332.79750800133,218.445740461349,3200.13239362836,61.0434840321541,1562.19934222102,199.114007681608,2538.53839427233,148.005105108023,147.246525704861,6241.27300670743,261.994498968124,1414.69776007533,745.574124991894,2213.76074671745,544.635830551386,488.88395857811,139.831169575453,3297.78796178102,88.0532653331757,9109.13815504313,318.83925807476,350.733683019876,1644.9180624783,815.152009576559,44700.0314998031,1205.69455692172,275.200626939535,921.704086601734,355.534874558449,686.455881297588,1999.82625561953,5295.54602900147,129.479012668133,87.7790071070194,38.7497902214527,1006.12920001149,856.209694683552,24038.7316440344,1362.85378089547,0,3157.80101391673,262.689078330994,6274.95843401551,20012.2312226593,1149.73706820607,2086.30083152652,23.2549273967743,89.520141273737,157.38976919651,1613.58582752943,2052.52919501066
0,146.066226959229,22.39694917202,0,0,0,2.1521572470665,0.866534650325775,14.446780025959,0,14.5294476151466,0.687820136547089,324.916644990444,0,0,54.8782886564732,7.80933853983879,14.2784774303436,8.20751187205315,0,3.55667960643768,94.2913311719894,40.4037809967995,26.2482481598854,2019.63513356447,677.550650626421,2395.69581794739,8.49720644950867,0,0,38.5824700295925,0,0,7.60396188497543,0,29.8131415843964,58.2893590927124,10.6128200292587,2.04663532972336,0.412247061729431,0,12.8131143450737,17.3113425970078,54.3017089664936,34.077774643898,3.08254837989807,314.958727508783,2.34315413236618,57.7925440073013,0,965.477107703686,5.61836355924606,0,92.2692637145519,24.9353116750717,5.37548631429672,4.67574179172516,3457.21626409888,16.2097246646881,534.284981459379,114.01719558239,2495.99121075869,6.84293532371521,561.152917087078,463.711794048548,2.90775409340858,0.692257344722748,0.676284372806549,12.6091468036175,19.047792673111,412.315523326397,26.2153046131134,3157.80101391673,0,67.9903397262096,4967.48310220242,53.7027567028999,2.84374678134918,1.71461540460587,91.8132667541504,0,0.661431789398193,23.3175379037857,2.52434253692627
0.484652549028397,1484.23919376731,557.556748479605,2.23545125126839,3.48196244239807,0,22.1213968396187,0.636714398860931,32.5572133660316,0.311531394720078,204.55136692524,10.7034850716591,859.815909326077,1.03148722648621,14.4398224949837,104.146837711334,273.24908837676,751.77965465188,627.133582532406,0,30.6557763516903,95.2892705202103,153.336144417524,81.9966255128384,520.226159125566,16192.2119377553,23646.9899483621,49.9294011890888,9.95947343111038,7.56722068786621,395.900357276201,3.18027102947235,0.904553800821304,77.7867972254753,462.339893877506,404.997182250023,1853.95696002245,317.646547853947,51.810287296772,6.48246777057648,1.46357595920563,38.6905170977116,21178.1732307971,8520.03195998073,12466.4010573477,8335.69438937306,258.973091781139,55.691907197237,139.388739481568,508.007250264287,287.375326424837,29006.9941546023,138.647221565247,6.2297483086586,93.9472888708115,4772.66245052218,1062.38195089996,27.4002678692341,1234.48579376936,5096.97050905228,1012.23507255316,360.677799075842,2423.38241834939,50.7858884930611,286.106644034386,9663.18944311142,883.319639116526,19761.7438684702,580.544799983501,2672.21893295646,11.4862833619118,14224.9253453314,262.689078330994,67.9903397262096,0,28527.1021815836,1136.04208001494,977.254950493574,4112.50823786855,1313.46911743283,880.833438277245,27.5293323993683,8881.19795763493,2487.32149654627
7.63533774018288,9147.43230700493,12084.2154941261,0.727618098258972,16.7518827617168,0,1028.90498298407,33.141550719738,130.589017242193,24.3235218822956,266.753178954124,0.641392707824707,1581.56588280201,69.7863965928555,36.9656832516193,3177.96377146244,2600.32433688641,1085.98095118999,1114.94137752056,1.15760743618011,1101.20466446877,11262.0560715497,13699.0357279778,779.677436470985,4422.251208812,33041.6039363146,132251.600692719,1276.44797429442,76.122958958149,187.869505256414,408.840998470783,7.29866522550583,11.3072519898415,1347.24573415518,919.017583489418,4205.40761145949,4168.36092758179,2381.87931680679,238.190302193165,40.3859263956547,6.52819475531578,76.2536770105362,28046.5591943264,19251.0547266304,10456.419407934,10277.6038406789,482.794384270906,81.2308720946312,711.669631749392,336.373334437609,10967.4713841677,30191.2320030332,4.79331234097481,36.4219592213631,9.65452188253403,3305.09027791023,197.302637413144,895.123617261648,35.8861337304115,450.564333826303,61.0786619782448,1222.50872564316,1019.67079098523,172.52668261528,6699.04290157557,17526.9451184869,445.777344703674,3705.79065528512,20.5327249765396,5583.92964789271,3855.06207439303,28389.0749789774,6274.95843401551,4967.48310220242,28527.1021815836,0,5327.91190078855,178.892474800348,4077.24241584539,246.679956406355,5.5665470957756,19.2688735127449,7808.85763931274,4027.76118588448
7.72846582531929,89.3620798289776,193.705366432667,2623.00753322244,184.722767978907,164.487827509642,2552.5602247715,999.785801291466,4418.44029426575,4459.01786285639,32.0736592113972,722.294203996658,0,975.315307319164,702.461360812187,2429.69614923,26.0730418562889,0.552684426307678,6.03101083636284,2657.59702965617,1684.88853293657,1333.70739892125,1373.42419502139,24069.3482954204,4.19174802303314,63.3412283658981,1341.28158780932,20079.3772712946,1500.78467977047,2079.3299074769,0,120.43221154809,122.003465503454,1265.32181176543,392.61224386096,3151.61261734366,52.8890856206417,1208.42167708278,231.741189152002,3048.37093991041,148.047097891569,275.81273406744,17912.0850265026,765.290457099676,7470.94841313362,3653.60048365593,5108.59773027897,1774.93934625387,415.033667773008,584.493577182293,97.2468314170837,1466.79934102297,9622.98695856333,149.449898421764,4088.35982751846,51502.3941984773,5588.5430085659,7473.15155133605,21712.597334832,859.681768804789,1553.76185232401,15.0215918719769,4151.51631698012,1097.91609787941,3477.19646975398,463.431693941355,291.241645604372,183.448471486568,3669.64889377356,9960.17443144321,745.523520499468,8542.72272503376,20012.2312226593,53.7027567028999,1136.04208001494,5327.91190078855,0,6777.40681302547,21021.5719497502,50.5217490792274,293.367741435766,1626.49248531461,11582.6696181595,7698.28437522054
0,10.8601333796978,8.58174201846123,19.3353725671768,3.28276973962784,1.22481995820999,133.915253102779,17.380370259285,142.961836457253,38.8782829046249,0,8.86281636357307,17.7992668747902,21.5447379350662,6.70296910405159,83.5713403224945,0,1.98449242115021,0,40.7490211129189,71.0044310688972,25.5963374078274,24.80513843894,1036.87207362056,4.80466175079346,10.3279989659786,40.6282570064068,1123.52108246088,55.2384531795979,123.633391648531,5.78320783376694,7.61234200000763,5.00660520792007,62.7680597007275,13.480419844389,149.124161034822,6.2263403236866,54.3535989224911,21.4893373548985,178.533696979284,10.4082220196724,41.0911619365215,692.279549628496,67.9101713001728,620.662643134594,301.317755013704,194.5585514009,148.990544736385,116.931119918823,8252.27865877748,5.40798133611679,96.775358080864,356.091635614634,2.92274326086044,197.070071697235,14220.339413017,2659.65232002735,95.6196439862251,2416.60400781035,2173.34638544917,570.809150546789,52.300567150116,8458.01526522636,30.7192055284977,24.9785613417625,140.34335693717,380.159677863121,224.329121857882,400.733136773109,169.859865993261,9.18940711021423,237.132053673267,1149.73706820607,2.84374678134918,977.254950493574,178.892474800348,6777.40681302547,0,11695.2913563251,112.728742808104,1011.77614620328,3094.64461919665,11059.0630865395,124.966374188662
2.1610062122345,91.9512912631035,146.631952285767,0.569001376628876,3.63843336701393,1.2373605966568,407.788835942745,16.4908629357815,262.285837203264,14.8955430090427,0.305738717317581,0.43250983953476,0,25.6345430612564,16.5420070886612,2218.80923971534,28.5512116849422,0,3.07380044460297,0,1863.0465631187,635.907639116049,666.204569846392,2293.64833298326,0,91.9619632959366,836.193888425827,3331.80988973379,99.2543482780457,689.242359727621,0,6.65690761804581,43.9112822413445,176.976334363222,111.126848042011,503.145522385836,32.721919387579,204.635370194912,28.2471711039543,160.223888128996,16.7285592556,146.744488269091,6612.83327794075,1281.2786231935,2007.12652781606,1154.84568691254,404.162883996964,100.119352787733,82.287687510252,7702.08983615041,21.2486818134785,3840.11965456605,6.13403809070587,2.27847820520401,7.61233198642731,25128.0610445142,483.726162493229,31.4398762881756,37.2758233547211,115.27616071701,54.5246216952801,0,3061.57169550657,58.3888182044029,2754.7261672616,9868.2153942585,202.001993566751,2101.8884806633,3.41311675310135,26457.6425928473,87.5630395412445,22006.9459710419,2086.30083152652,1.71461540460587,4112.50823786855,4077.24241584539,21021.5719497502,11695.2913563251,0,4.32767796516418,12.5673137307167,2060.50788575411,12806.9461660385,1589.24003735185
0,88.7128044068813,0,0.324585378170013,0,0,0,0,2.08510762453079,0,217.491373091936,0.413362234830856,1635.61104238033,0,0.866318762302399,0,0,459.973237454891,122.965458273888,0,0,14.5626214146614,1.74158346652985,0,466.135448157787,5170.19415944815,5205.97729411721,0,1.72188520431519,0,607.705706506968,0,0,16.2625690102577,8.6014655828476,124.125189036131,994.362283051014,167.788926869631,32.3878119885921,0,0,35.1409919559956,778.924211204052,3868.79107502103,1794.79948839545,242.714819908142,17.6154655218124,4.96864986419678,134.240399241447,5.12512943148613,1.58120894432068,0.97868549823761,13.7590224742889,1.12816208600998,12.9341959357262,58.2719885706902,173.643645375967,2.92784631252289,129.278235882521,821.700391024351,89.9032245874405,597.193938314915,161.109126418829,6.71002876758575,2.5085700750351,0,5.51270395517349,0.671470403671265,68.2796074748039,2.33631509542465,0,11.769349694252,23.2549273967743,91.8132667541504,1313.46911743283,246.679956406355,50.5217490792274,112.728742808104,4.32767796516418,0,242.72489130497,0,408.802539020777,80.5128680169582
0,1.2364250421524,0,1.53477522730827,1.48600900173187,3.81748342514038,20.2387714087963,38.0080230534077,16.7403116822243,5.46383088827133,9.02227732539177,15.445378869772,23.7165312170982,17.5154351592064,2.00403362512589,4.59767827391624,0,0,0,8.65566831827164,4.09308195114136,0.371009856462479,0.989657521247864,121.878258764744,32.8388708233833,13.533110678196,16.7436078488827,127.930880099535,15.5015821754932,11.2407090067863,17.6819896399975,65.0450633466244,0,106.684786975384,2.43368923664093,60.00524315238,9.05197376012802,190.746466636658,125.148885190487,67.1112150102854,71.4283455014229,145.879447370768,1287.56720465422,27.1656959056854,539.101527750492,420.144042819738,441.080418765545,8708.64727061987,463.506419062614,21.7435171604156,2.53569966554642,5.34141559898853,79.9963073134422,239.977787315845,935.234631836414,351.984925508499,1329.44978573918,15.1605583429337,722.996519774199,4853.87242373824,515.368958801031,128.521179497242,759.950917541981,99.0260413587093,0,3.73478642106056,347.066490232944,18.1966810822487,261.321869730949,1.61810427904129,1.17447257041931,3.09140446782112,89.520141273737,0,880.833438277245,5.5665470957756,293.367741435766,1011.77614620328,12.5673137307167,242.72489130497,0,0.801937401294708,12547.8855769932,50.1478434503078
0,0.375616639852524,0.785093933343887,0,0,0,5.76090335845947,0.997206091880798,12.1200637221336,0.91681182384491,0,0,0,0.581816256046295,0,12.7496374249458,0,0,0.413070172071457,0,20.6184768378735,2.97086268663406,12.6576490998268,53.7046272456646,0,1.08360117673874,13.2597462236881,79.3003571033478,8.06215083599091,9.64601010084152,0,0,0,5.05106064677238,0.585092842578888,11.7278476655483,1.47305870056152,6.49659922719002,1.01310062408447,6.04260665178299,1.14627623558044,3.02043184638023,30.5200020670891,9.65179577469826,99.1708353161812,21.3340081274509,6.86605679988861,0.979807317256927,0,287.355953902006,0.436261862516403,17.4474530220032,1.20711770653725,0,0.54702228307724,840.43765860796,35.0013079941273,0.884093761444092,8.23603171110153,0.52720445394516,0.90215790271759,0,93.0035053193569,0,19.4787213802338,13.8793123364449,6.73673474788666,17.0667079389095,0,145.193018943071,1.15211421251297,63.5977084636688,157.38976919651,0.661431789398193,27.5293323993683,19.2688735127449,1626.49248531461,3094.64461919665,2060.50788575411,0,0.801937401294708,0,1159.8916760087,13.1438476443291
1.95567739009857,177.621642231941,322.449168592691,58.3502993583679,6.70630806684494,14.3661613464355,235.940407931805,78.8552898168564,217.343304991722,132.569514602423,50.7412791252136,39.9828079342842,119.606866300106,70.2506519556046,26.1928988993168,197.076414257288,75.0396992564201,3.51155835390091,5.96915128827095,73.1828454434872,100.889350116253,165.079868733883,196.010876536369,1547.05006730556,84.8488639891148,537.638722002506,2204.7375447154,1649.96333619952,102.274569690228,190.226623028517,73.0902523398399,54.3414446115494,9.44068583846092,184.73090583086,69.2628494501114,414.870388239622,71.926961004734,203.682280212641,42.7295973598957,357.493134275079,46.7171585261822,61.1857058405876,2855.39274457097,1320.17959165573,897.789863526821,698.742061436176,259.537640273571,177.19432926178,332.501780986786,3039.76074126363,63.5092815458775,2953.91327914596,581.127982020378,277.387068241835,328.201776117086,10721.2702061385,2603.40304328501,109.295441180468,3430.01422813535,12771.5357959569,1618.62606072426,378.417763441801,6117.77911919355,65.046012878418,745.678481459618,2211.95384031534,7544.34589195251,4401.01215906441,893.982172161341,16825.098251164,19.0677080154419,12909.968737781,1613.58582752943,23.3175379037857,8881.19795763493,7808.85763931274,11582.6696181595,11059.0630865395,12806.9461660385,408.802539020777,12547.8855769932,1159.8916760087,0,406.684291809797
2.99830055236816,94.7948022782803,723.965127259493,8.53210520744324,2835.70889434218,129.071696162224,400.829991966486,38.2422287166119,157.721345871687,110.057856440544,195.091717064381,56.7929645776749,5.4496813416481,28.0498531460762,3259.11912587285,773.78983309865,285.199088096619,422.825831323862,346.741610735655,20.4605234265327,861.958892196417,147.17303147912,3182.81373512745,1156.91350388527,2.46670782566071,1315.60759025812,2163.94171023369,1553.47642746568,80.2637586593628,499.876808047295,5.76748692989349,35.9851131439209,26.874516248703,151.622973024845,296853.191700041,4209.44866257906,2750.22089219093,1925.59438285232,2178.63501089811,430.688825756311,77.1110883355141,146.175920218229,17175.6620416045,2869.51158860326,1978.69177514315,5003.53153592348,366.860772460699,568.081947803497,325.883131951094,90.8392082750797,38.211469233036,707.552096515894,121.659360975027,25.6268903017044,375.887277245522,3392.40789800882,309.242296516895,49.8891099393368,446.998067557812,329.055497646332,817.33504575491,47.4959876835346,487.64688667655,271.118898123503,2358.39993420243,197.456999987364,281.526656061411,203.438207030296,70.7895660102367,5200.96940982342,39.5469889640808,11588.4492120743,2052.52919501066,2.52434253692627,2487.32149654627,4027.76118588448,7698.28437522054,124.966374188662,1589.24003735185,80.5128680169582,50.1478434503078,13.1438476443291,406.684291809797,0
