0,0.380076855421066,62.107542604208,6.28358197212219,8.68865990638733,88.3276536166668,7651.36627659202,1276.84824866056,17.6550182700157,133.135173916817,35.0503443479538,25.5291618704796,9.08373498916626,14035.1445148587,4.47006911039352,0,151.315723896027,0.402117490768433,0.996238321065903,12.4424866139889,477.957172036171,0.356553792953491,391.238964110613,38.9891005754471,0,4.07029753923416,9.81626832485199,1346.35429263115,14111.3436725736,12337.9246828556,0,26.7301503121853,45.8967396318913,205.954244107008,29.5695825815201,412.280437588692,22.424615830183,252.330911308527,97.4446573853493,29.695037573576,27.3834750950336,2.78224340081215,7.35147151350975,0.44917631149292,0,0,1.41104984283447,0,0,0,0,0.92095410823822,0,0,0,0,0,4.16775050759315,0,0,0.44910854101181,0.612680971622467,0,0,1.59217411279678,0,0,0,0,1.63249552249908,0,1.42152062058449,25.4198908507824,0,0,1.89516723155975,9.28382259607315,0,2.00355696678162,0,0,0,0,0
0.380076855421066,0,33.6779673695564,38.528127104044,15.2228733599186,4.71572223305702,5.37955978512764,10.0975792109966,2675.8363583982,17.2438988089561,255.666754901409,14.445060968399,2284.30194175243,17.5700836777687,63.8595815300941,650.884534180164,22.3980653882027,1.86493992805481,3.80619049072266,14.9840279817581,91.0200347602367,4021.02277958393,87.9461375772953,3864.5687853694,3473.35328260064,114.77758538723,11748.6838303506,83.742555141449,11.470384657383,5.20068350434303,94.4111704230309,20.585644453764,1.07446026802063,128.960135519505,0,124.522168338299,240.313939929008,108.1294080019,22.6308481693268,47.883527725935,11.1647599339485,769.693811416626,52.3789653778076,56.4367745816708,11.521113306284,17.3315760493279,2.5656909942627,0,27.1487412452698,0,1466.80991077423,96.5229099988937,0.438531488180161,0,0,1.19453370571136,0,28.5912201404572,0,52.7425136566162,0.400650352239609,147.83391007781,2.68360304832458,0,64.3851150274277,12.584148645401,1.0873658657074,10.5947376489639,0,5.00236773490906,135.969159424305,26.5196654498577,53.670330196619,85.84099650383,218.433817535639,5314.19314649701,13.2666330039501,1.87696141004562,1.47976815700531,37.5986548960209,0,0,11.9979600906372,1.07036328315735
62.107542604208,33.6779673695564,0,0,63.671921223402,7.75668522715569,37.3344965875149,196.91764947772,11.1337072849274,13.5656909644604,532.108959883451,4.15691521763802,120.122158795595,383.140946179628,27.192368388176,39.2113660871983,38823.4783962071,1246.72188311815,4545.73530068994,1.82428848743439,6192.44712585211,20.1237353086472,60302.5175567865,51.2322468459606,2.31471139192581,26204.8905982673,28100.8267791569,101.570723742247,370.541907936335,1083.43361756206,3.44360744953156,6.96594876050949,56.2616567909718,3742.51828992367,1161.97201487422,12115.4776263833,8473.19415435195,8849.1307374537,5703.56007704139,45.2180933952332,290.136501342058,27.4935096502304,245.666591078043,28.3083260953426,119.027485311031,156.562687546015,1.8841401040554,5.56105798482895,0,1.24874460697174,112.136572629213,2515.60657784343,0,1.58979964256287,0.874962627887726,4.96485489606857,0.652474641799927,20.3545714914799,0,3.49614915251732,0,3.17183846235275,3.91374778747559,9.4437370300293,102.957020401955,203.685109823942,11.0490302294493,53.6977553367615,0,49.161954253912,33.8198125362396,260.209955751896,71.0815380811691,12.8467784821987,1232.00760772824,10262.1589654386,37.1774670481682,2.38447290658951,11.9385245144367,0,0,0,36.3372934162617,370.57794713974
6.28358197212219,38.528127104044,0,0,48.0546572804451,280.488932043314,813.821618288755,242.477704197168,3464.12347072363,10645.2030109167,71.5852140635252,5546.65147548914,158.847275555134,195.902942821383,225.056610494852,2.18570363521576,0.819121569395065,3.13504552841187,0.791750103235245,13943.4329709113,19.9361452162266,72.5510355532169,10.3609313666821,4092.38669908047,9.28583097457886,1.50488305091858,51.8087248504162,11755.8069367409,236.37478326261,62.522732436657,0,62.8344359099865,25.3055379986763,164.564765274525,91.9857901632786,838.051331818104,34.407937079668,138.341005593538,82.0937685370445,335.741222321987,91.1609878540039,186.346175223589,375.849555134773,1.2840975522995,50.8192849457264,26.3629468381405,378.757552564144,37.9635843634605,27.2212167084217,0.790818393230438,0,0,1550.28323483467,28.2327142953873,54.6394326984882,261.681999772787,27.3566669523716,1077.39110469818,1110.77037894726,8.65376713871956,584.609377741814,59.4739055931568,16.3114352226257,342.581010133028,16.1224910616875,0,0,0,1028.48191559315,13.4707839488983,9.80008494853973,9.49043929576874,2646.38539800048,3.30456191301346,0.966735273599625,2.95342129468918,1901.54828935862,27.2409680485725,5.62830349802971,0,3.85734951496124,2.49240309000015,299.749167948961,4.69139334559441
8.68865990638733,15.2228733599186,63.671921223402,48.0546572804451,0,2508.27324724197,73.2871813178062,74.1590447425842,615.424419522285,202.977110356092,25.5477165281773,1109.82600897551,53.7281574606895,45.9228249490261,2053.77730590105,44.0319849848747,31.1841552853584,7.1675346493721,0,51.9254412055016,574.621707648039,22.0036866366863,823.95365011692,151.590016245842,2.62266409397125,19.9583415687084,175.766959667206,199.817780256271,71.3119655251503,279.779635876417,0,2518.85618650913,18.5505020320415,2993.42762705684,2701.71896398067,555.303518027067,135.914673238993,66.4213229715824,140.608831077814,16670.5094481111,3002.47216251493,40.545447319746,18.9968723058701,14.2173925042152,9.06441360712051,110.557477772236,47.671321362257,0.713441848754883,1.89204570651054,0,0,6.50218689441681,38.5507335066795,3.24670594930649,4.41255953907967,8.19713827967644,0.391043931245804,51.5794942975044,29.8538264334202,2.46914279460907,16.3751986026764,19.5265049934387,1.49444463849068,36.517657995224,13.3560952544212,1.56974714994431,1.23022723197937,0,33.8886579573154,20.9130256175995,0.49545082449913,34.8837338089943,79.8807500004768,2.61468333005905,7.04641616344452,31.9916558861732,52.8946435749531,3.38861495256424,9.36358571052551,0.635119497776031,0.536075592041016,0.957354664802551,57.851951032877,2055.77021706104
88.3276536166668,4.71572223305702,7.75668522715569,280.488932043314,2508.27324724197,0,6005.88566571474,16234.0279476047,486.803229659796,15597.1166201234,319.410839229822,8199.57815793157,123.209678158164,2762.03502099216,1936.03548243642,1.98386234045029,5.27469122409821,11.3289644122124,1.96735581755638,296.907557815313,182.279691845179,20.251743555069,75.1567594110966,363.371571272612,3.35428208112717,5.8806891143322,13.4437673985958,2487.20851117373,776.243696451187,465.733995437622,0.591152787208557,826.325397953391,52.2197321951389,728.940680623055,3429.93323114514,3091.20455554128,81.2318004071712,348.5836674124,155.109499037266,9101.49454119802,2849.07116824389,64.4320393204689,100.447747856379,3.02561062574387,8.32505613565445,6.80800533294678,57.1234128475189,10.5803328156471,3.90998724102974,0,0,0,51.816140294075,0,1.71977758407593,67.2115961611271,4.10695764422417,129.541561603546,49.6811002492905,0,34.7322402000427,20.0154002606869,0,27.8979325890541,16.1172105371952,0,0,0,35.5288672447205,4.04569324851036,2.46036377549171,0.532722413539886,501.446463018656,0,0,2.86443191766739,279.625628262758,5.51335555315018,1.23292008042336,0,0,2.74075251817703,80.4109607338905,114.021490544081
7651.36627659202,5.37955978512764,37.3344965875149,813.821618288755,73.2871813178062,6005.88566571474,0,16966.5873517394,1042.87296396494,20007.0981904566,652.001945495605,289.121720343828,259.062598317862,29166.9625401199,151.287462264299,31.8911725878716,32.7939723134041,43.2454378902912,5.93985626101494,165.706186622381,998.518476545811,33.2718883156776,278.618026196957,3972.82559403777,3.25030413269997,48.8742588162422,105.992264568806,75811.614136368,2723.55967599154,16169.4771349132,2.62483623623848,367.456402003765,305.251085281372,1072.66647648811,728.654516220093,3942.63661885262,203.075263381004,1026.11827716231,459.138768643141,390.519602417946,433.566687613726,57.8476712703705,361.488889098167,2.40376088023186,33.9800060391426,27.6782315373421,81.1229415535927,54.3518853485584,2.3318727016449,0,1.52017587423325,1.01400712132454,142.888045281172,2.0601202249527,7.3853178024292,115.694187879562,10.7373868823051,255.456210881472,182.508404880762,0,16.3958237171173,13.7700764834881,7.73173373937607,41.3006269037724,59.0993565917015,0,0,0,59.0317206382751,48.4984715878963,23.4960383176804,12.2551768124104,965.593735575676,0,0,24.1462379395962,652.336559712887,15.5353227257729,14.1519556343555,0,0,4.80823904275894,117.331294476986,21.9955619871616
1276.84824866056,10.0975792109966,196.91764947772,242.477704197168,74.1590447425842,16234.0279476047,16966.5873517394,0,681.440204262733,11990.4266023636,256.592580467463,3989.73369416595,128.373513489962,17104.8579786718,196.234408169985,11.8268950581551,258.664706408978,4.67833164334297,3.82231277227402,451.23327589035,2305.16428533196,56.7877338826656,738.836095005274,554.633952915668,5.97204288840294,11.142187833786,47.6915642619133,7086.24370661378,1335.83135339618,7248.97728896141,0,560.728099584579,80.3823154270649,777.374675899744,265.358867526054,4009.08043169975,109.013137847185,738.826273143291,412.159472495317,4976.5314913094,525.054571479559,81.6228994131088,149.443166047335,0,12.6605570912361,4.32134461402893,35.2422950863838,3.21121388673782,4.26194557547569,0,0,0,18.7984546720982,0,0,46.1203624010086,2.70749306678772,187.838983029127,21.7678004205227,0,17.3004052937031,10.2573323845863,0.846585214138031,19.3562651276588,29.189052015543,0,0,0,27.331690788269,4.63886627554893,7.31585940718651,2.88288041949272,940.799385100603,2.20271143317223,0,0.617818534374237,317.045704573393,4.26719626784325,8.80738753080368,0,0,0.500562071800232,98.2803472578526,15.3526159524918
17.6550182700157,2675.8363583982,11.1337072849274,3464.12347072363,615.424419522285,486.803229659796,1042.87296396494,681.440204262733,0,2120.55539146066,317.323867082596,1759.60237103701,502.088291853666,746.104031831026,2142.28713339567,378.103553473949,4.71811020374298,14.865657299757,2.65782403945923,1157.7004070878,372.863314241171,11715.8252291083,184.034009844065,34268.8326533139,980.7362370193,36.8292761743069,3327.23473876715,6040.39096438885,430.29167971015,146.307628065348,16.958048760891,333.888750970364,37.2879166007042,605.985242635012,209.959848970175,2457.78996145725,108.761937141418,304.420011252165,154.670431762934,2958.36885529757,219.933467686176,136.990288227797,1328.88109737635,21.4080297350883,160.434052973986,65.9444625079632,350.048794984818,115.514978408813,10.3442884683609,0,40.1680849194527,14.6251700222492,801.428534239531,36.3755834102631,87.7449106574059,326.826068013906,48.493342757225,4682.88496717811,806.596784681082,96.3029339015484,334.812220692635,32.9161728024483,124.440358787775,344.538462460041,761.622352808714,5.58053755760193,15.9852516055107,1.34898018836975,309.289416193962,468.899032026529,512.054304242134,208.748187154531,6320.94829052687,21.575153440237,9.09264680743217,265.771745383739,2401.88178318739,216.677970439196,83.0642213523388,0,73.5563604235649,45.0196857154369,370.219755262136,168.355710208416
133.135173916817,17.2438988089561,13.5656909644604,10645.2030109167,202.977110356092,15597.1166201234,20007.0981904566,11990.4266023636,2120.55539146066,0,1841.02653157711,16328.4555163383,712.303721576929,7136.56701467931,614.225300550461,16.9269843697548,16.064300775528,83.6746560037136,10.6551000475883,5442.47227996588,217.174946278334,30.837481200695,96.3860876113176,1691.82050332427,17.4325470328331,63.3524470627308,33.3618098497391,18824.3111717105,3286.56343644857,735.930186748505,0.808848440647125,1315.1841302067,195.752441465855,2310.85198920965,1954.12289732695,8597.93563723564,345.800564706326,1429.42304518819,619.347266197205,1427.4356995225,903.135536491871,308.853708177805,466.656171172857,3.49815919995308,45.8954986333847,27.2458041012287,333.712411403656,28.1222569346428,24.6260446310043,0,1.44877791404724,1.42824196815491,658.965077996254,9.73516714572906,16.975539624691,413.723506748676,11.5514941215515,950.797704279423,533.666512280703,1.9989418387413,282.861087471247,74.2603590190411,1.52509069442749,323.329844862223,19.6617527604103,0,0,0,747.332456052303,10.4503281414509,15.3399138152599,6.49876773357391,3189.91424295306,6.1812190413475,0,0.864475250244141,2000.5766197145,17.665256023407,14.1472964286804,0,0,2.87611454725266,374.156020790339,88.9748284220695
35.0503443479538,255.666754901409,532.108959883451,71.5852140635252,25.5477165281773,319.410839229822,652.001945495605,256.592580467463,317.323867082596,1841.02653157711,0,853.73662519455,9895.19228851795,662.843263417482,25.0775382220745,12.539320319891,783.650493919849,3498.97016242146,1103.47283774614,224.809987872839,545.073689758778,90.9725760519505,777.39530441165,194.891512274742,778.308330506086,4205.05474922061,1727.98432374001,504.62823471427,2900.87812539935,1011.3326638341,1064.72139883041,2860.62882480025,206.394835889339,19300.6493196785,275.012471348047,4132.72817781568,12895.9978019893,19393.714643836,4002.45536631346,214.694734126329,252.780854642391,3282.14435064793,27.6462532281876,478.788034707308,11.8786152601242,19.5591366291046,11.6135476827621,1.46662926673889,122.937061876059,0,75.3255773186684,5.44432002305984,2.47534769773483,0.71116179227829,0,0,0,89.9465352892876,0.504465341567993,1347.26682949066,9.1412193775177,3384.6362066865,0,6.65292662382126,7.96020931005478,0,10.5964400172234,1.39864432811737,4.09412312507629,1.04867732524872,26.1448146700859,1.32956862449646,83.4749511182308,272.178709357977,717.627158880234,724.58545088768,11.9989073872566,2.22727847099304,0,1330.69944152236,1.85524964332581,0,35.9223694801331,82.7199308872223
25.5291618704796,14.445060968399,4.15691521763802,5546.65147548914,1109.82600897551,8199.57815793157,289.121720343828,3989.73369416595,1759.60237103701,16328.4555163383,853.73662519455,0,339.733144104481,2975.44565956295,6804.17770367861,3.43120431900024,10.2687670886517,33.6765487790108,3.24381467700005,11806.0540480316,55.5560730993748,22.3871022462845,35.2513352036476,1638.15708720684,8.61792299151421,31.1692075133324,21.7528599798679,953.687273681164,1153.84882235527,258.248030751944,5.26621508598328,947.695410639048,18.9341096282005,1297.78788197041,9873.74754229188,4297.49412035942,193.635924547911,430.78882881999,216.185885071754,5942.9454973042,391.240535587072,183.461342006922,242.523705095053,2.5542711019516,35.710675239563,20.5779654383659,184.701793193817,38.7368445694447,15.7770932614803,0,0,0,610.793200701475,3.74042904376984,64.1546624898911,94.0711926817894,20.1164734065533,289.708226114511,326.913113623857,8.08023577928543,1369.15986213088,42.5458797514439,42.4932058155537,169.537357360125,11.3596237301826,0,1.17551702260971,0,341.210902869701,4.41654199361801,3.08578479290009,3.04511222243309,740.689088404179,2.53558418154716,1.05638018250465,1.13102698326111,514.326103836298,16.6377566158772,3.90822422504425,0,10.0651573240757,0,204.205415636301,489.156663239002
9.08373498916626,2284.30194175243,120.122158795595,158.847275555134,53.7281574606895,123.209678158164,259.062598317862,128.373513489962,502.088291853666,712.303721576929,9895.19228851795,339.733144104481,0,183.110330998898,120.852814078331,125.12396094203,116.111592918634,51.9315539002419,17.7674505710602,191.926635846496,346.039495795965,762.238519817591,398.446769446135,586.534688234329,11115.2697909176,517.759750306606,4323.7984149456,491.381082266569,440.793988496065,416.571899443865,2549.15755534172,471.396058917046,33.0301741957664,3563.91020771861,1025.32559126616,7222.65377178788,7786.83896431327,3440.14375811815,2254.38512679935,1887.75031191111,623.798514008522,8922.70375362039,303.984498739243,1689.61311602592,87.9261619746685,56.4626279473305,385.02578291297,15.6619921922684,904.006128430367,0.523178100585938,374.586418628693,3.88438999652863,25.2559758424759,0,15.7317310571671,29.7506881058216,5.22011297941208,202.908841431141,70.9127646386623,4528.59838435054,18.0467313230038,11983.9156409502,18.3091524243355,27.8236140608788,22.7187961041927,1.74248802661896,7.76228666305542,3.71741652488708,39.1691725552082,10.9737712144852,149.18854740262,21.129596799612,214.530912041664,2037.01197451353,1308.28377062082,2333.1691377759,91.5161306262016,68.4129025936127,7.34078672528267,3364.48044204712,58.8422207534313,0,465.094005405903,237.524257034063
14035.1445148587,17.5700836777687,383.140946179628,195.902942821383,45.9228249490261,2762.03502099216,29166.9625401199,17104.8579786718,746.104031831026,7136.56701467931,662.843263417482,2975.44565956295,183.110330998898,0,110.090523838997,8.90526732802391,619.319051146507,15.1877900958061,14.1313014626503,499.967970132828,2963.05151638389,62.3321159780025,1773.95526176691,557.109322756529,7.92244359850883,29.1703059971333,56.3674156069756,8359.28829464316,28448.0660169125,22884.8016334176,5.15620547533035,1288.56472066045,205.038835436106,1526.13098099828,344.483026981354,3544.31603094935,171.957453429699,1291.4855710566,684.415426373482,839.434754341841,197.774716645479,86.5452906489372,105.73379611969,2.50828111171722,4.50906866788864,4.62260639667511,13.6385008096695,0.538774311542511,3.94100069999695,0.546110391616821,0,0.412403970956802,10.916364222765,0.541723310947418,0,38.0963615775108,0,178.925775557756,0.81743711233139,1.72634124755859,13.3084317147732,20.9597065746784,0,8.2553745508194,41.5377584695816,0,0,0,15.9543055295944,14.8217395246029,9.69741895794868,1.37270903587341,886.088952422142,0.516707241535187,0.745323777198792,4.00196203589439,236.742109268904,0.415575355291367,11.8110129833221,0,0,1.43856713175774,71.4290519356728,16.8695949316025
4.47006911039352,63.8595815300941,27.192368388176,225.056610494852,2053.77730590105,1936.03548243642,151.287462264299,196.234408169985,2142.28713339567,614.225300550461,25.0775382220745,6804.17770367861,120.852814078331,110.090523838997,0,22.8991300463676,18.1695550680161,1.06918394565582,0,207.070072352886,325.152004957199,106.626397788525,421.714550435543,621.448310464621,14.3775489628315,8.69721353054047,167.55948728323,352.823676407337,98.2702397406101,229.221189141273,0,121.334349423647,12.2853253185749,115.215109974146,1835.72830015421,283.275774598122,83.9315765202045,42.1621979475021,85.3054409921169,4221.99078205228,90.3803996741772,110.826569765806,66.4656775891781,15.8703960776329,9.29742181301117,86.7809133529663,113.273747265339,9.15633165836334,13.3719663321972,0,0.457608044147491,2.64112865924835,151.805254727602,4.15722572803497,11.5460692942142,10.6414887011051,3.33259570598602,143.807330280542,116.161724865437,1.15688443183899,99.8642994761467,32.5249976813793,3.9870737195015,127.531024813652,17.4217970967293,0,4.12801021337509,1.92866525053978,81.8308827579021,24.5183051228523,3.87536305189133,25.4201110303402,241.176222890615,3.23235547542572,4.71455323696136,22.2912332415581,156.737360239029,4.58727565407753,3.74746495485306,2.22698283195496,0.476911693811417,2.34335017204285,176.454976350069,784.140593528748
0,650.884534180164,39.2113660871983,2.18570363521576,44.0319849848747,1.98386234045029,31.8911725878716,11.8268950581551,378.103553473949,16.9269843697548,12.539320319891,3.43120431900024,125.12396094203,8.90526732802391,22.8991300463676,0,62.5922684371471,1.08353364467621,0.545960664749146,1.4327535033226,11320.1675382555,5038.61394381523,11504.2087718248,2623.36257377267,104.111552089453,32.1601366400719,9362.30388900638,1984.33536544442,8.62896579504013,51.732637912035,0.734818458557129,4.134949862957,3.13792455196381,63.9609414339066,547.409706532955,4662.06659242511,2791.1721111834,301.948665261269,628.493558108807,37.0686723589897,24.2123405337334,167.4979570508,488.635156333447,160.559150129557,90.4086304008961,99.1052301824093,13.3242784738541,6.79136115312576,8.33394396305084,0.460101187229156,90.9920510053635,205.968602895737,1.72738492488861,0,0.445860236883163,13.552117139101,0.990761756896973,150.963153660297,0.348115563392639,4.39152041077614,0,130.747759342194,2.55822703242302,7.91345036029816,11596.7175156474,16.636653482914,0,0.595624983310699,0,1068.8858500421,2024.16889339685,4884.27507692575,1317.52519369125,14.1031730175018,24.9575425982475,5280.38335934281,843.567753344774,15.3771519362926,20.0734617710114,0,0,17.1402975916862,283.500330686569,63.5534089803696
151.315723896027,22.3980653882027,38823.4783962071,0.819121569395065,31.1841552853584,5.27469122409821,32.7939723134041,258.664706408978,4.71811020374298,16.064300775528,783.650493919849,10.2687670886517,116.111592918634,619.319051146507,18.1695550680161,62.5922684371471,0,1972.89675927162,10251.3754270971,1.51347422599792,4065.28893071413,12.7993767857552,12355.3791629374,70.5078397095203,2.26218235492706,16774.5129810572,22325.6245898306,132.188635349274,924.512646108866,4150.13804119825,4.93020397424698,9.78450480103493,164.221456497908,8253.96232268214,472.95704627037,6023.91695138812,4789.38852509856,5405.09782356024,3153.59089186788,25.3449203968048,145.436706513166,17.6099047064781,26.1368581652641,7.10514026880264,15.9782828986645,28.6130904555321,3.81140804290771,0.828350841999054,0,0,39.9402914643288,526.801386684179,0,0,0,0,0,1.7602179646492,0,0,0,0,0,6.90070468187332,44.2337613105774,25.9249759316444,0,5.14128246903419,0,5.5910512804985,4.76020246744156,37.5944039523602,4.53694406151772,1.22793871164322,187.322585225105,1871.2580550015,2.3263344168663,0,2.65898770093918,0.866538226604462,0,0,6.81347414851189,131.58144107461
0.402117490768433,1.86493992805481,1246.72188311815,3.13504552841187,7.1675346493721,11.3289644122124,43.2454378902912,4.67833164334297,14.865657299757,83.6746560037136,3498.97016242146,33.6765487790108,51.9315539002419,15.1877900958061,1.06918394565582,1.08353364467621,1972.89675927162,0,7000.30109301209,6.44492676854134,191.481963843107,0.820825815200806,428.099544554949,14.2226484119892,18.9788487553596,10682.6261884868,2785.33749613166,32.3545555472374,147.86190149188,137.316234141588,86.9762494564056,32.1530787050724,27.7013707458973,3605.63018843532,142.782014846802,2588.16111734509,6090.39417901635,4958.03616881371,2484.92623800039,0.887074708938599,43.6714951395988,7.66491407155991,1.62447667121887,8.60416254401207,4.02963402867317,5.05903598666191,0,0,0,0,11.8161360025406,21.8113703429699,0,0,0,0,0,3.78112328052521,0,39.4703817665577,0,50.9618125557899,0,1.9872567653656,0,0,1.45990812778473,2.93634662032127,0,0,1.99233087897301,0,0,13.1281887888908,296.407958507538,386.567839384079,0,0,0,116.068922609091,0,0,2.16168111562729,34.9284437596798
0.996238321065903,3.80619049072266,4545.73530068994,0.791750103235245,0,1.96735581755638,5.93985626101494,3.82231277227402,2.65782403945923,10.6551000475883,1103.47283774614,3.24381467700005,17.7674505710602,14.1313014626503,0,0.545960664749146,10251.3754270971,7000.30109301209,0,1.47486931085587,166.269011408091,2.66856795549393,401.223122805357,4.9418151974678,0.656058192253113,18172.0128078461,2845.82584884763,6.35590592026711,39.6411219239235,97.6649143397808,3.7656182050705,1.55132675170898,8.81400308012962,2573.22027894855,83.2793270647526,1535.08108174801,1198.00551339984,1916.51847322285,1111.71814545989,3.06280738115311,18.5714677274227,6.76939612627029,2.01694518327713,0.309733539819717,2.07280090451241,5.03964841365814,0,0,0,0,1.8056792318821,116.050962209702,0,0,0,0,0,0,0,0,0,0,0,0.518554925918579,1.34478235244751,5.03797751665115,0,1.49886205792427,0,0,2.69478523731232,5.44525322318077,0,0,62.3735338151455,344.168706446886,0,0,0,0.947879403829575,0,0,1.39237397909164,25.7435888051987
12.4424866139889,14.9840279817581,1.82428848743439,13943.4329709113,51.9254412055016,296.907557815313,165.706186622381,451.23327589035,1157.7004070878,5442.47227996588,224.809987872839,11806.0540480316,191.926635846496,499.967970132828,207.070072352886,1.4327535033226,1.51347422599792,6.44492676854134,1.47486931085587,0,17.7500394880772,21.2426035702229,16.7636569142342,913.661732077599,6.067542552948,6.44969964027405,19.5394763052464,1721.54136276245,377.750869393349,106.451893657446,1.61071646213531,145.655439794064,31.8340793848038,293.001562684774,134.861496686935,1314.16353690624,61.3024756908417,171.712214037776,98.9621134996414,358.349848121405,160.26656511426,189.126719802618,322.096807599068,3.27860367298126,39.1828236281872,14.4595940411091,268.479519069195,49.956185400486,19.8413700461388,0,2.0967692732811,0,1023.97637185454,12.9603472948074,16.2005913555622,181.126176327467,15.1423415243626,431.2285592556,662.345219433308,2.10898160934448,304.883183270693,57.7780566215515,15.4926474094391,258.927343636751,9.38425260782242,0,0,0,401.591768562794,7.91691148281097,8.28110003471375,7.61331430077553,1641.88189375401,6.90137904882431,0,2.66687032580376,1130.66537505388,10.026729285717,2.23212677240372,0,1.45956775546074,3.33317005634308,238.248614877462,9.52521449327469
477.957172036171,91.0200347602367,6192.44712585211,19.9361452162266,574.621707648039,182.279691845179,998.518476545811,2305.16428533196,372.863314241171,217.174946278334,545.073689758778,55.5560730993748,346.039495795965,2963.05151638389,325.152004957199,11320.1675382555,4065.28893071413,191.481963843107,166.269011408091,17.7500394880772,0,640.982461631298,66195.4350262284,1766.14370387793,15.9633607566357,320.366477519274,2560.85057815909,15609.2257435322,1539.26308216155,42757.5772737861,3.67507162690163,197.197807997465,189.684037566185,12037.2955719829,6823.33806914091,22260.3216170073,2235.73392209411,18761.665353328,10613.1649033725,306.017781078815,660.619297832251,93.7108554542065,476.316773563623,34.5374236404896,130.670828133821,182.43093302846,33.0690293908119,35.0694119334221,5.94984436035156,1.3372540473938,10.6766582727432,74.534779727459,4.50062838196754,0,0,42.5284513831139,3.7866530418396,310.971202492714,3.26311361789703,1.43949565291405,1.06405138969421,24.6057367622852,6.06209075450897,30.1997165083885,2789.73216539621,3.06591027975082,0,0,0.471514523029327,1542.91951683164,690.532963305712,717.004394799471,2182.58355113864,2.69205296039581,2.05929639935493,960.479551553726,1347.14947885275,47.2670039832592,58.6389103531837,0,0,29.4344388544559,174.560310840607,615.750949829817
0.356553792953491,4021.02277958393,20.1237353086472,72.5510355532169,22.0036866366863,20.251743555069,33.2718883156776,56.7877338826656,11715.8252291083,30.837481200695,90.9725760519505,22.3871022462845,762.238519817591,62.3321159780025,106.626397788525,5038.61394381523,12.7993767857552,0.820825815200806,2.66856795549393,21.2426035702229,640.982461631298,0,678.966120332479,16512.0153337121,1756.37022903562,62.2185447216034,8110.12804079056,518.521205484867,61.2204011380672,22.1493218839169,42.4902258217335,37.4990227818489,0.960369229316711,84.1452962756157,33.1510317325592,322.420637398958,100.932217150927,73.6563395559788,37.2826362848282,131.717931777239,19.1970604658127,138.538882881403,217.822926521301,57.5032824277878,36.597138106823,28.5345943570137,9.11072137951851,4.07956662774086,2.65872859954834,0.488512367010117,262.673797219992,89.0587215721607,4.3140983581543,0,1.01595962047577,4.00754135847092,0.642523050308228,138.094696134329,3.20954948663712,6.90293824672699,2.20748579502106,45.493990957737,1.58673226833344,1.19813287258148,2353.42478638887,6.57981371879578,0.990694895386696,1.71009683609009,0,179.052547305822,1480.82968884706,755.633326947689,453.961664497852,46.4732365310192,63.4151208996773,3716.69174620509,217.094862997532,7.74340605735779,8.31356489658356,21.306057870388,0,5.40199953317642,30.1790888011456,6.6989164352417
391.238964110613,87.9461375772953,60302.5175567865,10.3609313666821,823.95365011692,75.1567594110966,278.618026196957,738.836095005274,184.034009844065,96.3860876113176,777.39530441165,35.2513352036476,398.446769446135,1773.95526176691,421.714550435543,11504.2087718248,12355.3791629374,428.099544554949,401.223122805357,16.7636569142342,66195.4350262284,678.966120332479,0,1515.78367444873,15.6533539891243,1027.55469039083,27050.7638576627,2848.48067966104,2071.17119476199,18755.865018934,2.50402250885963,84.6565157473087,279.067754209042,12976.9996050298,9928.55915537477,46805.1932793558,18334.6346314847,25599.4550658166,22930.2389076054,365.761551290751,731.701210707426,211.290282189846,386.800760388374,123.496868222952,114.509784966707,355.219043254852,13.5495726764202,39.4120115935802,3.86240488290787,2.17968899011612,44.8740957379341,611.644172459841,1.01372089982033,1.91232514381409,2.81133019924164,21.5206344425678,0.813338905572891,83.671531111002,0.759063601493835,1.62259858846664,1.21083599328995,91.3223128914833,5.04892408847809,64.8992176055908,6328.04269054532,27.2721099853516,0.628975719213486,5.16650059819221,0,769.011640012264,930.527389168739,3124.25222209096,854.499227404594,11.9917966127396,15.55037099123,6389.48492884636,650.77064409852,13.860012203455,19.7411289513111,0,0,8.16566163301468,186.852164626122,1302.47149860859
38.9891005754471,3864.5687853694,51.2322468459606,4092.38669908047,151.590016245842,363.371571272612,3972.82559403777,554.633952915668,34268.8326533139,1691.82050332427,194.891512274742,1638.15708720684,586.534688234329,557.109322756529,621.448310464621,2623.36257377267,70.5078397095203,14.2226484119892,4.9418151974678,913.661732077599,1766.14370387793,16512.0153337121,1515.78367444873,0,1235.78388106823,44.4382023215294,6928.63725101948,17424.7797282934,461.539241075516,485.132189661264,29.3943889439106,184.84689283371,79.2995975613594,529.390566110611,407.753892689943,4940.39718332887,785.369020909071,648.993512243032,499.629695862532,721.411049902439,186.520897179842,274.153947710991,3791.64495977759,59.2927673757076,504.674863547087,180.651728749275,623.553842157125,364.902637183666,29.5409799814224,9.27865666151047,75.3121053576469,132.404781877995,1216.17240431905,14.0177809000015,87.3600804507732,752.836162388325,101.949239999056,3348.96799778938,1261.0097091496,25.0121183395386,524.220967948437,88.035110771656,180.518757045269,332.777085393667,3171.34958848357,4.81940022110939,0,0,761.006356328726,1460.01280191541,1052.74120292068,1024.35482951999,11694.2327142954,19.0913283228874,13.3201149702072,1901.74243289232,5645.84578725696,324.813941568136,224.749547332525,0,35.9278081357479,92.2807371020317,1103.58234933019,217.280442327261
0,3473.35328260064,2.31471139192581,9.28583097457886,2.62266409397125,3.35428208112717,3.25030413269997,5.97204288840294,980.7362370193,17.4325470328331,778.308330506086,8.61792299151421,11115.2697909176,7.92244359850883,14.3775489628315,104.111552089453,2.26218235492706,18.9788487553596,0.656058192253113,6.067542552948,15.9633607566357,1756.37022903562,15.6533539891243,1235.78388106823,0,380.261791914701,7640.41809555888,33.0050623714924,14.0805440545082,6.96919539570808,657.512929022312,24.2899133265018,0,213.809220045805,4.8033499121666,80.1187435090542,568.523579210043,168.445077747107,32.9479640722275,35.6594111323357,3.5430725812912,2991.0227239728,29.3309671282768,163.381914913654,26.9242882430553,12.0652988553047,5.78562891483307,0,78.9245633482933,0,590.763431549072,10.7109747827053,1.69080686569214,0,0.416172116994858,0,0,123.994273930788,2.10961276292801,549.981570094824,0.700790226459503,2855.72052690387,0,4.34024983644485,5.26271986961365,4.24991869926453,7.67350006103516,1.12965273857117,1.03944313526154,1.41508832573891,73.8870028853416,2.20840722322464,40.5684446692467,1934.63501545787,720.525304317474,3051.69135963917,2.88522958755493,2.20152688026428,0,962.037822037935,2.39921045303345,0,10.007200807333,0.862343728542328
4.07029753923416,114.77758538723,26204.8905982673,1.50488305091858,19.9583415687084,5.8806891143322,48.8742588162422,11.142187833786,36.8292761743069,63.3524470627308,4205.05474922061,31.1692075133324,517.759750306606,29.1703059971333,8.69721353054047,32.1601366400719,16774.5129810572,10682.6261884868,18172.0128078461,6.44969964027405,320.366477519274,62.2185447216034,1027.55469039083,44.4382023215294,380.261791914701,0,41586.9290261269,29.4149818718433,203.115595251322,232.570674985647,1299.07883501053,73.9884478151798,36.3949538767338,3501.61008352041,681.28430724144,10454.6113865972,14480.850284189,6961.12679588795,5808.57276085019,13.7899063527584,143.14224678278,38.3829973936081,61.3968856930733,293.669259265065,101.26798120141,64.3323358595371,2.5069751739502,5.79411685466766,8.67253729701042,0,474.927310228348,708.431572884321,0.467257976531982,0,0,0,0,19.1604033708572,0,1145.02844533324,0.334930270910263,2951.61776304245,0,6.32667142152786,4.19953855872154,66.0665435492992,51.5309089720249,57.0935966968536,0,1.61910447478294,41.4091148376465,18.0105576813221,3.31162452697754,703.774275094271,6966.10233354568,15886.4119282961,0,0,0,3197.58935153484,0,0,31.7284006923437,213.250297188759
9.81626832485199,11748.6838303506,28100.8267791569,51.8087248504162,175.766959667206,13.4437673985958,105.992264568806,47.6915642619133,3327.23473876715,33.3618098497391,1727.98432374001,21.7528599798679,4323.7984149456,56.3674156069756,167.55948728323,9362.30388900638,22325.6245898306,2785.33749613166,2845.82584884763,19.5394763052464,2560.85057815909,8110.12804079056,27050.7638576627,6928.63725101948,7640.41809555888,41586.9290261269,0,1758.8319247067,146.50507748127,578.914068132639,2375.48669010401,17.5372844934464,29.7676212489605,6320.57671785355,3422.19193917513,33662.107503444,22454.4567404687,18829.8356908858,16721.6656944454,126.283957272768,557.088976472616,137.39891898632,2462.14320290089,1192.40390378237,1378.37364928424,1231.23503965139,23.2309912443161,21.9457107782364,19.8920303583145,7.5125846862793,11191.1768653989,14777.4327643812,2.18526944518089,1.64917820692062,0.392735600471497,72.3420046567917,18.4809814989567,121.403892368078,1.00910177826881,774.352946788073,5.41909283399582,2596.18923473358,60.6229025423527,27.6864589452744,7064.12758073211,1517.52312475443,174.516508564353,416.61453717947,1.06057488918304,599.140444219112,2700.03029856086,5295.12856131792,709.442179650068,3167.2788631022,22530.0463804901,177231.039104968,416.374577373266,7.87365216016769,130.109079539776,3256.91596731544,0,3.40368428826332,354.301714897156,819.284677624702
1346.35429263115,83.742555141449,101.570723742247,11755.8069367409,199.817780256271,2487.20851117373,75811.614136368,7086.24370661378,6040.39096438885,18824.3111717105,504.62823471427,953.687273681164,491.381082266569,8359.28829464316,352.823676407337,1984.33536544442,132.188635349274,32.3545555472374,6.35590592026711,1721.54136276245,15609.2257435322,518.521205484867,2848.48067966104,17424.7797282934,33.0050623714924,29.4149818718433,1758.8319247067,0,2409.54390574992,44178.1564023197,1.0733028948307,346.463035553694,338.286073476076,1933.43544393778,1664.68233937025,12200.366115123,827.001937240362,2514.26027417183,1327.07055214047,675.620498329401,502.476707220078,278.394402563572,2977.68549177051,47.2756286859512,380.496781438589,169.726564735174,575.090098768473,348.766915947199,35.2029315531254,5.75932195782661,15.2869894504547,75.5585384964943,741.795726567507,10.7498388886452,55.8989317119122,758.968941539526,72.287934333086,1708.29037189484,1088.35086727142,5.89549377560616,127.596780359745,93.0657752752304,71.7679709196091,274.605433404446,1281.91504091024,5.21225792169571,0,0,434.113927662373,909.179719954729,368.930116117001,417.526454508305,8071.95875531435,8.77007919549942,1.46736133098602,862.255016893148,4734.44605070353,232.1493037045,171.905928730965,0,1.57379621267319,71.9103652536869,872.235908925533,151.139310330153
14111.3436725736,11.470384657383,370.541907936335,236.37478326261,71.3119655251503,776.243696451187,2723.55967599154,1335.83135339618,430.29167971015,3286.56343644857,2900.87812539935,1153.84882235527,440.793988496065,28448.0660169125,98.2702397406101,8.62896579504013,924.512646108866,147.86190149188,39.6411219239235,377.750869393349,1539.26308216155,61.2204011380672,2071.17119476199,461.539241075516,14.0805440545082,203.115595251322,146.50507748127,2409.54390574992,0,22093.179269731,24.6073727607727,1825.26029083133,15522.966562748,7913.69187027216,887.681163370609,3444.23123925924,284.758641928434,2584.48676499724,845.55474075675,285.825222909451,460.847150832415,91.7518832981586,272.921918660402,6.92670577764511,40.8806657195091,21.0151307284832,24.5694096386433,11.7222746610641,2.32214546203613,0,0,4.47469210624695,11.6098576188087,1.15354835987091,0,52.3902489542961,5.51630678772926,183.734632730484,2.56219273805618,2.29580628871918,12.913349121809,28.1931535601616,4.5714253783226,10.4819665849209,79.2037437260151,0,1.72504848241806,0,9.24158257246017,85.4678355157375,18.1403461396694,14.695697337389,891.596343427896,1.72227835655212,1.07411575317383,18.0629048645496,361.002896815538,17.1937631964684,23.2408466935158,1.36571335792542,0,7.92589807510376,87.8754228949547,48.4621491730213
12337.9246828556,5.20068350434303,1083.43361756206,62.522732436657,279.779635876417,465.733995437622,16169.4771349132,7248.97728896141,146.307628065348,735.930186748505,1011.3326638341,258.248030751944,416.571899443865,22884.8016334176,229.221189141273,51.732637912035,4150.13804119825,137.316234141588,97.6649143397808,106.451893657446,42757.5772737861,22.1493218839169,18755.865018934,485.132189661264,6.96919539570808,232.570674985647,578.914068132639,44178.1564023197,22093.179269731,0,1.79622337222099,410.270034477115,1853.34355807304,15934.7426613569,3387.8147931993,12982.714568764,635.387243896723,9621.43511366844,3241.91153678298,417.505532443523,801.721192389727,67.7350829541683,128.547227680683,9.78930711746216,21.0951777100563,54.5457641482353,12.4481340050697,4.07901561260223,1.45637130737305,0,0.680484294891357,9.67932683229446,1.3264873623848,0,0,5.79538774490356,0.469164282083511,76.2901366651058,1.40092569589615,0,0,7.98958498239517,1.8143618106842,6.85337093472481,96.9411827325821,0,0,0,0,79.6941031813622,19.8171148598194,20.5186777412891,328.44437289238,0.846681833267212,0,62.7771013975143,151.992434680462,4.82510277628899,9.83081766963005,0,0.599238276481628,3.04366755485535,61.3009825050831,165.872327059507
0,94.4111704230309,3.44360744953156,0,0,0.591152787208557,2.62483623623848,0,16.958048760891,0.808848440647125,1064.72139883041,5.26621508598328,2549.15755534172,5.15620547533035,0,0.734818458557129,4.93020397424698,86.9762494564056,3.7656182050705,1.61071646213531,3.67507162690163,42.4902258217335,2.50402250885963,29.3943889439106,657.512929022312,1299.07883501053,2375.48669010401,1.0733028948307,24.6073727607727,1.79622337222099,0,23.2503294348717,2.57955986261368,77.9929392635822,6.78800249099731,110.202123641968,992.589946836233,341.456536412239,147.112320482731,1.30483746528625,1.24305105209351,23.3386576771736,1.93784037232399,155.375851482153,10.90085247159,5.47538483142853,0,0,24.1344600021839,0,89.565501332283,0.745148897171021,0,0,0,0,0,12.0622131228447,0,923.517007440329,0,2406.44120624661,0,0,0,0,9.12586256861687,1.3954644203186,0,0,25.9228253662586,0,2.35183727741241,419.456991791725,1317.61556145549,1975.97648018599,0,2.1947146654129,0,1819.98031535745,0,0,3.58737397193909,0.69194757938385
26.7301503121853,20.585644453764,6.96594876050949,62.8344359099865,2518.85618650913,826.325397953391,367.456402003765,560.728099584579,333.888750970364,1315.1841302067,2860.62882480025,947.695410639048,471.396058917046,1288.56472066045,121.334349423647,4.134949862957,9.78450480103493,32.1530787050724,1.55132675170898,145.655439794064,197.197807997465,37.4990227818489,84.6565157473087,184.84689283371,24.2899133265018,73.9884478151798,17.5372844934464,346.463035553694,1825.26029083133,410.270034477115,23.2503294348717,0,20.2397336959839,15445.3163476288,406.802334487438,4762.52379930019,290.283219456673,799.257123380899,328.286240190268,1717.77216857672,2981.56023907661,165.55434024334,11.1634067893028,1.65241941809654,0,1.08634698390961,5.75131303071976,0,3.49239209294319,0,0,0,2.23747476935387,0,0.418038904666901,1.995476603508,0,81.570923358202,0,3.93785089254379,9.93363237380981,33.8882834017277,0,2.74660915136337,12.8798643946648,0,0,0,3.30989953875542,2.43602532148361,2.17058062553406,0,158.594170093536,1.09094393253326,0,0,13.3108097612858,1.01795244216919,0,1.53460443019867,0,0,63.8194038569927,19.5211193561554
45.8967396318913,1.07446026802063,56.2616567909718,25.3055379986763,18.5505020320415,52.2197321951389,305.251085281372,80.3823154270649,37.2879166007042,195.752441465855,206.394835889339,18.9341096282005,33.0301741957664,205.038835436106,12.2853253185749,3.13792455196381,164.221456497908,27.7013707458973,8.81400308012962,31.8340793848038,189.684037566185,0.960369229316711,279.067754209042,79.2995975613594,0,36.3949538767338,29.7676212489605,338.286073476076,15522.966562748,1853.34355807304,2.57955986261368,20.2397336959839,0,2069.64256861806,159.406465560198,294.685173511505,37.9470760822296,996.879163503647,241.899814248085,2.65534391999245,89.4516341686249,5.9870885014534,35.9793430268764,0,8.17130380868912,4.42544478178024,4.23167514801025,2.53762090206146,0,0,0,0,2.16439539194107,0,0,6.24786171317101,0,19.9983926415443,0,0,1.43288028240204,3.02847051620483,0,0.792848944664001,10.9933657348156,0,0,0,0,15.1467559635639,0.8195680975914,1.56671839952469,69.2202552258968,0,0,2.21033322811127,35.9983151555061,1.53636264801025,2.16414433717728,0,0,0,6.00251296162605,11.1279265880585
205.954244107008,128.960135519505,3742.51828992367,164.564765274525,2993.42762705684,728.940680623055,1072.66647648811,777.374675899744,605.985242635012,2310.85198920965,19300.6493196785,1297.78788197041,3563.91020771861,1526.13098099828,115.215109974146,63.9609414339066,8253.96232268214,3605.63018843532,2573.22027894855,293.001562684774,12037.2955719829,84.1452962756157,12976.9996050298,529.390566110611,213.809220045805,3501.61008352041,6320.57671785355,1933.43544393778,7913.69187027216,15934.7426613569,77.9929392635822,15445.3163476288,2069.64256861806,0,1304.93201488256,5585.59738585353,2000.21664938331,8457.94667941332,3015.06506767869,494.020513296127,1206.37224152684,2119.16231808066,258.978874385357,26.8538086116314,26.7476747334003,26.8886922597885,55.9203128218651,13.5530198514462,25.1120894551277,0,9.56245571374893,49.2170782983303,16.1640129983425,0,2.20411825180054,54.402935475111,0.562414228916168,152.78394395113,11.3480621874332,39.0470873117447,7.41146633028984,104.152295589447,1.85559946298599,18.508319735527,82.4953310191631,2.49399992823601,0,0,16.4311957657337,58.0304383933544,7.75972586870193,30.9621610343456,981.49064424634,11.3225822746754,40.2941920757294,296.225899606943,429.483529627323,6.09654384851456,22.1636187434196,10.2010976970196,0,2.33072334527969,126.576817631721,165.384665280581
29.5695825815201,0,1161.97201487422,91.9857901632786,2701.71896398067,3429.93323114514,728.654516220093,265.358867526054,209.959848970175,1954.12289732695,275.012471348047,9873.74754229188,1025.32559126616,344.483026981354,1835.72830015421,547.409706532955,472.95704627037,142.782014846802,83.2793270647526,134.861496686935,6823.33806914091,33.1510317325592,9928.55915537477,407.753892689943,4.8033499121666,681.28430724144,3422.19193917513,1664.68233937025,887.681163370609,3387.8147931993,6.78800249099731,406.802334487438,159.406465560198,1304.93201488256,0,15114.5386354923,4515.7005840838,688.078732997179,7637.08599591255,1167.95133057237,1188.65019121766,243.299208045006,2010.5977679491,659.823317676783,178.674077242613,3648.99296799302,71.1595188379288,227.644412428141,16.1759737730026,0,0,250.208829849958,5.74723064899445,96.6833427548409,238.982409954071,62.2506288290024,1.44087672233582,56.918128490448,19.7045562267303,49.2086839079857,529.012466967106,10.7118371725082,16.0179907679558,323.339391648769,142.66866517067,35.7636405825615,38.1327364146709,59.3978931605816,3.80857306718826,514.330410897732,5.81490510702133,1214.31999978423,223.144516289234,2.70595622062683,216.309010863304,797.800075978041,211.469568431377,12.2262750267982,242.895385921001,7.71818953752518,23.3540849089622,3.51068866252899,290.856033325195,284587.608682781
412.280437588692,124.522168338299,12115.4776263833,838.051331818104,555.303518027067,3091.20455554128,3942.63661885262,4009.08043169975,2457.78996145725,8597.93563723564,4132.72817781568,4297.49412035942,7222.65377178788,3544.31603094935,283.275774598122,4662.06659242511,6023.91695138812,2588.16111734509,1535.08108174801,1314.16353690624,22260.3216170073,322.420637398958,46805.1932793558,4940.39718332887,80.1187435090542,10454.6113865972,33662.107503444,12200.366115123,3444.23123925924,12982.714568764,110.202123641968,4762.52379930019,294.685173511505,5585.59738585353,15114.5386354923,0,51057.4070780873,6864.58665189147,12353.1342153549,10675.5139154196,5045.73646482825,5411.92279061675,2726.57439306378,92.4025792479515,173.024530738592,227.234896749258,260.106224268675,68.1647203564644,21.9960007965565,0.61207515001297,80.9655483961105,273.534525126219,71.6508868038654,4.48641210794449,11.6756236553192,312.10969877243,12.5745348334312,716.663782298565,61.7749778628349,13.0862290263176,44.9064148068428,102.530158519745,19.9819962978363,79.5745531320572,635.571328222752,21.2399114370346,5.58942526578903,1.40242213010788,58.3031455874443,372.481065094471,121.077096283436,244.665078341961,3994.57513287663,13.7570699453354,130.484641313553,1859.13188308477,1740.42471081018,55.6638481318951,105.230731666088,2.26386460661888,6.02684390544891,30.5249574184418,484.544215381145,2905.72187641263
22.424615830183,240.313939929008,8473.19415435195,34.407937079668,135.914673238993,81.2318004071712,203.075263381004,109.013137847185,108.761937141418,345.800564706326,12895.9978019893,193.635924547911,7786.83896431327,171.957453429699,83.9315765202045,2791.1721111834,4789.38852509856,6090.39417901635,1198.00551339984,61.3024756908417,2235.73392209411,100.932217150927,18334.6346314847,785.369020909071,568.523579210043,14480.850284189,22454.4567404687,827.001937240362,284.758641928434,635.387243896723,992.589946836233,290.283219456673,37.9470760822296,2000.21664938331,4515.7005840838,51057.4070780873,0,9730.85388210416,25132.2247061431,500.727909177542,714.351730495691,2272.26043146849,168.283249527216,243.7122592628,19.897930085659,176.107162714005,23.5377504229546,19.7388091087341,100.897223174572,0,137.451001554728,169.715136408806,1.94787883758545,0,1.1605703830719,4.99340349435806,0.400438368320465,50.6072097718716,2.45501095056534,467.061808437109,2.90144997835159,1414.07542139292,1.58402013778687,32.1403236985207,259.812372297049,11.867715805769,8.8950671851635,3.27900069952011,8.02258598804474,45.1840182840824,72.6634593904018,168.838106751442,156.500726997852,117.988902658224,449.367042928934,1920.49063119292,73.5607846677303,6.21398830413818,12.7576178908348,338.945669770241,0,1.63240325450897,59.4927347898483,1595.46210676432
252.330911308527,108.1294080019,8849.1307374537,138.341005593538,66.4213229715824,348.5836674124,1026.11827716231,738.826273143291,304.420011252165,1429.42304518819,19393.714643836,430.78882881999,3440.14375811815,1291.4855710566,42.1621979475021,301.948665261269,5405.09782356024,4958.03616881371,1916.51847322285,171.712214037776,18761.665353328,73.6563395559788,25599.4550658166,648.993512243032,168.445077747107,6961.12679588795,18829.8356908858,2514.26027417183,2584.48676499724,9621.43511366844,341.456536412239,799.257123380899,996.879163503647,8457.94667941332,688.078732997179,6864.58665189147,9730.85388210416,0,7234.80065575242,204.771462470293,787.546473026276,1783.30069211125,214.279119670391,59.2622197568417,32.5725442767143,25.9016135931015,25.076112806797,10.7002092599869,26.6234220862389,0,38.7636721730232,149.324505150318,10.2400552332401,1.26937568187714,3.40149587392807,40.6482449769974,0.389099329710007,84.3057840764523,9.30210489034653,116.005811154842,3.64875429868698,213.401217669249,1.50530540943146,8.39281359314919,180.028635859489,8.01649913191795,0.78247743844986,0.689093708992004,8.20871025323868,67.6323069930077,38.5976794958115,75.6552484333515,532.952544242144,31.516087770462,164.707700878382,1118.76653426886,224.512780666351,9.4176099896431,10.5975807607174,75.4792879521847,0.934844195842743,7.97922998666763,88.4042575061321,144.994851797819
97.4446573853493,22.6308481693268,5703.56007704139,82.0937685370445,140.608831077814,155.109499037266,459.138768643141,412.159472495317,154.670431762934,619.347266197205,4002.45536631346,216.185885071754,2254.38512679935,684.415426373482,85.3054409921169,628.493558108807,3153.59089186788,2484.92623800039,1111.71814545989,98.9621134996414,10613.1649033725,37.2826362848282,22930.2389076054,499.629695862532,32.9479640722275,5808.57276085019,16721.6656944454,1327.07055214047,845.55474075675,3241.91153678298,147.112320482731,328.286240190268,241.899814248085,3015.06506767869,7637.08599591255,12353.1342153549,25132.2247061431,7234.80065575242,0,427.755031645298,2395.18530011177,1501.60095390677,263.201038390398,102.206575095654,53.3219054341316,395.805292278528,63.6650286316872,19.1288668513298,12.6070271134377,1.08444821834564,40.3016131818295,143.805265963078,6.87289133667946,1.17028522491455,15.5652325153351,24.785232424736,3.2939465045929,46.9614323973656,10.592920511961,30.3609653115273,2.61571973562241,51.1960422992706,4.37896364927292,52.506454885006,188.91787597537,12.9398644566536,12.333180308342,13.3400011062622,6.26958239078522,102.085722833872,25.1632822155952,194.146593332291,300.488991856575,14.9948102831841,140.606710374355,959.849460750818,141.997049719095,3.31307905912399,21.8547622263432,20.0181181430817,6.07020449638367,4.20073091983795,84.4296782314777,3161.45429486036
29.695037573576,47.883527725935,45.2180933952332,335.741222321987,16670.5094481111,9101.49454119802,390.519602417946,4976.5314913094,2958.36885529757,1427.4356995225,214.694734126329,5942.9454973042,1887.75031191111,839.434754341841,4221.99078205228,37.0686723589897,25.3449203968048,0.887074708938599,3.06280738115311,358.349848121405,306.017781078815,131.717931777239,365.761551290751,721.411049902439,35.6594111323357,13.7899063527584,126.283957272768,675.620498329401,285.825222909451,417.505532443523,1.30483746528625,1717.77216857672,2.65534391999245,494.020513296127,1167.95133057237,10675.5139154196,500.727909177542,204.771462470293,427.755031645298,0,1504.00941446424,1774.32374766469,623.90008571744,22.1399109363556,83.4514630138874,94.7211742699146,402.674298495054,27.975420832634,86.362629532814,0,0,4.08576637506485,239.518277227879,15.0551826357841,14.253424435854,105.05116596818,7.86137536168098,285.347260594368,220.433297485113,22.9727887511253,215.485552191734,363.43146982789,11.6171482801437,300.975679516792,54.5232473611832,1.07285094261169,3.12530487775803,0.664358794689178,188.210453778505,50.9087958037853,10.5768562555313,19.7857387959957,1179.11684322357,24.5326194167137,3.68564641475677,27.8616037070751,607.382458597422,16.1504646241665,29.7909728288651,0,6.29092866182327,6.67863309383392,1807.61918231845,307.656298667192
27.3834750950336,11.1647599339485,290.136501342058,91.1609878540039,3002.47216251493,2849.07116824389,433.566687613726,525.054571479559,219.933467686176,903.135536491871,252.780854642391,391.240535587072,623.798514008522,197.774716645479,90.3803996741772,24.2123405337334,145.436706513166,43.6714951395988,18.5714677274227,160.26656511426,660.619297832251,19.1970604658127,731.701210707426,186.520897179842,3.5430725812912,143.14224678278,557.088976472616,502.476707220078,460.847150832415,801.721192389727,1.24305105209351,2981.56023907661,89.4516341686249,1206.37224152684,1188.65019121766,5045.73646482825,714.351730495691,787.546473026276,2395.18530011177,1504.00941446424,0,465.540055572987,146.958212375641,11.8405514359474,10.2603566050529,36.4597514867783,44.7865416407585,1.78165090084076,2.4720014333725,0,0.430139660835266,5.71841108798981,8.28451934456825,0.583535552024841,0,20.8524816036224,0,56.698249489069,10.2399339079857,2.06848967075348,8.31167253851891,18.3390012383461,3.29936277866364,8.94864892959595,29.6856101453304,2.03711372613907,0.485856264829636,0.558625459671021,11.060860902071,25.1941636800766,6.59409764409065,23.5414320230484,325.560065060854,1.22510349750519,9.9193617105484,34.9025488495827,140.989164352417,1.22692739963531,17.9259475469589,0,1.87199330329895,2.88115882873535,90.8735008835793,313.114796221256
2.78224340081215,769.693811416626,27.4935096502304,186.346175223589,40.545447319746,64.4320393204689,57.8476712703705,81.6228994131088,136.990288227797,308.853708177805,3282.14435064793,183.461342006922,8922.70375362039,86.5452906489372,110.826569765806,167.4979570508,17.6099047064781,7.66491407155991,6.76939612627029,189.126719802618,93.7108554542065,138.538882881403,211.290282189846,274.153947710991,2991.0227239728,38.3829973936081,137.39891898632,278.394402563572,91.7518832981586,67.7350829541683,23.3386576771736,165.55434024334,5.9870885014534,2119.16231808066,243.299208045006,5411.92279061675,2272.26043146849,1783.30069211125,1501.60095390677,1774.32374766469,465.540055572987,0,168.425858318806,43.3734804987907,4.67955708503723,15.4583668112755,364.889241337776,27.815567612648,27.5876097977161,0,0.601638913154602,0.698969304561615,27.9939535260201,0,5.74135303497314,21.8232285380363,11.9960201084614,12.5513987243176,65.1983661651611,48.9039034247398,15.7576952576637,181.116121351719,21.8991482853889,24.4236646294594,4.31680825352669,0,0,0,35.3923692107201,3.98747503757477,3.84960079193115,5.65202644467354,85.0760695040226,19.9431207180023,8.28851681947708,19.701265335083,68.0741731226444,5.9099346101284,0.739177703857422,12.154069006443,16.538844704628,0,57.3534706234932,93.6592434644699
7.35147151350975,52.3789653778076,245.666591078043,375.849555134773,18.9968723058701,100.447747856379,361.488889098167,149.443166047335,1328.88109737635,466.656171172857,27.6462532281876,242.523705095053,303.984498739243,105.73379611969,66.4656775891781,488.635156333447,26.1368581652641,1.62447667121887,2.01694518327713,322.096807599068,476.316773563623,217.822926521301,386.800760388374,3791.64495977759,29.3309671282768,61.3968856930733,2462.14320290089,2977.68549177051,272.921918660402,128.547227680683,1.93784037232399,11.1634067893028,35.9793430268764,258.978874385357,2010.5977679491,2726.57439306378,168.283249527216,214.279119670391,263.201038390398,623.90008571744,146.958212375641,168.425858318806,0,32567.3679586053,5376.86462748051,7967.9907810092,9696.70540603995,2842.98926469684,2276.82211858034,180.512989729643,121.867142468691,12502.7061514556,376.674392729998,91.630515307188,1796.16409137845,6914.50959903002,1932.3412026763,1030.45312151313,5774.92929115891,4765.44392482936,1181.59028181434,1154.07304123044,3187.22488978505,168.800468802452,9041.1568249166,2792.30683842301,2241.0014385283,2905.57984283566,487.736786574125,14839.1275068521,226.230892598629,39263.0530278385,6394.91037985682,157.053218215704,15328.2052601874,39578.5194915533,14058.7590211034,2680.25495180488,9150.56372356415,644.953490763903,2901.01023119688,117.217786431313,8017.38577607274,12420.7132461369
0.44917631149292,56.4367745816708,28.3083260953426,1.2840975522995,14.2173925042152,3.02561062574387,2.40376088023186,0,21.4080297350883,3.49815919995308,478.788034707308,2.5542711019516,1689.61311602592,2.50828111171722,15.8703960776329,160.559150129557,7.10514026880264,8.60416254401207,0.309733539819717,3.27860367298126,34.5374236404896,57.5032824277878,123.496868222952,59.2927673757076,163.381914913654,293.669259265065,1192.40390378237,47.2756286859512,6.92670577764511,9.78930711746216,155.375851482153,1.65241941809654,0,26.8538086116314,659.823317676783,92.4025792479515,243.7122592628,59.2622197568417,102.206575095654,22.1399109363556,11.8405514359474,43.3734804987907,32567.3679586053,0,2384.99799698591,15250.850546658,432.589850902557,229.396443128586,1357.87407553196,5.44590866565704,105.771014004946,1881.97576457262,4.19502490758896,0,18.973081022501,148.097760468721,44.943964868784,51.0496259629726,120.324594318867,5519.41683986783,22.4008464515209,3942.9460785985,80.8057917058468,11.422720849514,2415.56762483716,1622.07164898515,1745.85582405329,1380.60955439508,6.08120465278625,942.52251316607,80.9424189329147,6303.38350556791,408.919488549232,175.639600992203,13902.0544602871,8397.12312267721,719.334564983845,124.403429418802,303.930756688118,2499.69488173723,102.548456639051,2.28441479802132,3090.36539056897,1769.83753377199
0,11.521113306284,119.027485311031,50.8192849457264,9.06441360712051,8.32505613565445,33.9800060391426,12.6605570912361,160.434052973986,45.8954986333847,11.8786152601242,35.710675239563,87.9261619746685,4.50906866788864,9.29742181301117,90.4086304008961,15.9782828986645,4.02963402867317,2.07280090451241,39.1828236281872,130.670828133821,36.597138106823,114.509784966707,504.674863547087,26.9242882430553,101.26798120141,1378.37364928424,380.496781438589,40.8806657195091,21.0951777100563,10.90085247159,0,8.17130380868912,26.7476747334003,178.674077242613,173.024530738592,19.897930085659,32.5725442767143,53.3219054341316,83.4514630138874,10.2603566050529,4.67955708503723,5376.86462748051,2384.99799698591,0,6983.69141957164,314.198295593262,452.863258808851,1119.79427543283,422.343563735485,60.4077721834183,8548.22433018684,72.5026413798332,6.93326485157013,250.014280438423,2590.96851830184,2004.55109474063,154.300219267607,1230.11542196572,6251.81783752143,296.215189218521,804.532999843359,2605.79429751635,34.4522114694118,716.429491847754,2970.77945742011,5654.68114928901,2607.82489413023,89.2503092586994,18692.8934471011,56.8958876430988,27819.4010701627,940.780439198017,176.289724767208,10257.1286837906,18731.0358653367,3609.1547870934,1723.51667270064,9707.74369679391,633.030307143927,362.354358255863,332.003957599401,5140.31763741374,559.428877681494
0,17.3315760493279,156.562687546015,26.3629468381405,110.557477772236,6.80800533294678,27.6782315373421,4.32134461402893,65.9444625079632,27.2458041012287,19.5591366291046,20.5779654383659,56.4626279473305,4.62260639667511,86.7809133529663,99.1052301824093,28.6130904555321,5.05903598666191,5.03964841365814,14.4595940411091,182.43093302846,28.5345943570137,355.219043254852,180.651728749275,12.0652988553047,64.3323358595371,1231.23503965139,169.726564735174,21.0151307284832,54.5457641482353,5.47538483142853,1.08634698390961,4.42544478178024,26.8886922597885,3648.99296799302,227.234896749258,176.107162714005,25.9016135931015,395.805292278528,94.7211742699146,36.4597514867783,15.4583668112755,7967.9907810092,15250.850546658,6983.69141957164,0,1810.55286422372,1656.29636862874,861.876957297325,90.4777222275734,43.9193361401558,6942.28733429313,29.8786410689354,4.8733783364296,59.2239829003811,786.706663101912,560.160580009222,51.3928741514683,350.081105440855,1783.48246003687,45.4619999229908,218.62534403801,676.315428972244,17.4394797682762,1035.18049252033,1596.79146075249,2237.07121890783,2228.99113327265,30.9140122532845,5706.606739223,32.0614953041077,18505.6220407635,360.750197410583,26.9197975993156,8432.3554713428,18126.6785811484,1142.02477914095,354.304538995028,1914.85051965714,359.093909054995,37.9901000261307,58.6706568002701,4886.77320206165,5440.19350299239
1.41104984283447,2.5656909942627,1.8841401040554,378.757552564144,47.671321362257,57.1234128475189,81.1229415535927,35.2422950863838,350.048794984818,333.712411403656,11.6135476827621,184.701793193817,385.02578291297,13.6385008096695,113.273747265339,13.3242784738541,3.81140804290771,0,0,268.479519069195,33.0690293908119,9.11072137951851,13.5495726764202,623.553842157125,5.78562891483307,2.5069751739502,23.2309912443161,575.090098768473,24.5694096386433,12.4481340050697,0,5.75131303071976,4.23167514801025,55.9203128218651,71.1595188379288,260.106224268675,23.5377504229546,25.076112806797,63.6650286316872,402.674298495054,44.7865416407585,364.889241337776,9696.70540603995,432.589850902557,314.198295593262,1810.55286422372,0,1228.96613240242,438.424893975258,39.6101033687592,49.5396375060081,114.758319616318,170.435209095478,10511.4231485724,5199.45959055424,1102.79599505663,1792.66312476993,1291.15549343824,1656.98766291142,310.383834034204,1563.65673828125,253.306137919426,1480.08001163602,8306.37006404996,244.041466802359,62.9454307854176,56.30185303092,25.9775297641754,205.110381126404,1578.65975087881,55.8489167392254,2276.77003413439,650.370392501354,37.002965003252,159.081250339746,707.431920170784,1493.90053915977,496.511799275875,1094.81538784504,16.8488842248917,1310.56025376916,30.7512974143028,4030.94750159979,276.807083666325
0,0,5.56105798482895,37.9635843634605,0.713441848754883,10.5803328156471,54.3518853485584,3.21121388673782,115.514978408813,28.1222569346428,1.46662926673889,38.7368445694447,15.6619921922684,0.538774311542511,9.15633165836334,6.79136115312576,0.828350841999054,0,0,49.956185400486,35.0694119334221,4.07956662774086,39.4120115935802,364.902637183666,0,5.79411685466766,21.9457107782364,348.766915947199,11.7222746610641,4.07901561260223,0,0,2.53762090206146,13.5530198514462,227.644412428141,68.1647203564644,19.7388091087341,10.7002092599869,19.1288668513298,27.975420832634,1.78165090084076,27.815567612648,2842.98926469684,229.396443128586,452.863258808851,1656.29636862874,1228.96613240242,0,71.5719909369946,27.8822231590748,0.750748157501221,62.7061317265034,69.8732816278934,6479.74548190832,2491.38627785444,1044.77113369107,501.313839018345,163.921682208776,1429.66934147477,215.997580498457,322.433024823666,63.2638502418995,256.204020440578,81.2994845509529,50.9950056970119,26.2676882147789,46.298225581646,22.1256119012833,119.180624037981,427.567461103201,4.31722304224968,400.600867241621,335.103635430336,9.0256455540657,118.252602428198,151.992650181055,994.420315355062,366.63397860527,755.179474323988,10.7490364611149,10446.0602414906,25.3255010247231,3022.65214911103,772.936645150185
0,27.1487412452698,0,27.2212167084217,1.89204570651054,3.90998724102974,2.3318727016449,4.26194557547569,10.3442884683609,24.6260446310043,122.937061876059,15.7770932614803,904.006128430367,3.94100069999695,13.3719663321972,8.33394396305084,0,0,0,19.8413700461388,5.94984436035156,2.65872859954834,3.86240488290787,29.5409799814224,78.9245633482933,8.67253729701042,19.8920303583145,35.2029315531254,2.32214546203613,1.45637130737305,24.1344600021839,3.49239209294319,0,25.1120894551277,16.1759737730026,21.9960007965565,100.897223174572,26.6234220862389,12.6070271134377,86.362629532814,2.4720014333725,27.5876097977161,2276.82211858034,1357.87407553196,1119.79427543283,861.876957297325,438.424893975258,71.5719909369946,0,0,285.790714383125,17.9263752698898,8.40974846482277,3.08249223232269,18.4391007423401,36.4841745495796,13.7196774482727,70.6581757366657,77.0629723072052,2703.77442669868,27.9469999969006,2767.87185016274,31.4443545639515,20.6526899933815,12.5416194498539,6.07336550951004,9.89582788944244,3.90227437019348,24.3843771219254,17.1457425653934,66.618377417326,34.2114050984383,82.1622469723225,1198.76939338446,42.1885657012463,58.9448517262936,48.1681891083717,150.207600921392,18.8125214576721,35.8983246684074,128.638844966888,0,5448.94076558948,54.3987286686897
0,0,1.24874460697174,0.790818393230438,0,0,0,0,0,0,0,0,0.523178100585938,0.546110391616821,0,0.460101187229156,0,0,0,0,1.3372540473938,0.488512367010117,2.17968899011612,9.27865666151047,0,0,7.5125846862793,5.75932195782661,0,0,0,0,0,0,0,0.61207515001297,0,0,1.08444821834564,0,0,0,180.512989729643,5.44590866565704,422.343563735485,90.4777222275734,39.6101033687592,27.8822231590748,0,0,0,96.3969160616398,1.10268411040306,0,51.9043596982956,4720.02294892073,1549.03514125943,0.542285621166229,50.1587451696396,69.7778439223766,6.11404007673264,3.31306952238083,9665.40769955516,12.5234878063202,2.51546931266785,150.771920144558,28.2791491448879,32.0976624786854,0.595565676689148,77.2745635211468,0,318.393728941679,29.3778846561909,0,52.5131740272045,85.6022811233997,99.4608318507671,5954.25030395389,5392.71599930525,1.63644647598267,12.4459544122219,36.7454390525818,847.610141426325,61.9579199552536
0,1466.80991077423,112.136572629213,0,0,0,1.52017587423325,0,40.1680849194527,1.44877791404724,75.3255773186684,0,374.586418628693,0,0.457608044147491,90.9920510053635,39.9402914643288,11.8161360025406,1.8056792318821,2.0967692732811,10.6766582727432,262.673797219992,44.8740957379341,75.3121053576469,590.763431549072,474.927310228348,11191.1768653989,15.2869894504547,0,0.680484294891357,89.565501332283,0,0,9.56245571374893,0,80.9655483961105,137.451001554728,38.7636721730232,40.3016131818295,0,0.430139660835266,0.601638913154602,121.867142468691,105.771014004946,60.4077721834183,43.9193361401558,49.5396375060081,0.750748157501221,285.790714383125,0,0,60.5922746062279,11.9003874063492,12.0254321098328,3.09279689192772,2.08637097477913,0,2168.27958723903,1.92068621516228,103.404974251986,24.5888118743896,1608.80117145181,1.59563785791397,175.133287906647,688.097256720066,16.8469335138798,7.20748472213745,16.906585931778,2.14679503440857,74.0776246190071,2350.95875543356,129.083930969238,2131.8083460331,1904.88554129004,339.10133805871,13516.0107962191,159.284997791052,7.53852504491806,1.45262932777405,63.3025361895561,1.52530777454376,0,179.809327661991,2.70461392402649
0.92095410823822,96.5229099988937,2515.60657784343,0,6.50218689441681,0,1.01400712132454,0,14.6251700222492,1.42824196815491,5.44432002305984,0,3.88438999652863,0.412403970956802,2.64112865924835,205.968602895737,526.801386684179,21.8113703429699,116.050962209702,0,74.534779727459,89.0587215721607,611.644172459841,132.404781877995,10.7109747827053,708.431572884321,14777.4327643812,75.5585384964943,4.47469210624695,9.67932683229446,0.745148897171021,0,0,49.2170782983303,250.208829849958,273.534525126219,169.715136408806,149.324505150318,143.805265963078,4.08576637506485,5.71841108798981,0.698969304561615,12502.7061514556,1881.97576457262,8548.22433018684,6942.28733429313,114.758319616318,62.7061317265034,17.9263752698898,96.3969160616398,60.5922746062279,0,1.43926614522934,0,33.8086675107479,872.056480228901,1064.61943408847,4.27479019761086,10.4700159430504,294.406681641936,1.34692028164864,9.29180771112442,1166.60140877962,2.64258313179016,92.4108704328537,33218.5857686102,819.396984517574,5406.34838438034,0,3183.27496951818,12.0701148808002,42738.7638771534,68.4563554227352,2.49370968341827,25449.7803798467,40223.8224472255,519.674160778522,213.72569796443,1603.65821418166,7.54942551255226,9.08626171946526,18.9247750639915,2546.1080866605,835.991010278463
0,0.438531488180161,0,1550.28323483467,38.5507335066795,51.816140294075,142.888045281172,18.7984546720982,801.428534239531,658.965077996254,2.47534769773483,610.793200701475,25.2559758424759,10.916364222765,151.805254727602,1.72738492488861,0,0,0,1023.97637185454,4.50062838196754,4.3140983581543,1.01372089982033,1216.17240431905,1.69080686569214,0.467257976531982,2.18526944518089,741.795726567507,11.6098576188087,1.3264873623848,0,2.23747476935387,2.16439539194107,16.1640129983425,5.74723064899445,71.6508868038654,1.94787883758545,10.2400552332401,6.87289133667946,239.518277227879,8.28451934456825,27.9939535260201,376.674392729998,4.19502490758896,72.5026413798332,29.8786410689354,170.435209095478,69.8732816278934,8.40974846482277,1.10268411040306,11.9003874063492,1.43926614522934,0,17.6937720775604,348.225460141897,428.765810698271,65.1098619103432,2608.73288401961,5515.34694001079,48.8839698135853,8665.69083198905,18.6463581621647,107.475597530603,255.292819142342,2.51586094498634,0,5.77495729923248,0.667765200138092,30532.9227973223,7.22834274172783,30.6233325898647,1.63648137450218,7458.86757105589,4.67108225822449,3.91889557242393,19.0732491016388,4597.66285437346,85.5665065348148,9.7668162882328,0,38.9997015297413,0.321042418479919,245.592707335949,50.877156406641
0,0,1.58979964256287,28.2327142953873,3.24670594930649,0,2.0601202249527,0,36.3755834102631,9.73516714572906,0.71116179227829,3.74042904376984,0,0.541723310947418,4.15722572803497,0,0,0,0,12.9603472948074,0,0,1.91232514381409,14.0177809000015,0,0,1.64917820692062,10.7498388886452,1.15354835987091,0,0,0,0,0,96.6833427548409,4.48641210794449,0,1.26937568187714,1.17028522491455,15.0551826357841,0.583535552024841,0,91.630515307188,0,6.93326485157013,4.8733783364296,10511.4231485724,6479.74548190832,3.08249223232269,0,12.0254321098328,0,17.6937720775604,0,2192.63836061954,14.6171140372753,56.2922849655151,316.910489439964,40.690562069416,5.20600181818008,102.596426397562,4.11306774616241,4.2742195725441,5991.73082453012,4.39195626974106,1.09701693058014,0,0.225003242492676,15.6765369176865,22.7450003027916,33.7591331601143,39.1697616577148,127.309396088123,1.66240632534027,0.978272020816803,15.5487249195576,39.0120767951012,4.34129559993744,19.7201427817345,0,827.146278262138,0,462.352408230305,772.57044711709
0,0,0.874962627887726,54.6394326984882,4.41255953907967,1.71977758407593,7.3853178024292,0,87.7449106574059,16.975539624691,0,64.1546624898911,15.7317310571671,0,11.5460692942142,0.445860236883163,0,0,0,16.2005913555622,0,1.01595962047577,2.81133019924164,87.3600804507732,0.416172116994858,0,0.392735600471497,55.8989317119122,0,0,0,0.418038904666901,0,2.20411825180054,238.982409954071,11.6756236553192,1.1605703830719,3.40149587392807,15.5652325153351,14.253424435854,0,5.74135303497314,1796.16409137845,18.973081022501,250.014280438423,59.2239829003811,5199.45959055424,2491.38627785444,18.4391007423401,51.9043596982956,3.09279689192772,33.8086675107479,348.225460141897,2192.63836061954,0,4447.87866437435,12188.959290877,240.884101197124,48037.6272771806,550.336218804121,13858.1756315529,55.0657993257046,3445.6197271049,4733.6642677784,2.69247725605965,8.94514977931976,67.1811810731888,4.60411378741264,653.131085127592,68.7538399249315,7.62019628286362,84.0492824614048,442.798763990402,2.58432778716087,64.1197669804096,14.6225614249706,2839.37725427747,888.514078319073,242.779197096825,17.3361818492413,1211.31183949113,6.69489097595215,673.312079578638,2857.69932070374
0,1.19453370571136,4.96485489606857,261.681999772787,8.19713827967644,67.2115961611271,115.694187879562,46.1203624010086,326.826068013906,413.723506748676,0,94.0711926817894,29.7506881058216,38.0963615775108,10.6414887011051,13.552117139101,0,0,0,181.126176327467,42.5284513831139,4.00754135847092,21.5206344425678,752.836162388325,0,0,72.3420046567917,758.968941539526,52.3902489542961,5.79538774490356,0,1.995476603508,6.24786171317101,54.402935475111,62.2506288290024,312.10969877243,4.99340349435806,40.6482449769974,24.785232424736,105.05116596818,20.8524816036224,21.8232285380363,6914.50959903002,148.097760468721,2590.96851830184,786.706663101912,1102.79599505663,1044.77113369107,36.4841745495796,4720.02294892073,2.08637097477913,872.056480228901,428.765810698271,14.6171140372753,4447.87866437435,0,25998.3375629187,582.632229954004,10986.1166419387,1646.84321211278,119.488908067346,75.6164381206036,44637.1844976246,328.837188124657,76.3045463562012,497.18706715107,373.919937044382,149.793869033456,91.7318661212921,3389.24176117778,12.3219865858555,3033.49703109264,5154.06064206362,6.32329532504082,389.695040106773,406.661560833454,58524.2805260122,4022.17503264546,19247.5730312765,22.6526136696339,588.371895283461,263.822892636061,4373.99100193381,1734.11548119783
0,0,0.652474641799927,27.3566669523716,0.391043931245804,4.10695764422417,10.7373868823051,2.70749306678772,48.493342757225,11.5514941215515,0,20.1164734065533,5.22011297941208,0,3.33259570598602,0.990761756896973,0,0,0,15.1423415243626,3.7866530418396,0.642523050308228,0.813338905572891,101.949239999056,0,0,18.4809814989567,72.287934333086,5.51630678772926,0.469164282083511,0,0,0,0.562414228916168,1.44087672233582,12.5745348334312,0.400438368320465,0.389099329710007,3.2939465045929,7.86137536168098,0,11.9960201084614,1932.3412026763,44.943964868784,2004.55109474063,560.160580009222,1792.66312476993,501.313839018345,13.7196774482727,1549.03514125943,0,1064.61943408847,65.1098619103432,56.2922849655151,12188.959290877,25998.3375629187,0,65.7207610011101,18896.6797209531,226.055014908314,1837.37269614637,27.1845997869968,31580.9694859385,405.660576611757,10.3559339344501,558.628868162632,26.7398980259895,112.707694083452,302.555420279503,903.890349209309,1.46115332841873,2494.86820018291,428.464177906513,2.81009939312935,185.324059963226,417.574948191643,2403.12478280067,1309.30288057029,6184.20841801167,8.72348073124886,360.66453397274,106.515509605408,2202.50687910616,177.680974841118
4.16775050759315,28.5912201404572,20.3545714914799,1077.39110469818,51.5794942975044,129.541561603546,255.456210881472,187.838983029127,4682.88496717811,950.797704279423,89.9465352892876,289.708226114511,202.908841431141,178.925775557756,143.807330280542,150.963153660297,1.7602179646492,3.78112328052521,0,431.2285592556,310.971202492714,138.094696134329,83.671531111002,3348.96799778938,123.994273930788,19.1604033708572,121.403892368078,1708.29037189484,183.734632730484,76.2901366651058,12.0622131228447,81.570923358202,19.9983926415443,152.78394395113,56.918128490448,716.663782298565,50.6072097718716,84.3057840764523,46.9614323973656,285.347260594368,56.698249489069,12.5513987243176,1030.45312151313,51.0496259629726,154.300219267607,51.3928741514683,1291.15549343824,163.921682208776,70.6581757366657,0.542285621166229,2168.27958723903,4.27479019761086,2608.73288401961,316.910489439964,240.884101197124,582.632229954004,65.7207610011101,0,1548.12123075128,145.092625468969,1587.22213846445,690.153160780668,169.71641600132,3547.36269596219,123.03234821558,2.17277371883392,34.1346914470196,3.4515535235405,961.756170451641,65.3554930388927,8648.94440573454,13.1795068979263,33195.5745226443,925.52450171113,152.355177372694,4799.7480006814,5221.6921954155,199.734210729599,35.0545154213905,16.3946887254715,105.135445892811,22.0513496398926,340.102486282587,166.604913651943
0,0,0,1110.77037894726,29.8538264334202,49.6811002492905,182.508404880762,21.7678004205227,806.596784681082,533.666512280703,0.504465341567993,326.913113623857,70.9127646386623,0.81743711233139,116.161724865437,0.348115563392639,0,0,0,662.345219433308,3.26311361789703,3.20954948663712,0.759063601493835,1261.0097091496,2.10961276292801,0,1.00910177826881,1088.35086727142,2.56219273805618,1.40092569589615,0,0,0,11.3480621874332,19.7045562267303,61.7749778628349,2.45501095056534,9.30210489034653,10.592920511961,220.433297485113,10.2399339079857,65.1983661651611,5774.92929115891,120.324594318867,1230.11542196572,350.081105440855,1656.98766291142,1429.66934147477,77.0629723072052,50.1587451696396,1.92068621516228,10.4700159430504,5515.34694001079,40.690562069416,48037.6272771806,10986.1166419387,18896.6797209531,1548.12123075128,0,2665.66103030741,11815.5248705745,177.789280533791,8056.03904077411,790.076350271702,13.7609901726246,4.22866705060005,356.0656747967,15.2445780038834,11714.2787265927,45.3724015057087,6.32318365573883,29.2870160341263,3120.79285386205,13.3346088826656,251.964906767011,24.7535812854767,25190.22000359,3414.06677846611,235.996222198009,25.4171283841133,1377.6269685626,7.32778111100197,4279.14433550835,539.154129862785
0,52.7425136566162,3.49614915251732,8.65376713871956,2.46914279460907,0,0,0,96.3029339015484,1.9989418387413,1347.26682949066,8.08023577928543,4528.59838435054,1.72634124755859,1.15688443183899,4.39152041077614,0,39.4703817665577,0,2.10898160934448,1.43949565291405,6.90293824672699,1.62259858846664,25.0121183395386,549.981570094824,1145.02844533324,774.352946788073,5.89549377560616,2.29580628871918,0,923.517007440329,3.93785089254379,0,39.0470873117447,49.2086839079857,13.0862290263176,467.061808437109,116.005811154842,30.3609653115273,22.9727887511253,2.06848967075348,48.9039034247398,4765.44392482936,5519.41683986783,6251.81783752143,1783.48246003687,310.383834034204,215.997580498457,2703.77442669868,69.7778439223766,103.404974251986,294.406681641936,48.8839698135853,5.20600181818008,550.336218804121,1646.84321211278,226.055014908314,145.092625468969,2665.66103030741,0,1132.62922167778,8771.92788931727,774.742851272225,41.0291227996349,14.8762080818415,261.187037914991,9888.42379999161,1222.45897233486,223.329672664404,793.192360460758,27.3845537602901,912.996259823442,296.809473142028,1233.81571981311,2455.78147378564,521.442640811205,933.869379341602,5548.75226505101,1214.65021668375,582.064138203859,3031.27225279808,117.931338533759,11693.8854835033,222.577953517437
0.44910854101181,0.400650352239609,0,584.609377741814,16.3751986026764,34.7322402000427,16.3958237171173,17.3004052937031,334.812220692635,282.861087471247,9.1412193775177,1369.15986213088,18.0467313230038,13.3084317147732,99.8642994761467,0,0,0,0,304.883183270693,1.06405138969421,2.20748579502106,1.21083599328995,524.220967948437,0.700790226459503,0.334930270910263,5.41909283399582,127.596780359745,12.913349121809,0,0,9.93363237380981,1.43288028240204,7.41146633028984,529.012466967106,44.9064148068428,2.90144997835159,3.64875429868698,2.61571973562241,215.485552191734,8.31167253851891,15.7576952576637,1181.59028181434,22.4008464515209,296.215189218521,45.4619999229908,1563.65673828125,322.433024823666,27.9469999969006,6.11404007673264,24.5888118743896,1.34692028164864,8665.69083198905,102.596426397562,13858.1756315529,119.488908067346,1837.37269614637,1587.22213846445,11815.5248705745,1132.62922167778,0,95.5135290324688,3150.18802326918,2581.95613494515,1.68506073951721,1.27863872051239,153.765216678381,8.71993716061115,17963.8302351832,4.28229197859764,45.111189186573,5.69544890522957,500.321653813124,13.9128876030445,124.950786441565,52.0978579223156,748.553322404623,1483.58438399434,28.8331464529037,19.140456199646,597.210985422134,2.92396509647369,1220.06941369176,3237.04950925708
0.612680971622467,147.83391007781,3.17183846235275,59.4739055931568,19.5265049934387,20.0154002606869,13.7700764834881,10.2573323845863,32.9161728024483,74.2603590190411,3384.6362066865,42.5458797514439,11983.9156409502,20.9597065746784,32.5249976813793,130.747759342194,0,50.9618125557899,0,57.7780566215515,24.6057367622852,45.493990957737,91.3223128914833,88.035110771656,2855.72052690387,2951.61776304245,2596.18923473358,93.0657752752304,28.1931535601616,7.98958498239517,2406.44120624661,33.8882834017277,3.02847051620483,104.152295589447,10.7118371725082,102.530158519745,1414.07542139292,213.401217669249,51.1960422992706,363.43146982789,18.3390012383461,181.116121351719,1154.07304123044,3942.9460785985,804.532999843359,218.62534403801,253.306137919426,63.2638502418995,2767.87185016274,3.31306952238083,1608.80117145181,9.29180771112442,18.6463581621647,4.11306774616241,55.0657993257046,75.6164381206036,27.1845997869968,690.153160780668,177.789280533791,8771.92788931727,95.5135290324688,0,89.76153627038,62.6020079553127,101.03882598877,0.510304093360901,7.64120942354202,0.50749284029007,44.6192264854908,18.3690424859524,601.320438623428,22.612323820591,545.696403175592,13068.2039871514,128.364254832268,2467.23526516557,93.2858671545982,902.734191358089,14.1116560697556,1734.17042693496,512.836006343365,0.450188934803009,6515.41784632206,24.7269379496574
0,2.68360304832458,3.91374778747559,16.3114352226257,1.49444463849068,0,7.73173373937607,0.846585214138031,124.440358787775,1.52509069442749,0,42.4932058155537,18.3091524243355,0,3.9870737195015,2.55822703242302,0,0,0,15.4926474094391,6.06209075450897,1.58673226833344,5.04892408847809,180.518757045269,0,0,60.6229025423527,71.7679709196091,4.5714253783226,1.8143618106842,0,0,0,1.85559946298599,16.0179907679558,19.9819962978363,1.58402013778687,1.50530540943146,4.37896364927292,11.6171482801437,3.29936277866364,21.8991482853889,3187.22488978505,80.8057917058468,2605.79429751635,676.315428972244,1480.08001163602,256.204020440578,31.4443545639515,9665.40769955516,1.59563785791397,1166.60140877962,107.475597530603,4.2742195725441,3445.6197271049,44637.1844976246,31580.9694859385,169.71641600132,8056.03904077411,774.742851272225,3150.18802326918,89.76153627038,0,204.649885863066,6.6678618490696,875.765425354242,111.866070702672,230.79314558208,492.298537254333,883.882930994034,2.7454514503479,3125.67475280166,459.59368211031,0.879944145679474,321.801182582974,592.402336448431,2060.62246954441,16752.2352731824,14974.915517211,18.5880500376225,540.601159662008,243.762379795313,3845.07374374568,285.062384843826
0,0,9.4437370300293,342.581010133028,36.517657995224,27.8979325890541,41.3006269037724,19.3562651276588,344.538462460041,323.329844862223,6.65292662382126,169.537357360125,27.8236140608788,8.2553745508194,127.531024813652,7.91345036029816,6.90070468187332,1.9872567653656,0.518554925918579,258.927343636751,30.1997165083885,1.19813287258148,64.8992176055908,332.777085393667,4.34024983644485,6.32667142152786,27.6864589452744,274.605433404446,10.4819665849209,6.85337093472481,0,2.74660915136337,0.792848944664001,18.508319735527,323.339391648769,79.5745531320572,32.1403236985207,8.39281359314919,52.506454885006,300.975679516792,8.94864892959595,24.4236646294594,168.800468802452,11.422720849514,34.4522114694118,17.4394797682762,8306.37006404996,81.2994845509529,20.6526899933815,12.5234878063202,175.133287906647,2.64258313179016,255.292819142342,5991.73082453012,4733.6642677784,328.837188124657,405.660576611757,3547.36269596219,790.076350271702,41.0291227996349,2581.95613494515,62.6020079553127,204.649885863066,0,27.6499391794205,11.2382744848728,4.20046183466911,2.22617000341415,283.497174620628,226.70758497715,318.411503940821,149.620811998844,1482.87363964319,64.8036222159863,4.40800109505653,333.024990022182,805.884040415287,97.9820062220097,361.324763029814,3.27752020955086,196.153136700392,6.56243681907654,224.397038310766,818.128229498863
1.59217411279678,64.3851150274277,102.957020401955,16.1224910616875,13.3560952544212,16.1172105371952,59.0993565917015,29.189052015543,761.622352808714,19.6617527604103,7.96020931005478,11.3596237301826,22.7187961041927,41.5377584695816,17.4217970967293,11596.7175156474,44.2337613105774,0,1.34478235244751,9.38425260782242,2789.73216539621,2353.42478638887,6328.04269054532,3171.34958848357,5.26271986961365,4.19953855872154,7064.12758073211,1281.91504091024,79.2037437260151,96.9411827325821,0,12.8798643946648,10.9933657348156,82.4953310191631,142.66866517067,635.571328222752,259.812372297049,180.028635859489,188.91787597537,54.5232473611832,29.6856101453304,4.31680825352669,9041.1568249166,2415.56762483716,716.429491847754,1035.18049252033,244.041466802359,50.9950056970119,12.5416194498539,2.51546931266785,688.097256720066,92.4108704328537,2.51586094498634,4.39195626974106,2.69247725605965,76.3045463562012,10.3559339344501,123.03234821558,13.7609901726246,14.8762080818415,1.68506073951721,101.03882598877,6.6678618490696,27.6499391794205,0,25.4247776865959,15.4102617651224,14.3772863298655,0,7593.29641968012,5350.8687273562,8772.01807001233,5630.88299566507,123.110401749611,62.5189832150936,11946.8425440788,5265.90136790276,6.13333907723427,34.0243711471558,1.47808116674423,4.77170610427856,1.22859019041061,148.326724588871,1257.16650149226
0,12.584148645401,203.685109823942,0,1.56974714994431,0,0,0,5.58053755760193,0,0,0,1.74248802661896,0,0,16.636653482914,25.9249759316444,0,5.03797751665115,0,3.06591027975082,6.57981371879578,27.2721099853516,4.81940022110939,4.24991869926453,66.0665435492992,1517.52312475443,5.21225792169571,0,0,0,0,0,2.49399992823601,35.7636405825615,21.2399114370346,11.867715805769,8.01649913191795,12.9398644566536,1.07285094261169,2.03711372613907,0,2792.30683842301,1622.07164898515,2970.77945742011,1596.79146075249,62.9454307854176,26.2676882147789,6.07336550951004,150.771920144558,16.8469335138798,33218.5857686102,0,1.09701693058014,8.94514977931976,497.18706715107,558.628868162632,2.17277371883392,4.22866705060005,261.187037914991,1.27863872051239,0.510304093360901,875.765425354242,11.2382744848728,25.4247776865959,0,742.172505483031,10007.3971382231,0.36016970872879,1837.18995454907,6.53522419929504,13106.0770613402,34.1766222715378,6.40226864814758,20955.1503712535,17141.9646188021,223.143954902887,192.153344750404,3762.48347142339,2.33126628398895,8.4161102771759,20.3767270743847,6432.71942681074,154.579099535942
0,1.0873658657074,11.0490302294493,0,1.23022723197937,0,0,0,15.9852516055107,0,10.5964400172234,1.17551702260971,7.76228666305542,0,4.12801021337509,0,0,1.45990812778473,0,0,0,0.990694895386696,0.628975719213486,0,7.67350006103516,51.5309089720249,174.516508564353,0,1.72504848241806,0,9.12586256861687,0,0,0,38.1327364146709,5.58942526578903,8.8950671851635,0.78247743844986,12.333180308342,3.12530487775803,0.485856264829636,0,2241.0014385283,1745.85582405329,5654.68114928901,2237.07121890783,56.30185303092,46.298225581646,9.89582788944244,28.2791491448879,7.20748472213745,819.396984517574,5.77495729923248,0,67.1811810731888,373.919937044382,26.7398980259895,34.1346914470196,356.0656747967,9888.42379999161,153.765216678381,7.64120942354202,111.866070702672,4.20046183466911,15.4102617651224,742.172505483031,0,10471.9625830054,40.0018911063671,904.181364893913,3.44657301902771,1532.92084799707,70.8836073577404,6.24957394599915,4664.52919398248,1631.80970273912,237.900929421186,259.580936938524,806.003741726279,8.52733650803566,158.575969070196,46.567832455039,4976.60911539197,142.721329540014
0,10.5947376489639,53.6977553367615,0,0,0,0,0,1.34898018836975,0,1.39864432811737,0,3.71741652488708,0,1.92866525053978,0.595624983310699,5.14128246903419,2.93634662032127,1.49886205792427,0,0,1.71009683609009,5.16650059819221,0,1.12965273857117,57.0935966968536,416.61453717947,0,0,0,1.3954644203186,0,0,0,59.3978931605816,1.40242213010788,3.27900069952011,0.689093708992004,13.3400011062622,0.664358794689178,0.558625459671021,0,2905.57984283566,1380.60955439508,2607.82489413023,2228.99113327265,25.9775297641754,22.1256119012833,3.90227437019348,32.0976624786854,16.906585931778,5406.34838438034,0.667765200138092,0.225003242492676,4.60411378741264,149.793869033456,112.707694083452,3.4515535235405,15.2445780038834,1222.45897233486,8.71993716061115,0.50749284029007,230.79314558208,2.22617000341415,14.3772863298655,10007.3971382231,10471.9625830054,0,3.17018190026283,766.302604749799,0.655037522315979,2574.89090886712,16.0479995459318,8.10856321454048,23961.3675819188,4786.05740867555,93.1291170269251,52.273816332221,1111.35553281009,5.47663083672523,2.77691498398781,9.42672249674797,3642.61020027101,167.593631029129
0,0,0,1028.48191559315,33.8886579573154,35.5288672447205,59.0317206382751,27.331690788269,309.289416193962,747.332456052303,4.09412312507629,341.210902869701,39.1691725552082,15.9543055295944,81.8308827579021,0,0,0,0,401.591768562794,0.471514523029327,0,0,761.006356328726,1.03944313526154,0,1.06057488918304,434.113927662373,9.24158257246017,0,0,3.30989953875542,0,16.4311957657337,3.80857306718826,58.3031455874443,8.02258598804474,8.20871025323868,6.26958239078522,188.210453778505,11.060860902071,35.3923692107201,487.736786574125,6.08120465278625,89.2503092586994,30.9140122532845,205.110381126404,119.180624037981,24.3843771219254,0.595565676689148,2.14679503440857,0,30532.9227973223,15.6765369176865,653.131085127592,91.7318661212921,302.555420279503,961.756170451641,11714.2787265927,223.329672664404,17963.8302351832,44.6192264854908,492.298537254333,283.497174620628,0,0.36016970872879,40.0018911063671,3.17018190026283,0,4.12774002552032,7.42513644695282,2.74761617183685,943.964996486902,8.42338025569916,29.6066151857376,5.97801277041435,1860.14567124844,244.355205744505,17.7172084748745,3.87054628133774,104.735773950815,0.438560783863068,486.230560779572,38.8975745141506
1.63249552249908,5.00236773490906,49.161954253912,13.4707839488983,20.9130256175995,4.04569324851036,48.4984715878963,4.63886627554893,468.899032026529,10.4503281414509,1.04867732524872,4.41654199361801,10.9737712144852,14.8217395246029,24.5183051228523,1068.8858500421,5.5910512804985,0,0,7.91691148281097,1542.91951683164,179.052547305822,769.011640012264,1460.01280191541,1.41508832573891,1.61910447478294,599.140444219112,909.179719954729,85.4678355157375,79.6941031813622,0,2.43602532148361,15.1467559635639,58.0304383933544,514.330410897732,372.481065094471,45.1840182840824,67.6323069930077,102.085722833872,50.9087958037853,25.1941636800766,3.98747503757477,14839.1275068521,942.52251316607,18692.8934471011,5706.606739223,1578.65975087881,427.567461103201,17.1457425653934,77.2745635211468,74.0776246190071,3183.27496951818,7.22834274172783,22.7450003027916,68.7538399249315,3389.24176117778,903.890349209309,65.3554930388927,45.3724015057087,793.192360460758,4.28229197859764,18.3690424859524,883.882930994034,226.70758497715,7593.29641968012,1837.18995454907,904.181364893913,766.302604749799,4.12774002552032,0,434.146795600653,64571.4920740873,1277.11964654922,13.0592402219772,1057.28235118091,4202.05054238439,7492.8756197989,187.660817623138,36039.1371541619,8.46571792662144,29.7393088638783,18.9796496927738,18256.328064248,6251.90042185783
0,135.969159424305,33.8198125362396,9.80008494853973,0.49545082449913,2.46036377549171,23.4960383176804,7.31585940718651,512.054304242134,15.3399138152599,26.1448146700859,3.08578479290009,149.18854740262,9.69741895794868,3.87536305189133,2024.16889339685,4.76020246744156,1.99233087897301,2.69478523731232,8.28110003471375,690.532963305712,1480.82968884706,930.527389168739,1052.74120292068,73.8870028853416,41.4091148376465,2700.03029856086,368.930116117001,18.1403461396694,19.8171148598194,25.9228253662586,2.17058062553406,0.8195680975914,7.75972586870193,5.81490510702133,121.077096283436,72.6634593904018,38.5976794958115,25.1632822155952,10.5768562555313,6.59409764409065,3.84960079193115,226.230892598629,80.9424189329147,56.8958876430988,32.0614953041077,55.8489167392254,4.31722304224968,66.618377417326,0,2350.95875543356,12.0701148808002,30.6233325898647,33.7591331601143,7.62019628286362,12.3219865858555,1.46115332841873,8648.94440573454,6.32318365573883,27.3845537602901,45.111189186573,601.320438623428,2.7454514503479,318.411503940821,5350.8687273562,6.53522419929504,3.44657301902771,0.655037522315979,7.42513644695282,434.146795600653,0,544.182331115007,16226.957536608,687.174315661192,51.9543345570564,5711.16734278202,885.092262297869,8.24600112438202,6.13164734840393,11.6901484727859,0.690529942512512,4.82354789972305,78.1304768323898,21.1129650473595
1.42152062058449,26.5196654498577,260.209955751896,9.49043929576874,34.8837338089943,0.532722413539886,12.2551768124104,2.88288041949272,208.748187154531,6.49876773357391,1.32956862449646,3.04511222243309,21.129596799612,1.37270903587341,25.4201110303402,4884.27507692575,37.5944039523602,0,5.44525322318077,7.61331430077553,717.004394799471,755.633326947689,3124.25222209096,1024.35482951999,2.20840722322464,18.0105576813221,5295.12856131792,417.526454508305,14.695697337389,20.5186777412891,0,0,1.56671839952469,30.9621610343456,1214.31999978423,244.665078341961,168.838106751442,75.6552484333515,194.146593332291,19.7857387959957,23.5414320230484,5.65202644467354,39263.0530278385,6303.38350556791,27819.4010701627,18505.6220407635,2276.77003413439,400.600867241621,34.2114050984383,318.393728941679,129.083930969238,42738.7638771534,1.63648137450218,39.1697616577148,84.0492824614048,3033.49703109264,2494.86820018291,13.1795068979263,29.2870160341263,912.996259823442,5.69544890522957,22.612323820591,3125.67475280166,149.620811998844,8772.01807001233,13106.0770613402,1532.92084799707,2574.89090886712,2.74761617183685,64571.4920740873,544.182331115007,0,796.938195466995,18.9889180660248,4458.97615262866,34180.2900473177,3961.8691919148,489.436108916998,13423.9793885648,8.80211916565895,23.4515562057495,52.7296921908855,12161.3399617523,7801.82913422585
25.4198908507824,53.670330196619,71.0815380811691,2646.38539800048,79.8807500004768,501.446463018656,965.593735575676,940.799385100603,6320.94829052687,3189.91424295306,83.4749511182308,740.689088404179,214.530912041664,886.088952422142,241.176222890615,1317.52519369125,4.53694406151772,0,0,1641.88189375401,2182.58355113864,453.961664497852,854.499227404594,11694.2327142954,40.5684446692467,3.31162452697754,709.442179650068,8071.95875531435,891.596343427896,328.44437289238,2.35183727741241,158.594170093536,69.2202552258968,981.49064424634,223.144516289234,3994.57513287663,156.500726997852,532.952544242144,300.488991856575,1179.11684322357,325.560065060854,85.0760695040226,6394.91037985682,408.919488549232,940.780439198017,360.750197410583,650.370392501354,335.103635430336,82.1622469723225,29.3778846561909,2131.8083460331,68.4563554227352,7458.86757105589,127.309396088123,442.798763990402,5154.06064206362,428.464177906513,33195.5745226443,3120.79285386205,296.809473142028,500.321653813124,545.696403175592,459.59368211031,1482.87363964319,5630.88299566507,34.1766222715378,70.8836073577404,16.0479995459318,943.964996486902,1277.11964654922,16226.957536608,796.938195466995,0,617.562661021948,113.562364220619,4852.09147115052,31202.1782148778,798.863096863031,620.115852743387,8.73915907740593,129.408983319998,203.266793429852,1466.44779059291,1411.54828879237
0,85.84099650383,12.8467784821987,3.30456191301346,2.61468333005905,0,0,2.20271143317223,21.575153440237,6.1812190413475,272.178709357977,2.53558418154716,2037.01197451353,0.516707241535187,3.23235547542572,14.1031730175018,1.22793871164322,13.1281887888908,0,6.90137904882431,2.69205296039581,46.4732365310192,11.9917966127396,19.0913283228874,1934.63501545787,703.774275094271,3167.2788631022,8.77007919549942,1.72227835655212,0.846681833267212,419.456991791725,1.09094393253326,0,11.3225822746754,2.70595622062683,13.7570699453354,117.988902658224,31.516087770462,14.9948102831841,24.5326194167137,1.22510349750519,19.9431207180023,157.053218215704,175.639600992203,176.289724767208,26.9197975993156,37.002965003252,9.0256455540657,1198.76939338446,0,1904.88554129004,2.49370968341827,4.67108225822449,1.66240632534027,2.58432778716087,6.32329532504082,2.81009939312935,925.52450171113,13.3346088826656,1233.81571981311,13.9128876030445,13068.2039871514,0.879944145679474,64.8036222159863,123.110401749611,6.40226864814758,6.24957394599915,8.10856321454048,8.42338025569916,13.0592402219772,687.174315661192,18.9889180660248,617.562661021948,0,347.828640639782,9879.57233220339,36.6499554514885,105.862177789211,1.90979617834091,542.463570535183,74.8749870061874,0,1498.90619522333,1.22310554981232
0,218.433817535639,1232.00760772824,0.966735273599625,7.04641616344452,0,0,0,9.09264680743217,0,717.627158880234,1.05638018250465,1308.28377062082,0.745323777198792,4.71455323696136,24.9575425982475,187.322585225105,296.407958507538,62.3735338151455,0,2.05929639935493,63.4151208996773,15.55037099123,13.3201149702072,720.525304317474,6966.10233354568,22530.0463804901,1.46736133098602,1.07411575317383,0,1317.61556145549,0,0,40.2941920757294,216.309010863304,130.484641313553,449.367042928934,164.707700878382,140.606710374355,3.68564641475677,9.9193617105484,8.28851681947708,15328.2052601874,13902.0544602871,10257.1286837906,8432.3554713428,159.081250339746,118.252602428198,42.1885657012463,52.5131740272045,339.10133805871,25449.7803798467,3.91889557242393,0.978272020816803,64.1197669804096,389.695040106773,185.324059963226,152.355177372694,251.964906767011,2455.78147378564,124.950786441565,128.364254832268,321.801182582974,4.40800109505653,62.5189832150936,20955.1503712535,4664.52919398248,23961.3675819188,29.6066151857376,1057.28235118091,51.9543345570564,4458.97615262866,113.562364220619,347.828640639782,0,30133.9750823975,205.750279381871,405.749084308743,1384.30410629511,871.52994826436,286.132945328951,33.9337581992149,3591.30392533541,703.663964211941
1.89516723155975,5314.19314649701,10262.1589654386,2.95342129468918,31.9916558861732,2.86443191766739,24.1462379395962,0.617818534374237,265.771745383739,0.864475250244141,724.58545088768,1.13102698326111,2333.1691377759,4.00196203589439,22.2912332415581,5280.38335934281,1871.2580550015,386.567839384079,344.168706446886,2.66687032580376,960.479551553726,3716.69174620509,6389.48492884636,1901.74243289232,3051.69135963917,15886.4119282961,177231.039104968,862.255016893148,18.0629048645496,62.7771013975143,1975.97648018599,0,2.21033322811127,296.225899606943,797.800075978041,1859.13188308477,1920.49063119292,1118.76653426886,959.849460750818,27.8616037070751,34.9025488495827,19.701265335083,39578.5194915533,8397.12312267721,18731.0358653367,18126.6785811484,707.431920170784,151.992650181055,58.9448517262936,85.6022811233997,13516.0107962191,40223.8224472255,19.0732491016388,15.5487249195576,14.6225614249706,406.661560833454,417.574948191643,4799.7480006814,24.7535812854767,521.442640811205,52.0978579223156,2467.23526516557,592.402336448431,333.024990022182,11946.8425440788,17141.9646188021,1631.80970273912,4786.05740867555,5.97801277041435,4202.05054238439,5711.16734278202,34180.2900473177,4852.09147115052,9879.57233220339,30133.9750823975,0,2927.98442786932,113.841235011816,1518.55476586521,3300.91164377332,18.3028490841389,13.3068803548813,4323.07293143868,3199.7107860744
9.28382259607315,13.2666330039501,37.1774670481682,1901.54828935862,52.8946435749531,279.625628262758,652.336559712887,317.045704573393,2401.88178318739,2000.5766197145,11.9989073872566,514.326103836298,91.5161306262016,236.742109268904,156.737360239029,843.567753344774,2.3263344168663,0,0,1130.66537505388,1347.14947885275,217.094862997532,650.77064409852,5645.84578725696,2.88522958755493,0,416.374577373266,4734.44605070353,361.002896815538,151.992434680462,0,13.3108097612858,35.9983151555061,429.483529627323,211.469568431377,1740.42471081018,73.5607846677303,224.512780666351,141.997049719095,607.382458597422,140.989164352417,68.0741731226444,14058.7590211034,719.334564983845,3609.1547870934,1142.02477914095,1493.90053915977,994.420315355062,48.1681891083717,99.4608318507671,159.284997791052,519.674160778522,4597.66285437346,39.0120767951012,2839.37725427747,58524.2805260122,2403.12478280067,5221.6921954155,25190.22000359,933.869379341602,748.553322404623,93.2858671545982,2060.62246954441,805.884040415287,5265.90136790276,223.143954902887,237.900929421186,93.1291170269251,1860.14567124844,7492.8756197989,885.092262297869,3961.8691919148,31202.1782148778,36.6499554514885,205.750279381871,2927.98442786932,0,2697.58068798482,22593.3259643018,9.87886476516724,429.801464051008,515.010690391064,4835.91893641651,3612.72952991724
0,1.87696141004562,2.38447290658951,27.2409680485725,3.38861495256424,5.51335555315018,15.5353227257729,4.26719626784325,216.677970439196,17.665256023407,2.22727847099304,16.6377566158772,68.4129025936127,0.415575355291367,4.58727565407753,15.3771519362926,0,0,0,10.026729285717,47.2670039832592,7.74340605735779,13.860012203455,324.813941568136,2.20152688026428,0,7.87365216016769,232.1493037045,17.1937631964684,4.82510277628899,2.1947146654129,1.01795244216919,1.53636264801025,6.09654384851456,12.2262750267982,55.6638481318951,6.21398830413818,9.4176099896431,3.31307905912399,16.1504646241665,1.22692739963531,5.9099346101284,2680.25495180488,124.403429418802,1723.51667270064,354.304538995028,496.511799275875,366.63397860527,150.207600921392,5954.25030395389,7.53852504491806,213.72569796443,85.5665065348148,4.34129559993744,888.514078319073,4022.17503264546,1309.30288057029,199.734210729599,3414.06677846611,5548.75226505101,1483.58438399434,902.734191358089,16752.2352731824,97.9820062220097,6.13333907723427,192.153344750404,259.580936938524,52.273816332221,244.355205744505,187.660817623138,8.24600112438202,489.436108916998,798.863096863031,105.862177789211,405.749084308743,113.841235011816,2697.58068798482,0,9838.5416636765,119.519816696644,569.960762292147,8397.63275003433,8646.5761308521,474.570378661156
2.00355696678162,1.47976815700531,11.9385245144367,5.62830349802971,9.36358571052551,1.23292008042336,14.1519556343555,8.80738753080368,83.0642213523388,14.1472964286804,0,3.90822422504425,7.34078672528267,11.8110129833221,3.74746495485306,20.0734617710114,2.65898770093918,0,0,2.23212677240372,58.6389103531837,8.31356489658356,19.7411289513111,224.749547332525,0,0,130.109079539776,171.905928730965,23.2408466935158,9.83081766963005,0,0,2.16414433717728,22.1636187434196,242.895385921001,105.230731666088,12.7576178908348,10.5975807607174,21.8547622263432,29.7909728288651,17.9259475469589,0.739177703857422,9150.56372356415,303.930756688118,9707.74369679391,1914.85051965714,1094.81538784504,755.179474323988,18.8125214576721,5392.71599930525,1.45262932777405,1603.65821418166,9.7668162882328,19.7201427817345,242.779197096825,19247.5730312765,6184.20841801167,35.0545154213905,235.996222198009,1214.65021668375,28.8331464529037,14.1116560697556,14974.915517211,361.324763029814,34.0243711471558,3762.48347142339,806.003741726279,1111.35553281009,17.7172084748745,36039.1371541619,6.13164734840393,13423.9793885648,620.115852743387,1.90979617834091,1384.30410629511,1518.55476586521,22593.3259643018,9838.5416636765,0,14.8959310352802,166.789863824844,1346.66325864196,24360.7421005517,4655.75699049234
0,37.5986548960209,0,0,0.635119497776031,0,0,0,0,0,1330.69944152236,0,3364.48044204712,0,2.22698283195496,0,0.866538226604462,116.068922609091,0.947879403829575,0,0,21.306057870388,0,0,962.037822037935,3197.58935153484,3256.91596731544,0,1.36571335792542,0,1819.98031535745,1.53460443019867,0,10.2010976970196,7.71818953752518,2.26386460661888,338.945669770241,75.4792879521847,20.0181181430817,0,0,12.154069006443,644.953490763903,2499.69488173723,633.030307143927,359.093909054995,16.8488842248917,10.7490364611149,35.8983246684074,1.63644647598267,63.3025361895561,7.54942551255226,0,0,17.3361818492413,22.6526136696339,8.72348073124886,16.3946887254715,25.4171283841133,582.064138203859,19.140456199646,1734.17042693496,18.5880500376225,3.27752020955086,1.47808116674423,2.33126628398895,8.52733650803566,5.47663083672523,3.87054628133774,8.46571792662144,11.6901484727859,8.80211916565895,8.73915907740593,542.463570535183,871.52994826436,3300.91164377332,9.87886476516724,119.519816696644,14.8959310352802,0,101.467523306608,0.614268362522125,225.166257143021,29.4891401529312
0,0,0,3.85734951496124,0.536075592041016,0,0,0,73.5563604235649,0,1.85524964332581,10.0651573240757,58.8422207534313,0,0.476911693811417,0,0,0,0,1.45956775546074,0,0,0,35.9278081357479,2.39921045303345,0,0,1.57379621267319,0,0.599238276481628,0,0,0,0,23.3540849089622,6.02684390544891,0,0.934844195842743,6.07020449638367,6.29092866182327,1.87199330329895,16.538844704628,2901.01023119688,102.548456639051,362.354358255863,37.9901000261307,1310.56025376916,10446.0602414906,128.638844966888,12.4459544122219,1.52530777454376,9.08626171946526,38.9997015297413,827.146278262138,1211.31183949113,588.371895283461,360.66453397274,105.135445892811,1377.6269685626,3031.27225279808,597.210985422134,512.836006343365,540.601159662008,196.153136700392,4.77170610427856,8.4161102771759,158.575969070196,2.77691498398781,104.735773950815,29.7393088638783,0.690529942512512,23.4515562057495,129.408983319998,74.8749870061874,286.132945328951,18.3028490841389,429.801464051008,569.960762292147,166.789863824844,101.467523306608,0,3.85814696550369,8880.92507940531,291.168723165989
0,0,0,2.49240309000015,0.957354664802551,2.74075251817703,4.80823904275894,0.500562071800232,45.0196857154369,2.87611454725266,0,0,0,1.43856713175774,2.34335017204285,17.1402975916862,0,0,0,3.33317005634308,29.4344388544559,5.40199953317642,8.16566163301468,92.2807371020317,0,0,3.40368428826332,71.9103652536869,7.92589807510376,3.04366755485535,0,0,0,2.33072334527969,3.51068866252899,30.5249574184418,1.63240325450897,7.97922998666763,4.20073091983795,6.67863309383392,2.88115882873535,0,117.217786431313,2.28441479802132,332.003957599401,58.6706568002701,30.7512974143028,25.3255010247231,0,36.7454390525818,0,18.9247750639915,0.321042418479919,0,6.69489097595215,263.822892636061,106.515509605408,22.0513496398926,7.32778111100197,117.931338533759,2.92396509647369,0.450188934803009,243.762379795313,6.56243681907654,1.22859019041061,20.3767270743847,46.567832455039,9.42672249674797,0.438560783863068,18.9796496927738,4.82354789972305,52.7296921908855,203.266793429852,0,33.9337581992149,13.3068803548813,515.010690391064,8397.63275003433,1346.66325864196,0.614268362522125,3.85814696550369,0,2402.82795056701,88.8755025565624
0,11.9979600906372,36.3372934162617,299.749167948961,57.851951032877,80.4109607338905,117.331294476986,98.2803472578526,370.219755262136,374.156020790339,35.9223694801331,204.205415636301,465.094005405903,71.4290519356728,176.454976350069,283.500330686569,6.81347414851189,2.16168111562729,1.39237397909164,238.248614877462,174.560310840607,30.1790888011456,186.852164626122,1103.58234933019,10.007200807333,31.7284006923437,354.301714897156,872.235908925533,87.8754228949547,61.3009825050831,3.58737397193909,63.8194038569927,6.00251296162605,126.576817631721,290.856033325195,484.544215381145,59.4927347898483,88.4042575061321,84.4296782314777,1807.61918231845,90.8735008835793,57.3534706234932,8017.38577607274,3090.36539056897,5140.31763741374,4886.77320206165,4030.94750159979,3022.65214911103,5448.94076558948,847.610141426325,179.809327661991,2546.1080866605,245.592707335949,462.352408230305,673.312079578638,4373.99100193381,2202.50687910616,340.102486282587,4279.14433550835,11693.8854835033,1220.06941369176,6515.41784632206,3845.07374374568,224.397038310766,148.326724588871,6432.71942681074,4976.60911539197,3642.61020027101,486.230560779572,18256.328064248,78.1304768323898,12161.3399617523,1466.44779059291,1498.90619522333,3591.30392533541,4323.07293143868,4835.91893641651,8646.5761308521,24360.7421005517,225.166257143021,8880.92507940531,2402.82795056701,0,1255.56514233351
0,1.07036328315735,370.57794713974,4.69139334559441,2055.77021706104,114.021490544081,21.9955619871616,15.3526159524918,168.355710208416,88.9748284220695,82.7199308872223,489.156663239002,237.524257034063,16.8695949316025,784.140593528748,63.5534089803696,131.58144107461,34.9284437596798,25.7435888051987,9.52521449327469,615.750949829817,6.6989164352417,1302.47149860859,217.280442327261,0.862343728542328,213.250297188759,819.284677624702,151.139310330153,48.4621491730213,165.872327059507,0.69194757938385,19.5211193561554,11.1279265880585,165.384665280581,284587.608682781,2905.72187641263,1595.46210676432,144.994851797819,3161.45429486036,307.656298667192,313.114796221256,93.6592434644699,12420.7132461369,1769.83753377199,559.428877681494,5440.19350299239,276.807083666325,772.936645150185,54.3987286686897,61.9579199552536,2.70461392402649,835.991010278463,50.877156406641,772.57044711709,2857.69932070374,1734.11548119783,177.680974841118,166.604913651943,539.154129862785,222.577953517437,3237.04950925708,24.7269379496574,285.062384843826,818.128229498863,1257.16650149226,154.579099535942,142.721329540014,167.593631029129,38.8975745141506,6251.90042185783,21.1129650473595,7801.82913422585,1411.54828879237,1.22310554981232,703.663964211941,3199.7107860744,3612.72952991724,474.570378661156,4655.75699049234,29.4891401529312,291.168723165989,88.8755025565624,1255.56514233351,0
