0,0,0.0312794738756392,0.00107542814290422,0.000239560026718509,0.011398917683641,1.56469650834671,0.267936017185858,0.00319718353302068,0.0149941150162835,0.00737606228458473,0.00666388347496107,0.00129639330536447,1.38510093745132,0.000650596244402358,0.000327227630173409,0.013637066495201,0.00186632708508729,0.00207599018086219,0.00235850297052729,0.0515745259196046,0.000596843229574472,0.0838861981676974,0.0179887371507395,0.000929258187561943,0.0109560232073476,0.00844621314474675,0.143922130632959,0.325135655613656,0.544540913933806,0.000609144237919849,0.00267486155367371,0.000971769163106938,0.00963360271706672,0.00224470868144287,0.0166838209932562,0.00106178496566623,0.0119980947776384,0.00460585062696363,0.00191393080219972,0.000385825538397521,0.000799365561084372,0.00680779445240416,0.00013971185381974,0.00285724150316398,0.000587353842713976,0.000950994518711077,0.00134004922112912,5.59041157536745e-05,6.61260338967979e-05,0,0,0.00083975507023254,0,0,0.000238104561643607,0.0011794313889646,0.00146114454862797,0.000137470138107538,0,0.00154182176163156,0.000365505632352269,0.000288973185918534,0.000144984052206516,0.00120100241577632,0,0,0,0,0.000567074921744251,0.000686104843712825,0.000229405079262298,0.00874209847620995,9.93341728767157e-05,0,0.00297250196770889,0.00476320255479182,0.000734606817474252,0,0,0,0.000393950136523467,0.000333865848373538,0.00104345111227374
0,0,0.0610957285369455,5.1993731815058e-05,0.00121664899402956,0.000765334758618304,0.000566021110901948,0.00134825686290684,0.152562239967124,0.00131649776769478,0.0566752411031908,0.00147046955938446,0.359550354741693,0.00309773292224857,0.0027129816010556,0.0211769325404832,0.0234579623406333,0.00272763600858223,0.0038741626604002,0.000224100473957097,0.00324770419040963,0.235042762069939,0.0107746663286618,0.129589812070766,0.26476210778115,0.0418898577853918,2.57246695937911,0.00780547559114866,0.00401231325269483,0.000490449942503327,0.0134265148387538,0.00247686741807566,0,0.0221784217531313,0.0039750068129834,0.0459115757636578,0.0374755647733151,0.0399630026747242,0.0207117560647473,0.00490102014273224,0.000339424705921877,0.0142174322840512,0.0182174982945364,0.00699816022543118,0.0113128653786843,0.0129742689278283,0.000673867590476524,0,0.00160538054564814,7.22133197107673e-05,0.202991974849202,0.00490919013073367,6.53760065222145e-05,0.000155485902896619,0,0.00019168860659594,0.000112698820997563,0.00430423362403393,3.13561803547591e-05,0.00535884685641678,0.000105804592573765,0.0118039824944966,0.000291496843298322,0.000355586746718794,0.0058437664974757,0.00684832066300483,0.00225808797693932,0.00987062561347903,0,0.000792996643834674,0.0390961384293392,0.00587257485683591,0.0117704629122766,0.0108691343744951,0.0544439328548674,0.564146510135092,0.0011990309095507,0.000123689210537904,0.000869658811504097,0.0139031470124231,0,0,0.00375138521144578,0.00452819634027291
0.0312794738756392,0.0610957285369455,0,0.000394172053250751,0.000714496578922188,0.00862978607115155,0.0292581061885558,0.211463535756322,0.00312412169224457,0.00323900464401223,0.0174499881827398,0.00145976130848431,0.000846218903657991,0.189938517222986,0.000947665196581256,0.010774671767568,1.22334407281242,0.0360766773127579,0.116915179711858,0.000838999054890658,0.142676518087314,0.0164319288488309,4.89321030744786,0.0165740993467588,0.00229167494841298,2.61340035138935,2.24066378114769,0.199879737743049,0.118668389532262,0.198451903000813,0.00251579825395757,0.0045484695539613,0.00400072729923738,0.242269568894671,0.036820225701798,0.61282267250864,0.109537852934529,0.364851441973299,0.208496347242913,0.00336530495053301,0.00320039208385772,0.00124898048425563,0.0491978381768658,0.00685738509377314,0.0307354574119738,0.0341416416145003,0.000389637583761311,0.000205405552537995,0.000144464182400728,3.50371749177545e-05,0.0320912117959343,0.0995143047556652,0,0.000613814227026141,0,0.00232700096642609,0.000306484018812027,0.00272583780131979,0,0.000802133008999625,0,0.00028360412132718,0.00143429500060874,0.000510086983909202,0.0127506647411314,0.0380361519565457,0.00478312067364796,0.0149251640209319,0,0.00222403148185862,0.0207192704712779,0.034295607642279,0.0134367817232812,0.00043063875195086,0.0980567601744552,1.1271099226399,0.00525555575497405,9.08190371597644e-05,0.00248905198606349,0.000348185510800546,0,0.000119122100225067,0.0149997291147999,0.0350927359022997
0.00107542814290422,5.1993731815058e-05,0.000394172053250751,0,0.00682975603404198,0.0349450354057729,0.0171358140701412,0.0230502156615367,0.159214769835054,0.93887863278698,0.00579299592616531,0.145392553261158,0.000786146672693863,0.0154328761208726,0.0190462926934709,0,0.000117043108509117,0.000817062114526168,0.000199802472176877,3.20393216137767,8.43168433187958e-05,0.000163356029647401,0.000124435470811349,0.385809526627127,0.00440023046291997,0.00148601950041378,0.0008785053339377,1.54877549798196,0.00991421624267256,0.000240735677429998,8.83511181038855e-05,0.00291683402949937,0.000220549294191778,0.00380530018700106,0.00325794631794239,0.0303198811627865,0.000505887237359971,0.0121692594884313,0.00361081481065492,0.0307066918522992,0.00295528224555792,0.00236347365801782,0.013494128636309,4.79843100488544e-05,0.00547729086120176,0.00134342492292178,0.0524971510151785,0.00225404095802646,0.000334148765055537,6.50063184818268e-05,0,0,0.237533810895368,0.00304055077680795,0.0120806030504733,0.00652348611460684,0.0289872432305651,0.0534536540230798,0.0420720099434468,0.000625680410951636,0.0903192603278789,0,0.00572521961635943,0.0180663058355967,9.76870288321019e-05,0,0,0,0.106493549607934,0,0.000499390731103075,0,0.138764957961235,8.1244986547792e-05,0,3.54879147244096e-05,0.0741590385508417,0.00146267574228439,0,0,0.000249839342679769,6.98175172511995e-05,0.00119032304352274,0.000425543848609054
0.000239560026718509,0.00121664899402956,0.000714496578922188,0.00682975603404198,0,0.198398731894776,0.0143256474150979,0.010321233551897,0.0697328052635928,0.0372889935470978,0.0039316456297951,0.110385641133733,0.000167020431730282,0.00382893980783715,0.311521743290449,0.00252763854090935,0.00064188717191717,0.000580548414466435,0.000121834102813166,0.0169891968564832,0.0100170785839897,0.00634178328800439,0.0137728063766718,0.0875771060395394,0.00672409974460737,0.00116941203498997,0.00789418843467523,0.0292349300294947,0.00203169553955758,0.00292826839776157,0,0.0428818786207703,0.000202204006539354,0.240785489498124,0.0663766384386675,0.10718862104612,0.00285393144741744,0.00497393723326263,0.00588998204028062,1.4137763710137,0.404959995535692,0.00208027439172813,0.00412001139958436,0.00069638956657219,0.00150813176855932,0.0018822842571362,0.0269833681711818,0.000291200318271228,0.000545580921071118,0,0,0,0.00796980664505709,0.00106182484030867,0.00190565116693356,0.000214464199698078,0.000924372249998403,0.00845625974741956,0.00184484085744573,0,0.0130937316453989,0,9.3663695875418e-05,0.00606012511816903,0.00149703444997625,0,0.000330905020137668,0,0.00545307633641305,0.000770723389976161,0.000105707211778247,0.0012863562213929,0.0100476758485809,0,0.000638776742985094,0.000772954479016131,0.0038259650856459,0.000141255232694161,0.000295393301273513,4.39983969634831e-05,8.47876767936827e-05,0,0.000133924532667041,0.0804377617500799
0.011398917683641,0.000765334758618304,0.00862978607115155,0.0349450354057729,0.198398731894776,0,0.915224163739556,0.761567918773488,0.0601843928033236,2.39706299808463,0.0337131664195306,0.9619884581287,0.00526085632972725,0.356887101143317,0.260356054108668,0.000149396898496639,0.00704668914996977,0.00329795303544739,0.00129229993141034,0.0910293165212783,0.0101328830499471,0.00144066846546354,0.0238017522500957,0.0954939017960797,0.0243690346972559,0.00806547403986883,0.00422912080350897,0.504411347633914,0.0263257857810879,0.0216255553717169,0.000967556549322052,0.034852091024318,0.00118367205657326,0.0184335859326256,0.219944031188313,0.246504559755215,0.00440653282804955,0.0297726462725699,0.0228986080385057,0.524770371927098,0.032021843632295,0.0117464586582097,0.0213380618120259,0.000131589530727422,0.0106842542689194,0.00156133386331183,0.035406206950718,0.00244754968016322,0.000900300010835647,0.000263924676642996,0,0,0.0433060156934711,0.00193046015505493,0.00350132110086022,0.00606046121745534,0.0152462017450244,0.0249843002677052,0.00768462333031094,0.000602078362640631,0.0384755265446349,0.000616450784180844,0.00418671997750884,0.00655517650331086,0.000466688523654732,0,0,0,0.016583490966265,0.000138132547141517,0.000484966806150037,0,0.114738913779807,0.000489319536400026,6.31111563771367e-05,0.000167643623517895,0.0518785620539371,0.00135116542692318,0.000139359120196634,0,8.77281873049796e-05,0.000587306126099551,0.00146881247068526,0.0162450442859743
1.56469650834671,0.000566021110901948,0.0292581061885558,0.0171358140701412,0.0143256474150979,0.915224163739556,0,1.25505154909214,0.0473649991165244,1.98577560907023,0.0902871311950001,0.035952363999434,0.00949501082487778,2.02182686650894,0.0213820680263398,0.000788106318706283,0.00706945167393933,0.0211618070803496,0.00784931638047939,0.0168518972449494,0.0783375620352225,0.0024798640485453,0.0531694280444544,0.79778076069729,0.0136252750894642,0.0489101805242188,0.0335965022616987,5.97104166363028,0.307330709836869,1.35916477156093,0.00481859847875324,0.0280491718532592,0.0279413609764836,0.0580682274318222,0.0466038680020507,0.219517697747919,0.0077749179623706,0.135780377753815,0.0311809483664205,0.034464627717772,0.0150059172333544,0.0137778405607448,0.0330844510423153,0.00032736664851622,0.0126613828511252,0.00320816891699461,0.00856524305686665,0.00210300223866995,0.000767814207958257,0.000251378166562617,5.89726190660179e-05,0.000272568654605368,0.0451145177046748,0.000736324748550069,0.00243713641544167,0.00433361571043543,0.0158301622593595,0.0197447021722872,0.00795712684361249,0.000689191800896433,0.0173741240471319,0.000926861062923738,0.00394978329108299,0.00205417682603663,0.00267737052428336,0,0,0,0.0137189853127319,0.000766360712609441,0.00215172629412322,0.00166393818282244,0.0852584594594848,0.000327435194984001,4.88321934153736e-05,0.00556204447158279,0.0419645493356746,0.00378288508331849,0.000645301642843515,0,5.5616703171885e-05,0.00148542548519381,0.00318180981107345,0.00741132741344022
0.267936017185858,0.00134825686290684,0.211463535756322,0.0230502156615367,0.010321233551897,0.761567918773488,1.25505154909214,0,0.0488587051479827,0.532845524166846,0.0749685234885913,0.330514802693631,0.00993872197915231,2.78344984743877,0.0149903996598489,0.001754904439772,0.132921484536842,0.00637075023247393,0.0172693220057412,0.0728505286872068,0.221157911934226,0.0050768925284158,0.573842042199968,0.12673785315137,0.0463507174168645,0.0885211157175027,0.0466493590229718,0.455813752192555,0.100060207564449,0.494261187079901,0.00229913783921987,0.0384178264941903,0.00285153077973444,0.0608770409810689,0.0337354793535211,0.459070459912264,0.0110917351925726,0.0662188851175954,0.0414877972795512,0.163981333360549,0.00989648848384531,0.0244740503209704,0.0499415138545299,0.00095128410045372,0.020245428887343,0.00389407469034058,0.0131500244250416,0.00375518151131167,0.00181550434558153,0.000549224453906122,0.000207442480753386,0.000594034538057142,0.0204055097746387,5.59904980911612e-05,0.00161161272205082,0.00950273069846054,0.0131066990194655,0.0289832612938643,0.00431880886334487,0.000469595996935258,0.0384468279113285,0.00164604437854826,0.00555291337543512,0.000734417580964887,0.00334710066818459,0,0,0,0.00807985271528937,0.0019124358145709,0.00414812975651029,0.000846824840645092,0.178676904803993,0.000677352498807693,8.02640925030232e-05,0.00455680354135662,0.0613607915872338,0.00382273288332289,0.000685918130915007,3.58407788418681e-05,0,0.00121849502870351,0.00363663309627121,0.00512932933041657
0.00319718353302068,0.152562239967124,0.00312412169224457,0.159214769835054,0.0697328052635928,0.0601843928033236,0.0473649991165244,0.0488587051479827,0,0.0879378340914229,0.0361141274341386,0.273048102721609,0.104098097803928,0.0417569605535161,0.155688433693027,0.00866685781307554,0.00388742694112836,0.00490982248913405,0.00272519785208751,0.113784092829345,0.00542563014112738,0.779060410604391,0.00651867718840893,3.53264437487989,0.136769622873353,0.0193395558664771,0.765733789079734,0.323832848397574,0.0661068005876856,0.012752708592934,0.0126546542446571,0.0172494903381629,0.00793629165229892,0.0185885260194996,0.0402152539937769,0.284972125159443,0.023914398452323,0.0510883227976418,0.018539336951112,0.261736167090569,0.0117877757089095,0.00783835459874829,0.127556438132535,0.00680279589328952,0.0419738020254756,0.0109182376071442,0.0664721718379379,0.0118847810746351,0.00219181111126751,0.00124809329008076,0.00625434319776102,0.00116936649738503,0.240402748949647,0.00700378776240381,0.0191148331462009,0.0226888385775222,0.0489279098662134,0.408894492208578,0.0325701258381822,0.00795643016134462,0.0703551511498756,0.00280052422046605,0.0252510090733812,0.0214204499364939,0.0574719967870603,0.00102569799076091,0.00402303908586244,0.00102411372775943,0.0614780826448625,0.0182142597989385,0.0859390550384277,0.0102547374507876,0.519723930366793,0.00368063074227662,0.00694974535541941,0.0270349536698792,0.177577654505736,0.0272191994153204,0.00538772751211082,0.0013559524152968,0.00491548992044639,0.00525646824535618,0.0115507442220293,0.0358216018644597
0.0149941150162835,0.00131649776769478,0.00323900464401223,0.93887863278698,0.0372889935470978,2.39706299808463,1.98577560907023,0.532845524166846,0.0879378340914229,0,0.152029744665238,0.785032697809202,0.0157890190763813,0.31547594654592,0.0839113104074607,0.000100105389579665,0.00232455333801105,0.0248890266186758,0.00781205833447574,1.42220689296836,0.00161694472132155,0.000608324381293371,0.00560195728732097,0.153286362924893,0.03820872645939,0.0457735710221934,0.0132440462442032,2.42300585986187,0.110261636094851,0.0106848850958578,0.00463904762221822,0.0596566023891664,0.00130507289351231,0.0646209905873384,0.0502337079685517,0.421161729642073,0.0145516514717386,0.127889059131257,0.0568523464167583,0.0952434168461293,0.0275252009423412,0.0308962587512069,0.0243917786713301,0.000307391097371736,0.0145969036485989,0.00192271519947258,0.0410905772598448,0.00158781202440192,0.00126719100078711,0.000562389344718149,0.000122045282071125,0,0.141833184770817,0.00251395263292609,0.00665413833886561,0.0122817421639989,0.033955731110739,0.0413481624420215,0.0220582402012608,0.00038660215707426,0.0718057482092601,0.00129402665977528,0.00806854621918249,0.0101379322802652,0.00028049971483261,0,0,0,0.0473289824805375,0,0.000399658247603789,0,0.206294278723962,0.00149586415445756,0,0,0.0916471628465414,0.00218552374067776,0.000177889902248382,0,0,0.000446529989881206,0.00182501465831953,0.00235033067548418
0.00737606228458473,0.0566752411031908,0.0174499881827398,0.00579299592616531,0.0039316456297951,0.0337131664195306,0.0902871311950001,0.0749685234885913,0.0361141274341386,0.152029744665238,0,0.150001570894973,0.447185927303802,0.368674333077332,0.00231813604921301,0.00180748263363551,0.0199807249870605,1.08481928081242,0.114510500405924,0.0292174016832742,0.0214315858469353,0.0276732997864231,0.0482912925068524,0.0573943604224148,0.0695590849538494,0.592027579056719,0.0999068332916294,0.0772531695236351,0.517504251809695,0.0454000412305104,0.0608401670784329,0.267838475168261,0.000761864687248877,0.775885553975644,0.0175211421295943,0.168244102805194,0.626536381210799,0.7697051516951,0.0835313071356189,0.00543011692601043,0.00371318995253546,0.117248165671278,0.0015151546668775,0.0488883258322292,0.00240689087498894,0.000599332505385435,0.000472663365192944,0.000188797009307665,0.0204263549820095,0,0.0125493205569608,0.000572690578806427,0.00020255613200953,0.000245895621127152,0,0.000177879859107503,0.000634976584918231,0.00878314414789826,4.9215167258209e-05,0.140582874093604,0.00225970417166281,0.432731670083272,0.00076196151652109,0,0.000852286797518645,0.000244157854909652,0.000375640828380156,0.000202330357081276,3.03296625295312e-05,0,0.00210471416700552,0.000700548126148969,0.00382811758507721,0.0877353425245721,0.0284903886769132,0.0752979006315989,0.000445746265417611,0.00389286837099394,0,0.15624218454547,0.00164118841529143,0,0.00245880483782184,0.00548910800633419
0.00666388347496107,0.00147046955938446,0.00145976130848431,0.145392553261158,0.110385641133733,0.9619884581287,0.035952363999434,0.330514802693631,0.273048102721609,0.785032697809202,0.150001570894973,0,0.0241143050417586,0.213570130462678,0.288505177442034,0.000260023511022461,0.00144639393229284,0.0178456370381233,0.00380046503882464,1.61740612435609,0.00114715894127794,0.00270794083563526,0.00317587466936449,0.13293289962641,0.0457018279524261,0.0350541512260801,0.00836199524076918,0.175482835427611,0.0484438904342946,0.0118480373832041,0.00393699347058788,0.0564305286891368,0,0.0555108247712127,0.229941498315176,0.389272416269373,0.0110733597237922,0.0897872260970136,0.0533225725881205,0.240402222456637,0.0149123788539147,0.0270650592391341,0.00705484575860677,0.000314271069902989,0.00175108172095498,0.000534739139977467,0.153157600096366,0.00136996694991804,0.00186271442770868,0,0.000123782058501267,0,0.0919224696887819,0.00726129512808934,0.0179524766651255,0.00137626376780653,0.0105124018307258,0.0495276062514095,0.0573295637615776,0.00093990190531121,0.149722995639459,0.00178531869218827,0.00341827350225002,0.0397455586709416,6.08009286673605e-05,0,0.000285052062048435,0,0.05469246288861,0,0.000195468732548511,0,0.0607142988879586,0.00102640139964336,0.000165035885917983,3.49903840745896e-05,0.0188221682553338,0.000408273204114446,0.000114929617040778,0,0.000693257258907616,0,0.000519480319539288,0.0250643144832191
0.00129639330536447,0.359550354741693,0.000846218903657991,0.000786146672693863,0.000167020431730282,0.00526085632972725,0.00949501082487778,0.00993872197915231,0.104098097803928,0.0157890190763813,0.447185927303802,0.0241143050417586,0,0.0303017697136285,0.00210083435075359,0.00394548690484769,0.000180821403724996,0.00147709028395479,0.000250973368154753,0.00428697808487624,0.00125718450419951,0.15793772754717,0.00164287639668212,0.0541596975471269,0.903289862463414,0.0222265120910732,0.37184634950387,0.00848799309584955,0.0385920378369496,0.00380765861390815,0.151687357540527,0.036859536000486,0,0.0502481498426336,0.00192446739393365,0.0295962659462341,0.386143446963048,0.114512443836166,0.00624136134374551,0.00298055301872496,0.00114735399832789,0.281408007713677,0.00267335963999554,0.0949032706369291,0.002678117459188,0.00155116032656568,0.000241258868686399,0.000134399994998229,0.0462060329304497,0,0.032231096025408,0,0.000138980853999144,0,8.74520834130797e-05,0.000180709023465335,0.00109073225473158,0.00331901135240764,0.000154877764740616,0.343985037609514,0.0015372617620299,1.14063261078285,0.00272343935942727,0,0,0,0.000989818322139648,0.000522983849168438,0.000132012911038747,0,0.00476480202161653,0,0.00349107702083647,0.408462739596222,0.051135554549218,0.194433404254223,0.000341867171192413,0.0076726030522516,0,0.342627025690478,0.00583648086231926,0,0.00673952218280501,0.000658983025381094
1.38510093745132,0.00309773292224857,0.189938517222986,0.0154328761208726,0.00382893980783715,0.356887101143317,2.02182686650894,2.78344984743877,0.0417569605535161,0.31547594654592,0.368674333077332,0.213570130462678,0.0303017697136285,0,0.00668853468802297,0.00293769956690545,0.157385892479864,0.0707302030030724,0.0399354966736303,0.0493356557721926,0.257011245834786,0.00510256696493605,0.56122440758567,0.162953051596369,0.0274504029997662,0.17636306350368,0.109230572348639,0.51089771930786,1.60965534540167,1.02632065247308,0.0123138024918835,0.0721547725697709,0.00765308968994665,0.140348607686043,0.0242097085720639,0.233571672394002,0.0199286198500002,0.10839559314029,0.0332932889829006,0.0261612996334096,0.00505696555810306,0.0178066968214209,0.0389339781366851,0.00114071201056446,0.0125794184516705,0.00244020089805063,0.00718249490154297,0.00188346109460765,0.00149642437902653,0.000250989603622013,0.000687014150525168,0.00118351852627352,0.00751854631858664,0,0.000536583522543669,0.00374860598456854,0.00464238451302052,0.0168129621002916,0.000702982426904881,0.00169120488189424,0.0177241838015461,0.00491159454089623,0.00160481338025688,0.00048178312802915,0.00328971236136321,0,0,0,0.00248268568854948,0.00191179013097355,0.00440318742310624,0.00129155895246496,0.110165863524054,0.00138419563562146,0.000936992184080786,0.0131596633141121,0.034027379444068,0.00219478669275176,0.000649173129616255,8.61295231436488e-05,9.52891729330896e-05,0.00115402567971206,0.00203272622827779,0.00203980831194054
0.000650596244402358,0.0027129816010556,0.000947665196581256,0.0190462926934709,0.311521743290449,0.260356054108668,0.0213820680263398,0.0149903996598489,0.155688433693027,0.0839113104074607,0.00231813604921301,0.288505177442034,0.00210083435075359,0.00668853468802297,0,0.00241797462215927,0.00101828748235712,0.000278623471946973,0.00035964437260663,0.0352401492718552,0.0103944645330521,0.0202621425991734,0.00798163211720655,0.257268459829468,0.00819078470429888,0.00154357940484743,0.0205261961820779,0.0796779803066932,0.00559664718401783,0.0073440551072965,0.000200038590629238,0.0157937768832629,0.000848593570956662,0.00262338003927859,0.16011411212321,0.0449734655384293,0.00171593088299345,0.00664161759034027,0.00389386863729477,0.257186033758227,0.012163816938284,0.00261286378250433,0.0114102170936584,0.00101165073652724,0.00484531448426817,0.00789152449586577,0.057469122872988,0.00113886114759944,0.000480564862293797,0.000153251140317499,0.000102448171937322,0.000114001856357169,0.0251920330959322,0.00204499550433593,0.00506870317308263,0.00175928456891184,0.00296122893478605,0.0173612576264514,0.00414953282440916,5.44072273391903e-05,0.0317046589041716,0.000146028100593907,0.000803363159569746,0.0100715773863567,0.00212826053362224,0,0,0,0.0143202982422778,0.00131373761515252,0.000890765701909614,0.00201312268698831,0.0366709633232822,0,0.000325429447532546,0.00165917165497853,0.0175278925335436,0.000652532418666309,0.00054875814341476,0,0.000427632137432129,0.000167708466900635,0.000859527806068453,0.155909973761902
0.000327227630173409,0.0211769325404832,0.010774671767568,0,0.00252763854090935,0.000149396898496639,0.000788106318706283,0.001754904439772,0.00866685781307554,0.000100105389579665,0.00180748263363551,0.000260023511022461,0.00394548690484769,0.00293769956690545,0.00241797462215927,0,0.0269700261576759,0.00238109865623523,0.00715911904918918,0,0.826941464760661,0.704516230832465,1.04952679699936,0.487160436007886,0.00960589080573212,0.0144025569360448,0.896454956110251,0.117806671100252,0.00297274387223163,0.0195815589961649,0.00100263201325276,0.000699762584613061,0.000311579648490328,0.0392997469761477,0.0693430367669115,0.679368383203307,0.092786692366521,0.181740772368456,0.149331352086651,0.00135406524535571,0.00169929623104386,0.000601076761850387,0.19917909807388,0.0366779962967493,0.0531908915931623,0.0406595102278889,0.00815357141785836,0.00153480120482526,0.000186889083377939,8.58447795407056e-05,0.00312051196975783,0.00340570361644533,0.000145486834638512,0.00162567586704969,0,0.00151878606619982,8.62537562300295e-05,0.00234604280585203,0,0.00112225823039924,0.00015511148258931,0.000234467073405528,0.00107730092645842,0.00198901820340954,0.708075891172195,0.00129144638261916,0.00125541009122819,0.000853314051529003,4.0531519012472e-05,0.093623500536943,0.113046628793689,0.250323543688425,0.0610865018032098,0.00042695179404214,0.00320906902518613,0.105897573675839,0.0675239656979637,0.00349215863928679,0.00571154605609656,0,6.90517222193003e-05,0.00157212707834668,0.0136886437530568,0.0502144483118909
0.013637066495201,0.0234579623406333,1.22334407281242,0.000117043108509117,0.00064188717191717,0.00704668914996977,0.00706945167393933,0.132921484536842,0.00388742694112836,0.00232455333801105,0.0199807249870605,0.00144639393229284,0.000180821403724996,0.157385892479864,0.00101828748235712,0.0269700261576759,0,0.0712660463419476,0.475552201393057,0.000397626145217309,0.171568064423956,0.0133132513416063,0.987205849992856,0.0237333082129953,0.00109271579105926,2.06738626399161,1.56390683925718,0.0912741054025611,0.249688066704443,0.219173194736059,0.000332046678301233,0.00398382245011199,0.0175375526316396,0.40605123517709,0.00695489510332192,0.0789619560549999,0.0330310707464439,0.108307985647951,0.0375704834259986,0.00239902504470318,0.00150123767801634,0.00206992876247603,0.00749080025958816,0.000555407803261289,0.00567936281976649,0.00535310986422773,0.000330565262085152,0.000136447357837558,0,4.06988964866012e-05,0.0146884179202778,0.0108359770716833,6.73903272064567e-05,5.89503759341955e-05,0,0.000128878234778556,0,0.000513665444380807,0,0.000251419077773416,7.33087533274174e-05,5.07524990735471e-05,0,0.000144529311393749,0.00954834727464658,0.00479803441777319,0.000493709553564816,0.00359626530581529,0,0.00168371950912624,0.00612067145973982,0.00736836759887424,0.00340385650334634,0.000165085126607967,0.0182157184500453,0.21564718856747,0.00148911248988353,0,0.000112966245783898,0.000276190404732022,0,0,0.00163687692618137,0.00130481232337275
0.00186632708508729,0.00272763600858223,0.0360766773127579,0.000817062114526168,0.000580548414466435,0.00329795303544739,0.0211618070803496,0.00637075023247393,0.00490982248913405,0.0248890266186758,1.08481928081242,0.0178456370381233,0.00147709028395479,0.0707302030030724,0.000278623471946973,0.00238109865623523,0.0712660463419476,0,0.311262027071469,0.0058166593191331,0.0174157860017936,0.00150489404607895,0.0588658704403609,0.0161161286781055,0.00222530879505771,0.433136913971775,0.174540600051822,0.0253861824911756,0.114276621049539,0.0135918130897242,0.0040941231616083,0.0208303937182281,0.0007294430229626,0.349058714892486,0.0183832775550791,0.134559973893108,0.225444946597022,0.330746616011711,0.121936789486924,0.000977094118144761,0.000931353286712956,0.000441510886523492,0.0014190003483909,0.00131309826422454,0.000841568518250569,0.000932224540879484,0,0,0,0,0.00297308248784302,0.000869753309113054,0.000111216720301667,0.000441788809949863,0,0,0,0.00092877396487399,0,0.000334911987132737,0.000111291473868775,0.0015501288401064,0,0.000215088760445321,0.000444736977771318,0.000179376946956753,0.000336536087844306,0.00169464647348663,0,0,0.000691743273270708,0.000531961447024411,8.69658368315731e-05,0.000813771226676595,0.0182987960131137,0.0365081010104025,0,0,0,0.0041674289652709,0,0,0.000164137200853557,0.0138639367733582
0.00207599018086219,0.0038741626604002,0.116915179711858,0.000199802472176877,0.000121834102813166,0.00129229993141034,0.00784931638047939,0.0172693220057412,0.00272519785208751,0.00781205833447574,0.114510500405924,0.00380046503882464,0.000250973368154753,0.0399354966736303,0.00035964437260663,0.00715911904918918,0.475552201393057,0.311262027071469,0,0.00117739650434003,0.0451824598728035,0.00302275232451142,0.178851533854253,0.0101925656814022,0.000783335277727481,0.919575130277108,0.365952901452318,0.0253789869094337,0.0658570932880562,0.0242069858787874,0.000885079371075482,0.00435702818738363,0.0030179185009758,0.424979152944071,0.00511255085645467,0.0664004508389515,0.0577919493816658,0.128628526316788,0.0512610145385826,0.000107744041507333,0.0005785999786576,0.000193766283519727,0.00092010320602332,0.000153273560724669,0.00100828299981444,0.00114782864814707,0,0,0,0,0.004003738067416,0.00166236938709503,3.13546070360482e-05,6.10505323569357e-05,0,0,0,0.000225682324044129,0,0.000119359599947846,0,0.000281427283467924,0,7.81500741329551e-05,0.00142271545122323,0.000564918197250489,0.000187993769782877,0.00177781354583254,0,0.000166389695891762,0.00129195138591731,0.00168969034227187,0.000383015588717654,0.000504045410513366,0.0108630770359042,0.053666501882787,0.00019053834072938,0,0,0.000721711611709243,0,0,0.000298888164107886,0.00498952915654131
0.00235850297052729,0.000224100473957097,0.000838999054890658,3.20393216137767,0.0169891968564832,0.0910293165212783,0.0168518972449494,0.0728505286872068,0.113784092829345,1.42220689296836,0.0292174016832742,1.61740612435609,0.00428697808487624,0.0493356557721926,0.0352401492718552,0,0.000397626145217309,0.0058166593191331,0.00117739650434003,0,0.000269145002293307,0.000128816934440613,0.0011841905992761,0.202926089038174,0.0140975345106179,0.00912830065578098,0.00482878453557081,0.899861682723635,0.0236626961919545,0.00229023830160867,0.00115017438755601,0.0134944372726893,0.000592130147785741,0.0143127067505169,0.013858399789618,0.0902867074896834,0.00374516581364109,0.0302507119143981,0.0160133979760449,0.046525739599829,0.00824345028506018,0.010125838361534,0.0333847302540687,0.000630863457073617,0.0206100862620808,0.00360375046437558,0.0778157916628929,0.00568834254000232,0.00157358762285272,0.000200703373183149,0.000189999640342212,0,0.23294675267403,0.0044195969378264,0.0159285625309315,0.0150272892981341,0.0599912983293556,0.0485781877573205,0.0547480069827541,0.00149895467192107,0.10907067474928,0.000331197810071671,0.018314339237377,0.0218288525442257,0,0,4.96569226517558e-05,0,0.0828963942885748,0,0.000367797379107046,8.35789346839545e-05,0.206372928534838,0.000190685784575522,0,0.000261505670810139,0.104597818648812,0.00565480428724123,0,0,0.000824985340167904,0.000285718149545878,0.00258518594496882,0.00238764296281992
0.0515745259196046,0.00324770419040963,0.142676518087314,8.43168433187958e-05,0.0100170785839897,0.0101328830499471,0.0783375620352225,0.221157911934226,0.00542563014112738,0.00161694472132155,0.0214315858469353,0.00114715894127794,0.00125718450419951,0.257011245834786,0.0103944645330521,0.826941464760661,0.171568064423956,0.0174157860017936,0.0451824598728035,0.000269145002293307,0,0.0440998953162668,5.88614677190537,0.133997086274168,0.00294931387703205,0.0771932411343806,0.490221804797534,2.07905021714937,0.25058755794821,4.07744886240882,0.000714437255696803,0.0085311517764233,0.0392879587982995,1.17875177795324,0.233267360887039,1.01142137399406,0.0354598010184994,1.22607435924503,0.452307612952104,0.00926291131544623,0.0094428217380917,0.00375390453050386,0.078011075627748,0.00766409607120065,0.0191735729707274,0.0140511374871001,0.00400156512469007,0.00106801565985003,0.000199797845782733,0.00025406910293023,0.000325285049375364,0.00227989574020496,0.000148890575482005,0.000775024065290021,5.8830198021394e-05,0.000522601892196694,0.000555659307736537,0.00191520626139412,0,0.00042010505325211,0.000219210377809363,0.000112936155755782,0.0011772485951461,0.00155047225692512,0.0930803992621844,0.000255549396402442,7.58460165901422e-05,4.59123847252369e-05,3.99787375459493e-05,0.0405668849666816,0.0269838738983544,0.0322085038975179,0.04475217039022,9.37181489530564e-05,0.000532250519100428,0.0419423996353469,0.0437164455482145,0.00538195614820156,0.00406099381413396,0,4.75460509191096e-05,0.00226142496376577,0.00622955066423895,0.0672352284827681
0.000596843229574472,0.235042762069939,0.0164319288488309,0.000163356029647401,0.00634178328800439,0.00144066846546354,0.0024798640485453,0.0050768925284158,0.779060410604391,0.000608324381293371,0.0276732997864231,0.00270794083563526,0.15793772754717,0.00510256696493605,0.0202621425991734,0.704516230832465,0.0133132513416063,0.00150489404607895,0.00302275232451142,0.000128816934440613,0.0440998953162668,0,0.110174591057796,2.01271422683257,0.156411726950464,0.0201918988652053,1.45073326480823,0.0889704769448787,0.00674274501661832,0.00924582703412303,0.0131055470596345,0.00155373869554966,0.00146157124792775,0.0189988720279279,0.014642409934897,0.153894144567861,0.0282800872495436,0.0494859152038936,0.0271767941106556,0.0257298780950772,0.00144039496407223,0.00580582389286824,0.0730321901692588,0.0116344099009879,0.0281664168217598,0.0215836777665191,0.00291529817251643,0.000225646265745973,0.000578130457512718,7.32355287601829e-05,0.015224520351998,0.00722290488106949,0.000964957623784214,0.00016190766297288,4.17586411287367e-05,0.00106745786789278,0.000600127065804657,0.00712206124800155,8.33990789950732e-05,0.00311636096161843,0.000289861308326826,0.00701864746709388,0.000966385096589282,0.000947909533715711,0.302793422432669,0.00345929654670992,0.00108959194583039,0.00354537101108516,0.000650405569992951,0.0253967803684745,0.213728019315678,0.0951381602461257,0.114519879510283,0.00382780710700295,0.014223400384202,0.40173042971321,0.0317214757139274,0.00161063056984351,0.00357662097888506,0.00426183850777729,7.86817672195733e-05,0.000405817238833749,0.00586611534203491,0.0163056299925209
0.0838861981676974,0.0107746663286618,4.89321030744786,0.000124435470811349,0.0137728063766718,0.0238017522500957,0.0531694280444544,0.573842042199968,0.00651867718840893,0.00560195728732097,0.0482912925068524,0.00317587466936449,0.00164287639668212,0.56122440758567,0.00798163211720655,1.04952679699936,0.987205849992856,0.0588658704403609,0.178851533854253,0.0011841905992761,5.88614677190537,0.110174591057796,0,0.187453742511891,0.00450822695683323,0.896713779063377,3.6251417553981,0.78482544398635,0.535792459427279,1.8826525109747,0.00150589787758398,0.0123343860383788,0.0455292651325197,1.58526188606403,0.290416263349151,2.49681351916588,0.373223258856787,2.06155800715426,1.28228291799473,0.0137594325791732,0.0179461548440265,0.00531303707964766,0.139797553457552,0.0234565586621194,0.0544501386984945,0.0565728677242151,0.00468851244733347,0.00120497570784179,0.000150639899067312,7.46437573413939e-05,0.00600848138944429,0.0467110123579892,0,0.00352272122192595,0.000128803028174448,0.00337921453076194,0.000480424827079895,0.00191941689067997,0,0.000951161642582972,0.000135298451081997,0.000212965469589704,0.00177469670544205,0.00201732753512811,0.444813419457698,0.00653848654883926,0.00200370905086876,0.00272547369745287,0,0.0520559942312378,0.0734369575268538,0.32100970483499,0.0376325697117339,0.00021388858171975,0.00826314836581526,0.745712579886482,0.0524880059462864,0.000968034838210177,0.00406817382272906,7.90090889140159e-05,0,0.000393689861842823,0.0109827646001695,0.192555247929886
0.0179887371507395,0.129589812070766,0.0165740993467588,0.385809526627127,0.0875771060395394,0.0954939017960797,0.79778076069729,0.12673785315137,3.53264437487989,0.153286362924893,0.0573943604224148,0.13293289962641,0.0541596975471269,0.162953051596369,0.257268459829468,0.487160436007886,0.0237333082129953,0.0161161286781055,0.0101925656814022,0.202926089038174,0.133997086274168,2.01271422683257,0.187453742511891,0,0.106480537602336,0.0473809312976735,1.1627044483726,1.7712886208281,0.293253951876357,0.0950676603468175,0.0073570910746119,0.0269915928461659,0.0598675719303892,0.0924852992180365,0.176105116083953,0.944542274944635,0.0597702140723319,0.252164484123822,0.0693497108267399,0.270957562703515,0.0259063796999103,0.0152432015887451,0.543215878474567,0.0126458344784903,0.175482119779343,0.0430866970570539,0.115550909687438,0.0489678564455189,0.0104132670384478,0.0049102345952257,0.00681965307504364,0.00301752657226575,0.33726402563214,0.00519500354854384,0.0288424162049221,0.0505675798295141,0.141014660230697,0.265959762322439,0.0569050466277663,0.0153611254504248,0.132785469642215,0.00209159137170211,0.0729742615911937,0.0294687547998453,0.139304284999522,0.000867417169656625,0.000978135411377791,0.000985936324416083,0.100507150923508,0.0478968173102948,0.0842356872875408,0.040896712883966,1.1748731269765,0.00142897436665752,0.00185401508567035,0.0749302825591196,0.474974775609975,0.0827350741161043,0.0156318594898432,0.000138466071010971,0.0133722302933417,0.0171252040002379,0.054141642259784,0.0705200427311984
0.000929258187561943,0.26476210778115,0.00229167494841298,0.00440023046291997,0.00672409974460737,0.0243690346972559,0.0136252750894642,0.0463507174168645,0.136769622873353,0.03820872645939,0.0695590849538494,0.0457018279524261,0.903289862463414,0.0274504029997662,0.00819078470429888,0.00960589080573212,0.00109271579105926,0.00222530879505771,0.000783335277727481,0.0140975345106179,0.00294931387703205,0.156411726950464,0.00450822695683323,0.106480537602336,0,0.0481856839094106,1.04407827157473,0.0259906174981212,0.0158331563316473,0.0048626070641249,0.0707377802217056,0.0880071420454598,0.00027516132872504,0.0272311412342654,0.00559798984041765,0.0836725335955391,0.0349550690771939,0.115856756883958,0.0352645596637437,0.124041599850428,0.0920986112892398,0.0900990796925453,0.0309289367925784,0.0162903181125864,0.0293567711272977,0.0259134630318869,0.14793149591973,0.00529803641151027,0.0342943963296767,0.000145593140755355,0.0771383283842279,0.000214639589033061,0.0148227641885349,0.00129552909789301,0.00564761903425043,0.00262946827302324,0.021724300298573,0.00355612977314861,0.00440925360822952,0.0641847362891224,0.0254225167701153,0.254006196076304,0.00852833552854429,0.00502887994787331,0.000116963201646137,0.00034932966066761,0.00236618663808248,0.00298048418172258,0.010013072919476,0.000158559702309975,0.00261873086032839,0.000774757876506806,0.0207574052251271,0.349146652909787,0.0566633517109677,0.236831666581988,0.0104504825260573,0.00522621295229717,0,0.090490286040026,0.00901126927699065,0,0.00337882664491467,0.00121120033773139
0.0109560232073476,0.0418898577853918,2.61340035138935,0.00148601950041378,0.00116941203498997,0.00806547403986883,0.0489101805242188,0.0885211157175027,0.0193395558664771,0.0457735710221934,0.592027579056719,0.0350541512260801,0.0222265120910732,0.17636306350368,0.00154357940484743,0.0144025569360448,2.06738626399161,0.433136913971775,0.919575130277108,0.00912830065578098,0.0771932411343806,0.0201918988652053,0.896713779063377,0.0473809312976735,0.0481856839094106,0,2.64248348601443,0.0994389515743902,0.234727266923609,0.0863943604140848,0.295751971818467,0.0305675102807499,0.00311632314533975,0.524048573009742,0.0660283277049931,0.71265900438181,0.985862591580723,0.839732641227513,0.414945717951638,0.00421097534703009,0.00345926642221159,0.00685989975442903,0.0291250073798369,0.0369917357351197,0.02369258246668,0.0284155845887928,0.000469589725819832,0.000461733862348067,0.00198481923490211,0.000104315137413097,0.0650093132755268,0.0149460164227271,0.000294531949904883,0.000790429174822426,0,6.65837120635897e-05,0,0.0044662278958628,0,0.0282753134164781,0.000133498993043494,0.094055731135341,4.51822712813794e-05,0.000960729535338768,0.00600643584121512,0.0120735766214211,0.00823386692503029,0.0303680076722858,0,0.000376275075255424,0.0119788396094908,0.00557229108270456,0.00528678611415077,0.0391363281984136,0.375139139207691,1.02019844665827,0.000353284626894018,0.000318524626906723,0.000397655297163376,0.280056408587541,0.000238208794623745,7.3730107283032e-05,0.00497195814359158,0.0527883565015186
0.00844621314474675,2.57246695937911,2.24066378114769,0.0008785053339377,0.00789418843467523,0.00422912080350897,0.0335965022616987,0.0466493590229718,0.765733789079734,0.0132440462442032,0.0999068332916294,0.00836199524076918,0.37184634950387,0.109230572348639,0.0205261961820779,0.896454956110251,1.56390683925718,0.174540600051822,0.365952901452318,0.00482878453557081,0.490221804797534,1.45073326480823,3.6251417553981,1.1627044483726,1.04407827157473,2.64248348601443,0,0.45829342341969,0.169419107325881,0.0815004348824732,0.219754621365212,0.0118687994484368,0.00560825346012416,0.919057295277157,0.210435927333155,2.80096649865445,1.09592043368891,1.65872697015418,1.24614332369627,0.035009459148219,0.015234112556098,0.00611595585423954,0.389117645207157,0.123372138872058,0.24303668418226,0.257326452347303,0.00925751116365293,0.000853028630832714,0.00290114441026899,0.00165800562637896,0.681141555067459,0.308051188653651,0.000443664186156022,0.0043716199428478,0,0.0167337621055254,0.00180280637833811,0.0211859310026627,0,0.056102868068851,0.00164531519333782,0.24010025346858,0.00994812051732142,0.00323006207773469,0.50877186850266,0.139209496309366,0.0503949885544523,0.203583705844307,0,0.0479822374415131,0.2905258841309,0.558487202940761,0.112234446407165,0.16841833621381,1.31542775959298,8.21325587661858,0.0984268883255156,0.00249940267504946,0.0174985966768258,0.382736793138428,0.000324665617302418,0.000313199112959123,0.0598510867166334,0.207111887523653
0.143922130632959,0.00780547559114866,0.199879737743049,1.54877549798196,0.0292349300294947,0.504411347633914,5.97104166363028,0.455813752192555,0.323832848397574,2.42300585986187,0.0772531695236351,0.175482835427611,0.00848799309584955,0.51089771930786,0.0796779803066932,0.117806671100252,0.0912741054025611,0.0253861824911756,0.0253789869094337,0.899861682723635,2.07905021714937,0.0889704769448787,0.78482544398635,1.7712886208281,0.0259906174981212,0.0994389515743902,0.45829342341969,0,0.428202376083593,4.23959836008011,0.0029093288905301,0.0423392280045672,0.197911119281145,0.385102789936773,0.381140914132851,1.54246614674609,0.0825994393613766,0.878698881973104,0.19139137647831,0.085083340570356,0.0467313035011093,0.0261386056928402,0.408591235199399,0.00649429869131007,0.135877065796668,0.0338871215723286,0.113338668345768,0.0341356951936473,0.00445211039381043,0.00236761933558599,0.00147272028413135,0.00446940959933328,0.283032388360256,0.0053212755722602,0.0167669183643824,0.0302531883820652,0.076012812601131,0.128976475844555,0.0465958496706472,0.00794376694745583,0.102610203500991,0.00147713026939433,0.0346173387912049,0.0283115974526297,0.0632444607513943,0.000662699760623914,5.8535507301718e-05,0,0.0964935869045981,0.0244382413729021,0.0324414929426362,0.024237272424013,0.657556251326506,0.000122831160922625,0.000701989512606674,0.0759003514374343,0.348380922423349,0.0563592995898458,0.01338450853904,0,0.00293650240924726,0.0132472788724794,0.0351175538009695,0.0837798673701864
0.325135655613656,0.00401231325269483,0.118668389532262,0.00991421624267256,0.00203169553955758,0.0263257857810879,0.307330709836869,0.100060207564449,0.0661068005876856,0.110261636094851,0.517504251809695,0.0484438904342946,0.0385920378369496,1.60965534540167,0.00559664718401783,0.00297274387223163,0.249688066704443,0.114276621049539,0.0658570932880562,0.0236626961919545,0.25058755794821,0.00674274501661832,0.535792459427279,0.293253951876357,0.0158331563316473,0.234727266923609,0.169419107325881,0.428202376083593,0,1.91575916112792,0.0170395553684829,0.0961952656621276,0.445914959584689,0.599766095747303,0.0142513590874421,0.0773476926897907,0.020560379081868,0.168667814983356,0.0272395083179833,0.0125043966324907,0.00777819465588157,0.0107727547119578,0.0259900579137133,0.00147138412290329,0.0101661549071037,0.00204837717932295,0.00471550670127958,0.00153472852685702,0.000858617115523538,0.00028413619358607,0.00157644721455427,0.00033130702153449,0.012767325294979,4.66206046636522e-05,0.000386651863112033,0.00349267929944517,0.00434485686826589,0.015966898642492,0.00180213894896477,0.00193267410009148,0.0113312782501008,0.00453977045075226,0.00182286883133533,0.000633311144580439,0.0025047823860103,0.000402371784116077,0,0.000209184083012438,0.00378883709819352,0.000485754255858091,0.00218189129001415,0.00211672872547273,0.0864544692597945,0.00139081630110002,0.00270423160012451,0.019639164632714,0.0342275895806042,0.00111082141229022,0.000514512680199877,0.00061482935244812,5.73930907936096e-05,0.000448907946622437,0.00268190509225911,0.0026690571402229
0.544540913933806,0.000490449942503327,0.198451903000813,0.000240735677429998,0.00292826839776157,0.0216255553717169,1.35916477156093,0.494261187079901,0.012752708592934,0.0106848850958578,0.0454000412305104,0.0118480373832041,0.00380765861390815,1.02632065247308,0.0073440551072965,0.0195815589961649,0.219173194736059,0.0135918130897242,0.0242069858787874,0.00229023830160867,4.07744886240882,0.00924582703412303,1.8826525109747,0.0950676603468175,0.0048626070641249,0.0863943604140848,0.0815004348824732,4.23959836008011,1.91575916112792,0,0.00121433904454359,0.0100791626710182,0.199977181116764,0.551657289781668,0.0598562929488936,0.198094645219734,0.00661749862927476,0.358309217293068,0.0486255652784758,0.0086135073339327,0.00765275838201904,0.00543556178319941,0.0330013288083216,0.000709855352741063,0.0135144564114099,0.00468093560541037,0.00275934598375003,0.00238291140007619,0.000119129358665693,0,0.000453002037064433,0.00185175065901638,0.000162264759539265,0.000109622475713241,5.07293597163558e-05,4.58272285422384e-05,0.000767283854285377,0.00387462030655895,0.000122977750400078,0.000346104411477685,0.000539922247653389,0.00037801205358249,0.000530500250046599,0.000522778342721605,0.0107668201217722,0,4.64503612380684e-05,9.26968755235313e-05,0,0.00472039489171732,0.00923090319022732,0.00306685791643065,0.0347357998981366,0.000142559496670413,0.000345257963549051,0.0208752891973914,0.0213800031206275,0.00520691672767158,0.00086678693609825,0,0.000188708883762592,0.00115159156115581,0.00261082710789118,0.0192626331385168
0.000609144237919849,0.0134265148387538,0.00251579825395757,8.83511181038855e-05,0,0.000967556549322052,0.00481859847875324,0.00229913783921987,0.0126546542446571,0.00463904762221822,0.0608401670784329,0.00393699347058788,0.151687357540527,0.0123138024918835,0.000200038590629238,0.00100263201325276,0.000332046678301233,0.0040941231616083,0.000885079371075482,0.00115017438755601,0.000714437255696803,0.0131055470596345,0.00150589787758398,0.0073570910746119,0.0707377802217056,0.295751971818467,0.219754621365212,0.0029093288905301,0.0170395553684829,0.00121433904454359,0,0.00528498782317497,0,0.0114358228482921,0.00433935906976405,0.0416062831853344,0.228730464941276,0.085949065191319,0.0319532115282102,0.000998734614733362,0.000372060053480398,0.00504819049486969,0.00257942323554357,0.035332965520166,0.00392762658345481,0.00430855955616052,0,0,0.00236871467810282,0,0.0413383065753119,7.10826772403359e-05,0,0.000156777609869075,0,0,0,0.000495548918253815,0,0.0727341629970445,0.000103997263017392,0.230193022192226,7.86477795959651e-05,0,0,0.000350003053386674,0.00200138102175948,0.00208290119627655,0,0,0.00272887649282783,6.37064814649522e-05,0.0001771749606197,0.0783863841264052,0.137334506408349,0.364865485637707,0,0.000682679682098151,0,0.376846422749415,0.00027952718719939,0,0.000581839971247277,0.00278828521171137
0.00267486155367371,0.00247686741807566,0.0045484695539613,0.00291683402949937,0.0428818786207703,0.034852091024318,0.0280491718532592,0.0384178264941903,0.0172494903381629,0.0596566023891664,0.267838475168261,0.0564305286891368,0.036859536000486,0.0721547725697709,0.0157937768832629,0.000699762584613061,0.00398382245011199,0.0208303937182281,0.00435702818738363,0.0134944372726893,0.0085311517764233,0.00155373869554966,0.0123343860383788,0.0269915928461659,0.0880071420454598,0.0305675102807499,0.0118687994484368,0.0423392280045672,0.0961952656621276,0.0100791626710182,0.00528498782317497,0,0.000268203207311338,0.823684872395494,0.0379453189047849,0.382774724951399,0.0221994411458419,0.0462803899596891,0.0831955696609055,0.164138944243342,0.432779391090187,0.0442919775849317,0.00198313025141328,0.00110215439345695,0,0.000201830878864789,0.0043413642484571,6.63822066228687e-05,0.00118582891156137,0,0.000293400603257376,0,0.000273647195358676,0,7.6854846275121e-05,0,0.000143278978517723,0.00390781770560738,0,0.00178011782989385,0.0048310464286646,0.0064228805549444,0,0.000543287532057217,5.97597068369031e-05,0,0,0,0.000204570610271859,0,0.000455169676302868,0.00011459236054039,0.00871961437056043,0.00221880087916246,0.000112602129606176,0.000632881512850949,0.000882699220551825,0,0,0.000396378562571329,0,0,7.26179014487624e-05,0.00599974531201447
0.000971769163106938,0,0.00400072729923738,0.000220549294191778,0.000202204006539354,0.00118367205657326,0.0279413609764836,0.00285153077973444,0.00793629165229892,0.00130507289351231,0.000761864687248877,0,0,0.00765308968994665,0.000848593570956662,0.000311579648490328,0.0175375526316396,0.0007294430229626,0.0030179185009758,0.000592130147785741,0.0392879587982995,0.00146157124792775,0.0455292651325197,0.0598675719303892,0.00027516132872504,0.00311632314533975,0.00560825346012416,0.197911119281145,0.445914959584689,0.199977181116764,0,0.000268203207311338,0,0.122544766918203,0.00109826269975674,0.00381350124250718,0.000302189786964625,0.0148805058223593,0.000844405034611013,0.00059265218921454,0.000662200316877633,0.00016214381343329,0.00335267298881073,0.000119466940170884,0.000858331507703271,0.000200880328450369,0.000768118870416242,0.000415511632323083,0,0,0,0,0.001797036110089,0,0,0.000337845598678419,0.000954693587973068,0.00211118183401036,8.87335281126293e-05,0,0.000874487383257544,0,0.000509211809987766,0,0.000141120308919451,0,0,0,0.000340245207633647,0,0.000302937206914303,6.94711162974596e-05,0.00966312448413146,0,0,0.000358340305602986,0.00396604777240931,0.000110252325175023,0.000137156513395864,0,0,0.000106312587393415,0.000348511786078006,0.000641658265124441
0.00963360271706672,0.0221784217531313,0.242269568894671,0.00380530018700106,0.240785489498124,0.0184335859326256,0.0580682274318222,0.0608770409810689,0.0185885260194996,0.0646209905873384,0.775885553975644,0.0555108247712127,0.0502481498426336,0.140348607686043,0.00262338003927859,0.0392997469761477,0.40605123517709,0.349058714892486,0.424979152944071,0.0143127067505169,1.17875177795324,0.0189988720279279,1.58526188606403,0.0924852992180365,0.0272311412342654,0.524048573009742,0.919057295277157,0.385102789936773,0.599766095747303,0.551657289781668,0.0114358228482921,0.823684872395494,0.122544766918203,0,0.0142688934019328,0.127034066188623,0.0476241779375987,0.189846067326492,0.0373815719189757,0.00570337729178746,0.00932695651100886,0.0234956866774311,0.0263072588649931,0.00365352880832973,0.0106611296797494,0.00715058399461718,0.00338916800970979,0.00117071707947019,0.00210893895862193,0.000227966248524189,0.00927208550427631,0.0151091746401703,0.00445376364646807,0.000342167758779558,0.000606303321683758,0.00228216061989593,0.00233333424640658,0.00681212178057412,0.000565147313326615,0.00340737795255855,0.00638413170944202,0.0118592058236718,0.00212058704462659,5.54121077233672e-05,0.0233781009955609,0.00358564746534248,0.000573105622252095,0.00303986282781311,0.00104132211413678,0.00446561028332432,0.00792918769482799,0.0228796982864488,0.0481560182932499,0.00537298506275246,0.0173608934782657,0.193151475578201,0.0204035107661126,0.00139086566243572,0.0008472862292834,0.00282126187340602,5.60202212577939e-05,0.000355484734604818,0.00374591597151003,0.00465033528774373
0.00224470868144287,0.0039750068129834,0.036820225701798,0.00325794631794239,0.0663766384386675,0.219944031188313,0.0466038680020507,0.0337354793535211,0.0402152539937769,0.0502337079685517,0.0175211421295943,0.229941498315176,0.00192446739393365,0.0242097085720639,0.16011411212321,0.0693430367669115,0.00695489510332192,0.0183832775550791,0.00511255085645467,0.013858399789618,0.233267360887039,0.014642409934897,0.290416263349151,0.176105116083953,0.00559798984041765,0.0660283277049931,0.210435927333155,0.381140914132851,0.0142513590874421,0.0598562929488936,0.00433935906976405,0.0379453189047849,0.00109826269975674,0.0142688934019328,0,1.27722270118951,0.282423483288939,0.0550263114132427,0.26283828836062,0.01689141939014,0.0219889640041325,0.00936442519459576,0.360168553667623,0.0942696995845293,0.0293968196719361,0.354426568530713,0.0163107260678497,0.00949007469869358,0.00158146637207945,0.00041308897018618,0.00272742184026494,0.01454876433588,0.00146326183674334,0.0590123413747733,0.00228126984081958,0.00343744284696981,0.0054084345505831,0.0126482485944781,0.00114264463685931,0.00521814952647696,0.0311189952366307,0.000744531499026734,0.000574552248181188,0.0271204646916455,0.0380748726522002,0.00039474624071551,0.00693032685019843,0.00163847169520936,0.000320474187921583,0.018973362238349,0.0117404239419228,0.0733635855157731,0.0471769797156808,5.81053535948158e-05,0.0285964290112292,0.0959009741517618,0.0368504846708583,0.000599798311134487,0.00345384955729245,0.00133708700423636,0.00171444334585356,0.000309598099123836,0.00170576975059733,22.208080724884
0.0166838209932562,0.0459115757636578,0.61282267250864,0.0303198811627865,0.10718862104612,0.246504559755215,0.219517697747919,0.459070459912264,0.284972125159443,0.421161729642073,0.168244102805194,0.389272416269373,0.0295962659462341,0.233571672394002,0.0449734655384293,0.679368383203307,0.0789619560549999,0.134559973893108,0.0664004508389515,0.0902867074896834,1.01142137399406,0.153894144567861,2.49681351916588,0.944542274944635,0.0836725335955391,0.71265900438181,2.80096649865445,1.54246614674609,0.0773476926897907,0.198094645219734,0.0416062831853344,0.382774724951399,0.00381350124250718,0.127034066188623,1.27722270118951,0,3.84531144772359,0.353367662994353,0.615139977195564,1.11758391730593,0.316419663714635,0.134142532303468,0.831213724749376,0.050088025916823,0.265556651509406,0.114057366604033,0.102402368850236,0.0506211181688202,0.00923557085751894,0.00359744113133998,0.0335847632679109,0.0673624668417912,0.0443545761594896,0.00329355785267594,0.00385723128891306,0.0439187735465489,0.0651544323401457,0.101622797679663,0.0111327690360557,0.0124976469918102,0.0812303063294671,0.00551818713409077,0.0428665000557591,0.0164639596505214,0.525063165298274,0.0150827251878379,0.00202474429987438,0.00812520634781588,0.0169178861588269,0.139117858471845,0.138280276561008,0.253242424524316,0.982392527029013,0.00232506413476606,0.0499282333432587,0.831972644038728,0.495686025504362,0.075043300662867,0.0234168995298659,0.00178205565626556,0.00499713587920912,0.0212124108429443,0.0682011609929325,0.410936373455327
0.00106178496566623,0.0374755647733151,0.109537852934529,0.000505887237359971,0.00285393144741744,0.00440653282804955,0.0077749179623706,0.0110917351925726,0.023914398452323,0.0145516514717386,0.626536381210799,0.0110733597237922,0.386143446963048,0.0199286198500002,0.00171593088299345,0.092786692366521,0.0330310707464439,0.225444946597022,0.0577919493816658,0.00374516581364109,0.0354598010184994,0.0282800872495436,0.373223258856787,0.0597702140723319,0.0349550690771939,0.985862591580723,1.09592043368891,0.0825994393613766,0.020560379081868,0.00661749862927476,0.228730464941276,0.0221994411458419,0.000302189786964625,0.0476241779375987,0.282423483288939,3.84531144772359,0,0.267061142726803,0.57402756108279,0.01653281571,0.0469994094236492,0.0346344861948627,0.0707311478585163,0.0320749634663618,0.0204702927089474,0.0316784728485357,0.00410381870246308,0.0023413107900713,0.0158011662515815,0.000223209010400933,0.0293807815466072,0.014586690185505,0.000240688312904111,0.00357705569250785,0.0001239146752343,0.00164191139340255,0.00158490718070571,0.00570050120855427,0.000555872501039419,0.0756349146266969,0.0014388428445383,0.235045508328526,0.00197292175941559,0.00222295004807013,0.117138338794627,0.00444883184875694,0.00215715226902551,0.00684124468056864,0.00026561822497203,0.0134447752607578,0.0230518968892291,0.0733784993165279,0.0302734949801486,0.0347021540515503,0.0654624765617551,0.299879652016637,0.0219078691427205,0.00607788870138952,0.00175365581070904,0.0574754163078719,0.00325104186910237,0.000726143904120147,0.00912828272388712,0.233484865615014
0.0119980947776384,0.0399630026747242,0.364851441973299,0.0121692594884313,0.00497393723326263,0.0297726462725699,0.135780377753815,0.0662188851175954,0.0510883227976418,0.127889059131257,0.7697051516951,0.0897872260970136,0.114512443836166,0.10839559314029,0.00664161759034027,0.181740772368456,0.108307985647951,0.330746616011711,0.128628526316788,0.0302507119143981,1.22607435924503,0.0494859152038936,2.06155800715426,0.252164484123822,0.115856756883958,0.839732641227513,1.65872697015418,0.878698881973104,0.168667814983356,0.358309217293068,0.085949065191319,0.0462803899596891,0.0148805058223593,0.189846067326492,0.0550263114132427,0.353367662994353,0.267061142726803,0,0.284055863399407,0.0291006497347507,0.066218145436207,0.195253837096984,0.100969546158322,0.00915959141660808,0.0368348012833488,0.0244108702315668,0.0174340753713845,0.00613690001326233,0.00367499095114558,0.000739820335258779,0.0240296061380574,0.0303166406826896,0.0113899124948469,0.000877784067026123,0.00128502306645929,0.00698084239122387,0.0109920803679863,0.0203423207919218,0.00283842951599929,0.00818009820902335,0.0187287272591518,0.0229896688693911,0.00644814840060605,0.00230166333583139,0.112289400676682,0.00792194421919626,0.00157903927313453,0.0058577653703124,0.00494592996888792,0.0139330009097761,0.0293797917075438,0.0909511583441841,0.155615669933361,0.0092065276772634,0.0420927483030259,0.438470688549246,0.0699678485311215,0.00699916968050419,0.00384616772404864,0.0131086977916245,0.000215853575538492,0.00193958878904499,0.0128606143932718,0.0409356790296501
0.00460585062696363,0.0207117560647473,0.208496347242913,0.00361081481065492,0.00588998204028062,0.0228986080385057,0.0311809483664205,0.0414877972795512,0.018539336951112,0.0568523464167583,0.0835313071356189,0.0533225725881205,0.00624136134374551,0.0332932889829006,0.00389386863729477,0.149331352086651,0.0375704834259986,0.121936789486924,0.0512610145385826,0.0160133979760449,0.452307612952104,0.0271767941106556,1.28228291799473,0.0693497108267399,0.0352645596637437,0.414945717951638,1.24614332369627,0.19139137647831,0.0272395083179833,0.0486255652784758,0.0319532115282102,0.0831955696609055,0.000844405034611013,0.0373815719189757,0.26283828836062,0.615139977195564,0.57402756108279,0.284055863399407,0,0.0390737784410547,0.125076385888973,0.0331271240672254,0.0506600645901598,0.00688869338023812,0.0156951771104464,0.0314578804099562,0.00892291568688052,0.00124802005812705,0.000622375104707116,0.000187831779509592,0.0123781552626366,0.0208451286949381,0.00288503942997461,0.00507504681382234,0.000671841160901171,0.00339084050905344,0.00154210570010897,0.00578346237558382,0.00038574596146366,0.000702933412733397,0.00492909369085188,0.00174586855279684,0.00111447081983327,0.0024055300060093,0.0846189111674051,0.00502990336337995,0.00141495300939755,0.00436059040746366,0.00119691916867642,0.00810664971347879,0.0177018082228796,0.0682358748914808,0.0419295558369706,0.000789797557531482,0.0266130329477428,0.295730227268636,0.0229968049013892,0.00129392595260483,0.00209164333307624,0.00302582934442693,0.000151113544326186,0.000277237154106307,0.00388066623304944,0.323584228672354
0.00191393080219972,0.00490102014273224,0.00336530495053301,0.0307066918522992,1.4137763710137,0.524770371927098,0.034464627717772,0.163981333360549,0.261736167090569,0.0952434168461293,0.00543011692601043,0.240402222456637,0.00298055301872496,0.0261612996334096,0.257186033758227,0.00135406524535571,0.00239902504470318,0.000977094118144761,0.000107744041507333,0.046525739599829,0.00926291131544623,0.0257298780950772,0.0137594325791732,0.270957562703515,0.124041599850428,0.00421097534703009,0.035009459148219,0.085083340570356,0.0125043966324907,0.0086135073339327,0.000998734614733362,0.164138944243342,0.00059265218921454,0.00570337729178746,0.01689141939014,1.11758391730593,0.01653281571,0.0291006497347507,0.0390737784410547,0,0.169676533962343,0.0382665921342525,0.0486541724943325,0.000147123214130068,0.0105568199812425,0.0044641483378506,0.131748911502665,0.00554016292237799,0.00476843650848448,0.000317787969047946,0.000226483359937858,0.000301150825394851,0.0429202829168615,0.0043326529230977,0.010993050418689,0.00231898380208517,0.00869059743690502,0.0349380753269438,0.00763387223220507,0.00255127480582462,0.0676192062900651,0.00079211656037097,0.00290391022084944,0.0230706407287955,0.00136210130921841,0,0,0,0.0268499641213978,0.000387615829823252,0.000417321946014476,0.00100581720560057,0.0773765343867649,5.17847537259996e-05,0.000232848687361765,0.00184417796090454,0.030259403064838,0.00158867589209562,0.00027672239573971,0,0.00131818173084426,0.00104679996177553,0.00176245329188742,0.0114782797868641
0.000385825538397521,0.000339424705921877,0.00320039208385772,0.00295528224555792,0.404959995535692,0.032021843632295,0.0150059172333544,0.00989648848384531,0.0117877757089095,0.0275252009423412,0.00371318995253546,0.0149123788539147,0.00114735399832789,0.00505696555810306,0.012163816938284,0.00169929623104386,0.00150123767801634,0.000931353286712956,0.0005785999786576,0.00824345028506018,0.0094428217380917,0.00144039496407223,0.0179461548440265,0.0259063796999103,0.0920986112892398,0.00345926642221159,0.015234112556098,0.0467313035011093,0.00777819465588157,0.00765275838201904,0.000372060053480398,0.432779391090187,0.000662200316877633,0.00932695651100886,0.0219889640041325,0.316419663714635,0.0469994094236492,0.066218145436207,0.125076385888973,0.169676533962343,0,0.0672311718171217,0.0089814878729441,8.13458365233779e-05,0.00427569731585419,0.000926163280071423,0.00480717568263178,0.000377202299188673,0.000436136769584728,0.000146612326275229,0.000247007334529901,0.000244242794422781,0.00242906282583486,0.000174608323816723,7.63483115149319e-05,0.00102778603336823,0.00168491600938834,0.0048388634639109,0.000151972290732068,0,0.00298393279785062,0.000167823203445125,0.000675875204243445,0.0005069479348571,0.000817140615497154,7.86445935640216e-05,0,0,0.000861505499696132,0.000477156965328264,0.000393024921710825,0.000944658170882206,0.0292798721690069,0,6.61763850198626e-05,0.0024842586477854,0.0110157445537689,0.000420146375643229,0.000195676706077265,0,0,9.53039852732543e-05,0.000198682951272356,0.00631502685386156
0.000799365561084372,0.0142174322840512,0.00124898048425563,0.00236347365801782,0.00208027439172813,0.0117464586582097,0.0137778405607448,0.0244740503209704,0.00783835459874829,0.0308962587512069,0.117248165671278,0.0270650592391341,0.281408007713677,0.0178066968214209,0.00261286378250433,0.000601076761850387,0.00206992876247603,0.000441510886523492,0.000193766283519727,0.010125838361534,0.00375390453050386,0.00580582389286824,0.00531303707964766,0.0152432015887451,0.0900990796925453,0.00685989975442903,0.00611595585423954,0.0261386056928402,0.0107727547119578,0.00543556178319941,0.00504819049486969,0.0442919775849317,0.00016214381343329,0.0234956866774311,0.00936442519459576,0.134142532303468,0.0346344861948627,0.195253837096984,0.0331271240672254,0.0382665921342525,0.0672311718171217,0,0.00468177105734313,0.0027480962280652,0.00172740405978386,0.000914704275460195,0.00805329683127009,0.00037591755519793,0.0203319121905268,0.000120048275279176,0.0124863232729109,0.000311734060242498,0.00186196450620687,9.71457382551313e-05,0.000578633971205524,0.000518238586979782,0.00113351047778757,0.00455412801317132,0.00083604875484071,0.027798489531831,0.0044240371756199,0.113444984663329,0.000565595743629435,0.000278280532786828,0.000719630788148034,0,0,0.000122346266065645,0.0010853792335592,0,0.00188026784854231,0.00049318202644887,0.017144890489155,0.0464119633558978,0.00055294691120322,0.00574307114784964,0.0052173084066574,0.00185875096457637,0,0.00377218626740629,0.00236789509970015,0.000304510089823329,0.00253887311985469,0.00238774694465998
0.00680779445240416,0.0182174982945364,0.0491978381768658,0.013494128636309,0.00412001139958436,0.0213380618120259,0.0330844510423153,0.0499415138545299,0.127556438132535,0.0243917786713301,0.0015151546668775,0.00705484575860677,0.00267335963999554,0.0389339781366851,0.0114102170936584,0.19917909807388,0.00749080025958816,0.0014190003483909,0.00092010320602332,0.0333847302540687,0.078011075627748,0.0730321901692588,0.139797553457552,0.543215878474567,0.0309289367925784,0.0291250073798369,0.389117645207157,0.408591235199399,0.0259900579137133,0.0330013288083216,0.00257942323554357,0.00198313025141328,0.00335267298881073,0.0263072588649931,0.360168553667623,0.831213724749376,0.0707311478585163,0.100969546158322,0.0506600645901598,0.0486541724943325,0.0089814878729441,0.00468177105734313,0,2.92826986874317,0.332474990929785,0.679222610487549,1.08521641906635,0.212467078063712,0.23305881670894,0.00855108375722676,0.0470297656553215,0.445506810059675,0.105254784504793,0.00741570696397302,0.079983228753264,0.173558401299889,0.439946930149634,0.0783089503259282,0.194977389057004,0.307066826901184,0.22076703053492,0.0298385137208261,0.268468012640204,0.0181100377015371,1.14337033697429,0.0482246836118407,0.219846008042959,0.0902460813179465,0.0879252703043822,0.727091941287189,0.0609426950464361,2.84166048804616,0.609912309297707,0.0110370434456868,0.899382578309821,2.50488170819986,1.23973687034418,0.0899990334341426,0.0512166704571533,0.0674933587373958,0.189901290980673,0.00160549891633726,0.0381524782965052,1.49964121842169
0.00013971185381974,0.00699816022543118,0.00685738509377314,4.79843100488544e-05,0.00069638956657219,0.000131589530727422,0.00032736664851622,0.00095128410045372,0.00680279589328952,0.000307391097371736,0.0488883258322292,0.000314271069902989,0.0949032706369291,0.00114071201056446,0.00101165073652724,0.0366779962967493,0.000555407803261289,0.00131309826422454,0.000153273560724669,0.000630863457073617,0.00766409607120065,0.0116344099009879,0.0234565586621194,0.0126458344784903,0.0162903181125864,0.0369917357351197,0.123372138872058,0.00649429869131007,0.00147138412290329,0.000709855352741063,0.035332965520166,0.00110215439345695,0.000119466940170884,0.00365352880832973,0.0942696995845293,0.050088025916823,0.0320749634663618,0.00915959141660808,0.00688869338023812,0.000147123214130068,8.13458365233779e-05,0.0027480962280652,2.92826986874317,0,0.273025489995308,0.930680868493713,0.0402426632690092,0.0384746963814167,0.175436630248027,0.000852072663671562,0.0263824721267755,0.0404746509644773,0.00152913271970947,0.00144387598958085,0.000593442487638944,0.00566156229925757,0.0105990495444837,0.00397105882204949,0.00415395885801543,0.487661496549656,0.0150461159425231,0.260677809322722,0.00822186987004151,0.00383251036478283,0.146953544237015,0.00531421992724584,0.100166319200387,0.0173973101508475,0.00145617932712733,0.0479915516557085,0.00967586515503641,0.273644068068888,0.0260449969473983,0.0322181626168056,0.591662873202098,0.488527467903433,0.0516756836181104,0.00693147406298956,0.00256664584648221,0.160191507939981,0.00907927638206417,3.19106730208188e-05,0.00812510126046706,0.277179465037085
0.00285724150316398,0.0113128653786843,0.0307354574119738,0.00547729086120176,0.00150813176855932,0.0106842542689194,0.0126613828511252,0.020245428887343,0.0419738020254756,0.0145969036485989,0.00240689087498894,0.00175108172095498,0.002678117459188,0.0125794184516705,0.00484531448426817,0.0531908915931623,0.00567936281976649,0.000841568518250569,0.00100828299981444,0.0206100862620808,0.0191735729707274,0.0281664168217598,0.0544501386984945,0.175482119779343,0.0293567711272977,0.02369258246668,0.24303668418226,0.135877065796668,0.0101661549071037,0.0135144564114099,0.00392762658345481,0,0.000858331507703271,0.0106611296797494,0.0293968196719361,0.265556651509406,0.0204702927089474,0.0368348012833488,0.0156951771104464,0.0105568199812425,0.00427569731585419,0.00172740405978386,0.332474990929785,0.273025489995308,0,0.338416315207591,0.0548763027621426,0.0689062180141398,0.19438198137365,0.0192753071760504,0.0257996564837198,0.32239584739958,0.0540979021505399,0.00248508753314382,0.013592121795045,0.20717255254122,0.0911146809141725,0.0291275113818124,0.103240349381927,0.331789719137401,0.0900733566727316,0.0318908180144486,0.131699453052075,0.00726696900040598,0.424641161954985,0.0469167656213488,0.386032973336685,0.159728613519949,0.0387798727827939,0.929270457350125,0.018245746919297,2.21566405695464,0.305439170230801,0.00411450335850688,0.744447561478794,1.46137978286044,1.10626078611129,0.108224529488756,0.268829644010931,0.0855592865406997,0.0842024606355975,0.0208041118403425,0.0908576042512549,0.0953575147512546
0.000587353842713976,0.0129742689278283,0.0341416416145003,0.00134342492292178,0.0018822842571362,0.00156133386331183,0.00320816891699461,0.00389407469034058,0.0109182376071442,0.00192271519947258,0.000599332505385435,0.000534739139977467,0.00155116032656568,0.00244020089805063,0.00789152449586577,0.0406595102278889,0.00535310986422773,0.000932224540879484,0.00114782864814707,0.00360375046437558,0.0140511374871001,0.0215836777665191,0.0565728677242151,0.0430866970570539,0.0259134630318869,0.0284155845887928,0.257326452347303,0.0338871215723286,0.00204837717932295,0.00468093560541037,0.00430855955616052,0.000201830878864789,0.000200880328450369,0.00715058399461718,0.354426568530713,0.114057366604033,0.0316784728485357,0.0244108702315668,0.0314578804099562,0.0044641483378506,0.000926163280071423,0.000914704275460195,0.679222610487549,0.930680868493713,0.338416315207591,0,0.540055598875119,0.262219992162229,0.12322866182281,0.00701415279838216,0.0317094289775224,0.321492253942713,0.0124754834590811,0.0156757555792338,0.00686636965214867,0.0502332950721074,0.0533539226327785,0.00633271762369513,0.0251776585101555,0.113081133167549,0.0836902989736728,0.0216813872009853,0.0535760560077721,0.00912456366682963,0.383925418014614,0.0352441770022254,0.242016273638028,0.0956839277741221,0.0111266274276585,0.441773918254359,0.0146621696016003,1.88157101965789,0.0871147436400594,0.00372309963216164,0.73676360251247,1.74020320633369,0.355358242397733,0.0238513038293342,0.0649841139911059,0.0480656495699434,0.0686089107054073,0.00250156340547365,0.0230372112443089,0.545281637021613
0.000950994518711077,0.000673867590476524,0.000389637583761311,0.0524971510151785,0.0269833681711818,0.035406206950718,0.00856524305686665,0.0131500244250416,0.0664721718379379,0.0410905772598448,0.000472663365192944,0.153157600096366,0.000241258868686399,0.00718249490154297,0.057469122872988,0.00815357141785836,0.000330565262085152,0,0,0.0778157916628929,0.00400156512469007,0.00291529817251643,0.00468851244733347,0.115550909687438,0.14793149591973,0.000469589725819832,0.00925751116365293,0.113338668345768,0.00471550670127958,0.00275934598375003,0,0.0043413642484571,0.000768118870416242,0.00338916800970979,0.0163107260678497,0.102402368850236,0.00410381870246308,0.0174340753713845,0.00892291568688052,0.131748911502665,0.00480717568263178,0.00805329683127009,1.08521641906635,0.0402426632690092,0.0548763027621426,0.540055598875119,0,0.406571515151253,0.102343623505552,0.00256225956687267,0.0188795510247628,0.00735249017857238,0.132030247486866,1.0047502013606,0.4462954384075,0.0521932531285334,0.292715878938047,0.328768983644975,0.119759349684302,0.0387078568493341,0.28447984369176,0.0169269914934195,0.0553636545692668,0.223443888184387,0.039979474110246,0.00145660446049487,0.00325014089669352,0.00114810268628873,0.0866977609965989,0.0487034558165753,0.0318250551709583,0.102487900610756,0.313662904505675,0.00470276599836657,0.00800046270104765,0.0992161068599048,0.193928919319031,0.0140416865813009,0.0105006330177472,0.00450900374786101,0.0769333407066169,0.000456976904910779,0.00377414865872444,0.0160636315754027
0.00134004922112912,0,0.000205405552537995,0.00225404095802646,0.000291200318271228,0.00244754968016322,0.00210300223866995,0.00375518151131167,0.0118847810746351,0.00158781202440192,0.000188797009307665,0.00136996694991804,0.000134399994998229,0.00188346109460765,0.00113886114759944,0.00153480120482526,0.000136447357837558,0,0,0.00568834254000232,0.00106801565985003,0.000225646265745973,0.00120497570784179,0.0489678564455189,0.00529803641151027,0.000461733862348067,0.000853028630832714,0.0341356951936473,0.00153472852685702,0.00238291140007619,0,6.63822066228687e-05,0.000415511632323083,0.00117071707947019,0.00949007469869358,0.0506211181688202,0.0023413107900713,0.00613690001326233,0.00124802005812705,0.00554016292237799,0.000377202299188673,0.00037591755519793,0.212467078063712,0.0384746963814167,0.0689062180141398,0.262219992162229,0.406571515151253,0,0.0971195438577058,0.000174760096135938,4.08082261329859e-05,0.00258310151188457,0.0171918742152846,0.215102652819992,0.180630814823859,0.0273290779480383,0.0658781797080834,0.0127865647447124,0.0285208648131988,0.0955171266024509,0.0218147385187399,0.00228366913954294,0.0131020371702522,0.0155831710421132,0.00253340850877524,0.000369379037145785,0.003217485302813,0.000600747950550592,0.0109513876071966,0.00452124830631892,0.00144746348124656,0.00579636680459123,0.0528541143468289,8.43665641295134e-05,0.00583947438800815,0.0112913802516271,0.102181669531857,0.00417168454370603,0.00184500585647561,0.00149758693352171,1.50610608376694,0.000101691019078624,0.00396608783910005,0.0392828724238717
5.59041157536745e-05,0.00160538054564814,0.000144464182400728,0.000334148765055537,0.000545580921071118,0.000900300010835647,0.000767814207958257,0.00181550434558153,0.00219181111126751,0.00126719100078711,0.0204263549820095,0.00186271442770868,0.0462060329304497,0.00149642437902653,0.000480564862293797,0.000186889083377939,0,0,0,0.00157358762285272,0.000199797845782733,0.000578130457512718,0.000150639899067312,0.0104132670384478,0.0342943963296767,0.00198481923490211,0.00290114441026899,0.00445211039381043,0.000858617115523538,0.000119129358665693,0.00236871467810282,0.00118582891156137,0,0.00210893895862193,0.00158146637207945,0.00923557085751894,0.0158011662515815,0.00367499095114558,0.000622375104707116,0.00476843650848448,0.000436136769584728,0.0203319121905268,0.23305881670894,0.175436630248027,0.19438198137365,0.12322866182281,0.102343623505552,0.0971195438577058,0,0.000889528398771647,0.026021721600318,0.00066098559172492,0.0167177650219017,0.000684970330730635,0.00962113899949809,0.0108366287703317,0.0837815617679597,0.00687676528782175,0.0252869565941418,0.423313893072583,0.0517658766763201,0.362244270233835,0.0436002106700237,0.00453790302485301,0.00129989205102138,0.000101774441902667,0.00209791541120509,0.000167400052114457,0.0161521124048937,0.000785667755955553,0.00374508551037073,0.00124762410378931,0.0176804320659938,0.0489833112241568,0.00874795871662237,0.00867051313718337,0.0260948291978311,0.0408082353069852,0.00153865744838026,0.0095129704007681,0.159729175911216,5.91372832424641e-05,0.0343626220891187,0.0103064316857512
6.61260338967979e-05,7.22133197107673e-05,3.50371749177545e-05,6.50063184818268e-05,0,0.000263924676642996,0.000251378166562617,0.000549224453906122,0.00124809329008076,0.000562389344718149,0,0,0,0.000250989603622013,0.000153251140317499,8.58447795407056e-05,4.06988964866012e-05,0,0,0.000200703373183149,0.00025406910293023,7.32355287601829e-05,7.46437573413939e-05,0.0049102345952257,0.000145593140755355,0.000104315137413097,0.00165800562637896,0.00236761933558599,0.00028413619358607,0,0,0,0,0.000227966248524189,0.00041308897018618,0.00359744113133998,0.000223209010400933,0.000739820335258779,0.000187831779509592,0.000317787969047946,0.000146612326275229,0.000120048275279176,0.00855108375722676,0.000852072663671562,0.0192753071760504,0.00701415279838216,0.00256225956687267,0.000174760096135938,0.000889528398771647,0,0,0.0378166360299017,0.00238501007920436,3.18599353390098e-05,0.004450582918012,0.65217591551684,0.13348685968346,0.00136653408913652,0.00837908669189535,0.00871884840317754,0.0102479404677406,0.000302055087246257,0.800352501752422,0.000211862378662896,0.000675585176850278,0.0598533257313587,0.0109231187952057,0.0265963107931741,0.00337881739212639,0.0434917628700075,0.000481588334430066,0.0740045387174452,0.0289612353391158,3.74350258924514e-05,0.0264195303194462,0.0260870370500738,0.0868945124221609,0.595551132564243,0.545944357626863,0.000710409732147872,0.00157401366968074,0.00326108554426984,0.0348794252554487,0.000267502708699178
0,0.202991974849202,0.0320912117959343,0,0,0,5.89726190660179e-05,0.000207442480753386,0.00625434319776102,0.000122045282071125,0.0125493205569608,0.000123782058501267,0.032231096025408,0.000687014150525168,0.000102448171937322,0.00312051196975783,0.0146884179202778,0.00297308248784302,0.004003738067416,0.000189999640342212,0.000325285049375364,0.015224520351998,0.00600848138944429,0.00681965307504364,0.0771383283842279,0.0650093132755268,0.681141555067459,0.00147272028413135,0.00157644721455427,0.000453002037064433,0.0413383065753119,0.000293400603257376,0,0.00927208550427631,0.00272742184026494,0.0335847632679109,0.0293807815466072,0.0240296061380574,0.0123781552626366,0.000226483359937858,0.000247007334529901,0.0124863232729109,0.0470297656553215,0.0263824721267755,0.0257996564837198,0.0317094289775224,0.0188795510247628,4.08082261329859e-05,0.026021721600318,0,0,0.00473168377354869,0.00013569020497886,0.00267113111159949,0.000253831536729196,0.000869647315690232,0.000294552400585967,0.217348460076765,0.000213294970293629,0.0320340487371394,0.00127001759711457,0.327247842345286,0.000554074985643268,0.00687859286862445,0.0375855016173117,0.009070560154549,0.00394507545368997,0.015885166508213,0.000436285419888097,0.00389643128540242,0.320415712611574,0.0080914936708856,0.222120353415135,0.314048988563234,0.0681554148112322,1.75549958353914,0.00742867504221673,0.00181578146388236,0.00159947120981307,0.0472940312964742,0.000955058147339157,0.000125415552344108,0.00679844614717455,0.00451521447148445
0,0.00490919013073367,0.0995143047556652,0,0,0,0.000272568654605368,0.000594034538057142,0.00116936649738503,0,0.000572690578806427,0,0,0.00118351852627352,0.000114001856357169,0.00340570361644533,0.0108359770716833,0.000869753309113054,0.00166236938709503,0,0.00227989574020496,0.00722290488106949,0.0467110123579892,0.00301752657226575,0.000214639589033061,0.0149460164227271,0.308051188653651,0.00446940959933328,0.00033130702153449,0.00185175065901638,7.10826772403359e-05,0,0,0.0151091746401703,0.01454876433588,0.0673624668417912,0.014586690185505,0.0303166406826896,0.0208451286949381,0.000301150825394851,0.000244242794422781,0.000311734060242498,0.445506810059675,0.0404746509644773,0.32239584739958,0.321492253942713,0.00735249017857238,0.00258310151188457,0.00066098559172492,0.0378166360299017,0.00473168377354869,0,0.000707920833047024,0.000272417451044559,0.000652282118186131,0.212850286065123,0.0665889330072416,0.00062436193047736,0.000664650803857655,0.0125723855791519,0.00100456142150761,0.000508578892677605,0.187527954859825,4.57073017695129e-05,0.00972062293557343,2.04472956950949,0.0864849518838654,0.430586015659395,0.000460914436599171,0.164409053416705,0.00166846404460888,3.37827603847879,0.00504589792329211,0.000640457042444044,1.86691170464489,1.24953721282917,0.188396718920792,0.0258762371293508,0.16784913093728,0.00118646148909379,0.000857993350053205,0.000730827686233353,0.135461564224721,0.0360346501142503
0.00083975507023254,6.53760065222145e-05,0,0.237533810895368,0.00796980664505709,0.0433060156934711,0.0451145177046748,0.0204055097746387,0.240402748949647,0.141833184770817,0.00020255613200953,0.0919224696887819,0.000138980853999144,0.00751854631858664,0.0251920330959322,0.000145486834638512,6.73903272064567e-05,0.000111216720301667,3.13546070360482e-05,0.23294675267403,0.000148890575482005,0.000964957623784214,0,0.33726402563214,0.0148227641885349,0.000294531949904883,0.000443664186156022,0.283032388360256,0.012767325294979,0.000162264759539265,0,0.000273647195358676,0.001797036110089,0.00445376364646807,0.00146326183674334,0.0443545761594896,0.000240688312904111,0.0113899124948469,0.00288503942997461,0.0429202829168615,0.00242906282583486,0.00186196450620687,0.105254784504793,0.00152913271970947,0.0540979021505399,0.0124754834590811,0.132030247486866,0.0171918742152846,0.0167177650219017,0.00238501007920436,0.00013569020497886,0.000707920833047024,0,0.0208113999425809,0.192590970170611,0.053213645450337,0.258923780999878,0.401646419851701,2.07343592011166,0.0469209568143624,0.537784579749838,0.00186421669101322,0.132447406516836,0.0832170268966406,0.000220168038934952,0,0.0190886752281021,0.00156340083477434,3.60775615159775,9.69183629244328e-05,0.000392177353500479,0.000481804607892114,0.833976205532498,0.0003331108351298,0.013942915301972,0.00200535436306812,0.716356511990791,0.0417193039432876,0.000403173827032268,0.00226262537393416,0.0211590433995355,0.000325586314055851,0.0184004889723725,0.0185288409209625
0,0.000155485902896619,0.000613814227026141,0.00304055077680795,0.00106182484030867,0.00193046015505493,0.000736324748550069,5.59904980911612e-05,0.00700378776240381,0.00251395263292609,0.000245895621127152,0.00726129512808934,0,0,0.00204499550433593,0.00162567586704969,5.89503759341955e-05,0.000441788809949863,6.10505323569357e-05,0.0044195969378264,0.000775024065290021,0.00016190766297288,0.00352272122192595,0.00519500354854384,0.00129552909789301,0.000790429174822426,0.0043716199428478,0.0053212755722602,4.66206046636522e-05,0.000109622475713241,0.000156777609869075,0,0,0.000342167758779558,0.0590123413747733,0.00329355785267594,0.00357705569250785,0.000877784067026123,0.00507504681382234,0.0043326529230977,0.000174608323816723,9.71457382551313e-05,0.00741570696397302,0.00144387598958085,0.00248508753314382,0.0156757555792338,1.0047502013606,0.215102652819992,0.000684970330730635,3.18599353390098e-05,0.00267113111159949,0.000272417451044559,0.0208113999425809,0,0.190300096499384,0.00194557459703319,0.00699129168469769,0.0844434184168786,0.00619625350102643,0.000513855830717775,0.0168934592729445,0.000706313361747933,0.000578941061350909,0.194218681367937,0.00397935709831089,0.000209880046330285,0,0,0.00476563300227107,0.0038898373811149,0.00675751938292573,0.00850498169034166,0.0750006330670144,0.000448065041738599,0.000387166680570411,0.0102493970087784,0.0169154843831729,0.000363665519167358,0.00027171728236152,0.000103729724971807,0.0264704245280008,0.000101091335971844,0,0.0545216564562191
0,0,0,0.0120806030504733,0.00190565116693356,0.00350132110086022,0.00243713641544167,0.00161161272205082,0.0191148331462009,0.00665413833886561,0,0.0179524766651255,8.74520834130797e-05,0.000536583522543669,0.00506870317308263,0,0,0,0,0.0159285625309315,5.8830198021394e-05,4.17586411287367e-05,0.000128803028174448,0.0288424162049221,0.00564761903425043,0,0,0.0167669183643824,0.000386651863112033,5.07293597163558e-05,0,7.6854846275121e-05,0,0.000606303321683758,0.00228126984081958,0.00385723128891306,0.0001239146752343,0.00128502306645929,0.000671841160901171,0.010993050418689,7.63483115149319e-05,0.000578633971205524,0.079983228753264,0.000593442487638944,0.013592121795045,0.00686636965214867,0.4462954384075,0.180630814823859,0.00962113899949809,0.004450582918012,0.000253831536729196,0.000652282118186131,0.192590970170611,0.190300096499384,0,0.170267830664854,1.13532575045643,0.0502510221735387,2.06174901906885,0.0114765754986036,1.23467585551922,0.000529856353975669,0.0537682520650508,0.353789433857266,6.86109960076332e-05,0.000342979862071731,0.00213046008980974,0.000409005794488856,0.158370235830165,0.000905055212754562,0.00120192559684677,0.0015554538837819,0.0529468258254093,0,0.00290746585712002,0.00147783889312659,0.420742859648933,0.0119817490795812,0.003501081500917,0.00106258193161344,0.0444438469377786,0.000319907857201749,0.00397896064169299,0.0196715115828277
0.000238104561643607,0.00019168860659594,0.00232700096642609,0.00652348611460684,0.000214464199698078,0.00606046121745534,0.00433361571043543,0.00950273069846054,0.0226888385775222,0.0122817421639989,0.000177879859107503,0.00137626376780653,0.000180709023465335,0.00374860598456854,0.00175928456891184,0.00151878606619982,0.000128878234778556,0,0,0.0150272892981341,0.000522601892196694,0.00106745786789278,0.00337921453076194,0.0505675798295141,0.00262946827302324,6.65837120635897e-05,0.0167337621055254,0.0302531883820652,0.00349267929944517,4.58272285422384e-05,0,0,0.000337845598678419,0.00228216061989593,0.00343744284696981,0.0439187735465489,0.00164191139340255,0.00698084239122387,0.00339084050905344,0.00231898380208517,0.00102778603336823,0.000518238586979782,0.173558401299889,0.00566156229925757,0.20717255254122,0.0502332950721074,0.0521932531285334,0.0273290779480383,0.0108366287703317,0.65217591551684,0.000869647315690232,0.212850286065123,0.053213645450337,0.00194557459703319,0.170267830664854,0,1.82801091162601,0.0288627874764994,1.56144113183684,0.107900963347933,0.0372195014261338,0.00448278091990124,2.89620625705691,0.0137392234259015,0.00377515589293129,0.230425612498306,0.0833307064307143,0.0899129990106059,0.0167342540150694,0.503218863574356,0.000588118283559191,0.482076185988706,0.280710883180749,0.000243772295801329,0.139336695159377,0.0860580469766906,6.19055864767996,0.527515966108141,2.45308255733719,0.00925772867311809,0.0235358583422606,0.047667181187087,0.182308861221475,0.0589856700648054
0.0011794313889646,0.000112698820997563,0.000306484018812027,0.0289872432305651,0.000924372249998403,0.0152462017450244,0.0158301622593595,0.0131066990194655,0.0489279098662134,0.033955731110739,0.000634976584918231,0.0105124018307258,0.00109073225473158,0.00464238451302052,0.00296122893478605,8.62537562300295e-05,0,0,0,0.0599912983293556,0.000555659307736537,0.000600127065804657,0.000480424827079895,0.141014660230697,0.021724300298573,0,0.00180280637833811,0.076012812601131,0.00434485686826589,0.000767283854285377,0,0.000143278978517723,0.000954693587973068,0.00233333424640658,0.0054084345505831,0.0651544323401457,0.00158490718070571,0.0109920803679863,0.00154210570010897,0.00869059743690502,0.00168491600938834,0.00113351047778757,0.439946930149634,0.0105990495444837,0.0911146809141725,0.0533539226327785,0.292715878938047,0.0658781797080834,0.0837815617679597,0.13348685968346,0.000294552400585967,0.0665889330072416,0.258923780999878,0.00699129168469769,1.13532575045643,1.82801091162601,0,0.0433687307576297,1.863589367767,0.117991183957785,0.541751535373925,0.00847009104088521,1.76753032485239,0.0349207869204442,0.00119202521678988,0.0554513578493854,0.0259710721917835,0.0265577577482933,0.216612178644954,0.071892293098392,0.000832501723810962,0.0977268976195381,0.164831854264162,0.00112698276860732,0.0587054373512681,0.0279619598572966,1.03519216782783,0.196470425647506,0.270120233971421,0.0141027418779328,0.112504940039052,0.00651757934680214,0.0559197124461525,0.0275970467579455
0.00146114454862797,0.00430423362403393,0.00272583780131979,0.0534536540230798,0.00845625974741956,0.0249843002677052,0.0197447021722872,0.0289832612938643,0.408894492208578,0.0413481624420215,0.00878314414789826,0.0495276062514095,0.00331901135240764,0.0168129621002916,0.0173612576264514,0.00234604280585203,0.000513665444380807,0.00092877396487399,0.000225682324044129,0.0485781877573205,0.00191520626139412,0.00712206124800155,0.00191941689067997,0.265959762322439,0.00355612977314861,0.0044662278958628,0.0211859310026627,0.128976475844555,0.015966898642492,0.00387462030655895,0.000495548918253815,0.00390781770560738,0.00211118183401036,0.00681212178057412,0.0126482485944781,0.101622797679663,0.00570050120855427,0.0203423207919218,0.00578346237558382,0.0349380753269438,0.0048388634639109,0.00455412801317132,0.0783089503259282,0.00397105882204949,0.0291275113818124,0.00633271762369513,0.328768983644975,0.0127865647447124,0.00687676528782175,0.00136653408913652,0.217348460076765,0.00062436193047736,0.401646419851701,0.0844434184168786,0.0502510221735387,0.0288627874764994,0.0433687307576297,0,0.0348194783286094,0.0257123452135623,0.159447545625315,0.0941492822072028,0.0238834023772912,0.229283734626569,0.00955931111720357,0.00180857720057268,0.00755342128409909,0.00361683338996086,0.0851601071187348,0.000842637340867802,0.562441168541392,0.000796183008169511,2.63465757199882,0.0498505713352418,0.0128223626081472,0.505974382427103,0.21609433855572,0.0290178976812289,0.00456875544037489,0.0287098838918876,0.00671065084145321,0.00365105948584401,0.0112166920178707,0.0229863076770932
0.000137470138107538,3.13561803547591e-05,0,0.0420720099434468,0.00184484085744573,0.00768462333031094,0.00795712684361249,0.00431880886334487,0.0325701258381822,0.0220582402012608,4.9215167258209e-05,0.0573295637615776,0.000154877764740616,0.000702982426904881,0.00414953282440916,0,0,0,0,0.0547480069827541,0,8.33990789950732e-05,0,0.0569050466277663,0.00440925360822952,0,0,0.0465958496706472,0.00180213894896477,0.000122977750400078,0,0,8.87335281126293e-05,0.000565147313326615,0.00114264463685931,0.0111327690360557,0.000555872501039419,0.00283842951599929,0.00038574596146366,0.00763387223220507,0.000151972290732068,0.00083604875484071,0.194977389057004,0.00415395885801543,0.103240349381927,0.0251776585101555,0.119759349684302,0.0285208648131988,0.0252869565941418,0.00837908669189535,0.000213294970293629,0.000664650803857655,2.07343592011166,0.00619625350102643,2.06174901906885,1.56144113183684,1.863589367767,0.0348194783286094,0,0.141059708159273,0.704989140226295,0.00570022624956566,0.455474877650826,0.0933686952882832,5.54678903661132e-05,0.000201250572938376,0.0545317950229408,0.00354374357907435,1.21639667418127,0.000754471544442684,0.00021351343261379,0.00176014321436926,0.092839646659883,0.000305872022455055,0.0535720987074202,0.00385422998034398,1.84691400991854,0.0978212105912984,0.0029502951207032,0.0119782055891341,0.0484211413980244,0.000691246946615958,0.0397024999810504,0.0266489380898467
0,0.00535884685641678,0.000802133008999625,0.000625680410951636,0,0.000602078362640631,0.000689191800896433,0.000469595996935258,0.00795643016134462,0.00038660215707426,0.140582874093604,0.00093990190531121,0.343985037609514,0.00169120488189424,5.44072273391903e-05,0.00112225823039924,0.000251419077773416,0.000334911987132737,0.000119359599947846,0.00149895467192107,0.00042010505325211,0.00311636096161843,0.000951161642582972,0.0153611254504248,0.0641847362891224,0.0282753134164781,0.056102868068851,0.00794376694745583,0.00193267410009148,0.000346104411477685,0.0727341629970445,0.00178011782989385,0,0.00340737795255855,0.00521814952647696,0.0124976469918102,0.0756349146266969,0.00818009820902335,0.000702933412733397,0.00255127480582462,0,0.027798489531831,0.307066826901184,0.487661496549656,0.331789719137401,0.113081133167549,0.0387078568493341,0.0955171266024509,0.423313893072583,0.00871884840317754,0.0320340487371394,0.0125723855791519,0.0469209568143624,0.000513855830717775,0.0114765754986036,0.107900963347933,0.117991183957785,0.0257123452135623,0.141059708159273,0,0.177333565825145,0.578913354861245,0.292526688266671,0.00294571652196297,0.00748162078450567,0.0176367514510952,0.511463063928648,0.0244248679619623,0.0565659436618276,0.0355991203994722,0.0134396624205978,0.054856403335987,0.0768009018915553,0.0516634896717642,0.298846999728193,0.063898539486289,0.194056788674881,0.612328079872704,0.0306483878419801,0.125277694903684,0.350480506751459,0.00309881746820428,0.812567841266504,0.0178667172215053
0.00154182176163156,0.000105804592573765,0,0.0903192603278789,0.0130937316453989,0.0384755265446349,0.0173741240471319,0.0384468279113285,0.0703551511498756,0.0718057482092601,0.00225970417166281,0.149722995639459,0.0015372617620299,0.0177241838015461,0.0317046589041716,0.00015511148258931,7.33087533274174e-05,0.000111291473868775,0,0.10907067474928,0.000219210377809363,0.000289861308326826,0.000135298451081997,0.132785469642215,0.0254225167701153,0.000133498993043494,0.00164531519333782,0.102610203500991,0.0113312782501008,0.000539922247653389,0.000103997263017392,0.0048310464286646,0.000874487383257544,0.00638413170944202,0.0311189952366307,0.0812303063294671,0.0014388428445383,0.0187287272591518,0.00492909369085188,0.0676192062900651,0.00298393279785062,0.0044240371756199,0.22076703053492,0.0150461159425231,0.0900733566727316,0.0836902989736728,0.28447984369176,0.0218147385187399,0.0517658766763201,0.0102479404677406,0.00127001759711457,0.00100456142150761,0.537784579749838,0.0168934592729445,1.23467585551922,0.0372195014261338,0.541751535373925,0.159447545625315,0.704989140226295,0.177333565825145,0,0.0106419591507318,0.361776357124086,0.413376399301358,0.000220249142406529,0.000165603029149828,0.0568669420796665,0.00236852280462265,2.42731761558176,0.00115009827241574,0.00193210976864362,0.00298228195564528,0.137187910135341,0.000944129735230103,0.0682685631680414,0.0113685289539505,0.114542285646787,0.106932061251638,0.00455698954751521,0.0217502986663966,0.0567630342939188,6.88296208301961e-05,0.0279155490161503,0.136142333915139
0.000365505632352269,0.0118039824944966,0.00028360412132718,0,0,0.000616450784180844,0.000926861062923738,0.00164604437854826,0.00280052422046605,0.00129402665977528,0.432731670083272,0.00178531869218827,1.14063261078285,0.00491159454089623,0.000146028100593907,0.000234467073405528,5.07524990735471e-05,0.0015501288401064,0.000281427283467924,0.000331197810071671,0.000112936155755782,0.00701864746709388,0.000212965469589704,0.00209159137170211,0.254006196076304,0.094055731135341,0.24010025346858,0.00147713026939433,0.00453977045075226,0.00037801205358249,0.230193022192226,0.0064228805549444,0,0.0118592058236718,0.000744531499026734,0.00551818713409077,0.235045508328526,0.0229896688693911,0.00174586855279684,0.00079211656037097,0.000167823203445125,0.113444984663329,0.0298385137208261,0.260677809322722,0.0318908180144486,0.0216813872009853,0.0169269914934195,0.00228366913954294,0.362244270233835,0.000302055087246257,0.327247842345286,0.000508578892677605,0.00186421669101322,0.000706313361747933,0.000529856353975669,0.00448278091990124,0.00847009104088521,0.0941492822072028,0.00570022624956566,0.578913354861245,0.0106419591507318,0,0.0186459111181296,0.00325953545109163,0.00625933223817435,0.000593275400699413,0.000467182171482006,0.000187044039266941,0.00281474270545051,0.00107293792162474,0.100702915888088,0.000185295067770171,0.0510435988077558,0.704261925758812,0.0162515478487749,0.374062881029601,0.00762679838199736,0.0469284720580265,0.000820862609908623,0.106032062146008,0.0387753792245152,0,0.0511484017995393,0.00321130958614641
0.000288973185918534,0.000291496843298322,0.00143429500060874,0.00572521961635943,9.3663695875418e-05,0.00418671997750884,0.00394978329108299,0.00555291337543512,0.0252510090733812,0.00806854621918249,0.00076196151652109,0.00341827350225002,0.00272343935942727,0.00160481338025688,0.000803363159569746,0.00107730092645842,0,0,0,0.018314339237377,0.0011772485951461,0.000966385096589282,0.00177469670544205,0.0729742615911937,0.00852833552854429,4.51822712813794e-05,0.00994812051732142,0.0346173387912049,0.00182286883133533,0.000530500250046599,7.86477795959651e-05,0,0.000509211809987766,0.00212058704462659,0.000574552248181188,0.0428665000557591,0.00197292175941559,0.00644814840060605,0.00111447081983327,0.00290391022084944,0.000675875204243445,0.000565595743629435,0.268468012640204,0.00822186987004151,0.131699453052075,0.0535760560077721,0.0553636545692668,0.0131020371702522,0.0436002106700237,0.800352501752422,0.000554074985643268,0.187527954859825,0.132447406516836,0.000578941061350909,0.0537682520650508,2.89620625705691,1.76753032485239,0.0238834023772912,0.455474877650826,0.292526688266671,0.361776357124086,0.0186459111181296,0,0.00762606988126673,0.00346403315195243,0.172804481808114,0.0758297836121225,0.0745911712994029,0.13285431074901,0.231395808881915,0.00109701892606857,0.288103642983553,0.189540829779893,0.000549408916291887,0.155078081875135,0.0776755661882233,0.750239849577736,1.17487975999216,0.919687219955393,0.0266127763810716,0.0815568810446863,0.0194538501508311,0.20192357770019,0.00823571275288301
0.000144984052206516,0.000355586746718794,0.000510086983909202,0.0180663058355967,0.00606012511816903,0.00655517650331086,0.00205417682603663,0.000734417580964887,0.0214204499364939,0.0101379322802652,0,0.0397455586709416,0,0.00048178312802915,0.0100715773863567,0.00198901820340954,0.000144529311393749,0.000215088760445321,7.81500741329551e-05,0.0218288525442257,0.00155047225692512,0.000947909533715711,0.00201732753512811,0.0294687547998453,0.00502887994787331,0.000960729535338768,0.00323006207773469,0.0283115974526297,0.000633311144580439,0.000522778342721605,0,0.000543287532057217,0,5.54121077233672e-05,0.0271204646916455,0.0164639596505214,0.00222295004807013,0.00230166333583139,0.0024055300060093,0.0230706407287955,0.0005069479348571,0.000278280532786828,0.0181100377015371,0.00383251036478283,0.00726696900040598,0.00912456366682963,0.223443888184387,0.0155831710421132,0.00453790302485301,0.000211862378662896,0.00687859286862445,4.57073017695129e-05,0.0832170268966406,0.194218681367937,0.353789433857266,0.0137392234259015,0.0349207869204442,0.229283734626569,0.0933686952882832,0.00294571652196297,0.413376399301358,0.00325953545109163,0.00762606988126673,0,0.00810215694801489,0.000420513640920532,0.000457081278233901,6.32690939390004e-05,0.0513778447787937,0.00963724232522253,0.0152370386531386,0.00886838619864322,0.226982275435611,0.00123836506162159,0.00100165166826913,0.0244986228163915,0.0801505710628583,0.00173681251552381,0.00260819784610947,0.000997227395105552,0.0137024855623976,0,0.000977470505715999,0.10254258603482
0.00120100241577632,0.0058437664974757,0.0127506647411314,9.76870288321019e-05,0.00149703444997625,0.000466688523654732,0.00267737052428336,0.00334710066818459,0.0574719967870603,0.00028049971483261,0.000852286797518645,6.08009286673605e-05,0,0.00328971236136321,0.00212826053362224,0.708075891172195,0.00954834727464658,0.000444736977771318,0.00142271545122323,0,0.0930803992621844,0.302793422432669,0.444813419457698,0.139304284999522,0.000116963201646137,0.00600643584121512,0.50877186850266,0.0632444607513943,0.0025047823860103,0.0107668201217722,0,5.97597068369031e-05,0.000141120308919451,0.0233781009955609,0.0380748726522002,0.525063165298274,0.117138338794627,0.112289400676682,0.0846189111674051,0.00136210130921841,0.000817140615497154,0.000719630788148034,1.14337033697429,0.146953544237015,0.424641161954985,0.383925418014614,0.039979474110246,0.00253340850877524,0.00129989205102138,0.000675585176850278,0.0375855016173117,0.00972062293557343,0.000220168038934952,0.00397935709831089,6.86109960076332e-05,0.00377515589293129,0.00119202521678988,0.00955931111720357,5.54678903661132e-05,0.00748162078450567,0.000220249142406529,0.00625933223817435,0.00346403315195243,0.00810215694801489,0,0.0157895385793255,0.0173161302834441,0.0132378608537193,4.66407007940412e-05,0.941151760304599,1.12300162790973,0.46742224428013,0.53123781234204,0.00408202210754435,0.021752263450932,0.743276098409888,0.265451599677202,0.00524070388486948,0.0474671180906031,0.00174346299034451,0.000814410631772051,0.00250233735270939,0.10758935867161,0.197713122390393
0,0.00684832066300483,0.0380361519565457,0,0,0,0,0,0.00102569799076091,0,0.000244157854909652,0,0,0,0,0.00129144638261916,0.00479803441777319,0.000179376946956753,0.000564918197250489,0,0.000255549396402442,0.00345929654670992,0.00653848654883926,0.000867417169656625,0.00034932966066761,0.0120735766214211,0.139209496309366,0.000662699760623914,0.000402371784116077,0,0.000350003053386674,0,0,0.00358564746534248,0.00039474624071551,0.0150827251878379,0.00444883184875694,0.00792194421919626,0.00502990336337995,0,7.86445935640216e-05,0,0.0482246836118407,0.00531421992724584,0.0469167656213488,0.0352441770022254,0.00145660446049487,0.000369379037145785,0.000101774441902667,0.0598533257313587,0.009070560154549,2.04472956950949,0,0.000209880046330285,0.000342979862071731,0.230425612498306,0.0554513578493854,0.00180857720057268,0.000201250572938376,0.0176367514510952,0.000165603029149828,0.000593275400699413,0.172804481808114,0.000420513640920532,0.0157895385793255,0,0.100981119604019,0.688321864400331,0.000119813124454754,0.191226553778308,0.00661067363179856,1.03713907940106,0.0153664571370015,0.000757613336338359,1.03212983868345,1.48505710110963,0.188705350431007,0.0704893962025267,0.361559676972693,0.000602902845661253,0.000244935135906789,0.00436447237810349,0.11179709562153,0.00252995502742377
0,0.00225808797693932,0.00478312067364796,0,0.000330905020137668,0,0,0,0.00402303908586244,0,0.000375640828380156,0.000285052062048435,0.000989818322139648,0,0,0.00125541009122819,0.000493709553564816,0.000336536087844306,0.000187993769782877,4.96569226517558e-05,7.58460165901422e-05,0.00108959194583039,0.00200370905086876,0.000978135411377791,0.00236618663808248,0.00823386692503029,0.0503949885544523,5.8535507301718e-05,0,4.64503612380684e-05,0.00200138102175948,0,0,0.000573105622252095,0.00693032685019843,0.00202474429987438,0.00215715226902551,0.00157903927313453,0.00141495300939755,0,0,0,0.219846008042959,0.100166319200387,0.386032973336685,0.242016273638028,0.00325014089669352,0.003217485302813,0.00209791541120509,0.0109231187952057,0.00394507545368997,0.0864849518838654,0.0190886752281021,0,0.00213046008980974,0.0833307064307143,0.0259710721917835,0.00755342128409909,0.0545317950229408,0.511463063928648,0.0568669420796665,0.000467182171482006,0.0758297836121225,0.000457081278233901,0.0173161302834441,0.100981119604019,0,0.389039712339643,0.0215275136986274,0.100079689317574,0.00143522412532766,0.232116601239695,0.0575105515849973,0.000782299182109162,0.317646399331247,0.336480722421553,0.178911696379922,0.0770953274577853,0.0855708573568128,0.00195744321849471,0.00948820899138028,0.00577977868495824,0.318823335415808,0.0193710145193693
0,0.00987062561347903,0.0149251640209319,0,0,0,0,0,0.00102411372775943,0,0.000202330357081276,0,0.000522983849168438,0,0,0.000853314051529003,0.00359626530581529,0.00169464647348663,0.00177781354583254,0,4.59123847252369e-05,0.00354537101108516,0.00272547369745287,0.000985936324416083,0.00298048418172258,0.0303680076722858,0.203583705844307,0,0.000209184083012438,9.26968755235313e-05,0.00208290119627655,0,0,0.00303986282781311,0.00163847169520936,0.00812520634781588,0.00684124468056864,0.0058577653703124,0.00436059040746366,0,0,0.000122346266065645,0.0902460813179465,0.0173973101508475,0.159728613519949,0.0956839277741221,0.00114810268628873,0.000600747950550592,0.000167400052114457,0.0265963107931741,0.015885166508213,0.430586015659395,0.00156340083477434,0,0.000409005794488856,0.0899129990106059,0.0265577577482933,0.00361683338996086,0.00354374357907435,0.0244248679619623,0.00236852280462265,0.000187044039266941,0.0745911712994029,6.32690939390004e-05,0.0132378608537193,0.688321864400331,0.389039712339643,0,0.000933700018371418,0.100876014860048,0.00453808414362875,0.391929353862266,0.0176073200538322,0.000940519133753091,1.57290331833373,0.934308350360773,0.0885174058344448,0.0458879221232963,0.156881222570157,0.00116288836867251,0.000249773228823703,0.00274908157615308,0.231931984162723,0.00406546551091522
0,0,0,0.106493549607934,0.00545307633641305,0.016583490966265,0.0137189853127319,0.00807985271528937,0.0614780826448625,0.0473289824805375,3.03296625295312e-05,0.05469246288861,0.000132012911038747,0.00248268568854948,0.0143202982422778,4.0531519012472e-05,0,0,0,0.0828963942885748,3.99787375459493e-05,0.000650405569992951,0,0.100507150923508,0.010013072919476,0,0,0.0964935869045981,0.00378883709819352,0,0,0.000204570610271859,0.000340245207633647,0.00104132211413678,0.000320474187921583,0.0169178861588269,0.00026561822497203,0.00494592996888792,0.00119691916867642,0.0268499641213978,0.000861505499696132,0.0010853792335592,0.0879252703043822,0.00145617932712733,0.0387798727827939,0.0111266274276585,0.0866977609965989,0.0109513876071966,0.0161521124048937,0.00337881739212639,0.000436285419888097,0.000460914436599171,3.60775615159775,0.00476563300227107,0.158370235830165,0.0167342540150694,0.216612178644954,0.0851601071187348,1.21639667418127,0.0565659436618276,2.42731761558176,0.00281474270545051,0.13285431074901,0.0513778447787937,4.66407007940412e-05,0.000119813124454754,0.0215275136986274,0.000933700018371418,0,3.03704186244011e-05,0.000610055901017022,0.000226334485578147,0.350725429153086,0.000482079273883971,0.0202215808621006,0.00211314520526724,0.16365050807,0.0378864982402378,0.00079506581400393,0.00620327772152325,0.0202509579158519,0.000135864099784174,0.0117765307889022,0.00641166472040492
0.000567074921744251,0.000792996643834674,0.00222403148185862,0,0.000770723389976161,0.000138132547141517,0.000766360712609441,0.0019124358145709,0.0182142597989385,0,0,0,0,0.00191179013097355,0.00131373761515252,0.093623500536943,0.00168371950912624,0,0.000166389695891762,0,0.0405668849666816,0.0253967803684745,0.0520559942312378,0.0478968173102948,0.000158559702309975,0.000376275075255424,0.0479822374415131,0.0244382413729021,0.000485754255858091,0.00472039489171732,0,0,0,0.00446561028332432,0.018973362238349,0.139117858471845,0.0134447752607578,0.0139330009097761,0.00810664971347879,0.000387615829823252,0.000477156965328264,0,0.727091941287189,0.0479915516557085,0.929270457350125,0.441773918254359,0.0487034558165753,0.00452124830631892,0.000785667755955553,0.0434917628700075,0.00389643128540242,0.164409053416705,9.69183629244328e-05,0.0038898373811149,0.000905055212754562,0.503218863574356,0.071892293098392,0.000842637340867802,0.000754471544442684,0.0355991203994722,0.00115009827241574,0.00107293792162474,0.231395808881915,0.00963724232522253,0.941151760304599,0.191226553778308,0.100079689317574,0.100876014860048,3.03704186244011e-05,0,0.0417347556540771,5.60309886178594,0.0675072232970729,0.000518047880562326,0.106544585750026,0.401257112398956,2.57175570586555,0.0751426483997699,4.15911018809302,0.00107079962391851,0.00128081913177997,0.0105435445149323,1.16464877866904,0.194053484717899
0.000686104843712825,0.0390961384293392,0.0207192704712779,0.000499390731103075,0.000105707211778247,0.000484966806150037,0.00215172629412322,0.00414812975651029,0.0859390550384277,0.000399658247603789,0.00210471416700552,0.000195468732548511,0.00476480202161653,0.00440318742310624,0.000890765701909614,0.113046628793689,0.00612067145973982,0.000691743273270708,0.00129195138591731,0.000367797379107046,0.0269838738983544,0.213728019315678,0.0734369575268538,0.0842356872875408,0.00261873086032839,0.0119788396094908,0.2905258841309,0.0324414929426362,0.00218189129001415,0.00923090319022732,0.00272887649282783,0.000455169676302868,0.000302937206914303,0.00792918769482799,0.0117404239419228,0.138280276561008,0.0230518968892291,0.0293797917075438,0.0177018082228796,0.000417321946014476,0.000393024921710825,0.00188026784854231,0.0609426950464361,0.00967586515503641,0.018245746919297,0.0146621696016003,0.0318250551709583,0.00144746348124656,0.00374508551037073,0.000481588334430066,0.320415712611574,0.00166846404460888,0.000392177353500479,0.00675751938292573,0.00120192559684677,0.000588118283559191,0.000832501723810962,0.562441168541392,0.00021351343261379,0.0134396624205978,0.00193210976864362,0.100702915888088,0.00109701892606857,0.0152370386531386,1.12300162790973,0.00661067363179856,0.00143522412532766,0.00453808414362875,0.000610055901017022,0.0417347556540771,0,0.0230884095810333,1.78595230501857,0.0590444450612533,0.0112615397828818,1.16645777156799,0.0663090422849337,0.00477807768982361,0.00351596460841512,0.025285088471452,0.00038604993944183,0.00218332326118116,0.00796566880453658,0.0160906689540393
0.000229405079262298,0.00587257485683591,0.034295607642279,0,0.0012863562213929,0,0.00166393818282244,0.000846824840645092,0.0102547374507876,0,0.000700548126148969,0,0,0.00129155895246496,0.00201312268698831,0.250323543688425,0.00736836759887424,0.000531961447024411,0.00168969034227187,8.35789346839545e-05,0.0322085038975179,0.0951381602461257,0.32100970483499,0.040896712883966,0.000774757876506806,0.00557229108270456,0.558487202940761,0.024237272424013,0.00211672872547273,0.00306685791643065,6.37064814649522e-05,0.00011459236054039,6.94711162974596e-05,0.0228796982864488,0.0733635855157731,0.253242424524316,0.0733784993165279,0.0909511583441841,0.0682358748914808,0.00100581720560057,0.000944658170882206,0.00049318202644887,2.84166048804616,0.273644068068888,2.21566405695464,1.88157101965789,0.102487900610756,0.00579636680459123,0.00124762410378931,0.0740045387174452,0.0080914936708856,3.37827603847879,0.000481804607892114,0.00850498169034166,0.0015554538837819,0.482076185988706,0.0977268976195381,0.000796183008169511,0.00176014321436926,0.054856403335987,0.00298228195564528,0.000185295067770171,0.288103642983553,0.00886838619864322,0.46742224428013,1.03713907940106,0.232116601239695,0.391929353862266,0.000226334485578147,5.60309886178594,0.0230884095810333,0,0.0579615130867856,0.000805580593483627,0.549581736993256,2.73939622078512,0.947898822874622,0.104454185890254,1.126773746682,0.00123026879308107,0.00264749832817507,0.00716727071627586,0.855025189731107,0.371519768140825
0.00874209847620995,0.0117704629122766,0.0134367817232812,0.138764957961235,0.0100476758485809,0.114738913779807,0.0852584594594848,0.178676904803993,0.519723930366793,0.206294278723962,0.00382811758507721,0.0607142988879586,0.00349107702083647,0.110165863524054,0.0366709633232822,0.0610865018032098,0.00340385650334634,8.69658368315731e-05,0.000383015588717654,0.206372928534838,0.04475217039022,0.114519879510283,0.0376325697117339,1.1748731269765,0.0207574052251271,0.00528678611415077,0.112234446407165,0.657556251326506,0.0864544692597945,0.0347357998981366,0.0001771749606197,0.00871961437056043,0.00966312448413146,0.0481560182932499,0.0471769797156808,0.982392527029013,0.0302734949801486,0.155615669933361,0.0419295558369706,0.0773765343867649,0.0292798721690069,0.017144890489155,0.609912309297707,0.0260449969473983,0.305439170230801,0.0871147436400594,0.313662904505675,0.0528541143468289,0.0176804320659938,0.0289612353391158,0.222120353415135,0.00504589792329211,0.833976205532498,0.0750006330670144,0.0529468258254093,0.280710883180749,0.164831854264162,2.63465757199882,0.092839646659883,0.0768009018915553,0.137187910135341,0.0510435988077558,0.189540829779893,0.226982275435611,0.53123781234204,0.0153664571370015,0.0575105515849973,0.0176073200538322,0.350725429153086,0.0675072232970729,1.78595230501857,0.0579615130867856,0,0.0335724707638579,0.0519107395632887,0.929138684622565,1.07064027572254,0.327046050688592,0.117213112686847,0.0192591791105663,0.0246455934432281,0.049279371445137,0.148740954879255,0.228926517160859
9.93341728767157e-05,0.0108691343744951,0.00043063875195086,8.1244986547792e-05,0,0.000489319536400026,0.000327435194984001,0.000677352498807693,0.00368063074227662,0.00149586415445756,0.0877353425245721,0.00102640139964336,0.408462739596222,0.00138419563562146,0,0.00042695179404214,0.000165085126607967,0.000813771226676595,0.000504045410513366,0.000190685784575522,9.37181489530564e-05,0.00382780710700295,0.00021388858171975,0.00142897436665752,0.349146652909787,0.0391363281984136,0.16841833621381,0.000122831160922625,0.00139081630110002,0.000142559496670413,0.0783863841264052,0.00221880087916246,0,0.00537298506275246,5.81053535948158e-05,0.00232506413476606,0.0347021540515503,0.0092065276772634,0.000789797557531482,5.17847537259996e-05,0,0.0464119633558978,0.0110370434456868,0.0322181626168056,0.00411450335850688,0.00372309963216164,0.00470276599836657,8.43665641295134e-05,0.0489833112241568,3.74350258924514e-05,0.314048988563234,0.000640457042444044,0.0003331108351298,0.000448065041738599,0,0.000243772295801329,0.00112698276860732,0.0498505713352418,0.000305872022455055,0.0516634896717642,0.000944129735230103,0.704261925758812,0.000549408916291887,0.00123836506162159,0.00408202210754435,0.000757613336338359,0.000782299182109162,0.000940519133753091,0.000482079273883971,0.000518047880562326,0.0590444450612533,0.000805580593483627,0.0335724707638579,0,0.0260009479284744,0.600873702106199,0.000873452085378286,0.00205396126906244,0.000261792551565886,0.0684719885869535,0.00301500822575992,0,0.00263977604660212,0.000113659990697742
0,0.0544439328548674,0.0980567601744552,0,0.000638776742985094,6.31111563771367e-05,4.88321934153736e-05,8.02640925030232e-05,0.00694974535541941,0,0.0284903886769132,0.000165035885917983,0.051135554549218,0.000936992184080786,0.000325429447532546,0.00320906902518613,0.0182157184500453,0.0182987960131137,0.0108630770359042,0,0.000532250519100428,0.014223400384202,0.00826314836581526,0.00185401508567035,0.0566633517109677,0.375139139207691,1.31542775959298,0.000701989512606674,0.00270423160012451,0.000345257963549051,0.137334506408349,0.000112602129606176,0,0.0173608934782657,0.0285964290112292,0.0499282333432587,0.0654624765617551,0.0420927483030259,0.0266130329477428,0.000232848687361765,6.61763850198626e-05,0.00055294691120322,0.899382578309821,0.591662873202098,0.744447561478794,0.73676360251247,0.00800046270104765,0.00583947438800815,0.00874795871662237,0.0264195303194462,0.0681554148112322,1.86691170464489,0.013942915301972,0.000387166680570411,0.00290746585712002,0.139336695159377,0.0587054373512681,0.0128223626081472,0.0535720987074202,0.298846999728193,0.0682685631680414,0.0162515478487749,0.155078081875135,0.00100165166826913,0.021752263450932,1.03212983868345,0.317646399331247,1.57290331833373,0.0202215808621006,0.106544585750026,0.0112615397828818,0.549581736993256,0.0519107395632887,0.0260009479284744,0,4.04306096045871,0.169498926728098,0.097619818235014,0.110052210903824,0.121432258829465,0.0276745966983967,0.00352102915335364,0.151852185114369,0.0751550306740893
0.00297250196770889,0.564146510135092,1.1271099226399,3.54879147244096e-05,0.000772954479016131,0.000167643623517895,0.00556204447158279,0.00455680354135662,0.0270349536698792,0,0.0752979006315989,3.49903840745896e-05,0.194433404254223,0.0131596633141121,0.00165917165497853,0.105897573675839,0.21564718856747,0.0365081010104025,0.053666501882787,0.000261505670810139,0.0419423996353469,0.40173042971321,0.745712579886482,0.0749302825591196,0.236831666581988,1.02019844665827,8.21325587661858,0.0759003514374343,0.019639164632714,0.0208752891973914,0.364865485637707,0.000632881512850949,0.000358340305602986,0.193151475578201,0.0959009741517618,0.831972644038728,0.299879652016637,0.438470688549246,0.295730227268636,0.00184417796090454,0.0024842586477854,0.00574307114784964,2.50488170819986,0.488527467903433,1.46137978286044,1.74020320633369,0.0992161068599048,0.0112913802516271,0.00867051313718337,0.0260870370500738,1.75549958353914,1.24953721282917,0.00200535436306812,0.0102493970087784,0.00147783889312659,0.0860580469766906,0.0279619598572966,0.505974382427103,0.00385422998034398,0.063898539486289,0.0113685289539505,0.374062881029601,0.0776755661882233,0.0244986228163915,0.743276098409888,1.48505710110963,0.336480722421553,0.934308350360773,0.00211314520526724,0.401257112398956,1.16645777156799,2.73939622078512,0.929138684622565,0.600873702106199,4.04306096045871,0,0.560602175973046,0.0419653262448859,0.156331907134603,0.297502516572394,0.00136880487308144,0.0045838170912319,0.456190709962561,0.237154942114348
0.00476320255479182,0.0011990309095507,0.00525555575497405,0.0741590385508417,0.0038259650856459,0.0518785620539371,0.0419645493356746,0.0613607915872338,0.177577654505736,0.0916471628465414,0.000445746265417611,0.0188221682553338,0.000341867171192413,0.034027379444068,0.0175278925335436,0.0675239656979637,0.00148911248988353,0,0.00019053834072938,0.104597818648812,0.0437164455482145,0.0317214757139274,0.0524880059462864,0.474974775609975,0.0104504825260573,0.000353284626894018,0.0984268883255156,0.348380922423349,0.0342275895806042,0.0213800031206275,0,0.000882699220551825,0.00396604777240931,0.0204035107661126,0.0368504846708583,0.495686025504362,0.0219078691427205,0.0699678485311215,0.0229968049013892,0.030259403064838,0.0110157445537689,0.0052173084066574,1.23973687034418,0.0516756836181104,1.10626078611129,0.355358242397733,0.193928919319031,0.102181669531857,0.0260948291978311,0.0868945124221609,0.00742867504221673,0.188396718920792,0.716356511990791,0.0169154843831729,0.420742859648933,6.19055864767996,1.03519216782783,0.21609433855572,1.84691400991854,0.194056788674881,0.114542285646787,0.00762679838199736,0.750239849577736,0.0801505710628583,0.265451599677202,0.188705350431007,0.178911696379922,0.0885174058344448,0.16365050807,2.57175570586555,0.0663090422849337,0.947898822874622,1.07064027572254,0.000873452085378286,0.169498926728098,0.560602175973046,0,0.874765040522214,1.9324385736009,0.0113222173549909,0.0520919059940834,0.246787376677974,0.823192427282968,0.510173466889843
0.000734606817474252,0.000123689210537904,9.08190371597644e-05,0.00146267574228439,0.000141255232694161,0.00135116542692318,0.00378288508331849,0.00382273288332289,0.0272191994153204,0.00218552374067776,0.00389286837099394,0.000408273204114446,0.0076726030522516,0.00219478669275176,0.000652532418666309,0.00349215863928679,0,0,0,0.00565480428724123,0.00538195614820156,0.00161063056984351,0.000968034838210177,0.0827350741161043,0.00522621295229717,0.000318524626906723,0.00249940267504946,0.0563592995898458,0.00111082141229022,0.00520691672767158,0.000682679682098151,0,0.000110252325175023,0.00139086566243572,0.000599798311134487,0.075043300662867,0.00607788870138952,0.00699916968050419,0.00129392595260483,0.00158867589209562,0.000420146375643229,0.00185875096457637,0.0899990334341426,0.00693147406298956,0.108224529488756,0.0238513038293342,0.0140416865813009,0.00417168454370603,0.0408082353069852,0.595551132564243,0.00181578146388236,0.0258762371293508,0.0417193039432876,0.000363665519167358,0.0119817490795812,0.527515966108141,0.196470425647506,0.0290178976812289,0.0978212105912984,0.612328079872704,0.106932061251638,0.0469284720580265,1.17487975999216,0.00173681251552381,0.00524070388486948,0.0704893962025267,0.0770953274577853,0.0458879221232963,0.0378864982402378,0.0751426483997699,0.00477807768982361,0.104454185890254,0.327046050688592,0.00205396126906244,0.097619818235014,0.0419653262448859,0.874765040522214,0,1.15954731338175,0.0389365717636598,0.028902749180839,0.234176272020806,0.701219366910276,0.00192698692966161
0,0.000869658811504097,0.00248905198606349,0,0.000295393301273513,0.000139359120196634,0.000645301642843515,0.000685918130915007,0.00538772751211082,0.000177889902248382,0,0.000114929617040778,0,0.000649173129616255,0.00054875814341476,0.00571154605609656,0.000112966245783898,0,0,0,0.00406099381413396,0.00357662097888506,0.00406817382272906,0.0156318594898432,0,0.000397655297163376,0.0174985966768258,0.01338450853904,0.000514512680199877,0.00086678693609825,0,0,0.000137156513395864,0.0008472862292834,0.00345384955729245,0.0234168995298659,0.00175365581070904,0.00384616772404864,0.00209164333307624,0.00027672239573971,0.000195676706077265,0,0.0512166704571533,0.00256664584648221,0.268829644010931,0.0649841139911059,0.0105006330177472,0.00184500585647561,0.00153865744838026,0.545944357626863,0.00159947120981307,0.16784913093728,0.000403173827032268,0.00027171728236152,0.003501081500917,2.45308255733719,0.270120233971421,0.00456875544037489,0.0029502951207032,0.0306483878419801,0.00455698954751521,0.000820862609908623,0.919687219955393,0.00260819784610947,0.0474671180906031,0.361559676972693,0.0855708573568128,0.156881222570157,0.00079506581400393,4.15911018809302,0.00351596460841512,1.126773746682,0.117213112686847,0.000261792551565886,0.110052210903824,0.156331907134603,1.9324385736009,1.15954731338175,0,0.00143042408998089,0.00285566758122444,0.100093329646096,1.19980470715373,0.0216408122002696
0,0.0139031470124231,0.000348185510800546,0,4.39983969634831e-05,0,0,3.58407788418681e-05,0.0013559524152968,0,0.15624218454547,0,0.342627025690478,8.61295231436488e-05,0,0,0.000276190404732022,0.0041674289652709,0.000721711611709243,0,0,0.00426183850777729,7.90090889140159e-05,0.000138466071010971,0.090490286040026,0.280056408587541,0.382736793138428,0,0.00061482935244812,0,0.376846422749415,0.000396378562571329,0,0.00282126187340602,0.00133708700423636,0.00178205565626556,0.0574754163078719,0.0131086977916245,0.00302582934442693,0,0,0.00377218626740629,0.0674933587373958,0.160191507939981,0.0855592865406997,0.0480656495699434,0.00450900374786101,0.00149758693352171,0.0095129704007681,0.000710409732147872,0.0472940312964742,0.00118646148909379,0.00226262537393416,0.000103729724971807,0.00106258193161344,0.00925772867311809,0.0141027418779328,0.0287098838918876,0.0119782055891341,0.125277694903684,0.0217502986663966,0.106032062146008,0.0266127763810716,0.000997227395105552,0.00174346299034451,0.000602902845661253,0.00195744321849471,0.00116288836867251,0.00620327772152325,0.00107079962391851,0.025285088471452,0.00123026879308107,0.0192591791105663,0.0684719885869535,0.121432258829465,0.297502516572394,0.0113222173549909,0.0389365717636598,0.00143042408998089,0,0.0267009919746343,4.1699322827667e-05,0.0221354123999542,0.00546929641272692
0,0,0,0.000249839342679769,8.47876767936827e-05,8.77281873049796e-05,5.5616703171885e-05,0,0.00491548992044639,0,0.00164118841529143,0.000693257258907616,0.00583648086231926,9.52891729330896e-05,0.000427632137432129,6.90517222193003e-05,0,0,0,0.000824985340167904,4.75460509191096e-05,7.86817672195733e-05,0,0.0133722302933417,0.00901126927699065,0.000238208794623745,0.000324665617302418,0.00293650240924726,5.73930907936096e-05,0.000188708883762592,0.00027952718719939,0,0,5.60202212577939e-05,0.00171444334585356,0.00499713587920912,0.00325104186910237,0.000215853575538492,0.000151113544326186,0.00131818173084426,0,0.00236789509970015,0.189901290980673,0.00907927638206417,0.0842024606355975,0.0686089107054073,0.0769333407066169,1.50610608376694,0.159729175911216,0.00157401366968074,0.000955058147339157,0.000857993350053205,0.0211590433995355,0.0264704245280008,0.0444438469377786,0.0235358583422606,0.112504940039052,0.00671065084145321,0.0484211413980244,0.350480506751459,0.0567630342939188,0.0387753792245152,0.0815568810446863,0.0137024855623976,0.000814410631772051,0.000244935135906789,0.00948820899138028,0.000249773228823703,0.0202509579158519,0.00128081913177997,0.00038604993944183,0.00264749832817507,0.0246455934432281,0.00301500822575992,0.0276745966983967,0.00136880487308144,0.0520919059940834,0.028902749180839,0.00285566758122444,0.0267009919746343,0,0.000210331734067619,0.751069572026657,0.0129116714834008
0.000393950136523467,0,0.000119122100225067,6.98175172511995e-05,0,0.000587306126099551,0.00148542548519381,0.00121849502870351,0.00525646824535618,0.000446529989881206,0,0,0,0.00115402567971206,0.000167708466900635,0.00157212707834668,0,0,0,0.000285718149545878,0.00226142496376577,0.000405817238833749,0.000393689861842823,0.0171252040002379,0,7.3730107283032e-05,0.000313199112959123,0.0132472788724794,0.000448907946622437,0.00115159156115581,0,0,0.000106312587393415,0.000355484734604818,0.000309598099123836,0.0212124108429443,0.000726143904120147,0.00193958878904499,0.000277237154106307,0.00104679996177553,9.53039852732543e-05,0.000304510089823329,0.00160549891633726,3.19106730208188e-05,0.0208041118403425,0.00250156340547365,0.000456976904910779,0.000101691019078624,5.91372832424641e-05,0.00326108554426984,0.000125415552344108,0.000730827686233353,0.000325586314055851,0.000101091335971844,0.000319907857201749,0.047667181187087,0.00651757934680214,0.00365105948584401,0.000691246946615958,0.00309881746820428,6.88296208301961e-05,0,0.0194538501508311,0,0.00250233735270939,0.00436447237810349,0.00577977868495824,0.00274908157615308,0.000135864099784174,0.0105435445149323,0.00218332326118116,0.00716727071627586,0.049279371445137,0,0.00352102915335364,0.0045838170912319,0.246787376677974,0.234176272020806,0.100093329646096,4.1699322827667e-05,0.000210331734067619,0,0.127175519117801,0.000144771218378646
0.000333865848373538,0.00375138521144578,0.0149997291147999,0.00119032304352274,0.000133924532667041,0.00146881247068526,0.00318180981107345,0.00363663309627121,0.0115507442220293,0.00182501465831953,0.00245880483782184,0.000519480319539288,0.00673952218280501,0.00203272622827779,0.000859527806068453,0.0136886437530568,0.00163687692618137,0.000164137200853557,0.000298888164107886,0.00258518594496882,0.00622955066423895,0.00586611534203491,0.0109827646001695,0.054141642259784,0.00337882664491467,0.00497195814359158,0.0598510867166334,0.0351175538009695,0.00268190509225911,0.00261082710789118,0.000581839971247277,7.26179014487624e-05,0.000348511786078006,0.00374591597151003,0.00170576975059733,0.0682011609929325,0.00912828272388712,0.0128606143932718,0.00388066623304944,0.00176245329188742,0.000198682951272356,0.00253887311985469,0.0381524782965052,0.00812510126046706,0.0908576042512549,0.0230372112443089,0.00377414865872444,0.00396608783910005,0.0343626220891187,0.0348794252554487,0.00679844614717455,0.135461564224721,0.0184004889723725,0,0.00397896064169299,0.182308861221475,0.0559197124461525,0.0112166920178707,0.0397024999810504,0.812567841266504,0.0279155490161503,0.0511484017995393,0.20192357770019,0.000977470505715999,0.10758935867161,0.11179709562153,0.318823335415808,0.231931984162723,0.0117765307889022,1.16464877866904,0.00796566880453658,0.855025189731107,0.148740954879255,0.00263977604660212,0.151852185114369,0.456190709962561,0.823192427282968,0.701219366910276,1.19980470715373,0.0221354123999542,0.751069572026657,0.127175519117801,0,0.0041312485982654
0.00104345111227374,0.00452819634027291,0.0350927359022997,0.000425543848609054,0.0804377617500799,0.0162450442859743,0.00741132741344022,0.00512932933041657,0.0358216018644597,0.00235033067548418,0.00548910800633419,0.0250643144832191,0.000658983025381094,0.00203980831194054,0.155909973761902,0.0502144483118909,0.00130481232337275,0.0138639367733582,0.00498952915654131,0.00238764296281992,0.0672352284827681,0.0163056299925209,0.192555247929886,0.0705200427311984,0.00121120033773139,0.0527883565015186,0.207111887523653,0.0837798673701864,0.0026690571402229,0.0192626331385168,0.00278828521171137,0.00599974531201447,0.000641658265124441,0.00465033528774373,22.208080724884,0.410936373455327,0.233484865615014,0.0409356790296501,0.323584228672354,0.0114782797868641,0.00631502685386156,0.00238774694465998,1.49964121842169,0.277179465037085,0.0953575147512546,0.545281637021613,0.0160636315754027,0.0392828724238717,0.0103064316857512,0.000267502708699178,0.00451521447148445,0.0360346501142503,0.0185288409209625,0.0545216564562191,0.0196715115828277,0.0589856700648054,0.0275970467579455,0.0229863076770932,0.0266489380898467,0.0178667172215053,0.136142333915139,0.00321130958614641,0.00823571275288301,0.10254258603482,0.197713122390393,0.00252995502742377,0.0193710145193693,0.00406546551091522,0.00641166472040492,0.194053484717899,0.0160906689540393,0.371519768140825,0.228926517160859,0.000113659990697742,0.0751550306740893,0.237154942114348,0.510173466889843,0.00192698692966161,0.0216408122002696,0.00546929641272692,0.0129116714834008,0.000144771218378646,0.0041312485982654,0
