0,6.27332530975342e-05,0.00463481093576103,0.000123506422430277,0.000286003447014094,0.00214936532135606,0.251822608262444,0.0610247069640204,0.00170099711463302,0.0146896134215116,0.00601507524601817,0.00154588089529723,0.000264066163429618,1.3691174241957,0.00238162974396795,0.000377624168652297,0.0537802076736152,0.013199435886681,0.0270217341217309,0.000252219813334942,0.00844896688173414,0.000288361038199067,0.0314966108052001,0.00364625610545277,0,0.0165301250159979,0.0188789100707636,0.0159786430271641,1.22404231532313,0.69673325147779,0.000233294993439317,0.00119821308565736,0.00360628121217638,0.028805003959389,0.00409892126404792,0.0409527764100314,0.0026064590053171,0.0289644975602448,0.00789278474042117,0.00149223810441345,0.000763026175795496,0.000269636106979847,0.00370257410065531,0,0.000881667202605307,0.000294043481078744,0.000270671294152737,0.0003261201682508,0.000121226278164982,0,0.000148102696529031,0.000204061721159518,0,0.000109692750483751,0.000153021787375211,0.00121559879333675,0.000204842886963487,0.000902123758965731,5.23476015895605e-05,0,0.000220215182757378,0,0.000143561674892903,0.000175403310847283,0.00131959476243109,0,0,0,0.000158930526018143,0.0012233646213755,0.000368934621816873,0.000531280405256152,0.00526716041859984,0,8.81950078427791e-05,0.00105448796031922,0.00387261672698409,0.00028530845605135,0.00168520530347377,0,0,0,0.000496437875539064,0.000468967377260328
6.27332530975342e-05,0,0.00254816502458453,0.000317300990518928,0.00198687566640526,0.00106744790203869,0.000307530187891424,0.000648356013716757,0.145059641625065,0,0.0119627877082854,0.000164719258034229,0.0989858441756144,0.000706153977459669,0.0109860173433452,0.066847663540551,0.0187327213220775,0.00138616068357974,0.00275458410748839,0.000309089689731598,0.00455480659740418,0.398150218571826,0.00742146321052611,0.233995219377588,0.518531269377577,0.0296662229909241,2.34361619858244,0.0175626221565858,0.000947543957524001,0.00247829163416326,0.024135680928187,0.000694296274642646,0,0.0488513726215646,0.00180173352471739,0.0305747046506866,0.0135595277779207,0.0201297472278506,0.00758647640342116,0.00581280489939898,0.000304811178767681,0.017925410874629,0.0289337204615086,0.0173054887895719,0.0198213134538129,0.0173170691537336,0.000195658188894391,0.000367033421695233,0.00817614830473661,0.000383257401105761,0.203831804924084,0.0180858767010898,0.000844883638814092,0,0,0.00224196397708207,0.000705925742158294,0.00295721409464627,6.30890451520681e-05,0.019026215136829,9.51466183900833e-05,0.0298377574310481,0.000768806871271133,0.000173033727565408,0.00872028762747347,0.0161007157179296,0.00259376564607621,0.01133875713083,8.97182121753693e-05,0.00254581523744017,0.025189152279906,0.0119233782117858,0.0055914946760565,0.00718931361530125,0.101264972401321,0.812751461297309,0.00158697222220301,0.000449324270530045,0.00559330107436926,0.0120133597177908,6.21482223212719e-05,0,0.00660390277216584,0.00180336918249131
0.00463481093576103,0.00254816502458453,0,0,0.000138927316808701,0.00189331027941257,0.0253062231741265,0.0447806592198536,0.000270287118762732,0.00302395138653069,0.0072004888179034,4.64382358089089e-05,0,0.0490418833344102,0.00148675775589943,0.00199466866021455,3.02251352243528,0.0374628702843041,0.120477363676978,0,0.307703937914279,0.000391465254165233,3.43681947239075,0.00263996810869426,0,4.28353270739999,1.28333155341274,0.0661779171256975,0.0140218954851448,0.178038691556741,0.00052290207169056,0.00109346001449227,0.00131216496701986,0.109188998888345,0.0215805213050589,0.305611448551026,0.170752927323236,0.191100270916854,0.164849511546889,0.00142124587276578,0.00308840552082956,0,0.040897423099485,0.00468304442824572,0.0130311047100142,0.0197479869299114,0.000338665091641247,0.000193353320106864,0.000116842977076769,0.000447225996203721,0.0132188135122478,0.16618845211606,0,0.000229059843695164,0,0.00147890863173455,0,0.00020379585147649,0,0.000784128977692127,0,0.000113043868541718,0.00033505165258199,0.000330183384364843,0.00244133957223296,0.0335916465158552,0.00111099258252978,0.00611789107040912,0,0.0031057697069779,0.00691669459964484,0.0298518116944388,0.00229386680648177,0,0.0353714470001102,0.50382291145815,0.00114697740536481,0.00115465327432156,0.00559412020494938,0.000327388779142499,0,0,0.0103470035188049,0.00994543493217826
0.000123506422430277,0.000317300990518928,0,0,0.00908567386735678,0.00338665895601213,0.10487928527145,0.00551093410937041,0.506769776981952,1.15925625141928,0.00139575735606551,0.34949951958589,0,0.00609591785642207,0.0403102980992883,0,0,0.000167836365005374,0,1.43036952290274,0.0002015001450181,0.00312693754152656,0.000100825873574614,0.311514629074247,0,9.72466823533177e-05,0.000610620497694612,1.79252053514109,0.00442687679825574,0.000378646534682811,0,0.00288776441988349,8.96531642273068e-05,0.00983719076887518,0.00232704559795112,0.0544851275572315,5.44859454274178e-05,0.00624020605659783,0.00105486475689858,0.0389799472396866,0.00289266359834224,0.000162883889017999,0.0161829858987525,0,0.0109736554646298,0.00226170585341454,0.0444092616691291,0.00457938134079426,0.000798911338798701,0.000459210148340463,0.000371155221650005,0,0.249988542166127,0.00121944515134544,0.01293422180119,0.0380173203385353,0.0190170981176272,0.0763889304216653,0.176852639729972,0.000274260183064639,0.119306498727383,0,0.0164801398422018,0.00829614581514001,0,0,0.000252687792679667,8.90363207429647e-05,0.0643865818258345,0.000233026150205732,0.00183348275116384,0,0.139326466736224,9.05983647853136e-05,0.000268857703641057,0.000409699561779201,0.230599004136759,0.0042433620116502,0.000284488441359997,0.000119264689269662,0.000502917826513947,9.47765092402697e-05,0.0172832886588022,8.29361796677113e-05
0.000286003447014094,0.00198687566640526,0.000138927316808701,0.00908567386735678,0,0.262731850237417,0.0182775474718764,0.0263524804780468,0.038362070027414,0.0207091540471792,0.0086377986551255,0.0575083851673052,0.000335539636090398,0.0089598019732207,0.233631870781579,0.00277542790762484,0.00112515311976075,0.00179250422950834,0.00108066046400964,0.0040343004977271,0.0185314452273637,0.00754262303044796,0.0199824585560828,0.0478265296264946,0.000808271176548302,0.00223189143861234,0.00963583344911933,0.0364314361329749,0.00553681398448199,0.0130937516230733,0.000153748594105244,0.144908162862633,0.000260760437905789,0.446112380977132,0.437929942698261,0.0913828314690202,0.00711126953202486,0.00779849609538018,0.00856930400097967,1.5662369621777,0.441892649423016,0.0007027668464005,0.00979351831136793,0.00778696937443763,0.000959934341943264,0.0138574195137172,0.002801418948251,0.00102646804962754,0.000493821102100611,0.000126426485788823,0.00025455788065195,0.000204335872119665,0.00056533838262558,0.00225411202936769,0.000801339138816297,0.00331615145593434,0.000634409260086716,0.00139967385560423,0.00217327774612904,0.000259279352754355,0.00271698338936568,0.000132076770269871,0.00056475601336062,0.00112018151454329,0.00335190882968456,0,0.000431972780096531,0.000732494251197576,0.000482744038903714,0.00262644817276001,0,0.0077341674100399,0.00516078592109829,0,0.00307065199840664,0.0042154194744572,0.00729557000594437,0.000708238414986431,0.00218258550391495,0.00060737341107726,0,0.0001508217882514,0.000631206773668527,0.312172295384893
0.00214936532135606,0.00106744790203869,0.00189331027941257,0.00338665895601213,0.262731850237417,0,0.475041285458412,2.18230599750154,0.0223472160223753,2.54742353459339,0.0327150816139683,0.7796589503985,0.00242783744700998,0.190419083304288,0.357378509973266,0,0.00308325517830253,0.00864107452889383,0.00320340311304182,0.0295806074800656,0.00635567272029221,0.00207539180853068,0.00592042790573389,0.0250351191274136,0.000227166814719141,0.00983729238048196,0.00424528555317074,0.0450142301783637,0.0522275111465246,0.0255198701140955,0.000516391286954284,0.140429061066683,0.000334127765528858,0.100204037589132,0.14462705375441,0.390217840274573,0.00393743252701759,0.0549772028608784,0.0168982003826573,1.09606196807902,0.15562292488447,0.00299304443357587,0.0114193882520393,0.000608073428319394,0.00530694753766507,0.00107883086466045,0.0233426680307359,0.00125227435177564,0.00321307131287903,0.000333737924484908,0,2.93190035358071e-05,0.0103606352473914,0.000556959394389391,0.00207474243954271,0.0120819161312356,0.00202657303747386,0.0131337607152402,0.0169625727412566,0.000525489397189021,0.0215365515567392,0.000308265532872081,0.00138649907485694,0.00413359046819508,0.000629402158874273,0,0,0,0.00773580428843796,0.00027804086598754,0.000108264516216517,6.97146480977535e-05,0.0317148782725722,0,0,0.000322733811171353,0.0338178559941367,0.000965983938777447,0.00104567890856713,0,0,0,0.0045128864575237,0.0117124993016959
0.251822608262444,0.000307530187891424,0.0253062231741265,0.10487928527145,0.0182775474718764,0.475041285458412,0,1.53975480860447,0.0929101040164709,3.63427299002822,0.0610874817305759,0.0581510179619536,0.00301235678481311,2.26532124302813,0.107262630341096,0.0037152292228505,0.01502248493841,0.0174900263429641,0.00469816617181301,0.0257298649986178,0.112580431919547,0.00191063304082006,0.0424156982183084,0.325620720744398,0.000393712117302418,0.0240782272095166,0.0174137618654535,9.10029235273309,0.320968917637525,0.999269843038341,0.0014688634945944,0.0633601460753292,0.00892171015119702,0.294810921202777,0.0817345900848031,1.06524913355488,0.0129059855952874,0.275384726560648,0.0547109820969775,0.158701642938568,0.0743239644993514,0.00356895801626146,0.132021617426192,0.000936054919910431,0.0449862630481943,0.0137591191482172,0.0547641114762128,0.0195805011960759,0.00456322046673447,0.00258961965390145,7.22681326329708e-05,0.00109377956410497,0.0224700035094187,0.00488700548921227,0.0156479121393323,0.10367357707934,0.0476325412697911,0.0272639297779769,0.0623832092313275,0.000707175306418538,0.0264171408641755,0.000150074637785554,0.0350149738587156,0.0118588744540676,0.00522266058900505,0,0,0,0.0112852778546348,0.00411677997429222,0.000880469895742834,0.00195701654739082,0.241264261626207,0,0.000125815720951557,0.00639736473194361,0.29593556860174,0.0174036486731634,0.0140015959518328,0,0.00110826682173312,0.00174012203133107,0.0567703561565131,0.0123308950865015
0.0610247069640204,0.000648356013716757,0.0447806592198536,0.00551093410937041,0.0263524804780468,2.18230599750154,1.53975480860447,0,0.0449045522069156,1.91125674860514,0.0838238490708351,0.431171604888456,0.0064730793167457,1.95231808506316,0.0711138593276278,0.000858137738716602,0.0864365971998259,0.0309245693084657,0.0365486423206866,0.0321355457817033,0.115543065031698,0.000930458388780057,0.0969765172969699,0.0479235944236129,0.000129173122623563,0.0504533686070085,0.0511936382493303,0.318712995786591,0.362004732080509,0.412684429214893,0.00221148206748217,0.11355239360965,0.00759018229175806,0.200710908061799,0.0336938997793555,0.746539771333879,0.0230589926810786,0.1564843658371,0.0559865453823819,0.383443081958751,0.0561528378719837,0.00725443329568208,0.0805626475749389,0.000414215045143664,0.019113828628926,0.00607240885251909,0.0262757944110274,0.00245496024789959,0.00374910557195842,0.0014236869130373,9.9079126766324e-05,0.00125725336639583,0.00579502462725788,0.000752447194553911,0.00207545122753531,0.0456627596339002,0.00112564217093289,0.0166476843006015,0.00839273659403622,0.000286286484974623,0.00932867667126357,0.000215384411257506,0.00213084722933471,0.00378933287134171,0.00526698693395108,0,0,0.000102076649281383,0.0035491919048801,0.00390993331500888,0.000872345595782996,0.00135695468108356,0.169126758595798,0,0,0.00420111263058483,0.157735105301426,0.00620164674470276,0.00894091491619348,0,0,0.000813666546371579,0.00976783889394552,0.00627357902826071
0.00170099711463302,0.145059641625065,0.000270287118762732,0.506769776981952,0.038362070027414,0.0223472160223753,0.0929101040164709,0.0449045522069156,0,0.300184621921855,0.0149536495129227,0.285698554227883,0.0196945029945419,0.0497051424867809,0.19902623782611,0.056427146876955,0.00261897295116335,0.00360977540023327,0.000992412281006574,0.208067330510344,0.00560997896382511,1.01644163146539,0.0085528507828474,2.40300834702598,0.150159243583268,0.00655204940098822,0.451639741704817,0.572739564976202,0.0374290449597329,0.0148198096749678,0.00614128265883475,0.010456068323937,0.00129248754820824,0.0399666169888421,0.0106799480467707,0.0887970780304492,0.00580544311019033,0.02692220908169,0.00839159293039292,0.112793992271682,0.00569779266275615,0.00426806732511371,0.0836506772016555,0.00408753236044347,0.0232831754613325,0.0120407036596775,0.018502590128307,0.00743236299259662,0.00334105334495157,0.00582656988404393,0.00803039278278797,0.000955436234882474,0.0940298213114366,0.00185719082081616,0.00938772204864323,0.0670547413260877,0.0291299146114766,0.21814411858152,0.105308313334027,0.0111112517565772,0.0271261771513029,0.00233087727481872,0.0285265956488222,0.00683398073265106,0.155861542545645,0.000273892340788245,0.00323055003884881,0.000862730369198322,0.0170294668175712,0.0175100893811122,0.0694504837000832,0.0197977159439519,0.430063847920512,0.00224899887763708,0.00649856518417149,0.0349278427028283,0.2906426404892,0.0329812251634494,0.0311790608165324,0.000430783763688803,0.00269912263251096,0.00129574433863461,0.0203513743392944,0.00805901510055959
0.0146896134215116,0,0.00302395138653069,1.15925625141928,0.0207091540471792,2.54742353459339,3.63427299002822,1.91125674860514,0.300184621921855,0,0.117178001581936,1.1247887011133,0.00662509989251643,0.784131457290661,0.0836672942403973,0.000172293662226201,0.00659757531967014,0.032777759730953,0.00604582103987486,1.48207014673763,0.0138037685822799,0.000842960987523198,0.00684414780677855,0.0542594369329304,0.000127588703531027,0.0296853714267164,0.00496619012491703,0.651723128978075,0.266867939112159,0.0357274528198897,0.00182809177436382,0.109261857087211,0.00160658764003814,0.36416680175896,0.0489009157581031,0.968846509368056,0.0084481021873042,0.270686002820572,0.0468963350791425,0.209130692209376,0.0876386960277408,0.00542562938043326,0.0296498137489125,0.000330722465831041,0.0142059423476294,0.00283810710145087,0.105186151696778,0.00475011012003273,0.00125648345847874,0.000278859253180027,0,7.2523573474586e-05,0.217390168376468,0.00426443228498399,0.0225470321710676,0.0929559886762843,0.0184720831607312,0.0999215862792298,0.388400937294875,5.98876202791929e-05,0.207978744538728,0.00040641978752017,0.0143049855623484,0.0235056156858936,0.000579738064295054,0,0,0,0.098238564476569,0.000566272845362127,0,9.59837830036878e-05,0.231695350453186,0,0,0.00053139517145902,0.463661649487174,0.00430600224033892,0.00131747131387889,0,0.000432860476714373,0.000403322721423208,0.0315265307106853,0.0047510674840033
0.00601507524601817,0.0119627877082854,0.0072004888179034,0.00139575735606551,0.0086377986551255,0.0327150816139683,0.0610874817305759,0.0838238490708351,0.0149536495129227,0.117178001581936,0,0.0746695378953859,0.514419757629348,0.220183675141092,0.00529699657825529,0.00145814386624694,0.160896339700139,1.46962089701211,0.172553850356577,0.00828807938622534,0.0375339698941663,0.00392827824359835,0.0791307081107482,0.0136824230194613,0.0581413213023006,0.588230779060607,0.0788473651104316,0.0361252303406403,0.325674415171661,0.049072920101814,0.0235021780381262,0.208793849748208,0.00925726707487405,1.74179754965574,0.0106887248514072,0.321540226640462,0.630279915386777,0.879797624287965,0.118823441263401,0.0286891032674447,0.0104778148199901,0.377264325214666,0.0028036400069654,0.0843196037150085,0.0227492733114242,0.000339606688451767,0.00326825144469738,0.000460964671656489,0.042149998351939,0,0.0161723064163968,0.00081112168880403,0,0,0.000251940678924322,0.000154169847100973,0.000587245594191551,0.00367743013647794,0,0.262211925216019,0.00111699792179615,0.36969436953387,0.000629270224393905,0.000924051222491264,0,0.000224065086388588,0.000162387174528838,0.000263252016299963,0,0.000110408917286992,0.00337982163749039,0.000209931066375971,0.00537818402874768,0.0357785824649602,0.011494193450436,0.0735181085892438,0.00153417547681481,0.000583169657889009,4.49528463512659e-05,0.0744021130331799,0.00300962583865822,0,0.0210657444449723,0.00412578761455715
0.00154588089529723,0.000164719258034229,4.64382358089089e-05,0.34949951958589,0.0575083851673052,0.7796589503985,0.0581510179619536,0.431171604888456,0.285698554227883,1.1247887011133,0.0746695378953859,0,0.00527786813133061,0.278882158932509,0.243270923530527,0,0.00332235360937267,0.0230225812577516,0.00387886524272561,1.60495336480004,0.000811655884714425,0.00095529987372756,0.00145351292529851,0.130917555119289,0.000243127870464324,0.0176694258396104,0.00287602728352845,0.132105850511369,0.107305775372721,0.0103932916790277,0.00215847573572695,0.0456500418682948,4.39486489593983e-05,0.154835014165368,0.275708092052464,0.244899219313322,0.00403998276317269,0.0847427095539525,0.0157634710412189,0.461521687979688,0.019915367852208,0.00548322740043401,0.016378551473172,0.000361457610583306,0.00703700874729455,0.00336999499207288,0.125773514693093,0.00407148163624108,0.0026085565087229,0.000304331966009736,0,0,0.136028358837083,0.00260271662674248,0.017732439848499,0.0300368658961222,0.0095776495907113,0.0869929397446126,0.173150931819699,0.000545336134007573,0.232023147453096,0.000124177132456005,0.00808559388242066,0.0277196795058027,0.000363009984467923,0,0,0,0.0691370042726889,0.000258231763550639,0.0001112598972857,0.000128931748022139,0.077129161132501,0,0,0,0.166509174714917,0.00161431185366511,0.000598973338776826,0,0.00137082550516129,0.000113610140252113,0.0136222925378055,0.0855708106997982
0.000264066163429618,0.0989858441756144,0,0,0.000335539636090398,0.00242783744700998,0.00301235678481311,0.0064730793167457,0.0196945029945419,0.00662509989251643,0.514419757629348,0.00527786813133061,0,0.00778675424478501,0.000983600368894636,0.00469432589551061,0.000706251076734066,0.00213764092966318,0.000180324224981666,0.000398531753283739,0.00100058205915838,0.0433315088083222,0.000923319285468757,0.0145272411392093,0.751007427077154,0.0114461964102864,0.351799392832953,0.00236612766125798,0.0107307387682616,0.000784810489782691,0.0871754285492033,0.0112703927836656,0,0.723594000016614,0.00147340343632996,0.0588775513119459,0.523968593533507,0.217288303666085,0.0158004248683125,0.00520877186243981,0.00233004634181261,0.411143101403691,0.00161894551730901,0.244799930061768,0.05063668538941,0.00187669309688807,0.00137195770595074,0.000424402518072724,0.10625199579658,0,0.0748333780195266,0.000107302223861218,4.81261479213834e-05,0,0.000252946644538641,4.74456147775054e-05,0.0019892828534767,0.00433886369400322,9.61738883316516e-05,0.951503552868624,0.000265628632701934,1.71651876480468,0.00219076984695792,0.000254833350130916,0.000550908139464259,0.000187327860426902,0.000678748236504197,0.00122056575467587,4.78148612305522e-05,0,0.0161458842843607,0.000231352962063253,0.00135181738913954,0.223591104118311,0.077465614679566,0.473988057301524,0.000167475213217735,0.00366759229435772,0,0.281246947131608,0.00912490427473783,0,0.0590590917894676,0.000361007405239343
1.3691174241957,0.000706153977459669,0.0490418833344102,0.00609591785642207,0.0089598019732207,0.190419083304288,2.26532124302813,1.95231808506316,0.0497051424867809,0.784131457290661,0.220183675141092,0.278882158932509,0.00778675424478501,0,0.0443292112407386,0.00188490020044148,0.26539765839033,0.117972483814119,0.139808140168441,0.0277875983710408,0.128549010885309,0.00156531866490096,0.201354613592344,0.069212325580956,0.000316198769971728,0.141118563161017,0.126183397473922,0.321076571021799,4.62997959659139,2.1525823588592,0.00478578644923419,0.120255518639766,0.0376824504304647,0.390401368680775,0.0393186246048719,0.644592704986677,0.0289277156270117,0.251447647559927,0.078163218683514,0.104444232446692,0.037357878943634,0.00716701382775902,0.0732144190355823,0.0007676883818537,0.0140895193600953,0.00518276997691989,0.0180398406747043,0.00156764482271969,0.00250743089390993,0.00158897996843457,0.00118036376412362,0.0010952639287278,0.0024627811692223,0.00142927845765799,0.00119437117879689,0.0313616165045961,0.00138100522911549,0.0198584150161982,0.0053665018082425,0.000869916627147794,0.00435125450059325,0.000207746614149213,0.0017531364514336,0.00333548565909713,0.00785098275634646,0,0,0,0.00159320763229579,0.00715846144665033,0.00161997293409258,0.00258210460752993,0.1503725277103,5.6106328573823e-05,0.000390210495369136,0.00480546973560751,0.120469644312196,0.00726660221482813,0.0140696615948305,0,0,0.000840782867857814,0.0075431898283422,0.00435088786364496
0.00238162974396795,0.0109860173433452,0.00148675775589943,0.0403102980992883,0.233631870781579,0.357378509973266,0.107262630341096,0.0711138593276278,0.19902623782611,0.0836672942403973,0.00529699657825529,0.243270923530527,0.000983600368894636,0.0443292112407386,0,0.00845145644410998,0.00288898771166205,0.00163117389217019,0.00123210340617001,0.0149698122439221,0.0605829442520663,0.0452190949080751,0.049826428603062,0.267015407494065,0.0085704124347791,0.00245611595564634,0.0349627110706195,0.193033133631219,0.0229634348041267,0.0725114479288965,0.000342655917707086,0.0390835910602435,0.0010186654131934,0.0338916330935463,0.489930936735567,0.0701643733937934,0.0120732674217731,0.0170429446129099,0.0150502787613645,0.67625224425662,0.0191689672381088,0.000284445202508568,0.0159800734762981,0.00602572799701095,0.0032559720024705,0.0100790304525733,0.00758647610361874,0.00126954284894466,0.00057862454303205,0.000576302686460316,8.45163770526647e-05,0.000406751014131308,0.00426496146379262,0.00283350863094031,0.00140957687721848,0.00736461762118489,0.00112468696676343,0.00581743170429766,0.00534696543729305,0,0.00819042217952013,0,0.00156558626609593,0.00138864461089373,0.00551501293050647,0.000141867338442803,0,0.000106181146353483,0.0025676986330688,0.00432811040212661,0.00140131515455842,0.00581205543311239,0.0260843822810143,0,0.00161284299616963,0.00538246473928243,0.0203548802502379,0.00282508046592921,0.00637030223416985,0.000508893626064062,0,0.000265149936950207,0.00366269591201544,0.179751491335973
0.000377624168652297,0.066847663540551,0.00199466866021455,0,0.00277542790762484,0,0.0037152292228505,0.000858137738716602,0.056427146876955,0.000172293662226201,0.00145814386624694,0,0.00469432589551061,0.00188490020044148,0.00845145644410998,0,0.00868533518957645,0.00175961240708232,0.00182716970142126,0.000193773942905665,1.55002761988011,0.834169540643535,1.9260164127288,0.81266513092287,0.0287719208140701,0.00565346566313953,1.31282271440565,0.667941932911621,0.00305175739125312,0.0540376666413561,0.00170597766803503,0.000315776611450315,0.000279451574049891,0.0209721466609627,0.0668399908317566,0.571103651250561,0.078160420281814,0.128364102415136,0.0946959768886626,0.00262234367568791,0.00233253727165461,0.000408145496152341,0.0830952555214242,0.00861748771096617,0.0347444939578176,0.0210793374531582,0.00201957763435841,0.00104689007670283,0.0013089833382845,0.00191712515520752,0.00989113072514385,0.0155656961003795,0,0.00186003691251576,0.000373762848055363,0.0130765268114001,0.00191239832643122,0.0101887965598151,8.44495945334435e-05,0.000746440307328105,0,0.00064588570599854,0.00536054909041971,0.00134018025218845,1.55929654437449,0.00228137237532586,0,0.000788851780550182,0,0.170771142406784,0.244922705703556,0.434168314220035,0.11119285255255,0.000440067381261289,0.00311083826768696,0.473858886690511,0.0474325263153821,0.0128486807055756,0.100009766657938,0,0.000216798365139961,0.00102535986974239,0.0110225784506798,0.0181860488768965
0.0537802076736152,0.0187327213220775,3.02251352243528,0,0.00112515311976075,0.00308325517830253,0.01502248493841,0.0864365971998259,0.00261897295116335,0.00659757531967014,0.160896339700139,0.00332235360937267,0.000706251076734066,0.26539765839033,0.00288898771166205,0.00868533518957645,0,0.538484201191519,1.85106586538502,0.000623929920321703,0.58938029259103,0.00430697406824679,2.28024885102655,0.0141332086340711,0.000821318761529028,1.25041688253015,2.6537847191787,0.0374635268607869,0.353679784983906,1.00190451693606,0.00175369264917076,0.0110179795274064,0.0282267300322309,1.18575072488052,0.0139884798864723,0.298079923524057,0.182121767118615,0.392470588716866,0.147482789688009,0.00358918565511703,0.00275791937884688,0.000333597962641716,0.0199300354073421,0.0032662027937904,0.00891301421673447,0.00863134078245759,0.000162878116291761,0.000369551015597582,0,5.75188813388347e-05,0.0278125155683368,0.0850449569172382,0,0,0,0.000106527665947378,0,0.000392866585753858,0,0.000297043512144685,0,0.000108998285704851,5.65925408005715e-05,0.000650210557851195,0.00818975705866814,0.024676181493856,0.000341532469312846,0.00516924971670955,0,0.00256858782869875,0.00570109570535422,0.0120492791469872,0.00170398268482089,0.000505013999164105,0.0348046212120086,0.360389845612672,0.0011265415934965,0.00014755495750308,0.00164538799308091,0.000288364470630884,3.87270727649331e-05,0,0.00546855579490811,0.00701353037524521
0.013199435886681,0.00138616068357974,0.0374628702843041,0.000167836365005374,0.00179250422950834,0.00864107452889383,0.0174900263429641,0.0309245693084657,0.00360977540023327,0.032777759730953,1.46962089701211,0.0230225812577516,0.00213764092966318,0.117972483814119,0.00163117389217019,0.00175961240708232,0.538484201191519,0,1.48965661783026,0.00207430017284453,0.081949530101683,0.000446018297210336,0.195355224562789,0.00376578542542606,0.00161050633914768,0.417438878433512,0.217847904356527,0.0140300782771691,0.165533049243343,0.13960907902932,0.00693372330382317,0.0480086956631854,0.0123027180059195,0.498315471572017,0.0177213718895063,0.36210974702909,0.182534291642141,0.5567571972068,0.182928463867445,0.00661587387677878,0.0049532255668521,0.000367032962813974,0.00192130302433372,0.000804634236650169,0.000825976531735063,0.00128096672541947,0.000127969489318132,9.53353226006032e-05,0,0,0.00243746227033138,0.0013594055689469,6.71542864620686e-05,0.000247040775433183,0.000147378318810463,0,0,0.00150325127604306,0,0.000833689872935415,0.000356467338076234,0.00415792541859447,0,0.000445613967755437,6.95289908587933e-05,0.00157179966824352,0.000150802209317684,0.00112217482437044,0,8.01420700371266e-05,4.36275360912085e-05,0.000374198528277874,0.000118050562879443,0.000320020559477807,0.0139912392679691,0.039764357315801,0,0,0,0.0027244797042042,0,0,0.000146842048756778,0.00930313331213444
0.0270217341217309,0.00275458410748839,0.120477363676978,0,0.00108066046400964,0.00320340311304182,0.00469816617181301,0.0365486423206866,0.000992412281006574,0.00604582103987486,0.172553850356577,0.00387886524272561,0.000180324224981666,0.139808140168441,0.00123210340617001,0.00182716970142126,1.85106586538502,1.48965661783026,0,0.000492573290766775,0.135917984241054,0.000418290660229325,0.379872157217183,0.00281517070487886,0.000862461458662152,1.25575992204096,0.330463752997793,0.0114507883157358,0.177947764054784,0.276118863860667,0.00198189426560252,0.01161119813115,0.0163788699765354,0.437278234841454,0.0117046509515106,0.291597951654465,0.091496160835126,0.321099888808352,0.135990504660486,0.0013366612203002,0.00332632813597619,0.000299541386389732,0.00429178123785406,0.00196370552183837,0.00310476052613556,0.00233947684727609,0,0,0,0,0.00640444760394543,0.00713087928420603,0,0.000141401335346698,0,0.000184722142967582,0,0.000697062719851733,0,0.000416819199347496,4.55003039300442e-05,0.000558632108354569,0,0.000258733798003197,0.000145977231958509,0.00333293717636764,0.000570886758756637,0.00394060355253666,0,0.000532274299234152,0.00037060847992599,0.001451164031443,0.000235016208094359,0.000363700144940615,0.0335523931215823,0.0838737537843912,0.000146667135457694,7.10447246044875e-05,0.000271545686273276,0.00128733325624317,4.9297096644342e-05,0,0.000985177556018531,0.00759535978781879
0.000252219813334942,0.000309089689731598,0,1.43036952290274,0.0040343004977271,0.0295806074800656,0.0257298649986178,0.0321355457817033,0.208067330510344,1.48207014673763,0.00828807938622534,1.60495336480004,0.000398531753283739,0.0277875983710408,0.0149698122439221,0.000193773942905665,0.000623929920321703,0.00207430017284453,0.000492573290766775,0,0.000140652012842893,0.000979840534476935,0,0.0351468680890798,0.000142873016491532,0.000772562178060413,0.000169145308500528,0.916823652312508,0.0105455087905824,0.000665264775511623,0.000212055570355058,0.00558480699259489,0,0.0199214672804877,0.00173909734336138,0.0546929681839138,0.000478613455961645,0.0124487979997471,0.00244081617532819,0.0498667552716523,0.0041182283075586,0.000382986856952309,0.00883265073343068,0,0.00475335551490784,0.00128845136325955,0.0425901462607429,0.000927715312863887,0.000210001764681935,0.000563864615100622,0,0,0.111225690707283,0.00162039084337354,0.00823846694637984,0.0196211281473845,0.0052840662986204,0.0482240123007402,0.12709476322993,0,0.113573074889341,0,0.0050233219643876,0.00921166792792082,8.54131472826004e-05,0,0,0,0.0479543357632622,7.64623624056578e-05,8.80932463347912e-05,0,0.0588958887087644,0,0,0,0.13821992285454,0.00127241658976972,0.000212756606313586,0,0.000159113130167126,0,0.00965187648859024,0.000303163024127483
0.00844896688173414,0.00455480659740418,0.307703937914279,0.0002015001450181,0.0185314452273637,0.00635567272029221,0.112580431919547,0.115543065031698,0.00560997896382511,0.0138037685822799,0.0375339698941663,0.000811655884714425,0.00100058205915838,0.128549010885309,0.0605829442520663,1.55002761988011,0.58938029259103,0.081949530101683,0.135917984241054,0.000140652012842893,0,0.0118684670210958,6.97176350662138,0.0739896904363587,0.00248992868851573,0.218122384820952,0.57109081950191,1.0452478643455,0.10549415099898,4.66986564236139,0.00115471162872165,0.00813208219441175,0.0359221858368635,1.0086319896184,0.318344911835793,1.39136383762202,0.1224748722187,1.50918409827959,0.633390878314146,0.0208555521619693,0.017412914428018,0.00107384643218219,0.0463877221385077,0.00606205966065675,0.0195960023090169,0.00789185727103502,0.00184200809192956,0.00116047959789038,0.000638846620446443,0.00226045343797206,0.00240104502838999,0.0109336012980863,4.39973515570164e-05,0.00652437925571055,0.000165774281114339,0.00471761013019532,0.000895032486377656,0.00534940564545989,0,0.000615906867922842,0.000392948759150505,6.50650368005037e-05,0.00362485071419477,0.00612039136754722,0.225911818029822,0.00189758581376671,0,0.000641478683808446,0,0.0894245230423987,0.0245274153712765,0.0632125233961299,0.06326877388684,0,0.00287010388209969,0.0892527308762043,0.0373392320956498,0.01755012034356,0.0797845240741774,0,0,0.00140305427170098,0.00838462538136989,0.0610689747893691
0.000288361038199067,0.398150218571826,0.000391465254165233,0.00312693754152656,0.00754262303044796,0.00207539180853068,0.00191063304082006,0.000930458388780057,1.01644163146539,0.000842960987523198,0.00392827824359835,0.00095529987372756,0.0433315088083222,0.00156531866490096,0.0452190949080751,0.834169540643535,0.00430697406824679,0.000446018297210336,0.000418290660229325,0.000979840534476935,0.0118684670210958,0,0.0259141823410123,1.40493405967663,0.368404517533462,0.00539650922238379,2.27672823877571,0.0870847500943422,0.00244912462127804,0.0050830529684931,0.0118452968948841,0.000500610495063663,6.24097356915474e-05,0.0165769909138441,0.00189970897169411,0.0220060379470587,0.00617075922078043,0.0109389021811992,0.00484386719396412,0.0229450581393093,0.000544505834257603,0.0079667666201815,0.025338598562406,0.00387103546499461,0.0127185254149199,0.0106498667711019,0.00190243547893762,0.000704831738644838,0.00253093076607585,0.000690272507020831,0.0238131196716651,0.00912805047784001,0.0084601228113234,0,7.00826769858599e-05,0.00370200416095406,0.0006840502331689,0.0196923640572176,0.000332495855285227,0.00860018218819797,0.000250157035003603,0.0120721273037523,0.000926189939552546,0.00117054401416182,0.248542402967068,0.00222836413156539,0.000179899126560986,0.00111167722724974,0.000179599654532969,0.0146280054125637,0.215012682651485,0.0512474514075295,0.078798324675253,0.00807599159628748,0.0107748377436623,0.460489993434658,0.0177970325710565,0.00238710968560726,0.00847434224137514,0.0022767398925364,0,0.00023179500849843,0.00408311736901552,0.00350423150534331
0.0314966108052001,0.00742146321052611,3.43681947239075,0.000100825873574614,0.0199824585560828,0.00592042790573389,0.0424156982183084,0.0969765172969699,0.0085528507828474,0.00684414780677855,0.0791307081107482,0.00145351292529851,0.000923319285468757,0.201354613592344,0.049826428603062,1.9260164127288,2.28024885102655,0.195355224562789,0.379872157217183,0,6.97176350662138,0.0259141823410123,0,0.128686894195247,0.00326030516619235,0.970689283169139,5.69101379171397,0.696807279450643,0.251524207948547,2.26552010367285,0.00297877354763896,0.00895676300760955,0.0415293560925156,1.56029347000659,0.586344982580939,3.9405472047356,0.916864754970722,2.89065393756324,1.55834902164787,0.025788915683724,0.0358908241539955,0.00066294582824707,0.0912392655968935,0.00796955256784409,0.0343909285022244,0.0297230903679476,0.00246508079146743,0.00112548419035226,0.000925852943274379,0.00101385813029557,0.0103194206221506,0.0845846911859825,5.07931505024433e-05,0.0062722812937051,0.000421715474617482,0.0134719525871128,0.000516941978116334,0.00297757557080984,4.14010044530034e-05,0.000613988215017319,0.000336047813433409,0,0.0019185835134998,0.00776875813631416,0.646917911565976,0.00878408966702967,0.000107776128892601,0.00202805126226544,0,0.109756100103097,0.0768439056435838,0.307649353239019,0.0461459441162139,0.000249087196177245,0.00939947126275301,0.777632471119645,0.0281568761136711,0.00569141953627915,0.0638677084990978,0,0,0.000851424679121375,0.0109352431782901,0.13062011469933
0.00364625610545277,0.233995219377588,0.00263996810869426,0.311514629074247,0.0478265296264946,0.0250351191274136,0.325620720744398,0.0479235944236129,2.40300834702598,0.0542594369329304,0.0136824230194613,0.130917555119289,0.0145272411392093,0.069212325580956,0.267015407494065,0.81266513092287,0.0141332086340711,0.00376578542542606,0.00281517070487886,0.0351468680890798,0.0739896904363587,1.40493405967663,0.128686894195247,0,0.153766933952488,0.00806130980359763,1.00555546135485,2.33523676800002,0.0994973256074727,0.0522852778482169,0.00538273586774469,0.0139488416040138,0.00887574942722619,0.0872007583052248,0.0623946315537244,0.414671342182226,0.0286364550925121,0.115828114746022,0.0482321424223736,0.166213533761103,0.0155812876741127,0.00393490642851591,0.431795270955112,0.013149337971878,0.140490128036271,0.0554001446314171,0.0864300574658006,0.0386194388158098,0.011907574075076,0.0203699515321627,0.00994996747368872,0.0105176541077361,0.0583310775042251,0.0127716439798534,0.0348616698624253,0.226301327195548,0.125637801848681,0.263803670754729,0.08257262347994,0.00646423087768555,0.0274609197595939,0.00210597827269584,0.102159937722778,0.0272839100247681,0.252714119569369,0.0010847412155062,0.00015501462302506,0.00122222594730109,0.0137788866087093,0.123884268207986,0.06711871732447,0.0598407077284187,1.14464360008799,0.00177349298697561,0.00255686853364706,0.106176731671035,0.738255047853373,0.142720231664321,0.193053800364373,0,0.00879368935283571,0.00840566979521513,0.116563987369765,0.023625002171427
0,0.518531269377577,0,0,0.000808271176548302,0.000227166814719141,0.000393712117302418,0.000129173122623563,0.150159243583268,0.000127588703531027,0.0581413213023006,0.000243127870464324,0.751007427077154,0.000316198769971728,0.0085704124347791,0.0287719208140701,0.000821318761529028,0.00161050633914768,0.000862461458662152,0.000142873016491532,0.00248992868851573,0.368404517533462,0.00326030516619235,0.153766933952488,0,0.0238619407340691,0.771343996720061,0.0098638840569064,8.22584242850542e-05,0.000358811355553568,0.0485612620496184,0.000342460189554095,0,0.300107475422559,0.000248125601321459,0.00779430163616687,0.0166714030591279,0.0327077030541793,0.0021114502145052,0.00411921987653821,0.00026647639747262,0.0662017250876814,0.00703640966863335,0.041782627557683,0.0162834781167045,0.00447448937850893,0.000299112916721404,0,0.0472673910692498,0,0.160237264123848,0.000528518111392856,0.000665625939536095,0,9.55939664334059e-05,0,0.000387325429354609,0.00198250832214803,0,0.125909728293208,0.000124034652884304,0.287096980798337,0.000205397484734655,0,0.00122288299796134,0.000579223536035418,0.000274059703961015,0.00222893608728499,0,0.000327185188823938,0.00681396221516281,0.000259178294864297,0.00261984005013108,0.133344581389661,0.068325014983207,0.555718863839985,0.000173394478596747,0.000759197212445736,0.000226784508505464,0.0635351686401591,0.00073810111939311,0,0.0106989873544812,0.000128010605078935
0.0165301250159979,0.0296662229909241,4.28353270739999,9.72466823533177e-05,0.00223189143861234,0.00983729238048196,0.0240782272095166,0.0504533686070085,0.00655204940098822,0.0296853714267164,0.588230779060607,0.0176694258396104,0.0114461964102864,0.141118563161017,0.00245611595564634,0.00565346566313953,1.25041688253015,0.417438878433512,1.25575992204096,0.000772562178060413,0.218122384820952,0.00539650922238379,0.970689283169139,0.00806130980359763,0.0238619407340691,0,3.9808401928885,0.0395673739818439,0.152532984601618,0.251524074123477,0.118856423724054,0.0405050364117518,0.0111966678406998,0.458565769585223,0.0727476873125195,2.02507868742352,1.75052418725302,1.12856449779514,0.663405164272659,0.00828685900987237,0.014810956117852,0.00379750714958906,0.0942830176026762,0.102299652914235,0.0740511126718178,0.0611385254669562,0.000864633215174079,0.00155533755393326,0.00203876495574861,0.000377950240497291,0.129593726779547,0.188178439213489,0.000119787293839454,0.00117986548943817,4.27473100602627e-05,0.00246059621222615,0.000169016931879521,0.00163912678774297,0,0.0721860759665385,0.000386843873243033,0.263333935418267,0.000546174118489027,0.00146402063616216,0.00181575470888764,0.0716117205182269,0.014582273801887,0.0790229915997088,0,0.00679223059604019,0.00973340471348315,0.0357087581473008,0.000881038724951447,0.022640674139224,1.01575984798633,2.59936429418184,0.00224359805936366,0.000693910823562741,0.0128459425519258,0.227547742285259,0.000178516759005189,0,0.0272634391115427,0.0340509720881283
0.0188789100707636,2.34361619858244,1.28333155341274,0.000610620497694612,0.00963583344911933,0.00424528555317074,0.0174137618654535,0.0511936382493303,0.451639741704817,0.00496619012491703,0.0788473651104316,0.00287602728352845,0.351799392832953,0.126183397473922,0.0349627110706195,1.31282271440565,2.6537847191787,0.217847904356527,0.330463752997793,0.000169145308500528,0.57109081950191,2.27672823877571,5.69101379171397,1.00555546135485,0.771343996720061,3.9808401928885,0,0.449573475037687,0.154830375796662,0.362158388439481,0.302926941849507,0.0183018496367395,0.0151133012503788,1.08878381989777,0.316943264968209,4.24124087004401,1.05577042525524,2.46880987451128,1.79671693669476,0.0294312618394032,0.0397381598856807,0.00499394543855637,0.718045691133074,0.263900092643907,0.36949576394759,0.377166272195342,0.00661271484641582,0.0060785499074474,0.00726326548728645,0.00157368974814266,1.03418875326259,1.13408499491193,0.00162980281309336,0.00372518452633619,4.00997365117073e-05,0.0533791060093768,0.00276014931538403,0.00882693827971667,0.000238245315743983,0.11057582243814,0.000150564251852036,0.440827835924634,0.00700946596909911,0.00492680262412578,0.994340595415329,0.348577504092209,0.0325306486273781,0.210551529901144,0,0.0890431307182819,0.695223288206756,1.00359575419391,0.107074839980367,0.133268179676062,1.99925912241501,14.4648576056468,0.0735135112353444,0.00485489408308416,0.0686908394424557,0.31116215405819,0.00136445426927506,0.000207328747697175,0.142839599736479,0.132146521071694
0.0159786430271641,0.0175626221565858,0.0661779171256975,1.79252053514109,0.0364314361329749,0.0450142301783637,9.10029235273309,0.318712995786591,0.572739564976202,0.651723128978075,0.0361252303406403,0.132105850511369,0.00236612766125798,0.321076571021799,0.193033133631219,0.667941932911621,0.0374635268607869,0.0140300782771691,0.0114507883157358,0.916823652312508,1.0452478643455,0.0870847500943422,0.696807279450643,2.33523676800002,0.0098638840569064,0.0395673739818439,0.449573475037687,0,0.393657618958019,3.56082421784197,0.000583841548769176,0.0342577303026378,0.058100700925231,0.361032199829685,0.221422804343613,1.15692805489818,0.0620493820269049,0.542878788332751,0.196802403947767,0.178700862429378,0.0485197652307584,0.00558279122817814,0.586942459541582,0.0127029366525993,0.187673680453259,0.077361189604488,0.153075144693005,0.0650081301187709,0.0163499214798465,0.0267051850203916,0.0025551585401684,0.0121710735476836,0.128486301194234,0.0152563382557363,0.0577367556520403,0.410785006172112,0.177885677493867,0.159847700748948,0.211959732095539,0.00380286542039216,0.0836933898478255,0.00014209498025775,0.13533516771065,0.0356628114161492,0.180675740119083,0.00153710981749892,0,0.00109300694878846,0.0427658620054841,0.145948882051007,0.0393060010995955,0.0591995647713169,1.11316173837194,9.55770979583264e-05,0.00195491430833041,0.0819367182210609,1.06510711601236,0.174018175035225,0.253039462701747,0,0.00336051258713901,0.00938930383069814,0.2011941824879,0.0447718335045933
1.22404231532313,0.000947543957524001,0.0140218954851448,0.00442687679825574,0.00553681398448199,0.0522275111465246,0.320968917637525,0.362004732080509,0.0374290449597329,0.266867939112159,0.325674415171661,0.107305775372721,0.0107307387682616,4.62997959659139,0.0229634348041267,0.00305175739125312,0.353679784983906,0.165533049243343,0.177947764054784,0.0105455087905824,0.10549415099898,0.00244912462127804,0.251524207948547,0.0994973256074727,8.22584242850542e-05,0.152532984601618,0.154830375796662,0.393657618958019,0,1.75974844595881,0.00668675690080523,0.323033035746122,0.862958212147044,1.16703045961489,0.0266857003653601,0.335455873113774,0.0243611801469967,0.456669923677875,0.0620810362037465,0.0345168932525128,0.0568050818917721,0.00392678588220477,0.0407932687857643,0.00178633065519481,0.0122497391489148,0.00375302388560772,0.00779335933267921,0.00236342251034826,0.00117569768510759,0.00134878168158532,0.00104146162154078,0.00172139925685376,0.00101825010423958,0.00122821879276037,0.00169448405078649,0.0157505457786858,0.00091683818423152,0.0157468036937952,0.00341999149105847,0.000344769004720449,0.0028979093361646,7.09603149265051e-05,0.00120017446040809,0.00234502259554714,0.0107907496165142,0.000650464741358161,0,0.000244021627373994,0.000721565660561622,0.00804265162124634,0.00229610958557576,0.00262579133930356,0.0905512749197617,0.000126985721319914,0.00194969966430217,0.00692800902376175,0.0676156152804777,0.00620502603501082,0.0143771179517865,0.000115139083659649,0,0.000825322586171329,0.00692071902499646,0.00439529051748514
0.69673325147779,0.00247829163416326,0.178038691556741,0.000378646534682811,0.0130937516230733,0.0255198701140955,0.999269843038341,0.412684429214893,0.0148198096749678,0.0357274528198897,0.049072920101814,0.0103932916790277,0.000784810489782691,2.1525823588592,0.0725114479288965,0.0540376666413561,1.00190451693606,0.13960907902932,0.276118863860667,0.000665264775511623,4.66986564236139,0.0050830529684931,2.26552010367285,0.0522852778482169,0.000358811355553568,0.251524074123477,0.362158388439481,3.56082421784197,1.75974844595881,0,0.00132741818312704,0.0186823181839347,0.23664014645085,1.24380945564629,0.16523788223433,1.13334500342201,0.0961664918601975,0.945899111010806,0.260266268876858,0.0360636904449671,0.0287296915901288,0.00202157075757384,0.0971169207032427,0.00361799262058884,0.0331294153258056,0.0131169238173097,0.0106016965797574,0.00443781389043182,0.00247937004795074,0.00398143878698945,0.00182905805898607,0.00856875714300573,0.000481696275325119,0.00682818376524597,0.0017772798984468,0.0168243042219162,0.00494834049440325,0.01302113479269,0.00226223219021857,0.000464227724282443,0.00125162955936343,7.72295384496451e-05,0.00925153833699376,0.00562873609627187,0.104391666760253,0.000749507818412781,0,0.000419030471654237,0.000270219742757082,0.0894734294077694,0.0169955683442682,0.0393864171186849,0.110990795533709,0,0.00345503189343363,0.0411170247855321,0.0901133223784402,0.0266348375505641,0.0858139608229444,0,0.000182161582483351,0.0026179667897597,0.0166909093335852,0.0303317423292846
0.000233294993439317,0.024135680928187,0.00052290207169056,0,0.000153748594105244,0.000516391286954284,0.0014688634945944,0.00221148206748217,0.00614128265883475,0.00182809177436382,0.0235021780381262,0.00215847573572695,0.0871754285492033,0.00478578644923419,0.000342655917707086,0.00170597766803503,0.00175369264917076,0.00693372330382317,0.00198189426560252,0.000212055570355058,0.00115471162872165,0.0118452968948841,0.00297877354763896,0.00538273586774469,0.0485612620496184,0.118856423724054,0.302926941849507,0.000583841548769176,0.00668675690080523,0.00132741818312704,0,0.00488976350324303,0.000440910826429724,0.0242071631165326,0.00268706502572149,0.0797104864066929,0.310161089240651,0.0648940478845387,0.0337706167504981,0.00143632281422616,0.000504298958149552,0.00582850847686976,0.00100454770182073,0.0358757875298425,0.00961590544137061,0.00318580259386748,0,5.59705425500869e-05,0.00417807873398215,0,0.0382468793287903,0.000230656765772403,0,0,0,0,0,0.00101008578677475,0,0.121182559287047,0,0.51645164103654,5.31804833114148e-05,0,7.12178880363703e-05,0.000295077212068439,0.0010091503359139,0.00122352077254951,0,0,0.00512390948585868,0,8.22373585760594e-05,0.036634466916202,0.125244874638595,0.571413474887215,0,0.000132162807446718,0,0.212675418098292,0.000313156864461303,0,0.00242295138337761,0.00137928584386706
0.00119821308565736,0.000694296274642646,0.00109346001449227,0.00288776441988349,0.144908162862633,0.140429061066683,0.0633601460753292,0.11355239360965,0.010456068323937,0.109261857087211,0.208793849748208,0.0456500418682948,0.0112703927836656,0.120255518639766,0.0390835910602435,0.000315776611450315,0.0110179795274064,0.0480086956631854,0.01161119813115,0.00558480699259489,0.00813208219441175,0.000500610495063663,0.00895676300760955,0.0139488416040138,0.000342460189554095,0.0405050364117518,0.0183018496367395,0.0342577303026378,0.323033035746122,0.0186823181839347,0.00488976350324303,0,0.00199026950936765,1.26301623189943,0.0144728170050875,0.534633614436016,0.00961243868523538,0.116230863685378,0.0343521305353642,0.272950085033415,0.877668905573231,0.00820422807189971,0.00170209253150076,0.000615358201956749,0.00221135480747223,0.000931991758862138,0.00220541693904698,0.00105280289632976,0.00377611607542634,4.84760938286781e-05,0.000187153179627657,0.000183306904217601,0.000151723649004101,0.000510432291635871,0,0.000628916209739447,0,0.00270252870312929,4.29165026396513e-05,0.000893720963969826,0.000668682449707389,0.00127347216350735,0,0.00108515439831018,0.000702386730580032,0.000116250445121526,0,0,4.99910107657314e-05,0.000305502361015975,0,4.88243479937315e-05,0.00890939163676054,0.000178878014805913,5.54834676265716e-05,0.00221325201532691,0.00418907344940752,0.00037311282133758,0.00106606981737465,0,0,0,0.000817781701725722,0.00511623231061995
0.00360628121217638,0,0.00131216496701986,8.96531642273068e-05,0.000260760437905789,0.000334127765528858,0.00892171015119702,0.00759018229175806,0.00129248754820824,0.00160658764003814,0.00925726707487405,4.39486489593983e-05,0,0.0376824504304647,0.0010186654131934,0.000279451574049891,0.0282267300322309,0.0123027180059195,0.0163788699765354,0,0.0359221858368635,6.24097356915474e-05,0.0415293560925156,0.00887574942722619,0,0.0111966678406998,0.0151133012503788,0.058100700925231,0.862958212147044,0.23664014645085,0.000440910826429724,0.00199026950936765,0,0.277715342969119,0.00285594635512978,0.00713278179672808,0.00117578793787361,0.12933632909081,0.00704844209813774,0.00178601087614149,0.00148359018422663,0,0.00158573377510607,5.08353247493505e-05,0.000422029104661941,0.00011363961878419,0.000121288649305701,0,9.67794831067324e-05,0.000138037108580768,0.000158912495043874,9.00765800833702e-05,0,0,0,0.000212136517009139,4.42120039731264e-05,0.00109863372325301,0,0,0,0,0.000189393554183841,0.00017147602148056,0.000944486991530657,0,0,0,0,0.000492484286157786,0.000227874565640091,0.000159296505236626,0.00305292569070161,0,6.42643195956946e-05,0.00082821436714828,0.00265999855097681,0.000341372001595795,0.000849337463833392,0,0,0,0.000230074546408654,0.000158423774266243
0.028805003959389,0.0488513726215646,0.109188998888345,0.00983719076887518,0.446112380977132,0.100204037589132,0.294810921202777,0.200710908061799,0.0399666169888421,0.36416680175896,1.74179754965574,0.154835014165368,0.723594000016614,0.390401368680775,0.0338916330935463,0.0209721466609627,1.18575072488052,0.498315471572017,0.437278234841454,0.0199214672804877,1.0086319896184,0.0165769909138441,1.56029347000659,0.0872007583052248,0.300107475422559,0.458565769585223,1.08878381989777,0.361032199829685,1.16703045961489,1.24380945564629,0.0242071631165326,1.26301623189943,0.277715342969119,0,0.0634741251408174,0.897134437067898,0.267624237978568,1.23870206324718,0.667021002158171,0.561423524278742,0.391699304360974,0.658813506166445,0.134564040506293,0.0417995951205224,0.141851196838696,0.0576208596223295,0.215180357891045,0.0474275417360619,0.135793895996958,0.00253074243202955,0.0325955581493199,0.0198182511097312,0.00836240955686122,0.00288645294336379,0.0246626108882532,0.0676686236313105,0.0432500788237885,0.01736264378725,0.0325541014580965,0.0990448807302371,0.0261071014431983,0.0736766293281794,0.0223807430955425,0.0173084880160659,0.00779309310812802,0.00485993521493077,0.00104743218066692,0.00336863905301839,0.00798534717511982,0.00566947014128864,0.00318978775427937,0.00717830657126605,0.126107102502223,0.052804462602368,0.0194318754819841,0.137985457854614,0.153001524133289,0.0128248358434201,0.0147871932180077,0.00953777134700567,0.0151110943619176,0.00132251457187533,0.0581875667926848,0.0201415294997662
0.00409892126404792,0.00180173352471739,0.0215805213050589,0.00232704559795112,0.437929942698261,0.14462705375441,0.0817345900848031,0.0336938997793555,0.0106799480467707,0.0489009157581031,0.0106887248514072,0.275708092052464,0.00147340343632996,0.0393186246048719,0.489930936735567,0.0668399908317566,0.0139884798864723,0.0177213718895063,0.0117046509515106,0.00173909734336138,0.318344911835793,0.00189970897169411,0.586344982580939,0.0623946315537244,0.000248125601321459,0.0727476873125195,0.316943264968209,0.221422804343613,0.0266857003653601,0.16523788223433,0.00268706502572149,0.0144728170050875,0.00285594635512978,0.0634741251408174,0,1.29999015045117,0.336462994980378,0.0634083650763437,0.505405639848575,0.0416056570908561,0.0322931870196402,0.000613955346882343,0.387531200564477,0.145324747977473,0.0157608983326182,0.216482244147304,0.0177064696288451,0.00824156327214837,0.00195880286200047,0.000422078051996231,0.00164383079176545,0.00870674928428233,0.000120746306723356,0.289981022596013,0.0362931815697432,0.0072654633510828,0.00212289542589933,0.0050700933785826,0.0040527988547951,0.000567210985267162,0.0812220765096843,0.000223184022134542,0.00131871527978778,0.0814458662979096,0.0227775823876709,0.0014376649990797,0.00257284537796677,0.00296033124750555,0,0.0211530795185134,0.00302305949573815,0.0738703336098507,0.015903920237723,0,0.031637956625092,0.10081995920091,0.0235262013683811,0.00325066064768732,0.00762388435470462,0.00172403027090728,0.000746026916497946,0.000810247434347868,0.00261279238044024,22.5743653313373
0.0409527764100314,0.0305747046506866,0.305611448551026,0.0544851275572315,0.0913828314690202,0.390217840274573,1.06524913355488,0.746539771333879,0.0887970780304492,0.968846509368056,0.321540226640462,0.244899219313322,0.0588775513119459,0.644592704986677,0.0701643733937934,0.571103651250561,0.298079923524057,0.36210974702909,0.291597951654465,0.0546929681839138,1.39136383762202,0.0220060379470587,3.9405472047356,0.414671342182226,0.00779430163616687,2.02507868742352,4.24124087004401,1.15692805489818,0.335455873113774,1.13334500342201,0.0797104864066929,0.534633614436016,0.00713278179672808,0.897134437067898,1.29999015045117,0,3.80186596291635,0.82099958978363,1.31382561079572,0.738264898030222,0.31855814651072,0.125916347294383,0.301360530071323,0.0180474571491301,0.0638875525223985,0.043073381088449,0.0508200960558578,0.0170747873532385,0.0100843734671041,0.00796829707483799,0.0389123160165175,0.0499016920005143,0.0111545660633803,0.00768280053865462,0.0109534226465345,0.108326222263916,0.0231276079659298,0.0397604183219031,0.0303877860144481,0.00261903719759882,0.0175182379834235,0.0027201667893827,0.0225035516115844,0.0115797483614356,0.0902522711066485,0.0140255413028658,0.000989601140762865,0.00846256334988475,0.00607531948433816,0.043518508788912,0.0211998938686982,0.044046527034831,0.33588555413991,0.00119706924152077,0.0576813988509371,0.399784504186762,0.28728453838084,0.0463132777523264,0.0727846051847369,0.000999124471786618,0.00099699930395931,0.00301827900538743,0.0462876467407584,0.272129782950848
0.0026064590053171,0.0135595277779207,0.170752927323236,5.44859454274178e-05,0.00711126953202486,0.00393743252701759,0.0129059855952874,0.0230589926810786,0.00580544311019033,0.0084481021873042,0.630279915386777,0.00403998276317269,0.523968593533507,0.0289277156270117,0.0120732674217731,0.078160420281814,0.182121767118615,0.182534291642141,0.091496160835126,0.000478613455961645,0.1224748722187,0.00617075922078043,0.916864754970722,0.0286364550925121,0.0166714030591279,1.75052418725302,1.05577042525524,0.0620493820269049,0.0243611801469967,0.0961664918601975,0.310161089240651,0.00961243868523538,0.00117578793787361,0.267624237978568,0.336462994980378,3.80186596291635,0,1.36376414437792,2.74815322856561,0.0191530759996175,0.0615633309990242,0.115143892199882,0.0231823673036337,0.0154163900244593,0.0106503402233705,0.0102722477113277,0.00134652858072222,0.000906047413992882,0.00461268257707953,0.0003614790770486,0.0198664346606389,0.0098142201489389,0,0.00387704899682105,0.000187940742236375,0.00109173052161932,0.000162678126661479,0.00121297811022997,0,0.0683567737941533,0.000707741477175057,0.136561071939991,0.000511335905314982,0.00456566922538876,0.0117383280513168,0.00354714519657046,0.000449204377093911,0.00240159928658903,6.1040782764554e-05,0.0037089841426,0.00320539704082906,0.00666678286114782,0.00607216006239652,0.0101245285538733,0.0630604960778638,0.241033115414625,0.00410524379121811,0.00143068121483773,0.00253636463297755,0.0542230886486054,0.000833212088827789,0.000280219536310435,0.00479236670859307,0.165149787498161
0.0289644975602448,0.0201297472278506,0.191100270916854,0.00624020605659783,0.00779849609538018,0.0549772028608784,0.275384726560648,0.1564843658371,0.02692220908169,0.270686002820572,0.879797624287965,0.0847427095539525,0.217288303666085,0.251447647559927,0.0170429446129099,0.128364102415136,0.392470588716866,0.5567571972068,0.321099888808352,0.0124487979997471,1.50918409827959,0.0109389021811992,2.89065393756324,0.115828114746022,0.0327077030541793,1.12856449779514,2.46880987451128,0.542878788332751,0.456669923677875,0.945899111010806,0.0648940478845387,0.116230863685378,0.12933632909081,1.23870206324718,0.0634083650763437,0.82099958978363,1.36376414437792,0,0.582877209170206,0.0650436690589234,0.1249536440721,0.232983112717518,0.056885467704238,0.017724882502453,0.0207443423683986,0.0130776758623093,0.0172552259956733,0.00303247564127744,0.0135939637174279,0.00209967745060921,0.0199784270792558,0.0311346556724966,0.00422184110468328,0.00172253832556606,0.00243356162361056,0.0274287897504196,0.00430984803239405,0.0126980507205129,0.00851668783760369,0.0159987138509974,0.00500013318618238,0.0152910549235017,0.00378736530475319,0.00219091351962089,0.0288593469969555,0.00894871784937083,0.000932420494681596,0.00516050603412241,0.00148910812123418,0.00888152083188593,0.00741103354006856,0.0222165791939632,0.103547067869498,0.00445137941468955,0.0484773553575024,0.281276527256935,0.0847932509499595,0.00771795821272433,0.0177125945036203,0.00470988396173417,0,0.000762004666343332,0.01349215077191,0.0279315535977974
0.00789278474042117,0.00758647640342116,0.164849511546889,0.00105486475689858,0.00856930400097967,0.0168982003826573,0.0547109820969775,0.0559865453823819,0.00839159293039292,0.0468963350791425,0.118823441263401,0.0157634710412189,0.0158004248683125,0.078163218683514,0.0150502787613645,0.0946959768886626,0.147482789688009,0.182928463867445,0.135990504660486,0.00244081617532819,0.633390878314146,0.00484386719396412,1.55834902164787,0.0482321424223736,0.0021114502145052,0.663405164272659,1.79671693669476,0.196802403947767,0.0620810362037465,0.260266268876858,0.0337706167504981,0.0343521305353642,0.00704844209813774,0.667021002158171,0.505405639848575,1.31382561079572,2.74815322856561,0.582877209170206,0,0.0534196974539831,0.126418778596631,0.0106080065580546,0.0411556589409605,0.0125424892058626,0.0108443894705579,0.0176293843473673,0.00697837455199659,0.000878616483515501,0.000349458807897568,0.000536714620907605,0.0121462533854187,0.0175827167198762,0.000795844647581876,0.00427785018102229,0.00124546361471564,0.00748404670007676,0.00063359654160738,0.00241777484484911,0.00217347701072692,0.000801229603859783,0.00196398037947565,0.00154998555450738,0.00154336809211523,0.00636790030281842,0.0167126571420386,0.005410248638165,0.000319706990617514,0.00269688691101075,0.000420552770461142,0.00657546004828214,0.00389437055901885,0.0180863593065098,0.0253972128606126,0.00116146502397955,0.0250849089921683,0.156918506051047,0.0209949664466292,0.00250657158674598,0.00691522888701558,0.000813978732469678,0.000174392169052363,8.37950218319893e-05,0.00385276969036311,0.299839876671888
0.00149223810441345,0.00581280489939898,0.00142124587276578,0.0389799472396866,1.5662369621777,1.09606196807902,0.158701642938568,0.383443081958751,0.112793992271682,0.209130692209376,0.0286891032674447,0.461521687979688,0.00520877186243981,0.104444232446692,0.67625224425662,0.00262234367568791,0.00358918565511703,0.00661587387677878,0.0013366612203002,0.0498667552716523,0.0208555521619693,0.0229450581393093,0.025788915683724,0.166213533761103,0.00411921987653821,0.00828685900987237,0.0294312618394032,0.178700862429378,0.0345168932525128,0.0360636904449671,0.00143632281422616,0.272950085033415,0.00178601087614149,0.561423524278742,0.0416056570908561,0.738264898030222,0.0191530759996175,0.0650436690589234,0.0534196974539831,0,0.195191957385552,0.0248338032813459,0.122795651874852,0.00477685656180978,0.0571869052767069,0.0262305908227786,0.0685293219672218,0.0319514115390494,0.0444313114979312,0.00154592496931254,0.000234777975299955,0.000413361235377193,0.0159791746594578,0.00225144599349648,0.0164880365217611,0.0715060304880112,0.0390970709786728,0.0202135234080181,0.0335259000128523,0.00636136911622137,0.0330635206561625,0.000309615983706713,0.0254178388451115,0.0173554358762234,0.00573599031503499,0,8.8297717705369e-05,0,0.0123934897788733,0.00701833260127157,0.0021160529373154,0.00174280705570876,0.138080391074863,0.000348423611547053,0.000260903299878538,0.00319843886216134,0.172314533338949,0.0152886702827961,0.0183708631846353,4.08080197349191e-05,0.00331298302156478,0.00171666175144017,0.0432480748465016,0.0202536538069755
0.000763026175795496,0.000304811178767681,0.00308840552082956,0.00289266359834224,0.441892649423016,0.15562292488447,0.0743239644993514,0.0561528378719837,0.00569779266275615,0.0876386960277408,0.0104778148199901,0.019915367852208,0.00233004634181261,0.037357878943634,0.0191689672381088,0.00233253727165461,0.00275791937884688,0.0049532255668521,0.00332632813597619,0.0041182283075586,0.017412914428018,0.000544505834257603,0.0358908241539955,0.0155812876741127,0.00026647639747262,0.014810956117852,0.0397381598856807,0.0485197652307584,0.0568050818917721,0.0287296915901288,0.000504298958149552,0.877668905573231,0.00148359018422663,0.391699304360974,0.0322931870196402,0.31855814651072,0.0615633309990242,0.1249536440721,0.126418778596631,0.195191957385552,0,0.0132274066450715,0.0166913834344059,0.000781388820260763,0.00442939139107466,0.00127682336722314,0.00948242502063215,0.000785386746749282,0.00120808772699535,0.00029839068350792,0.000343178852671385,0.000495663100421428,0.00113780397130102,0.00018437702755034,0.00124318708031625,0.00699095256378502,0.000485373719142378,0.00191694423668236,0.00279431021370143,0.000241685208970309,0.00162347440918386,0.000384126913788914,0.00035155885656476,0.000319788769376277,0.00119657088423669,0.000130817000490427,0,0,0.000340385544553399,0.00133485498718471,0.000238683299550414,0.000599526902535558,0.0249544229613155,0.000118628869515657,0.000167969691425562,0.00384339269657284,0.0267421754631505,0.00195178505018354,0.00284136218789816,0,0,0.000214925615656376,0.00278875032576919,0.0138785358770847
0.000269636106979847,0.017925410874629,0,0.000162883889017999,0.0007027668464005,0.00299304443357587,0.00356895801626146,0.00725443329568208,0.00426806732511371,0.00542562938043326,0.377264325214666,0.00548322740043401,0.411143101403691,0.00716701382775902,0.000284445202508568,0.000408145496152341,0.000333597962641716,0.000367032962813974,0.000299541386389732,0.000382986856952309,0.00107384643218219,0.0079667666201815,0.00066294582824707,0.00393490642851591,0.0662017250876814,0.00379750714958906,0.00499394543855637,0.00558279122817814,0.00392678588220477,0.00202157075757384,0.00582850847686976,0.00820422807189971,0,0.658813506166445,0.000613955346882343,0.125916347294383,0.115143892199882,0.232983112717518,0.0106080065580546,0.0248338032813459,0.0132274066450715,0,0.00167441021669209,0.0127273625685602,0.0138783965179056,0,0.00420906638273596,0,0.0258836709651172,0,0.0165673351405114,0,0.000261697112450004,0,0.000509838896983862,0.00124093656448424,0.000585988877502083,0.000824985207492113,0.000625969069327414,0.0678085121085674,0.000757540066792071,0.0616920308804647,0.000888185690428316,0.000409555745333433,0.000244803252059221,0,0.000264366889733076,0,6.02115476191044e-05,4.82225374594331e-05,0.000411180221700668,0,0.00196623485392332,0.0262180398176819,0.00152981383186281,0.0175878885135725,0.00275511573060453,0.000493261025287211,0.000166873093703389,0.00907181308971941,0.00140926458098889,0,0.0113423411372453,0.000442031059595943
0.00370257410065531,0.0289337204615086,0.040897423099485,0.0161829858987525,0.00979351831136793,0.0114193882520393,0.132021617426192,0.0805626475749389,0.0836506772016555,0.0296498137489125,0.0028036400069654,0.016378551473172,0.00161894551730901,0.0732144190355823,0.0159800734762981,0.0830952555214242,0.0199300354073421,0.00192130302433372,0.00429178123785406,0.00883265073343068,0.0463877221385077,0.025338598562406,0.0912392655968935,0.431795270955112,0.00703640966863335,0.0942830176026762,0.718045691133074,0.586942459541582,0.0407932687857643,0.0971169207032427,0.00100454770182073,0.00170209253150076,0.00158573377510607,0.134564040506293,0.387531200564477,0.301360530071323,0.0231823673036337,0.056885467704238,0.0411556589409605,0.122795651874852,0.0166913834344059,0.00167441021669209,0,4.13932367065963,0.621561780903592,1.07474262657734,1.03560979392366,0.454546031081586,0.119847464106116,0.0199759533360467,0.049577947766462,0.449503374455154,0.0387955514071823,0.0449275635755077,0.390962375603658,0.671263295949316,0.591479792381171,0.0751035597669155,0.509806513773187,0.129754189916964,0.223323322644183,0.0130193568083048,0.277402343786965,0.11265925615909,1.21430219472029,0.0624986711593673,0.107041915650793,0.118030293249893,0.0397221780426145,0.942244690009698,0.0485147139056295,3.25032935685728,0.37552581402481,0.00168672455224991,1.7388650638018,4.08851498864794,0.801042348618844,0.0860829299735472,0.327907481808236,0.124128309068602,0.180567068559894,0.0023625889341861,0.23279143360733,1.5254504720746
0,0.0173054887895719,0.00468304442824572,0,0.00778696937443763,0.000608073428319394,0.000936054919910431,0.000414215045143664,0.00408753236044347,0.000330722465831041,0.0843196037150085,0.000361457610583306,0.244799930061768,0.0007676883818537,0.00602572799701095,0.00861748771096617,0.0032662027937904,0.000804634236650169,0.00196370552183837,0,0.00606205966065675,0.00387103546499461,0.00796955256784409,0.013149337971878,0.041782627557683,0.102299652914235,0.263900092643907,0.0127029366525993,0.00178633065519481,0.00361799262058884,0.0358757875298425,0.000615358201956749,5.08353247493505e-05,0.0417995951205224,0.145324747977473,0.0180474571491301,0.0154163900244593,0.017724882502453,0.0125424892058626,0.00477685656180978,0.000781388820260763,0.0127273625685602,4.13932367065963,0,1.48548863359986,3.71162687237236,0.0632569274327323,0.121708011784065,0.107801096576013,0.000978395349135994,0.04937345109929,0.183794643307495,0.000876638745059074,0.0109220679876089,0.00812467062882334,0.0396124847261771,0.0208159592659265,0.00332673288148343,0.0132839900816679,0.623542674343049,0.00739943240694106,0.318067062647566,0.0207442489600592,0.0244224047239423,0.166501610932296,0.0517934092766956,0.0520627733527467,0.0735387037032709,0.0013571845071733,0.113649595434831,0.012931453447035,0.470890600837335,0.0231519432834343,0.0366840276860178,1.21849885400309,1.00675736408445,0.0387014090397201,0.012010018144463,0.0554187836478278,0.448471172580183,0.0208118857555762,0.000371326720872521,0.0846633081779219,0.421943589251441
0.000881667202605307,0.0198213134538129,0.0130311047100142,0.0109736554646298,0.000959934341943264,0.00530694753766507,0.0449862630481943,0.019113828628926,0.0232831754613325,0.0142059423476294,0.0227492733114242,0.00703700874729455,0.05063668538941,0.0140895193600953,0.0032559720024705,0.0347444939578176,0.00891301421673447,0.000825976531735063,0.00310476052613556,0.00475335551490784,0.0195960023090169,0.0127185254149199,0.0343909285022244,0.140490128036271,0.0162834781167045,0.0740511126718178,0.36949576394759,0.187673680453259,0.0122497391489148,0.0331294153258056,0.00961590544137061,0.00221135480747223,0.000422029104661941,0.141851196838696,0.0157608983326182,0.0638875525223985,0.0106503402233705,0.0207443423683986,0.0108443894705579,0.0571869052767069,0.00442939139107466,0.0138783965179056,0.621561780903592,1.48548863359986,0,0.592965735488231,0.094516372761567,0.109579542972034,0.61419767292817,0.0565151455845728,0.0327138419860169,0.169986328200063,0.0155595372867465,0.00468799930877089,0.0591173088035762,0.517232804754129,0.180700391969821,0.018077981924358,0.269783363994926,0.553631452294606,0.0976455011062368,0.080603073257868,0.255926006723863,0.0225306355819419,0.321799818136485,0.0684662400347292,0.255214517805124,0.183011870326982,0.0186152034683332,1.16478268599916,0.0236532406931504,2.15315058604314,0.172387942363582,0.0238168003796577,1.35187542779261,1.90077850828292,0.672024851216417,0.37479960003476,0.664706034137521,0.238163265012415,0.058989564475055,0.083381661064671,0.261437882121064,0.0397246810349151
0.000294043481078744,0.0173170691537336,0.0197479869299114,0.00226170585341454,0.0138574195137172,0.00107883086466045,0.0137591191482172,0.00607240885251909,0.0120407036596775,0.00283810710145087,0.000339606688451767,0.00336999499207288,0.00187669309688807,0.00518276997691989,0.0100790304525733,0.0210793374531582,0.00863134078245759,0.00128096672541947,0.00233947684727609,0.00128845136325955,0.00789185727103502,0.0106498667711019,0.0297230903679476,0.0554001446314171,0.00447448937850893,0.0611385254669562,0.377166272195342,0.077361189604488,0.00375302388560772,0.0131169238173097,0.00318580259386748,0.000931991758862138,0.00011363961878419,0.0576208596223295,0.216482244147304,0.043073381088449,0.0102722477113277,0.0130776758623093,0.0176293843473673,0.0262305908227786,0.00127682336722314,0,1.07474262657734,3.71162687237236,0.592965735488231,0,0.19991420632192,0.202184508615163,0.112790217639874,0.0191203438342184,0.019707546871762,0.199331828176078,0.00569844443016351,0.00599338564818204,0.033717011138174,0.239598907146655,0.0871069793793678,0.00790444680686146,0.0700294447285056,0.0410106301033735,0.0339513548894346,0.00600149706581533,0.106680464152508,0.0197205160890013,0.270213157000326,0.0536704623567536,0.0795282872999593,0.0987336619171217,0.00610688517663628,0.494077138860725,0.0216017946761787,1.83990642889974,0.0800677868804053,0.000288038040858508,1.03807843227469,2.37166833268399,0.22670712865281,0.0677604251735792,0.209180229172432,0.0893596430081665,0.0347625865047738,0.00959691248066724,0.0542287061689645,0.49336487125414
0.000270671294152737,0.000195658188894391,0.000338665091641247,0.0444092616691291,0.002801418948251,0.0233426680307359,0.0547641114762128,0.0262757944110274,0.018502590128307,0.105186151696778,0.00326825144469738,0.125773514693093,0.00137195770595074,0.0180398406747043,0.00758647610361874,0.00201957763435841,0.000162878116291761,0.000127969489318132,0,0.0425901462607429,0.00184200809192956,0.00190243547893762,0.00246508079146743,0.0864300574658006,0.000299112916721404,0.000864633215174079,0.00661271484641582,0.153075144693005,0.00779335933267921,0.0106016965797574,0,0.00220541693904698,0.000121288649305701,0.215180357891045,0.0177064696288451,0.0508200960558578,0.00134652858072222,0.0172552259956733,0.00697837455199659,0.0685293219672218,0.00948242502063215,0.00420906638273596,1.03560979392366,0.0632569274327323,0.094516372761567,0.19991420632192,0,0.12029996564295,0.100108636173864,0.00298531503459067,0.0106465556797266,0.00238080931016505,0.0865020533717156,1.00080790204255,0.705322973899038,0.14976959781165,0.234111476348,0.0623143921610907,0.207691639972481,0.0224618092667773,0.336500324245763,0.00189286834922731,0.0470555448864132,0.628761092828729,0.00920826087223738,0.000388896372634173,0.00565079172839224,0.00183594116773903,0.0612846290564582,0.0138652545349315,0.0253382599814579,0.0323989935200379,0.278165027778065,0.00701324784511327,0.0286957224001646,0.062725887306881,0.208690415538491,0.0149646966907129,0.0109628736242205,0.0046535166398555,0.246637404409918,0.00101156252785027,0.0375939638127595,0.0300715310927063
0.0003261201682508,0.000367033421695233,0.000193353320106864,0.00457938134079426,0.00102646804962754,0.00125227435177564,0.0195805011960759,0.00245496024789959,0.00743236299259662,0.00475011012003273,0.000460964671656489,0.00407148163624108,0.000424402518072724,0.00156764482271969,0.00126954284894466,0.00104689007670283,0.000369551015597582,9.53353226006032e-05,0,0.000927715312863887,0.00116047959789038,0.000704831738644838,0.00112548419035226,0.0386194388158098,0,0.00155533755393326,0.0060785499074474,0.0650081301187709,0.00236342251034826,0.00443781389043182,5.59705425500869e-05,0.00105280289632976,0,0.0474275417360619,0.00824156327214837,0.0170747873532385,0.000906047413992882,0.00303247564127744,0.000878616483515501,0.0319514115390494,0.000785386746749282,0,0.454546031081586,0.121708011784065,0.109579542972034,0.202184508615163,0.12029996564295,0,0.119195984787472,0.00115504376697689,0.000528655849191546,0.00381601897635162,0.00861390003350079,0.287633214092574,0.339022365019551,0.086171644551225,0.12748729558493,0.00519547616036236,0.110473916844497,0.0490709191041962,0.033190775324729,0.0024383125222385,0.0312283339503973,0.0298573690554649,0.00492052775330394,0.000768296215969324,0.00899626441190689,0.00270664176292569,0.00900904799944013,0.00884196744857878,0.00118266472630203,0.0200762845968083,0.0217429121506378,0.00112961449796558,0.0436580572137416,0.0468061331204623,0.0712667767195165,0.0182876298395828,0.00852102571556568,0.0107213612054586,1.25198796523621,0.000359847601212561,0.0482729788468585,0.0265491076803774
0.000121226278164982,0.00817614830473661,0.000116842977076769,0.000798911338798701,0.000493821102100611,0.00321307131287903,0.00456322046673447,0.00374910557195842,0.00334105334495157,0.00125648345847874,0.042149998351939,0.0026085565087229,0.10625199579658,0.00250743089390993,0.00057862454303205,0.0013089833382845,0,0,0,0.000210001764681935,0.000638846620446443,0.00253093076607585,0.000925852943274379,0.011907574075076,0.0472673910692498,0.00203876495574861,0.00726326548728645,0.0163499214798465,0.00117569768510759,0.00247937004795074,0.00417807873398215,0.00377611607542634,9.67794831067324e-05,0.135793895996958,0.00195880286200047,0.0100843734671041,0.00461268257707953,0.0135939637174279,0.000349458807897568,0.0444313114979312,0.00120808772699535,0.0258836709651172,0.119847464106116,0.107801096576013,0.61419767292817,0.112790217639874,0.100108636173864,0.119195984787472,0,0.00138022808311134,0.0486933535652727,0.000220801547348499,0.00255910548188985,0.000839216198292374,0.0158828842856481,0.0232161196263149,0.0310830241000459,0.00645277683435679,0.0290220436165317,0.505275922774226,0.0166263265075668,0.150574231843333,0.0205908449200064,0.0348532091290817,0.00190636576326937,5.51190057754517e-05,0.000802882292246819,0.000526212312605977,0.00355459565999358,0.00177406681187153,0.0170523217902526,0.00135739639712423,0.0138516217692732,0.139621633607572,0.0067262344004482,0.0281818050307945,0.02239741328803,0.00545999597686381,0.00186184819026589,0.0245577568081454,0.0234510933725968,0.000340555355092883,0.181607904466246,0.00271430825846791
0,0.000383257401105761,0.000447225996203721,0.000459210148340463,0.000126426485788823,0.000333737924484908,0.00258961965390145,0.0014236869130373,0.00582656988404393,0.000278859253180027,0,0.000304331966009736,0,0.00158897996843457,0.000576302686460316,0.00191712515520752,5.75188813388347e-05,0,0,0.000563864615100622,0.00226045343797206,0.000690272507020831,0.00101385813029557,0.0203699515321627,0,0.000377950240497291,0.00157368974814266,0.0267051850203916,0.00134878168158532,0.00398143878698945,0,4.84760938286781e-05,0.000138037108580768,0.00253074243202955,0.000422078051996231,0.00796829707483799,0.0003614790770486,0.00209967745060921,0.000536714620907605,0.00154592496931254,0.00029839068350792,0,0.0199759533360467,0.000978395349135994,0.0565151455845728,0.0191203438342184,0.00298531503459067,0.00115504376697689,0.00138022808311134,0,0.000444918218109012,0.00176246706456542,0.00134648908940107,0.000360923931679129,0.01165429947422,1.29219237445979,0.108886150607814,0.00346811063339263,0.0414648245571852,0.014955486555326,0.0281096412324637,6.78435995340347e-05,0.989273053560328,0.00101438695423603,0.00436594051499069,0.00325936012777239,0.0110310329921857,0.0171559681468934,0.00346764874187261,0.00716254490707591,0.000791621462401747,0.00755224558689595,0.0311216746191799,0,0.0334557484608487,0.017948748431316,0.0412857765421689,0.888380690792571,0.315092370166522,0.00329764464015514,0.00520283543490171,0.00470668008337617,0.0853851263348371,0.00190522867692411
0.000148102696529031,0.203831804924084,0.0132188135122478,0.000371155221650005,0.00025455788065195,0,7.22681326329708e-05,9.9079126766324e-05,0.00803039278278797,0,0.0161723064163968,0,0.0748333780195266,0.00118036376412362,8.45163770526647e-05,0.00989113072514385,0.0278125155683368,0.00243746227033138,0.00640444760394543,0,0.00240104502838999,0.0238131196716651,0.0103194206221506,0.00994996747368872,0.160237264123848,0.129593726779547,1.03418875326259,0.0025551585401684,0.00104146162154078,0.00182905805898607,0.0382468793287903,0.000187153179627657,0.000158912495043874,0.0325955581493199,0.00164383079176545,0.0389123160165175,0.0198664346606389,0.0199784270792558,0.0121462533854187,0.000234777975299955,0.000343178852671385,0.0165673351405114,0.049577947766462,0.04937345109929,0.0327138419860169,0.019707546871762,0.0106465556797266,0.000528655849191546,0.0486933535652727,0.000444918218109012,0,0.0110829459873348,6.24623846679926e-05,0.000909851707886159,0.000821200825986266,0.00425127839863002,0.000675650766591727,0.201466213370742,0.000270497855392099,0.0208726766836136,0.00113890517007261,0.0621259909926951,0.00112328848635704,0.0136010191881001,0.0708426763135686,0.019296366029042,0.00387554248658866,0.0158816012261152,0,0.00844884148784131,0.576130853089644,0.0116785711754859,0.269073398427361,0.678634438776345,0.0984582168934688,3.21157517561467,0.0145194060659886,0.00171142567459792,0.00592203076879382,0.0116975900232106,0.000737962182384729,0,0.0113777602696196,0.00203457434501946
0.000204061721159518,0.0180858767010898,0.16618845211606,0,0.000204335872119665,2.93190035358071e-05,0.00109377956410497,0.00125725336639583,0.000955436234882474,7.2523573474586e-05,0.00081112168880403,0,0.000107302223861218,0.0010952639287278,0.000406751014131308,0.0155656961003795,0.0850449569172382,0.0013594055689469,0.00713087928420603,0,0.0109336012980863,0.00912805047784001,0.0845846911859825,0.0105176541077361,0.000528518111392856,0.188178439213489,1.13408499491193,0.0121710735476836,0.00172139925685376,0.00856875714300573,0.000230656765772403,0.000183306904217601,9.00765800833702e-05,0.0198182511097312,0.00870674928428233,0.0499016920005143,0.0098142201489389,0.0311346556724966,0.0175827167198762,0.000413361235377193,0.000495663100421428,0,0.449503374455154,0.183794643307495,0.169986328200063,0.199331828176078,0.00238080931016505,0.00381601897635162,0.000220801547348499,0.00176246706456542,0.0110829459873348,0,0,0.000223148706632853,0.00220170997692794,0.380050385609087,0.0277591384574651,0.000206372436094284,0.00209847944624722,0.00664309320487082,0.000612132716409862,0,0.0331164125123396,0.00106670133894086,0.00881903097246737,0.544594378844248,0.0200720094081447,0.123206236367725,0.000110428147470951,0.403576249754809,0.0142810206843883,4.89317885444114,0.00254509877389371,0.000160995054216683,5.41660194603155,2.7751883769674,0.196381936899385,0.00510668589480966,0.110377839605736,0.00069959375897497,0.000373288655458391,0.000831682995519042,0.0859029039816141,0.0281545712662979
0,0.000844883638814092,0,0.249988542166127,0.00056533838262558,0.0103606352473914,0.0224700035094187,0.00579502462725788,0.0940298213114366,0.217390168376468,0,0.136028358837083,4.81261479213834e-05,0.0024627811692223,0.00426496146379262,0,0,6.71542864620686e-05,0,0.111225690707283,4.39973515570164e-05,0.0084601228113234,5.07931505024433e-05,0.0583310775042251,0.000665625939536095,0.000119787293839454,0.00162980281309336,0.128486301194234,0.00101825010423958,0.000481696275325119,0,0.000151723649004101,0,0.00836240955686122,0.000120746306723356,0.0111545660633803,0,0.00422184110468328,0.000795844647581876,0.0159791746594578,0.00113780397130102,0.000261697112450004,0.0387955514071823,0.000876638745059074,0.0155595372867465,0.00569844443016351,0.0865020533717156,0.00861390003350079,0.00255910548188985,0.00134648908940107,6.24623846679926e-05,0,0,0.00475887646217644,0.026426304912588,0.0292400307900533,0.0186325425200254,0.269683919109204,0.88913146898092,0.00434744154302179,1.01514101426972,0,0.0129000867562428,0.064346850075382,0.000143214870792628,0,0.00113592574889361,0.000434361394713819,3.64227461575138,4.3900209453702e-05,0.000166299284103513,9.69689307048917e-05,0.238442782344149,0,0.00203205517562479,0.00019132674138844,0.753754866663472,0.00948177450138182,0.000301975433310866,0.000450094340585173,0.00358024208691269,0.000360619467023015,0.0143490562370122,0.0037750824362129
0.000109692750483751,0,0.000229059843695164,0.00121944515134544,0.00225411202936769,0.000556959394389391,0.00488700548921227,0.000752447194553911,0.00185719082081616,0.00426443228498399,0,0.00260271662674248,0,0.00142927845765799,0.00283350863094031,0.00186003691251576,0,0.000247040775433183,0.000141401335346698,0.00162039084337354,0.00652437925571055,0,0.0062722812937051,0.0127716439798534,0,0.00117986548943817,0.00372518452633619,0.0152563382557363,0.00122821879276037,0.00682818376524597,0,0.000510432291635871,0,0.00288645294336379,0.289981022596013,0.00768280053865462,0.00387704899682105,0.00172253832556606,0.00427785018102229,0.00225144599349648,0.00018437702755034,0,0.0449275635755077,0.0109220679876089,0.00468799930877089,0.00599338564818204,1.00080790204255,0.287633214092574,0.000839216198292374,0.000360923931679129,0.000909851707886159,0.000223148706632853,0.00475887646217644,0,0.088593106421332,0.0213196562697589,0.0249645108876034,0.010833136175543,0.020368656731388,0.000820839248968661,0.0318171286206469,9.20958962410688e-05,0.00469594637655169,0.382845509324425,0.0102023511749357,0.000257893898457289,0.000386724108293653,0.000154881382262707,0.0034435490293026,0.0165497178874672,0.00424123528974503,0.0257731076128721,0.0442690126672223,0.000465624298802018,0.000764918106515705,0.00855978558610379,0.0412173689010874,0.00340017364540398,0.00782798676639497,0.000203562027001381,0.1068678622493,0.000448901876449585,0.0303038459891975,0.229382430398181
0.000153021787375211,0,0,0.01293422180119,0.000801339138816297,0.00207474243954271,0.0156479121393323,0.00207545122753531,0.00938772204864323,0.0225470321710676,0.000251940678924322,0.017732439848499,0.000252946644538641,0.00119437117879689,0.00140957687721848,0.000373762848055363,0,0.000147378318810463,0,0.00823846694637984,0.000165774281114339,7.00826769858599e-05,0.000421715474617482,0.0348616698624253,9.55939664334059e-05,4.27473100602627e-05,4.00997365117073e-05,0.0577367556520403,0.00169448405078649,0.0017772798984468,0,0,0,0.0246626108882532,0.0362931815697432,0.0109534226465345,0.000187940742236375,0.00243356162361056,0.00124546361471564,0.0164880365217611,0.00124318708031625,0.000509838896983862,0.390962375603658,0.00812467062882334,0.0591173088035762,0.033717011138174,0.705322973899038,0.339022365019551,0.0158828842856481,0.01165429947422,0.000821200825986266,0.00220170997692794,0.026426304912588,0.088593106421332,0,0.743102385012582,1.70779729216224,0.0185108834372938,2.64424251267397,0.0258432004097193,0.922332411422606,0.00122527617385835,0.16105825813358,0.440910909569831,0.0012718454233259,0.000289202650901676,0.0106657175454438,0.00287378334193527,0.0600401755158737,0.00500202508325129,0.00196860088240504,0.00280199213377237,0.0541629161089525,0.000456910250766576,0.0241142509103015,0.00622611991625577,0.106676983538158,0.0462673393621064,0.00916913252004832,0.00498602755868286,0.0674268266572207,0.000960187234464288,0.0668092642925575,0.318294012858094
0.00121559879333675,0.00224196397708207,0.00147890863173455,0.0380173203385353,0.00331615145593434,0.0120819161312356,0.10367357707934,0.0456627596339002,0.0670547413260877,0.0929559886762843,0.000154169847100973,0.0300368658961222,4.74456147775054e-05,0.0313616165045961,0.00736461762118489,0.0130765268114001,0.000106527665947378,0,0.000184722142967582,0.0196211281473845,0.00471761013019532,0.00370200416095406,0.0134719525871128,0.226301327195548,0,0.00246059621222615,0.0533791060093768,0.410785006172112,0.0157505457786858,0.0168243042219162,0,0.000628916209739447,0.000212136517009139,0.0676686236313105,0.0072654633510828,0.108326222263916,0.00109173052161932,0.0274287897504196,0.00748404670007676,0.0715060304880112,0.00699095256378502,0.00124093656448424,0.671263295949316,0.0396124847261771,0.517232804754129,0.239598907146655,0.14976959781165,0.086171644551225,0.0232161196263149,1.29219237445979,0.00425127839863002,0.380050385609087,0.0292400307900533,0.0213196562697589,0.743102385012582,0,2.48088113986929,0.0702789330511465,2.29951932378726,0.0738274899102524,0.119719665553126,0.000911584471052885,4.90203221255849,0.0605630833205208,0.0385862467351392,0.144518102660054,0.0910087955223725,0.376607150330668,0.0204519033136353,1.13599454604229,0.00418968809943944,0.551767997821085,0.371881654098126,0.00114387625828385,0.50943799339266,0.230388131759608,8.47186173330014,0.761781395838905,1.40871910246402,0.0068582893463254,0.0328403775570586,0.0289764259919599,0.435678688728216,0.0872231748902842
0.000204842886963487,0.000705925742158294,0,0.0190170981176272,0.000634409260086716,0.00202657303747386,0.0476325412697911,0.00112564217093289,0.0291299146114766,0.0184720831607312,0.000587245594191551,0.0095776495907113,0.0019892828534767,0.00138100522911549,0.00112468696676343,0.00191239832643122,0,0,0,0.0052840662986204,0.000895032486377656,0.0006840502331689,0.000516941978116334,0.125637801848681,0.000387325429354609,0.000169016931879521,0.00276014931538403,0.177885677493867,0.00091683818423152,0.00494834049440325,0,0,4.42120039731264e-05,0.0432500788237885,0.00212289542589933,0.0231276079659298,0.000162678126661479,0.00430984803239405,0.00063359654160738,0.0390970709786728,0.000485373719142378,0.000585988877502083,0.591479792381171,0.0208159592659265,0.180700391969821,0.0871069793793678,0.234111476348,0.12748729558493,0.0310830241000459,0.108886150607814,0.000675650766591727,0.0277591384574651,0.0186325425200254,0.0249645108876034,1.70779729216224,2.48088113986929,0,0.0220340129944592,0.919572013356869,0.146573125393347,0.4964557839798,0.00387591425077021,1.96982640793651,0.124828477160302,0.0115936612741023,0.00676725183829367,0.0488805039977312,0.0253208986281365,0.0604196256709501,0.0556919208597347,0.00186524558191001,0.0398824959441125,0.0646790031830772,0.000300047146958113,0.115577818520096,0.038748074720025,0.159557656109062,0.223930700124008,0.109406449880529,0.0211150562533498,0.219294781491716,0.00517243717017769,0.181089714098606,0.0179476548683285
0.000902123758965731,0.00295721409464627,0.00020379585147649,0.0763889304216653,0.00139967385560423,0.0131337607152402,0.0272639297779769,0.0166476843006015,0.21814411858152,0.0999215862792298,0.00367743013647794,0.0869929397446126,0.00433886369400322,0.0198584150161982,0.00581743170429766,0.0101887965598151,0.000392866585753858,0.00150325127604306,0.000697062719851733,0.0482240123007402,0.00534940564545989,0.0196923640572176,0.00297757557080984,0.263803670754729,0.00198250832214803,0.00163912678774297,0.00882693827971667,0.159847700748948,0.0157468036937952,0.01302113479269,0.00101008578677475,0.00270252870312929,0.00109863372325301,0.01736264378725,0.0050700933785826,0.0397604183219031,0.00121297811022997,0.0126980507205129,0.00241777484484911,0.0202135234080181,0.00191694423668236,0.000824985207492113,0.0751035597669155,0.00332673288148343,0.018077981924358,0.00790444680686146,0.0623143921610907,0.00519547616036236,0.00645277683435679,0.00346811063339263,0.201466213370742,0.000206372436094284,0.269683919109204,0.010833136175543,0.0185108834372938,0.0702789330511465,0.0220340129944592,0,0.15109382042217,0.00704475257962495,0.108057018652523,0.0095892927084148,0.0183261698081031,0.0833677178811372,0.0088434244730562,0.000415342748896778,0.00188384729739278,0.000438672073253989,0.0528207679047152,0.00278417119863331,0.814013023632148,0.00164107613674551,3.15573993014422,0.119623540587655,0.00853224062363356,0.345064492518054,0.538633451608202,0.0245929800043404,0.012667634357512,0.00341042244934291,0.00576194609216601,0.000705762882140278,0.0163151443192944,0.00604335984247923
5.23476015895605e-05,6.30890451520681e-05,0,0.176852639729972,0.00217327774612904,0.0169625727412566,0.0623832092313275,0.00839273659403622,0.105308313334027,0.388400937294875,0,0.173150931819699,9.61738883316516e-05,0.0053665018082425,0.00534696543729305,8.44495945334435e-05,0,0,0,0.12709476322993,0,0.000332495855285227,4.14010044530034e-05,0.08257262347994,0,0,0.000238245315743983,0.211959732095539,0.00341999149105847,0.00226223219021857,0,4.29165026396513e-05,0,0.0325541014580965,0.0040527988547951,0.0303877860144481,0,0.00851668783760369,0.00217347701072692,0.0335259000128523,0.00279431021370143,0.000625969069327414,0.509806513773187,0.0132839900816679,0.269783363994926,0.0700294447285056,0.207691639972481,0.110473916844497,0.0290220436165317,0.0414648245571852,0.000270497855392099,0.00209847944624722,0.88913146898092,0.020368656731388,2.64424251267397,2.29951932378726,0.919572013356869,0.15109382042217,0,0.0796015630807712,1.23831004784028,0.0018265403121233,0.847208233563949,0.0957908272430077,0.00132314697143435,0.000847369052903354,0.03591764372309,0.00833580930547565,0.868934667233511,0.00346504607750327,0.000391045114721358,0.00332533784880489,0.0452466609286063,0.000133191870084405,0.065900883315932,0.00780310786579921,0.611102786749688,0.264728662442124,0.0153419404039726,0.00823523862800598,0.0430287615673259,0.00214518457657396,0.336010938466589,0.10590357764266
0,0.019026215136829,0.000784128977692127,0.000274260183064639,0.000259279352754355,0.000525489397189021,0.000707175306418538,0.000286286484974623,0.0111112517565772,5.98876202791929e-05,0.262211925216019,0.000545336134007573,0.951503552868624,0.000869916627147794,0,0.000746440307328105,0.000297043512144685,0.000833689872935415,0.000416819199347496,0,0.000615906867922842,0.00860018218819797,0.000613988215017319,0.00646423087768555,0.125909728293208,0.0721860759665385,0.11057582243814,0.00380286542039216,0.000344769004720449,0.000464227724282443,0.121182559287047,0.000893720963969826,0,0.0990448807302371,0.000567210985267162,0.00261903719759882,0.0683567737941533,0.0159987138509974,0.000801229603859783,0.00636136911622137,0.000241685208970309,0.0678085121085674,0.129754189916964,0.623542674343049,0.553631452294606,0.0410106301033735,0.0224618092667773,0.0490709191041962,0.505275922774226,0.014955486555326,0.0208726766836136,0.00664309320487082,0.00434744154302179,0.000820839248968661,0.0258432004097193,0.0738274899102524,0.146573125393347,0.00704475257962495,0.0796015630807712,0,0.0959245040404513,0.585272488841991,0.357267927409192,0.00876526460486054,0.00209524978182166,0.0513893960735827,1.0920271160825,0.372404208977197,0.0139665519457102,0.0242232988163665,0.00894590831215233,0.0450009989276886,0.00841253953828663,0.094813015749912,0.474144237498243,0.116573520652394,0.0232218058870867,0.27008645878341,0.0559388654934257,0.197360295816408,0.509786363162139,0.000824080100919306,1.87883957304101,0.00287349044108689
0.000220215182757378,9.51466183900833e-05,0,0.119306498727383,0.00271698338936568,0.0215365515567392,0.0264171408641755,0.00932867667126357,0.0271261771513029,0.207978744538728,0.00111699792179615,0.232023147453096,0.000265628632701934,0.00435125450059325,0.00819042217952013,0,0,0.000356467338076234,4.55003039300442e-05,0.113573074889341,0.000392948759150505,0.000250157035003603,0.000336047813433409,0.0274609197595939,0.000124034652884304,0.000386843873243033,0.000150564251852036,0.0836933898478255,0.0028979093361646,0.00125162955936343,0,0.000668682449707389,0,0.0261071014431983,0.0812220765096843,0.0175182379834235,0.000707741477175057,0.00500013318618238,0.00196398037947565,0.0330635206561625,0.00162347440918386,0.000757540066792071,0.223323322644183,0.00739943240694106,0.0976455011062368,0.0339513548894346,0.336500324245763,0.033190775324729,0.0166263265075668,0.0281096412324637,0.00113890517007261,0.000612132716409862,1.01514101426972,0.0318171286206469,0.922332411422606,0.119719665553126,0.4964557839798,0.108057018652523,1.23831004784028,0.0959245040404513,0,0.00187999683698565,0.389759879546711,0.379247764325441,0.00123104786914289,0.000937161539599299,0.0436098589878113,0.0109011722268179,1.72651202345756,0.00117980639165043,0.00190353913119435,0.00274661236413271,0.124811277593216,0.000721712315952778,0.0831995218817115,0.0119847295715048,0.284777349993439,0.120849163730811,0.0135701294095411,0.00992536672090888,0.0449346986467824,0.000543017370295525,0.176050674677119,0.501027664025365
0,0.0298377574310481,0.000113043868541718,0,0.000132076770269871,0.000308265532872081,0.000150074637785554,0.000215384411257506,0.00233087727481872,0.00040641978752017,0.36969436953387,0.000124177132456005,1.71651876480468,0.000207746614149213,0,0.00064588570599854,0.000108998285704851,0.00415792541859447,0.000558632108354569,0,6.50650368005037e-05,0.0120721273037523,0,0.00210597827269584,0.287096980798337,0.263333935418267,0.440827835924634,0.00014209498025775,7.09603149265051e-05,7.72295384496451e-05,0.51645164103654,0.00127347216350735,0,0.0736766293281794,0.000223184022134542,0.0027201667893827,0.136561071939991,0.0152910549235017,0.00154998555450738,0.000309615983706713,0.000384126913788914,0.0616920308804647,0.0130193568083048,0.318067062647566,0.080603073257868,0.00600149706581533,0.00189286834922731,0.0024383125222385,0.150574231843333,6.78435995340347e-05,0.0621259909926951,0,0,9.20958962410688e-05,0.00122527617385835,0.000911584471052885,0.00387591425077021,0.0095892927084148,0.0018265403121233,0.585272488841991,0.00187999683698565,0,0.00519853423990756,0.000730635139665007,0.00113494406421631,8.437877997756e-05,0.0005862703430295,0.000247985887274146,0.000455267819905281,4.02285505995154e-05,0.0223142942074701,3.83221253499389e-05,0.00675141735729575,0.441650212254505,0.00756320185419023,0.304308787033234,0.000834040629532933,0.00468812570914328,6.12589349150658e-05,0.140581653925508,0.0151046653895915,0,0.0680027452508896,0.000622774230930209
0.000143561674892903,0.000768806871271133,0.00033505165258199,0.0164801398422018,0.00056475601336062,0.00138649907485694,0.0350149738587156,0.00213084722933471,0.0285265956488222,0.0143049855623484,0.000629270224393905,0.00808559388242066,0.00219076984695792,0.0017531364514336,0.00156558626609593,0.00536054909041971,5.65925408005715e-05,0,0,0.0050233219643876,0.00362485071419477,0.000926189939552546,0.0019185835134998,0.102159937722778,0.000205397484734655,0.000546174118489027,0.00700946596909911,0.13533516771065,0.00120017446040809,0.00925153833699376,5.31804833114148e-05,0,0.000189393554183841,0.0223807430955425,0.00131871527978778,0.0225035516115844,0.000511335905314982,0.00378736530475319,0.00154336809211523,0.0254178388451115,0.00035155885656476,0.000888185690428316,0.277402343786965,0.0207442489600592,0.255926006723863,0.106680464152508,0.0470555448864132,0.0312283339503973,0.0205908449200064,0.989273053560328,0.00112328848635704,0.0331164125123396,0.0129000867562428,0.00469594637655169,0.16105825813358,4.90203221255849,1.96982640793651,0.0183261698081031,0.847208233563949,0.357267927409192,0.389759879546711,0.00519853423990756,0,0.022844819220753,0.0179069496074035,0.0210169645442173,0.147358588020701,0.0989860897382721,0.0549821658330098,0.0712387354249582,0.001468389295879,0.0716143251404896,0.0849519534792945,0.000563373122680187,0.349437798822169,0.100876713809393,0.191007004673024,1.58469487515551,0.390768017030733,0.0388872130610287,0.229071775467534,0.0138386008697674,0.439338585305474,0.0161382551509306
0.000175403310847283,0.000173033727565408,0.000330183384364843,0.00829614581514001,0.00112018151454329,0.00413359046819508,0.0118588744540676,0.00378933287134171,0.00683398073265106,0.0235056156858936,0.000924051222491264,0.0277196795058027,0.000254833350130916,0.00333548565909713,0.00138864461089373,0.00134018025218845,0.000650210557851195,0.000445613967755437,0.000258733798003197,0.00921166792792082,0.00612039136754722,0.00117054401416182,0.00776875813631416,0.0272839100247681,0,0.00146402063616216,0.00492680262412578,0.0356628114161492,0.00234502259554714,0.00562873609627187,0,0.00108515439831018,0.00017147602148056,0.0173084880160659,0.0814458662979096,0.0115797483614356,0.00456566922538876,0.00219091351962089,0.00636790030281842,0.0173554358762234,0.000319788769376277,0.000409555745333433,0.11265925615909,0.0244224047239423,0.0225306355819419,0.0197205160890013,0.628761092828729,0.0298573690554649,0.0348532091290817,0.00101438695423603,0.0136010191881001,0.00106670133894086,0.064346850075382,0.382845509324425,0.440910909569831,0.0605630833205208,0.124828477160302,0.0833677178811372,0.0957908272430077,0.00876526460486054,0.379247764325441,0.000730635139665007,0.022844819220753,0,0.00758966239764691,0.000255096919289231,0.002736963666749,0.000291061468750238,0.0390304818105996,0.00957122840101122,0.0393796106186286,0.0168436345521212,0.462520128241162,0.0069458431134969,0.00852105713057667,0.0351468306382507,0.147149623931858,0.00587170009106099,0.00488197698883713,0.00199853567093909,0.0692001985117807,0.000894666944625974,0.0131632694386438,0.321145989003164
0.00131959476243109,0.00872028762747347,0.00244133957223296,0,0.00335190882968456,0.000629402158874273,0.00522266058900505,0.00526698693395108,0.155861542545645,0.000579738064295054,0,0.000363009984467923,0.000550908139464259,0.00785098275634646,0.00551501293050647,1.55929654437449,0.00818975705866814,6.95289908587933e-05,0.000145977231958509,8.54131472826004e-05,0.225911818029822,0.248542402967068,0.646917911565976,0.252714119569369,0.00122288299796134,0.00181575470888764,0.994340595415329,0.180675740119083,0.0107907496165142,0.104391666760253,7.12178880363703e-05,0.000702386730580032,0.000944486991530657,0.00779309310812802,0.0227775823876709,0.0902522711066485,0.0117383280513168,0.0288593469969555,0.0167126571420386,0.00573599031503499,0.00119657088423669,0.000244803252059221,1.21430219472029,0.166501610932296,0.321799818136485,0.270213157000326,0.00920826087223738,0.00492052775330394,0.00190636576326937,0.00436594051499069,0.0708426763135686,0.00881903097246737,0.000143214870792628,0.0102023511749357,0.0012718454233259,0.0385862467351392,0.0115936612741023,0.0088434244730562,0.00132314697143435,0.00209524978182166,0.00123104786914289,0.00113494406421631,0.0179069496074035,0.00758966239764691,0,0.00418137871431261,0.00125591001598388,0.00482371342275441,7.50525323361158e-05,0.921776909536049,1.16307526442453,1.06544875920666,0.694107931966316,0.0139944480074093,0.015709634795174,1.30319904485857,0.276612339985015,0.0345346352386609,0.165136662790537,0.000545350172714889,0.000368453077942133,0.00416467392523736,0.0568233649723455,0.171272587579324
0,0.0161007157179296,0.0335916465158552,0,0,0,0,0,0.000273892340788245,0,0.000224065086388588,0,0.000187327860426902,0,0.000141867338442803,0.00228137237532586,0.024676181493856,0.00157179966824352,0.00333293717636764,0,0.00189758581376671,0.00222836413156539,0.00878408966702967,0.0010847412155062,0.000579223536035418,0.0716117205182269,0.348577504092209,0.00153710981749892,0.000650464741358161,0.000749507818412781,0.000295077212068439,0.000116250445121526,0,0.00485993521493077,0.0014376649990797,0.0140255413028658,0.00354714519657046,0.00894871784937083,0.005410248638165,0,0.000130817000490427,0,0.0624986711593673,0.0517934092766956,0.0684662400347292,0.0536704623567536,0.000388896372634173,0.000768296215969324,5.51190057754517e-05,0.00325936012777239,0.019296366029042,0.544594378844248,0,0.000257893898457289,0.000289202650901676,0.144518102660054,0.00676725183829367,0.000415342748896778,0.000847369052903354,0.0513893960735827,0.000937161539599299,8.437877997756e-05,0.0210169645442173,0.000255096919289231,0.00418137871431261,0,0.157797112390227,1.89651401358091,3.56208045691252e-05,0.153034453241347,0.0123379546106249,0.880713297256429,0.00156191649783254,0,1.08107361981,2.20707926221812,0.0334083809966088,0.00779629582704604,0.496316439549105,0.000484767038348318,0.00103305607937575,0.000137434625020623,0.656646169877192,0.00334179534065127
0,0.00259376564607621,0.00111099258252978,0.000252687792679667,0.000431972780096531,0,0,0,0.00323055003884881,0,0.000162387174528838,0,0.000678748236504197,0,0,0,0.000341532469312846,0.000150802209317684,0.000570886758756637,0,0,0.000179899126560986,0.000107776128892601,0.00015501462302506,0.000274059703961015,0.014582273801887,0.0325306486273781,0,0,0,0.0010091503359139,0,0,0.00104743218066692,0.00257284537796677,0.000989601140762865,0.000449204377093911,0.000932420494681596,0.000319706990617514,8.8297717705369e-05,0,0.000264366889733076,0.107041915650793,0.0520627733527467,0.255214517805124,0.0795282872999593,0.00565079172839224,0.00899626441190689,0.000802882292246819,0.0110310329921857,0.00387554248658866,0.0200720094081447,0.00113592574889361,0.000386724108293653,0.0106657175454438,0.0910087955223725,0.0488805039977312,0.00188384729739278,0.03591764372309,1.0920271160825,0.0436098589878113,0.0005862703430295,0.147358588020701,0.002736963666749,0.00125591001598388,0.157797112390227,0,1.12989331199754,0.00746813347811401,0.0540063459457621,0.000688844939661026,0.112165383729591,0.00183511130545587,0,0.78485050783528,0.159412677060091,0.015790982927528,0.0700276656978712,0.208445170986444,0.00280729923931509,0.073049517834188,0.000815096922084689,0.463254407234536,0.00465675713693797
0,0.01133875713083,0.00611789107040912,8.90363207429647e-05,0.000732494251197576,0,0,0.000102076649281383,0.000862730369198322,0,0.000263252016299963,0,0.00122056575467587,0,0.000106181146353483,0.000788851780550182,0.00516924971670955,0.00112217482437044,0.00394060355253666,0,0.000641478683808446,0.00111167722724974,0.00202805126226544,0.00122222594730109,0.00222893608728499,0.0790229915997088,0.210551529901144,0.00109300694878846,0.000244021627373994,0.000419030471654237,0.00122352077254951,0,0,0.00336863905301839,0.00296033124750555,0.00846256334988475,0.00240159928658903,0.00516050603412241,0.00269688691101075,0,0,0,0.118030293249893,0.0735387037032709,0.183011870326982,0.0987336619171217,0.00183594116773903,0.00270664176292569,0.000526212312605977,0.0171559681468934,0.0158816012261152,0.123206236367725,0.000434361394713819,0.000154881382262707,0.00287378334193527,0.376607150330668,0.0253208986281365,0.000438672073253989,0.00833580930547565,0.372404208977197,0.0109011722268179,0.000247985887274146,0.0989860897382721,0.000291061468750238,0.00482371342275441,1.89651401358091,1.12989331199754,0,0.00140401200583577,0.252184655306004,0.00327419880278706,0.58727514640772,0.00311191370180547,0,1.92044425216413,0.725737400101866,0.0637079787518277,0.0416070827584475,1.04277740301525,0.00138335627665371,0.0113849502659217,0.00216589033910931,0.874893264570327,0.00456766109126956
0.000158930526018143,8.97182121753693e-05,0,0.0643865818258345,0.000482744038903714,0.00773580428843796,0.0112852778546348,0.0035491919048801,0.0170294668175712,0.098238564476569,0,0.0691370042726889,4.78148612305522e-05,0.00159320763229579,0.0025676986330688,0,0,0,0,0.0479543357632622,0,0.000179599654532969,0,0.0137788866087093,0,0,0,0.0427658620054841,0.000721565660561622,0.000270219742757082,0,4.99910107657314e-05,0,0.00798534717511982,0,0.00607531948433816,6.1040782764554e-05,0.00148910812123418,0.000420552770461142,0.0123934897788733,0.000340385544553399,6.02115476191044e-05,0.0397221780426145,0.0013571845071733,0.0186152034683332,0.00610688517663628,0.0612846290564582,0.00900904799944013,0.00355459565999358,0.00346764874187261,0,0.000110428147470951,3.64227461575138,0.0034435490293026,0.0600401755158737,0.0204519033136353,0.0604196256709501,0.0528207679047152,0.868934667233511,0.0139665519457102,1.72651202345756,0.000455267819905281,0.0549821658330098,0.0390304818105996,7.50525323361158e-05,3.56208045691252e-05,0.00746813347811401,0.00140401200583577,0,6.45069637686014e-05,0.000243872900898755,0.000524754052208364,0.11591359809296,9.41071116149426e-05,0.0136419920226872,0.00141786771436483,0.346069309268076,0.0180304094992742,0.00253751045948118,0.0022183053472966,0.005726881543459,0.000157031332737207,0.0262639235184334,0.00281988968372643
0.0012233646213755,0.00254581523744017,0.0031057697069779,0.000233026150205732,0.00262644817276001,0.00027804086598754,0.00411677997429222,0.00390993331500888,0.0175100893811122,0.000566272845362127,0.000110408917286992,0.000258231763550639,0,0.00715846144665033,0.00432811040212661,0.170771142406784,0.00256858782869875,8.01420700371266e-05,0.000532274299234152,7.64623624056578e-05,0.0894245230423987,0.0146280054125637,0.109756100103097,0.123884268207986,0.000327185188823938,0.00679223059604019,0.0890431307182819,0.145948882051007,0.00804265162124634,0.0894734294077694,0,0.000305502361015975,0.000492484286157786,0.00566947014128864,0.0211530795185134,0.043518508788912,0.0037089841426,0.00888152083188593,0.00657546004828214,0.00701833260127157,0.00133485498718471,4.82225374594331e-05,0.942244690009698,0.113649595434831,1.16478268599916,0.494077138860725,0.0138652545349315,0.00884196744857878,0.00177406681187153,0.00716254490707591,0.00844884148784131,0.403576249754809,4.3900209453702e-05,0.0165497178874672,0.00500202508325129,1.13599454604229,0.0556919208597347,0.00278417119863331,0.00346504607750327,0.0242232988163665,0.00117980639165043,4.02285505995154e-05,0.0712387354249582,0.00957122840101122,0.921776909536049,0.153034453241347,0.0540063459457621,0.252184655306004,6.45069637686014e-05,0,0.0346775925302253,5.59930621251102,0.193846862138797,0.000945806532123685,0.470952744660515,0.543393073706536,3.34052726164272,0.054838813056162,3.79632617271062,0.000496625245934725,0.000625595769423246,0.010814997183685,1.35387699727134,0.197349824188908
0.000368934621816873,0.025189152279906,0.00691669459964484,0.00183348275116384,0,0.000108264516216517,0.000880469895742834,0.000872345595782996,0.0694504837000832,0,0.00337982163749039,0.0001112598972857,0.0161458842843607,0.00161997293409258,0.00140131515455842,0.244922705703556,0.00570109570535422,4.36275360912085e-05,0.00037060847992599,8.80932463347912e-05,0.0245274153712765,0.215012682651485,0.0768439056435838,0.06711871732447,0.00681396221516281,0.00973340471348315,0.695223288206756,0.0393060010995955,0.00229610958557576,0.0169955683442682,0.00512390948585868,0,0.000227874565640091,0.00318978775427937,0.00302305949573815,0.0211998938686982,0.00320539704082906,0.00741103354006856,0.00389437055901885,0.0021160529373154,0.000238683299550414,0.000411180221700668,0.0485147139056295,0.012931453447035,0.0236532406931504,0.0216017946761787,0.0253382599814579,0.00118266472630203,0.0170523217902526,0.000791621462401747,0.576130853089644,0.0142810206843883,0.000166299284103513,0.00424123528974503,0.00196860088240504,0.00418968809943944,0.00186524558191001,0.814013023632148,0.000391045114721358,0.00894590831215233,0.00190353913119435,0.0223142942074701,0.001468389295879,0.0393796106186286,1.16307526442453,0.0123379546106249,0.000688844939661026,0.00327419880278706,0.000243872900898755,0.0346775925302253,0,0.052446866670309,1.54688328524759,0.295856370591175,0.0105780780990228,1.62851796118552,0.0563146707240701,0.00426200651628077,0.0129601423943654,0.002753591235286,0.00118026548093557,0.000336090660706162,0.00962559338839799,0.00508749785144627
0.000531280405256152,0.0119233782117858,0.0298518116944388,0,0.0077341674100399,6.97146480977535e-05,0.00195701654739082,0.00135695468108356,0.0197977159439519,9.59837830036878e-05,0.000209931066375971,0.000128931748022139,0.000231352962063253,0.00258210460752993,0.00581205543311239,0.434168314220035,0.0120492791469872,0.000374198528277874,0.001451164031443,0,0.0632125233961299,0.0512474514075295,0.307649353239019,0.0598407077284187,0.000259178294864297,0.0357087581473008,1.00359575419391,0.0591995647713169,0.00262579133930356,0.0393864171186849,0,4.88243479937315e-05,0.000159296505236626,0.00717830657126605,0.0738703336098507,0.044046527034831,0.00666678286114782,0.0222165791939632,0.0180863593065098,0.00174280705570876,0.000599526902535558,0,3.25032935685728,0.470890600837335,2.15315058604314,1.83990642889974,0.0323989935200379,0.0200762845968083,0.00135739639712423,0.00755224558689595,0.0116785711754859,4.89317885444114,9.69689307048917e-05,0.0257731076128721,0.00280199213377237,0.551767997821085,0.0398824959441125,0.00164107613674551,0.00332533784880489,0.0450009989276886,0.00274661236413271,3.83221253499389e-05,0.0716143251404896,0.0168436345521212,1.06544875920666,0.880713297256429,0.112165383729591,0.58727514640772,0.000524754052208364,5.59930621251102,0.052446866670309,0,0.143829877583316,0.000234447678688168,1.69215920353264,4.29263793273855,0.55715426009341,0.0254159531949461,1.63065858963715,0.00157721494127661,0.00207936835115254,0.00252817464263589,1.34389768010108,0.534365108917622
0.00526716041859984,0.0055914946760565,0.00229386680648177,0.139326466736224,0.00516078592109829,0.0317148782725722,0.241264261626207,0.169126758595798,0.430063847920512,0.231695350453186,0.00537818402874768,0.077129161132501,0.00135181738913954,0.1503725277103,0.0260843822810143,0.11119285255255,0.00170398268482089,0.000118050562879443,0.000235016208094359,0.0588958887087644,0.06326877388684,0.078798324675253,0.0461459441162139,1.14464360008799,0.00261984005013108,0.000881038724951447,0.107074839980367,1.11316173837194,0.0905512749197617,0.110990795533709,8.22373585760594e-05,0.00890939163676054,0.00305292569070161,0.126107102502223,0.015903920237723,0.33588555413991,0.00607216006239652,0.103547067869498,0.0253972128606126,0.138080391074863,0.0249544229613155,0.00196623485392332,0.37552581402481,0.0231519432834343,0.172387942363582,0.0800677868804053,0.278165027778065,0.0217429121506378,0.0138516217692732,0.0311216746191799,0.269073398427361,0.00254509877389371,0.238442782344149,0.0442690126672223,0.0541629161089525,0.371881654098126,0.0646790031830772,3.15573993014422,0.0452466609286063,0.00841253953828663,0.124811277593216,0.00675141735729575,0.0849519534792945,0.462520128241162,0.694107931966316,0.00156191649783254,0.00183511130545587,0.00311191370180547,0.11591359809296,0.193846862138797,1.54688328524759,0.143829877583316,0,0.110663960241845,0.0103989650635914,0.706742815790941,2.34362944563699,0.212471860915547,0.15664329245651,0.00195541171114147,0.0139435412470848,0.0193725286808014,0.0943232764669716,0.0804889010829091
0,0.00718931361530125,0,9.05983647853136e-05,0,0,0,0,0.00224899887763708,0,0.0357785824649602,0,0.223591104118311,5.6106328573823e-05,0,0.000440067381261289,0.000505013999164105,0.000320020559477807,0.000363700144940615,0,0,0.00807599159628748,0.000249087196177245,0.00177349298697561,0.133344581389661,0.022640674139224,0.133268179676062,9.55770979583264e-05,0.000126985721319914,0,0.036634466916202,0.000178878014805913,0,0.052804462602368,0,0.00119706924152077,0.0101245285538733,0.00445137941468955,0.00116146502397955,0.000348423611547053,0.000118628869515657,0.0262180398176819,0.00168672455224991,0.0366840276860178,0.0238168003796577,0.000288038040858508,0.00701324784511327,0.00112961449796558,0.139621633607572,0,0.678634438776345,0.000160995054216683,0,0.000465624298802018,0.000456910250766576,0.00114387625828385,0.000300047146958113,0.119623540587655,0.000133191870084405,0.094813015749912,0.000721712315952778,0.441650212254505,0.000563373122680187,0.0069458431134969,0.0139944480074093,0,0,0,9.41071116149426e-05,0.000945806532123685,0.295856370591175,0.000234447678688168,0.110663960241845,0,0.00420447817281037,0.341703750774791,0.00386876014816016,0.000450189821538329,0.000282694928433001,0.0140477325558126,0.00109618747009039,0,0.0179365968395263,0
8.81950078427791e-05,0.101264972401321,0.0353714470001102,0.000268857703641057,0.00307065199840664,0,0.000125815720951557,0,0.00649856518417149,0,0.011494193450436,0,0.077465614679566,0.000390210495369136,0.00161284299616963,0.00311083826768696,0.0348046212120086,0.0139912392679691,0.0335523931215823,0,0.00287010388209969,0.0107748377436623,0.00939947126275301,0.00255686853364706,0.068325014983207,1.01575984798633,1.99925912241501,0.00195491430833041,0.00194969966430217,0.00345503189343363,0.125244874638595,5.54834676265716e-05,6.42643195956946e-05,0.0194318754819841,0.031637956625092,0.0576813988509371,0.0630604960778638,0.0484773553575024,0.0250849089921683,0.000260903299878538,0.000167969691425562,0.00152981383186281,1.7388650638018,1.21849885400309,1.35187542779261,1.03807843227469,0.0286957224001646,0.0436580572137416,0.0067262344004482,0.0334557484608487,0.0984582168934688,5.41660194603155,0.00203205517562479,0.000764918106515705,0.0241142509103015,0.50943799339266,0.115577818520096,0.00853224062363356,0.065900883315932,0.474144237498243,0.0831995218817115,0.00756320185419023,0.349437798822169,0.00852105713057667,0.015709634795174,1.08107361981,0.78485050783528,1.92044425216413,0.0136419920226872,0.470952744660515,0.0105780780990228,1.69215920353264,0.0103989650635914,0.00420447817281037,0,2.54565105000715,0.143474201650214,0.1397503992727,0.560126325164148,0.145339409111328,0.117187212928769,0.00336432747201175,0.635687761457275,0.0838751359500394
0.00105448796031922,0.812751461297309,0.50382291145815,0.000409699561779201,0.0042154194744572,0.000322733811171353,0.00639736473194361,0.00420111263058483,0.0349278427028283,0.00053139517145902,0.0735181085892438,0,0.473988057301524,0.00480546973560751,0.00538246473928243,0.473858886690511,0.360389845612672,0.039764357315801,0.0838737537843912,0,0.0892527308762043,0.460489993434658,0.777632471119645,0.106176731671035,0.555718863839985,2.59936429418184,14.4648576056468,0.0819367182210609,0.00692800902376175,0.0411170247855321,0.571413474887215,0.00221325201532691,0.00082821436714828,0.137985457854614,0.10081995920091,0.399784504186762,0.241033115414625,0.281276527256935,0.156918506051047,0.00319843886216134,0.00384339269657284,0.0175878885135725,4.08851498864794,1.00675736408445,1.90077850828292,2.37166833268399,0.062725887306881,0.0468061331204623,0.0281818050307945,0.017948748431316,3.21157517561467,2.7751883769674,0.00019132674138844,0.00855978558610379,0.00622611991625577,0.230388131759608,0.038748074720025,0.345064492518054,0.00780310786579921,0.116573520652394,0.0119847295715048,0.304308787033234,0.100876713809393,0.0351468306382507,1.30319904485857,2.20707926221812,0.159412677060091,0.725737400101866,0.00141786771436483,0.543393073706536,1.62851796118552,4.29263793273855,0.706742815790941,0.341703750774791,2.54565105000715,0,0.269178363718872,0.0637949944225981,0.576634372943897,0.192227844326275,0.0161150411893219,0.0052338512803793,0.841291408391575,0.386786685447582
0.00387261672698409,0.00158697222220301,0.00114697740536481,0.230599004136759,0.00729557000594437,0.0338178559941367,0.29593556860174,0.157735105301426,0.2906426404892,0.463661649487174,0.00153417547681481,0.166509174714917,0.000167475213217735,0.120469644312196,0.0203548802502379,0.0474325263153821,0.0011265415934965,0,0.000146667135457694,0.13821992285454,0.0373392320956498,0.0177970325710565,0.0281568761136711,0.738255047853373,0.000173394478596747,0.00224359805936366,0.0735135112353444,1.06510711601236,0.0676156152804777,0.0901133223784402,0,0.00418907344940752,0.00265999855097681,0.153001524133289,0.0235262013683811,0.28728453838084,0.00410524379121811,0.0847932509499595,0.0209949664466292,0.172314533338949,0.0267421754631505,0.00275511573060453,0.801042348618844,0.0387014090397201,0.672024851216417,0.22670712865281,0.208690415538491,0.0712667767195165,0.02239741328803,0.0412857765421689,0.0145194060659886,0.196381936899385,0.753754866663472,0.0412173689010874,0.106676983538158,8.47186173330014,0.159557656109062,0.538633451608202,0.611102786749688,0.0232218058870867,0.284777349993439,0.000834040629532933,0.191007004673024,0.147149623931858,0.276612339985015,0.0334083809966088,0.015790982927528,0.0637079787518277,0.346069309268076,3.34052726164272,0.0563146707240701,0.55715426009341,2.34362944563699,0.00386876014816016,0.143474201650214,0.269178363718872,0,0.532919434461265,1.04189514389559,0.000958757455296815,0.0164349392519772,0.101567187918247,0.463172723436659,0.193240419966051
0.00028530845605135,0.000449324270530045,0.00115465327432156,0.0042433620116502,0.000708238414986431,0.000965983938777447,0.0174036486731634,0.00620164674470276,0.0329812251634494,0.00430600224033892,0.000583169657889009,0.00161431185366511,0.00366759229435772,0.00726660221482813,0.00282508046592921,0.0128486807055756,0.00014755495750308,0,7.10447246044875e-05,0.00127241658976972,0.01755012034356,0.00238710968560726,0.00569141953627915,0.142720231664321,0.000759197212445736,0.000693910823562741,0.00485489408308416,0.174018175035225,0.00620502603501082,0.0266348375505641,0.000132162807446718,0.00037311282133758,0.000341372001595795,0.0128248358434201,0.00325066064768732,0.0463132777523264,0.00143068121483773,0.00771795821272433,0.00250657158674598,0.0152886702827961,0.00195178505018354,0.000493261025287211,0.0860829299735472,0.012010018144463,0.37479960003476,0.0677604251735792,0.0149646966907129,0.0182876298395828,0.00545999597686381,0.888380690792571,0.00171142567459792,0.00510668589480966,0.00948177450138182,0.00340017364540398,0.0462673393621064,0.761781395838905,0.223930700124008,0.0245929800043404,0.264728662442124,0.27008645878341,0.120849163730811,0.00468812570914328,1.58469487515551,0.00587170009106099,0.0345346352386609,0.00779629582704604,0.0700276656978712,0.0416070827584475,0.0180304094992742,0.054838813056162,0.00426200651628077,0.0254159531949461,0.212471860915547,0.000450189821538329,0.1397503992727,0.0637949944225981,0.532919434461265,0,1.10212059071904,0.0188577491530851,0.135887866034622,0.641189461618381,1.1274972102721,0.00982518193198592
0.00168520530347377,0.00559330107436926,0.00559412020494938,0.000284488441359997,0.00218258550391495,0.00104567890856713,0.0140015959518328,0.00894091491619348,0.0311790608165324,0.00131747131387889,4.49528463512659e-05,0.000598973338776826,0,0.0140696615948305,0.00637030223416985,0.100009766657938,0.00164538799308091,0,0.000271545686273276,0.000212756606313586,0.0797845240741774,0.00847434224137514,0.0638677084990978,0.193053800364373,0.000226784508505464,0.0128459425519258,0.0686908394424557,0.253039462701747,0.0143771179517865,0.0858139608229444,0,0.00106606981737465,0.000849337463833392,0.0147871932180077,0.00762388435470462,0.0727846051847369,0.00253636463297755,0.0177125945036203,0.00691522888701558,0.0183708631846353,0.00284136218789816,0.000166873093703389,0.327907481808236,0.0554187836478278,0.664706034137521,0.209180229172432,0.0109628736242205,0.00852102571556568,0.00186184819026589,0.315092370166522,0.00592203076879382,0.110377839605736,0.000301975433310866,0.00782798676639497,0.00916913252004832,1.40871910246402,0.109406449880529,0.012667634357512,0.0153419404039726,0.0559388654934257,0.0135701294095411,6.12589349150658e-05,0.390768017030733,0.00488197698883713,0.165136662790537,0.496316439549105,0.208445170986444,1.04277740301525,0.00253751045948118,3.79632617271062,0.0129601423943654,1.63065858963715,0.15664329245651,0.000282694928433001,0.560126325164148,0.576634372943897,1.04189514389559,1.10212059071904,0,0.000752529016141594,0.00414808488131166,0.134205524728395,2.05976781470204,0.0545897975433558
0,0.0120133597177908,0.000327388779142499,0.000119264689269662,0.00060737341107726,0,0,0,0.000430783763688803,0,0.0744021130331799,0,0.281246947131608,0,0.000508893626064062,0,0.000288364470630884,0.0027244797042042,0.00128733325624317,0,0,0.0022767398925364,0,0,0.0635351686401591,0.227547742285259,0.31116215405819,0,0.000115139083659649,0,0.212675418098292,0,0,0.00953777134700567,0.00172403027090728,0.000999124471786618,0.0542230886486054,0.00470988396173417,0.000813978732469678,4.08080197349191e-05,0,0.00907181308971941,0.124128309068602,0.448471172580183,0.238163265012415,0.0893596430081665,0.0046535166398555,0.0107213612054586,0.0245577568081454,0.00329764464015514,0.0116975900232106,0.00069959375897497,0.000450094340585173,0.000203562027001381,0.00498602755868286,0.0068582893463254,0.0211150562533498,0.00341042244934291,0.00823523862800598,0.197360295816408,0.00992536672090888,0.140581653925508,0.0388872130610287,0.00199853567093909,0.000545350172714889,0.000484767038348318,0.00280729923931509,0.00138335627665371,0.0022183053472966,0.000496625245934725,0.002753591235286,0.00157721494127661,0.00195541171114147,0.0140477325558126,0.145339409111328,0.192227844326275,0.000958757455296815,0.0188577491530851,0.000752529016141594,0,0.0461954777263776,0.000316562252876163,0.0890684292489633,0.00545918320943713
0,6.21482223212719e-05,0,0.000502917826513947,0,0,0.00110826682173312,0,0.00269912263251096,0.000432860476714373,0.00300962583865822,0.00137082550516129,0.00912490427473783,0,0,0.000216798365139961,3.87270727649331e-05,0,4.9297096644342e-05,0.000159113130167126,0,0,0,0.00879368935283571,0.00073810111939311,0.000178516759005189,0.00136445426927506,0.00336051258713901,0,0.000182161582483351,0.000313156864461303,0,0,0.0151110943619176,0.000746026916497946,0.00099699930395931,0.000833212088827789,0,0.000174392169052363,0.00331298302156478,0,0.00140926458098889,0.180567068559894,0.0208118857555762,0.058989564475055,0.0347625865047738,0.246637404409918,1.25198796523621,0.0234510933725968,0.00520283543490171,0.000737962182384729,0.000373288655458391,0.00358024208691269,0.1068678622493,0.0674268266572207,0.0328403775570586,0.219294781491716,0.00576194609216601,0.0430287615673259,0.509786363162139,0.0449346986467824,0.0151046653895915,0.229071775467534,0.0692001985117807,0.000368453077942133,0.00103305607937575,0.073049517834188,0.0113849502659217,0.005726881543459,0.000625595769423246,0.00118026548093557,0.00207936835115254,0.0139435412470848,0.00109618747009039,0.117187212928769,0.0161150411893219,0.0164349392519772,0.135887866034622,0.00414808488131166,0.0461954777263776,0,0.000309875955235958,0.877041413565722,0.00375961045305431
0,0,0,9.47765092402697e-05,0.0001508217882514,0,0.00174012203133107,0.000813666546371579,0.00129574433863461,0.000403322721423208,0,0.000113610140252113,0,0.000840782867857814,0.000265149936950207,0.00102535986974239,0,0,0,0,0.00140305427170098,0.00023179500849843,0.000851424679121375,0.00840566979521513,0,0,0.000207328747697175,0.00938930383069814,0.000825322586171329,0.0026179667897597,0,0,0,0.00132251457187533,0.000810247434347868,0.00301827900538743,0.000280219536310435,0.000762004666343332,8.37950218319893e-05,0.00171666175144017,0.000214925615656376,0,0.0023625889341861,0.000371326720872521,0.083381661064671,0.00959691248066724,0.00101156252785027,0.000359847601212561,0.000340555355092883,0.00470668008337617,0,0.000831682995519042,0.000360619467023015,0.000448901876449585,0.000960187234464288,0.0289764259919599,0.00517243717017769,0.000705762882140278,0.00214518457657396,0.000824080100919306,0.000543017370295525,0,0.0138386008697674,0.000894666944625974,0.00416467392523736,0.000137434625020623,0.000815096922084689,0.00216589033910931,0.000157031332737207,0.010814997183685,0.000336090660706162,0.00252817464263589,0.0193725286808014,0,0.00336432747201175,0.0052338512803793,0.101567187918247,0.641189461618381,0.134205524728395,0.000316562252876163,0.000309875955235958,0,0.221753939331458,0.00167023593295813
0.000496437875539064,0.00660390277216584,0.0103470035188049,0.0172832886588022,0.000631206773668527,0.0045128864575237,0.0567703561565131,0.00976783889394552,0.0203513743392944,0.0315265307106853,0.0210657444449723,0.0136222925378055,0.0590590917894676,0.0075431898283422,0.00366269591201544,0.0110225784506798,0.00546855579490811,0.000146842048756778,0.000985177556018531,0.00965187648859024,0.00838462538136989,0.00408311736901552,0.0109352431782901,0.116563987369765,0.0106989873544812,0.0272634391115427,0.142839599736479,0.2011941824879,0.00692071902499646,0.0166909093335852,0.00242295138337761,0.000817781701725722,0.000230074546408654,0.0581875667926848,0.00261279238044024,0.0462876467407584,0.00479236670859307,0.01349215077191,0.00385276969036311,0.0432480748465016,0.00278875032576919,0.0113423411372453,0.23279143360733,0.0846633081779219,0.261437882121064,0.0542287061689645,0.0375939638127595,0.0482729788468585,0.181607904466246,0.0853851263348371,0.0113777602696196,0.0859029039816141,0.0143490562370122,0.0303038459891975,0.0668092642925575,0.435678688728216,0.181089714098606,0.0163151443192944,0.336010938466589,1.87883957304101,0.176050674677119,0.0680027452508896,0.439338585305474,0.0131632694386438,0.0568233649723455,0.656646169877192,0.463254407234536,0.874893264570327,0.0262639235184334,1.35387699727134,0.00962559338839799,1.34389768010108,0.0943232764669716,0.0179365968395263,0.635687761457275,0.841291408391575,0.463172723436659,1.1274972102721,2.05976781470204,0.0890684292489633,0.877041413565722,0.221753939331458,0,0.00728044399172217
0.000468967377260328,0.00180336918249131,0.00994543493217826,8.29361796677113e-05,0.312172295384893,0.0117124993016959,0.0123308950865015,0.00627357902826071,0.00805901510055959,0.0047510674840033,0.00412578761455715,0.0855708106997982,0.000361007405239343,0.00435088786364496,0.179751491335973,0.0181860488768965,0.00701353037524521,0.00930313331213444,0.00759535978781879,0.000303163024127483,0.0610689747893691,0.00350423150534331,0.13062011469933,0.023625002171427,0.000128010605078935,0.0340509720881283,0.132146521071694,0.0447718335045933,0.00439529051748514,0.0303317423292846,0.00137928584386706,0.00511623231061995,0.000158423774266243,0.0201415294997662,22.5743653313373,0.272129782950848,0.165149787498161,0.0279315535977974,0.299839876671888,0.0202536538069755,0.0138785358770847,0.000442031059595943,1.5254504720746,0.421943589251441,0.0397246810349151,0.49336487125414,0.0300715310927063,0.0265491076803774,0.00271430825846791,0.00190522867692411,0.00203457434501946,0.0281545712662979,0.0037750824362129,0.229382430398181,0.318294012858094,0.0872231748902842,0.0179476548683285,0.00604335984247923,0.10590357764266,0.00287349044108689,0.501027664025365,0.000622774230930209,0.0161382551509306,0.321145989003164,0.171272587579324,0.00334179534065127,0.00465675713693797,0.00456766109126956,0.00281988968372643,0.197349824188908,0.00508749785144627,0.534365108917622,0.0804889010829091,0,0.0838751359500394,0.386786685447582,0.193240419966051,0.00982518193198592,0.0545897975433558,0.00545918320943713,0.00375961045305431,0.00167023593295813,0.00728044399172217,0
