0,0,0.00592933566113476,0,0,0.000806411274371609,0.362604309533185,0.0774566763650496,0.000751077890161547,0.00350792690810792,0.00127258045520528,0.000525167894335729,6.80927332193732e-05,1.124797987925,0.000191012274187816,0,0.0656999734699861,0.00893973774751037,0.0224811062621669,0.00038437823006323,0.0191921336741554,0.000118859456383688,0.00901140138944999,0.00520976838992295,0,0.0374094882191652,0.00593750330755528,0.0118703331339727,1.22835213846484,0.473365732982143,0,0.000293095273047257,0.00104114633795657,0.0138416590619891,0.000113827257056356,0.00198736410886307,8.85801849017558e-05,0.00829288316574033,0.00135511158438112,0.000499306130155695,0.000145079540964448,0,0.000332225068637759,6.04806338138879e-05,0.000217676069724888,0,0.000106177174148291,0,0,0,0,4.30725644176841e-05,0,0,0,0.000338968542178381,6.56334758588075e-05,0.000127130132204068,0,0,2.02168787884533e-05,0,0,0,0.000306646851219386,5.65389817731559e-05,0,4.67405591066718e-05,0,0.000887032375381426,0.000177073060502446,0.000211357223919159,0.00124584117979466,0,0.000247747708270007,0.000790005713327129,0.00135392223659268,3.15410997745872e-05,0.000536669461010146,0,0,2.52137876639605e-05,3.83683876064897e-05,0
0,0,0.00206085031012673,0,0.0017074670946633,0.000109860925098682,0.00014375197755773,0.000925882506372692,0.134799092783154,0.000177107040591502,0.0324540649970744,0.000374511055895662,0.260820592473611,0.000589862867533291,0.00986411850795271,0.0366447316924417,0.0103140365633539,0.000481553041817188,0.0037846105596829,0,0.00159637731944403,0.100747680347218,0.00322975592672028,0.175490285763216,0.158126090333132,0.0241746952813532,1.28728286822565,0.00432686760536727,0.000407425779604596,0.000110809278880024,0.0039294612168598,4.3060030882895e-05,0,0.00284358895149952,0.000782265300476548,0.0195236615489664,0.0105312951931942,0.0120057330783489,0.00718471535228994,0.00119072166763504,3.89272190372944e-05,0.0385357502066808,0.0101804819437275,0.00579389276621523,0.00593852995763923,0.00422823429178155,0.00031485899041208,0,0.00556179307615042,4.6501260487771e-05,0.196316888928033,0.00159407196163793,0,0,0,0.00065167467888757,0.000232861370331997,0.000849039681118405,9.15841724028828e-05,0.00679578351162834,0.000129729743031263,0.0212204647391181,0.000411216176215732,5.4032119528842e-05,0.00177370489876928,0.0103970488892209,0,0.00578783390404067,0,8.48853958468141e-05,0.00607846723943988,0.00322271065919101,0.00520974494166192,0.00621843121775472,0.0270980581034989,0.40985658430747,0.00108529456130207,0.000119641009068048,0.000431005759745086,0.00229787467744666,0,0,0.00176415641078313,0.00105163116735629
0.00592933566113476,0.00206085031012673,0,0.00025254896679551,0.000576852694668919,0.00545833261799288,0.80799020544671,0.0907275827922651,0.00271970788717848,0.0317132728164793,0.00271665494614101,0.00193691017099329,0.00151371432437859,0.118852119994393,0.00198843810218366,0.0148427077078745,1.04365071896517,0.00888288570815953,0.0422293793438165,0.00229316478268884,0.897234211024476,0.00606117300993637,3.53078570068173,0.0533110854937059,0.00012728149612149,3.69643677965201,1.84199759979254,0.287312853934436,0.0331151647579817,0.0800199761528916,0.000121497922870499,0.00303019418426989,0.00935632587927254,0.139720867708124,0.0588373180811952,0.565257637948378,0.0615383879618514,0.308671247652109,0.317949333814744,0.0023434444146567,0.0010793240869252,0.000387407778147185,0.109986752253798,0.0211135991905653,0.0401862707393154,0.0452082844807086,0.000467483559778636,0.000141506145533031,0.000139059653573394,0.000238547761889702,0.0329790385939671,0.0490063205918717,2.78131262079835e-05,0,0,0.00774030339274125,0.00127758782571081,0.000892622965806622,0.000213245803403699,0.000570129857214683,0.000111062925545794,0.00060918739140383,0.00132009997392453,8.24608311914207e-05,0.0162392205293796,0.155055504954676,0.00054116886173063,0.0103785735506222,0.00019974074310984,0.0109223141439358,0.0296451709651751,0.0635289516766574,0.0174752113102027,0.000801343661214143,0.0860788048770373,0.676589900041685,0.0113213809960639,0.00112747019942263,0.00601095893652397,0.000494748160899341,0,0.000338344637196535,0.0148139310459711,0.0247529515000523
0,0,0.00025254896679551,0,0.0046874791200867,0.0032441014400795,0.00414171670296538,0.0152138683640027,0.26659519766776,0.690302481770269,0.000107399240588897,0.0974230202653356,0.00261059735323138,0.00716017906046695,0.0458682074890514,0,0.00030947231242941,0.00020612346271888,9.61148835610034e-05,0.998743894881552,0.000156146128888988,0.000105423870843089,0.00022100998572436,0.450901255202232,0,0.000943334672879585,0.000400843029715455,0.800545570741226,0.00336646796754273,6.08630236216307e-05,0,0.000320799539166504,6.58745974986374e-05,0.000999251810939595,0.001939934586114,0.00770210272306026,0.000311063971368646,0.00684195560090534,0.00123529167037818,0.0180094590293682,0.000934083573425434,0,0.0107338512273121,0,0.0102176251761812,0.00278088714217854,0.0113106430432926,0.00348787857685774,0.00017098489810586,4.22293502307892e-05,0.00022014932839672,0,0.067116141194829,0.000303557190243441,0.00184567969443162,0.0137426723546263,0.0210951984830823,0.0661058708369272,0.0278694316473742,0.000126943060901213,0.0142327427097651,0,0.00280110331898694,0.00295352449707799,0,0,3.34908578844726e-05,5.49253466037929e-05,0.0198562239402925,7.6756239205396e-05,0.000701761381209934,0.00017397312509116,0.104066181054018,9.49228320857528e-05,0.000128719642658895,0.000833767011648288,0.106439201241273,0.00413743130405529,0.000325689321631289,0,0,0,0.00212672365682454,0.000610648269331724
0,0.0017074670946633,0.000576852694668919,0.0046874791200867,0,0.597763120040374,0.0108848326166578,0.0885664953164328,0.0406914373648456,0.0428846669864112,0.00122793465563397,0.106133236025449,0.0179944376708847,0.00294835501810577,0.449912243180727,0.000851985729738499,0.000377372798838436,0.00139484890329165,0.000352577095604378,0.0131349194679724,0.0034998481515072,0.00300877399041713,0.00387573898961678,0.0277280854107703,0.000344727271717084,0.00347011341871672,0.00599866425151198,0.0195320729590244,0.00154978325506586,0.00164043442152404,9.76463721735179e-05,0.10161708331251,8.4166766101873e-05,0.64395833796901,0.039885659757233,0.142800208483883,0.00113959795145047,0.0169734576968065,0.0195856391084476,0.864461209179553,0.814155031863593,0.000789088840160405,0.00515461223440449,0.00030783208497926,0.0018577081226634,0.00166733566925975,0.00346826102736759,0.00194612984301312,0.000694596496279395,0,0,0,0.00760874612334524,0.000556856607752478,0.000734123053123846,0.00293316189999351,0.00158910610580738,0.0057599285142542,0.00462558987395079,6.30595915369988e-05,0.00351674148445607,0,0.000151289716003335,0.0017078974552353,0.000751727617373332,0,0,0,0.00238348026653945,0.000432637893152487,0.000169342043548537,0.000445803752429646,0.0100174497627672,0,8.50964131783721e-05,0.000845193889772126,0.0148650779402608,0.000380274599315769,0.000846777888619922,0,0,8.78389173636678e-05,0.000442024932107771,0.0097666726787175
0.000806411274371609,0.000109860925098682,0.00545833261799288,0.0032441014400795,0.597763120040374,0,0.133857648651048,1.43171486011819,0.0350619937965284,1.72410617605232,0.0108606882360448,0.542963328242582,0.0249864157117101,0.0513579064669657,0.394247242680397,0.000102608347968864,0.00661769721311541,0.0135585210016239,0.00747934524733342,0.0700741238885255,0.00328859206376897,0.000421399398821479,0.00320471523032004,0.0111919573950432,0,0.0369633878971803,0.0093570030964487,0.0632890353599803,0.0220371694788722,0.00526452020918451,0.000429264034487921,0.0132676362042058,0.00097993349427451,0.105315759813869,0.153135229098755,0.179010702774819,0.00305232633267543,0.0720873348753371,0.0184014854342301,0.332862664472746,0.174433513857652,0.00135401811005041,0.0108779835440449,0.000252129163578081,0.00861442658678879,0.0049511884401971,0.00832997286476958,0.00451121100522213,0.00105889693320228,6.81063686501265e-05,0,0.000123374309174215,0.012171937958144,0.000620066565544337,0.00089935506514315,0.00693053337354836,0.0060409376180194,0.0112831823833972,0.00991792044184012,0,0.00917288420896016,5.07384418769717e-05,0.00125586887340133,0.00227868700990575,0.000239838284148884,0,0,0,0.0105409646642519,0.000703750233227212,0.000165025874512732,0.000381642522321188,0.0290769844674158,0,9.84205030142132e-05,0.000780193165971063,0.0390639027861934,0.0014312852354489,0.00240058030070616,0,0.000141359084966064,8.17667728755951e-05,0.000738198842916904,0.0278628092590113
0.362604309533185,0.00014375197755773,0.80799020544671,0.00414171670296538,0.0108848326166578,0.133857648651048,0,1.38984469185803,0.0602785817142332,1.91247601273724,0.00953956745123402,0.0105964521033029,0.0394234231409891,3.89908006053521,0.0294443518466874,0.00347093569475309,0.249018872961203,0.0243814305196895,0.0600627404225397,0.00619641045018447,0.875497339831738,0.00265049380038418,0.397908605968023,0.225814464625906,0,0.754111699368662,0.114623137687557,5.20597054109156,0.55575592373137,1.44755670760737,0.000224681924264926,0.00916433179663577,0.0516750363947618,0.106002022785842,0.116484643658455,0.344034552789838,0.0105654124831887,0.299208078028209,0.125768174193326,0.0505132666372872,0.0147216187585837,0.000871938483213459,0.148875285936092,0.00270828329368063,0.0914787319355289,0.0432913983801093,0.0564830663432474,0.0236529652939167,0.00172653967151068,0.00355873661372369,0.00110048593722746,0.00378174191393625,0.0209620821712931,0.0015591885710291,0.00332476475561712,0.102054584985085,0.066289960236999,0.0362895841905076,0.02741551689406,0.00224441536087892,0.0192823147841331,0,0.0187667069221646,0.00477771001108633,0.0206200946383854,0.00177901714346686,0,0.000912872703643254,0.00855007575186767,0.0139446797402786,0.00635569757393629,0.0229958895996357,0.262820259691246,0,0.00314959711573889,0.0311491255268433,0.411336705463562,0.0429425000833051,0.0350226853363779,0,0.000775428482733604,0.00097624356377243,0.0215788064119678,0.0217320072048528
0.0774566763650496,0.000925882506372692,0.0907275827922651,0.0152138683640027,0.0885664953164328,1.43171486011819,1.38984469185803,0,0.0634555314338651,2.09073145285715,0.0911020252604549,0.392276745975893,0.129347588116683,3.41530054030682,0.0725953530097919,0.00208733187376889,0.227082076006809,0.17576955009981,0.144488310500437,0.146386416982801,0.0736701931501936,0.00152428214909285,0.0603680607994851,0.0874820696532784,0.000741957059060579,0.574962046302381,0.0849024675422585,0.343672611671715,0.3876223318309,0.373862985607816,0.00380841954698925,0.159500360423101,0.00733082310683938,0.19778527252452,0.0464643681600065,0.76775334289851,0.0203438943511309,0.272958139975794,0.0803481616305083,0.559740476036579,0.196184040242949,0.00678094384898231,0.114988280543089,0.00157852724298856,0.071468615930684,0.0340671302437217,0.056445719887568,0.0305514257369653,0.00576049847313248,0.00197514147465843,0.000911111995143654,0.000972199803414756,0.0231965202322244,0.000791184303803035,0.00308406994093244,0.0890412255503268,0.0295997615644639,0.0344240980394988,0.0227238621243267,0.000432687363601411,0.0245318287529319,0.00139241628288333,0.00565924686328683,0.0057748529399282,0.00354222360931385,0.000998370519652788,0,0.000528947727210653,0.0159004831619964,0.00855446130631377,0.00149901924409721,0.00530360342520759,0.212164717151134,0.000216622506151092,0.00148022836759122,0.0151555458615054,0.334274764591182,0.015894639161026,0.0283707032706291,0.000223487905118311,0.000496015830516934,0.00106671815246596,0.0135308524918159,0.00611420987916182
0.000751077890161547,0.134799092783154,0.00271970788717848,0.26659519766776,0.0406914373648456,0.0350619937965284,0.0602785817142332,0.0634555314338651,0,0.264735333702661,0.0296334202998148,0.226974514993852,0.234725816497428,0.0290110219798871,0.205703013501115,0.0150317580392805,0.00481900378144555,0.00308056664565469,0.00271633845524267,0.0831867442899987,0.0116110397278821,0.638176918463024,0.00664088313994319,3.11599833349658,0.0906230247244763,0.0157814821545255,0.373501911296792,0.760311376538338,0.0426710219690779,0.0350764337815124,0.00285192051877159,0.00136642414824392,0.0080393427563514,0.0110825421081552,0.0339225489235284,0.0831337238385977,0.00822043708406882,0.0447521249951384,0.0133990061002349,0.120952938447236,0.004537973490646,0.013051470133995,0.0526936569692059,0.00572519141628871,0.0271844400527508,0.0157963574820128,0.0192869025683969,0.00639354756416311,0.00438842726548602,0.00289774452166617,0.00374564988385077,0.000385776436062753,0.0722272520209458,0.00116450716698653,0.00529050703217484,0.0433319186577916,0.0523539626604854,0.236337019678165,0.0549745732146261,0.00876129085886117,0.0187597122588884,0.0192910027466788,0.0138574452809221,0.00809283683369507,0.0452454545649629,0.00163297496236335,0.00461196171613636,0.0101528045506811,0.0119273069881351,0.0193766734050682,0.0618622840179991,0.0159047726770622,0.559700698032606,0.00464306786694204,0.0111315880697393,0.0217141849906238,0.349838728859742,0.0246292943163156,0.0302291046709214,0.00143968986820856,0.000423538725581443,0.000546572025608516,0.00796303221704575,0.0227317080575427
0.00350792690810792,0.000177107040591502,0.0317132728164793,0.690302481770269,0.0428846669864112,1.72410617605232,1.91247601273724,2.09073145285715,0.264735333702661,0,0.0215948814318768,0.828104157005307,0.0429399980136701,0.980204801086461,0.0717351187548943,0.000764858294686487,0.0217683160340329,0.0399791316348361,0.0309866425942225,0.347356360849074,0.0131354838939715,0.00124158792093501,0.0219961833672259,0.138875019187916,9.19203102338913e-05,0.124592794814564,0.0593355586162644,1.74247357772993,0.232181604927825,0.0136245151633434,0.000634887132205677,0.0194593620947308,0.00327125709176855,0.0588601035347836,0.224401792029973,0.614345995437177,0.017114236148543,0.320152402163268,0.0439574852583341,0.11725086875298,0.0220422986854614,0.00112684393323515,0.0573346575325416,0.000471995864168846,0.0420201167603088,0.0152372223278378,0.0539713928318741,0.0125099921883192,0.000604322869584942,0.000937274079154225,0.000501210210636163,0.000355998848453563,0.0904126039355681,0.00136645881116813,0.0034141078375515,0.0619888744573013,0.0719244066427324,0.105246354354549,0.0855330586543833,0,0.0418577894907015,3.1081896331197e-05,0.00838323580348067,0.0107670599232501,0.00144853878627185,2.83989179273009e-05,0,0,0.0324859677612274,0.00138472748683887,0.000632313479750007,0.000710327168381569,0.281133953430098,0,9.38161754205111e-05,0.00262860248219038,0.387801329663277,0.00965915341868417,0.00404980689690576,0,0,0.000117790002534115,0.00717239858894162,0.0157803676037755
0.00127258045520528,0.0324540649970744,0.00271665494614101,0.000107399240588897,0.00122793465563397,0.0108606882360448,0.00953956745123402,0.0911020252604549,0.0296334202998148,0.0215948814318768,0,0.0130407292009993,0.43070784855702,0.0406238364005624,0.00288781767919398,0.00226321756479034,0.074735887128651,1.71996848670252,0.216932239553303,0.00423561630977896,0.00546375530967955,0.0218073372609627,0.00798267281275386,0.0158892955101662,0.0214935540890194,0.88867382926731,0.0660959580893636,0.00577971673849491,0.0354449797661504,0.00278874793184517,0.0296456930511409,0.0185278321375486,0.00231993906563205,0.863600027572785,0.00267967231608774,0.0561787388341276,0.236758223088409,0.339293536988599,0.0264189630307171,0.00903185550346147,0.00126954973928178,0.253129146452321,0.00209714017520924,0.147187861435588,0.00428076295510138,0.00117667546580775,0.000429458540397716,9.6987887228751e-05,0.0456292341102731,0,0.0107862672121971,3.3697880311358e-05,0,0,0,0.000266625315475321,0.000307190156127715,0.00295161084839665,0,0.148417253461377,0.000361242279960895,0.522119892749009,8.800747766521e-05,0.000178950669953227,0.000319979562646621,0.000225202059577036,0.000235103722237396,0.000838793052696051,0.00017182462791903,3.05601826275706e-05,0.00227526063249706,0.00029154200816257,0.00347212926505791,0.0125233465654036,0.0360109173814626,0.0596110236474827,0.000786750782847048,0.000427254280482721,0.000320056174197102,0.0425640654907085,0.00156532582523083,0,0.00176315078181099,0.00143322513392984
0.000525167894335729,0.000374511055895662,0.00193691017099329,0.0974230202653356,0.106133236025449,0.542963328242582,0.0105964521033029,0.392276745975893,0.226974514993852,0.828104157005307,0.0130407292009993,0,0.0164930730837721,0.0605165741482108,0.309686577088792,0,0.00619568924438545,0.0199139508616395,0.0112244340087458,0.491023228924034,0.00163778702925448,0.000561740982843632,0.00337589121165112,0.0290901875997066,0.000145441720128262,0.0490624045990995,0.0179768556061596,0.0407356196193331,0.0222824713588728,0.00328057141197183,0.000504254483283562,0.00815285079116881,0.00019086725361743,0.0198730749395896,0.0519750563436739,0.0919358782646598,0.00340515428191585,0.0923881093549765,0.00555096875856035,0.161104743186901,0.0127870443900587,0.000800261369638425,0.00814060725284905,3.33623487358511e-05,0.00592611114128151,0.00285816259561313,0.0144741145395408,0.00246699448261883,0.000533868330854249,0,6.7779022587496e-05,0,0.0588620196659217,0.0017793098117148,0.00433360857517904,0.0127653904262118,0.0201213785437375,0.0786637647061616,0.0458437077001912,0.000383076650554586,0.0491339874027178,0,0.00209144028648957,0.00872269087101708,0.000110919179175568,4.77554818692923e-05,0.000417964401948601,0.000318673694678009,0.0276418859869686,0,0.000198837998887122,0.000293960367739725,0.0841285938474933,3.20413626695216e-05,0.000403026951353783,0.000547200661510486,0.106522822224264,0.00226954216683251,0.000288375514406067,0,0.000189483433954596,0,0.0015118282656406,0.0314970601603194
6.80927332193732e-05,0.260820592473611,0.00151371432437859,0.00261059735323138,0.0179944376708847,0.0249864157117101,0.0394234231409891,0.129347588116683,0.234725816497428,0.0429399980136701,0.43070784855702,0.0164930730837721,0,0.0162830171585696,0.0253683700599531,0.0200521429465725,0.00236002429223917,0.00607352392780513,0.00178323888129486,0.00680613926178655,0.0112284554142295,0.169776402409608,0.0051193713487533,0.158924309332219,0.529584428282719,0.0504886360780517,0.469216146725396,0.0490321910478411,0.0113941314520325,0.0116825610657014,0.210057893346142,0.0130063285918548,0.00069941281334067,0.0357934370961021,0.0206117498823971,0.194750194479944,0.168784419202216,0.250669411436873,0.0701898026456291,0.349967653106188,0.0241190887141597,0.521045938388312,0.128773567381858,0.334960047915953,0.141095160767732,0.0762700526442509,0.248322900371296,0.0988433440354364,0.165916755393782,0.00100164134466306,0.0271042685635841,0.000728355636050165,0.0104265735831975,0.00654462272315364,0.0199645883481486,0.0266836628765924,0.0775542588953282,0.00923928756974393,0.0350129755844284,0.332344411396774,0.0575792638970859,1.1621527895665,0.0113806342198799,0.00491956423662014,0.00401714693877626,0.00155622874232782,0.00275130312663295,0.00702042390207338,0.0105339320876711,0.0230812719484351,0.00725252136707413,0.00617424853782462,0.0304224288653652,0.0961571897993224,0.105457104474209,0.207222189077157,0.0675745022642811,0.0148977857819389,0.0323083354587422,0.129912860427207,0.00827383053576253,0.000625081126027393,0.0123808817427279,0.0169309642233894
1.124797987925,0.000589862867533291,0.118852119994393,0.00716017906046695,0.00294835501810577,0.0513579064669657,3.89908006053521,3.41530054030682,0.0290110219798871,0.980204801086461,0.0406238364005624,0.0605165741482108,0.0162830171585696,0,0.00700426890110965,0.00155319385706824,0.43797717533085,0.125495328434758,0.202569378904473,0.0337922407212786,0.127889168025172,0.00129093784626442,0.0891501665901263,0.103556241008789,0.000308052825798178,0.632907414275224,0.0863068083379895,0.273236410017204,2.36313188294716,1.16847408189397,0.00166844984562042,0.0302381431810341,0.0163548448085765,0.17271778080958,0.00985164502011203,0.092322261787964,0.00698274736260915,0.130515368895328,0.0254158809187911,0.0248239110730151,0.00772617652702408,0.00109999056053915,0.0316840389039134,0.00111726910610647,0.0129182577466629,0.00554534871262663,0.0130142272373913,0.00428511240437339,0.000647359890412539,0.000239540066004086,0.00103891357977858,0.000501275171444952,0.00244815567151119,0,0.000307672382389677,0.0270141152881792,0.00485315509407337,0.0106773799653421,0.00264567125484533,0.000103679790761924,0.00453649658842795,0.000782060675417913,0.00112245530496725,0.000758185559463226,0.00282299287797618,0.000510098562960815,7.31414716222288e-05,0.000929164697078219,0.00274898412063283,0.00516403580823079,0.00194954862201953,0.00212046679798483,0.0610265471758658,5.79143159861803e-05,0.00235164931494599,0.0134167276292519,0.0931116651811323,0.00282302848750984,0.0118208595176305,8.69159539881704e-05,0.000119665961268163,0.000305293052903545,0.00353279686381404,0.00049738849507854
0.000191012274187816,0.00986411850795271,0.00198843810218366,0.0458682074890514,0.449912243180727,0.394247242680397,0.0294443518466874,0.0725953530097919,0.205703013501115,0.0717351187548943,0.00288781767919398,0.309686577088792,0.0253683700599531,0.00700426890110965,0,0.00759454455418705,0.00240655243005418,0.00180280989376183,0.00127305671676399,0.0372691556523959,0.0404404166745719,0.0258418722882301,0.0432039412356618,0.213336660105663,0.0058688953231032,0.00646777868964278,0.0588944826973738,0.122387040886056,0.00640593277269392,0.0094162308128622,0.00011587421813165,0.00254009279097657,0.000623196858402157,0.0173258441176104,0.0748848564027857,0.031139307525315,0.00825371478464616,0.0142206293462012,0.0120766762441234,0.535253534107006,0.047070744576516,0.00101064287744461,0.0132550114630628,0.00191230834826861,0.00397683915896536,0.00734798284121891,0.00603570764325699,0.000658529760875201,0.000335264959227848,0.000257773780940914,0.000197170094277919,0.000271393678790033,0.00839145782144727,0.00051643054430241,0.000276012458664006,0.00734057071040434,0.00286960444505704,0.0162412754292111,0.00815394742440981,0.000429450818617118,0.00505746910747754,0.00012509250108186,0.000925413379483987,0.00180113095955692,0.00751422317313389,0.000395449668031782,0,0,0.00292012298849116,0.00615217932086734,0.0024700001569993,0.00560746429202256,0.0297771930793815,0.000520965261001265,0.000778113458589841,0.00489269260393388,0.0328757285786441,0.00209984785905662,0.00760801729361739,0,0,7.7040107176113e-05,0.000892475954165537,0.137964007858839
0,0.0366447316924417,0.0148427077078745,0,0.000851985729738499,0.000102608347968864,0.00347093569475309,0.00208733187376889,0.0150317580392805,0.000764858294686487,0.00226321756479034,0,0.0200521429465725,0.00155319385706824,0.00759454455418705,0,0.0219756716929772,0.000885222909049015,0.00277650642714034,0,0.333084259322725,0.839660346702663,0.943441513546137,0.283302904863017,0.00863737515926971,0.0484515621557031,1.17095985150108,0.0429609109737532,0.00318970365701311,0.0182370011671102,0.00118226074671107,0.000184655168341911,0.00296379739019044,0.0123015628870442,0.0684198571031892,0.378530880850056,0.0322798849388993,0.0801377651450002,0.089584768161866,0.00288543627993029,0.000756554889577874,0.00117848552988681,0.0791778478865968,0.0108224448179057,0.0334683456649207,0.0372342780754583,0.000598211229146356,0.000111567481155121,0.000303489655507785,0.000402799448127007,0.00993235182863206,0.0108580904758923,0,0,2.36410332603097e-05,0.00442490309784821,0.000286678660564864,0.00548031007339377,0.000268129016313744,0.000317220255611479,8.5778633557826e-05,0.00193523734401485,0.000243521213995332,0.00113048565472519,0.536242293251896,0.00552074531363764,5.94207864549994e-05,0.00318699764090016,6.85216260149002e-05,0.118859227665822,0.167074358286998,0.362474163513855,0.0984264084107841,0.000506704999928844,0.0133644914001866,0.153176578636111,0.0569692156696686,0.00236034842408404,0.0179539681782687,0.000192727049792528,0,0.000351251246730763,0.00681416276192093,0.0134324467495278
0.0656999734699861,0.0103140365633539,1.04365071896517,0.00030947231242941,0.000377372798838436,0.00661769721311541,0.249018872961203,0.227082076006809,0.00481900378144555,0.0217683160340329,0.074735887128651,0.00619568924438545,0.00236002429223917,0.43797717533085,0.00240655243005418,0.0219756716929772,0,0.110273190118187,0.42668744116552,0.00481981587238949,0.279620693469755,0.0103888049482046,0.708437524763337,0.0330844127327142,0.000710931863572866,1.09163475060075,2.153943870452,0.0611711003955847,0.224576970676047,0.233772528804602,0.000756699442161561,0.00693083450171957,0.0370930050000666,0.659567284447257,0.0138999539575253,0.13533531603586,0.0298066821191529,0.227140916319575,0.0908459881611505,0.00552024680569284,0.000570030535545838,0.000108025604628146,0.0687933949275558,0.0230566199468999,0.02940864261058,0.0283858731532015,0.000934545450774668,0.000145554543213487,0.000102011407529956,0.000253088906454003,0.0475904158117395,0.00991529619789465,0,0,0.000118946844391608,0.00241434476390223,0.000473435123238277,0.00202252903389073,9.51044173081222e-05,0.000601163725346887,6.54720970259428e-05,0.000827000881169605,0.00117234509762993,5.92962679566264e-05,0.0296712706197595,0.095318945720555,0.00011906655113579,0.018728923279689,0.000355008109967422,0.0297485961435169,0.0109461185619901,0.0370979985798549,0.0152731968422078,0.000726016774650561,0.126095709731009,0.5374518573469,0.0141905055462836,0.00113076592345272,0.00626349755017727,0.000533159439487154,0,0.000206132343830174,0.0101177497727056,0.00363621630293707
0.00893973774751037,0.000481553041817188,0.00888288570815953,0.00020612346271888,0.00139484890329165,0.0135585210016239,0.0243814305196895,0.17576955009981,0.00308056664565469,0.0399791316348361,1.71996848670252,0.0199139508616395,0.00607352392780513,0.125495328434758,0.00180280989376183,0.000885222909049015,0.110273190118187,0,0.484912744058423,0.00783801685293582,0.0257265882821649,0.000865518133219081,0.027218870840656,0.00468174328147941,0.000299010084660232,0.313846976159165,0.0490227169399598,0.0101912690606291,0.102272681989704,0.013415133679305,0.000857176729717404,0.0314433992542249,0.0106705851408969,0.488059522875275,0.0138823521990689,0.187047206836573,0.100600282227823,0.432119685658419,0.118738379901988,0.0109427582877032,0.00191549228942028,0.00881900718669105,0.00134401120143499,0.0041552218419661,0.000806673168239413,0.000804033204195153,4.02586199349761e-05,0,0.000126802299009824,0,0.00133264763553041,8.27419274045292e-05,0,0,0,0,0,0.000889746581261683,0,0.00323136267397627,3.56641519702196e-05,0.00660304635757746,3.88941749216437e-05,0,0.000602432107580596,0.00100759828571536,0,0.00174795094383511,0.000216606466970456,0.000222541778528231,0.000120654138590711,0.000613950934455502,0.00012457380801968,0.000210803836024594,0.0161691689910165,0.0290800240325424,0,0,6.89305995945811e-05,0.00329047290870963,0,0,0.000142774336317635,0.00569404697353467
0.0224811062621669,0.0037846105596829,0.0422293793438165,9.61148835610034e-05,0.000352577095604378,0.00747934524733342,0.0600627404225397,0.144488310500437,0.00271633845524267,0.0309866425942225,0.216932239553303,0.0112244340087458,0.00178323888129486,0.202569378904473,0.00127305671676399,0.00277650642714034,0.42668744116552,0.484912744058423,0,0.00702033288929573,0.057669916595137,0.000903801287683699,0.0619445791436078,0.0103045312045968,0.000846070050222908,0.945530695318161,0.387318858410277,0.0165911034858341,0.143060238945631,0.0300761846743125,0.000493491159251362,0.0136953002049197,0.0203624377605228,0.398135876529891,0.0150278109671029,0.194277790186762,0.109829589866257,0.31905600100756,0.144101909488257,0.00361116093940811,0.000991359853358556,0.000525019421299803,0.0159546332588458,0.00782462634302359,0.00931690075003711,0.00708016796948833,0.000455120869917089,0.000166040992978883,0,0,0.00773562906710007,0.000606844467028761,0,0,0,0.000316935436776871,0.000299935336916149,0.00116204387430426,0,0.00188342713388134,3.15283981900275e-05,0.00345075026679828,0.000558078223224079,3.85830956513643e-05,0.00248660636946987,0.00998040233995495,0.000213109555456781,0.0229178518447879,6.35254063561738e-05,0.00184268491775969,0.00146149610854699,0.00351836929749532,0.00202823820576481,0.000729297378455723,0.0797196378879331,0.273491803581611,0.00060922116940772,0.000133140087640959,0.000653689516930133,0.00285727290821942,0,0,0.0020773305278136,0.0060868408723349
0.00038437823006323,0,0.00229316478268884,0.998743894881552,0.0131349194679724,0.0700741238885255,0.00619641045018447,0.146386416982801,0.0831867442899987,0.347356360849074,0.00423561630977896,0.491023228924034,0.00680613926178655,0.0337922407212786,0.0372691556523959,0,0.00481981587238949,0.00783801685293582,0.00702033288929573,0,0.000943204002483276,6.78206393686593e-05,0.00305209841038783,0.0961192511639045,0,0.0220854043599383,0.0100523155804754,0.125754540430307,0.0183604593799187,0.00217517402449524,0.000147010611514402,0.00262222722696925,0.000125321878382659,0.00795945539361175,0.00581692857141757,0.0634040518691005,0.00213534214674417,0.0280541459437088,0.00291121885225135,0.0292052758277891,0.00306782802632911,0.000272857783698964,0.00773236129038499,6.61508223956108e-05,0.00536974987405474,0.00232414746583902,0.00782243455495426,0.00192250548496992,0.000253964605299717,0,0.000230863658475548,0,0.0365847629892822,0.00119483692147043,0.00136245296624223,0.0109358884237174,0.0151557790592795,0.0329458372454203,0.0308465820191977,7.134867412529e-05,0.0114247911031066,0,0.00258242992279946,0.00422448714565061,0.000188591127962565,2.00763381271422e-05,0,0,0.0129916652836162,0.000129137473950535,3.37592014599264e-05,0.000167163667552638,0.0623044673721146,5.55421679687262e-05,0,0.000246232858711993,0.0842266921076275,0.00160446399991052,0.000331838630745036,0,0,0,0.00101372650777372,0.000747436375011093
0.0191921336741554,0.00159637731944403,0.897234211024476,0.000156146128888988,0.0034998481515072,0.00328859206376897,0.875497339831738,0.0736701931501936,0.0116110397278821,0.0131354838939715,0.00546375530967955,0.00163778702925448,0.0112284554142295,0.127889168025172,0.0404404166745719,0.333084259322725,0.279620693469755,0.0257265882821649,0.057669916595137,0.000943204002483276,0,0.0598251068790559,3.53574522620506,0.0535433908320184,0.000655380861291516,0.579595592635243,0.360148337977458,1.07719062900141,0.116703323315029,1.70842438273199,6.74412659479379e-05,0.00403664117164298,0.0917683636474972,0.732272725028109,0.246648829145979,0.767355765835255,0.0545351280719815,0.855925123158407,0.484550610004273,0.00933045314718597,0.00354230747678544,0.000184009204168659,0.0769809229399188,0.00716655878496107,0.034542460874775,0.0327241575622152,0.00287930430121504,0.000342710144794101,0.000675776834336752,0.00118835904101978,0.00106348807846144,0.00978150973127401,0,0.00022167752833904,0.000211763885219085,0.00789935243463961,0.00074955235561622,0.0060233406181368,0.000454414677982384,0.000208765743297321,0.000558876170333528,0.000150421732556582,0.000613731382748252,0.00163452973756876,0.268349118243596,0.00684547103405639,2.57261969410479e-05,0.00270138509097275,5.5091577607882e-05,0.22798340074715,0.0685647508002523,0.27505976718624,0.0957749935359888,2.81865306710303e-05,0.00833678904004448,0.10386525287761,0.0820049814577401,0.00749053066133624,0.0453109416652171,5.91637766666055e-05,7.41841034520863e-05,0.0012130671286342,0.0140522024166148,0.0276385984420697
0.000118859456383688,0.100747680347218,0.00606117300993637,0.000105423870843089,0.00300877399041713,0.000421399398821479,0.00265049380038418,0.00152428214909285,0.638176918463024,0.00124158792093501,0.0218073372609627,0.000561740982843632,0.169776402409608,0.00129093784626442,0.0258418722882301,0.839660346702663,0.0103888049482046,0.000865518133219081,0.000903801287683699,6.78206393686593e-05,0.0598251068790559,0,0.135622804730355,1.83436280575054,0.0630874702983418,0.011798514794774,0.578566029997755,0.0579438468086555,0.00228380115157756,0.0249659240779284,0.00130352871155182,0.000241881807649123,0.000792619718999863,0.00548951032183823,0.0235976809674764,0.130082467321449,0.00903939663268339,0.0360747861432811,0.0335869330274537,0.00425430329536412,0.000435398695617867,0.0126239061356578,0.0465801123395239,0.00874815405943108,0.0183088032203717,0.0188515810097509,0.000664592098914635,9.83016195011851e-05,0.00338656794963444,0,0.0362099966402584,0.00591517331989828,7.33158583582224e-05,0,0,0.00172757303507661,0.000203988186171108,0.00412702474968607,2.19216458593607e-05,0.0043700258645319,8.22568145154954e-05,0.0124456968459849,0.000117811091716719,0.000309685571842718,0.149524564618786,0.00625825456963895,0.00024974878324908,0.00180443729412189,2.3612139335829e-05,0.0196219367144556,0.158769055947528,0.0823515004867473,0.0396014058293732,0.00222802102087924,0.0100900781741854,0.211276061606418,0.0145997954828485,0.000762108002777017,0.00285546526916236,0.00213465378084842,0,0.000213186951948595,0.0027506113146533,0.0129733428064923
0.00901140138944999,0.00322975592672028,3.53078570068173,0.00022100998572436,0.00387573898961678,0.00320471523032004,0.397908605968023,0.0603680607994851,0.00664088313994319,0.0219961833672259,0.00798267281275386,0.00337589121165112,0.0051193713487533,0.0891501665901263,0.0432039412356618,0.943441513546137,0.708437524763337,0.027218870840656,0.0619445791436078,0.00305209841038783,3.53574522620506,0.135622804730355,0,0.100627485901329,0.000472462714940405,0.65898393985168,2.57512363899871,0.333503388052192,0.0685537110269022,0.29140889684973,0.000359115222961396,0.00756749742861442,0.021276929957678,0.807726241392929,0.44941948015986,2.12316365556822,0.146954018688631,1.07684985267552,1.02421527855107,0.00812758431671096,0.0030963110031771,0.000417207231371462,0.220596914182952,0.0258292276342529,0.0933548436629386,0.109169091637377,0.00253811444100635,0.000344252473680425,0.000312873478118092,0.000461704579178971,0.00496090894307755,0.105664110517306,5.89523615463495e-05,6.7280912431395e-05,2.01834836827755e-05,0.0112175090435801,0.000542525057414717,0.00216055318179543,0.000235934158260089,0.000865122824851125,0.000143226626321095,0.000271212372232473,0.000390554697296232,0.00174266542117828,0.653631258609885,0.0421588303908958,0.000529177655459434,0.0090879596787889,1.78990874265432e-05,0.116837160043422,0.211823454033989,0.742240910817687,0.0849960744978422,0.000213932184610385,0.0276310008885419,0.8925162109114,0.0613958337728605,0.00207756310231447,0.0130443180144653,0,3.01910644972801e-05,0.000830899608193619,0.0199764783565497,0.0771446131654911
0.00520976838992295,0.175490285763216,0.0533110854937059,0.450901255202232,0.0277280854107703,0.0111919573950432,0.225814464625906,0.0874820696532784,3.11599833349658,0.138875019187916,0.0158892955101662,0.0290901875997066,0.158924309332219,0.103556241008789,0.213336660105663,0.283302904863017,0.0330844127327142,0.00468174328147941,0.0103045312045968,0.0961192511639045,0.0535433908320184,1.83436280575054,0.100627485901329,0,0.0570272481246435,0.116810042496486,1.37694128409525,1.13477699084431,0.234636204099782,0.0694246123718116,0.00279843218915548,0.00340670012282966,0.0613736715392916,0.0577371325850494,0.107187314499487,0.262511495546933,0.0246877742580485,0.135150621141829,0.0761026654173234,0.0532926955456627,0.00800048101290824,0.00674699870576926,0.200564945202915,0.0076188705561851,0.10765663394132,0.0556984489841462,0.0462367296914561,0.0218256868515344,0.00393383345921146,0.00605729136655423,0.0166969541541685,0.00615539847376399,0.0189186360250008,0.000988872040300264,0.0045633828669708,0.102496061862219,0.0741110843951496,0.198292008145669,0.022684270702398,0.00654626586488462,0.0107527513893493,0.00915228192397696,0.0248745785404542,0.00854420624562193,0.154143852466798,0.00950598337252554,0.000448931367127198,0.00566196390474107,0.00592398307811061,0.112811787915005,0.101617488427326,0.0953164598985674,0.803236848897801,0.00363535412252543,0.0157683753487886,0.128767634246438,0.677919919276697,0.0684083471255174,0.100549973553025,0.000428659199964219,0.000833823182815907,0.00335672465031052,0.0328733865200444,0.027491091851866
0,0.158126090333132,0.00012728149612149,0,0.000344727271717084,0,0,0.000741957059060579,0.0906230247244763,9.19203102338913e-05,0.0214935540890194,0.000145441720128262,0.529584428282719,0.000308052825798178,0.0058688953231032,0.00863737515926971,0.000710931863572866,0.000299010084660232,0.000846070050222908,0,0.000655380861291516,0.0630874702983418,0.000472462714940405,0.0570272481246435,0,0.0367808364567007,1.62141777790282,0.00171393018460693,0.000372806252662146,0,0.035153932381643,0.000181005557021499,0,0.00134815481313736,0.000332856754962147,0.00560429144641017,0.0142120613456652,0.00739563180506021,0.00323291116114216,0.000828345891971494,7.85045779655575e-05,0.0515663659661463,0.00169724231271112,0.0146004653505062,0.00270368073805476,0.00062539556203866,0,0,0.00806880477839956,0,0.0223414524101312,0.000102180340093649,0,0,0,0,0.000331993761955417,0.00247741770369632,4.97552656305074e-05,0.0246671346809067,6.48680070265412e-05,0.160948541773892,9.47861459331035e-05,0.000717393817585134,0.00024139602468822,0.000598162069270426,0.000231528793085921,0.000972837701199018,0,0.000223108097746283,0.00274786150987544,9.49778673220158e-05,0.00530146816780473,0.061200080952913,0.0424702138461504,0.172053881045939,0.000263239121106708,7.12569402226687e-05,4.57431305378914e-05,0.0189095302800894,0.000340218606987095,0,0.000819174790589788,0.000130516552057182
0.0374094882191652,0.0241746952813532,3.69643677965201,0.000943334672879585,0.00347011341871672,0.0369633878971803,0.754111699368662,0.574962046302381,0.0157814821545255,0.124592794814564,0.88867382926731,0.0490624045990995,0.0504886360780517,0.632907414275224,0.00646777868964278,0.0484515621557031,1.09163475060075,0.313846976159165,0.945530695318161,0.0220854043599383,0.579595592635243,0.011798514794774,0.65898393985168,0.116810042496486,0.0367808364567007,0,2.01220495621532,0.152903625059789,0.274096713134218,0.101808315748915,0.076232893857621,0.0535814619629801,0.0267585890580505,0.703705188545556,0.104530234545674,1.29126905509993,0.751132743180801,1.19934048640041,0.710090956254098,0.0232246538272177,0.00633121966983612,0.0659461067496366,0.103027825076141,0.184897490140022,0.0720998976252594,0.0542794407374303,0.00169927607443418,0.000743815944788818,0.00414325265021485,0.000336342575190961,0.0849951697582944,0.0103850152854817,0,0,0.000296583909705138,0.00213471755467276,0.00242109581457301,0.00899832889990171,2.83712407682479e-05,0.125145774471565,0.0005832961419343,0.384423801346923,0.00237137054901738,0.000316165256169391,0.010823580153647,0.0957372680195895,0.00500423049769331,0.109246709541145,0.000964636187431696,0.00653800969665203,0.0193009683150507,0.0170172779486889,0.0168995759191461,0.0324692135819974,0.86098521163851,2.17571477723808,0.0041080891142568,0.00226967580256274,0.00365134995482988,0.218512887875824,0.000651893947675586,0.000112084419267166,0.0165219013390823,0.0454576628950265
0.00593750330755528,1.28728286822565,1.84199759979254,0.000400843029715455,0.00599866425151198,0.0093570030964487,0.114623137687557,0.0849024675422585,0.373501911296792,0.0593355586162644,0.0660959580893636,0.0179768556061596,0.469216146725396,0.0863068083379895,0.0588944826973738,1.17095985150108,2.153943870452,0.0490227169399598,0.387318858410277,0.0100523155804754,0.360148337977458,0.578566029997755,2.57512363899871,1.37694128409525,1.62141777790282,2.01220495621532,0,0.322512697332592,0.0901389263519076,0.0366915460062527,0.110959729585212,0.0148848562410562,0.00826905611202004,0.419549103735823,0.349070091049135,3.41878609388745,0.671673462020057,1.34566914369216,1.48248090518466,0.0163643743367195,0.00664122787383904,0.0328269740068532,0.601037480409405,0.239208270789743,0.271809738796674,0.24322655282814,0.00333747588923275,0.00101336690253677,0.00827277601707039,0.000806792745223647,0.888050684734077,0.166970559329803,2.87780828812182e-05,0,0.00055676199147721,0.0173514056513028,0.0069879386986876,0.011416982940672,0.00130975989706645,0.108076027007758,0.000791093765393716,0.403327024825483,0.00767704842313739,0.00147262600869079,0.138377127168926,0.571339450169576,0.00612175566697871,0.192268921004021,0.000481622959030604,0.0358291268044008,0.347478347025662,0.383396116697529,0.0917748279563335,0.175017304778529,1.30292011977985,7.51631978568599,0.0309721002435288,0.0075557309772117,0.0146486736520549,0.20563890812522,0.000555000942623639,0.00134776154051156,0.0703762603136832,0.16852114525439
0.0118703331339727,0.00432686760536727,0.287312853934436,0.800545570741226,0.0195320729590244,0.0632890353599803,5.20597054109156,0.343672611671715,0.760311376538338,1.74247357772993,0.00577971673849491,0.0407356196193331,0.0490321910478411,0.273236410017204,0.122387040886056,0.0429609109737532,0.0611711003955847,0.0101912690606291,0.0165911034858341,0.125754540430307,1.07719062900141,0.0579438468086555,0.333503388052192,1.13477699084431,0.00171393018460693,0.152903625059789,0.322512697332592,0,0.535510817305995,1.27351364319893,0.000316429455935311,0.0102270842531805,0.237474227985277,0.231019370055384,0.282281049949507,0.671622613903369,0.0380134532512266,0.475478993244381,0.235830118296125,0.0703364093824916,0.0162034406528066,0.00123735992484845,0.284789381435949,0.00509054868801142,0.168631983520792,0.075361369791524,0.0897820782543657,0.0338738655942042,0.00159226623707193,0.00793330401692428,0.00227854445051999,0.00621351710849023,0.0868742655008081,0.00211670089622316,0.00843753205045025,0.194682652473477,0.135974224818179,0.176338063913851,0.0833044124202862,0.00216113315346193,0.0369473052703601,0.000194295979468489,0.0367798373816696,0.0115321812817712,0.089365172306452,0.0060788099056854,2.25642043657422e-05,0.00405172464047074,0.0241988433548067,0.137837204098434,0.0409144214673876,0.0787029521874948,0.853582349530361,0.00026634759514811,0.00608148365198797,0.057891575806051,0.97420342698347,0.092488742422542,0.154328545980269,0,0.00108806334932237,0.00392798602279322,0.043504705287686,0.0436592949651263
1.22835213846484,0.000407425779604596,0.0331151647579817,0.00336646796754273,0.00154978325506586,0.0220371694788722,0.55575592373137,0.3876223318309,0.0426710219690779,0.232181604927825,0.0354449797661504,0.0222824713588728,0.0113941314520325,2.36313188294716,0.00640593277269392,0.00318970365701311,0.224576970676047,0.102272681989704,0.143060238945631,0.0183604593799187,0.116703323315029,0.00228380115157756,0.0685537110269022,0.234636204099782,0.000372806252662146,0.274096713134218,0.0901389263519076,0.535510817305995,0,0.848123418916836,0.000868289403696117,0.0464417211198671,0.276876293015104,0.735126729436358,0.00711544091010146,0.0556915993201683,0.00395768216157119,0.146997211142733,0.0281242988565006,0.013978072557076,0.00904331496622309,0.000681920059623361,0.0221147809531411,0.00105985903302942,0.00917839773261144,0.00478303920328418,0.00669168826779812,0.00146554412545644,0.000729795314180417,0.000650910492764312,0.00147887573924214,0.000555118845491802,0.000439797694045663,2.82955524278998e-05,0,0.0164816351994519,0.000896490618513558,0.00993413195219821,0.000592440950972152,0,0.00131495973773962,0.000193860164724183,0.000788534397168546,0.000902638593865206,0.0058295106109012,0.00161829664451479,0,0.000709767823228997,0.00137882093093678,0.0106059298997704,0.00366461401260779,0.0026418831279697,0.0579893466456698,5.67583930843949e-05,0.00200573259120707,0.0131915307707089,0.0676874894830785,0.00430571569552802,0.0142140082788372,4.9326487704444e-05,0,0.000360938475756633,0.00206307609317563,0.000672066152878821
0.473365732982143,0.000110809278880024,0.0800199761528916,6.08630236216307e-05,0.00164043442152404,0.00526452020918451,1.44755670760737,0.373862985607816,0.0350764337815124,0.0136245151633434,0.00278874793184517,0.00328057141197183,0.0116825610657014,1.16847408189397,0.0094162308128622,0.0182370011671102,0.233772528804602,0.013415133679305,0.0300761846743125,0.00217517402449524,1.70842438273199,0.0249659240779284,0.29140889684973,0.0694246123718116,0,0.101808315748915,0.0366915460062527,1.27351364319893,0.848123418916836,0,0,0.00245894213535864,0.23265702482096,0.308656015620902,0.042945922984849,0.173232316765023,0.00543815537342374,0.175158818462902,0.0574834894951234,0.00873770350793012,0.00282601699528717,4.9794772217083e-05,0.0623606495991153,0.00228962239775814,0.0284544009757858,0.0199136363724479,0.00774561875805922,0.00126941494209364,0.000661147310483605,0.00133754652033657,0.000162331219840598,0.00162133696267454,0.000156788215154243,0,0.000100553509826476,0.0163968651091471,0.001762147499154,0.0209604089146178,0.000733803088487844,0.000177851205392724,0.000707441561307764,0,0.00166255497874984,0.00217397327059453,0.0966912084411235,0.00421081036189054,0,0.00179428171889423,0.000471126842642498,0.178154954936139,0.0343168770592994,0.0653530871437423,0.136272013653248,3.56287019774735e-05,0.00418648667855389,0.0106132270994324,0.152773673074126,0.0141850669302858,0.0683549497895341,0,6.85229576497912e-05,0.00150598384560938,0.0136332408839071,0.00763282578352452
0,0.0039294612168598,0.000121497922870499,0,9.76463721735179e-05,0.000429264034487921,0.000224681924264926,0.00380841954698925,0.00285192051877159,0.000634887132205677,0.0296456930511409,0.000504254483283562,0.210057893346142,0.00166844984562042,0.00011587421813165,0.00118226074671107,0.000756699442161561,0.000857176729717404,0.000493491159251362,0.000147010611514402,6.74412659479379e-05,0.00130352871155182,0.000359115222961396,0.00279843218915548,0.035153932381643,0.076232893857621,0.110959729585212,0.000316429455935311,0.000868289403696117,0,0,0.000566115303481698,0,0.0122074687977202,0.00117791343528741,0.0140669710324977,0.0517280596540831,0.0263272435654856,0.00737867780827131,0.000265633273008048,0.000102937325603319,0.0215271278975469,0.00181857254318269,0.0626099794683217,0.00428459921015498,0.00228480201133975,0.000173442479223144,0,0.00392273595012913,0,0.00848852160973761,6.87978700567841e-05,0,0,0,0,0.000135369267847884,0.0020048378048855,0,0.0598341503200466,0,0.227773676828733,0,0,0.000131043943290401,0.000449989302122242,0.000614354264540988,0.00222448403694053,0,0,0.00196377095915131,0.000236095858302009,0.00188635694761727,0.0160820376972014,0.0933845874385087,0.147000848688506,3.43703474224806e-05,0,0,0.0775850834117362,0.0002402260366588,0,0.000299204150237084,7.16897002901314e-05
0.000293095273047257,4.3060030882895e-05,0.00303019418426989,0.000320799539166504,0.10161708331251,0.0132676362042058,0.00916433179663577,0.159500360423101,0.00136642414824392,0.0194593620947308,0.0185278321375486,0.00815285079116881,0.0130063285918548,0.0302381431810341,0.00254009279097657,0.000184655168341911,0.00693083450171957,0.0314433992542249,0.0136953002049197,0.00262222722696925,0.00403664117164298,0.000241881807649123,0.00756749742861442,0.00340670012282966,0.000181005557021499,0.0535814619629801,0.0148848562410562,0.0102270842531805,0.0464417211198671,0.00245894213535864,0.000566115303481698,0,0.000867086599162763,1.60918986246824,0.00830823596091558,0.0871237802290168,0.0027567774797972,0.0446443056960666,0.0177846936226571,0.0452875053187046,0.156611405795738,0.000569036957231295,0.00225730209799597,0.000481551288994265,0.00363731185129975,0.00301573994909074,0.00233458117407308,0.00281311099839008,0.000898296158012092,0,0.000440513037247622,7.10920897793532e-05,0,0.000190965373411333,0.000269887038144231,0.000829908069875657,0.000779219549416617,0.000522820134807134,5.1574883019948e-05,8.84770385052207e-05,0.000688409088793606,0.000196255584444046,0.000196139732208526,3.95918877881765e-05,0.000357164818178976,0.000184406767381639,0,0,0.000265709214486658,0.000125438879312814,0.000361923394189959,0.000199379574371862,0.00362656133521273,0,0.000239755535590958,0.00291660935283449,0.00256991314406155,0.000119590138913441,0.00050742449970361,0,0,0,8.86428164130923e-05,0.000273618687533665
0.00104114633795657,0,0.00935632587927254,6.58745974986374e-05,8.4166766101873e-05,0.00097993349427451,0.0516750363947618,0.00733082310683938,0.0080393427563514,0.00327125709176855,0.00231993906563205,0.00019086725361743,0.00069941281334067,0.0163548448085765,0.000623196858402157,0.00296379739019044,0.0370930050000666,0.0106705851408969,0.0203624377605228,0.000125321878382659,0.0917683636474972,0.000792619718999863,0.021276929957678,0.0613736715392916,0,0.0267585890580505,0.00826905611202004,0.237474227985277,0.276876293015104,0.23265702482096,0,0.000867086599162763,0,0.158003250826398,0.000849601377904156,0.00309995822563812,0.000519908393866789,0.0293890712109604,0.00641044481118259,0.000407140320479089,0,0,0.00361429281065745,0.000170503414240986,0.00184813900284528,0.000951994052073771,0.000631472260888237,0.000419962694534004,0,0.000247794957909304,9.3979804843974e-05,9.95661536078688e-05,9.41321983321431e-05,0,0.000122530784414327,0.00199733728840048,0.000255547210823464,0.00147882418412518,0,6.73017335852504e-05,3.00021893184066e-05,0,0.000378091230752635,0.000202467418708515,0.00214137363169661,0.000154946715132016,0,0,4.67390190049767e-05,0.00307585630843672,0.00122522179415188,0.00142169012322386,0.00840964163623828,0,0.000216073323755217,0.00209431083609121,0.0115150914390786,0.00132034391199344,0.00330481262328815,0,0,0.000184838733998919,0.000922749826782685,0.000405694226676584
0.0138416590619891,0.00284358895149952,0.139720867708124,0.000999251810939595,0.64395833796901,0.105315759813869,0.106002022785842,0.19778527252452,0.0110825421081552,0.0588601035347836,0.863600027572785,0.0198730749395896,0.0357934370961021,0.17271778080958,0.0173258441176104,0.0123015628870442,0.659567284447257,0.488059522875275,0.398135876529891,0.00795945539361175,0.732272725028109,0.00548951032183823,0.807726241392929,0.0577371325850494,0.00134815481313736,0.703705188545556,0.419549103735823,0.231019370055384,0.735126729436358,0.308656015620902,0.0122074687977202,1.60918986246824,0.158003250826398,0,0.00651223598417015,0.0819041203381267,0.0531003025043617,0.235491861910584,0.0289285774516506,0.0687645456894237,0.00474780675415692,0.00967300810546219,0.0267779044583075,0.00727368228353019,0.0125669463742768,0.00942384449491359,0.00452015353126207,0.00163034790198881,0.000978332633014921,0.000268610780970639,0.00627390427897791,0.00640314441219337,0.0012973363114988,0,0,0.0117022183281178,0.00110090784851227,0.00428290032695325,0.00152301555797189,0.00235466371727846,0.00100972509808545,0.00982943292255992,0.000433329509428609,0.000124128882425153,0.010979771304984,0.0143505698385353,4.12870122057915e-05,0.00310613979179897,0.000457942500017786,0.00944896497028345,0.00910456712929704,0.0156387521684569,0.0279621407640863,0.000386897053622228,0.0203722267745293,0.128558951504836,0.0400848980464192,0.00295950876217209,0.0117460627536406,0.00166480201052227,0,0.000503131508772874,0.00366473236644496,0.00189124618126128
0.000113827257056356,0.000782265300476548,0.0588373180811952,0.001939934586114,0.039885659757233,0.153135229098755,0.116484643658455,0.0464643681600065,0.0339225489235284,0.224401792029973,0.00267967231608774,0.0519750563436739,0.0206117498823971,0.00985164502011203,0.0748848564027857,0.0684198571031892,0.0138999539575253,0.0138823521990689,0.0150278109671029,0.00581692857141757,0.246648829145979,0.0235976809674764,0.44941948015986,0.107187314499487,0.000332856754962147,0.104530234545674,0.349070091049135,0.282281049949507,0.00711544091010146,0.042945922984849,0.00117791343528741,0.00830823596091558,0.000849601377904156,0.00651223598417015,0,1.15577982899266,0.240008361465486,0.0859670419135818,0.548215216614244,0.0104642425625493,0.0208746258947482,0.00416605407278588,0.257807195144704,0.124145750973951,0.030541429351669,0.354796097209002,0.0100515714092925,0.00909819366093424,0.00547613863988191,0.000353728932131362,0.0037590916744696,0.00285817172773547,0.000392713173221195,0.000898304586027169,0.00602022690264432,0.0172243585973746,0.00172552682490726,0.0113599947831341,0.00752785956538709,0.000716393806580641,0.0348033939148234,0,0.00115220980168707,0.0167778197378136,0.0529055155706793,0.00691543757965261,0.00117570528895556,0.00382691159484051,0.000735166140177133,0.029273244091436,0.0263502140354899,0.095246417226425,0.036023782867729,9.34935241153952e-05,0.0257674246487024,0.17052939325498,0.0504270581068896,0.0036592738035775,0.0176726065337385,0.000326959050390375,7.76218061389923e-05,0.000350264537184692,0.0035333922556424,20.825586792979
0.00198736410886307,0.0195236615489664,0.565257637948378,0.00770210272306026,0.142800208483883,0.179010702774819,0.344034552789838,0.76775334289851,0.0831337238385977,0.614345995437177,0.0561787388341276,0.0919358782646598,0.194750194479944,0.092322261787964,0.031139307525315,0.378530880850056,0.13533531603586,0.187047206836573,0.194277790186762,0.0634040518691005,0.767355765835255,0.130082467321449,2.12316365556822,0.262511495546933,0.00560429144641017,1.29126905509993,3.41878609388745,0.671622613903369,0.0556915993201683,0.173232316765023,0.0140669710324977,0.0871237802290168,0.00309995822563812,0.0819041203381267,1.15577982899266,0,2.9906646460034,0.575003232069918,0.64485326681379,0.670632150850802,0.146558707095822,0.0693751590320568,0.401034703897272,0.0380800979570075,0.126200610377828,0.111508974812557,0.0390365848941505,0.0200768287729104,0.00497915349403376,0.00424090621874753,0.049240798603124,0.0523923863109398,0.00520765610641278,0.000243641450415373,0.00221800800716456,0.107021843318609,0.0163072884848302,0.0361958057241793,0.00705932666029661,0.00260139024878173,0.00825351094665603,0.00627517088711658,0.00934176012924372,0.00394739799210641,0.253476919992011,0.113524415692191,0.00107287474090016,0.0252112551113734,0.00513485808172298,0.147144069307579,0.131505610847577,0.262061472949684,0.285723768152015,0.00236128475273432,0.130414559292542,1.01200085860539,0.367065392410753,0.0460902160754386,0.141162244366333,0.00316283626598815,0.000453238510401273,0.00348905345960263,0.0388811649934088,0.295275022588382
8.85801849017558e-05,0.0105312951931942,0.0615383879618514,0.000311063971368646,0.00113959795145047,0.00305232633267543,0.0105654124831887,0.0203438943511309,0.00822043708406882,0.017114236148543,0.236758223088409,0.00340515428191585,0.168784419202216,0.00698274736260915,0.00825371478464616,0.0322798849388993,0.0298066821191529,0.100600282227823,0.109829589866257,0.00213534214674417,0.0545351280719815,0.00903939663268339,0.146954018688631,0.0246877742580485,0.0142120613456652,0.751132743180801,0.671673462020057,0.0380134532512266,0.00395768216157119,0.00543815537342374,0.0517280596540831,0.0027567774797972,0.000519908393866789,0.0531003025043617,0.240008361465486,2.9906646460034,0,0.316349579209696,0.894640968807096,0.0188516494421702,0.0383305889458953,0.0432293415372991,0.0274149222999363,0.0354050508258299,0.0157626356344006,0.014896329143545,0.000970423966181372,0.00131067949306491,0.0401027156105621,0.0001388737182019,0.0179475729527786,0.00394848820754789,0,0.000126223369677341,0.00023658673806355,0.00232022055750664,0.000636421343649918,0.00172543986021458,3.6930706928575e-05,0.0633602331807191,0.000241989861524403,0.119906110212521,0.000269911694661838,0.000794413963001157,0.0202650876239322,0.0173164751876133,0.00033054704487971,0.00941141516587279,0.000178446439807379,0.00816271430865851,0.0104017467460844,0.0232937598048292,0.00926012492019357,0.00809799953749616,0.0601057114508606,0.245332520079197,0.00906879082218627,0.000910274841384559,0.00337231169835717,0.00809464571929853,0.00128616754080489,0.000231328071461826,0.00550211302293479,0.0954899074511922
0.00829288316574033,0.0120057330783489,0.308671247652109,0.00684195560090534,0.0169734576968065,0.0720873348753371,0.299208078028209,0.272958139975794,0.0447521249951384,0.320152402163268,0.339293536988599,0.0923881093549765,0.250669411436873,0.130515368895328,0.0142206293462012,0.0801377651450002,0.227140916319575,0.432119685658419,0.31905600100756,0.0280541459437088,0.855925123158407,0.0360747861432811,1.07684985267552,0.135150621141829,0.00739563180506021,1.19934048640041,1.34566914369216,0.475478993244381,0.146997211142733,0.175158818462902,0.0263272435654856,0.0446443056960666,0.0293890712109604,0.235491861910584,0.0859670419135818,0.575003232069918,0.316349579209696,0,0.626006398202526,0.0637047369781494,0.0588919576410828,0.125581713125986,0.158003899858012,0.0226533232863003,0.0890323019458402,0.0747945136842362,0.0342268222738233,0.0455755325297526,0.0126242195952787,0.0031845587983959,0.0220803973574406,0.0234572709893249,0.00408090750632344,0.000426778016796798,0.00586814475964743,0.0734298751818013,0.0195197139534946,0.0204592088975829,0.013059269111127,0.00699525745126442,0.0163947681394382,0.0198227066900851,0.00457350979715782,0.00247885364218737,0.0532770511649905,0.0470015371734227,0.000656502038307822,0.0111637372054922,0.00663591810734379,0.0328159523073623,0.0434386800303772,0.0795095191206258,0.147628711278611,0.00196950456844013,0.0689142787859285,0.44373728587066,0.213173120801548,0.0189964134260825,0.0625024459070402,0.00519188433550563,0.00153148518344853,0.000540037791049981,0.0173443303964619,0.0509456984886577
0.00135511158438112,0.00718471535228994,0.317949333814744,0.00123529167037818,0.0195856391084476,0.0184014854342301,0.125768174193326,0.0803481616305083,0.0133990061002349,0.0439574852583341,0.0264189630307171,0.00555096875856035,0.0701898026456291,0.0254158809187911,0.0120766762441234,0.089584768161866,0.0908459881611505,0.118738379901988,0.144101909488257,0.00291121885225135,0.484550610004273,0.0335869330274537,1.02421527855107,0.0761026654173234,0.00323291116114216,0.710090956254098,1.48248090518466,0.235830118296125,0.0281242988565006,0.0574834894951234,0.00737867780827131,0.0177846936226571,0.00641044481118259,0.0289285774516506,0.548215216614244,0.64485326681379,0.894640968807096,0.626006398202526,0,0.0816716141186489,0.0560446205521714,0.0275040407588892,0.0912222619336347,0.0173876266840502,0.0589420380617473,0.0778485190191873,0.0174439147270988,0.0407738462027143,0.00448105018330191,0.000816104610623957,0.0164109360823614,0.020018265667813,0.00161003952967273,0.000529061367145395,0.00354148984870792,0.0152432711559521,0.0112064116408584,0.0043408170275444,0.00711648474806069,0.00141062678993412,0.00926064550860195,0.00377446156179562,0.00247604373940801,0.00256989994258211,0.0539043885740366,0.0387318705110596,0.000292642759686506,0.00842228657100754,0.0016032948946742,0.0198333426940804,0.0386584966159686,0.0693456365354906,0.0378719985629588,0.000953133074273947,0.0485859804852067,0.352879927604554,0.0466495791901909,0.00581201249873613,0.0202079214102172,0.00227645244147011,0.000888941376103916,9.41255827019333e-05,0.00732653346201358,0.396144982921686
0.000499306130155695,0.00119072166763504,0.0023434444146567,0.0180094590293682,0.864461209179553,0.332862664472746,0.0505132666372872,0.559740476036579,0.120952938447236,0.11725086875298,0.00903185550346147,0.161104743186901,0.349967653106188,0.0248239110730151,0.535253534107006,0.00288543627993029,0.00552024680569284,0.0109427582877032,0.00361116093940811,0.0292052758277891,0.00933045314718597,0.00425430329536412,0.00812758431671096,0.0532926955456627,0.000828345891971494,0.0232246538272177,0.0163643743367195,0.0703364093824916,0.013978072557076,0.00873770350793012,0.000265633273008048,0.0452875053187046,0.000407140320479089,0.0687645456894237,0.0104642425625493,0.670632150850802,0.0188516494421702,0.0637047369781494,0.0816716141186489,0,0.227080748807155,0.00992319521994769,0.0835496287225371,0.00115172285301383,0.0306634162780998,0.0206318284647332,0.0283343536946977,0.0181658592707825,0.00582267828370338,0.00074546245176964,0,0.000711935069650215,0.0335986960561718,0.00160974842918024,0.0032865666811351,0.0261340732982501,0.0194285622093141,0.0225833265236536,0.0311974984682413,0.000746478927397228,0.0247419151291783,0.00022856465677976,0.00279230342465799,0.00702250998683704,0.00305596160233061,0.000505707273550344,0.000163511518467969,0.000587423905905146,0.00912746230449514,0.00750856270591231,0.00134770830276969,0.00363395735452141,0.0622866665470052,0,0.000530821679983514,0.00305980471764383,0.107991392930343,0.00926295970710229,0.0181646398484667,0,0.000525424038348722,0.000477851101074541,0.0050225212559548,0.00777309869475247
0.000145079540964448,3.89272190372944e-05,0.0010793240869252,0.000934083573425434,0.814155031863593,0.174433513857652,0.0147216187585837,0.196184040242949,0.004537973490646,0.0220422986854614,0.00126954973928178,0.0127870443900587,0.0241190887141597,0.00772617652702408,0.047070744576516,0.000756554889577874,0.000570030535545838,0.00191549228942028,0.000991359853358556,0.00306782802632911,0.00354230747678544,0.000435398695617867,0.0030963110031771,0.00800048101290824,7.85045779655575e-05,0.00633121966983612,0.00664122787383904,0.0162034406528066,0.00904331496622309,0.00282601699528717,0.000102937325603319,0.156611405795738,0,0.00474780675415692,0.0208746258947482,0.146558707095822,0.0383305889458953,0.0588919576410828,0.0560446205521714,0.227080748807155,0,0.00604357028359831,0.0124918869548772,0.000468213323352683,0.013862468448106,0.0136981724924538,0.00639813905403066,0.0120252868199793,0.00171300229673499,0,6.94942470340014e-05,4.51185682474494e-05,0.00132600490676366,0.000150823894802523,0.00154884988536786,0.00593568114176552,0.00476778430241828,0.00205798736105459,0.003032563432897,7.78417343628168e-05,0.00481474052468815,4.8630595731628e-05,0.000973151060840866,0.000312858249405337,0.000637214912956482,8.33929841239932e-05,0,4.21863635249138e-05,0.00119692060673863,0.0019112911578977,0.00030532993451016,0.00047131588374393,0.00956941593670151,0,7.52686583816764e-05,0.00230761036011398,0.0146175176245027,0.00182161834316851,0.00391964629553482,0,0.000174264021371269,5.93777614593029e-05,0.000708888899529458,0.0112369840358117
0,0.0385357502066808,0.000387407778147185,0,0.000789088840160405,0.00135401811005041,0.000871938483213459,0.00678094384898231,0.013051470133995,0.00112684393323515,0.253129146452321,0.000800261369638425,0.521045938388312,0.00109999056053915,0.00101064287744461,0.00117848552988681,0.000108025604628146,0.00881900718669105,0.000525019421299803,0.000272857783698964,0.000184009204168659,0.0126239061356578,0.000417207231371462,0.00674699870576926,0.0515663659661463,0.0659461067496366,0.0328269740068532,0.00123735992484845,0.000681920059623361,4.9794772217083e-05,0.0215271278975469,0.000569036957231295,0,0.00967300810546219,0.00416605407278588,0.0693751590320568,0.0432293415372991,0.125581713125986,0.0275040407588892,0.00992319521994769,0.00604357028359831,0,0.00395111562954851,0.0254409318662274,0.0168704083819852,0.00368214439458323,0.0024090683138058,0.00502582721187599,0.156122698564614,0,0.00957999196607354,0,8.05751915142598e-05,0.0001793274205212,0.00127395299851579,0.000729195180795864,0.00293510356193344,0.000784267492242076,0.00149243035932783,0.10449344596418,0.00189389155267918,0.150225114201609,0.000779158145306765,0.000216354324243772,0.00030902939279607,6.98378130903124e-05,8.54509173602582e-05,0.000145131985256148,0.000485648433871466,0.000573514945432908,0.00135756774026617,0.000288167611313295,0.00196933018595856,0.0117082667946059,0.0056937747329063,0.00952820973941769,0.00159529906957166,0.000891719174995457,0.000457680908214128,0.0030335479322695,0.00236850306472864,0.000124736265349174,0.00410539784823384,0.00204623220302192
0.000332225068637759,0.0101804819437275,0.109986752253798,0.0107338512273121,0.00515461223440449,0.0108779835440449,0.148875285936092,0.114988280543089,0.0526936569692059,0.0573346575325416,0.00209714017520924,0.00814060725284905,0.128773567381858,0.0316840389039134,0.0132550114630628,0.0791778478865968,0.0687933949275558,0.00134401120143499,0.0159546332588458,0.00773236129038499,0.0769809229399188,0.0465801123395239,0.220596914182952,0.200564945202915,0.00169724231271112,0.103027825076141,0.601037480409405,0.284789381435949,0.0221147809531411,0.0623606495991153,0.00181857254318269,0.00225730209799597,0.00361429281065745,0.0267779044583075,0.257807195144704,0.401034703897272,0.0274149222999363,0.158003899858012,0.0912222619336347,0.0835496287225371,0.0124918869548772,0.00395111562954851,0,3.39837006857136,0.410512159306664,0.783009691287697,0.69779390377397,0.25994164099906,0.0977152193204472,0.0063614803367194,0.0186692111162039,0.0437081051422463,0.0739062282361676,0.0961191518252182,0.134225189306651,0.422145067349066,0.482910601401723,0.0312123702560472,0.438000858295719,0.0454549545134535,0.13826025735801,0.0131286056126067,0.0935985394742637,0.0320087805141815,0.734713533648736,0.15410393155245,0.0649405727000875,0.211657413077172,0.0453009491280479,0.571619038535909,0.159779108000269,1.56725185782947,0.340379884843319,0.00198250540284257,1.08188106751199,3.39538599459154,1.00526522618942,0.0981726271158757,0.245401841368982,0.010410036643395,0.0233332206350685,0.00200625431767396,0.0542460431407869,1.59080615975654
6.04806338138879e-05,0.00579389276621523,0.0211135991905653,0,0.00030783208497926,0.000252129163578081,0.00270828329368063,0.00157852724298856,0.00572519141628871,0.000471995864168846,0.147187861435588,3.33623487358511e-05,0.334960047915953,0.00111726910610647,0.00191230834826861,0.0108224448179057,0.0230566199468999,0.0041552218419661,0.00782462634302359,6.61508223956108e-05,0.00716655878496107,0.00874815405943108,0.0258292276342529,0.0076188705561851,0.0146004653505062,0.184897490140022,0.239208270789743,0.00509054868801142,0.00105985903302942,0.00228962239775814,0.0626099794683217,0.000481551288994265,0.000170503414240986,0.00727368228353019,0.124145750973951,0.0380800979570075,0.0354050508258299,0.0226533232863003,0.0173876266840502,0.00115172285301383,0.000468213323352683,0.0254409318662274,3.39837006857136,0,0.257877835055095,1.94296433482385,0.0211889964112759,0.0648597678206994,0.0908072905363903,0.00114955096076099,0.0196626594623304,0.0278662361852408,0.00152213894867932,0.000721747110729751,0.00305182325547865,0.0241165594906598,0.0169361922411165,0.00195804341241752,0.0145553370311176,0.264717614464651,0.00618247984320001,0.282855878254951,0.00973444807798164,0.00514516444652075,0.0884627766402299,0.296081107288869,0.0206333871752814,0.116565281079438,0.0021172284810327,0.0502537504971799,0.0186596928580316,0.321877640636041,0.018377093005774,0.00725483339156355,0.791450093036862,0.819101366660537,0.035214420241597,0.0111400974698314,0.0152993289857054,0.130123473543761,0.00267266910567258,0.000965413575034397,0.035686567316524,0.372546347344297
0.000217676069724888,0.00593852995763923,0.0401862707393154,0.0102176251761812,0.0018577081226634,0.00861442658678879,0.0914787319355289,0.071468615930684,0.0271844400527508,0.0420201167603088,0.00428076295510138,0.00592611114128151,0.141095160767732,0.0129182577466629,0.00397683915896536,0.0334683456649207,0.02940864261058,0.000806673168239413,0.00931690075003711,0.00536974987405474,0.034542460874775,0.0183088032203717,0.0933548436629386,0.10765663394132,0.00270368073805476,0.0720998976252594,0.271809738796674,0.168631983520792,0.00917839773261144,0.0284544009757858,0.00428459921015498,0.00363731185129975,0.00184813900284528,0.0125669463742768,0.030541429351669,0.126200610377828,0.0157626356344006,0.0890323019458402,0.0589420380617473,0.0306634162780998,0.013862468448106,0.0168704083819852,0.410512159306664,0.257877835055095,0,0.606146620295695,0.0270370072555412,0.0689936290839371,0.131390942831137,0.013611867501488,0.00828334561162527,0.020902019992044,0.0323055219120481,0.0061834016110822,0.0427345987880278,0.259631736849773,0.134089031430155,0.0164972314817271,0.232592429267284,0.212474536273619,0.101889591195314,0.0434068044264706,0.0639408959742393,0.00438823131945351,0.214685630632387,0.0507959152431231,0.207592532675301,0.241669333674917,0.0164214523711037,0.401897017517069,0.0673805901700506,0.781087332665467,0.141885818843886,0.00248712901063806,1.14124946948399,1.24693438827702,0.557941405495905,0.186288139656105,0.245268853060064,0.040323896371016,0.0357889468189951,0.0338301097426101,0.068048102947388,0.0872844165563061
0,0.00422823429178155,0.0452082844807086,0.00278088714217854,0.00166733566925975,0.0049511884401971,0.0432913983801093,0.0340671302437217,0.0157963574820128,0.0152372223278378,0.00117667546580775,0.00285816259561313,0.0762700526442509,0.00554534871262663,0.00734798284121891,0.0372342780754583,0.0283858731532015,0.000804033204195153,0.00708016796948833,0.00232414746583902,0.0327241575622152,0.0188515810097509,0.109169091637377,0.0556984489841462,0.00062539556203866,0.0542794407374303,0.24322655282814,0.075361369791524,0.00478303920328418,0.0199136363724479,0.00228480201133975,0.00301573994909074,0.000951994052073771,0.00942384449491359,0.354796097209002,0.111508974812557,0.014896329143545,0.0747945136842362,0.0778485190191873,0.0206318284647332,0.0136981724924538,0.00368214439458323,0.783009691287697,1.94296433482385,0.606146620295695,0,0.097334604679866,0.13295518873876,0.119519374935521,0.00877513239734003,0.0074122555627777,0.0203503637376229,0.0114555776211214,0.00237113741080525,0.0118766421967291,0.140736617290506,0.0603015189231462,0.0073498292955185,0.0755157671477014,0.0331249211852233,0.0381655919780703,0.00941696116567406,0.0251505498949952,0.00884769529487423,0.303524718581888,0.0713020845110399,0.0419554685304741,0.148272293101735,0.00697477611957179,0.307905271473331,0.0683303709279388,1.24860750248441,0.101921050520795,0.000719131218219724,0.745207938105318,1.78096480778721,0.346978657639924,0.0642177604771484,0.109927610791589,0.0138460799451769,0.00270730957076556,0.00728279727330622,0.0229708600370646,0.54885189522082
0.000106177174148291,0.00031485899041208,0.000467483559778636,0.0113106430432926,0.00346826102736759,0.00832997286476958,0.0564830663432474,0.056445719887568,0.0192869025683969,0.0539713928318741,0.000429458540397716,0.0144741145395408,0.248322900371296,0.0130142272373913,0.00603570764325699,0.000598211229146356,0.000934545450774668,4.02586199349761e-05,0.000455120869917089,0.00782243455495426,0.00287930430121504,0.000664592098914635,0.00253811444100635,0.0462367296914561,0,0.00169927607443418,0.00333747588923275,0.0897820782543657,0.00669168826779812,0.00774561875805922,0.000173442479223144,0.00233458117407308,0.000631472260888237,0.00452015353126207,0.0100515714092925,0.0390365848941505,0.000970423966181372,0.0342268222738233,0.0174439147270988,0.0283343536946977,0.00639813905403066,0.0024090683138058,0.69779390377397,0.0211889964112759,0.0270370072555412,0.097334604679866,0,0.0512414294032538,0.0456173984266194,0.00107610365770119,0.0111535021810128,0.00297165120047356,0.0577728301810511,0.774275022607595,0.241424696008444,0.0613362428370764,0.236998636766464,0.0999261091456274,0.156321690141847,0.00997450592872826,0.258196746440219,0.00351125839057654,0.0156785747694351,0.463572772894703,0.00834413888821047,0.00183802621649275,0.0126092546993909,0.0106301610663903,0.0344334336360793,0.00760036668954234,0.0287642157459939,0.0197019416195009,0.191854824156928,0.00285750194942068,0.0283712962310538,0.0357980336125723,0.124204025065352,0.0128193928690021,0.00752807180161127,0.000587053100895512,0.0132854874633914,0.000384846971926511,0.00372893157154715,0.0392169105409451
0,0,0.000141506145533031,0.00348787857685774,0.00194612984301312,0.00451121100522213,0.0236529652939167,0.0305514257369653,0.00639354756416311,0.0125099921883192,9.6987887228751e-05,0.00246699448261883,0.0988433440354364,0.00428511240437339,0.000658529760875201,0.000111567481155121,0.000145554543213487,0,0.000166040992978883,0.00192250548496992,0.000342710144794101,9.83016195011851e-05,0.000344252473680425,0.0218256868515344,0,0.000743815944788818,0.00101336690253677,0.0338738655942042,0.00146554412545644,0.00126941494209364,0,0.00281311099839008,0.000419962694534004,0.00163034790198881,0.00909819366093424,0.0200768287729104,0.00131067949306491,0.0455755325297526,0.0407738462027143,0.0181658592707825,0.0120252868199793,0.00502582721187599,0.25994164099906,0.0648597678206994,0.0689936290839371,0.13295518873876,0.0512414294032538,0,0.0326568222782378,0.000299469107290578,9.77150534765957e-05,0.0012974276773937,0.0123440696406476,0.800644023882052,0.300918182270488,0.0425454176671016,0.125649631132116,0.00507974033727676,0.0816118325803894,0.00599831323808546,0.0418596435114952,0.000473684679274821,0.0118733330584983,0.00558036601763049,0.00173423997151919,0.000313342802837539,0.00708546983977159,0.00316055463085346,0.00639571778229989,0.00238146969993916,0.000281141237683547,0.00493737035848815,0.0156133377782927,0,0.0187713517965517,0.00911151084796621,0.0592899141883766,0.0088570998726948,0.00520292687529529,0.000652650856605613,0.27582442146425,0.000199661208769679,0.00611457485348258,0.0559325729102775
0,0.00556179307615042,0.000139059653573394,0.00017098489810586,0.000694596496279395,0.00105889693320228,0.00172653967151068,0.00576049847313248,0.00438842726548602,0.000604322869584942,0.0456292341102731,0.000533868330854249,0.165916755393782,0.000647359890412539,0.000335264959227848,0.000303489655507785,0.000102011407529956,0.000126802299009824,0,0.000253964605299717,0.000675776834336752,0.00338656794963444,0.000312873478118092,0.00393383345921146,0.00806880477839956,0.00414325265021485,0.00827277601707039,0.00159226623707193,0.000729795314180417,0.000661147310483605,0.00392273595012913,0.000898296158012092,0,0.000978332633014921,0.00547613863988191,0.00497915349403376,0.0401027156105621,0.0126242195952787,0.00448105018330191,0.00582267828370338,0.00171300229673499,0.156122698564614,0.0977152193204472,0.0908072905363903,0.131390942831137,0.119519374935521,0.0456173984266194,0.0326568222782378,0,0.000191554517617214,0.0153155025444691,0.000124835710396332,0.00123157753007307,0.00139138554004293,0.00317808702517172,0.00353062187008568,0.0140964261602509,0.00171275547203902,0.00732866522015225,0.234142354643529,0.0100781008969003,0.157978694470709,0.00253262428265481,0.00117677311761495,0.000716952546541316,0.000347270605016041,0.000355891137059462,0.00109118716694599,0.00134156551994323,0.00283563964002082,0.00286931898805874,0.00171616609956795,0.00435873558321779,0.01800937692961,0.00789054087893292,0.00744918750348939,0.00893063767374691,0.00204813401163967,0.00299250215444579,0.0040473631022513,0.00253197812490524,0.000138778904095888,0.00286772217062971,0.0183099264246213
0,4.6501260487771e-05,0.000238547761889702,4.22293502307892e-05,0,6.81063686501265e-05,0.00355873661372369,0.00197514147465843,0.00289774452166617,0.000937274079154225,0,0,0.00100164134466306,0.000239540066004086,0.000257773780940914,0.000402799448127007,0.000253088906454003,0,0,0,0.00118835904101978,0,0.000461704579178971,0.00605729136655423,0,0.000336342575190961,0.000806792745223647,0.00793330401692428,0.000650910492764312,0.00133754652033657,0,0,0.000247794957909304,0.000268610780970639,0.000353728932131362,0.00424090621874753,0.0001388737182019,0.0031845587983959,0.000816104610623957,0.00074546245176964,0,0,0.0063614803367194,0.00114955096076099,0.013611867501488,0.00877513239734003,0.00107610365770119,0.000299469107290578,0.000191554517617214,0,0,0.00729893963437459,0.000596086875833672,0,0.00059300610447787,0.417051703287086,0.0598698524789188,0.000428332643097347,0.0067259247944229,0.00286536290500986,0.000887750643500282,8.38629363710638e-05,0.49909782327336,0.00036037718952285,0.00169436608345268,0.00781213530355434,0.00291397348154667,0.0425833420076522,0.00013824624588505,0.0168870815314447,0.000241100873983538,0.0306044980859644,0.0202714039681363,0,0.0803151450048218,0.0176267064893864,0.0987760872094302,0.474742108299659,0.532161328336367,0.000136054379108834,0.000129007933103955,0.00178282652970207,0.0232766336995487,0.00242804980980473
0,0.196316888928033,0.0329790385939671,0.00022014932839672,0,0,0.00110048593722746,0.000911111995143654,0.00374564988385077,0.000501210210636163,0.0107862672121971,6.7779022587496e-05,0.0271042685635841,0.00103891357977858,0.000197170094277919,0.00993235182863206,0.0475904158117395,0.00133264763553041,0.00773562906710007,0.000230863658475548,0.00106348807846144,0.0362099966402584,0.00496090894307755,0.0166969541541685,0.0223414524101312,0.0849951697582944,0.888050684734077,0.00227854445051999,0.00147887573924214,0.000162331219840598,0.00848852160973761,0.000440513037247622,9.3979804843974e-05,0.00627390427897791,0.0037590916744696,0.049240798603124,0.0179475729527786,0.0220803973574406,0.0164109360823614,0,6.94942470340014e-05,0.00957999196607354,0.0186692111162039,0.0196626594623304,0.00828334561162527,0.0074122555627777,0.0111535021810128,9.77150534765957e-05,0.0153155025444691,0,0,0.00248382321213058,0,0.00324527982847023,0.000158570997735738,0.000657826598090792,0.000203769027998132,0.123818975074412,0.000191361558190751,0.0241929733295213,0.00109306668450619,0.190292831934997,9.70039136461138e-05,0.0241611362068849,0.0542132679196596,0.012908555286797,6.30785237263441e-05,0.00360487782651436,3.1489576565808e-05,0.00293079310446262,0.210523966053644,0.00598466916659592,0.334908787702937,0.421419763677663,0.019338773529586,1.0978137532368,0.0114530608226685,0.000339368715480834,0.000480262321727264,0.00368300340119413,0.000267687024144959,8.63254781473993e-05,0.00268097189814405,0.00241465436475997
4.30725644176841e-05,0.00159407196163793,0.0490063205918717,0,0,0.000123374309174215,0.00378174191393625,0.000972199803414756,0.000385776436062753,0.000355998848453563,3.3697880311358e-05,0,0.000728355636050165,0.000501275171444952,0.000271393678790033,0.0108580904758923,0.00991529619789465,8.27419274045292e-05,0.000606844467028761,0,0.00978150973127401,0.00591517331989828,0.105664110517306,0.00615539847376399,0.000102180340093649,0.0103850152854817,0.166970559329803,0.00621351710849023,0.000555118845491802,0.00162133696267454,6.87978700567841e-05,7.10920897793532e-05,9.95661536078688e-05,0.00640314441219337,0.00285817172773547,0.0523923863109398,0.00394848820754789,0.0234572709893249,0.020018265667813,0.000711935069650215,4.51185682474494e-05,0,0.0437081051422463,0.0278662361852408,0.020902019992044,0.0203503637376229,0.00297165120047356,0.0012974276773937,0.000124835710396332,0.00729893963437459,0.00248382321213058,0,0.00057047940286473,0.000310003334814,0.00324342231479391,0.552083108845285,0.18952029906468,0.000640177600631076,0.0286364763759367,0.000963343412454698,9.80608679962931e-05,3.27301795342744e-05,0.107406100444349,0.000709121335761523,0.0203604132053746,0.214071308229231,0.000601421613673955,0.0361067744000959,0.000324310300959372,0.280859289904816,0.0133705572757801,0.850206915009915,0.00493094081680948,3.67165434500456e-05,1.87554152408896,2.84084523136565,0.203039070011773,0.0238192398526774,0.0106570892265522,0.000232600848516119,0.000376099070920253,0.000269156991650951,0.005502557409281,0.00521072086624171
0,0,2.78131262079835e-05,0.067116141194829,0.00760874612334524,0.012171937958144,0.0209620821712931,0.0231965202322244,0.0722272520209458,0.0904126039355681,0,0.0588620196659217,0.0104265735831975,0.00244815567151119,0.00839145782144727,0,0,0,0,0.0365847629892822,0,7.33158583582224e-05,5.89523615463495e-05,0.0189186360250008,0,0,2.87780828812182e-05,0.0868742655008081,0.000439797694045663,0.000156788215154243,0,0,9.41321983321431e-05,0.0012973363114988,0.000392713173221195,0.00520765610641278,0,0.00408090750632344,0.00161003952967273,0.0335986960561718,0.00132600490676366,8.05751915142598e-05,0.0739062282361676,0.00152213894867932,0.0323055219120481,0.0114555776211214,0.0577728301810511,0.0123440696406476,0.00123157753007307,0.000596086875833672,0,0.00057047940286473,0,0.00858862259344004,0.0235791932208484,0.0154237564266293,0.0626378934690634,0.271620735706398,1.07292633269026,0.00383645295879271,0.847298540980758,0.000126437592717815,0.0214101890692281,0.0324345888710386,8.03500771468821e-05,0.000900888287433679,0.00463293299799877,0.00787298977578255,1.42016210957641,0.000116801989006913,5.13358141399742e-05,0.000802057506858651,0.368809874084071,2.93789076097608e-05,0.00974360254243603,0.00600394805112687,0.335855520208164,0.0242426141638941,0.000142404184362173,6.01798225973129e-05,0.000536656308456582,0,0.00747724251500638,0.0152140204447907
0,0,0,0.000303557190243441,0.000556856607752478,0.000620066565544337,0.0015591885710291,0.000791184303803035,0.00116450716698653,0.00136645881116813,0,0.0017793098117148,0.00654462272315364,0,0.00051643054430241,0,0,0,0,0.00119483692147043,0.00022167752833904,0,6.7280912431395e-05,0.000988872040300264,0,0,0,0.00211670089622316,2.82955524278998e-05,0,0,0.000190965373411333,0,0,0.000898304586027169,0.000243641450415373,0.000126223369677341,0.000426778016796798,0.000529061367145395,0.00160974842918024,0.000150823894802523,0.0001793274205212,0.0961191518252182,0.000721747110729751,0.0061834016110822,0.00237113741080525,0.774275022607595,0.800644023882052,0.00139138554004293,0,0.00324527982847023,0.000310003334814,0.00858862259344004,0,0.420861091447426,0.00613543087660169,0.0501695424652868,0.0179432485365407,0.079804278203398,0.012821644735928,0.100232965744232,0.000647146103450584,0.00118047437126803,0.297997552346036,0.000162307522695732,0,0.00472204847247296,0.00110627419034548,0.00812522262394191,0,0.00601854196757356,0.000601277105761731,0.0399113252009911,0.00119276722262301,0.00830654877099982,0.00263258868656523,0.0206223873648049,0.00060787227644341,0.000473846785614288,0.00078746755979009,0.00306581099938511,0,0.0982975273148398,0.0142228430360482
0,0,0,0.00184567969443162,0.000734123053123846,0.00089935506514315,0.00332476475561712,0.00308406994093244,0.00529050703217484,0.0034141078375515,0,0.00433360857517904,0.0199645883481486,0.000307672382389677,0.000276012458664006,2.36410332603097e-05,0.000118946844391608,0,0,0.00136245296624223,0.000211763885219085,0,2.01834836827755e-05,0.0045633828669708,0,0.000296583909705138,0.00055676199147721,0.00843753205045025,0,0.000100553509826476,0,0.000269887038144231,0.000122530784414327,0,0.00602022690264432,0.00221800800716456,0.00023658673806355,0.00586814475964743,0.00354148984870792,0.0032865666811351,0.00154884988536786,0.00127395299851579,0.134225189306651,0.00305182325547865,0.0427345987880278,0.0118766421967291,0.241424696008444,0.300918182270488,0.00317808702517172,0.00059300610447787,0.000158570997735738,0.00324342231479391,0.0235791932208484,0.420861091447426,0,0.109300890920778,0.534811883608932,0.00994805650300933,1.88330266705933,0.0497372316395322,0.620613176142686,0.00186145360531433,0.0196362065607466,0.124496527390737,5.84499288948834e-05,0.000411016422473228,0.0350440663320899,0.0189595481607126,0.0237251100006604,0.000714433250741187,0.000204140862578512,0.00370454900272,0.0169511519700056,0,0.0642421078916653,0.0128349538523166,0.198486757614889,0.0175516754618891,0.00217510947849284,0.00154679329652976,0.0127723515284598,2.88185190595627e-05,0.0772620078266852,0.0613973867782252
0.000338968542178381,0.00065167467888757,0.00774030339274125,0.0137426723546263,0.00293316189999351,0.00693053337354836,0.102054584985085,0.0890412255503268,0.0433319186577916,0.0619888744573013,0.000266625315475321,0.0127653904262118,0.0266836628765924,0.0270141152881792,0.00734057071040434,0.00442490309784821,0.00241434476390223,0,0.000316935436776871,0.0109358884237174,0.00789935243463961,0.00172757303507661,0.0112175090435801,0.102496061862219,0,0.00213471755467276,0.0173514056513028,0.194682652473477,0.0164816351994519,0.0163968651091471,0,0.000829908069875657,0.00199733728840048,0.0117022183281178,0.0172243585973746,0.107021843318609,0.00232022055750664,0.0734298751818013,0.0152432711559521,0.0261340732982501,0.00593568114176552,0.000729195180795864,0.422145067349066,0.0241165594906598,0.259631736849773,0.140736617290506,0.0613362428370764,0.0425454176671016,0.00353062187008568,0.417051703287086,0.000657826598090792,0.552083108845285,0.0154237564266293,0.00613543087660169,0.109300890920778,0,2.69119353673591,0.0362614972474069,1.24322142416927,0.0270748804323819,0.0119873367890859,0.00035090190954752,2.47383682447682,0.0147528368560632,0.00757984575553859,0.274298156721398,0.0460390135992191,0.466605522171502,0.00402596880720813,0.573210779704664,0.00283684711378515,1.10667185521687,0.0979486788884007,0,1.13721549009947,0.501504650039346,4.62651131597596,0.69125761096099,2.65595635076637,0.000480503996442288,0.00457442223508693,0.00986129201929914,0.159731858651337,0.165930776326455
6.56334758588075e-05,0.000232861370331997,0.00127758782571081,0.0210951984830823,0.00158910610580738,0.0060409376180194,0.066289960236999,0.0295997615644639,0.0523539626604854,0.0719244066427324,0.000307190156127715,0.0201213785437375,0.0775542588953282,0.00485315509407337,0.00286960444505704,0.000286678660564864,0.000473435123238277,0,0.000299935336916149,0.0151557790592795,0.00074955235561622,0.000203988186171108,0.000542525057414717,0.0741110843951496,0.000331993761955417,0.00242109581457301,0.0069879386986876,0.135974224818179,0.000896490618513558,0.001762147499154,0.000135369267847884,0.000779219549416617,0.000255547210823464,0.00110090784851227,0.00172552682490726,0.0163072884848302,0.000636421343649918,0.0195197139534946,0.0112064116408584,0.0194285622093141,0.00476778430241828,0.00293510356193344,0.482910601401723,0.0169361922411165,0.134089031430155,0.0603015189231462,0.236998636766464,0.125649631132116,0.0140964261602509,0.0598698524789188,0.000203769027998132,0.18952029906468,0.0626378934690634,0.0501695424652868,0.534811883608932,2.69119353673591,0,0.0452603351466644,2.63913021854359,0.183445949563659,0.538654869836529,0.00508065930574759,1.8710864330834,0.0202559698113455,0.00155613505564432,0.0330003761966756,0.21824130611956,0.183936541285766,0.0819905577820928,0.0333000171359202,0.000983855544054024,0.222477034658932,0.0964888971066164,0.000281869548371601,0.837965121765763,0.160171942567114,0.486713307879785,0.268685789449686,0.330083574688808,0.00376278919699233,0.0149971449939539,0.000465474801308787,0.0751620033771508,0.0499296722984802
0.000127130132204068,0.000849039681118405,0.000892622965806622,0.0661058708369272,0.0057599285142542,0.0112831823833972,0.0362895841905076,0.0344240980394988,0.236337019678165,0.105246354354549,0.00295161084839665,0.0786637647061616,0.00923928756974393,0.0106773799653421,0.0162412754292111,0.00548031007339377,0.00202252903389073,0.000889746581261683,0.00116204387430426,0.0329458372454203,0.0060233406181368,0.00412702474968607,0.00216055318179543,0.198292008145669,0.00247741770369632,0.00899832889990171,0.011416982940672,0.176338063913851,0.00993413195219821,0.0209604089146178,0.0020048378048855,0.000522820134807134,0.00147882418412518,0.00428290032695325,0.0113599947831341,0.0361958057241793,0.00172543986021458,0.0204592088975829,0.0043408170275444,0.0225833265236536,0.00205798736105459,0.000784267492242076,0.0312123702560472,0.00195804341241752,0.0164972314817271,0.0073498292955185,0.0999261091456274,0.00507974033727676,0.00171275547203902,0.000428332643097347,0.123818975074412,0.000640177600631076,0.271620735706398,0.0179432485365407,0.00994805650300933,0.0362614972474069,0.0452603351466644,0,0.145481354362465,0.00646972632266759,0.0647626715817857,0.0382042931191131,0.0101956301648973,0.154627599715325,0.00191959686465,0.000777722089819042,0.00211549844267983,0.00463909787192481,0.0348163231025888,0.00214983483341259,0.497903395376522,0.00203360613449839,2.98687196766141,0.0461644153395326,0.00744450325865734,0.114468766136591,0.707824730521834,0.0158856391364379,0.00750432674979741,0.000894832184253457,0.000318264474341703,0.000277140398088169,0.00419683520469917,0.00837857768719714
0,9.15841724028828e-05,0.000213245803403699,0.0278694316473742,0.00462558987395079,0.00991792044184012,0.02741551689406,0.0227238621243267,0.0549745732146261,0.0855330586543833,0,0.0458437077001912,0.0350129755844284,0.00264567125484533,0.00815394742440981,0.000268129016313744,9.51044173081222e-05,0,0,0.0308465820191977,0.000454414677982384,2.19216458593607e-05,0.000235934158260089,0.022684270702398,4.97552656305074e-05,2.83712407682479e-05,0.00130975989706645,0.0833044124202862,0.000592440950972152,0.000733803088487844,0,5.1574883019948e-05,0,0.00152301555797189,0.00752785956538709,0.00705932666029661,3.6930706928575e-05,0.013059269111127,0.00711648474806069,0.0311974984682413,0.003032563432897,0.00149243035932783,0.438000858295719,0.0145553370311176,0.232592429267284,0.0755157671477014,0.156321690141847,0.0816118325803894,0.00732866522015225,0.0067259247944229,0.000191361558190751,0.0286364763759367,1.07292633269026,0.079804278203398,1.88330266705933,1.24322142416927,2.63913021854359,0.145481354362465,0,0.0491401973926892,1.38064451442843,0.000483025802352911,0.346331534297644,0.0433618578050466,0.000466028389161306,0.0100263770079778,0.0654490146581907,0.111358321983912,0.98032952094462,0.00526011061298511,0.000517180182420844,0.0275014700281597,0.129420234273306,0,0.168005203547725,0.0982558245326114,1.5071410157404,0.252644219700745,0.00858283206845928,0.000722936966921926,0.00907063282635779,0.000123050524064952,0.0612217415823796,0.122514158314549
0,0.00679578351162834,0.000570129857214683,0.000126943060901213,6.30595915369988e-05,0,0.00224441536087892,0.000432687363601411,0.00876129085886117,0,0.148417253461377,0.000383076650554586,0.332344411396774,0.000103679790761924,0.000429450818617118,0.000317220255611479,0.000601163725346887,0.00323136267397627,0.00188342713388134,7.134867412529e-05,0.000208765743297321,0.0043700258645319,0.000865122824851125,0.00654626586488462,0.0246671346809067,0.125145774471565,0.108076027007758,0.00216113315346193,0,0.000177851205392724,0.0598341503200466,8.84770385052207e-05,6.73017335852504e-05,0.00235466371727846,0.000716393806580641,0.00260139024878173,0.0633602331807191,0.00699525745126442,0.00141062678993412,0.000746478927397228,7.78417343628168e-05,0.10449344596418,0.0454549545134535,0.264717614464651,0.212474536273619,0.0331249211852233,0.00997450592872826,0.00599831323808546,0.234142354643529,0.00286536290500986,0.0241929733295213,0.000963343412454698,0.00383645295879271,0.012821644735928,0.0497372316395322,0.0270748804323819,0.183445949563659,0.00646972632266759,0.0491401973926892,0,0.0372619875138942,0.449677592650432,0.104028586603675,0.00108355711386881,0.00140718875327488,0.0853053302302798,1.07758381725559,0.0604738266048127,0.00579290283181533,0.00961299012223914,0.00516714500552437,0.0337236592589093,0.0102186638981949,0.00928591054080983,0.526700572672548,0.0591576309971519,0.0212259582733556,0.295702787470011,0.0243249898831947,0.026327297690275,0.440912183938282,0.0014178149869841,0.455949211616325,0.00210508228181992
2.02168787884533e-05,0.000129729743031263,0.000111062925545794,0.0142327427097651,0.00351674148445607,0.00917288420896016,0.0192823147841331,0.0245318287529319,0.0187597122588884,0.0418577894907015,0.000361242279960895,0.0491339874027178,0.0575792638970859,0.00453649658842795,0.00505746910747754,8.5778633557826e-05,6.54720970259428e-05,3.56641519702196e-05,3.15283981900275e-05,0.0114247911031066,0.000558876170333528,8.22568145154954e-05,0.000143226626321095,0.0107527513893493,6.48680070265412e-05,0.0005832961419343,0.000791093765393716,0.0369473052703601,0.00131495973773962,0.000707441561307764,0,0.000688409088793606,3.00021893184066e-05,0.00100972509808545,0.0348033939148234,0.00825351094665603,0.000241989861524403,0.0163947681394382,0.00926064550860195,0.0247419151291783,0.00481474052468815,0.00189389155267918,0.13826025735801,0.00618247984320001,0.101889591195314,0.0381655919780703,0.258196746440219,0.0418596435114952,0.0100781008969003,0.000887750643500282,0.00109306668450619,9.80608679962931e-05,0.847298540980758,0.100232965744232,0.620613176142686,0.0119873367890859,0.538654869836529,0.0647626715817857,1.38064451442843,0.0372619875138942,0,0.000747649221745219,0.0801394811182256,0.480441429964086,0.000129162653762365,0.0031751036078134,0.0527175542783663,0.0715626297773062,1.25233603374014,0.000213189142977249,0.00193323158916875,0.00200881035681191,0.0868110572596771,0.000292089722781968,0.108656975474188,0.0398703966665998,0.0482375461280841,0.0578875974595983,0.00234587067470029,0.000707511019043326,0.00561455551797327,3.9465565413785e-05,0.0228776580516474,0.25840378417027
0,0.0212204647391181,0.00060918739140383,0,0,5.07384418769717e-05,0,0.00139241628288333,0.0192910027466788,3.1081896331197e-05,0.522119892749009,0,1.1621527895665,0.000782060675417913,0.00012509250108186,0.00193523734401485,0.000827000881169605,0.00660304635757746,0.00345075026679828,0,0.000150421732556582,0.0124456968459849,0.000271212372232473,0.00915228192397696,0.160948541773892,0.384423801346923,0.403327024825483,0.000194295979468489,0.000193860164724183,0,0.227773676828733,0.000196255584444046,0,0.00982943292255992,0,0.00627517088711658,0.119906110212521,0.0198227066900851,0.00377446156179562,0.00022856465677976,4.8630595731628e-05,0.150225114201609,0.0131286056126067,0.282855878254951,0.0434068044264706,0.00941696116567406,0.00351125839057654,0.000473684679274821,0.157978694470709,8.38629363710638e-05,0.190292831934997,3.27301795342744e-05,0.000126437592717815,0.000647146103450584,0.00186145360531433,0.00035090190954752,0.00508065930574759,0.0382042931191131,0.000483025802352911,0.449677592650432,0.000747649221745219,0,0.00279419965359791,0.00797950045427307,0.00423954363717216,0.00137631405592919,0.00120582215628831,0.00297177959475271,0.000119556580012417,0.00070460090542038,0.0416551616780594,0.000803881002156093,0.059455423688857,0.279023876596355,0.0919500447560873,0.523808255403313,0.00184059699083019,0.00755088879750346,0.000419596001425719,0.209581442912252,0.0293628829750019,0,0.0284694928088123,0.000575153534929598
0,0.000411216176215732,0.00132009997392453,0.00280110331898694,0.000151289716003335,0.00125586887340133,0.0187667069221646,0.00565924686328683,0.0138574452809221,0.00838323580348067,8.800747766521e-05,0.00209144028648957,0.0113806342198799,0.00112245530496725,0.000925413379483987,0.000243521213995332,0.00117234509762993,3.88941749216437e-05,0.000558078223224079,0.00258242992279946,0.000613731382748252,0.000117811091716719,0.000390554697296232,0.0248745785404542,9.47861459331035e-05,0.00237137054901738,0.00767704842313739,0.0367798373816696,0.000788534397168546,0.00166255497874984,0,0.000196139732208526,0.000378091230752635,0.000433329509428609,0.00115220980168707,0.00934176012924372,0.000269911694661838,0.00457350979715782,0.00247604373940801,0.00279230342465799,0.000973151060840866,0.000779158145306765,0.0935985394742637,0.00973444807798164,0.0639408959742393,0.0251505498949952,0.0156785747694351,0.0118733330584983,0.00253262428265481,0.49909782327336,9.70039136461138e-05,0.107406100444349,0.0214101890692281,0.00118047437126803,0.0196362065607466,2.47383682447682,1.8710864330834,0.0101956301648973,0.346331534297644,0.104028586603675,0.0801394811182256,0.00279419965359791,0,0.00193337499731223,0.00234037156716666,0.0372272930633442,0.106811057091647,0.201304328766933,0.0161686582686187,0.041738332213213,0.000766684374546856,0.173829709249305,0.050419238110773,8.88045270910742e-05,0.670159430820818,0.108193318626789,0.253988022063114,0.787203975750015,0.894008516637356,0.00233933098384224,0.0265254173465909,0.00224022160440133,0.099355881383467,0.0098653931016463
0,5.4032119528842e-05,8.24608311914207e-05,0.00295352449707799,0.0017078974552353,0.00227868700990575,0.00477771001108633,0.0057748529399282,0.00809283683369507,0.0107670599232501,0.000178950669953227,0.00872269087101708,0.00491956423662014,0.000758185559463226,0.00180113095955692,0.00113048565472519,5.92962679566264e-05,0,3.85830956513643e-05,0.00422448714565061,0.00163452973756876,0.000309685571842718,0.00174266542117828,0.00854420624562193,0.000717393817585134,0.000316165256169391,0.00147262600869079,0.0115321812817712,0.000902638593865206,0.00217397327059453,0,3.95918877881765e-05,0.000202467418708515,0.000124128882425153,0.0167778197378136,0.00394739799210641,0.000794413963001157,0.00247885364218737,0.00256989994258211,0.00702250998683704,0.000312858249405337,0.000216354324243772,0.0320087805141815,0.00514516444652075,0.00438823131945351,0.00884769529487423,0.463572772894703,0.00558036601763049,0.00117677311761495,0.00036037718952285,0.0241611362068849,0.000709121335761523,0.0324345888710386,0.297997552346036,0.124496527390737,0.0147528368560632,0.0202559698113455,0.154627599715325,0.0433618578050466,0.00108355711386881,0.480441429964086,0.00797950045427307,0.00193337499731223,0,0.0117148515206752,0.000215142149340296,0.00089027473829132,0.00116737280910943,0.0271687711729747,0.0159132017536182,0.0584719624789077,0.0257950002184783,0.321471946536997,0.00858128726562508,0.00238228286299809,0.0277850809795158,0.078506810379127,0.00276896738045918,0.00781442355431925,9.48690987034081e-05,0.00446191020360603,0.000154359908732438,0.00103721701949267,0.0860416658713547
0.000306646851219386,0.00177370489876928,0.0162392205293796,0,0.000751727617373332,0.000239838284148884,0.0206200946383854,0.00354222360931385,0.0452454545649629,0.00144853878627185,0.000319979562646621,0.000110919179175568,0.00401714693877626,0.00282299287797618,0.00751422317313389,0.536242293251896,0.0296712706197595,0.000602432107580596,0.00248660636946987,0.000188591127962565,0.268349118243596,0.149524564618786,0.653631258609885,0.154143852466798,0.00024139602468822,0.010823580153647,0.138377127168926,0.089365172306452,0.0058295106109012,0.0966912084411235,0.000131043943290401,0.000357164818178976,0.00214137363169661,0.010979771304984,0.0529055155706793,0.253476919992011,0.0202650876239322,0.0532770511649905,0.0539043885740366,0.00305596160233061,0.000637214912956482,0.00030902939279607,0.734713533648736,0.0884627766402299,0.214685630632387,0.303524718581888,0.00834413888821047,0.00173423997151919,0.000716952546541316,0.00169436608345268,0.0542132679196596,0.0203604132053746,8.03500771468821e-05,0.000162307522695732,5.84499288948834e-05,0.00757984575553859,0.00155613505564432,0.00191959686465,0.000466028389161306,0.00140718875327488,0.000129162653762365,0.00423954363717216,0.00234037156716666,0.0117148515206752,0,0.0167867900133378,0.00161478144535709,0.0137220898612262,4.69461988455713e-05,0.741296994564969,0.658486361802843,1.04116853012215,0.510782268121682,0.00999247024073793,0.0317578260844434,0.645070720448372,0.261389021309775,0.0160995584152514,0.0728383397893536,0.000323561530743551,6.58232529756903e-05,0.00344978015376246,0.0377432565133093,0.201204136370537
5.65389817731559e-05,0.0103970488892209,0.155055504954676,0,0,0,0.00177901714346686,0.000998370519652788,0.00163297496236335,2.83989179273009e-05,0.000225202059577036,4.77554818692923e-05,0.00155622874232782,0.000510098562960815,0.000395449668031782,0.00552074531363764,0.095318945720555,0.00100759828571536,0.00998040233995495,2.00763381271422e-05,0.00684547103405639,0.00625825456963895,0.0421588303908958,0.00950598337252554,0.000598162069270426,0.0957372680195895,0.571339450169576,0.0060788099056854,0.00161829664451479,0.00421081036189054,0.000449989302122242,0.000184406767381639,0.000154946715132016,0.0143505698385353,0.00691543757965261,0.113524415692191,0.0173164751876133,0.0470015371734227,0.0387318705110596,0.000505707273550344,8.33929841239932e-05,6.98378130903124e-05,0.15410393155245,0.296081107288869,0.0507959152431231,0.0713020845110399,0.00183802621649275,0.000313342802837539,0.000347270605016041,0.00781213530355434,0.012908555286797,0.214071308229231,0.000900888287433679,0,0.000411016422473228,0.274298156721398,0.0330003761966756,0.000777722089819042,0.0100263770079778,0.0853053302302798,0.0031751036078134,0.00137631405592919,0.0372272930633442,0.000215142149340296,0.0167867900133378,0,0.0780705625024921,0.843819276822341,0.000836626608233864,0.0686619103024594,0.0122685159570917,0.477057050686154,0.0178034090086535,0.000623666559638178,1.08267447426125,2.43471249008693,0.0912057556022895,0.0163403910839283,0.0825297442585316,0.000920619655544402,0.000380304833383989,0.00114229408240793,0.340598352086047,0.0132106024009468
0,0,0.00054116886173063,3.34908578844726e-05,0,0,0,0,0.00461196171613636,0,0.000235103722237396,0.000417964401948601,0.00275130312663295,7.31414716222288e-05,0,5.94207864549994e-05,0.00011906655113579,0,0.000213109555456781,0,2.57261969410479e-05,0.00024974878324908,0.000529177655459434,0.000448931367127198,0.000231528793085921,0.00500423049769331,0.00612175566697871,2.25642043657422e-05,0,0,0.000614354264540988,0,0,4.12870122057915e-05,0.00117570528895556,0.00107287474090016,0.00033054704487971,0.000656502038307822,0.000292642759686506,0.000163511518467969,0,8.54509173602582e-05,0.0649405727000875,0.0206333871752814,0.207592532675301,0.0419554685304741,0.0126092546993909,0.00708546983977159,0.000355891137059462,0.00291397348154667,6.30785237263441e-05,0.000601421613673955,0.00463293299799877,0.00472204847247296,0.0350440663320899,0.0460390135992191,0.21824130611956,0.00211549844267983,0.0654490146581907,1.07758381725559,0.0527175542783663,0.00120582215628831,0.106811057091647,0.00089027473829132,0.00161478144535709,0.0780705625024921,0,0.124446896877599,0.0102209930361071,0.0118664927159646,0.000786605979252313,0.0380557014847209,0.00732723377858796,6.74558841507674e-05,0.140975284735741,0.0270221807348127,0.0231432749961739,0.145376630776288,0.0337459838115389,0.00116582239894363,0.0975263561986129,0.00102121424822176,0.246051057488234,0.00277070299210824
4.67405591066718e-05,0.00578783390404067,0.0103785735506222,5.49253466037929e-05,0,0,0.000912872703643254,0.000528947727210653,0.0101528045506811,0,0.000838793052696051,0.000318673694678009,0.00702042390207338,0.000929164697078219,0,0.00318699764090016,0.018728923279689,0.00174795094383511,0.0229178518447879,0,0.00270138509097275,0.00180443729412189,0.0090879596787889,0.00566196390474107,0.000972837701199018,0.109246709541145,0.192268921004021,0.00405172464047074,0.000709767823228997,0.00179428171889423,0.00222448403694053,0,0,0.00310613979179897,0.00382691159484051,0.0252112551113734,0.00941141516587279,0.0111637372054922,0.00842228657100754,0.000587423905905146,4.21863635249138e-05,0.000145131985256148,0.211657413077172,0.116565281079438,0.241669333674917,0.148272293101735,0.0106301610663903,0.00316055463085346,0.00109118716694599,0.0425833420076522,0.00360487782651436,0.0361067744000959,0.00787298977578255,0.00110627419034548,0.0189595481607126,0.466605522171502,0.183936541285766,0.00463909787192481,0.111358321983912,0.0604738266048127,0.0715626297773062,0.00297177959475271,0.201304328766933,0.00116737280910943,0.0137220898612262,0.843819276822341,0.124446896877599,0,0.014323089761446,0.074219508421321,0.00413758901557418,0.21597205046695,0.0257969177748487,0.000736579621688083,1.00040794820269,0.641483781742356,0.1302674315514,0.144029961999619,0.301712385444833,0.00199863428163944,0.0198175236884244,0.00604327988508587,0.574375408014263,0.0159994312774739
0,0,0.00019974074310984,0.0198562239402925,0.00238348026653945,0.0105409646642519,0.00855007575186767,0.0159004831619964,0.0119273069881351,0.0324859677612274,0.00017182462791903,0.0276418859869686,0.0105339320876711,0.00274898412063283,0.00292012298849116,6.85216260149002e-05,0.000355008109967422,0.000216606466970456,6.35254063561738e-05,0.0129916652836162,5.5091577607882e-05,2.3612139335829e-05,1.78990874265432e-05,0.00592398307811061,0,0.000964636187431696,0.000481622959030604,0.0241988433548067,0.00137882093093678,0.000471126842642498,0,0.000265709214486658,4.67390190049767e-05,0.000457942500017786,0.000735166140177133,0.00513485808172298,0.000178446439807379,0.00663591810734379,0.0016032948946742,0.00912746230449514,0.00119692060673863,0.000485648433871466,0.0453009491280479,0.0021172284810327,0.0164214523711037,0.00697477611957179,0.0344334336360793,0.00639571778229989,0.00134156551994323,0.00013824624588505,3.1489576565808e-05,0.000324310300959372,1.42016210957641,0.00812522262394191,0.0237251100006604,0.00402596880720813,0.0819905577820928,0.0348163231025888,0.98032952094462,0.00579290283181533,1.25233603374014,0.000119556580012417,0.0161686582686187,0.0271687711729747,4.69461988455713e-05,0.000836626608233864,0.0102209930361071,0.014323089761446,0,4.13804542598784e-05,0.000199110922350628,0.00067375589332214,0.0388884955456322,0,0.0212286224844291,0.00968393614166888,0.0471432993417177,0.0169749604382722,0.000429469876311988,8.38260164746282e-05,0.00127990455346658,0,0.00334443806572293,0.00828392513870443
0.000887032375381426,8.48853958468141e-05,0.0109223141439358,7.6756239205396e-05,0.000432637893152487,0.000703750233227212,0.0139446797402786,0.00855446130631377,0.0193766734050682,0.00138472748683887,3.05601826275706e-05,0,0.0230812719484351,0.00516403580823079,0.00615217932086734,0.118859227665822,0.0297485961435169,0.000222541778528231,0.00184268491775969,0.000129137473950535,0.22798340074715,0.0196219367144556,0.116837160043422,0.112811787915005,0.000223108097746283,0.00653800969665203,0.0358291268044008,0.137837204098434,0.0106059298997704,0.178154954936139,0,0.000125438879312814,0.00307585630843672,0.00944896497028345,0.029273244091436,0.147144069307579,0.00816271430865851,0.0328159523073623,0.0198333426940804,0.00750856270591231,0.0019112911578977,0.000573514945432908,0.571619038535909,0.0502537504971799,0.401897017517069,0.307905271473331,0.00760036668954234,0.00238146969993916,0.00283563964002082,0.0168870815314447,0.00293079310446262,0.280859289904816,0.000116801989006913,0,0.000714433250741187,0.573210779704664,0.0333000171359202,0.00214983483341259,0.00526011061298511,0.00961299012223914,0.000213189142977249,0.00070460090542038,0.041738332213213,0.0159132017536182,0.741296994564969,0.0686619103024594,0.0118664927159646,0.074219508421321,4.13804542598784e-05,0,0.0431327913771784,3.78952333291128,0.0518103086255669,0.000545851494135791,0.128867617871838,0.568591229541595,2.00746965628668,0.130404577331871,1.94172539698611,0.000265720769503796,0,0.0417240050555686,0.782759113178828,0.227395060931706
0.000177073060502446,0.00607846723943988,0.0296451709651751,0.000701761381209934,0.000169342043548537,0.000165025874512732,0.00635569757393629,0.00149901924409721,0.0618622840179991,0.000632313479750007,0.00227526063249706,0.000198837998887122,0.00725252136707413,0.00194954862201953,0.0024700001569993,0.167074358286998,0.0109461185619901,0.000120654138590711,0.00146149610854699,3.37592014599264e-05,0.0685647508002523,0.158769055947528,0.211823454033989,0.101617488427326,0.00274786150987544,0.0193009683150507,0.347478347025662,0.0409144214673876,0.00366461401260779,0.0343168770592994,0.00196377095915131,0.000361923394189959,0.00122522179415188,0.00910456712929704,0.0263502140354899,0.131505610847577,0.0104017467460844,0.0434386800303772,0.0386584966159686,0.00134770830276969,0.00030532993451016,0.00135756774026617,0.159779108000269,0.0186596928580316,0.0673805901700506,0.0683303709279388,0.0287642157459939,0.000281141237683547,0.00286931898805874,0.000241100873983538,0.210523966053644,0.0133705572757801,5.13358141399742e-05,0.00601854196757356,0.000204140862578512,0.00283684711378515,0.000983855544054024,0.497903395376522,0.000517180182420844,0.00516714500552437,0.00193323158916875,0.0416551616780594,0.000766684374546856,0.0584719624789077,0.658486361802843,0.0122685159570917,0.000786605979252313,0.00413758901557418,0.000199110922350628,0.0431327913771784,0,0.21826302181298,1.68397320134794,0.0643986756170117,0.00966369573803973,0.45284498440641,0.0624402444712292,0.00222703059934774,0.0062966686072211,0.000418374037091303,5.14077224240899e-05,0.000525921082771468,0.00945869552424194,0.0344383506404797
0.000211357223919159,0.00322271065919101,0.0635289516766574,0.00017397312509116,0.000445803752429646,0.000381642522321188,0.0229958895996357,0.00530360342520759,0.0159047726770622,0.000710327168381569,0.00029154200816257,0.000293960367739725,0.00617424853782462,0.00212046679798483,0.00560746429202256,0.362474163513855,0.0370979985798549,0.000613950934455502,0.00351836929749532,0.000167163667552638,0.27505976718624,0.0823515004867473,0.742240910817687,0.0953164598985674,9.49778673220158e-05,0.0170172779486889,0.383396116697529,0.0787029521874948,0.0026418831279697,0.0653530871437423,0.000236095858302009,0.000199379574371862,0.00142169012322386,0.0156387521684569,0.095246417226425,0.262061472949684,0.0232937598048292,0.0795095191206258,0.0693456365354906,0.00363395735452141,0.00047131588374393,0.000288167611313295,1.56725185782947,0.321877640636041,0.781087332665467,1.24860750248441,0.0197019416195009,0.00493737035848815,0.00171616609956795,0.0306044980859644,0.00598466916659592,0.850206915009915,0.000802057506858651,0.000601277105761731,0.00370454900272,1.10667185521687,0.222477034658932,0.00203360613449839,0.0275014700281597,0.0337236592589093,0.00200881035681191,0.000803881002156093,0.173829709249305,0.0257950002184783,1.04116853012215,0.477057050686154,0.0380557014847209,0.21597205046695,0.00067375589332214,3.78952333291128,0.21826302181298,0,0.1316814280062,0.000517204692160803,0.380451117229172,4.63555812295792,1.29852112814,0.114449289906322,0.493359835154214,0.000372145763883406,0.000848868040613474,0.020813176415717,0.726701413710802,0.518717297965078
0.00124584117979466,0.00520974494166192,0.0174752113102027,0.104066181054018,0.0100174497627672,0.0290769844674158,0.262820259691246,0.212164717151134,0.559700698032606,0.281133953430098,0.00347212926505791,0.0841285938474933,0.0304224288653652,0.0610265471758658,0.0297771930793815,0.0984264084107841,0.0152731968422078,0.00012457380801968,0.00202823820576481,0.0623044673721146,0.0957749935359888,0.0396014058293732,0.0849960744978422,0.803236848897801,0.00530146816780473,0.0168995759191461,0.0917748279563335,0.853582349530361,0.0579893466456698,0.136272013653248,0.00188635694761727,0.00362656133521273,0.00840964163623828,0.0279621407640863,0.036023782867729,0.285723768152015,0.00926012492019357,0.147628711278611,0.0378719985629588,0.0622866665470052,0.00956941593670151,0.00196933018595856,0.340379884843319,0.018377093005774,0.141885818843886,0.101921050520795,0.191854824156928,0.0156133377782927,0.00435873558321779,0.0202714039681363,0.334908787702937,0.00493094081680948,0.368809874084071,0.0399113252009911,0.0169511519700056,0.0979486788884007,0.0964888971066164,2.98687196766141,0.129420234273306,0.0102186638981949,0.0868110572596771,0.059455423688857,0.050419238110773,0.321471946536997,0.510782268121682,0.0178034090086535,0.00732723377858796,0.0257969177748487,0.0388884955456322,0.0518103086255669,1.68397320134794,0.1316814280062,0,0.103847798586018,0.0339179192480731,0.770329874397745,1.21618859944703,0.196068486565928,0.196144103710608,0.00108755809598741,0.000176032804768711,0.0142072668686925,0.0566399156189667,0.137705896193626
0,0.00621843121775472,0.000801343661214143,9.49228320857528e-05,0,0,0,0.000216622506151092,0.00464306786694204,0,0.0125233465654036,3.20413626695216e-05,0.0961571897993224,5.79143159861803e-05,0.000520965261001265,0.000506704999928844,0.000726016774650561,0.000210803836024594,0.000729297378455723,5.55421679687262e-05,2.81865306710303e-05,0.00222802102087924,0.000213932184610385,0.00363535412252543,0.061200080952913,0.0324692135819974,0.175017304778529,0.00026634759514811,5.67583930843949e-05,3.56287019774735e-05,0.0160820376972014,0,0,0.000386897053622228,9.34935241153952e-05,0.00236128475273432,0.00809799953749616,0.00196950456844013,0.000953133074273947,0,0,0.0117082667946059,0.00198250540284257,0.00725483339156355,0.00248712901063806,0.000719131218219724,0.00285750194942068,0,0.01800937692961,0,0.421419763677663,3.67165434500456e-05,2.93789076097608e-05,0.00119276722262301,0,0,0.000281869548371601,0.0461644153395326,0,0.00928591054080983,0.000292089722781968,0.279023876596355,8.88045270910742e-05,0.00858128726562508,0.00999247024073793,0.000623666559638178,6.74558841507674e-05,0.000736579621688083,0,0.000545851494135791,0.0643986756170117,0.000517204692160803,0.103847798586018,0,0.0135952189532385,0.46711671728687,0.0038443193515365,4.8530161530757e-05,0.000183482321339178,0.0065394134865838,0.000268931192321217,0,0.000666002325790787,0
0.000247747708270007,0.0270980581034989,0.0860788048770373,0.000128719642658895,8.50964131783721e-05,9.84205030142132e-05,0.00314959711573889,0.00148022836759122,0.0111315880697393,9.38161754205111e-05,0.0360109173814626,0.000403026951353783,0.105457104474209,0.00235164931494599,0.000778113458589841,0.0133644914001866,0.126095709731009,0.0161691689910165,0.0797196378879331,0,0.00833678904004448,0.0100900781741854,0.0276310008885419,0.0157683753487886,0.0424702138461504,0.86098521163851,1.30292011977985,0.00608148365198797,0.00200573259120707,0.00418648667855389,0.0933845874385087,0.000239755535590958,0.000216073323755217,0.0203722267745293,0.0257674246487024,0.130414559292542,0.0601057114508606,0.0689142787859285,0.0485859804852067,0.000530821679983514,7.52686583816764e-05,0.0056937747329063,1.08188106751199,0.791450093036862,1.14124946948399,0.745207938105318,0.0283712962310538,0.0187713517965517,0.00789054087893292,0.0803151450048218,0.019338773529586,1.87554152408896,0.00974360254243603,0.00830654877099982,0.0642421078916653,1.13721549009947,0.837965121765763,0.00744450325865734,0.168005203547725,0.526700572672548,0.108656975474188,0.0919500447560873,0.670159430820818,0.00238228286299809,0.0317578260844434,1.08267447426125,0.140975284735741,1.00040794820269,0.0212286224844291,0.128867617871838,0.00966369573803973,0.380451117229172,0.0339179192480731,0.0135952189532385,0,3.08289259261449,0.250895249105354,0.25989238995294,0.213076068710799,0.0979285254047929,0.150051484553231,0.00590646612309912,0.267650561192868,0.0820821000739398
0.000790005713327129,0.40985658430747,0.676589900041685,0.000833767011648288,0.000845193889772126,0.000780193165971063,0.0311491255268433,0.0151555458615054,0.0217141849906238,0.00262860248219038,0.0596110236474827,0.000547200661510486,0.207222189077157,0.0134167276292519,0.00489269260393388,0.153176578636111,0.5374518573469,0.0290800240325424,0.273491803581611,0.000246232858711993,0.10386525287761,0.211276061606418,0.8925162109114,0.128767634246438,0.172053881045939,2.17571477723808,7.51631978568599,0.057891575806051,0.0131915307707089,0.0106132270994324,0.147000848688506,0.00291660935283449,0.00209431083609121,0.128558951504836,0.17052939325498,1.01200085860539,0.245332520079197,0.44373728587066,0.352879927604554,0.00305980471764383,0.00230761036011398,0.00952820973941769,3.39538599459154,0.819101366660537,1.24693438827702,1.78096480778721,0.0357980336125723,0.00911151084796621,0.00744918750348939,0.0176267064893864,1.0978137532368,2.84084523136565,0.00600394805112687,0.00263258868656523,0.0128349538523166,0.501504650039346,0.160171942567114,0.114468766136591,0.0982558245326114,0.0591576309971519,0.0398703966665998,0.523808255403313,0.108193318626789,0.0277850809795158,0.645070720448372,2.43471249008693,0.0270221807348127,0.641483781742356,0.00968393614166888,0.568591229541595,0.45284498440641,4.63555812295792,0.770329874397745,0.46711671728687,3.08289259261449,0,0.693363055182663,0.109526569155762,0.143394901784658,0.0911944462249909,0.00761191287449442,0.011600278939487,0.298561109104524,0.404958346873702
0.00135392223659268,0.00108529456130207,0.0113213809960639,0.106439201241273,0.0148650779402608,0.0390639027861934,0.411336705463562,0.334274764591182,0.349838728859742,0.387801329663277,0.000786750782847048,0.106522822224264,0.0675745022642811,0.0931116651811323,0.0328757285786441,0.0569692156696686,0.0141905055462836,0,0.00060922116940772,0.0842266921076275,0.0820049814577401,0.0145997954828485,0.0613958337728605,0.677919919276697,0.000263239121106708,0.0041080891142568,0.0309721002435288,0.97420342698347,0.0676874894830785,0.152773673074126,3.43703474224806e-05,0.00256991314406155,0.0115150914390786,0.0400848980464192,0.0504270581068896,0.367065392410753,0.00906879082218627,0.213173120801548,0.0466495791901909,0.107991392930343,0.0146175176245027,0.00159529906957166,1.00526522618942,0.035214420241597,0.557941405495905,0.346978657639924,0.124204025065352,0.0592899141883766,0.00893063767374691,0.0987760872094302,0.0114530608226685,0.203039070011773,0.335855520208164,0.0206223873648049,0.198486757614889,4.62651131597596,0.486713307879785,0.707824730521834,1.5071410157404,0.0212259582733556,0.0482375461280841,0.00184059699083019,0.253988022063114,0.078506810379127,0.261389021309775,0.0912057556022895,0.0231432749961739,0.1302674315514,0.0471432993417177,2.00746965628668,0.0624402444712292,1.29852112814,1.21618859944703,0.0038443193515365,0.250895249105354,0.693363055182663,0,0.818914921436674,1.81101832441303,0.000140122889581453,0.00454818076351385,0.0567180662192354,0.276434872771805,0.429661360355062
3.15410997745872e-05,0.000119641009068048,0.00112747019942263,0.00413743130405529,0.000380274599315769,0.0014312852354489,0.0429425000833051,0.015894639161026,0.0246292943163156,0.00965915341868417,0.000427254280482721,0.00226954216683251,0.0148977857819389,0.00282302848750984,0.00209984785905662,0.00236034842408404,0.00113076592345272,0,0.000133140087640959,0.00160446399991052,0.00749053066133624,0.000762108002777017,0.00207756310231447,0.0684083471255174,7.12569402226687e-05,0.00226967580256274,0.0075557309772117,0.092488742422542,0.00430571569552802,0.0141850669302858,0,0.000119590138913441,0.00132034391199344,0.00295950876217209,0.0036592738035775,0.0460902160754386,0.000910274841384559,0.0189964134260825,0.00581201249873613,0.00926295970710229,0.00182161834316851,0.000891719174995457,0.0981726271158757,0.0111400974698314,0.186288139656105,0.0642177604771484,0.0128193928690021,0.0088570998726948,0.00204813401163967,0.474742108299659,0.000339368715480834,0.0238192398526774,0.0242426141638941,0.00060787227644341,0.0175516754618891,0.69125761096099,0.268685789449686,0.0158856391364379,0.252644219700745,0.295702787470011,0.0578875974595983,0.00755088879750346,0.787203975750015,0.00276896738045918,0.0160995584152514,0.0163403910839283,0.145376630776288,0.144029961999619,0.0169749604382722,0.130404577331871,0.00222703059934774,0.114449289906322,0.196068486565928,4.8530161530757e-05,0.25989238995294,0.109526569155762,0.818914921436674,0,0.651066145941535,0.00364893967440498,0.0446447776500204,0.223965258713357,0.908028637184927,0.0226296629719878
0.000536669461010146,0.000431005759745086,0.00601095893652397,0.000325689321631289,0.000846777888619922,0.00240058030070616,0.0350226853363779,0.0283707032706291,0.0302291046709214,0.00404980689690576,0.000320056174197102,0.000288375514406067,0.0323083354587422,0.0118208595176305,0.00760801729361739,0.0179539681782687,0.00626349755017727,6.89305995945811e-05,0.000653689516930133,0.000331838630745036,0.0453109416652171,0.00285546526916236,0.0130443180144653,0.100549973553025,4.57431305378914e-05,0.00365134995482988,0.0146486736520549,0.154328545980269,0.0142140082788372,0.0683549497895341,0,0.00050742449970361,0.00330481262328815,0.0117460627536406,0.0176726065337385,0.141162244366333,0.00337231169835717,0.0625024459070402,0.0202079214102172,0.0181646398484667,0.00391964629553482,0.000457680908214128,0.245401841368982,0.0152993289857054,0.245268853060064,0.109927610791589,0.00752807180161127,0.00520292687529529,0.00299250215444579,0.532161328336367,0.000480262321727264,0.0106570892265522,0.000142404184362173,0.000473846785614288,0.00217510947849284,2.65595635076637,0.330083574688808,0.00750432674979741,0.00858283206845928,0.0243249898831947,0.00234587067470029,0.000419596001425719,0.894008516637356,0.00781442355431925,0.0728383397893536,0.0825297442585316,0.0337459838115389,0.301712385444833,0.000429469876311988,1.94172539698611,0.0062966686072211,0.493359835154214,0.196144103710608,0.000183482321339178,0.213076068710799,0.143394901784658,1.81101832441303,0.651066145941535,0,0.00016346545794034,0.000324305670018226,0.144968885791463,0.703091725318125,0.0701132609655637
0,0.00229787467744666,0.000494748160899341,0,0,0,0,0.000223487905118311,0.00143968986820856,0,0.0425640654907085,0,0.129912860427207,8.69159539881704e-05,0,0.000192727049792528,0.000533159439487154,0.00329047290870963,0.00285727290821942,0,5.91637766666055e-05,0.00213465378084842,0,0.000428659199964219,0.0189095302800894,0.218512887875824,0.20563890812522,0,4.9326487704444e-05,0,0.0775850834117362,0,0,0.00166480201052227,0.000326959050390375,0.00316283626598815,0.00809464571929853,0.00519188433550563,0.00227645244147011,0,0,0.0030335479322695,0.010410036643395,0.130123473543761,0.040323896371016,0.0138460799451769,0.000587053100895512,0.000652650856605613,0.0040473631022513,0.000136054379108834,0.00368300340119413,0.000232600848516119,6.01798225973129e-05,0.00078746755979009,0.00154679329652976,0.000480503996442288,0.00376278919699233,0.000894832184253457,0.000722936966921926,0.026327297690275,0.000707511019043326,0.209581442912252,0.00233933098384224,9.48690987034081e-05,0.000323561530743551,0.000920619655544402,0.00116582239894363,0.00199863428163944,8.38260164746282e-05,0.000265720769503796,0.000418374037091303,0.000372145763883406,0.00108755809598741,0.0065394134865838,0.0979285254047929,0.0911944462249909,0.000140122889581453,0.00364893967440498,0.00016346545794034,0,0.0102003067283658,2.82019210519194e-05,0.0108336081301728,0.000837014328835593
0,0,0,0,0,0.000141359084966064,0.000775428482733604,0.000496015830516934,0.000423538725581443,0,0.00156532582523083,0.000189483433954596,0.00827383053576253,0.000119665961268163,0,0,0,0,0,0,7.41841034520863e-05,0,3.01910644972801e-05,0.000833823182815907,0.000340218606987095,0.000651893947675586,0.000555000942623639,0.00108806334932237,0,6.85229576497912e-05,0.0002402260366588,0,0,0,7.76218061389923e-05,0.000453238510401273,0.00128616754080489,0.00153148518344853,0.000888941376103916,0.000525424038348722,0.000174264021371269,0.00236850306472864,0.0233332206350685,0.00267266910567258,0.0357889468189951,0.00270730957076556,0.0132854874633914,0.27582442146425,0.00253197812490524,0.000129007933103955,0.000267687024144959,0.000376099070920253,0.000536656308456582,0.00306581099938511,0.0127723515284598,0.00457442223508693,0.0149971449939539,0.000318264474341703,0.00907063282635779,0.440912183938282,0.00561455551797327,0.0293628829750019,0.0265254173465909,0.00446191020360603,6.58232529756903e-05,0.000380304833383989,0.0975263561986129,0.0198175236884244,0.00127990455346658,0,5.14077224240899e-05,0.000848868040613474,0.000176032804768711,0.000268931192321217,0.150051484553231,0.00761191287449442,0.00454818076351385,0.0446447776500204,0.000324305670018226,0.0102003067283658,0,6.24118851768851e-05,0.736176891597711,0.00414793103670429
2.52137876639605e-05,0,0.000338344637196535,0,8.78389173636678e-05,8.17667728755951e-05,0.00097624356377243,0.00106671815246596,0.000546572025608516,0.000117790002534115,0,0,0.000625081126027393,0.000305293052903545,7.7040107176113e-05,0.000351251246730763,0.000206132343830174,0,0,0,0.0012130671286342,0.000213186951948595,0.000830899608193619,0.00335672465031052,0,0.000112084419267166,0.00134776154051156,0.00392798602279322,0.000360938475756633,0.00150598384560938,0,0,0.000184838733998919,0.000503131508772874,0.000350264537184692,0.00348905345960263,0.000231328071461826,0.000540037791049981,9.41255827019333e-05,0.000477851101074541,5.93777614593029e-05,0.000124736265349174,0.00200625431767396,0.000965413575034397,0.0338301097426101,0.00728279727330622,0.000384846971926511,0.000199661208769679,0.000138778904095888,0.00178282652970207,8.63254781473993e-05,0.000269156991650951,0,0,2.88185190595627e-05,0.00986129201929914,0.000465474801308787,0.000277140398088169,0.000123050524064952,0.0014178149869841,3.9465565413785e-05,0,0.00224022160440133,0.000154359908732438,0.00344978015376246,0.00114229408240793,0.00102121424822176,0.00604327988508587,0,0.0417240050555686,0.000525921082771468,0.020813176415717,0.0142072668686925,0,0.00590646612309912,0.011600278939487,0.0567180662192354,0.223965258713357,0.144968885791463,2.82019210519194e-05,6.24118851768851e-05,0,0.15954273313893,0.000861067994480715
3.83683876064897e-05,0.00176415641078313,0.0148139310459711,0.00212672365682454,0.000442024932107771,0.000738198842916904,0.0215788064119678,0.0135308524918159,0.00796303221704575,0.00717239858894162,0.00176315078181099,0.0015118282656406,0.0123808817427279,0.00353279686381404,0.000892475954165537,0.00681416276192093,0.0101177497727056,0.000142774336317635,0.0020773305278136,0.00101372650777372,0.0140522024166148,0.0027506113146533,0.0199764783565497,0.0328733865200444,0.000819174790589788,0.0165219013390823,0.0703762603136832,0.043504705287686,0.00206307609317563,0.0136332408839071,0.000299204150237084,8.86428164130923e-05,0.000922749826782685,0.00366473236644496,0.0035333922556424,0.0388811649934088,0.00550211302293479,0.0173443303964619,0.00732653346201358,0.0050225212559548,0.000708888899529458,0.00410539784823384,0.0542460431407869,0.035686567316524,0.068048102947388,0.0229708600370646,0.00372893157154715,0.00611457485348258,0.00286772217062971,0.0232766336995487,0.00268097189814405,0.005502557409281,0.00747724251500638,0.0982975273148398,0.0772620078266852,0.159731858651337,0.0751620033771508,0.00419683520469917,0.0612217415823796,0.455949211616325,0.0228776580516474,0.0284694928088123,0.099355881383467,0.00103721701949267,0.0377432565133093,0.340598352086047,0.246051057488234,0.574375408014263,0.00334443806572293,0.782759113178828,0.00945869552424194,0.726701413710802,0.0566399156189667,0.000666002325790787,0.267650561192868,0.298561109104524,0.276434872771805,0.908028637184927,0.703091725318125,0.0108336081301728,0.736176891597711,0.15954273313893,0,0.00756217740044709
0,0.00105163116735629,0.0247529515000523,0.000610648269331724,0.0097666726787175,0.0278628092590113,0.0217320072048528,0.00611420987916182,0.0227317080575427,0.0157803676037755,0.00143322513392984,0.0314970601603194,0.0169309642233894,0.00049738849507854,0.137964007858839,0.0134324467495278,0.00363621630293707,0.00569404697353467,0.0060868408723349,0.000747436375011093,0.0276385984420697,0.0129733428064923,0.0771446131654911,0.027491091851866,0.000130516552057182,0.0454576628950265,0.16852114525439,0.0436592949651263,0.000672066152878821,0.00763282578352452,7.16897002901314e-05,0.000273618687533665,0.000405694226676584,0.00189124618126128,20.825586792979,0.295275022588382,0.0954899074511922,0.0509456984886577,0.396144982921686,0.00777309869475247,0.0112369840358117,0.00204623220302192,1.59080615975654,0.372546347344297,0.0872844165563061,0.54885189522082,0.0392169105409451,0.0559325729102775,0.0183099264246213,0.00242804980980473,0.00241465436475997,0.00521072086624171,0.0152140204447907,0.0142228430360482,0.0613973867782252,0.165930776326455,0.0499296722984802,0.00837857768719714,0.122514158314549,0.00210508228181992,0.25840378417027,0.000575153534929598,0.0098653931016463,0.0860416658713547,0.201204136370537,0.0132106024009468,0.00277070299210824,0.0159994312774739,0.00828392513870443,0.227395060931706,0.0344383506404797,0.518717297965078,0.137705896193626,0,0.0820821000739398,0.404958346873702,0.429661360355062,0.0226296629719878,0.0701132609655637,0.000837014328835593,0.00414793103670429,0.000861067994480715,0.00756217740044709,0
