"Predictor","Test_Statistic","p_value","functional_ve","semi_partial_r"
"Group",749.344128514334,4.86816213437986e-157,0.00381165834145226,0.0572227840508186
"age_at_5y_mri",75.2950436189931,1.14079370894052e-12,0.000563412194207131,0.0178752541637283
"eTIV",458.798446285095,1.46669805721105e-92,0.00844150766604056,0.0442356935152105
"sex",506.536581728309,2.39223570487236e-105,0.0110027943499046,0.0464260727853706
"Rel_Motion",527.969618540679,2.4418932169081e-103,0.00282036187929025,0.0477014123634047
