"Predictor","Test_Statistic","p_value","functional_ve","semi_partial_r"
"ga",NA,NA,0.00400634234913098,0.0165429724968941
"eTIV",2251.62397955582,0,0.0785131537345134,0.0284291055524336
"sex",27.5914673861207,1.0615562810157e-08,0.0183502215762723,0.00355944384235331
"sriskscore",12.7004707800376,5.48307935366323e-23,0.0148783655370399,0.00690496744009844
"age_at_5y_mri",15.8369355369982,1.50527526537371e-23,0.000671113286466009,0.00684495381874602
"Rel_Motion",NA,NA,0.0907951445524712,0.0395263951851703
