"Predictor","Test_Statistic","p_value","functional_ve","semi_partial_r"
"dwma_percent",25.6276098922976,5.03711393124698e-52,0.00335321854027851,0.0101684986090979
"eTIV",143.345725487379,0,0.0785131537345134,0.0273026548327885
"sex",7.51605590925273,7.56447596555111e-17,0.0183502215762723,0.00625179992533567
"sriskscore",11.4292182545527,1.20441588691174e-20,0.0148783655370399,0.00660442191198609
"age_at_5y_mri",12.6449984914718,2.58727096871772e-17,0.000671113286466009,0.00591678550776354
"Rel_Motion",390.55993253226,0,0.0907951445524712,0.0386911437022451
