"Predictor","Test_Statistic","p_value","functional_ve","semi_partial_r"
"bpd2",145.110062911257,0,0.0209873203318897,0.128283769676614
"eTIV",47.1567755152648,1.19266394151147e-92,0.00603181380263077,0.0697303788775098
"sex",15.3705157172406,2.46106078520375e-29,0.00707038800343779,0.0406342658590641
"sriskscore",83.8282283911215,8.31014803516391e-146,0.00408097265146137,0.0865396760761606
"age_at_5y_mri",9.83915665898452,3.34048844185061e-14,0.000377443482554056,0.028468139838518
"Rel_Motion",27.2382128733551,2.75324553324635e-63,0.00498153170174312,0.0586094518214312
