"Predictor","Test_Statistic","p_value","functional_ve","semi_partial_r"
"Group",577.217964419004,4.64504823490545e-120,0.00381165834145226,0.0503571760126366
"sex",1530.68923526737,4.94065645841247e-324,0.0110027943499046,0.081243109951123
