"Predictor","Test_Statistic","p_value","functional_ve","semi_partial_r"
"anyrop",295.256171462354,0,0.0527589197730613,0.200580548717252
"eTIV",80.7245229853721,8.80826953708391e-173,0.00603181380263077,0.0927352503437955
"sex",15.8835838709427,2.9891674986219e-29,0.00707038800343779,0.0397214778537642
"sriskscore",69.5891485983662,1.4937837170523e-119,0.00408097265146137,0.0770670322637157
"age_at_5y_mri",6.89784696352104,4.81809785734514e-09,0.000377443482554056,0.0224983355236928
"Rel_Motion",24.2177954702981,1.46765019472898e-57,0.00498153170174312,0.0551424923021262
