"Predictor","Test_Statistic","p_value","functional_ve","semi_partial_r"
"Group",9.81582204994456,1.79639200484848e-10,0.00825802985952434,0.0908737027941766
