"Predictor","Test_Statistic","p_value","functional_ve","semi_partial_r"
"Group",581.681437029428,6.66743865299576e-131,0.00624469568073564,0.0876625221488368
"age_at_5y_mri",422.261118997074,3.82298794910499e-96,0.00416478458340158,0.074865255398662
