0,0,0.00840905375392713,0.000422510921983778,0,0.00141430807343271,0.910654107629659,0.0388248965095933,0.000571557078292683,0.00247935280004006,0.00135230610363982,0.00104721671196891,7.51079517990887e-05,0.47385677281988,0.000302789152666774,7.5052345978266e-05,0.0598590161629246,0.00139361844962471,0.007391324158851,0.00162926703613581,0.0360282705749894,0,0.11736903431641,0.00203594266019614,0,0.00301966797311738,0.00508860712083464,0.00441252488145432,0.840534521395678,0.641420639478343,0,0.000319921108941585,0.00367218508742934,0.0358013679820327,0.00178108081110845,0.0102635970672732,0.000901437189275397,0.0155915406307551,0.00279832093589998,0.000538419106358403,0.000952308096730514,8.38521825047139e-05,0.00226162416318693,0,0.000236275088435578,4.82823993729711e-05,0.000234408121596796,0.000161406774032298,0.000103289666329849,0,0,3.30889001251578e-05,0,0,0,0.000497682242693192,4.70105918041945e-05,0.000228918568505925,5.15897236574233e-05,8.89332135455009e-05,0.00010698264011178,0,0.000191123962583929,0,0.00028165513412461,4.99874486727864e-05,0,0,0,0.000162743188953602,0,5.0855039475435e-05,0.00395088130219795,0,0.000149728125929278,0.000772650552118215,0.00246518455535412,4.20448974242628e-05,0.000249563851869056,0,0,0,0.000126391098972005,0.000217209549305165
0,0,0.00749120792183345,0,0.00122315944267204,5.24745192081868e-05,0,0,0.415813503354605,0.000117566821355569,0.00185005449412972,4.20696943615377e-05,0.15820295233259,0.000119287581781333,0.00446877717613052,0.0177560252198887,0.00694157555943724,0.000696613288740957,0.00424975033111745,0,0.00350562261061236,0.253467501436748,0.0018815442259107,0.344130798595232,0.443490392181623,0.0343517163741099,1.15549143495935,0.00753851650296524,0.000105779745179486,0.000334224746496994,0.0348644494915217,0,0.000148654293530503,0.0029406933121217,0.000905009086017869,0.00805055944519921,0.00489668529244645,0.00150640046173617,0.00153775515181277,0.00470774406200556,5.65175390300751e-05,0.000252419280533099,0.0119837000909267,0.00638578038556502,0.00334433187088889,0.00200730909920809,0.000564792791257319,0.000773835928594917,0.00194606803860581,4.78927138181031e-05,0.231938050822744,0.0168143754002352,0.000519096797658184,0,0,0.000256913460869816,3.58063653913021e-05,0.00488566570629468,0,0.00377528715902913,0.000379703106704611,0.0132102709104392,0.000135144143921289,0.00025324116602925,0.00241524686443293,0.0100056419945718,0.000454295960191107,0.0108539637111007,6.19524836089671e-05,0.00091645316754892,0.00586180146379408,0.00377606510674971,0.00642920331565548,0.00518580831265499,0.0942104999557155,0.51911371000752,0.00084589067555351,0.00013742030938822,0.000946861507517374,0.0031350401835856,0,0,0.0038287277895754,0.000418065527841913
0.00840905375392713,0.00749120792183345,0,0.000111635827999452,0.000389927128353966,0.00571196180783348,0.109730556096496,0.0678980662262745,0.000618761347006225,0.00272199545026671,0.00975864040236537,0.000461415314927158,0.000530483868708071,0.0629865002407333,0.000792111964332312,0.0026772906107585,3.07199601415759,0.0150043267166356,0.267589132263151,0.000527982376993138,0.376517515775461,0.00348749151709367,4.02935548601631,0.00189809761897747,0.000328478770319203,2.85483551748325,1.81825205862343,0.0222899397596705,0.0241755124039588,0.0985725292198425,0.00046432866007829,0.000144997541256646,0.00138113539468243,0.272080225144725,0.0538610386776739,0.818071518379413,0.218914439225194,0.319270151637034,0.323069839326484,0.00787002517012763,0.0175011096519073,0.000551139949227047,0.0401086828766363,0.011557819334932,0.0135395252428975,0.00594964126397561,0.00162769900911147,0.0022785869655809,0,0.000267519994941881,0.0294263686291532,0.237175583057964,0,0,3.46891336700946e-05,0.00311808634760683,0.00195570368081242,0.0017053991609083,0.000252397484886759,0.00124580449882729,0,0.00326432954165664,0.00208636993611588,0.000511589634929925,0.00497247663491396,0.0450994144867469,0.0014914520569896,0.0197952413637606,0,0.00457216530915049,0.00820898359155001,0.0513650455477972,0.0034202154808122,0.0011647737756173,0.153128739213452,1.19187884306513,0.0078030550220471,0.00086689506969802,0.0067142346024214,0.00256096592586303,8.59918735137103e-05,0,0.0115865494335433,0.0252911658488036
0.000422510921983778,0,0.000111635827999452,0,0.00602039445500043,0.102952678597726,0.0573533067586554,0.0320072748604226,0.303953825634601,1.07692708538481,0.00230482085165907,0.169959526419332,0.00045801665728603,0.0291044978914527,0.0254809973412651,0,0.0001971498735217,0.00148023910763597,0.0010063471547232,1.7047148737201,0.000895246904984159,0,0.000367864207926232,0.566671644395143,0,0.000894065307043782,9.70136579589067e-05,0.940542872909256,0.0322694503638884,0.00118074549649447,0,0.00144904463780043,0.00105609416300268,0.0353326928018542,0.0123483610435122,0.105254659401752,0.000704989198775548,0.0120080517532136,0.00207049429400625,0.0690635690604091,0.00727938248010822,9.12803682051238e-05,0.0263923335208096,4.12058235677004e-05,0.00541434221024348,0.000850395713914687,0.136204901247609,0.00441553435219501,0.000316498274754834,7.96517189870536e-05,0.000739340350096941,0.00010379704369275,0.23788601613964,0.00380724654367837,0.0146202755236345,0.0343724136579989,0.0118028694863678,0.0436456017013152,0.084217183139287,0.000277879777013496,0.172094402613199,0,0.00568201793051331,0.0365543389852087,3.80529814867944e-05,0,0.000391897019338363,0.000382452467124969,0.120823644614751,7.86799819842902e-05,0.000487931228709218,9.51307341786143e-05,0.220265923230298,5.90644504372359e-05,0.00062737099954538,0.000917685775729693,0.170043031828656,0.00308074527607564,0.000275889349894866,0,0.000433480813593662,4.90096809949458e-05,0.00490268355498644,0.00163722709413442
0,0.00122315944267204,0.000389927128353966,0.00602039445500043,0,0.0270614296702629,0.00367349004966444,0.00864673973705765,0.0452410535951525,0.00376700803243335,0.000240166283203071,0.0631057318163656,0,0.00154395646502881,0.437114458261395,0.00119412785712887,0.000220192064613843,0.000267218491622317,0.000270340700402218,0.00372526938608061,0.00556580220512074,0.001976892900165,0.00574730956098682,0.0414722983127404,0.00011867892372542,0.000143531841397267,0.00290368465814315,0.0130622796634132,0.000966068414005921,0.00221704590698673,0,0.0150443644410489,7.14394518825531e-05,0.0360385123749566,0.542584935697387,0.0154634641570925,0.00141800049939711,0.000466758617124099,0.000801787381837667,0.899680241755737,0.168040553059051,0,0.00204090911075156,0.00056741085105201,0.000303437063956005,0.000339669682893133,0.0132560200025404,0.000340394136465615,0.000225140814107823,0,7.16977501910329e-05,0.000188436622599965,0.00440802251428891,0.0002262550632669,0.000510054462911028,0.000915256364160319,0.000118483877272236,0.00214340215674265,0.00249835644515352,0.000238034374012381,0.00816297573292015,0,6.04707682805657e-05,0.00352811848715686,0.0002824596252435,0,6.53442794843137e-05,0,0.00177049013096947,0.000477775878562987,0.000223642200715482,0.000434508767444497,0.0049649547770974,0,0.000128940772877842,0.000951732223447034,0.00286267118173967,0,0.000218896050065136,0,6.51547814394891e-05,0,7.45347614168644e-05,0.0580331010705162
0.00141430807343271,5.24745192081868e-05,0.00571196180783348,0.102952678597726,0.0270614296702629,0,0.522608207431956,0.751906200865652,0.0183738562252326,2.47205400589145,0.023155321127583,0.965066044278063,0.00285260004332217,0.0961055583649521,0.184710869989657,0.00017694461405797,0.00304529050419177,0.0128486029589518,0.00502123611312621,0.100950548904946,0.0199869630210264,7.37771391314566e-05,0.0080245142494862,0.0284787094197086,5.68426055269122e-05,0.00738233660117506,0.00228152087027727,0.125619007006483,0.0565039165474371,0.0095207424138491,0.000504067561732113,0.0162528671941525,0.00272107132422631,0.140260431428695,0.413337078278756,0.26133893626547,0.00442882396544799,0.0203915689295739,0.00575266732884421,0.543776927667796,0.243457384817052,0.0028757511447541,0.00876690186505148,0,0.00139514199573816,0.000183924493045151,0.0145935015409718,0.0005024090511706,0.00115905827354567,0,6.80356133858562e-05,2.35589234929353e-05,0.0117920282475988,0.000120150729175094,0.000997035516153765,0.00964339057995293,0.00100078392017398,0.0045507613429834,0.00816489774371564,0.000707291401963058,0.0092075061186017,6.13506990243375e-05,0.000238687063487881,0.00411388319681153,0.000774986317323548,0,0,0,0.00455733553733439,0.00050187641567361,0.000144293389708337,0.00113037461534644,0.0456231503624796,8.90589493751047e-05,0.000140610225137809,0.000207786947250747,0.0236851872383772,0.000342299600362229,0.000375647103138942,0,0,4.67041464213192e-05,0.000550136829771096,0.0332428450273936
0.910654107629659,0,0.109730556096496,0.0573533067586554,0.00367349004966444,0.522608207431956,0,1.64152229810373,0.0746129971024407,1.55843373154436,0.0331274506396797,0.0361879367009466,0.00461102069583557,2.70896631561492,0.0410973252077744,0.00310878406875749,0.0315633536910988,0.0233668025352145,0.0159344497834736,0.0430209427192949,0.887725076274499,0.00133626978477453,0.0983718720639545,0.811203160307312,0.000325060903947869,0.0367704166755963,0.0140189212543603,5.68026868534798,0.680326433980108,0.313502003576971,0.000936284932509345,0.0114587750718864,0.0763134450486762,0.29027968114126,0.147490215464425,0.729732907240373,0.0157555613489272,0.150397042293913,0.0558735103765489,0.0963420879005859,0.0513694868403309,0.00630393083901843,0.0840255007820766,0.000726423283201525,0.00872249945125642,0.00236117934802168,0.0299617827643662,0.00878639927636904,0.000752122127131313,5.03303051928818e-05,0.000249424549361629,0.001619764047711,0.0283902689001432,0.000143166292589313,0.00518470997361541,0.0698928032782841,0.00754171055778064,0.0230602371896638,0.0216938475821554,0.00168983403067325,0.0157199877732126,8.60974711961804e-05,0.00747548722078307,0.00532654006198247,0.0048364591106483,0.000322499922526261,0,0.000101071253472966,0.0126201396408634,0.00285320531146446,0.000858722931398449,0.00148025079909224,0.282891486785718,0,0.00127170275068063,0.0100254458044503,0.14827186657201,0.00913825104933808,0.00329118201205715,4.49452681960165e-05,0.000775048340101043,0.000798268784931953,0.00950083631894543,0.0174818548441599
0.0388248965095933,0,0.0678980662262745,0.0320072748604226,0.00864673973705765,0.751906200865652,1.64152229810373,0,0.0171584401904299,0.799573250383169,0.027775756140318,0.406716143964844,0.00223034311008777,0.922157330460117,0.111610388935747,0.000440702631278515,0.111890847657447,0.0121802411589031,0.0203801919791017,0.0983364137570081,0.234193658968484,0.000414910929935578,0.295092951051405,0.0406341027060116,7.03107276986301e-05,0.0199173670360151,0.0171710128744076,0.108010299482598,0.168608392223818,0.386289076002538,0.000552149902355573,0.00726731162274391,0.0135455106738653,0.189985698618845,0.0257890387671152,0.328541466184182,0.0113090717873753,0.0680448075877975,0.0276292737092006,0.243246498683405,0.0532203764869737,0.00620145182558418,0.0234130999762798,0.000202060839993524,0.00210909371880122,0.000373153470498633,0.00914769904296932,0.00160131586382513,0.00079451890601838,3.71032508294225e-05,0.00021258912512002,0.000189288904945964,0.00719133513667864,0,0.000618393206599936,0.0256968358203372,0.00184083798852319,0.00608025034960306,0.00799937467341348,0.000485262182085136,0.00644034511428048,0.000103617003694242,0.00108375873075785,0.00149802686236785,0.00177683824289697,9.32745410846713e-05,0,3.38089079476506e-05,0.00303359855629639,0.00160451166276046,0.00040016307088744,0.00117854432116111,0.0998493296210366,0,0.000509982111197802,0.00298005447251578,0.0444986788462759,0.00144000629228864,0.000783199658993211,0,0,0.000133657154093295,0.00222082853087402,0.00314214933346424
0.000571557078292683,0.415813503354605,0.000618761347006225,0.303953825634601,0.0452410535951525,0.0183738562252326,0.0746129971024407,0.0171584401904299,0,0.0460742725839261,0.00182396796628605,0.134426800474925,0.0236510982973434,0.0114467226272781,0.107997332835874,0.018624714897689,0.00133855420730318,0.00144745072288593,0.00217070068405874,0.0933392892005533,0.00542290610831302,0.767657834161524,0.00513965276101327,2.7091502299593,0.13841836972115,0.0056145082594179,0.449447396415261,0.388280828610172,0.0174193411566037,0.00645260196037985,0.00593872353910981,0.00173805776206585,0.00492999955627721,0.0132581355287094,0.00528746291454557,0.0369554155722687,0.0017080506961001,0.00528937878931643,0.00246159112516858,0.114776809589609,0.00272271171232829,0.000224283798056465,0.0501199878319596,0.00144270804642884,0.00532255858267136,0.0021545474389253,0.0205698263906937,0.00430626075320177,0.000355534478683805,0.000460500958299452,0.00577449124865549,0.00189103186608015,0.0786845047518063,0.000542465066602612,0.00598660712497677,0.0406454606069483,0.00564747932258679,0.206582741793764,0.0346355906117161,0.00120520253171823,0.0240582013057011,0.00151644044712834,0.00876655847944264,0.00712507505610757,0.0625457841691964,0.00033170676172852,0.000650731922116208,0.000751051061913416,0.0202387597654594,0.0295027004427813,0.0470540508668312,0.0158303633235636,0.600208555522094,0.000933896169469235,0.00513790904609638,0.0213109441511681,0.149254952165153,0.0114612503971202,0.00679096239682383,0.000252111327481455,0.00085310028673997,0.000720592947805667,0.00545966296990158,0.00494756504223843
0.00247935280004006,0.000117566821355569,0.00272199545026671,1.07692708538481,0.00376700803243335,2.47205400589145,1.55843373154436,0.799573250383169,0.0460742725839261,0,0.0746499283643165,0.378177641967938,0.0097402189234137,0.524248736685907,0.0415211524674009,0.000239294939616203,0.0036200246643207,0.0465475123226068,0.0276329018181089,1.17965031533735,0.0110737428828298,0,0.00542680728319226,0.101238822548114,0.000415014680489695,0.0235351479450652,0.00328383175925373,0.791010562021159,0.317785847435339,0.0126209683693965,0.00134688357391727,0.020323776425436,0.00482078665499855,0.302051309778249,0.196831734952488,0.434263197367399,0.0085747547127564,0.116792512503589,0.0158096446560619,0.104772694137759,0.0504527534383611,0.00861698604840702,0.0130715503303815,5.68831767998516e-05,0.0019694945049694,0.00017568148494902,0.0292514859932707,0.00209786429512285,0.000870793259674021,0,0.000322678902006209,0.000138649246723294,0.0471298352585711,0.000405717037019491,0.00279074548326799,0.0206660694988098,0.00416944520393701,0.0155389960892287,0.0261266003872682,0.000522365451643363,0.0284148463334872,0.000287245394338852,0.0006669972287108,0.00781293470525969,0.000359110795424157,0,0,0,0.0227716707942097,0.000159422164548594,7.51029886658728e-05,0.000160529832873959,0.11452314877662,3.68139025040359e-05,0,0.00034274068478019,0.0771766241994656,0.00085877919506853,0.000306203100035748,0,0,7.08167893630087e-05,0.00187326533108387,0.0219285969285252
0.00135230610363982,0.00185005449412972,0.00975864040236537,0.00230482085165907,0.000240166283203071,0.023155321127583,0.0331274506396797,0.027775756140318,0.00182396796628605,0.0746499283643165,0,0.0831931696276021,0.275849668361882,0.0465544517965392,0.00785682585780593,0.000689021717631519,0.0251252574871924,0.807966322073235,0.0518108939017487,0.0191710910982127,0.00577498988434885,0.000101130319440437,0.0175136493825534,0.00410976209192111,0.0339010617617508,0.285282547372573,0.0335103888102584,0.00936136939368369,0.0740775038122762,0.0081089518078016,0.0163938230102158,0.0101811992794532,0.0010611643196313,1.39119797836727,0.0143552187434132,0.146773891049978,0.223399388822413,0.497733100460049,0.138908165901011,0.0206838393628511,0.0139178604773124,0.265613945966776,0.00125378819491839,0.00512699046438777,0.00966093107466552,0.00035077449681127,0.000534351303645844,8.49483700728654e-05,0.0295702244929164,0,0.00872977958809771,0.000108142795912003,0,4.20758608204484e-05,9.15374280714005e-05,0.000120098524973405,0.000201799629355931,0.002001986440836,0.000405100210863677,0.0908466885244011,0.000611160254640755,0.237357969822509,0,0.000199999411976701,0.000367837243129826,0.000200931038903337,0.000931543859706148,0.000579982034384289,0.000174811700535133,0.000128460503118482,0.000829237436888375,6.16969665279686e-05,0.00351637032709561,0.0255987773104635,0.0210783717122831,0.0203059156072963,0.000401166206731096,0.00102418420366875,0.000176751819743538,0.0295504419730066,0.00239347554446933,0,0.0212408378834881,0.0028272127319868
0.00104721671196891,4.20696943615377e-05,0.000461415314927158,0.169959526419332,0.0631057318163656,0.965066044278063,0.0361879367009466,0.406716143964844,0.134426800474925,0.378177641967938,0.0831931696276021,0,0.012214709058569,0.2510683978865,0.22879308363762,0.000158583896030629,0.00229981769264665,0.0522077613515134,0.0274934516855616,0.92523988527349,0.00206267601305837,0.000240765192916196,0.00255759719216944,0.0932459261307505,0.000196649236187351,0.0253590820941535,0.00374383384072647,0.0654754393255566,0.165455682740507,0.00668290955770137,0.00194152610215849,0.0204032149333705,0.000808720701016642,0.281641844825064,0.574568643808018,0.34536959864054,0.00742223521739222,0.0948077862303071,0.0114105185276281,0.307786878563005,0.0368144161204318,0.00893514516545949,0.0240783853501114,0.000275717735517323,0.00410128646036649,0.000703461654062319,0.194991369906079,0.0038262301138544,0.00127815304228376,0,8.96459873672214e-05,4.68157139102518e-05,0.0857891639079256,0.00504651624419511,0.0101025638837294,0.0208910297204194,0.00627237640624089,0.0199473853673568,0.050130959200804,0.00235817223945147,0.157099167150948,6.46432369175672e-05,0.00378183665945127,0.0441117961412942,0.000289386508736998,0,0,9.98598509811875e-05,0.0363348182545953,0.000590179128694847,0.000300266303091308,0.000543999555020142,0.0930735679808725,7.93063270550367e-05,0.000337190862396154,0.000548197771081251,0.0785809847750255,0.00211109797714204,0.000281712439584449,0,0.000705177067414373,0.000122080411757141,0.00239509240451054,0.0549409702334005
7.51079517990887e-05,0.15820295233259,0.000530483868708071,0.00045801665728603,0,0.00285260004332217,0.00461102069583557,0.00223034311008777,0.0236510982973434,0.0097402189234137,0.275849668361882,0.012214709058569,0,0.00524605410117043,0.00141505003141418,0.00119548931480301,0.000382048868409393,0.0142968765342084,0.00286498121356749,0.00324123344672379,0.000769991560521096,0.0346788274547452,0.000555564175137526,0.0148406994485081,1.09336917688592,0.0624300768652976,0.284422577795755,0.00241708338759986,0.00912311606121691,0.00102811844893469,0.087226823897716,0.001439864075111,0,0.340243763359454,0.00395979905059589,0.0480027408675405,0.184186391207797,0.138554573931799,0.0286505013627071,0.0028542598368068,0.00755876020330039,0.204539422449739,0.00433240130896447,0.0345787341726258,0.0466192012608952,0.000808956075268301,0.0015752862106788,0.000607721868522895,0.121635974260427,0,0.0708342827032736,0.000235643457159737,5.11599022743225e-05,7.86204782310132e-05,0.000525855248329818,0.000304690339372641,0.00119374595105121,0.0130900173671503,0.000624353707187682,0.426554566240399,0.000726462330417991,1.5036753290777,0.000863490734888001,0.000720543709778404,9.83401864124891e-05,0.000626670258980608,0.00563367225587403,0.00484198268929491,0.000354210333470607,0,0.00960209635642754,0,0.00368314103778531,0.226617942482754,0.216572923921005,0.365802034327403,0.000237643850343508,0.00510955202293137,6.10236238632083e-05,0.264003734950856,0.00933413692052033,0,0.106919140202832,0.000360904640327627
0.47385677281988,0.000119287581781333,0.0629865002407333,0.0291044978914527,0.00154395646502881,0.0961055583649521,2.70896631561492,0.922157330460117,0.0114467226272781,0.524248736685907,0.0465544517965392,0.2510683978865,0.00524605410117043,0,0.023728795232468,0.000257256092644256,0.252371622032346,0.0242124478915211,0.0381823405932748,0.0934695395125174,0.228818120949738,0.000273860226724857,0.462385915217902,0.0338134611003107,0.000160372094199515,0.0251345962544353,0.02294152778715,0.0985379126392206,1.19031411569796,1.00807654219119,0.000717324448333126,0.00701522080798568,0.0163188171631772,0.306651553695178,0.0271620865465932,0.267539209562296,0.0124336966620542,0.108261024948773,0.0317391797577371,0.0700247777920923,0.0277260468237578,0.00489017018981502,0.0224656728050185,0,0.00215761439539056,0.000571622945157319,0.00591317474333908,0.00158335214729195,0.00053372546191172,0,4.1998871386987e-05,0.000585892163852096,0.00190788957646937,3.50845478980661e-05,8.19482707577794e-05,0.0183268747145797,0.000854732808744022,0.00409794390954171,0.00247436320536438,0.00174639816696914,0.00317305762482458,0.000133853628617829,0.000797308891556996,0.00119146654081888,0.00273875327759996,0.000107847243670097,0,0,0.00109695874775078,0.00143842075149091,0.000364914891764787,0.00120398324439972,0.0755244821759816,0,0.000618084160254323,0.00327924917661825,0.0339930014377228,0.00128196210890204,0.000545445414052159,0.000200607906155574,0,0.000227632407649532,0.00162413642058487,0.00287319056131959
0.000302789152666774,0.00446877717613052,0.000792111964332312,0.0254809973412651,0.437114458261395,0.184710869989657,0.0410973252077744,0.111610388935747,0.107997332835874,0.0415211524674009,0.00785682585780593,0.22879308363762,0.00141505003141418,0.023728795232468,0,0.00234563865185331,0.00279977744693961,0.00466382502226925,0.00185021267293107,0.0204152899953514,0.0253980347044043,0.00593429199491893,0.0160555228407239,0.120602470502928,0.000495595277951312,0.00327922003693942,0.00600484908833641,0.0521541028113258,0.0139718781727624,0.022188746822813,0.000355663229850948,0.0151579001330324,0.000823846294301216,0.0253066804978871,0.468601181039857,0.0558678095625422,0.00275393287071037,0.0049840884586422,0.00256631579484709,0.303621496105003,0.0104786272603024,0.00100174171826392,0.0088660711171156,0.00159669708777479,0.00122236663364501,0.00101513411519649,0.0391090313772441,0.00103040123035184,0.000232582498594141,0,0.000108731339231789,0.00118382266952263,0.0150191263631696,0.00129292906477181,0.00193043418770451,0.00560816382535939,0.000969557627758335,0.00552329221295104,0.00564119568222798,0.000103824111497581,0.0211256402676184,0.000129478584548199,0.000761856739364668,0.00829957383608148,0.00125529432792578,0,0.000216317458885014,0.000229207305804062,0.00722401875717801,0.0010044417844706,0.000107033226612973,0.00302686204641933,0.0260044914632471,0,0.000383652037694448,0.0024593208639573,0.0188147665261786,0.000425529747762352,0.00108983919168008,0,0.000105033004329544,0.000179249254331178,0.00145836468560312,0.0775496527301088
7.5052345978266e-05,0.0177560252198887,0.0026772906107585,0,0.00119412785712887,0.00017694461405797,0.00310878406875749,0.000440702631278515,0.018624714897689,0.000239294939616203,0.000689021717631519,0.000158583896030629,0.00119548931480301,0.000257256092644256,0.00234563865185331,0,0.0036275915742767,0.00102649936718903,0.00167828941057807,5.40049715683281e-05,0.689679915264836,0.581464528137996,0.708406778582125,0.544774759865157,0.00338740240213332,0.0031806095189615,0.540929060056275,0.296890024058656,0.000470952572382164,0.00347863412226852,0.000222709197221708,0,0.000359862021822798,0.0609523001319271,0.0661366050108637,0.670858117303954,0.372811619745778,0.070808152204879,0.0865284277836317,0.00509796398478495,0.00834296327204606,0.000778067266546941,0.0788698296631211,0.0163192104235926,0.0138378171671147,0.00601262404019488,0.0128785111906746,0.00255702152490281,0.00107365326712374,0.000748858178758287,0.00244130902141962,0.00585538568469559,0.000122769950155669,0,0.000121556878459183,0.00768288347580571,0.00413993292489528,0.0127656493493747,0.000768618633795247,0.00150102015610356,0.000667255297591424,5.32657877910376e-05,0.00916955040282037,0.000822344012404281,1.40824311868009,0.000798605482016439,8.95836181068418e-05,0.000573089052368197,0.000248056236945009,0.221175700246225,0.25096550685107,0.679935751694647,0.133839349550124,0,0.00219047989833459,0.277651924181863,0.140749323908618,0.00999793084706847,0.035651898388522,5.00582505774319e-05,0.000732334260147738,0.00106264574934544,0.00742560220228368,0.0252557289933625
0.0598590161629246,0.00694157555943724,3.07199601415759,0.0001971498735217,0.000220192064613843,0.00304529050419177,0.0315633536910988,0.111890847657447,0.00133855420730318,0.0036200246643207,0.0251252574871924,0.00229981769264665,0.000382048868409393,0.252371622032346,0.00279977744693961,0.0036275915742767,0,0.0231930475676796,1.0904971102027,0.000781830096428886,0.257196826070219,0.00266113896927895,1.69979270480813,0.00180264160760297,0.000818668498550423,0.890746455334616,2.01629444053133,0.00605246429511584,0.284844671285461,0.254797647911437,0.00042385548627618,0.000486247827566406,0.0314778238431477,0.858872587132866,0.0244490177713409,0.233804976291938,0.129162702298944,0.223961306515079,0.12746598310553,0.00441900865313677,0.00724219677571659,0.000408662754909355,0.0186989542613766,0.00682496611945571,0.00533944105019915,0.00301691483181959,0.00122984519514756,0.000867120683901391,5.94407542612255e-05,3.61245045715422e-05,0.0129319754874066,0.0843484841535767,0,0,0,0.000979402456665588,0.00019859704825224,0.000858772738313152,0.000134456375394794,0.00122591934740938,4.98725732087433e-05,0.00376225099800643,0.000642693982724816,0.00045327885968253,0.005202471255182,0.0262684452550032,0.000946890562916596,0.0182507846874777,0,0.00379889960476337,0.00265405984167405,0.0129992467314552,0.00298585182648675,0.000970541374607035,0.148845964772168,0.358161574930058,0.00603673506777718,9.41378593787732e-05,0.00296270096384709,0.00338066342473625,0,0,0.00601266349008064,0.00520003936672821
0.00139361844962471,0.000696613288740957,0.0150043267166356,0.00148023910763597,0.000267218491622317,0.0128486029589518,0.0233668025352145,0.0121802411589031,0.00144745072288593,0.0465475123226068,0.807966322073235,0.0522077613515134,0.0142968765342084,0.0242124478915211,0.00466382502226925,0.00102649936718903,0.0231930475676796,0,0.477951822049865,0.0133455562578416,0.00742455803631137,4.31431357965171e-05,0.0208997922093684,0.00259434517864573,0.00145273731426258,0.596462222188953,0.111591464424515,0.00622570652884977,0.046731303019413,0.00695492727506514,0.0116084459181079,0.00730148069730929,0.000771416188112011,0.458179226306465,0.0362449114990585,0.400662029418569,0.355537300578545,0.473567229848369,0.276434317370896,0.0110724718220721,0.00522485831503074,0.00448111666308014,0.00120760237986956,0.00127782012607671,0.000676008225485679,0.000273226364380169,0.000413250333453452,0.000164663715491306,0.00173318592006681,0,0.00131306878746608,0.000868787402361511,0,5.29315067223429e-05,0,0,0,5.50737823063731e-05,0.000140028613816821,0.0103447755209528,0.000348316397395468,0.0440798550008417,5.24563382211328e-05,0.000202976987563169,3.12556427935332e-05,0.000631693448449525,0.000543301696350175,0.00151859048346077,0,2.92052390193105e-05,0.000156887487733031,0.000439013936907307,0.000170275005812002,0.00103226047155873,0.0324569753174442,0.0288133129960771,0,0,0,0.0123860709928964,9.11135741536617e-05,0,0.00266726594084629,0.00732995884433578
0.007391324158851,0.00424975033111745,0.267589132263151,0.0010063471547232,0.000270340700402218,0.00502123611312621,0.0159344497834736,0.0203801919791017,0.00217070068405874,0.0276329018181089,0.0518108939017487,0.0274934516855616,0.00286498121356749,0.0381823405932748,0.00185021267293107,0.00167828941057807,1.0904971102027,0.477951822049865,0,0.0071634233182686,0.0450992913448568,0.00116422032071291,0.208936383191244,0.0017536673638474,0.00195665643383063,2.00614366916813,0.884866983079814,0.00476167146120638,0.0558281968251394,0.0232825263161862,0.00529186526989449,0.00165888447975641,0.00486356843489824,1.09461824243952,0.0469574120612139,0.668595281141294,0.301734566643102,0.47927681171677,0.359861327613904,0.00639013637073488,0.0105083799305743,0.00109732146616814,0.00887549058911853,0.00588214228702762,0.00293600292882811,0.00163666068123836,0.000338931056297779,0.000585611009378716,0.00039108104278006,0.000180536831553417,0.00894960001001881,0.0174576538621292,0,0,4.3772531321311e-05,0.000228318471854809,0,0.000333615147318649,6.41405370736122e-05,0.00372798877104923,6.65028292895436e-05,0.0153987992626535,0.000152768583477151,0.000424303165574455,0.00126607551980613,0.0107920142428293,0.000861221503760969,0.0191468918181621,0,0.00126349947574343,0.00120335808158476,0.00372033951288055,0.000653708500393832,0.00216331140276766,0.174144178670466,0.162624009057765,0.00104175012039247,3.79357906742841e-05,0.00109100655572897,0.00844227568943348,0,5.58252287684679e-05,0.00282887058235795,0.0153406839810095
0.00162926703613581,0,0.000527982376993138,1.7047148737201,0.00372526938608061,0.100950548904946,0.0430209427192949,0.0983364137570081,0.0933392892005533,1.17965031533735,0.0191710910982127,0.92523988527349,0.00324123344672379,0.0934695395125174,0.0204152899953514,5.40049715683281e-05,0.000781830096428886,0.0133455562578416,0.0071634233182686,0,0.00218669387282817,0,0.00121234230319238,0.148022835067683,9.58447043027279e-05,0.00825867036799392,0.000918415307149317,0.373356460369273,0.101934299831849,0.00430094617630887,0.000657443653784796,0.00559289714798985,0.00181239118415119,0.0953889574314103,0.0316546446996061,0.168143893794149,0.00329653047169865,0.0335446663222612,0.00621719328283223,0.0504468193992331,0.0174711152840711,0.00161025550853673,0.0204488890657725,0,0.00376405201838316,0.000312182490964022,0.061107029000853,0.00411768700297681,0.000266411692178261,0,8.10010380547199e-05,0.000106261515584314,0.0997031359529697,0.00187176009003581,0.00768743260879619,0.025565430952485,0.00635219280526559,0.0224038162409823,0.05486756956197,0.000504188203326869,0.0726036964757967,5.97247953116119e-05,0.00272118639868391,0.016799019903851,8.1619100311637e-05,0,0,0,0.036637297932495,5.58853014091849e-05,0.000185153233727777,0,0.157869406154095,0.000198709067573583,0,0.000346181311331299,0.114349680790557,0.00191742224770835,0.000439267606859953,0,0.000348172176235735,0.00034756228676092,0.0030702927466226,0.0030483242474632
0.0360282705749894,0.00350562261061236,0.376517515775461,0.000895246904984159,0.00556580220512074,0.0199869630210264,0.887725076274499,0.234193658968484,0.00542290610831302,0.0110737428828298,0.00577498988434885,0.00206267601305837,0.000769991560521096,0.228818120949738,0.0253980347044043,0.689679915264836,0.257196826070219,0.00742455803631137,0.0450992913448568,0.00218669387282817,0,0.0374946253806636,4.58636495940331,0.057131941147146,0.000918771142730991,0.0436636689038581,0.266096648085151,1.81903329626925,0.120654994585577,3.83573684174257,0.000172325070126641,0.0010255534782777,0.0427034116422699,1.58455788810355,0.319177454334094,1.77886092483778,0.230250655153667,1.09939670238945,0.484912538438228,0.0262806089885094,0.0369781501169934,0.00452542603685617,0.0828834294593767,0.00711527936924245,0.0082558000007671,0.00472135976247523,0.0212496341662238,0.00528151774114327,0.00168245453518257,0.00149196211491266,0.000682138434795102,0.0041967747484946,0.000176073813606435,9.25965583585739e-05,0.000894208116519863,0.0243295144828938,0.00962269552245049,0.0126147033384462,0.00153762703508388,0.00399338175204172,0.000786055787646324,3.38613556237995e-05,0.0164238299731732,0.00405949498005601,0.208896308699846,0.000895925435527789,0,0.00028912993347854,0.000404340783589727,0.149397299721026,0.0399376316391304,0.080182269335995,0.173314543499319,8.53822134667517e-05,0.00420793464850923,0.0350663157322123,0.190390043866914,0.018893314015917,0.0482046353934081,3.31219236898482e-05,0.00067237571062606,0.00318035226010168,0.00729301675955204,0.0731914514697629
0,0.253467501436748,0.00348749151709367,0,0.001976892900165,7.37771391314566e-05,0.00133626978477453,0.000414910929935578,0.767657834161524,0,0.000101130319440437,0.000240765192916196,0.0346788274547452,0.000273860226724857,0.00593429199491893,0.581464528137996,0.00266113896927895,4.31431357965171e-05,0.00116422032071291,0,0.0374946253806636,0,0.0288792376250292,1.56425374717926,0.143043434932165,0.0068311296754017,1.33942490739642,0.0570910127557018,0.00143537410173202,0.00199655985632726,0.00816612606768238,7.24330617879748e-05,0.00164521972152422,0.00282146207829007,0.000913138791869542,0.0110815883978006,0.00327144258478554,0.00184071977464973,0.00193947886121115,0.00707013491786854,0.000317839671538159,0,0.0126332403366645,0.00233744404835264,0.00268150372558366,0.000934593222800601,0.00156741120720512,0.000371165220603537,0,4.94909363576472e-05,0.0476112042887286,0.00908465424163143,0.00167519649364854,0,0.00026758828016341,0.00169803333042167,0.000918141983657361,0.0084316138983646,0.000261267512290603,0.000331290308029693,0.000112231752809346,0.00277162180290484,0.0010905409295537,0.000298801446028137,0.16115493135313,0.00191818576488501,3.85725372548788e-05,0.00104563952655913,4.55114259121179e-05,0.0271572991129753,0.133967733159794,0.0422488403873802,0.0549198014986779,0.00244767459795741,0.0107488764704943,0.40124383927659,0.0253005623663155,0.000950878922722288,0.00480041624961816,0.000552729320065323,0,0.000136920634246206,0.00214033048764193,0.00109543679358572
0.11736903431641,0.0018815442259107,4.02935548601631,0.000367864207926232,0.00574730956098682,0.0080245142494862,0.0983718720639545,0.295092951051405,0.00513965276101327,0.00542680728319226,0.0175136493825534,0.00255759719216944,0.000555564175137526,0.462385915217902,0.0160555228407239,0.708406778582125,1.69979270480813,0.0208997922093684,0.208936383191244,0.00121234230319238,4.58636495940331,0.0288792376250292,0,0.0400470439951547,0.000533959639860991,0.34230894072142,2.42267178415055,0.153946139210068,0.309167842282441,1.08970450874234,0.000566577559713865,0.000867808798910772,0.0366943191850657,1.73709315383138,0.479714190413656,3.88906843694131,1.56906517462218,2.07865498068595,1.27704747562526,0.0514531796851894,0.062281706973347,0.00595556673935767,0.0455463909023508,0.013189738404914,0.00829952036300325,0.00848622628720552,0.0116184943712609,0.00284333164956253,0.000688484547422719,0.000799092536285265,0.00320395721665519,0.080768680961971,0.000169024296241593,0,0.00020016807188532,0.00580181222010278,0.00192957266503456,0.00388851697919939,0.000238423270616356,0.00176664304721898,0.000665895532532999,0.000519002451305071,0.00456065624803192,0.0033751061974511,0.545300780788492,0.00490233415509024,5.51925791138768e-05,0.00156128352862542,0,0.0962021901285391,0.0767837624757905,0.37622421627631,0.0496604068489293,0.000205972650492668,0.0177016805405806,0.901077209011606,0.0722123721645739,0.00375307790108674,0.016331039501454,0.000426576601318118,0.000178898850102833,0.00109750873080302,0.00455639356976652,0.18643329243061
0.00203594266019614,0.344130798595232,0.00189809761897747,0.566671644395143,0.0414722983127404,0.0284787094197086,0.811203160307312,0.0406341027060116,2.7091502299593,0.101238822548114,0.00410976209192111,0.0932459261307505,0.0148406994485081,0.0338134611003107,0.120602470502928,0.544774759865157,0.00180264160760297,0.00259434517864573,0.0017536673638474,0.148022835067683,0.057131941147146,1.56425374717926,0.0400470439951547,0,0.0943914595127768,0.00403381588096846,0.449953859250633,1.30170028274606,0.076605055626369,0.0220243990060687,0.00405684681370795,0.00225515079301433,0.0354785778917958,0.101691301598879,0.0655756782030618,0.447719252968308,0.0234967724231291,0.0455283827681165,0.0213572656353362,0.142887427478184,0.0143629943133222,0.00121867828587781,0.433835563457171,0.00681261093074455,0.0533285894175766,0.0145293824764727,0.123918084505115,0.0458299925211363,0.00267711990472798,0.0022703587719692,0.00965554581058187,0.00214308052229925,0.207514229719895,0.0027584336108109,0.0225006968986765,0.343489664000871,0.0451946609227981,0.288955215173872,0.138345362764309,0.00807037867824827,0.103846781535621,0.0010951640366401,0.0549419237496174,0.0292510605005826,0.213143985326215,0.000738048334148013,0.000459099837699396,0.000648539144310606,0.0733645653807511,0.114234902627336,0.116903188021497,0.0555206930283538,2.31545644945062,0.00144057039920064,0.00293187479829487,0.0300226149892109,0.96114558674603,0.064992344478196,0.0446969491798966,3.91975408749967e-05,0.0075616759293508,0.00641894372332401,0.0492197914891979,0.0343626735792958
0,0.443490392181623,0.000328478770319203,0,0.00011867892372542,5.68426055269122e-05,0.000325060903947869,7.03107276986301e-05,0.13841836972115,0.000415014680489695,0.0339010617617508,0.000196649236187351,1.09336917688592,0.000160372094199515,0.000495595277951312,0.00338740240213332,0.000818668498550423,0.00145273731426258,0.00195665643383063,9.58447043027279e-05,0.000918771142730991,0.143043434932165,0.000533959639860991,0.0943914595127768,0,0.0422118594941722,0.615729147667214,0.00202463886911696,7.11724587265432e-05,0,0.0904516883739111,0,8.70899807843331e-05,0.0467718001567206,0.000254203302178562,0.00592659947789387,0.00711446134422115,0.011712549161368,0.000852370661676323,0.000995475987324501,0.000614991894150758,0.00518816213476904,0.00364513145093874,0.0100517781455131,0.012494747463754,0.000771579236402557,0.00017939984328447,0.000149819372665233,0.0226642106702483,0,0.075723193984984,0.000507592051187969,0.000376621029070741,0,3.87066120847255e-05,0,0.000106812395278072,0.00424316971044538,7.93623168163539e-05,0.0691790878120677,0,0.253385008150754,0,0.000457697654239678,0.000200605405860162,0.000649795079217494,0.00050422061820541,0.00384048458361556,0,0,0.00353440679567022,0.000334644189781252,0.00188196948214768,0.130037069499141,0.110000400785578,0.327570112920579,0.000119229545898115,0.000547291156473142,5.68334003194571e-05,0.0561531396907964,0.00136574300723539,0,0.0187215817826886,0.000112022037019968
0.00301966797311738,0.0343517163741099,2.85483551748325,0.000894065307043782,0.000143531841397267,0.00738233660117506,0.0367704166755963,0.0199173670360151,0.0056145082594179,0.0235351479450652,0.285282547372573,0.0253590820941535,0.0624300768652976,0.0251345962544353,0.00327922003693942,0.0031806095189615,0.890746455334616,0.596462222188953,2.00614366916813,0.00825867036799392,0.0436636689038581,0.0068311296754017,0.34230894072142,0.00403381588096846,0.0422118594941722,0,3.5094553646267,0.00571530794288323,0.0339940912762262,0.0198901319501834,0.0615837045715108,0.00331072552900946,0.00190193552795481,0.454452290611617,0.067710515719606,1.26835133401433,1.27377181319264,0.614447445247234,0.469721165642499,0.00778049663577618,0.0158569207286711,0.0142500702362047,0.0732884475952196,0.0685727828361394,0.0270035782704522,0.0144246666584954,0.001803741423877,0.00387163928985787,0.0171350927853737,0.000364724085044742,0.0893165631972815,0.133324798394876,0,0.000119670487508941,9.51976428330061e-05,0.00130378026492371,0.00051127633246347,0.0051449531836121,7.94869593519895e-05,0.150077585354982,0.000235460823221794,0.775205370178188,0.00105034597916705,0.000742968000149569,0.00124405846387973,0.0792325206521483,0.0154767006624789,0.133698889977149,5.94577974734008e-05,0.0038268824147072,0.00537302003631837,0.0177660394297636,0.00208751487944457,0.0555453631763039,1.44594117850873,1.66034971948183,0.00206021946345115,0.00215666831685009,0.00682746208851439,0.264048554977194,0.00364249133563555,0.000104717243707487,0.0447491508133986,0.0228363346515411
0.00508860712083464,1.15549143495935,1.81825205862343,9.70136579589067e-05,0.00290368465814315,0.00228152087027727,0.0140189212543603,0.0171710128744076,0.449447396415261,0.00328383175925373,0.0335103888102584,0.00374383384072647,0.284422577795755,0.02294152778715,0.00600484908833641,0.540929060056275,2.01629444053133,0.111591464424515,0.884866983079814,0.000918415307149317,0.266096648085151,1.33942490739642,2.42267178415055,0.449953859250633,0.615729147667214,3.5094553646267,0,0.123341679201846,0.0227181881198383,0.0261166912038472,0.184812688784635,0.000481110038883313,0.00410357512262828,0.824768026151907,0.194671553896165,3.16796402072758,1.22060548386621,1.1771396187357,0.942207879086076,0.0338726776122535,0.0488681709233216,0.00398513688745283,0.268909188369622,0.182490342070142,0.0820880888293985,0.0467324598555327,0.00923363999520443,0.0141273978607798,0.0110143887656775,0.00181480167026353,0.993003985041807,0.86936260952463,0.000963761139994569,0.000351962212047446,0.000278703778864566,0.0138607428556779,0.00544727456331438,0.0251917140516524,0.000449788374712506,0.125787203829022,0.000611441362292123,0.645577865923545,0.00927098535094967,0.00230616722562221,0.838168642278889,0.221708482506809,0.0223249599296439,0.325033447742747,0.000202639077788586,0.0553538488398816,0.530168328395283,0.678961611790937,0.0565393593609792,0.175774566571711,3.51728015755652,12.2228429311325,0.0780348337298493,0.00418122793268933,0.0312245129778722,0.306151029639662,0.0025844278130783,0.000171907244542879,0.0831132422978674,0.098973429390928
0.00441252488145432,0.00753851650296524,0.0222899397596705,0.940542872909256,0.0130622796634132,0.125619007006483,5.68026868534798,0.108010299482598,0.388280828610172,0.791010562021159,0.00936136939368369,0.0654754393255566,0.00241708338759986,0.0985379126392206,0.0521541028113258,0.296890024058656,0.00605246429511584,0.00622570652884977,0.00476167146120638,0.373356460369273,1.81903329626925,0.0570910127557018,0.153946139210068,1.30170028274606,0.00202463886911696,0.00571530794288323,0.123341679201846,0,0.159573410613701,0.586240227061805,0.000276807480376697,0.00452869462763163,0.0597808194496495,0.292452859295,0.167508565140915,0.953889012009839,0.0573464066503291,0.162440979202257,0.0826746839484966,0.0960068877017593,0.0431741544988627,0.00358024620040828,0.270720693084335,0.00431416141045553,0.0321921503928003,0.00837716782364947,0.118034839414569,0.0299527266171257,0.00321658829236344,0.00135129702842401,0.00102440305677366,0.00145885062784917,0.18465281171147,0.00229148259970056,0.0157384907997205,0.204302414559366,0.0313901189652745,0.110497086232128,0.121781087756395,0.00835269204791562,0.0917775108545691,0.000370802876762268,0.0334803099989244,0.0280544427425277,0.115931328923316,0.000187870083284471,4.30252239250303e-05,0.00025842760044116,0.0758891413048499,0.0721127414207181,0.0284989400332916,0.0305268137532425,1.06485550219036,0.000478260713468465,0.00161700817903105,0.0120349309098195,0.615230577922658,0.037598533589176,0.0357337709995914,0,0.0024490779262153,0.00440423216945192,0.0263010258460073,0.0304939416928758
0.840534521395678,0.000105779745179486,0.0241755124039588,0.0322694503638884,0.000966068414005921,0.0565039165474371,0.680326433980108,0.168608392223818,0.0174193411566037,0.317785847435339,0.0740775038122762,0.165455682740507,0.00912311606121691,1.19031411569796,0.0139718781727624,0.000470952572382164,0.284844671285461,0.046731303019413,0.0558281968251394,0.101934299831849,0.120654994585577,0.00143537410173202,0.309167842282441,0.076605055626369,7.11724587265432e-05,0.0339940912762262,0.0227181881198383,0.159573410613701,0,2.16462001289865,0.00117158116933752,0.169469857068595,0.209046505933167,0.666401591249932,0.0335388927562132,0.243279912432305,0.00962467853998581,0.167768599834326,0.0326346389864967,0.0429629046869465,0.0262587209623411,0.00494065880022869,0.0605945643187151,0.0004517031444839,0.00382840454445481,0.0011516441555186,0.012851035882172,0.00438146134000946,0.00125792821590144,0,0,0.000504568128833446,0.00342315715562137,4.26412693843663e-05,0.000543863260826951,0.0326104884505011,0.00262860020671867,0.00878301907362374,0.00327582968084093,0.00266181850883694,0.00358594793212633,0.000457329811153162,0.00292191220734657,0.00101382461590848,0.0103111023593807,0.000237017741723919,0,9.37694708158227e-05,0.00203285312615695,0.00508963094732516,0.000985965455873642,0.000970807637339671,0.152227621380729,0,0.000727601250094911,0.00188247860363051,0.0824383863995418,0.00516548429150026,0.00369679326644723,0,0.000113958127194286,0.00050212221952833,0.00522469318081958,0.00634885927470132
0.641420639478343,0.000334224746496994,0.0985725292198425,0.00118074549649447,0.00221704590698673,0.0095207424138491,0.313502003576971,0.386289076002538,0.00645260196037985,0.0126209683693965,0.0081089518078016,0.00668290955770137,0.00102811844893469,1.00807654219119,0.022188746822813,0.00347863412226852,0.254797647911437,0.00695492727506514,0.0232825263161862,0.00430094617630887,3.83573684174257,0.00199655985632726,1.08970450874234,0.0220243990060687,0,0.0198901319501834,0.0261166912038472,0.586240227061805,2.16462001289865,0,0,0.00205652226632378,0.33259334100595,1.32541996037271,0.172889492295925,0.708634560258346,0.0346931727779374,0.407997479199586,0.131604401703567,0.0256312854724982,0.0379811472434166,0.00270532795664019,0.0370125018161323,0.00150100753054817,0.00383278202561014,0.00174239351778565,0.0106806417839622,0.00242819029914411,0.000604053420110572,0.000615651850402439,4.10483658253252e-05,0.00132413144986839,0.000552559971873134,0.000139861276630026,0.000363701216064352,0.012048634221296,0.00251869364670446,0.00506147218962663,0.0013556074323657,0.00122919286854265,0.000917329975264525,0.000139495334517175,0.00355015710696064,0.00146046262074228,0.0354254241959003,0.000171409699802386,4.53052124091982e-05,2.4446364487347e-05,0.000592234736735645,0.0301845820073393,0.00501984219375151,0.0122731845232184,0.075370901476421,0,0.00070960716012289,0.00731608711174298,0.0697070522538894,0.00407061078544134,0.00919023521098453,0,0.000198496650154143,0.000876794226185188,0.00312412117345558,0.0241640628629812
0,0.0348644494915217,0.00046432866007829,0,0,0.000504067561732113,0.000936284932509345,0.000552149902355573,0.00593872353910981,0.00134688357391727,0.0163938230102158,0.00194152610215849,0.087226823897716,0.000717324448333126,0.000355663229850948,0.000222709197221708,0.00042385548627618,0.0116084459181079,0.00529186526989449,0.000657443653784796,0.000172325070126641,0.00816612606768238,0.000566577559713865,0.00405684681370795,0.0904516883739111,0.0615837045715108,0.184812688784635,0.000276807480376697,0.00117158116933752,0,0,0.000394271143476593,0,0.0128398077226879,0.00100324075539547,0.0191588788547615,0.0831012688817912,0.0307784414023222,0.0150942765320353,0.000721485225513864,0.00111070044391222,0.00270935966426411,0.000794259048536917,0.00923521819899298,0.00449341390721101,0.000489209169961497,0.000114045103762793,0.000148304760191572,0.00668495466824719,0,0.0113009846333677,4.09526194940686e-05,0,0,0,0,3.63701000683099e-05,0.000870235876402877,0,0.0510125114891592,0,0.303516285097433,0.000188035175355816,7.15010368742406e-05,0,0.000152598277774829,0.00173303701904703,0.00375564083732733,0,0,0.00200080245029084,8.09157868773343e-05,4.8829472437197e-05,0.0296069878697879,0.128958673738166,0.203263479076301,0,0.000781865070130354,0,0.0967609208622651,0.00153113951998163,0,0.0114411843137445,0.000772217717738676
0.000319921108941585,0,0.000144997541256646,0.00144904463780043,0.0150443644410489,0.0162528671941525,0.0114587750718864,0.00726731162274391,0.00173805776206585,0.020323776425436,0.0101811992794532,0.0204032149333705,0.001439864075111,0.00701522080798568,0.0151579001330324,0,0.000486247827566406,0.00730148069730929,0.00165888447975641,0.00559289714798985,0.0010255534782777,7.24330617879748e-05,0.000867808798910772,0.00225515079301433,0,0.00331072552900946,0.000481110038883313,0.00452869462763163,0.169469857068595,0.00205652226632378,0.000394271143476593,0,0.000322212788882017,1.00205152700299,0.0122353849143645,0.15377228036556,0.00168059785279861,0.0119188294652515,0.00442054279038921,0.109525259834439,0.483650992622618,0.00238088852827388,0.00175557189130379,0.000105078932040596,0.000210764911459911,0.000157440095159012,0.00125730043105384,0.000209287133862674,0.000100995790437078,0,0,0,0.000219743067275945,0,0.000113759929619729,0.00119894778522269,0,0.000245414988549137,0.000193677419708294,0.000418804519648957,0.000344168285568833,4.80214696674466e-05,0,0.000206568741520703,0.000366482160272548,0,0,0,5.96471269589841e-05,0.000574215320737618,3.08306136433065e-05,0.000309636590912309,0.00493689901845969,0,8.86982162110299e-05,0,0.00184791905455936,0.000126641208110678,0.000112817383800018,0,0,0,6.23962626336872e-05,0.000760675136742091
0.00367218508742934,0.000148654293530503,0.00138113539468243,0.00105609416300268,7.14394518825531e-05,0.00272107132422631,0.0763134450486762,0.0135455106738653,0.00492999955627721,0.00482078665499855,0.0010611643196313,0.000808720701016642,0,0.0163188171631772,0.000823846294301216,0.000359862021822798,0.0314778238431477,0.000771416188112011,0.00486356843489824,0.00181239118415119,0.0427034116422699,0.00164521972152422,0.0366943191850657,0.0354785778917958,8.70899807843331e-05,0.00190193552795481,0.00410357512262828,0.0597808194496495,0.209046505933167,0.33259334100595,0,0.000322212788882017,0,0.222735800697334,0.00437296395494831,0.00897236730674049,0.00074543033461631,0.0565081981839349,0.00877275318607286,0.00112827656549335,0.00425506933269043,0.000257262816285104,0.0187771360758877,0.000187818412853712,0.001790690101887,0.000921513898906632,0.00459464740597702,0.00137744036073199,0.000101299829168564,3.85698566947221e-05,4.61822074128508e-05,0.000125655511125195,0.000430311937314927,0,0.000173129013427997,0.00802991151639242,0.00125927624034049,0.00466259940227369,0.000391140989001346,0.000756423707464945,0.000739677758876002,0,0.00217081082581742,0.000152063331611574,0.0065377735380047,0,0,2.4267595706451e-05,0.000380150622125846,0.0040039908168435,0.000606170669329471,0.000842605877338775,0.049880370862254,0,0.000216247434225759,0.000557917610969987,0.035979183693862,0.00167087072740488,0.00248703037147907,0,0.000228486134454584,0.000288609066694134,0.00241476301747189,0.00198989617574794
0.0358013679820327,0.0029406933121217,0.272080225144725,0.0353326928018542,0.0360385123749566,0.140260431428695,0.29027968114126,0.189985698618845,0.0132581355287094,0.302051309778249,1.39119797836727,0.281641844825064,0.340243763359454,0.306651553695178,0.0253066804978871,0.0609523001319271,0.858872587132866,0.458179226306465,1.09461824243952,0.0953889574314103,1.58455788810355,0.00282146207829007,1.73709315383138,0.101691301598879,0.0467718001567206,0.454452290611617,0.824768026151907,0.292452859295,0.666401591249932,1.32541996037271,0.0128398077226879,1.00205152700299,0.222735800697334,0,0.126172456081533,0.622384403510503,0.132423280063054,0.538819143674732,0.213418021076956,0.576683719153498,0.39767800258767,0.365535270592226,0.137217410804115,0.00718174579910028,0.0591881616456059,0.047136204424016,0.308807515893956,0.0388320097493746,0.0184639526192802,0.000142141070802846,0.0040775701797985,0.0170710582369464,0.0118078400080971,0.00116813930902641,0.00490591348716813,0.0495354578889804,0.0127555331681822,0.00780452983346991,0.0239044581899471,0.060120365911055,0.0238368901552144,0.0863469322620292,0.0113390288240218,0.010351419810196,0.0199488591252843,0.00532556284446327,0.0026817871532657,0.00525953570105816,0.0107072591891363,0.0142688550258721,0.00241476038841595,0.0111440017926083,0.142554260241933,0.04442973731593,0.0442077585444283,0.0888885057796176,0.105901274418912,0.013917920826203,0.00811557756957495,0.0146341935749022,0.0161198046889692,0.00115417663404073,0.0289789958581989,0.0324294764925862
0.00178108081110845,0.000905009086017869,0.0538610386776739,0.0123483610435122,0.542584935697387,0.413337078278756,0.147490215464425,0.0257890387671152,0.00528746291454557,0.196831734952488,0.0143552187434132,0.574568643808018,0.00395979905059589,0.0271620865465932,0.468601181039857,0.0661366050108637,0.0244490177713409,0.0362449114990585,0.0469574120612139,0.0316546446996061,0.319177454334094,0.000913138791869542,0.479714190413656,0.0655756782030618,0.000254203302178562,0.067710515719606,0.194671553896165,0.167508565140915,0.0335388927562132,0.172889492295925,0.00100324075539547,0.0122353849143645,0.00437296395494831,0.126172456081533,0,0.918147253743974,0.321652906041194,0.027453845866111,0.232532859901562,0.0388250068245934,0.0634359155868216,0.0128940949654346,0.227147071549537,0.115808897795964,0.0266852248209822,0.0690501416078365,0.081368528913291,0.0348615152075671,0.0049789967638883,0.000330029409989589,0.00028446119834196,0.0518946890714311,0.00240049185800474,0.000883165194277587,0.0244279245371118,0.0263141391767283,0.00239617397424672,0.00387115639338367,0.00541626142576486,0.0313964852652123,0.176400799576314,0.000515746371371072,0.00378518155839993,0.19086555111133,0.0293755840380762,0.00486144166442331,0.0123596080816313,0.0219088576932238,0.00174452357516579,0.0563973262593937,0.000756662691693693,0.193676055534943,0.0481879021382665,0,0.0458049671135153,0.128686540262744,0.0510295058238369,0.0045267327806688,0.0254999419367988,0.00136029037798276,0.00212367338616085,0.000884770407343445,0.00643171992151572,25.1475106038584
0.0102635970672732,0.00805055944519921,0.818071518379413,0.105254659401752,0.0154634641570925,0.26133893626547,0.729732907240373,0.328541466184182,0.0369554155722687,0.434263197367399,0.146773891049978,0.34536959864054,0.0480027408675405,0.267539209562296,0.0558678095625422,0.670858117303954,0.233804976291938,0.400662029418569,0.668595281141294,0.168143893794149,1.77886092483778,0.0110815883978006,3.88906843694131,0.447719252968308,0.00592659947789387,1.26835133401433,3.16796402072758,0.953889012009839,0.243279912432305,0.708634560258346,0.0191588788547615,0.15377228036556,0.00897236730674049,0.622384403510503,0.918147253743974,0,3.72310162841047,0.203913938377255,0.398982548982438,0.713200848808077,0.325856454000999,0.0987905058307505,0.337606677592574,0.0332667202499617,0.028227787685026,0.014723058847368,0.049069051776052,0.0203301052794702,0.0044010702907228,0.000619245987600356,0.00889691011658114,0.0531512403034794,0.0248024909016053,0.000486420764665774,0.00487337578980862,0.126424611510667,0.0168404753332207,0.0190058334127305,0.0335306741002453,0.0154134381270823,0.0228910932350896,0.0071007959492096,0.0165896653814083,0.00643433722513492,0.0487732067490844,0.012841054653722,0.00554196699898471,0.0147762641130269,0.0107046362575113,0.035501555091595,0.00842837964919346,0.0484727797083688,0.426178965123499,0.000934586131606964,0.110986947061481,0.27957519785126,0.244169380019157,0.0213102053794245,0.0167499031245281,0.00254006735180555,0.00242151926750899,0.00207857515513556,0.0230182377166139,0.249788228234229
0.000901437189275397,0.00489668529244645,0.218914439225194,0.000704989198775548,0.00141800049939711,0.00442882396544799,0.0157555613489272,0.0113090717873753,0.0017080506961001,0.0085747547127564,0.223399388822413,0.00742223521739222,0.184186391207797,0.0124336966620542,0.00275393287071037,0.372811619745778,0.129162702298944,0.355537300578545,0.301734566643102,0.00329653047169865,0.230250655153667,0.00327144258478554,1.56906517462218,0.0234967724231291,0.00711446134422115,1.27377181319264,1.22060548386621,0.0573464066503291,0.00962467853998581,0.0346931727779374,0.0831012688817912,0.00168059785279861,0.00074543033461631,0.132423280063054,0.321652906041194,3.72310162841047,0,0.172641192607931,1.20109258652649,0.0334304263265579,0.0815063851636993,0.0681304493824959,0.0124935294125366,0.00384887314261655,0.0041761932671454,0.00346960120811007,0.00173682941234702,0.000969336349273222,0.00365757165671723,9.92425870395657e-05,0.00757933876997938,0.0175164999440693,0.000131673562988341,8.6277703164935e-05,0,0.00089869417557869,0.000215190560759538,0.000442528170001548,0.000198902358201337,0.019091727095804,0.000342854834503055,0.0478128738161024,0.000344926362027752,0.00209277743240054,0.00864376818746409,0.00458543217627031,0.00105850296586371,0.00607286172850235,0,0.00236063481505157,0.00205207983835634,0.0100430523275635,0.00540268350831734,0.0037703104895697,0.0728011445189108,0.128163103947217,0.00373511254578316,0.00106091099382044,0.000938433704647468,0.0156401520109451,0.000299145447346414,0,0.00343919862022573,0.109729177970185
0.0155915406307551,0.00150640046173617,0.319270151637034,0.0120080517532136,0.000466758617124099,0.0203915689295739,0.150397042293913,0.0680448075877975,0.00528937878931643,0.116792512503589,0.497733100460049,0.0948077862303071,0.138554573931799,0.108261024948773,0.0049840884586422,0.070808152204879,0.223961306515079,0.473567229848369,0.47927681171677,0.0335446663222612,1.09939670238945,0.00184071977464973,2.07865498068595,0.0455283827681165,0.011712549161368,0.614447445247234,1.1771396187357,0.162440979202257,0.167768599834326,0.407997479199586,0.0307784414023222,0.0119188294652515,0.0565081981839349,0.538819143674732,0.027453845866111,0.203913938377255,0.172641192607931,0,0.151507426764163,0.0150890452234076,0.0248414510080602,0.33458744305784,0.0212846877694545,0.00242312654308445,0.00487906277961635,0.00123039810691662,0.00512884935442957,0.00228195095620473,0.00776169881788406,0,0.00440203669469845,0.0160641977210072,0.00314024698089029,4.12282419467926e-05,0.000203543229558891,0.0181826695211533,0.00139306460609763,0.0033909669993242,0.00271553559058553,0.0107206506004656,0.00204035194052056,0.0150626277294937,0.00153854398565102,0.000559850610891548,0.00816776199832884,0.00458652782772643,0.000400273505283696,0.00387106196509203,0.00131798325388326,0.00222512009363829,0.00184253209786003,0.00550845594458084,0.0506369597765043,0.00157613448037841,0.0386145064059941,0.0977396336330431,0.0301223674141101,0.00124836552472981,0.00176015334552879,0.00375954933751026,0.000190201540864748,9.2225306629622e-05,0.00591714029380188,0.00653703708160958
0.00279832093589998,0.00153775515181277,0.323069839326484,0.00207049429400625,0.000801787381837667,0.00575266732884421,0.0558735103765489,0.0276292737092006,0.00246159112516858,0.0158096446560619,0.138908165901011,0.0114105185276281,0.0286505013627071,0.0317391797577371,0.00256631579484709,0.0865284277836317,0.12746598310553,0.276434317370896,0.359861327613904,0.00621719328283223,0.484912538438228,0.00193947886121115,1.27704747562526,0.0213572656353362,0.000852370661676323,0.469721165642499,0.942207879086076,0.0826746839484966,0.0326346389864967,0.131604401703567,0.0150942765320353,0.00442054279038921,0.00877275318607286,0.213418021076956,0.232532859901562,0.398982548982438,1.20109258652649,0.151507426764163,0,0.0319320996815794,0.0754659608889707,0.14065752588796,0.0133456922219396,0.0051940357102925,0.00203255111013636,0.00190959883038582,0.00317215418708996,0.00113167158038198,0.000165569983616531,9.03149217396019e-05,0.00317170550580063,0.0180386316438437,0.000299600421514076,5.85747015616536e-05,0.000173440169105226,0.00448866432216612,0.000491173542971843,0.000866022794353122,0.000806571118857724,0.000962162718461471,0.000589601024342519,0.00376813093195904,0.000795113283360797,0.00196675619922595,0.00472399473906266,0.00510206083587343,0.000276698373384467,0.00358968802758061,8.21089053736327e-05,0.00242201711893365,0.00160991793822173,0.0122219743341038,0.0163167528954053,0.000274285003036222,0.0315643913136951,0.0918675506665573,0.0117315787435347,0.001028350765709,0.00157914943397664,0.00171127484108117,0,0,0.00134282170823576,0.123781716206727
0.000538419106358403,0.00470774406200556,0.00787002517012763,0.0690635690604091,0.899680241755737,0.543776927667796,0.0963420879005859,0.243246498683405,0.114776809589609,0.104772694137759,0.0206838393628511,0.307786878563005,0.0028542598368068,0.0700247777920923,0.303621496105003,0.00509796398478495,0.00441900865313677,0.0110724718220721,0.00639013637073488,0.0504468193992331,0.0262806089885094,0.00707013491786854,0.0514531796851894,0.142887427478184,0.000995475987324501,0.00778049663577618,0.0338726776122535,0.0960068877017593,0.0429629046869465,0.0256312854724982,0.000721485225513864,0.109525259834439,0.00112827656549335,0.576683719153498,0.0388250068245934,0.713200848808077,0.0334304263265579,0.0150890452234076,0.0319320996815794,0,0.0811344434749504,0.00582996740294074,0.0857536968405817,0.000980508572841275,0.00915942003455838,0.00294795359174787,0.233801355412349,0.0110314257224321,0.00834099660709825,0.000485147568824357,0,0.000982419830961812,0.0560384095763236,0.00380794490100276,0.00924864265963898,0.047942674058505,0.00969214588164176,0.0162839996271639,0.0361884112350096,0.0166923320270302,0.0999986415109894,0.000580035544920099,0.00805174958347446,0.0403789241364506,0.0125198960905215,0.000392149954185429,9.67995736758591e-05,0.00048731675535948,0.0274551500417363,0.00878090675008048,0.000868974575693473,0.00749570244865305,0.12635123864917,5.91932484263897e-05,0.00349503648859619,0.00411136080843288,0.102663524382352,0.00864521506721599,0.00496614162846746,0,0.00223188524688088,0.000308100447336674,0.00864847858950868,0.0311910985804877
0.000952308096730514,5.65175390300751e-05,0.0175011096519073,0.00727938248010822,0.168040553059051,0.243457384817052,0.0513694868403309,0.0532203764869737,0.00272271171232829,0.0504527534383611,0.0139178604773124,0.0368144161204318,0.00755876020330039,0.0277260468237578,0.0104786272603024,0.00834296327204606,0.00724219677571659,0.00522485831503074,0.0105083799305743,0.0174711152840711,0.0369781501169934,0.000317839671538159,0.062281706973347,0.0143629943133222,0.000614991894150758,0.0158569207286711,0.0488681709233216,0.0431741544988627,0.0262587209623411,0.0379811472434166,0.00111070044391222,0.483650992622618,0.00425506933269043,0.39767800258767,0.0634359155868216,0.325856454000999,0.0815063851636993,0.0248414510080602,0.0754659608889707,0.0811344434749504,0,0.0702863902678936,0.0103109581967485,0.000259582294453746,0.00123707801366401,0.000520731777817833,0.0075685660669297,0.000933773458341571,0.000264303362552547,0,5.06547957789779e-05,0.000578260733164293,0.00273855345530162,0,0.000373701215458724,0.00895266702032938,0.000991491785313423,0.00128247745537129,0.001768610997431,0.000225708123645407,0.00141529425502601,6.03128657290816e-05,8.28440484113338e-05,0.00061326226095382,0.00161288871291103,6.10844831137181e-05,7.22906854154944e-05,0.000276674529275125,0.000798036353443711,0.000224555215892559,0.000293007624777925,0.000951755166232655,0.0244710667036927,0.000118591249508941,0.000773906243550644,0.00342584321502332,0.0156978832209934,0.000522171428251129,0.000184225699044943,0,9.59312454265299e-05,0.000100069192194474,0.0013068718380615,0.0147663608127918
8.38521825047139e-05,0.000252419280533099,0.000551139949227047,9.12803682051238e-05,0,0.0028757511447541,0.00630393083901843,0.00620145182558418,0.000224283798056465,0.00861698604840702,0.265613945966776,0.00893514516545949,0.204539422449739,0.00489017018981502,0.00100174171826392,0.000778067266546941,0.000408662754909355,0.00448111666308014,0.00109732146616814,0.00161025550853673,0.00452542603685617,0,0.00595556673935767,0.00121867828587781,0.00518816213476904,0.0142500702362047,0.00398513688745283,0.00358024620040828,0.00494065880022869,0.00270532795664019,0.00270935966426411,0.00238088852827388,0.000257262816285104,0.365535270592226,0.0128940949654346,0.0987905058307505,0.0681304493824959,0.33458744305784,0.14065752588796,0.00582996740294074,0.0702863902678936,0,0.000761305581079942,8.93159834892748e-05,0.000648952498392272,0,0.000405840937426245,9.76614732630132e-05,0.00145152314224882,0,0,7.62018357242763e-05,0.000169307236974711,0,0,0.000336973980497921,0.000170298402771133,0.000153979690990258,0.000200328500484323,0.00332285647306109,0.000119802394479656,0.00591928975422357,0,0,0.000153378842845857,0,0.000187295406303382,8.95192940274835e-05,0,3.90909412014812e-05,0,0.000194331818187213,0.00178477381766578,8.60576771686319e-05,0.000846153798870271,8.09030302203091e-05,0.000612443205848261,0,0,0.00147019108992773,6.78237250551462e-05,0,0.000507377849849892,0.00293365242405357
0.00226162416318693,0.0119837000909267,0.0401086828766363,0.0263923335208096,0.00204090911075156,0.00876690186505148,0.0840255007820766,0.0234130999762798,0.0501199878319596,0.0130715503303815,0.00125378819491839,0.0240783853501114,0.00433240130896447,0.0224656728050185,0.0088660711171156,0.0788698296631211,0.0186989542613766,0.00120760237986956,0.00887549058911853,0.0204488890657725,0.0828834294593767,0.0126332403366645,0.0455463909023508,0.433835563457171,0.00364513145093874,0.0732884475952196,0.268909188369622,0.270720693084335,0.0605945643187151,0.0370125018161323,0.000794259048536917,0.00175557189130379,0.0187771360758877,0.137217410804115,0.227147071549537,0.337606677592574,0.0124935294125366,0.0212846877694545,0.0133456922219396,0.0857536968405817,0.0103109581967485,0.000761305581079942,0,3.30300974939273,0.305132607984822,0.327784964056872,1.11449692446946,0.261848227190134,0.0933040351967726,0.0268962768684274,0.0172655590451374,1.02532232798953,0.15298310219121,0.0153318904069271,0.102295654263147,0.826850942316191,0.261257858057716,0.0382362878122331,0.580618198185354,0.240042821394487,0.203710106230134,0.0199130178892,0.373319853637782,0.039573491803827,0.789988304501123,0.08951338337595,0.434613772112146,0.672392149611883,0.169566450477931,1.23150939405438,0.0128021163920767,3.93716251443839,0.540343839530766,0.00439279166746364,1.62254203721382,3.10979498716391,1.41941451245207,0.276897558168359,0.508933769657241,0.0491571073742022,0.124735607564023,0.00993810046109768,0.190813296351233,1.04246384960095
0,0.00638578038556502,0.011557819334932,4.12058235677004e-05,0.00056741085105201,0,0.000726423283201525,0.000202060839993524,0.00144270804642884,5.68831767998516e-05,0.00512699046438777,0.000275717735517323,0.0345787341726258,0,0.00159669708777479,0.0163192104235926,0.00682496611945571,0.00127782012607671,0.00588214228702762,0,0.00711527936924245,0.00233744404835264,0.013189738404914,0.00681261093074455,0.0100517781455131,0.0685727828361394,0.182490342070142,0.00431416141045553,0.0004517031444839,0.00150100753054817,0.00923521819899298,0.000105078932040596,0.000187818412853712,0.00718174579910028,0.115808897795964,0.0332667202499617,0.00384887314261655,0.00242312654308445,0.0051940357102925,0.000980508572841275,0.000259582294453746,8.93159834892748e-05,3.30300974939273,0,0.386584109744513,0.642087628482767,0.0717681188422419,0.157188634505318,0.0404205166325767,0.00323852975181122,0.0132675736546017,0.297966050056963,0.00170888720645154,0.000316695713812804,0.00264699028917051,0.0296811222538436,0.0174653547930697,0.00314273649553469,0.0119640019911035,0.293754137489957,0.00743997590663816,0.150159401208409,0.0336205257650033,0.00460532348244162,0.241706176798087,0.121484304308627,0.285245941701601,0.396254383922139,0.00374784121729212,0.291952769099265,0.00542488024137166,0.968452388308424,0.0288279644275337,0.0114532258535063,1.5836211550329,1.10505744635043,0.0995064372657146,0.0228015435957165,0.0771713358311935,0.214560242403332,0.0184616140096377,0.00078665428532575,0.0937275152922535,0.261410757379955
0.000236275088435578,0.00334433187088889,0.0135395252428975,0.00541434221024348,0.000303437063956005,0.00139514199573816,0.00872249945125642,0.00210909371880122,0.00532255858267136,0.0019694945049694,0.00966093107466552,0.00410128646036649,0.0466192012608952,0.00215761439539056,0.00122236663364501,0.0138378171671147,0.00533944105019915,0.000676008225485679,0.00293600292882811,0.00376405201838316,0.0082558000007671,0.00268150372558366,0.00829952036300325,0.0533285894175766,0.012494747463754,0.0270035782704522,0.0820880888293985,0.0321921503928003,0.00382840454445481,0.00383278202561014,0.00449341390721101,0.000210764911459911,0.001790690101887,0.0591881616456059,0.0266852248209822,0.028227787685026,0.0041761932671454,0.00487906277961635,0.00203255111013636,0.00915942003455838,0.00123707801366401,0.000648952498392272,0.305132607984822,0.386584109744513,0,0.270274656566766,0.0506834911520443,0.0388448060974189,0.431952273807339,0.02159390646455,0.00535481087411886,0.431268565456252,0.035753264779862,0.00448185433450646,0.0293588305932833,0.25305176909656,0.0907291511868661,0.00674167344594148,0.20544759663584,0.248251330327895,0.0696776787482663,0.042365065708944,0.17032528282438,0.0124890991138112,0.124510012183099,0.0795298232553567,0.33442929621017,0.336825905640828,0.0457206354829775,0.940866257957423,0.00351485016387249,1.90120884602916,0.0901952565289339,0.00203586027452586,0.465568418261147,1.00174714118461,0.434651782551153,0.190608007704777,0.572406335971857,0.0453212982329763,0.0799781844975005,0.0221162891068949,0.160037244868454,0.0819770216406815
4.82823993729711e-05,0.00200730909920809,0.00594964126397561,0.000850395713914687,0.000339669682893133,0.000183924493045151,0.00236117934802168,0.000373153470498633,0.0021545474389253,0.00017568148494902,0.00035077449681127,0.000703461654062319,0.000808956075268301,0.000571622945157319,0.00101513411519649,0.00601262404019488,0.00301691483181959,0.000273226364380169,0.00163666068123836,0.000312182490964022,0.00472135976247523,0.000934593222800601,0.00848622628720552,0.0145293824764727,0.000771579236402557,0.0144246666584954,0.0467324598555327,0.00837716782364947,0.0011516441555186,0.00174239351778565,0.000489209169961497,0.000157440095159012,0.000921513898906632,0.047136204424016,0.0690501416078365,0.014723058847368,0.00346960120811007,0.00123039810691662,0.00190959883038582,0.00294795359174787,0.000520731777817833,0,0.327784964056872,0.642087628482767,0.270274656566766,0,0.0462502370681357,0.0822728331360659,0.0977618715647853,0.0065168234644168,0.00248673184838054,0.176076797929074,0.00638463245030979,0.00217350810377332,0.011128873832471,0.05996589751532,0.0252902010297531,0.00152562286396941,0.0384681895585791,0.0826422141851932,0.0193996479830677,0.00579845645142416,0.0482722445261615,0.00451576976955351,0.0682417928304447,0.0362432959313048,0.151174446275164,0.197547855478145,0.00984344054331427,0.308569872968347,0.00178416057807605,0.774401905814506,0.0247960546402179,0.000548541027929545,0.31552235034253,0.457021369012832,0.134296706726402,0.0382490702517989,0.132567418581936,0.0186530482172107,0.024477415951054,0.00370264415202392,0.0366608254875814,0.153728401112827
0.000234408121596796,0.000564792791257319,0.00162769900911147,0.136204901247609,0.0132560200025404,0.0145935015409718,0.0299617827643662,0.00914769904296932,0.0205698263906937,0.0292514859932707,0.000534351303645844,0.194991369906079,0.0015752862106788,0.00591317474333908,0.0391090313772441,0.0128785111906746,0.00122984519514756,0.000413250333453452,0.000338931056297779,0.061107029000853,0.0212496341662238,0.00156741120720512,0.0116184943712609,0.123918084505115,0.00017939984328447,0.001803741423877,0.00923363999520443,0.118034839414569,0.012851035882172,0.0106806417839622,0.000114045103762793,0.00125730043105384,0.00459464740597702,0.308807515893956,0.081368528913291,0.049069051776052,0.00173682941234702,0.00512884935442957,0.00317215418708996,0.233801355412349,0.0075685660669297,0.000405840937426245,1.11449692446946,0.0717681188422419,0.0506834911520443,0.0462502370681357,0,0.287036420800093,0.0723057356791859,0.00146450970471477,0.0130150907078385,0.036990445539748,0.171811875002395,0.698644913458868,0.275554474776584,0.115935910595264,0.176144021342096,0.1687133334055,0.247935964389643,0.122107460341537,0.33143749376254,0.00482896668514815,0.0519130133244759,0.388154168207378,0.0252396347439635,0.00473069461305685,0.0227931012546121,0.0190860668577524,0.105296053690939,0.0641784496546154,0.0186741626992686,0.21533329822103,0.422135335259965,0.00450166009920392,0.0372172565535325,0.120265647190981,0.189786202801012,0.0404863754438273,0.0361793612401813,0.00378657846501896,0.0799141842859949,0.00119299106083017,0.0462889401802751,0.0758674733491588
0.000161406774032298,0.000773835928594917,0.0022785869655809,0.00441553435219501,0.000340394136465615,0.0005024090511706,0.00878639927636904,0.00160131586382513,0.00430626075320177,0.00209786429512285,8.49483700728654e-05,0.0038262301138544,0.000607721868522895,0.00158335214729195,0.00103040123035184,0.00255702152490281,0.000867120683901391,0.000164663715491306,0.000585611009378716,0.00411768700297681,0.00528151774114327,0.000371165220603537,0.00284333164956253,0.0458299925211363,0.000149819372665233,0.00387163928985787,0.0141273978607798,0.0299527266171257,0.00438146134000946,0.00242819029914411,0.000148304760191572,0.000209287133862674,0.00137744036073199,0.0388320097493746,0.0348615152075671,0.0203301052794702,0.000969336349273222,0.00228195095620473,0.00113167158038198,0.0110314257224321,0.000933773458341571,9.76614732630132e-05,0.261848227190134,0.157188634505318,0.0388448060974189,0.0822728331360659,0.287036420800093,0,0.109970251373674,0.00226239339499008,0.00162979906996995,0.0536671452024758,0.0325549505871458,0.211508236129074,0.0985697615918141,0.132138373664639,0.0471776623817744,0.0127386287575188,0.142411673383441,0.0230092213610598,0.0405172546516952,0.00191737159097415,0.0329182014316463,0.0420057359410188,0.0142958087793068,0.00682064927280524,0.0230986930019851,0.0461117795364795,0.037203069952277,0.0452250943944812,0.000295618991366076,0.0838966505114643,0.0500180847362898,0.000302743231979025,0.0833012595450752,0.124955120615827,0.132188166331404,0.0311591355484038,0.0641353936288301,0.0022143448598589,0.421436463991426,0.00225883822541121,0.0314231961505323,0.0905099676379451
0.000103289666329849,0.00194606803860581,0,0.000316498274754834,0.000225140814107823,0.00115905827354567,0.000752122127131313,0.00079451890601838,0.000355534478683805,0.000870793259674021,0.0295702244929164,0.00127815304228376,0.121635974260427,0.00053372546191172,0.000232582498594141,0.00107365326712374,5.94407542612255e-05,0.00173318592006681,0.00039108104278006,0.000266411692178261,0.00168245453518257,0,0.000688484547422719,0.00267711990472798,0.0226642106702483,0.0171350927853737,0.0110143887656775,0.00321658829236344,0.00125792821590144,0.000604053420110572,0.00668495466824719,0.000100995790437078,0.000101299829168564,0.0184639526192802,0.0049789967638883,0.0044010702907228,0.00365757165671723,0.00776169881788406,0.000165569983616531,0.00834099660709825,0.000264303362552547,0.00145152314224882,0.0933040351967726,0.0404205166325767,0.431952273807339,0.0977618715647853,0.0723057356791859,0.109970251373674,0,0.000189703174397954,0.00770331194282142,0.00230012461561405,0.0025810998894499,0.00210641653451155,0.00619863824643398,0.00914469315411253,0.0154050461524155,0.00117868322802253,0.0152024094648906,0.615832174399856,0.0126032222066574,0.211235520201875,0.00842392905546717,0.00647281736383237,0.00301485709337727,0.000150529428469187,0.00993579472050715,0.00252427706856393,0.00558339975713652,0.00329628650326679,0.000814751116231915,0.00729766060176622,0.00368196062210072,0.0765778934868902,0.0120983724598127,0.0129275192258759,0.00877977301360025,0.010693768426181,0.00275651582570196,0.0121878685067115,0.047262329854895,0,0.16012848646101,0.0166184409371694
0,4.78927138181031e-05,0.000267519994941881,7.96517189870536e-05,0,0,5.03303051928818e-05,3.71032508294225e-05,0.000460500958299452,0,0,0,0,0,0,0.000748858178758287,3.61245045715422e-05,0,0.000180536831553417,0,0.00149196211491266,4.94909363576472e-05,0.000799092536285265,0.0022703587719692,0,0.000364724085044742,0.00181480167026353,0.00135129702842401,0,0.000615651850402439,0,0,3.85698566947221e-05,0.000142141070802846,0.000330029409989589,0.000619245987600356,9.92425870395657e-05,0,9.03149217396019e-05,0.000485147568824357,0,0,0.0268962768684274,0.00323852975181122,0.02159390646455,0.0065168234644168,0.00146450970471477,0.00226239339499008,0.000189703174397954,0,0,0.0161396077075557,0.000640939547908402,0,0.000923537478350485,0.777397882856491,0.0522417959836962,0.000323881752457592,0.00629282831703775,0.00194797032797005,0.00221199383067783,0,0.437899227263111,0.000454288730872535,0.000780582189155864,0.0123372221618985,0.00142566729240907,0.0115434029499729,0.00136295360463082,0.00248131841149262,0,0.0252596235850669,0.00283020610766104,0,0.0128017270881212,0.0117805682676537,0.00552457245550518,0.574549401108443,0.32680724766318,0.000103806276993412,0.00184606308621108,0.00305334052132102,0.0446541558583711,0.00664989971654258
0,0.231938050822744,0.0294263686291532,0.000739340350096941,7.16977501910329e-05,6.80356133858562e-05,0.000249424549361629,0.00021258912512002,0.00577449124865549,0.000322678902006209,0.00872977958809771,8.96459873672214e-05,0.0708342827032736,4.1998871386987e-05,0.000108731339231789,0.00244130902141962,0.0129319754874066,0.00131306878746608,0.00894960001001881,8.10010380547199e-05,0.000682138434795102,0.0476112042887286,0.00320395721665519,0.00965554581058187,0.075723193984984,0.0893165631972815,0.993003985041807,0.00102440305677366,0,4.10483658253252e-05,0.0113009846333677,0,4.61822074128508e-05,0.0040775701797985,0.00028446119834196,0.00889691011658114,0.00757933876997938,0.00440203669469845,0.00317170550580063,0,5.06547957789779e-05,0,0.0172655590451374,0.0132675736546017,0.00535481087411886,0.00248673184838054,0.0130150907078385,0.00162979906996995,0.00770331194282142,0,0,0.00622443906636366,0,0.00174526940766871,0.000252270765794915,0.000714064414280259,0.000143563586721045,0.284908601996713,0,0.00252091400501593,0.000138550506124404,0.0884238621104106,0.000383166245278835,0.00936483048379491,0.0207374016440065,0.008275531915447,0.000453194872699454,0.0120675468491013,4.91137803730488e-05,0.00408255126223251,0.196467145246616,0.00363613744821292,0.407517598898694,0.274713130195272,0.0729312328618322,1.9557212980765,0.00649669564387784,0.000527055776409433,0.000966559586270649,0.0135326790477764,5.32196025589228e-05,0,0.00477063985697412,0.0014352960541211
3.30889001251578e-05,0.0168143754002352,0.237175583057964,0.00010379704369275,0.000188436622599965,2.35589234929353e-05,0.001619764047711,0.000189288904945964,0.00189103186608015,0.000138649246723294,0.000108142795912003,4.68157139102518e-05,0.000235643457159737,0.000585892163852096,0.00118382266952263,0.00585538568469559,0.0843484841535767,0.000868787402361511,0.0174576538621292,0.000106261515584314,0.0041967747484946,0.00908465424163143,0.080768680961971,0.00214308052229925,0.000507592051187969,0.133324798394876,0.86936260952463,0.00145885062784917,0.000504568128833446,0.00132413144986839,4.09526194940686e-05,0,0.000125655511125195,0.0170710582369464,0.0518946890714311,0.0531512403034794,0.0175164999440693,0.0160641977210072,0.0180386316438437,0.000982419830961812,0.000578260733164293,7.62018357242763e-05,1.02532232798953,0.297966050056963,0.431268565456252,0.176076797929074,0.036990445539748,0.0536671452024758,0.00230012461561405,0.0161396077075557,0.00622443906636366,0,0.000859449089292151,6.85469050689161e-05,0.00453961853066185,0.248446513456872,0.128933766062152,0.000700755887275741,0.0209171297587545,0.0251192088254393,0.00250143673418654,0.000406187277503994,0.192066165998954,0.00112843978702533,0.00594204645980628,1.3929009304015,0.0180983481703881,0.28122581805168,0.00197313326120314,0.213038043403634,0.00262640733058684,2.76285307613315,0.0106870092755202,0.000503494640576455,2.73272128570261,1.79844934965218,0.509011191700336,0.0463560078726522,0.414562505709431,0.000977726846705484,0.00259742812716901,0.00210775171333174,0.317016948194888,0.0840254414070839
0,0.000519096797658184,0,0.23788601613964,0.00440802251428891,0.0117920282475988,0.0283902689001432,0.00719133513667864,0.0786845047518063,0.0471298352585711,0,0.0857891639079256,5.11599022743225e-05,0.00190788957646937,0.0150191263631696,0.000122769950155669,0,0,0,0.0997031359529697,0.000176073813606435,0.00167519649364854,0.000169024296241593,0.207514229719895,0.000376621029070741,0,0.000963761139994569,0.18465281171147,0.00342315715562137,0.000552559971873134,0,0.000219743067275945,0.000430311937314927,0.0118078400080971,0.00240049185800474,0.0248024909016053,0.000131673562988341,0.00314024698089029,0.000299600421514076,0.0560384095763236,0.00273855345530162,0.000169307236974711,0.15298310219121,0.00170888720645154,0.035753264779862,0.00638463245030979,0.171811875002395,0.0325549505871458,0.0025810998894499,0.000640939547908402,0,0.000859449089292151,0,0.00720335452962904,0.0890735652077864,0.0298462581412273,0.0632127516331545,0.252637585548913,0.566235557452004,0.00943550743687962,0.46761840338806,0.000469724082197299,0.0526591212016914,0.0294149270947396,5.12709828143358e-05,0.000598379208029762,0.00938777687002834,0.00628514983959282,2.79368838199284,0.000151349387239566,9.94080981679142e-05,0.000921303794494559,0.835706802531187,0,0.00947348067813973,0.000945900785392808,0.638753024395121,0.0264261821783039,0.00140901846203632,0.000866139821288591,0.0113681566451863,0.00013971087496478,0.04155623261403,0.0115787635744973
0,0,0,0.00380724654367837,0.0002262550632669,0.000120150729175094,0.000143166292589313,0,0.000542465066602612,0.000405717037019491,4.20758608204484e-05,0.00504651624419511,7.86204782310132e-05,3.50845478980661e-05,0.00129292906477181,0,0,5.29315067223429e-05,0,0.00187176009003581,9.25965583585739e-05,0,0,0.0027584336108109,0,0.000119670487508941,0.000351962212047446,0.00229148259970056,4.26412693843663e-05,0.000139861276630026,0,0,0,0.00116813930902641,0.000883165194277587,0.000486420764665774,8.6277703164935e-05,4.12282419467926e-05,5.85747015616536e-05,0.00380794490100276,0,0,0.0153318904069271,0.000316695713812804,0.00448185433450646,0.00217350810377332,0.698644913458868,0.211508236129074,0.00210641653451155,0,0.00174526940766871,6.85469050689161e-05,0.00720335452962904,0,0.0831653846547035,0.00210400939149082,0.00847518573649816,0.0305720884728167,0.00607877403519368,0.00309456434326994,0.0115476238489575,0.00100742267973768,0.00155336553786301,0.163265451120571,0.000276858338445556,4.51528489016711e-05,0.00189263187019723,0.000144134747369072,0.00364841331341335,0.000231131016238546,0.00186093572591978,0.000112607822523278,0.0417481110828944,0.000415968739842027,0.00185338956045597,0.00399089956035991,0.00824699625226163,0.00146486141761833,0.000143253550089889,0.000726241639549124,0.00804094944506723,0,0.0244636867750985,0.004947771457076
0,0,3.46891336700946e-05,0.0146202755236345,0.000510054462911028,0.000997035516153765,0.00518470997361541,0.000618393206599936,0.00598660712497677,0.00279074548326799,9.15374280714005e-05,0.0101025638837294,0.000525855248329818,8.19482707577794e-05,0.00193043418770451,0.000121556878459183,0,0,4.3772531321311e-05,0.00768743260879619,0.000894208116519863,0.00026758828016341,0.00020016807188532,0.0225006968986765,3.87066120847255e-05,9.51976428330061e-05,0.000278703778864566,0.0157384907997205,0.000543863260826951,0.000363701216064352,0,0.000113759929619729,0.000173129013427997,0.00490591348716813,0.0244279245371118,0.00487337578980862,0,0.000203543229558891,0.000173440169105226,0.00924864265963898,0.000373701215458724,0,0.102295654263147,0.00264699028917051,0.0293588305932833,0.011128873832471,0.275554474776584,0.0985697615918141,0.00619863824643398,0.000923537478350485,0.000252270765794915,0.00453961853066185,0.0890735652077864,0.0831653846547035,0,0.134729347105959,0.790896472452875,0.0230228013035593,1.84235331573251,0.0149279252107846,0.321830780559129,0.00143165525176545,0.0754224323050113,0.0977370395156841,0.000234852645091498,0.000959969786143237,0.0144279886919148,0.0066129570511659,0.107055288802977,0.00204222822728073,7.96506420807896e-05,0.00283662943212668,0.0290829960860104,0,0.011833480593739,0.00232375806570264,0.139183758886301,0.0336702581507686,0.00478968125701652,0.0018966866376618,0.0468966825708857,0.000782425623251683,0.0349402114274249,0.30230823600748
0.000497682242693192,0.000256913460869816,0.00311808634760683,0.0343724136579989,0.000915256364160319,0.00964339057995293,0.0698928032782841,0.0256968358203372,0.0406454606069483,0.0206660694988098,0.000120098524973405,0.0208910297204194,0.000304690339372641,0.0183268747145797,0.00560816382535939,0.00768288347580571,0.000979402456665588,0,0.000228318471854809,0.025565430952485,0.0243295144828938,0.00169803333042167,0.00580181222010278,0.343489664000871,0,0.00130378026492371,0.0138607428556779,0.204302414559366,0.0326104884505011,0.012048634221296,0,0.00119894778522269,0.00802991151639242,0.0495354578889804,0.0263141391767283,0.126424611510667,0.00089869417557869,0.0181826695211533,0.00448866432216612,0.047942674058505,0.00895266702032938,0.000336973980497921,0.826850942316191,0.0296811222538436,0.25305176909656,0.05996589751532,0.115935910595264,0.132138373664639,0.00914469315411253,0.777397882856491,0.000714064414280259,0.248446513456872,0.0298462581412273,0.00210400939149082,0.134729347105959,0,1.02828872522576,0.0488200175677534,1.41627069512893,0.0341042745941269,0.029781544308422,0.000915292220456704,2.71026950989769,0.0301497461030509,0.00518946112953878,0.0903924870299594,0.028564969559937,0.0722714391714929,0.0265768726791747,0.153809806868643,0.000544887508715579,0.351197590128844,0.547154350737771,3.57710475480497e-05,0.0826252937824721,0.0685231909234318,4.87143973754373,0.794170905433114,1.25104055017125,0.00246609418529977,0.0305201741298127,0.0372814593170594,0.341951938531872,0.153237503990623
4.70105918041945e-05,3.58063653913021e-05,0.00195570368081242,0.0118028694863678,0.000118483877272236,0.00100078392017398,0.00754171055778064,0.00184083798852319,0.00564747932258679,0.00416944520393701,0.000201799629355931,0.00627237640624089,0.00119374595105121,0.000854732808744022,0.000969557627758335,0.00413993292489528,0.00019859704825224,0,0,0.00635219280526559,0.00962269552245049,0.000918141983657361,0.00192957266503456,0.0451946609227981,0.000106812395278072,0.00051127633246347,0.00544727456331438,0.0313901189652745,0.00262860020671867,0.00251869364670446,3.63701000683099e-05,0,0.00125927624034049,0.0127555331681822,0.00239617397424672,0.0168404753332207,0.000215190560759538,0.00139306460609763,0.000491173542971843,0.00969214588164176,0.000991491785313423,0.000170298402771133,0.261257858057716,0.0174653547930697,0.0907291511868661,0.0252902010297531,0.176144021342096,0.0471776623817744,0.0154050461524155,0.0522417959836962,0.000143563586721045,0.128933766062152,0.0632127516331545,0.00847518573649816,0.790896472452875,1.02828872522576,0,0.011742173131977,0.923606539127133,0.0305619019509164,0.164954489214507,0.00314920698147138,1.23415232391531,0.0556285234605807,0.00230242056572192,0.0352620230546771,0.0225462676433949,0.0278624544619997,0.107708418784644,0.0267340122893929,0.000239292823261285,0.120458508879946,0.0367434055207167,0,0.050078481193356,0.0288089749624664,0.133160894511669,0.16604947946891,0.170890854038602,0.00488644187009664,0.0849582313128879,0.00513177242919469,0.113134796211337,0.0288011428620018
0.000228918568505925,0.00488566570629468,0.0017053991609083,0.0436456017013152,0.00214340215674265,0.0045507613429834,0.0230602371896638,0.00608025034960306,0.206582741793764,0.0155389960892287,0.002001986440836,0.0199473853673568,0.0130900173671503,0.00409794390954171,0.00552329221295104,0.0127656493493747,0.000858772738313152,5.50737823063731e-05,0.000333615147318649,0.0224038162409823,0.0126147033384462,0.0084316138983646,0.00388851697919939,0.288955215173872,0.00424316971044538,0.0051449531836121,0.0251917140516524,0.110497086232128,0.00878301907362374,0.00506147218962663,0.000870235876402877,0.000245414988549137,0.00466259940227369,0.00780452983346991,0.00387115639338367,0.0190058334127305,0.000442528170001548,0.0033909669993242,0.000866022794353122,0.0162839996271639,0.00128247745537129,0.000153979690990258,0.0382362878122331,0.00314273649553469,0.00674167344594148,0.00152562286396941,0.1687133334055,0.0127386287575188,0.00117868322802253,0.000323881752457592,0.284908601996713,0.000700755887275741,0.252637585548913,0.0305720884728167,0.0230228013035593,0.0488200175677534,0.011742173131977,0,0.0842422237617208,0.00143273307808181,0.0912908935849446,0.0485950297726612,0.00905872986309568,0.097740412393126,0.0185105836624951,0.00257873351435457,0.000700101882101717,0.00295454101331711,0.0658357012869548,0.00770327467718249,0.430411963845246,0.00204901681494005,2.92560262208316,0.123242159302079,0.0139753755429092,0.576795217839827,0.303260493126746,0.00815754800595434,0.00268216580521356,0.0066456857167814,0.00408825207623914,0.000345686072574872,0.00627202715617513,0.00388114871162705
5.15897236574233e-05,0,0.000252397484886759,0.084217183139287,0.00249835644515352,0.00816489774371564,0.0216938475821554,0.00799937467341348,0.0346355906117161,0.0261266003872682,0.000405100210863677,0.050130959200804,0.000624353707187682,0.00247436320536438,0.00564119568222798,0.000768618633795247,0.000134456375394794,0.000140028613816821,6.41405370736122e-05,0.05486756956197,0.00153762703508388,0.000261267512290603,0.000238423270616356,0.138345362764309,7.93623168163539e-05,7.94869593519895e-05,0.000449788374712506,0.121781087756395,0.00327582968084093,0.0013556074323657,0,0.000193677419708294,0.000391140989001346,0.0239044581899471,0.00541626142576486,0.0335306741002453,0.000198902358201337,0.00271553559058553,0.000806571118857724,0.0361884112350096,0.001768610997431,0.000200328500484323,0.580618198185354,0.0119640019911035,0.20544759663584,0.0384681895585791,0.247935964389643,0.142411673383441,0.0152024094648906,0.00629282831703775,0,0.0209171297587545,0.566235557452004,0.00607877403519368,1.84235331573251,1.41627069512893,0.923606539127133,0.0842422237617208,0,0.06908367027434,0.912503559028191,0.00461398075998974,0.732596310179919,0.0502147424355557,0.000745393160280302,0.00475679021968854,0.0834286772985874,0.0528143370616764,1.12687022691723,0.00550400634348124,7.39267260937035e-05,0.0151919177313674,0.143463126628265,0,0.0676124839076432,0.0145261866728552,1.49997491528984,0.216793052759516,0.0212632581799416,0.00852758963406645,0.0763967223247719,0.00164465356380812,0.271645362847683,0.0627376630711645
8.89332135455009e-05,0.00377528715902913,0.00124580449882729,0.000277879777013496,0.000238034374012381,0.000707291401963058,0.00168983403067325,0.000485262182085136,0.00120520253171823,0.000522365451643363,0.0908466885244011,0.00235817223945147,0.426554566240399,0.00174639816696914,0.000103824111497581,0.00150102015610356,0.00122591934740938,0.0103447755209528,0.00372798877104923,0.000504188203326869,0.00399338175204172,0.000331290308029693,0.00176664304721898,0.00807037867824827,0.0691790878120677,0.150077585354982,0.125787203829022,0.00835269204791562,0.00266181850883694,0.00122919286854265,0.0510125114891592,0.000418804519648957,0.000756423707464945,0.060120365911055,0.0313964852652123,0.0154134381270823,0.019091727095804,0.0107206506004656,0.000962162718461471,0.0166923320270302,0.000225708123645407,0.00332285647306109,0.240042821394487,0.293754137489957,0.248251330327895,0.0826422141851932,0.122107460341537,0.0230092213610598,0.615832174399856,0.00194797032797005,0.00252091400501593,0.0251192088254393,0.00943550743687962,0.00309456434326994,0.0149279252107846,0.0341042745941269,0.0305619019509164,0.00143273307808181,0.06908367027434,0,0.0480078778485439,0.632987069293129,0.0504423975050588,0.0106783546059581,0.00654874822184746,0.0215347016768389,1.06448706521579,0.129856846239281,0.0220825329673542,0.0189903703615038,8.84827249265373e-05,0.0490994190577986,0.0112470341883728,0.00786771005108824,0.342216297577501,0.0768384688410907,0.0331540618058207,0.196692045943402,0.0263564917158378,0.0843193083398501,0.298528518737014,0.00020943585929991,0.938726503904934,0.0798305865740991
0.00010698264011178,0.000379703106704611,0,0.172094402613199,0.00816297573292015,0.0092075061186017,0.0157199877732126,0.00644034511428048,0.0240582013057011,0.0284148463334872,0.000611160254640755,0.157099167150948,0.000726462330417991,0.00317305762482458,0.0211256402676184,0.000667255297591424,4.98725732087433e-05,0.000348316397395468,6.65028292895436e-05,0.0726036964757967,0.000786055787646324,0.000112231752809346,0.000665895532532999,0.103846781535621,0,0.000235460823221794,0.000611441362292123,0.0917775108545691,0.00358594793212633,0.000917329975264525,0,0.000344168285568833,0.000739677758876002,0.0238368901552144,0.176400799576314,0.0228910932350896,0.000342854834503055,0.00204035194052056,0.000589601024342519,0.0999986415109894,0.00141529425502601,0.000119802394479656,0.203710106230134,0.00743997590663816,0.0696776787482663,0.0193996479830677,0.33143749376254,0.0405172546516952,0.0126032222066574,0.00221199383067783,0.000138550506124404,0.00250143673418654,0.46761840338806,0.0115476238489575,0.321830780559129,0.029781544308422,0.164954489214507,0.0912908935849446,0.912503559028191,0.0480078778485439,0,0.00441595650413263,0.19410766251525,0.197720786820747,0.000694737842435896,0.00175546475551824,0.0623454444056773,0.0341867469834578,1.4091494601122,0.00203335996272561,0,0.00394750274056415,0.0685530271826997,0.000316192049435413,0.0523131876420105,0.00745524750266,0.0697520320697065,0.0831574129122714,0.00580634384400206,0.00820229740597085,0.0426487172868157,0,0.0862964495137314,0.808079116736656
0,0.0132102709104392,0.00326432954165664,0,0,6.13506990243375e-05,8.60974711961804e-05,0.000103617003694242,0.00151644044712834,0.000287245394338852,0.237357969822509,6.46432369175672e-05,1.5036753290777,0.000133853628617829,0.000129478584548199,5.32657877910376e-05,0.00376225099800643,0.0440798550008417,0.0153987992626535,5.97247953116119e-05,3.38613556237995e-05,0.00277162180290484,0.000519002451305071,0.0010951640366401,0.253385008150754,0.775205370178188,0.645577865923545,0.000370802876762268,0.000457329811153162,0.000139495334517175,0.303516285097433,4.80214696674466e-05,0,0.0863469322620292,0.000515746371371072,0.0071007959492096,0.0478128738161024,0.0150626277294937,0.00376813093195904,0.000580035544920099,6.03128657290816e-05,0.00591928975422357,0.0199130178892,0.150159401208409,0.042365065708944,0.00579845645142416,0.00482896668514815,0.00191737159097415,0.211235520201875,0,0.0884238621104106,0.000406187277503994,0.000469724082197299,0.00100742267973768,0.00143165525176545,0.000915292220456704,0.00314920698147138,0.0485950297726612,0.00461398075998974,0.632987069293129,0.00441595650413263,0,0.00481238516609909,0.00185366617553533,0.00056159711874142,0.000295961824475166,0.0152769952037725,0.00319396834451184,0.00173768045156861,0.000460543873014066,0.0333178009551447,0.000768735981461495,0.0286250734168891,0.348741904752944,0.0680475984582721,0.274887153045581,0.001178743108693,0.0217511015752395,0.000380155063193634,0.115142470276419,0.0484973914013787,0,0.155988832487613,0.0023095853097159
0.000191123962583929,0.000135144143921289,0.00208636993611588,0.00568201793051331,6.04707682805657e-05,0.000238687063487881,0.00747548722078307,0.00108375873075785,0.00876655847944264,0.0006669972287108,0,0.00378183665945127,0.000863490734888001,0.000797308891556996,0.000761856739364668,0.00916955040282037,0.000642693982724816,5.24563382211328e-05,0.000152768583477151,0.00272118639868391,0.0164238299731732,0.0010905409295537,0.00456065624803192,0.0549419237496174,0,0.00105034597916705,0.00927098535094967,0.0334803099989244,0.00292191220734657,0.00355015710696064,0.000188035175355816,0,0.00217081082581742,0.0113390288240218,0.00378518155839993,0.0165896653814083,0.000344926362027752,0.00153854398565102,0.000795113283360797,0.00805174958347446,8.28440484113338e-05,0,0.373319853637782,0.0336205257650033,0.17032528282438,0.0482722445261615,0.0519130133244759,0.0329182014316463,0.00842392905546717,0.437899227263111,0.000383166245278835,0.192066165998954,0.0526591212016914,0.00155336553786301,0.0754224323050113,2.71026950989769,1.23415232391531,0.00905872986309568,0.732596310179919,0.0504423975050588,0.19410766251525,0.00481238516609909,0,0.0185186654249481,0.0045979956924982,0.0661841093384377,0.061022749576858,0.0640268933211084,0.109409472593662,0.0377496219202906,0.000196015266152036,0.187662055171085,0.0569123312838106,4.9212663779074e-05,0.100418473354733,0.0658288686140306,0.169248528464033,1.23873229333238,0.714437973428371,0.00574074655007327,0.0864557586686726,0.0158604497996608,0.28793955125591,0.0465347959886978
0,0.00025324116602925,0.000511589634929925,0.0365543389852087,0.00352811848715686,0.00411388319681153,0.00532654006198247,0.00149802686236785,0.00712507505610757,0.00781293470525969,0.000199999411976701,0.0441117961412942,0.000720543709778404,0.00119146654081888,0.00829957383608148,0.000822344012404281,0.00045327885968253,0.000202976987563169,0.000424303165574455,0.016799019903851,0.00405949498005601,0.000298801446028137,0.0033751061974511,0.0292510605005826,0.000457697654239678,0.000742968000149569,0.00230616722562221,0.0280544427425277,0.00101382461590848,0.00146046262074228,7.15010368742406e-05,0.000206568741520703,0.000152063331611574,0.010351419810196,0.19086555111133,0.00643433722513492,0.00209277743240054,0.000559850610891548,0.00196675619922595,0.0403789241364506,0.00061326226095382,0,0.039573491803827,0.00460532348244162,0.0124890991138112,0.00451576976955351,0.388154168207378,0.0420057359410188,0.00647281736383237,0.000454288730872535,0.00936483048379491,0.00112843978702533,0.0294149270947396,0.163265451120571,0.0977370395156841,0.0301497461030509,0.0556285234605807,0.097740412393126,0.0502147424355557,0.0106783546059581,0.197720786820747,0.00185366617553533,0.0185186654249481,0,0.00478255770000494,0.000192716646079516,0.00660102722404124,0.00320272671312383,0.025098336047969,0.0188453681567747,0.00899160818962161,0.0165798657685175,0.165935212515433,0.0023458149671608,0.00603057090548613,0.0182181211325513,0.0574572739722666,0.0170395432563957,0.0185717448400636,0.00172907358962134,0.0195503283563375,0.000657211311258376,0.00827943195489248,0.168140488305177
0.00028165513412461,0.00241524686443293,0.00497247663491396,3.80529814867944e-05,0.0002824596252435,0.000774986317323548,0.0048364591106483,0.00177683824289697,0.0625457841691964,0.000359110795424157,0.000367837243129826,0.000289386508736998,9.83401864124891e-05,0.00273875327759996,0.00125529432792578,1.40824311868009,0.005202471255182,3.12556427935332e-05,0.00126607551980613,8.1619100311637e-05,0.208896308699846,0.16115493135313,0.545300780788492,0.213143985326215,0.000200605405860162,0.00124405846387973,0.838168642278889,0.115931328923316,0.0103111023593807,0.0354254241959003,0,0.000366482160272548,0.0065377735380047,0.0199488591252843,0.0293755840380762,0.0487732067490844,0.00864376818746409,0.00816776199832884,0.00472399473906266,0.0125198960905215,0.00161288871291103,0.000153378842845857,0.789988304501123,0.241706176798087,0.124510012183099,0.0682417928304447,0.0252396347439635,0.0142958087793068,0.00301485709337727,0.000780582189155864,0.0207374016440065,0.00594204645980628,5.12709828143358e-05,0.000276858338445556,0.000234852645091498,0.00518946112953878,0.00230242056572192,0.0185105836624951,0.000745393160280302,0.00654874822184746,0.000694737842435896,0.00056159711874142,0.0045979956924982,0.00478255770000494,0,0.00308204079196992,0.00101630732497351,0.00419284248614085,0.000470312899425852,1.08573650262422,0.72366404006857,0.436076526241928,0.444608509110415,0.00248760330902244,0.00540202070996957,1.28555428441687,0.340179277561551,0.00750919680051559,0.0164687705661913,0.000129207346976849,0.000585348557957819,0.000965843179060841,0.0368649964481426,0.0840149916822692
4.99874486727864e-05,0.0100056419945718,0.0450994144867469,0,0,0,0.000322499922526261,9.32745410846713e-05,0.00033170676172852,0,0.000200931038903337,0,0.000626670258980608,0.000107847243670097,0,0.000798605482016439,0.0262684452550032,0.000631693448449525,0.0107920142428293,0,0.000895925435527789,0.00191818576488501,0.00490233415509024,0.000738048334148013,0.000649795079217494,0.0792325206521483,0.221708482506809,0.000187870083284471,0.000237017741723919,0.000171409699802386,0.000152598277774829,0,0,0.00532556284446327,0.00486144166442331,0.012841054653722,0.00458543217627031,0.00458652782772643,0.00510206083587343,0.000392149954185429,6.10844831137181e-05,0,0.08951338337595,0.121484304308627,0.0795298232553567,0.0362432959313048,0.00473069461305685,0.00682064927280524,0.000150529428469187,0.0123372221618985,0.008275531915447,1.3929009304015,0.000598379208029762,4.51528489016711e-05,0.000959969786143237,0.0903924870299594,0.0352620230546771,0.00257873351435457,0.00475679021968854,0.0215347016768389,0.00175546475551824,0.000295961824475166,0.0661841093384377,0.000192716646079516,0.00308204079196992,0,0.0158592836576664,0.859777873772744,0.0010250526559964,0.0875665365725797,0.00108002828297903,0.936541609795313,0.0034299820841849,0.000824512260158072,1.19710571149125,1.04897737231489,0.0727819923894935,0.0244459447607896,0.324663847917771,0.000321611891574505,0.00100665317636687,0.00114932056637736,0.455931420934223,0.00905823394073792
0,0.000454295960191107,0.0014914520569896,0.000391897019338363,6.53442794843137e-05,0,0,0,0.000650731922116208,0,0.000931543859706148,0,0.00563367225587403,0,0.000216317458885014,8.95836181068418e-05,0.000946890562916596,0.000543301696350175,0.000861221503760969,0,0,3.85725372548788e-05,5.51925791138768e-05,0.000459099837699396,0.00050422061820541,0.0154767006624789,0.0223249599296439,4.30252239250303e-05,0,4.53052124091982e-05,0.00173303701904703,0,0,0.0026817871532657,0.0123596080816313,0.00554196699898471,0.00105850296586371,0.000400273505283696,0.000276698373384467,9.67995736758591e-05,7.22906854154944e-05,0.000187295406303382,0.434613772112146,0.285245941701601,0.33442929621017,0.151174446275164,0.0227931012546121,0.0230986930019851,0.00993579472050715,0.00142566729240907,0.000453194872699454,0.0180983481703881,0.00938777687002834,0.00189263187019723,0.0144279886919148,0.028564969559937,0.0225462676433949,0.000700101882101717,0.0834286772985874,1.06448706521579,0.0623454444056773,0.0152769952037725,0.061022749576858,0.00660102722404124,0.00101630732497351,0.0158592836576664,0,0.60561657497453,0.0247145230642923,0.0130747428400705,0,0.03282730467384,0.00440926755839593,0.000469094019458842,0.469780474171401,0.0513038429936172,0.0164216411003233,0.14058096978285,0.0229711602723418,0.0407341708330053,0.136401981976725,0.000376086398956064,0.551162871506968,0.0434794340862264
0,0.0108539637111007,0.0197952413637606,0.000382452467124969,0,0,0.000101071253472966,3.38089079476506e-05,0.000751051061913416,0,0.000579982034384289,9.98598509811875e-05,0.00484198268929491,0,0.000229207305804062,0.000573089052368197,0.0182507846874777,0.00151859048346077,0.0191468918181621,0,0.00028912993347854,0.00104563952655913,0.00156128352862542,0.000648539144310606,0.00384048458361556,0.133698889977149,0.325033447742747,0.00025842760044116,9.37694708158227e-05,2.4446364487347e-05,0.00375564083732733,0,2.4267595706451e-05,0.00525953570105816,0.0219088576932238,0.0147762641130269,0.00607286172850235,0.00387106196509203,0.00358968802758061,0.00048731675535948,0.000276674529275125,8.95192940274835e-05,0.672392149611883,0.396254383922139,0.336825905640828,0.197547855478145,0.0190860668577524,0.0461117795364795,0.00252427706856393,0.0115434029499729,0.0120675468491013,0.28122581805168,0.00628514983959282,0.000144134747369072,0.0066129570511659,0.0722714391714929,0.0278624544619997,0.00295454101331711,0.0528143370616764,0.129856846239281,0.0341867469834578,0.00319396834451184,0.0640268933211084,0.00320272671312383,0.00419284248614085,0.859777873772744,0.60561657497453,0,0.0162865065478911,0.102550106227664,0.00180474772254754,0.392035219194444,0.00717723832365341,0.00423181423254773,1.7725232880805,0.816485914477314,0.0423281920053669,0.0531177700310475,0.246335025737988,0.0100257762180209,0.0216631631538553,0.00191198273564225,0.804387331910749,0.0555739613047347
0,6.19524836089671e-05,0,0.120823644614751,0.00177049013096947,0.00455733553733439,0.0126201396408634,0.00303359855629639,0.0202387597654594,0.0227716707942097,0.000174811700535133,0.0363348182545953,0.000354210333470607,0.00109695874775078,0.00722401875717801,0.000248056236945009,0,0,0,0.036637297932495,0.000404340783589727,4.55114259121179e-05,0,0.0733645653807511,0,5.94577974734008e-05,0.000202639077788586,0.0758891413048499,0.00203285312615695,0.000592234736735645,0,5.96471269589841e-05,0.000380150622125846,0.0107072591891363,0.00174452357516579,0.0107046362575113,0,0.00131798325388326,8.21089053736327e-05,0.0274551500417363,0.000798036353443711,0,0.169566450477931,0.00374784121729212,0.0457206354829775,0.00984344054331427,0.105296053690939,0.037203069952277,0.00558339975713652,0.00136295360463082,4.91137803730488e-05,0.00197313326120314,2.79368838199284,0.00364841331341335,0.107055288802977,0.0265768726791747,0.107708418784644,0.0658357012869548,1.12687022691723,0.0220825329673542,1.4091494601122,0.00173768045156861,0.109409472593662,0.025098336047969,0.000470312899425852,0.0010250526559964,0.0247145230642923,0.0162865065478911,0,0.000533908763063327,7.81115042375207e-05,0.00233515346872947,0.175802001765456,0,0.0216389936104641,0.0042800656263847,0.212467846535209,0.0420888598586393,0.0038064882635437,0.00278355286144839,0.0192192503814476,0.000324010866495323,0.0523261795796434,0.0107613570298233
0.000162743188953602,0.00091645316754892,0.00457216530915049,7.86799819842902e-05,0.000477775878562987,0.00050187641567361,0.00285320531146446,0.00160451166276046,0.0295027004427813,0.000159422164548594,0.000128460503118482,0.000590179128694847,0,0.00143842075149091,0.0010044417844706,0.221175700246225,0.00379889960476337,2.92052390193105e-05,0.00126349947574343,5.58853014091849e-05,0.149397299721026,0.0271572991129753,0.0962021901285391,0.114234902627336,0,0.0038268824147072,0.0553538488398816,0.0721127414207181,0.00508963094732516,0.0301845820073393,0,0.000574215320737618,0.0040039908168435,0.0142688550258721,0.0563973262593937,0.035501555091595,0.00236063481505157,0.00222512009363829,0.00242201711893365,0.00878090675008048,0.000224555215892559,3.90909412014812e-05,1.23150939405438,0.291952769099265,0.940866257957423,0.308569872968347,0.0641784496546154,0.0452250943944812,0.00329628650326679,0.00248131841149262,0.00408255126223251,0.213038043403634,0.000151349387239566,0.000231131016238546,0.00204222822728073,0.153809806868643,0.0267340122893929,0.00770327467718249,0.00550400634348124,0.0189903703615038,0.00203335996272561,0.000460543873014066,0.0377496219202906,0.0188453681567747,1.08573650262422,0.0875665365725797,0.0130747428400705,0.102550106227664,0.000533908763063327,0,0.0655963879041483,3.27484355459358,0.0743349161031507,0.000432826759256527,0.0835834722380534,0.182159677798159,1.28289878098469,0.0236479862817153,3.04982349749209,0.000297639904296374,0.00324857786550458,0.00144801665585638,1.7534479012112,0.251098269266959
0,0.00586180146379408,0.00820898359155001,0.000487931228709218,0.000223642200715482,0.000144293389708337,0.000858722931398449,0.00040016307088744,0.0470540508668312,7.51029886658728e-05,0.000829237436888375,0.000300266303091308,0.00960209635642754,0.000364914891764787,0.000107033226612973,0.25096550685107,0.00265405984167405,0.000156887487733031,0.00120335808158476,0.000185153233727777,0.0399376316391304,0.133967733159794,0.0767837624757905,0.116903188021497,0.00353440679567022,0.00537302003631837,0.530168328395283,0.0284989400332916,0.000985965455873642,0.00501984219375151,0.00200080245029084,3.08306136433065e-05,0.000606170669329471,0.00241476038841595,0.000756662691693693,0.00842837964919346,0.00205207983835634,0.00184253209786003,0.00160991793822173,0.000868974575693473,0.000293007624777925,0,0.0128021163920767,0.00542488024137166,0.00351485016387249,0.00178416057807605,0.0186741626992686,0.000295618991366076,0.000814751116231915,0,0.196467145246616,0.00262640733058684,9.94080981679142e-05,0.00186093572591978,7.96506420807896e-05,0.000544887508715579,0.000239292823261285,0.430411963845246,7.39267260937035e-05,8.84827249265373e-05,0,0.0333178009551447,0.000196015266152036,0.00899160818962161,0.72366404006857,0.00108002828297903,0,0.00180474772254754,7.81115042375207e-05,0.0655963879041483,0,0.0355160298706256,1.57978910149223,0.0853423100629837,0.00757198432894703,0.9312047426377,0.0709025573477102,0.00013929979409177,0.00191581005348059,0.00501609276432925,0.000111025608429456,7.63199021084011e-05,0.00153131203802398,0.00121640980624407
5.0855039475435e-05,0.00377606510674971,0.0513650455477972,9.51307341786143e-05,0.000434508767444497,0.00113037461534644,0.00148025079909224,0.00117854432116111,0.0158303633235636,0.000160529832873959,6.16969665279686e-05,0.000543999555020142,0,0.00120398324439972,0.00302686204641933,0.679935751694647,0.0129992467314552,0.000439013936907307,0.00372033951288055,0,0.080182269335995,0.0422488403873802,0.37622421627631,0.0555206930283538,0.000334644189781252,0.0177660394297636,0.678961611790937,0.0305268137532425,0.000970807637339671,0.0122731845232184,8.09157868773343e-05,0.000309636590912309,0.000842605877338775,0.0111440017926083,0.193676055534943,0.0484727797083688,0.0100430523275635,0.00550845594458084,0.0122219743341038,0.00749570244865305,0.000951755166232655,0.000194331818187213,3.93716251443839,0.968452388308424,1.90120884602916,0.774401905814506,0.21533329822103,0.0838966505114643,0.00729766060176622,0.0252596235850669,0.00363613744821292,2.76285307613315,0.000921303794494559,0.000112607822523278,0.00283662943212668,0.351197590128844,0.120458508879946,0.00204901681494005,0.0151919177313674,0.0490994190577986,0.00394750274056415,0.000768735981461495,0.187662055171085,0.0165798657685175,0.436076526241928,0.936541609795313,0.03282730467384,0.392035219194444,0.00233515346872947,3.27484355459358,0.0355160298706256,0,0.0985025569848528,0.000297607952955747,0.700995864863897,1.8815963031428,1.46201497544442,0.0404063711457295,1.39999438599608,0.00165046710180735,0.00381480902661318,0.00181335798377284,1.78457356231767,0.499118716868719
0.00395088130219795,0.00642920331565548,0.0034202154808122,0.220265923230298,0.0049649547770974,0.0456231503624796,0.282891486785718,0.0998493296210366,0.600208555522094,0.11452314877662,0.00351637032709561,0.0930735679808725,0.00368314103778531,0.0755244821759816,0.0260044914632471,0.133839349550124,0.00298585182648675,0.000170275005812002,0.000653708500393832,0.157869406154095,0.173314543499319,0.0549198014986779,0.0496604068489293,2.31545644945062,0.00188196948214768,0.00208751487944457,0.0565393593609792,1.06485550219036,0.152227621380729,0.075370901476421,4.8829472437197e-05,0.00493689901845969,0.049880370862254,0.142554260241933,0.0481879021382665,0.426178965123499,0.00540268350831734,0.0506369597765043,0.0163167528954053,0.12635123864917,0.0244710667036927,0.00178477381766578,0.540343839530766,0.0288279644275337,0.0901952565289339,0.0247960546402179,0.422135335259965,0.0500180847362898,0.00368196062210072,0.00283020610766104,0.407517598898694,0.0106870092755202,0.835706802531187,0.0417481110828944,0.0290829960860104,0.547154350737771,0.0367434055207167,2.92560262208316,0.143463126628265,0.0112470341883728,0.0685530271826997,0.0286250734168891,0.0569123312838106,0.165935212515433,0.444608509110415,0.0034299820841849,0.00440926755839593,0.00717723832365341,0.175802001765456,0.0743349161031507,1.57978910149223,0.0985025569848528,0,0.106357805926475,0.0118295586439334,0.590066137407073,1.3873613299368,0.115594237670067,0.0409068279390852,0.00265684548213,0.00669877185319663,0.0168569588186833,0.0857647201397192,0.0741862759241156
0,0.00518580831265499,0.0011647737756173,5.90644504372359e-05,0,8.90589493751047e-05,0,0,0.000933896169469235,3.68139025040359e-05,0.0255987773104635,7.93063270550367e-05,0.226617942482754,0,0,0,0.000970541374607035,0.00103226047155873,0.00216331140276766,0.000198709067573583,8.53822134667517e-05,0.00244767459795741,0.000205972650492668,0.00144057039920064,0.130037069499141,0.0555453631763039,0.175774566571711,0.000478260713468465,0,0,0.0296069878697879,0,0,0.04442973731593,0,0.000934586131606964,0.0037703104895697,0.00157613448037841,0.000274285003036222,5.91932484263897e-05,0.000118591249508941,8.60576771686319e-05,0.00439279166746364,0.0114532258535063,0.00203586027452586,0.000548541027929545,0.00450166009920392,0.000302743231979025,0.0765778934868902,0,0.274713130195272,0.000503494640576455,0,0.000415968739842027,0,3.57710475480497e-05,0,0.123242159302079,0,0.00786771005108824,0.000316192049435413,0.348741904752944,4.9212663779074e-05,0.0023458149671608,0.00248760330902244,0.000824512260158072,0.000469094019458842,0.00423181423254773,0,0.000432826759256527,0.0853423100629837,0.000297607952955747,0.106357805926475,0,0.0409653496053544,0.668201696324227,0.000829036582164673,9.00004463817598e-05,0.00039447897936221,0.0376804299155943,0.000197256428714305,0,0.00324168742826481,6.74643661171079e-05
0.000149728125929278,0.0942104999557155,0.153128739213452,0.00062737099954538,0.000128940772877842,0.000140610225137809,0.00127170275068063,0.000509982111197802,0.00513790904609638,0,0.0210783717122831,0.000337190862396154,0.216572923921005,0.000618084160254323,0.000383652037694448,0.00219047989833459,0.148845964772168,0.0324569753174442,0.174144178670466,0,0.00420793464850923,0.0107488764704943,0.0177016805405806,0.00293187479829487,0.110000400785578,1.44594117850873,3.51728015755652,0.00161700817903105,0.000727601250094911,0.00070960716012289,0.128958673738166,8.86982162110299e-05,0.000216247434225759,0.0442077585444283,0.0458049671135153,0.110986947061481,0.0728011445189108,0.0386145064059941,0.0315643913136951,0.00349503648859619,0.000773906243550644,0.000846153798870271,1.62254203721382,1.5836211550329,0.465568418261147,0.31552235034253,0.0372172565535325,0.0833012595450752,0.0120983724598127,0.0128017270881212,0.0729312328618322,2.73272128570261,0.00947348067813973,0.00185338956045597,0.011833480593739,0.0826252937824721,0.050078481193356,0.0139753755429092,0.0676124839076432,0.342216297577501,0.0523131876420105,0.0680475984582721,0.100418473354733,0.00603057090548613,0.00540202070996957,1.19710571149125,0.469780474171401,1.7725232880805,0.0216389936104641,0.0835834722380534,0.00757198432894703,0.700995864863897,0.0118295586439334,0.0409653496053544,0,3.4534825165559,0.0691090380889898,0.109428515995345,0.194556152536654,0.103701413470717,0.106831110874171,0.00133547649348078,0.406021886364073,0.10952259175469
0.000772650552118215,0.51911371000752,1.19187884306513,0.000917685775729693,0.000951732223447034,0.000207786947250747,0.0100254458044503,0.00298005447251578,0.0213109441511681,0.00034274068478019,0.0203059156072963,0.000548197771081251,0.365802034327403,0.00327924917661825,0.0024593208639573,0.277651924181863,0.358161574930058,0.0288133129960771,0.162624009057765,0.000346181311331299,0.0350663157322123,0.40124383927659,0.901077209011606,0.0300226149892109,0.327570112920579,1.66034971948183,12.2228429311325,0.0120349309098195,0.00188247860363051,0.00731608711174298,0.203263479076301,0,0.000557917610969987,0.0888885057796176,0.128686540262744,0.27957519785126,0.128163103947217,0.0977396336330431,0.0918675506665573,0.00411136080843288,0.00342584321502332,8.09030302203091e-05,3.10979498716391,1.10505744635043,1.00174714118461,0.457021369012832,0.120265647190981,0.124955120615827,0.0129275192258759,0.0117805682676537,1.9557212980765,1.79844934965218,0.000945900785392808,0.00399089956035991,0.00232375806570264,0.0685231909234318,0.0288089749624664,0.576795217839827,0.0145261866728552,0.0768384688410907,0.00745524750266,0.274887153045581,0.0658288686140306,0.0182181211325513,1.28555428441687,1.04897737231489,0.0513038429936172,0.816485914477314,0.0042800656263847,0.182159677798159,0.9312047426377,1.8815963031428,0.590066137407073,0.668201696324227,3.4534825165559,0,0.25194208450535,0.0344415230031163,0.248205257508406,0.105705606141323,0.00342135668072108,0.00224086896515187,0.632442949054374,0.223015719528466
0.00246518455535412,0.00084589067555351,0.0078030550220471,0.170043031828656,0.00286267118173967,0.0236851872383772,0.14827186657201,0.0444986788462759,0.149254952165153,0.0771766241994656,0.000401166206731096,0.0785809847750255,0.000237643850343508,0.0339930014377228,0.0188147665261786,0.140749323908618,0.00603673506777718,0,0.00104175012039247,0.114349680790557,0.190390043866914,0.0253005623663155,0.0722123721645739,0.96114558674603,0.000119229545898115,0.00206021946345115,0.0780348337298493,0.615230577922658,0.0824383863995418,0.0697070522538894,0,0.00184791905455936,0.035979183693862,0.105901274418912,0.0510295058238369,0.244169380019157,0.00373511254578316,0.0301223674141101,0.0117315787435347,0.102663524382352,0.0156978832209934,0.000612443205848261,1.41941451245207,0.0995064372657146,0.434651782551153,0.134296706726402,0.189786202801012,0.132188166331404,0.00877977301360025,0.00552457245550518,0.00649669564387784,0.509011191700336,0.638753024395121,0.00824699625226163,0.139183758886301,4.87143973754373,0.133160894511669,0.303260493126746,1.49997491528984,0.0331540618058207,0.0697520320697065,0.001178743108693,0.169248528464033,0.0574572739722666,0.340179277561551,0.0727819923894935,0.0164216411003233,0.0423281920053669,0.212467846535209,1.28289878098469,0.0709025573477102,1.46201497544442,1.3873613299368,0.000829036582164673,0.0691090380889898,0.25194208450535,0,0.261196184818243,0.743806879802475,0.00158925843969592,0.0220372493492566,0.0371232723476077,0.44816039069547,0.268234277137042
4.20448974242628e-05,0.00013742030938822,0.00086689506969802,0.00308074527607564,0,0.000342299600362229,0.00913825104933808,0.00144000629228864,0.0114612503971202,0.00085877919506853,0.00102418420366875,0.00211109797714204,0.00510955202293137,0.00128196210890204,0.000425529747762352,0.00999793084706847,9.41378593787732e-05,0,3.79357906742841e-05,0.00191742224770835,0.018893314015917,0.000950878922722288,0.00375307790108674,0.064992344478196,0.000547291156473142,0.00215666831685009,0.00418122793268933,0.037598533589176,0.00516548429150026,0.00407061078544134,0.000781865070130354,0.000126641208110678,0.00167087072740488,0.013917920826203,0.0045267327806688,0.0213102053794245,0.00106091099382044,0.00124836552472981,0.001028350765709,0.00864521506721599,0.000522171428251129,0,0.276897558168359,0.0228015435957165,0.190608007704777,0.0382490702517989,0.0404863754438273,0.0311591355484038,0.010693768426181,0.574549401108443,0.000527055776409433,0.0463560078726522,0.0264261821783039,0.00146486141761833,0.0336702581507686,0.794170905433114,0.16604947946891,0.00815754800595434,0.216793052759516,0.196692045943402,0.0831574129122714,0.0217511015752395,1.23873229333238,0.0170395432563957,0.00750919680051559,0.0244459447607896,0.14058096978285,0.0531177700310475,0.0420888598586393,0.0236479862817153,0.00013929979409177,0.0404063711457295,0.115594237670067,9.00004463817598e-05,0.109428515995345,0.0344415230031163,0.261196184818243,0,1.56750804848551,0.0253882551383577,0.0346104593582559,0.54228344213319,0.629064693589703,0.0397440773940877
0.000249563851869056,0.000946861507517374,0.0067142346024214,0.000275889349894866,0.000218896050065136,0.000375647103138942,0.00329118201205715,0.000783199658993211,0.00679096239682383,0.000306203100035748,0.000176751819743538,0.000281712439584449,6.10236238632083e-05,0.000545445414052159,0.00108983919168008,0.035651898388522,0.00296270096384709,0,0.00109100655572897,0.000439267606859953,0.0482046353934081,0.00480041624961816,0.016331039501454,0.0446969491798966,5.68334003194571e-05,0.00682746208851439,0.0312245129778722,0.0357337709995914,0.00369679326644723,0.00919023521098453,0,0.000112817383800018,0.00248703037147907,0.00811557756957495,0.0254999419367988,0.0167499031245281,0.000938433704647468,0.00176015334552879,0.00157914943397664,0.00496614162846746,0.000184225699044943,0,0.508933769657241,0.0771713358311935,0.572406335971857,0.132567418581936,0.0361793612401813,0.0641353936288301,0.00275651582570196,0.32680724766318,0.000966559586270649,0.414562505709431,0.00140901846203632,0.000143253550089889,0.00478968125701652,1.25104055017125,0.170890854038602,0.00268216580521356,0.0212632581799416,0.0263564917158378,0.00580634384400206,0.000380155063193634,0.714437973428371,0.0185717448400636,0.0164687705661913,0.324663847917771,0.0229711602723418,0.246335025737988,0.0038064882635437,3.04982349749209,0.00191581005348059,1.39999438599608,0.0409068279390852,0.00039447897936221,0.194556152536654,0.248205257508406,0.743806879802475,1.56750804848551,0,0.00122524980200975,0.0124286752494807,0.165332537387852,2.1671887993576,0.140363564449645
0,0.0031350401835856,0.00256096592586303,0,0,0,4.49452681960165e-05,0,0.000252111327481455,0,0.0295504419730066,0,0.264003734950856,0.000200607906155574,0,5.00582505774319e-05,0.00338066342473625,0.0123860709928964,0.00844227568943348,0,3.31219236898482e-05,0.000552729320065323,0.000426576601318118,3.91975408749967e-05,0.0561531396907964,0.264048554977194,0.306151029639662,0,0,0,0.0967609208622651,0,0,0.0146341935749022,0.00136029037798276,0.00254006735180555,0.0156401520109451,0.00375954933751026,0.00171127484108117,0,0,0.00147019108992773,0.0491571073742022,0.214560242403332,0.0453212982329763,0.0186530482172107,0.00378657846501896,0.0022143448598589,0.0121878685067115,0.000103806276993412,0.0135326790477764,0.000977726846705484,0.000866139821288591,0.000726241639549124,0.0018966866376618,0.00246609418529977,0.00488644187009664,0.0066456857167814,0.00852758963406645,0.0843193083398501,0.00820229740597085,0.115142470276419,0.00574074655007327,0.00172907358962134,0.000129207346976849,0.000321611891574505,0.0407341708330053,0.0100257762180209,0.00278355286144839,0.000297639904296374,0.00501609276432925,0.00165046710180735,0.00265684548213,0.0376804299155943,0.103701413470717,0.105705606141323,0.00158925843969592,0.0253882551383577,0.00122524980200975,0,0.0390182956988628,0,0.035953875347849,0.00528208470185687
0,0,8.59918735137103e-05,0.000433480813593662,6.51547814394891e-05,0,0.000775048340101043,0,0.00085310028673997,0,0.00239347554446933,0.000705177067414373,0.00933413692052033,0,0.000105033004329544,0.000732334260147738,0,9.11135741536617e-05,0,0.000348172176235735,0.00067237571062606,0,0.000178898850102833,0.0075616759293508,0.00136574300723539,0.00364249133563555,0.0025844278130783,0.0024490779262153,0.000113958127194286,0.000198496650154143,0.00153113951998163,0,0.000228486134454584,0.0161198046889692,0.00212367338616085,0.00242151926750899,0.000299145447346414,0.000190201540864748,0,0.00223188524688088,9.59312454265299e-05,6.78237250551462e-05,0.124735607564023,0.0184616140096377,0.0799781844975005,0.024477415951054,0.0799141842859949,0.421436463991426,0.047262329854895,0.00184606308621108,5.32196025589228e-05,0.00259742812716901,0.0113681566451863,0.00804094944506723,0.0468966825708857,0.0305201741298127,0.0849582313128879,0.00408825207623914,0.0763967223247719,0.298528518737014,0.0426487172868157,0.0484973914013787,0.0864557586686726,0.0195503283563375,0.000585348557957819,0.00100665317636687,0.136401981976725,0.0216631631538553,0.0192192503814476,0.00324857786550458,0.000111025608429456,0.00381480902661318,0.00669877185319663,0.000197256428714305,0.106831110874171,0.00342135668072108,0.0220372493492566,0.0346104593582559,0.0124286752494807,0.0390182956988628,0,0.000293162654799006,0.94599304452366,0.0113892323094555
0,0,0,4.90096809949458e-05,0,4.67041464213192e-05,0.000798268784931953,0.000133657154093295,0.000720592947805667,7.08167893630087e-05,0,0.000122080411757141,0,0.000227632407649532,0.000179249254331178,0.00106264574934544,0,0,5.58252287684679e-05,0.00034756228676092,0.00318035226010168,0.000136920634246206,0.00109750873080302,0.00641894372332401,0,0.000104717243707487,0.000171907244542879,0.00440423216945192,0.00050212221952833,0.000876794226185188,0,0,0.000288609066694134,0.00115417663404073,0.000884770407343445,0.00207857515513556,0,9.2225306629622e-05,0,0.000308100447336674,0.000100069192194474,0,0.00993810046109768,0.00078665428532575,0.0221162891068949,0.00370264415202392,0.00119299106083017,0.00225883822541121,0,0.00305334052132102,0,0.00210775171333174,0.00013971087496478,0,0.000782425623251683,0.0372814593170594,0.00513177242919469,0.000345686072574872,0.00164465356380812,0.00020943585929991,0,0,0.0158604497996608,0.000657211311258376,0.000965843179060841,0.00114932056637736,0.000376086398956064,0.00191198273564225,0.000324010866495323,0.00144801665585638,7.63199021084011e-05,0.00181335798377284,0.0168569588186833,0,0.00133547649348078,0.00224086896515187,0.0371232723476077,0.54228344213319,0.165332537387852,0,0.000293162654799006,0,0.0984208774583939,0.00353857788539897
0.000126391098972005,0.0038287277895754,0.0115865494335433,0.00490268355498644,7.45347614168644e-05,0.000550136829771096,0.00950083631894543,0.00222082853087402,0.00545966296990158,0.00187326533108387,0.0212408378834881,0.00239509240451054,0.106919140202832,0.00162413642058487,0.00145836468560312,0.00742560220228368,0.00601266349008064,0.00266726594084629,0.00282887058235795,0.0030702927466226,0.00729301675955204,0.00214033048764193,0.00455639356976652,0.0492197914891979,0.0187215817826886,0.0447491508133986,0.0831132422978674,0.0263010258460073,0.00522469318081958,0.00312412117345558,0.0114411843137445,6.23962626336872e-05,0.00241476301747189,0.0289789958581989,0.00643171992151572,0.0230182377166139,0.00343919862022573,0.00591714029380188,0.00134282170823576,0.00864847858950868,0.0013068718380615,0.000507377849849892,0.190813296351233,0.0937275152922535,0.160037244868454,0.0366608254875814,0.0462889401802751,0.0314231961505323,0.16012848646101,0.0446541558583711,0.00477063985697412,0.317016948194888,0.04155623261403,0.0244636867750985,0.0349402114274249,0.341951938531872,0.113134796211337,0.00627202715617513,0.271645362847683,0.938726503904934,0.0862964495137314,0.155988832487613,0.28793955125591,0.00827943195489248,0.0368649964481426,0.455931420934223,0.551162871506968,0.804387331910749,0.0523261795796434,1.7534479012112,0.00153131203802398,1.78457356231767,0.0857647201397192,0.00324168742826481,0.406021886364073,0.632442949054374,0.44816039069547,0.629064693589703,2.1671887993576,0.035953875347849,0.94599304452366,0.0984208774583939,0,0.0252763628896124
0.000217209549305165,0.000418065527841913,0.0252911658488036,0.00163722709413442,0.0580331010705162,0.0332428450273936,0.0174818548441599,0.00314214933346424,0.00494756504223843,0.0219285969285252,0.0028272127319868,0.0549409702334005,0.000360904640327627,0.00287319056131959,0.0775496527301088,0.0252557289933625,0.00520003936672821,0.00732995884433578,0.0153406839810095,0.0030483242474632,0.0731914514697629,0.00109543679358572,0.18643329243061,0.0343626735792958,0.000112022037019968,0.0228363346515411,0.098973429390928,0.0304939416928758,0.00634885927470132,0.0241640628629812,0.000772217717738676,0.000760675136742091,0.00198989617574794,0.0324294764925862,25.1475106038584,0.249788228234229,0.109729177970185,0.00653703708160958,0.123781716206727,0.0311910985804877,0.0147663608127918,0.00293365242405357,1.04246384960095,0.261410757379955,0.0819770216406815,0.153728401112827,0.0758674733491588,0.0905099676379451,0.0166184409371694,0.00664989971654258,0.0014352960541211,0.0840254414070839,0.0115787635744973,0.004947771457076,0.30230823600748,0.153237503990623,0.0288011428620018,0.00388114871162705,0.0627376630711645,0.0798305865740991,0.808079116736656,0.0023095853097159,0.0465347959886978,0.168140488305177,0.0840149916822692,0.00905823394073792,0.0434794340862264,0.0555739613047347,0.0107613570298233,0.251098269266959,0.00121640980624407,0.499118716868719,0.0741862759241156,6.74643661171079e-05,0.10952259175469,0.223015719528466,0.268234277137042,0.0397440773940877,0.140363564449645,0.00528208470185687,0.0113892323094555,0.00353857788539897,0.0252763628896124,0
