0,3.19572313199043e-05,0.0258811845725303,0.000238096395164654,0,0.0139164386211788,0.463891756838074,0.150884849916861,0.00456437911189654,0.00892380860545174,0.0030140460302719,0.00326314872953662,0.000823861210659743,0.973409948452049,0.000303929753028542,0.000584574416215673,0.121591661426026,0.0060194825454281,0.039110147878368,0.000804713399487463,0.0241912251371156,0.00114161182661712,0.151328467503965,0.0134178388979988,0.000175568927398905,0.034578666739087,0.0304495454707177,0.0268664439172591,0.605904206501161,0.387976868257794,0.000273044828625307,0.00456964377865223,0.0048473231936481,0.0224869115715393,0.000888617984315339,0.00591674059794586,0.000763695884554443,0.0131653160645739,0.00374947404520592,0.00270810698270148,0.000733986130253655,0.000241586036365181,0.00294247706406811,0,0.000622763730829865,0.000473774297349438,0.000808854293035805,7.21425501696464e-05,0,0,5.17993095893562e-05,0.000434090513023228,0,0,0,0.000354832991051272,0,0.000852610998984488,8.81430990408358e-05,0,7.13175081405047e-05,0.000103331913012385,0,8.43148220967652e-05,2.37021152604372e-05,0.000187092237032578,0,4.65586095458865e-05,0,0.000111227122529491,0.000125135796110451,0.000493622579163775,0.00475598180341798,0,0.00041641939157246,0.00150674749467865,0.00223523693718633,0.000397735132405848,0,0,0,0,0.000557059406699583,0.000258998385878384
3.19572313199043e-05,0,0.0269954859215576,0.000374073064707712,0.00198452606459199,0.000177033843002513,0.00178180458923869,0.000214309699301228,0.232859062874294,0.000703088588470995,0.0490081527651671,0.000986387428874107,0.125419617179983,0.00118662739584889,0.0128369251557676,0.0356458879476014,0.0229834408227104,0.00143779143634562,0.00606230170648397,4.50405621575117e-05,0.0105398687603418,0.308741551855828,0.017151706721087,0.372451605349052,0.281843180404354,0.0366262738926134,2.58054348190848,0.0193521476217272,0.00360560241428755,0.0015992046965497,0.00356919544541149,0.000405294456768125,0.00146193160178501,0.0173443247352338,0.00583894465428065,0.0482525044239574,0.0227626053811231,0.0249195866330872,0.00912723247139166,0.00637462890802351,0.000864557920309248,0.0534652031735934,0.0334313287356211,0.0270195676832505,0.0202217256944933,0.0134499386762657,0.000716688445381793,0.000115737854600698,0.0186275522642089,0.000144225138346464,0.247272901402602,0.0413173587790396,0.00127176800229728,8.45319882256684e-05,6.69551543484628e-05,0.00206827359248654,0.000197865189008832,0.00143735959812315,0.000719292739788205,0.0172255485168309,0.000724456940660207,0.0275812009005068,0.00118984068699941,0.000381795399303496,0.00371581632760271,0.0145008115820059,0.00404369492664349,0.0169163093495106,8.43255868243128e-05,0.00105676347863129,0.00444064756702942,0.00982714369249428,0.00613640343917021,0.0197254003906433,0.0840509781766527,0.615129051644068,0.00173632369736235,0.000897803150544228,0.000960870734676896,0.0197279043053848,0.000320611884324789,0,0.00816414693450261,0.00369705372712724
0.0258811845725303,0.0269954859215576,0,0,0.000427291282729491,0.00658642137283637,0.539190260960961,0.191400919241022,0.000850180958999547,0.0056963505120003,0.00214374514989634,0.000336638826650843,0.000181441455334559,0.186587520494276,0.00072750958523297,0.00480818001776661,0.716687726144903,0.00321320444599669,0.0364419449605115,0.000113276670717538,0.360745408312568,0.0101711214683583,2.57984057930439,0.00645754338185299,0.000713089535572527,3.27830254762285,4.08631887007817,0.137329547012633,0.0319729368660329,0.168614705142687,0.00259497058990552,0.00252520402266155,0.00249320874994267,0.0603583926630763,0.0115573891355494,0.09309404715459,0.0111671226085477,0.0713570727957401,0.0280336563772929,0.00411037604412818,0.00148188295497188,0.000234594893627465,0.127371455256697,0.00851960897762255,0.0560659500986367,0.0377080138607533,0.000513830567745298,0.000361281824100942,0,0.0004089600851769,0.0271777488965695,0.273971004296119,0,0.000295766350597232,0,0.00638008863105355,0.000505221839112907,0.000370992478948206,0,0.00161662374799428,0,0.000529387317118317,0.00229645034799414,0.000277720938791558,0.00558169087555853,0.0962708949624376,0.00288796704719715,0.0194085890145134,0,0.00401959692007457,0.00574526058049205,0.0538154791625402,0.0062315753122829,0.00270220488804004,0.11568885725569,0.650253985453378,0.00366373062663223,0.000724573405381008,0.0041379365392971,0.00132694588229607,0,0,0.0329823995430083,0.0103501614515579
0.000238096395164654,0.000374073064707712,0,0,0.0059191677527567,0.0353927499012702,0.0666740521643774,0.0353669058722956,0.396281580752268,0.488592803408474,0.00279071221507569,0.476138945742513,0.000440080895694316,0.022172484739227,0.0585698345689269,9.24957458623054e-05,0.000759840152192739,0.00194354810093768,0.00231045752019905,1.20697832115346,0.00033083901056993,0.000570632214051783,0.000873267158986152,0.282738532427067,0,0.00348110280747678,0.00211548942240072,0.791156968530638,0.0198549719232245,0.000123038829707622,0,0.00564892156403312,7.33143640491665e-05,0.0162678363370097,0.0128537808433237,0.0449729643832059,0.00059555618161565,0.0362392405081059,0.00857019479602529,0.0511128435045491,0.00531564602604233,0.00797127403036525,0.00497117640369925,3.73734180822373e-05,0.00418113000542816,0.00025686903486836,0.0452290548710883,0.00136363661813834,0.000895051283268038,0,6.62925232273042e-05,0,0.124909408229124,0.00102923928366298,0.00147001940508458,0.0138905075406977,0.00260604884250887,0.069756768496676,0.0675265969031938,0.000112107031233072,0.0564139168337719,0,0.00526579438771373,0.0122584852126961,0.000135890234185293,2.88093381498456e-05,0.000220439329474568,7.90021987847688e-05,0.0364935444991324,0.000319132107551113,0.000108498519598067,0.000678525263463289,0.0830134647646419,0,5.80858095382154e-05,7.78470104055405e-05,0.149711570715879,0.00365426954355003,3.779162953493e-05,0,0.000526365984675497,0,0.00330346621543586,0.000404072034579724
0,0.00198452606459199,0.000427291282729491,0.0059191677527567,0,0.045767716864228,0.00445754644597815,0.00112199166071413,0.0459436834661917,0.00569403356789585,0.00264355804251981,0.0304620913874105,0.000243875512434616,0.000764941251447338,0.198184965206265,0.00357701404220072,6.15856098320782e-05,0.000487718223888517,0.000830703346352219,0.00512800181651196,0.00914258914277335,0.00538549978568682,0.0102160499103794,0.0370333253825537,0.000155422095255465,0.00159240121840489,0.00754757852833498,0.0136189817457193,0.000530825275690779,0.00225436410001717,0.000110885189444124,0.0472601435512441,3.46388324100673e-05,0.050096741732854,0.639879031212944,0.0188996615036352,0.00433120056957927,0.00119135616885397,0.00546844979005677,0.637682808413701,0.802413780256237,0.000561241149013817,0.00292788283989626,0.00112081908768895,0.00117783855622807,0.00173103302198187,0.000353657305739165,7.1110515825212e-05,0.000171011797017753,0,0,0.000191232606959671,0.000626172828988821,0.000267701698592752,5.36554438652694e-05,0.000758993431402844,5.61096082796753e-05,0.000707212023772,0.000339815424359098,0,0.000311027205599516,7.57951469283701e-05,0,0.00108786278703126,0.000557968209202051,8.3958069899261e-05,0,0,0.000127451245055437,0.000437748510020345,0.000344453886368036,0.00168179851860711,0.00206327957272536,0,0.000225384139353096,0.00122520989534368,0.00232963849825604,0.000150579490356088,0.000130690538522064,0,0,0.000157744799193621,0.0008112384267886,0.0921050684335192
0.0139164386211788,0.000177033843002513,0.00658642137283637,0.0353927499012702,0.045767716864228,0,0.290985125251162,0.80903168983455,0.0223251646867942,1.54523769026221,0.0279828836387227,0.635322394539335,0.00374438022617926,0.117879589606482,0.15420899238127,0.000284558685738892,0.0152291471008961,0.0117871958199031,0.0114847487729832,0.0461990853101223,0.00356497097644472,0.000204625353792965,0.0173891359702115,0.0173311233793261,0.00016951939655596,0.0182383633223943,0.0134641281159795,0.12713929262161,0.0620651826921822,0.0201379540505808,0.00129088561166901,0.185726192269813,0.00101617815100157,0.0237430906038823,0.017212934878457,0.163077676349961,0.00225875648527515,0.0479831081965874,0.00854777603017556,0.410833289286739,0.0460743104909287,0.00788574205804182,0.005574239518112,0.000146115554042279,0.00266261610627222,0.000603472422201365,0.00891167280405986,0.000457536238927915,0.000879822875959846,0,4.08183495987654e-05,6.87717794035971e-05,0.014379421829069,0.000113149542208224,0.000264942942227393,0.0073121319279498,0.000247546204618334,0.00958713805229788,0.0095410364379262,8.27033724542859e-05,0.00986323190010225,0.000182388118386894,0.00100427010171993,0.00093323493898755,2.89122412906587e-05,2.35541891040355e-05,0,8.5199151088938e-05,0.00163338112092983,0.000177771242611259,0.00014972314250569,0.00019876811601828,0.0353485540348132,4.09151122815907e-05,0.000233426755611152,0.000450162983060047,0.0349962252466002,0.000910553620192272,0,0.000166169629520864,0,0,0.00168839101313893,0.000851750235051291
0.463891756838074,0.00178180458923869,0.539190260960961,0.0666740521643774,0.00445754644597815,0.290985125251162,0,2.0797219687382,0.0882133365012975,2.55740732072474,0.0280353234380352,0.0221470766806667,0.00310002885731153,2.11374062197406,0.0389488816421777,0.015785476222086,0.0867162308673081,0.0167474882534074,0.0302219709437816,0.00816637903934778,0.322109524403634,0.0115221820226786,0.945439902172556,0.173262525853085,0.000567713908820674,0.169857963295056,0.180156956253423,5.20417307080933,0.639329443094945,1.22928817280188,0.00135296420564716,0.0346097765451467,0.0413893006813329,0.255984715076359,0.118452408319861,0.304162485146946,0.00892681095715011,0.327225438089316,0.0939770736021126,0.0924785255156608,0.0285911945693809,0.0233529168503687,0.0567934311370487,0.000568317532664046,0.0376529572442853,0.007206270928524,0.0726481131322297,0.00865672448972978,0.00589411082535132,0.00010766542768085,0.00148868496108909,0.00719412337404317,0.0487097842251629,0.000721832042073189,0.00122462879352258,0.0788745649809534,0.00644057899767606,0.0319822007920471,0.0406866717166568,0.000628200616403148,0.0144434648417763,0,0.0243983606491499,0.0065553867600494,0.00511001789971071,0.00191254275626519,0,0.000298426815473959,0.00581929607614209,0.00447975335340987,0.00252762360283895,0.0211503058740235,0.26410403790826,0,0.00212890906528115,0.0319356444010571,0.250154335664912,0.022239710336589,0.000366956404279455,0,0.00288419264225744,0.00143866781638876,0.0187704477852142,0.00906018751284515
0.150884849916861,0.000214309699301228,0.191400919241022,0.0353669058722956,0.00112199166071413,0.80903168983455,2.0797219687382,0,0.0309949803721948,1.6767490214062,0.0634551364258338,0.312909456038147,0.00618462419919491,1.5541956804126,0.0118719991448734,0.0013687247383153,0.21323139737131,0.028872272443982,0.0665365031969202,0.0591669182651713,0.0587432363163093,0.00227564545116944,0.384641429430453,0.0276726844759857,0.000301001456935823,0.150833786162641,0.097657123179289,0.258523898732743,0.253370932705536,0.471112615579039,0.00359114113944273,0.241014950318712,0.00590304623896605,0.0517254541374019,0.0140789335609095,0.224453990011071,0.00403356047084444,0.0642721712683196,0.0138532673305988,0.0887207331728673,0.0154044311783371,0.0112499084292679,0.0145637844895291,9.40942164271473e-05,0.00798987123171673,0.0014425756501159,0.0184823528265434,0.00133921509144643,0.00171966766301255,0,0.000879685232967675,0.00211329179664772,0.00860582046522376,6.04503611181378e-05,0.000482053266564712,0.0225792514128556,0.000633832322726369,0.00917100637272565,0.00775683018518888,3.26224637241215e-05,0.0105528631533747,0.000331382596716196,0.00117670706328741,0.00133429856552678,0.000561832001966312,0.000139236617659807,8.91300893407163e-05,0.000123315512015283,0.00101970802902509,0.000521959343881667,0.000552561142702148,0.00167944143020711,0.0798409097047107,0.000162348746361136,0.000772706960387799,0.00490007193159878,0.0635425872450147,0.00210268214931049,0,0.000415967498025388,3.11775950335264e-05,0.000209240286492169,0.00275740625529062,0.000962690697028893
0.00456437911189654,0.232859062874294,0.000850180958999547,0.396281580752268,0.0459436834661917,0.0223251646867942,0.0882133365012975,0.0309949803721948,0,0.174124345751589,0.0120507264715136,0.267566071327886,0.0309038018344809,0.0238054083056122,0.272441293309674,0.0080960624574027,0.00230625430941372,0.00287501950249404,0.00347845915315524,0.0861122149893398,0.00539759701154401,0.787164193581074,0.00911234629578017,2.25104153543597,0.0598961144996281,0.00625729543017993,0.32435859977345,0.548611257104121,0.0764266415934608,0.0177138366593366,0.00122537807449696,0.00640138713132736,0.0174980889867427,0.0430196085219659,0.0634569509648156,0.172740648646241,0.0101484964861622,0.0600929494186227,0.0204447542973841,0.223689623605327,0.00837839674541233,0.00788934114659725,0.158176105305455,0.00575407278749956,0.0588750853741988,0.0208852312463099,0.0744811882387889,0.0103921575599248,0.00350353107421316,0.000886050469569953,0.00232482615193543,0.000380495874412313,0.126946681826707,0.00300479390571329,0.00286281984244197,0.0407084764409135,0.00784859865478653,0.379701665620479,0.0569482705890599,0.00623882033141497,0.0207439833552825,0.00661676405274135,0.0244438332345849,0.0184212248133138,0.0127397978159566,0.000510534933473736,0.00513422984542166,0.00261686267689736,0.0131464570841428,0.0140666937124011,0.0435243737023681,0.011954738720795,0.743851826023044,0.00165972795037168,0.00558403848199788,0.0138897924170724,0.325587149503848,0.0382188565026708,0.00294011977589294,0.00415018776027019,0.00662397445609296,0.00519573668915977,0.028390061184695,0.056210527266075
0.00892380860545174,0.000703088588470995,0.0056963505120003,0.488592803408474,0.00569403356789585,1.54523769026221,2.55740732072474,1.6767490214062,0.174124345751589,0,0.077241614514315,0.757335413115801,0.00835528823789891,0.573955044918571,0.0462240642474026,0.00219553732856342,0.0146222304411341,0.0397137843243991,0.045160741954231,0.295164549254409,0.0063165706275043,0.00164527041447696,0.016030637592687,0.104729255102805,0.000267176203665689,0.0615414363530581,0.0539971340871115,1.05833478710733,0.316456055956635,0.0072676819811175,0.0030244358302871,0.0867733575919838,0.00209975341371238,0.17766939777838,0.157261844337489,0.571000859393238,0.00825271027008552,0.411153314812001,0.0845124594327245,0.230870062245349,0.0661856891482393,0.0283118808126105,0.0160910116207625,0.000266853251324773,0.0107250528668778,0.00185440380232483,0.0748345108264808,0.0034469747286888,0.00371481798797004,5.98106347464323e-05,0.000249995305257797,4.64731520350277e-05,0.160911624865581,0.00103417933889235,0.00206869553868355,0.0342412664304559,0.00328371927220729,0.0718922652534734,0.111382774986552,5.2789544658646e-05,0.0664561189177307,0,0.00656658308608943,0.0158340562283436,0.000195714510421783,0,0,0,0.020546147459623,0.000786026471745103,0.000249787682073534,0.00129045192920624,0.170336479226725,0,2.53909304677695e-05,0.00109629250869593,0.271034066375176,0.00637309531602368,2.67580003968179e-05,0,0.000384964737812788,0.000318387383553609,0.0064154638599907,0.00724121491435841
0.0030140460302719,0.0490081527651671,0.00214374514989634,0.00279071221507569,0.00264355804251981,0.0279828836387227,0.0280353234380352,0.0634551364258338,0.0120507264715136,0.077241614514315,0,0.0462808834697186,0.989037829521262,0.144929983645312,0.00210985154828185,0.00127446083075224,0.154211730379943,1.15266296873466,0.141105452165067,0.0121625119993014,0.00338771075031763,0.0111048762433782,0.0139856710421792,0.0118592826916802,0.342904279607961,0.621701479215968,0.0936075950068177,0.00984099229262887,0.229242648785292,0.00364744985417556,0.0719991351385579,0.213955761317678,0.00103842361504193,1.08612003259417,0.0341694320513671,0.228902336974301,0.350320271938375,0.687877372952114,0.12568275963899,0.0317817370642598,0.0215764877421234,0.415470090610917,0.00358685534580615,0.150672153263301,0.00486399998989575,0.00156822092759603,0.00107571669826936,0.000140883602048546,0.131622912375376,0,0.00943436152499986,8.32701682700065e-05,0,0.000511574942001969,0,0.000190717746380567,0,0.00577705086916186,6.26046924365312e-05,0.168592229567086,0.000792367766869916,0.325942768694326,0.000121745865853742,0.000843866238178702,0.00324950235024498,0.000324094184313386,0.00813652990295932,0.00145792085019676,0,0.000146206071122289,0.00472070802872591,0.000523288591112986,0.00899405504948746,0.0358090672939473,0.0674306637457731,0.118832328341282,0.000873369898101035,0.000507598940779567,8.6398149112433e-05,0.181477375947619,0.000377512614911914,0,0.00206372410192864,0.0160802807119974
0.00326314872953662,0.000986387428874107,0.000336638826650843,0.476138945742513,0.0304620913874105,0.635322394539335,0.0221470766806667,0.312909456038147,0.267566071327886,0.757335413115801,0.0462808834697186,0,0.00623617764652875,0.144308923139788,0.251155542325789,0.000125849424576357,0.00791421602624649,0.0233819963812873,0.0214052549664253,0.709609082753559,0.000796927225157576,0.00187301017861403,0.0025438542842993,0.051357215801064,0.000466507628897175,0.0318094174771057,0.0243070735494006,0.0994738422170764,0.0845148366290217,0.00267746449283235,0.00209002468446909,0.0418436283816566,0.000215749510525569,0.026947081237993,0.141317054111656,0.103584215598938,0.00302001196887325,0.0922411572989034,0.00818956012413059,0.241136311688853,0.020525486830966,0.00990852207608277,0.00229451248148864,0.00020232347063376,0.00139173948818511,0.000151080669490099,0.0264751647341049,0.000720981235355256,0.00154196790626733,0,0.000378431181163162,0,0.0435774206920366,0.000554028297890603,0.00138327451356232,0.00311462042342211,0.000883076782454741,0.0119618216002927,0.0235293119784928,0.000130104986971825,0.0390798897306994,8.25122990660373e-05,0.00266949231309494,0.00759293539347439,0,0,0.000275865147287786,8.58147845746277e-05,0.00609643875833161,0.000281512795669914,0.000101992721183181,9.24384587539135e-05,0.015964487589069,0,0.000158298001885906,0.000206162415572137,0.0345232828635459,0.00117428459583302,0,4.28306449740529e-05,0.000236427757249922,0,0.000521765610329256,0.0158013973676856
0.000823861210659743,0.125419617179983,0.000181441455334559,0.000440080895694316,0.000243875512434616,0.00374438022617926,0.00310002885731153,0.00618462419919491,0.0309038018344809,0.00835528823789891,0.989037829521262,0.00623617764652875,0,0.0115995467716078,0.001459177351927,0.00234974135462639,0.000345254484327436,0.0421780923800561,0.000447986222246825,0.00134866660214344,0.00129218755278835,0.034825418850005,0.00162886726816012,0.0350399098379168,0.883565222213989,0.0297373689918074,0.155733266759724,0.00264818526454658,0.0199833510272311,0.000271207887486398,0.128718579565055,0.0273209198318359,0.000145995232609168,0.217482261794899,0.00998263909051842,0.0604834727177073,0.316256068652682,0.255557764174777,0.0303381913332353,0.00529422249594999,0.00793796013635144,0.486494134405951,0.0046807121955775,0.287839811569742,0.011101933136585,0.00377720271532233,0.00194069452286303,0.000183897363050223,0.130425796240331,0,0.0188694772959129,0.000199798468045458,0,8.3590500401795e-05,0,0,7.32913962128162e-05,0.0111607113921119,0,0.367353717646514,0,0.799608836566649,0.00054313348936674,0.0013497523444663,0.00644450614861111,0.0002470189748016,0.0155893130124171,0.00159497511754426,0,0.000254826390489757,0.0111158181126245,0.00204377552666813,0.0182528878439564,0.121004038133628,0.120152641769806,0.247761607493698,0.000364641579894751,0.00121867969281408,0,0.471738258078541,0.000777699846687732,0,0.00368736677823302,0.00300269019952695
0.973409948452049,0.00118662739584889,0.186587520494276,0.022172484739227,0.000764941251447338,0.117879589606482,2.11374062197406,1.5541956804126,0.0238054083056122,0.573955044918571,0.144929983645312,0.144308923139788,0.0115995467716078,0,0.00546500793507792,0.00137927213781113,0.40426802150147,0.072768892090446,0.15415308730702,0.0344124159461701,0.0830146154759545,0.00194398264769094,0.540261196137168,0.0413495282220641,0.0012363834112646,0.225250596479312,0.161511161251057,0.173979644601575,1.30818484274815,0.955019512288324,0.00579044009995209,0.12356849832501,0.00911610707184718,0.0956860827738096,0.0110461146448951,0.188971057358803,0.008034276306942,0.0969513336073303,0.0149389823852011,0.0623481271209117,0.0131565002321727,0.00973714753571521,0.0110833650897916,0.000557405924099475,0.00585012889497408,0.00156540531942187,0.00756291143488247,0.000887565943012923,0.00143994629969685,0,0.000865096909523606,0.00275583043712765,0.00106180708889942,0,2.71297441439778e-05,0.00855435279083523,3.48228800208718e-05,0.00489268701727232,0.00175651796454374,0.000305270427399829,0.00284434214870265,0.000527339545877874,0.000592603597067535,0.000639392349717066,0.000389355573235989,0.000477412564970925,0.000332234335017309,0.000797071917059051,0.00024204464235811,0.000241926709815502,0.000402297067905664,0.00141210360421966,0.0453550886061375,0.000401642360498786,0.00331278802578105,0.0116296144283905,0.0239314492451851,0.00089191223067516,3.32147508520782e-05,0.000577249163167835,0,0.000117934931497693,0.00286612741275447,0.000567884110960454
0.000303929753028542,0.0128369251557676,0.00072750958523297,0.0585698345689269,0.198184965206265,0.15420899238127,0.0389488816421777,0.0118719991448734,0.272441293309674,0.0462240642474026,0.00210985154828185,0.251155542325789,0.001459177351927,0.00546500793507792,0,0.00720221366296651,0.00165645732374614,0.00139473415169361,0.0017130906373879,0.0309758728209774,0.0181925582164391,0.0450439878769652,0.018297381863295,0.269905429868319,0.00245623472659461,0.00350457550302999,0.037737809316501,0.0857920825822567,0.00511255372801056,0.00973957327317375,0.000108103284393311,0.0202556547467382,0.000720897136315584,0.00342262373945658,0.353977523576421,0.0308061495759365,0.0124534460597071,0.0057708552606086,0.0193847958795806,0.381472995267626,0.00624085676804289,0.00376441667307588,0.0163869661427508,0.000300743120297849,0.00645162708843389,0.00632729823472179,0.00811271289594477,0.00123370019935566,0.000740334175676464,0,0.000237924493884444,0.000555009332787395,0.00368035105684018,0.000458498837730467,0.000241505079052985,0.00464024932592381,3.67521887887716e-05,0.00482677813808388,0.00267079922125599,0.000307725506574243,0.00249579982974704,4.05211219916045e-05,0.000394405227228865,0.00162377935616993,0.00213551581114304,0.000326380903485418,0,8.47495749338866e-05,0.000328817218513727,0.00166648476313868,0.00161191475273144,0.00385014514846654,0.0295785491792692,0,0.000547728242670447,0.00346703954366018,0.022436192429494,0.00146308240141909,0.000123646777106344,0,8.31660096999407e-05,0.000122673161228657,0.00242075556620022,0.062391031787845
0.000584574416215673,0.0356458879476014,0.00480818001776661,9.24957458623054e-05,0.00357701404220072,0.000284558685738892,0.015785476222086,0.0013687247383153,0.0080960624574027,0.00219553732856342,0.00127446083075224,0.000125849424576357,0.00234974135462639,0.00137927213781113,0.00720221366296651,0,0.0123896641825931,0.00157293698438555,0.00282039738441266,8.82474910324213e-05,0.46728006549446,0.795706250437046,0.818514928946699,0.47601199693202,0.00459370098692478,0.00310872832593097,0.639056172352141,0.25854401735453,0.00525559206303075,0.0491342654766,6.97507114038169e-05,0.000472029456771657,0.00198591060538575,0.0650875808745729,0.165844150524483,0.80226363990326,0.0662151884635773,0.238569888647504,0.130652401580089,0.0228804264596976,0.00579450895877838,0.00132922649675935,0.0978785706016303,0.00684428015279912,0.0200122927931897,0.0157526215754486,0.00319629546473283,0.000620832047891736,0.000166456767430276,0.000123202439266652,0.00193604738850863,0.00407987600236988,0.000200789043783992,0.000761712070810317,0.000188355411253631,0.0204146242686891,0.00413548128137648,0.00348200465359738,0,0.00016514606984961,0,0.000594096361330435,0.00335531379070732,0.00304404939099196,0.281623614981916,0.00237556937214648,3.20421988558621e-05,0.000674693224437252,0,0.0332256648600477,0.0914295303072979,0.43671650503445,0.0457956106685035,0.000274089991353035,0.00172144036066121,0.103214055827077,0.0214639798525402,0.00132342123207343,0.00157721285235031,0.000207725631075963,0,0.000656820548761726,0.00709290289956781,0.0312960153345817
0.121591661426026,0.0229834408227104,0.716687726144903,0.000759840152192739,6.15856098320782e-05,0.0152291471008961,0.0867162308673081,0.21323139737131,0.00230625430941372,0.0146222304411341,0.154211730379943,0.00791421602624649,0.000345254484327436,0.40426802150147,0.00165645732374614,0.0123896641825931,0,0.234861502292993,0.479631765244095,0.00235233817113259,0.127494166749524,0.00891212145914624,1.45428282170826,0.0160460292310329,0.00305712465091252,0.581631233783317,2.53911512982588,0.0422200152655644,0.428288308495521,0.355510707536508,0.000658102628022954,0.00924472936743069,0.0517772115320568,0.600868973064742,0.0191071070730487,0.175030771898919,0.0279977307719565,0.210388456647557,0.0741583223016873,0.00747580437830688,0.00262275957530138,0.000651538278658837,0.0736026898112505,0.0067273530008368,0.0403431374206506,0.0265690019513363,0.000372310503020525,0.000113829265672713,3.58367516476214e-05,0.000840610026909154,0.0211693157772386,0.0707215070742958,0,0.000606969551816583,0,0.00275762108089565,3.83940946822911e-05,0.000978628039137843,2.3994365311414e-05,0.00117451105886767,3.58715840264261e-05,0.00101634200449661,0.000772217763558447,0.00040531908378987,0.00420469508122775,0.0559393903387305,0.00352805643352617,0.0361131683131813,0,0.00338719514741604,0.00250238453094417,0.0239208424851248,0.0027411689328829,0.00415669059780671,0.0978881247063423,0.388709133360671,0.00120681789043384,0.0011987070583139,0.00441665402605346,0.00189050486283669,0,7.17413175038694e-05,0.0225075276398179,0.00858548196246948
0.0060194825454281,0.00143779143634562,0.00321320444599669,0.00194354810093768,0.000487718223888517,0.0117871958199031,0.0167474882534074,0.028872272443982,0.00287501950249404,0.0397137843243991,1.15266296873466,0.0233819963812873,0.0421780923800561,0.072768892090446,0.00139473415169361,0.00157293698438555,0.234861502292993,0,0.785036412027947,0.00492025666635002,0.00750990365582344,0.000804580216738927,0.0334035681961072,0.00195605837563647,0.00719562161004293,0.528417633104155,0.193322910870952,0.00518148508361757,0.102810649449687,0.00788140285083232,0.100147960013308,0.0591483611387197,0.00330333600197728,0.33416165196784,0.0247693378253199,0.195824875606963,0.215062991081865,0.399112485059623,0.117531055133433,0.0129646265277528,0.00458294325571391,0.000868623139021577,0.00371481626990354,0.00940579730678305,0.00481582778995867,0.00167535981941602,4.93841076426208e-05,0,0.000802034056908218,7.66678405938147e-05,0.00179268815988327,0.000766469615646287,0,0.000457085136069954,0,4.5119328251481e-05,0,0.000713979986096623,4.15396641516387e-05,0.009387476852929,0.0002830455549227,0.0322660102514869,0.000256481471030295,0.00028972469930774,0.00015145333851175,0.00119433946410361,0.0108660995864076,0.00532452375930699,0,3.68877499133349e-05,0.000187579299421906,0.000547687734573797,0.000106254476609052,0.00635290971277616,0.08802943142272,0.119024151685535,0,0,4.77623496011496e-05,0.0573076918775224,9.27872830313446e-05,0,0.00112669548916009,0.0109327070141906
0.039110147878368,0.00606230170648397,0.0364419449605115,0.00231045752019905,0.000830703346352219,0.0114847487729832,0.0302219709437816,0.0665365031969202,0.00347845915315524,0.045160741954231,0.141105452165067,0.0214052549664253,0.000447986222246825,0.15415308730702,0.0017130906373879,0.00282039738441266,0.479631765244095,0.785036412027947,0,0.0063069437142043,0.0269078982647939,0.00158040513135829,0.165482318572124,0.00321062341803793,0.00246423131675541,0.969802478404844,0.388577906837974,0.0101972362831186,0.212306759491981,0.0614959109029063,0.0032786264520565,0.0299885912930536,0.0163994924394185,0.473825753396911,0.029066151434823,0.228952710972137,0.0856410583839506,0.314000855125448,0.111754595241295,0.0086968247022524,0.0019638022733337,0.00130017731694688,0.0231624991263448,0.00355913461833009,0.0145888125189297,0.00924122491132381,6.6413223181799e-05,8.81750756860971e-05,0,0.000279028959384888,0.00650111927234289,0.00530642448811434,2.3176588789925e-05,0.00072483091978642,0,0.000516262420427084,0,0.000545159192810565,0,0.000885083071957421,0.000551629271424293,0.00209816655534241,0.000109595792102829,0.000376084293914437,0.000654454556697651,0.0102602093777996,0.00505418069854997,0.0223139532220018,0,0.00118956638306777,0.000601651189699844,0.00427743085852012,0.00104395949867709,0.00389582426568237,0.0661156041961458,0.12430844579483,0.000474688216199264,0.00049018088400507,0.00200991242546551,0.00442109617635879,8.44211613705756e-05,0,0.00783946138412994,0.0117420040889227
0.000804713399487463,4.50405621575117e-05,0.000113276670717538,1.20697832115346,0.00512800181651196,0.0461990853101223,0.00816637903934778,0.0591669182651713,0.0861122149893398,0.295164549254409,0.0121625119993014,0.709609082753559,0.00134866660214344,0.0344124159461701,0.0309758728209774,8.82474910324213e-05,0.00235233817113259,0.00492025666635002,0.0063069437142043,0,0.000247617391873061,0.000153232992542267,0.00114122492098568,0.0327903845765112,8.95556840632709e-05,0.00894767246920772,0.00638210928333981,0.090568040939974,0.0239788873786045,0.00054829974687159,0.00062481613685435,0.0110495856207856,3.99057387506068e-05,0.00739988410272385,0.0048595231985752,0.0495660191689404,0.000878977273910927,0.0252755900858555,0.00385069647116929,0.0404408066075125,0.00505945160459979,0.00712606847418358,0.00262584944745214,8.2782967089504e-05,0.00182269274869493,0.000174507650174752,0.0191440782091197,0.000697543611911058,0.00115805638527614,0,9.88994023849367e-05,0,0.0471153205194474,0.000519893870457887,0.000982250583401664,0.00455451369858192,0.00105813600137115,0.0155965945946118,0.028122067221331,4.19338899660409e-05,0.0298847582597883,0,0.00210790606403352,0.00609175165422209,6.80997609521449e-05,0,0,0,0.00813355571745762,0.000341089592523426,0,9.79323853966892e-05,0.0307983506916998,0,0,0.000142962222781688,0.0522416107211474,0.00132190807602247,0,0,0.00022017697840704,0,0.000699191988417327,0.000228164441996724
0.0241912251371156,0.0105398687603418,0.360745408312568,0.00033083901056993,0.00914258914277335,0.00356497097644472,0.322109524403634,0.0587432363163093,0.00539759701154401,0.0063165706275043,0.00338771075031763,0.000796927225157576,0.00129218755278835,0.0830146154759545,0.0181925582164391,0.46728006549446,0.127494166749524,0.00750990365582344,0.0269078982647939,0.000247617391873061,0,0.115540830742755,4.06096828485243,0.088564366054819,0.00166587456774353,0.0314838833806289,0.217039274323931,0.449668560572674,0.124880591335267,2.86989642017694,8.81953160655943e-05,0.00197746185040422,0.0300000514821439,0.936505439500284,0.263946948613471,0.562703753992525,0.0195466654304885,0.957749660789846,0.294453608288218,0.0375027790791225,0.00939852881091363,0.000885878229723394,0.0717430358290246,0.00346341177580127,0.0150186385911282,0.0100649094008645,0.003703053387778,0.000447434632476211,0.000336841581629544,4.38321284371019e-05,0.000887468686149404,0.00378016426872432,9.70003774305583e-05,0.000860677693408281,0,0.00143057302516387,0.000133338953801438,0.00160258172763884,0.000112236601205304,0.000121453624214351,4.99548127430677e-05,0.000134186471589133,0.000315780544642344,0.00219494308784455,0.0349666983622881,0.00244081686933432,3.32297381959408e-05,0.000274193287735507,0,0.0290069846249937,0.0270634744203551,0.0383623056301245,0.0428790008178446,0.000242716351683766,0.00236876566058014,0.0319803781821483,0.0217324534655831,0.00270952122480641,0.00146452973470446,9.3699813969433e-05,0,0.000704702334476531,0.00725430945153181,0.0300528705367501
0.00114161182661712,0.308741551855828,0.0101711214683583,0.000570632214051783,0.00538549978568682,0.000204625353792965,0.0115221820226786,0.00227564545116944,0.787164193581074,0.00164527041447696,0.0111048762433782,0.00187301017861403,0.034825418850005,0.00194398264769094,0.0450439878769652,0.795706250437046,0.00891212145914624,0.000804580216738927,0.00158040513135829,0.000153232992542267,0.115540830742755,0,0.192640511983683,1.75027430530012,0.0690355510997271,0.00423795140003635,1.52866365604681,0.120132756493835,0.010775486431363,0.0417691524721718,0.0013318847430802,7.0839484000638e-05,0.00646430461911437,0.0287713697613394,0.0723886932480715,0.348516663579595,0.0355227129973987,0.0844783192812073,0.0414855045425264,0.0284401254805422,0.00235050176202652,0.0115083219575519,0.16464104466287,0.0161114605445129,0.0371377619324146,0.0259261240063917,0.00470880068601751,0.000786651473635021,0.00376627940203544,0.000219729025688142,0.0161964025975699,0.021960118595818,0.00333127293455851,0.000755501603189885,0.000136523952581495,0.0134676763564958,0.00317074490759213,0.00342247647991839,8.62068359939754e-05,0.00446955146823228,7.13445261556504e-05,0.00858550134066132,0.00285979012364763,0.00329429904159003,0.227860736669023,0.00893599302791524,0.000552333506251216,0.00207607838165689,0,0.0386579777057656,0.185978826264453,0.276040757688511,0.0709291690822362,0.00296227659653413,0.00906330514323065,0.356004838230159,0.0241386626485084,0.00164924898543897,0.00234867945494485,0.00501927718506297,6.834977432549e-05,0.000662771291832447,0.0152887914659194,0.0343359307736869
0.151328467503965,0.017151706721087,2.57984057930439,0.000873267158986152,0.0102160499103794,0.0173891359702115,0.945439902172556,0.384641429430453,0.00911234629578017,0.016030637592687,0.0139856710421792,0.0025438542842993,0.00162886726816012,0.540261196137168,0.018297381863295,0.818514928946699,1.45428282170826,0.0334035681961072,0.165482318572124,0.00114122492098568,4.06096828485243,0.192640511983683,0,0.261012476454416,0.00143585113363445,0.772603436202747,4.43428230890189,1.78200501314813,0.303191799699791,2.24725234630273,0.00177409611904,0.00631828662264982,0.0321078152999446,0.779362842886356,0.467570442808792,1.60993563362821,0.0933935024925716,1.1968040646133,0.582549115095917,0.0872779909396968,0.0212709802404728,0.00398266309780026,0.16470053566575,0.0110405514236045,0.0554655235286522,0.0430488738900604,0.00291150217354376,0.000998499202569767,0.000198938646209925,8.98436799544843e-05,0.00960648665644639,0.108572478565105,0.000145999125070721,0.00238617749067789,0,0.019972741560743,0.00286544832436475,0.00349658889742211,0.000342618349964038,0.000453590231319308,4.55143741955459e-05,0.000264247249366343,0.00326530857675272,0.00240146160792205,0.164771279909564,0.0311167439717753,0.000758443208515003,0.00604493061790439,0,0.0256195590064221,0.0655865713264504,0.358204849244064,0.0399462010356552,0.00071130093582,0.0258612442322127,0.482321959036716,0.0218023548221885,0.00142300254072949,0.00345085499133901,0.000333696132025302,0,0.000336520599702716,0.0246589639320451,0.0735884513677379
0.0134178388979988,0.372451605349052,0.00645754338185299,0.282738532427067,0.0370333253825537,0.0173311233793261,0.173262525853085,0.0276726844759857,2.25104153543597,0.104729255102805,0.0118592826916802,0.051357215801064,0.0350399098379168,0.0413495282220641,0.269905429868319,0.47601199693202,0.0160460292310329,0.00195605837563647,0.00321062341803793,0.0327903845765112,0.088564366054819,1.75027430530012,0.261012476454416,0,0.0724034327529559,0.00886528304659416,1.14077996665662,1.11924176077339,0.193521266478574,0.226307218695866,0.00182297710657507,0.00394960240094519,0.066179362564979,0.115096440635568,0.15572723424552,0.359452950466072,0.0335646985220921,0.124255567814959,0.0531677473012156,0.157816645841008,0.0106199212949799,0.0212948122579631,0.22208040560085,0.00464838917591353,0.105270694000308,0.0295837511313405,0.12545563689625,0.015879187410623,0.00803350649118267,0.00161705327933921,0.00518544902052234,0.00197011012188855,0.127608184602961,0.00266960380867115,0.00459010553217459,0.126247637947398,0.0134340165002468,0.162669973748567,0.0757672827896563,0.00665186080980586,0.0256487550483253,0.00527080355884472,0.0511394550403027,0.0165495366584814,0.0253407374536231,0.000649956299008906,0.000661317281850457,0.00164057634557399,0.0108767627713886,0.0216471363588196,0.0330075432990131,0.0396392708445642,0.826488114791841,0.00206548175966102,0.00223467514416155,0.0309312557653661,0.551361988864531,0.0595535375725208,0.00396097309075731,0.00281256645203215,0.00959133520043239,0.00705363209258473,0.047242761880889,0.0411328118732965
0.000175568927398905,0.281843180404354,0.000713089535572527,0,0.000155422095255465,0.00016951939655596,0.000567713908820674,0.000301001456935823,0.0598961144996281,0.000267176203665689,0.342904279607961,0.000466507628897175,0.883565222213989,0.0012363834112646,0.00245623472659461,0.00459370098692478,0.00305712465091252,0.00719562161004293,0.00246423131675541,8.95556840632709e-05,0.00166587456774353,0.0690355510997271,0.00143585113363445,0.0724034327529559,0,0.0232315866977265,1.46076498798387,0.00432417587933256,0.00191223052869679,0.000436636309052825,0.0338059954122816,0.00137661143530708,0.000202284394609675,0.0262743746956508,0.00160788248220259,0.0158479081931127,0.0274401160849028,0.0329286609968763,0.00432642310820988,0.000946574581373735,0.00056276884449166,0.195575593149996,0.00654060591432135,0.0601686352780163,0.0101097215211616,0.00391531294377145,0.00193925951886025,8.32887683901784e-05,0.155782168662668,3.99507912067473e-05,0.0352055333809473,0.000729845625741182,0.000412292059604108,6.54358956916631e-05,8.60246788871882e-05,8.14300012877583e-05,0,0.00714998276329647,0.000140229639067054,0.14122063467202,0.00017752096847874,0.373253679180146,0.000520387508604794,0.00157132904658034,0.00419716019462653,0.000901366067175775,0.00392985238959052,0.0083798023803616,0,0.000290853412219137,0.00736898579338396,0.00117958697173003,0.0118281018056136,0.266580568230107,0.0640120922059962,0.307888480011266,0.000605402542687341,0.000482951167651355,3.23308592623919e-05,0.0906596683010057,0.000757860556859134,0,0.00262015825439072,0.000314451797900408
0.034578666739087,0.0366262738926134,3.27830254762285,0.00348110280747678,0.00159240121840489,0.0182383633223943,0.169857963295056,0.150833786162641,0.00625729543017993,0.0615414363530581,0.621701479215968,0.0318094174771057,0.0297373689918074,0.225250596479312,0.00350457550302999,0.00310872832593097,0.581631233783317,0.528417633104155,0.969802478404844,0.00894767246920772,0.0314838833806289,0.00423795140003635,0.772603436202747,0.00886528304659416,0.0232315866977265,0,4.33132482027147,0.0297228951122005,0.149785443251765,0.0798868876477345,0.205401772790586,0.055679760427777,0.00281828830111979,0.278256421745527,0.0960406724239781,0.991284827803355,0.62684641794021,0.750631759654178,0.293576983287074,0.0199359570567427,0.00731536333976012,0.00496058873583698,0.115964115233651,0.0431671618747606,0.0930588311990393,0.0441958147005249,0.000837569759985612,0.000204922324846744,0.00186491579535109,0.000734110125447079,0.0495331470640556,0.0218356949372197,2.54647610634864e-05,0.00213193581899133,4.04302978886962e-05,0.00283520799874458,3.25930168634355e-05,0.00259704741266209,0,0.0180908357952725,0.000750989510544597,0.069556424474173,0.00203853082060669,0.000906014820760532,0.0038296248797442,0.0455605158595828,0.0668203643329404,0.146449051978406,0,0.00410185430601825,0.00470615160622282,0.0125347467139296,0.00334958190239144,0.0721232523777879,0.743398870750827,1.18606417999167,0.000655519942981705,0.00267459862332724,0.0087771248802994,0.117907234951424,0.000854027367117852,7.5324642746642e-05,0.0384015663347925,0.0370244363462199
0.0304495454707177,2.58054348190848,4.08631887007817,0.00211548942240072,0.00754757852833498,0.0134641281159795,0.180156956253423,0.097657123179289,0.32435859977345,0.0539971340871115,0.0936075950068177,0.0243070735494006,0.155733266759724,0.161511161251057,0.037737809316501,0.639056172352141,2.53911512982588,0.193322910870952,0.388577906837974,0.00638210928333981,0.217039274323931,1.52866365604681,4.43428230890189,1.14077996665662,1.46076498798387,4.33132482027147,0,0.582481912079458,0.144257631614531,0.127167980599496,0.0837389065106928,0.0269203198603443,0.0140955759180201,0.963131656006922,0.602310609117539,3.86741548731977,0.639175074346891,1.56628980579693,0.866721784486787,0.0951326418969442,0.0243066597330018,0.0143723737062458,0.678143161592045,0.131654783676033,0.387736547572148,0.219709160379174,0.00885298641567253,0.00235144857438451,0.00546394465799913,0.00314757100840692,0.443946439620462,0.456924195526179,0.00170762235136302,0.00552771920651847,0.000230588404610574,0.0534826193461726,0.00597708915994388,0.00656450214375848,0.000685961408556014,0.0340921281118982,0.00102705802475398,0.164307681507694,0.0148117219864211,0.00580096391756576,0.190581154420311,0.253170296575979,0.123193938475495,0.35059419122079,5.3498376417473e-05,0.0399334761435382,0.111819527957998,0.585805025203333,0.0689300343654989,0.274003226395674,1.81204067854849,5.6211485459898,0.0338609497375517,0.0113338982949634,0.0335220254051002,0.242659794148002,0.00167993320518766,0.000560172004853591,0.177336725639223,0.192151701662518
0.0268664439172591,0.0193521476217272,0.137329547012633,0.791156968530638,0.0136189817457193,0.12713929262161,5.20417307080933,0.258523898732743,0.548611257104121,1.05833478710733,0.00984099229262887,0.0994738422170764,0.00264818526454658,0.173979644601575,0.0857920825822567,0.25854401735453,0.0422200152655644,0.00518148508361757,0.0101972362831186,0.090568040939974,0.449668560572674,0.120132756493835,1.78200501314813,1.11924176077339,0.00432417587933256,0.0297228951122005,0.582481912079458,0,0.355274274288595,2.59903502386521,0.000299501498663753,0.0171864662997153,0.107939705393574,0.313058770459572,0.221756723851333,0.536285905138642,0.0306052523612558,0.415123796694255,0.14446798158272,0.103302051721255,0.0222226522725756,0.0293940913543277,0.170406975734604,0.00300914281358466,0.0800220856209863,0.0208167827977686,0.150089910568244,0.0159270738773856,0.00863407547773456,0.000897625354844925,0.00108845391546321,0.00262071563764138,0.16890296457731,0.00204413678327009,0.00417020273659283,0.130670798421662,0.00985709856672811,0.131950717501313,0.1154009516229,0.000745936944039973,0.0473617162756154,0.000204221383155852,0.0384761132191394,0.0226375270403529,0.0155059341349088,0.000795374029955911,0,0.000171372687715709,0.0203509726218569,0.0210977173788944,0.0172086412515307,0.0282004940066299,0.644950037327854,0.000210931149920761,0.000928542495623632,0.0227597081721504,0.589322204257142,0.0409492700848217,0.00204914229536104,3.56505443620384e-05,0.00357144716397299,0.0044605798385328,0.0433142198397983,0.0280249606707555
0.605904206501161,0.00360560241428755,0.0319729368660329,0.0198549719232245,0.000530825275690779,0.0620651826921822,0.639329443094945,0.253370932705536,0.0764266415934608,0.316456055956635,0.229242648785292,0.0845148366290217,0.0199833510272311,1.30818484274815,0.00511255372801056,0.00525559206303075,0.428288308495521,0.102810649449687,0.212306759491981,0.0239788873786045,0.124880591335267,0.010775486431363,0.303191799699791,0.193521266478574,0.00191223052869679,0.149785443251765,0.144257631614531,0.355274274288595,0,0.730105895967319,0.00834484802304137,0.0242563624740666,0.308112763551332,0.437669224170254,0.00989864239251205,0.13045402987059,0.00928539385649892,0.136371397194801,0.0165399679176092,0.0438093797183685,0.0284351141476336,0.0105430098043777,0.0467263268063447,0.00116400558061499,0.016265784383108,0.00679281901000737,0.0203333317043096,0.00253448228412164,0.00248900697333281,0.0001446618447745,0.000996280747626232,0.00108885626266417,0.00122698674831596,0.000101353777089,4.5324831716001e-05,0.0186967279890148,0.000230937144772142,0.0136165666257856,0.00194863413714413,0.000315434618156389,0.00232827868542306,0.00112129248755926,0.00200590960179734,0.00170305374337238,0.000942128931848512,0.000849009866413551,0.000271286022711396,0.0014220281930438,0.000288167912358731,0.00209694227629634,0.00134047832665148,0.00178124030848727,0.109510448857061,0.00100246871425335,0.00518297524239161,0.0127482403926279,0.0596525598681813,0.00651393528927706,0.000426402680651486,0.00119621096214187,0.000125555483796537,0.0014336400430347,0.00742326704244565,0.0035554912028178
0.387976868257794,0.0015992046965497,0.168614705142687,0.000123038829707622,0.00225436410001717,0.0201379540505808,1.22928817280188,0.471112615579039,0.0177138366593366,0.0072676819811175,0.00364744985417556,0.00267746449283235,0.000271207887486398,0.955019512288324,0.00973957327317375,0.0491342654766,0.355510707536508,0.00788140285083232,0.0614959109029063,0.00054829974687159,2.86989642017694,0.0417691524721718,2.24725234630273,0.226307218695866,0.000436636309052825,0.0798868876477345,0.127167980599496,2.59903502386521,0.730105895967319,0,0.000390616827512473,0.00541672511436962,0.293529904336801,0.656221740215038,0.0637867742952677,0.115247601288729,0.00382480710795043,0.386332016502687,0.087263415424996,0.0156838510178279,0.00575194836147331,0.000993441414572956,0.0351827866389368,0.00114924869108467,0.00891049574765922,0.00506472170103443,0.0046955691241035,0.000577458573814184,0.000575360253145963,0,0.000226997948445528,0.00209354035847772,5.79202611085474e-05,0.000269555338833332,0,0.0024284566909812,0,0.00352214375288339,0.000234792084341839,0,0,0,0.000523001017903984,0.000965192578269392,0.0113697592951113,0.000735760661628126,0,0.000204571349306121,0,0.0161283301238037,0.0156835888875645,0.015466069511992,0.0341143513336015,4.66670222757161e-05,0.000492437636900962,0.0132613675288528,0.02199834711263,0.00220659572351445,0.000325589373216033,0,4.11615465249717e-05,0.00025978708775188,0.00513338709700339,0.00848074315487272
0.000273044828625307,0.00356919544541149,0.00259497058990552,0,0.000110885189444124,0.00129088561166901,0.00135296420564716,0.00359114113944273,0.00122537807449696,0.0030244358302871,0.0719991351385579,0.00209002468446909,0.128718579565055,0.00579044009995209,0.000108103284393311,6.97507114038169e-05,0.000658102628022954,0.100147960013308,0.0032786264520565,0.00062481613685435,8.81953160655943e-05,0.0013318847430802,0.00177409611904,0.00182297710657507,0.0338059954122816,0.205401772790586,0.0837389065106928,0.000299501498663753,0.00834484802304137,0.000390616827512473,0,0.0075410198399684,0,0.0169983289378071,0.00605450282224721,0.0423103089233272,0.110605058024389,0.0695201282249044,0.0224480206906739,0.00125269502900818,0.00125046166873375,0.00370223818730481,0.00224373873983676,0.0228319069600831,0.00590810657357061,0.000887130260695519,0.000130948995025143,6.42324458361268e-05,0.00279984521264644,0,0.0025417176173121,9.75961301320639e-05,0,4.75638403706253e-05,0,0,0,0.000666074738364771,0,0.0335682722623322,0,0.117721454730489,0.000113823596263557,0,0.000205239031584844,0.000152800832576618,0.0140856991848132,0.00240569337183702,0,3.01020286271721e-05,0.000503186607444719,0.000121436388874054,0.000487462099497735,0.0170180059618276,0.114569781099148,0.196878363212242,0,0.000254808101598278,0,0.122963879706415,0.000167242300238639,0,0.00143232188858279,0.00194631372956903
0.00456964377865223,0.000405294456768125,0.00252520402266155,0.00564892156403312,0.0472601435512441,0.185726192269813,0.0346097765451467,0.241014950318712,0.00640138713132736,0.0867733575919838,0.213955761317678,0.0418436283816566,0.0273209198318359,0.12356849832501,0.0202556547467382,0.000472029456771657,0.00924472936743069,0.0591483611387197,0.0299885912930536,0.0110495856207856,0.00197746185040422,7.0839484000638e-05,0.00631828662264982,0.00394960240094519,0.00137661143530708,0.055679760427777,0.0269203198603443,0.0171864662997153,0.0242563624740666,0.00541672511436962,0.0075410198399684,0,0.000299945365454614,0.465279621198883,0.0250473915096417,0.373065751161591,0.00852330819770119,0.059425391107756,0.00525724505960078,0.228773518533142,0.832888406406576,0.00857500457891498,0.00354962269351749,0.000505567378665894,0.000609447916364729,0.000140856533563882,0.00165133788723345,0,0.00106276963302666,0,0.000182406190680027,5.14039734455645e-05,0,0,0,0.00230118522886231,0,0.00174862779356682,0.00015737667453146,0.000520909014337063,0.000473648184539169,0.00109808877350646,0,4.00451439701021e-05,0.000117323808725149,8.17686117965431e-05,0.0003445674911495,0.000395779749823361,0,0.000115207024625033,8.23637210116986e-05,5.01369950846136e-05,0.0117235429281562,9.64899876095656e-05,0.00236722368433168,0.0032324147910043,0.00489875848973809,5.70911226368844e-05,0,0.00174112405086382,0,9.12876149590018e-05,0.000347136686109245,0.00135691864376811
0.0048473231936481,0.00146193160178501,0.00249320874994267,7.33143640491665e-05,3.46388324100673e-05,0.00101617815100157,0.0413893006813329,0.00590304623896605,0.0174980889867427,0.00209975341371238,0.00103842361504193,0.000215749510525569,0.000145995232609168,0.00911610707184718,0.000720897136315584,0.00198591060538575,0.0517772115320568,0.00330333600197728,0.0163994924394185,3.99057387506068e-05,0.0300000514821439,0.00646430461911437,0.0321078152999446,0.066179362564979,0.000202284394609675,0.00281828830111979,0.0140955759180201,0.107939705393574,0.308112763551332,0.293529904336801,0,0.000299945365454614,0,0.153115831613396,0.000929208154915854,0.00578032487093639,0.000502706633919731,0.0186959496123634,0.00162972453287342,0.000369744649563432,3.4317976657033e-05,0.00190672481111294,0.0224516506602656,0.000216695014881894,0.00741957912543609,0.00310272911950587,0.00521680432083061,0.00107444109592956,0.000713603399378659,7.05500392136872e-05,0.000135248167289704,0.000183907808137492,0.000218206389779448,0.000234953063177258,3.48269491257369e-05,0.00406824511695921,0.000265771584415466,0.00431729986597632,0.000294593028940872,7.72125938476769e-05,0,0,0.00143749975828251,0.000368803746344804,0.000509742141466409,0.000192887144952893,0,8.53221095543502e-05,2.69076971921325e-05,0.00182985506300774,0.00145060376059341,0.0011411659095021,0.0315488723203746,0,0.000243702092863083,0.00234473839334898,0.0186931257040566,0.00425089485039984,0.000752375432941406,0,0.000593435259015083,0.000594519628146484,0.00306858775041157,0.00348429749219844
0.0224869115715393,0.0173443247352338,0.0603583926630763,0.0162678363370097,0.050096741732854,0.0237430906038823,0.255984715076359,0.0517254541374019,0.0430196085219659,0.17766939777838,1.08612003259417,0.026947081237993,0.217482261794899,0.0956860827738096,0.00342262373945658,0.0650875808745729,0.600868973064742,0.33416165196784,0.473825753396911,0.00739988410272385,0.936505439500284,0.0287713697613394,0.779362842886356,0.115096440635568,0.0262743746956508,0.278256421745527,0.963131656006922,0.313058770459572,0.437669224170254,0.656221740215038,0.0169983289378071,0.465279621198883,0.153115831613396,0,0.0249014645496725,0.138244424179764,0.0501091355449349,0.284691692136423,0.0443541740775501,0.00955560773631959,0.0056412531603228,0.143198314657989,0.10941158528593,0.0157627773651333,0.0469732500720147,0.0286218002837948,0.0253415399231605,0.00397321872223132,0.0132463757058205,0.000451231679303303,0.0147391239446484,0.0552537178324141,0.00206821058339658,0.000745579556767703,0,0.0239177607595954,0.000998288645844788,0.0132297526722266,0.00327831858799848,0.00651356822447477,0.00201517306517427,0.0113649474618974,0.00465641213008864,0.00202247829864675,0.0155284591517107,0.0294814376111825,0.00288055920078358,0.0188483126029479,0.000165936592831537,0.00978717928713511,0.0092862150796679,0.0552736723483574,0.0998342216987737,0.00520841125055028,0.0651237029766679,0.268863065629085,0.0671686913489334,0.0111778835466759,0.00293539718330088,0.00724284099174942,0.000802923334016026,0.00145793676281512,0.0214450336965317,0.0189000982815617
0.000888617984315339,0.00583894465428065,0.0115573891355494,0.0128537808433237,0.639879031212944,0.017212934878457,0.118452408319861,0.0140789335609095,0.0634569509648156,0.157261844337489,0.0341694320513671,0.141317054111656,0.00998263909051842,0.0110461146448951,0.353977523576421,0.165844150524483,0.0191071070730487,0.0247693378253199,0.029066151434823,0.0048595231985752,0.263946948613471,0.0723886932480715,0.467570442808792,0.15572723424552,0.00160788248220259,0.0960406724239781,0.602310609117539,0.221756723851333,0.00989864239251205,0.0637867742952677,0.00605450282224721,0.0250473915096417,0.000929208154915854,0.0249014645496725,0,0.83118913040124,0.471951396584318,0.0710044812653207,0.547985109331145,0.031869907643953,0.0196997024919515,0.0489828666409616,0.2020674786792,0.0637211338066657,0.0417183162976237,0.285604454359489,0.017238080358837,0.0216386062217408,0.00567381295352331,0.000660283531542421,0.00446589881048955,0.013725324876242,0.000277215930282891,0.0667373700457745,0.00274161907892293,0.0110940973990858,0.000237501782233089,0.0155528901961125,0.0017348180886072,0.00439693091074593,0.00463347803471392,0.000238643381694675,0.000839221131016598,0.109995458165335,0.0248464999349295,0.00430735109804741,0.0055389106916906,0.00619047802396846,0.000104531796355337,0.0139140904595748,0.0224207784352548,0.0784259731076706,0.0521125755028961,0.000392139715768754,0.0191358161787363,0.0863239509240868,0.035516474599106,0.00211400746702619,0.00177893606377521,0.00231958588088286,0.000839695382560013,0.000931111282621441,0.00452240768732961,17.1462210577426
0.00591674059794586,0.0482525044239574,0.09309404715459,0.0449729643832059,0.0188996615036352,0.163077676349961,0.304162485146946,0.224453990011071,0.172740648646241,0.571000859393238,0.228902336974301,0.103584215598938,0.0604834727177073,0.188971057358803,0.0308061495759365,0.80226363990326,0.175030771898919,0.195824875606963,0.228952710972137,0.0495660191689404,0.562703753992525,0.348516663579595,1.60993563362821,0.359452950466072,0.0158479081931127,0.991284827803355,3.86741548731977,0.536285905138642,0.13045402987059,0.115247601288729,0.0423103089233272,0.373065751161591,0.00578032487093639,0.138244424179764,0.83118913040124,0,3.96917684911337,0.492601838536829,0.365623131302895,1.33853481888831,0.221343773517809,0.199944427007307,0.478623695405943,0.0239335724515313,0.171777355086617,0.0931544818280997,0.0855461762395164,0.0136770712794874,0.0100318610227775,0.000945527216913295,0.0427024288213987,0.206802321022309,0.00715344786369399,0.00219882751212707,0.000283414777296871,0.0782664678118342,0.00537400294521229,0.0472788550639503,0.00898261633517706,0.00312639838331607,0.00528938930782146,0.00368921992008711,0.0149426754248667,0.0106003190878136,0.201550623757149,0.0968671256165846,0.00522722173818648,0.0542919376496455,0.00112778909000744,0.0746757007692801,0.120173458414462,0.387862519770135,0.412452453945734,0.00873357326564753,0.167838351753336,0.931755675026235,0.26883100387329,0.0308029142674589,0.0104638617066288,0.0063238144584998,0.00222151457182999,0.00717842443731849,0.0922823868320745,0.227764046643377
0.000763695884554443,0.0227626053811231,0.0111671226085477,0.00059555618161565,0.00433120056957927,0.00225875648527515,0.00892681095715011,0.00403356047084444,0.0101484964861622,0.00825271027008552,0.350320271938375,0.00302001196887325,0.316256068652682,0.008034276306942,0.0124534460597071,0.0662151884635773,0.0279977307719565,0.215062991081865,0.0856410583839506,0.000878977273910927,0.0195466654304885,0.0355227129973987,0.0933935024925716,0.0335646985220921,0.0274401160849028,0.62684641794021,0.639175074346891,0.0306052523612558,0.00928539385649892,0.00382480710795043,0.110605058024389,0.00852330819770119,0.000502706633919731,0.0501091355449349,0.471951396584318,3.96917684911337,0,0.478351302439505,0.969205313311779,0.026429245194827,0.0160264976054871,0.0427811218775643,0.0402493601128397,0.0339675400025823,0.0166279016775022,0.0166361937330428,0.00155462682841605,0.00112513950341467,0.0156216492635063,0.000101456320634499,0.00839286642553476,0.0234660081675767,0,0.00398998937495872,0,0.00364017625457619,0.000345631630415887,0.00210417268870881,0.000159672764210612,0.0302658382915305,0,0.0548641383112078,0.000927535397426738,0.00449028359326967,0.0205678902619872,0.0127192723656971,0.00608653292944778,0.0119933030239258,0,0.00458982295334494,0.00969970077911505,0.0444289315396509,0.0103415310357531,0.0118847992639094,0.0720198878362322,0.182163804070937,0.00653223028756808,0.000688205788008481,0.00125195924862979,0.0449147196703911,0.000173771116959393,0.000165631161824852,0.00863333933986374,0.176859559884914
0.0131653160645739,0.0249195866330872,0.0713570727957401,0.0362392405081059,0.00119135616885397,0.0479831081965874,0.327225438089316,0.0642721712683196,0.0600929494186227,0.411153314812001,0.687877372952114,0.0922411572989034,0.255557764174777,0.0969513336073303,0.0057708552606086,0.238569888647504,0.210388456647557,0.399112485059623,0.314000855125448,0.0252755900858555,0.957749660789846,0.0844783192812073,1.1968040646133,0.124255567814959,0.0329286609968763,0.750631759654178,1.56628980579693,0.415123796694255,0.136371397194801,0.386332016502687,0.0695201282249044,0.059425391107756,0.0186959496123634,0.284691692136423,0.0710044812653207,0.492601838536829,0.478351302439505,0,0.256070506283257,0.0273800386115076,0.0722531037280959,0.496781206859581,0.188904324787645,0.0235316253371586,0.0749995761787484,0.0386378260159311,0.0456170753447318,0.00562205062547305,0.0211436910341127,0.000412158216546044,0.0188561309095374,0.072419703244351,0.00422084915626891,0.000642346967766166,0.000380300723507613,0.0512595869603757,0.00215881966407911,0.0199428997340231,0.00450892531714734,0.0121496202843994,0.00428345561093277,0.0232698120643995,0.00744361559073684,0.00427729274027332,0.0520343442680523,0.0397172528462093,0.00832153378284765,0.0325399864929587,0.000537965719879255,0.0185891038432965,0.0286540117931623,0.144973036813544,0.205887469417988,0.0113977532393215,0.116428546233258,0.433027510059106,0.124214537453431,0.0126130715108476,0.00540431754303646,0.0205516986250075,0.00053853126236862,0.00193157462633791,0.0379640822135464,0.0492026151037227
0.00374947404520592,0.00912723247139166,0.0280336563772929,0.00857019479602529,0.00546844979005677,0.00854777603017556,0.0939770736021126,0.0138532673305988,0.0204447542973841,0.0845124594327245,0.12568275963899,0.00818956012413059,0.0303381913332353,0.0149389823852011,0.0193847958795806,0.130652401580089,0.0741583223016873,0.117531055133433,0.111754595241295,0.00385069647116929,0.294453608288218,0.0414855045425264,0.582549115095917,0.0531677473012156,0.00432642310820988,0.293576983287074,0.866721784486787,0.14446798158272,0.0165399679176092,0.087263415424996,0.0224480206906739,0.00525724505960078,0.00162972453287342,0.0443541740775501,0.547985109331145,0.365623131302895,0.969205313311779,0.256070506283257,0,0.0388058977511498,0.173079389770137,0.137097667383264,0.0851414376645303,0.00670935504720095,0.0342617210635704,0.0317939485804427,0.0135122433211108,0.00258644964669049,0.00193469426919543,0.000179529995952755,0.00752712096588543,0.0371943129786396,0.00113941435858137,0.00557620894804358,0.000321167116312266,0.015100101305075,0.000726713729305344,0.00666076675973671,0.00190795045283599,0.00176569500307739,0.000651098550368428,0.00325280166248265,0.00238696340831633,0.00525780533012845,0.0304126180769982,0.01756550169143,0.00259695946952748,0.0129217338326096,0.000189766970062539,0.0118413627344782,0.0150685673195422,0.0662365699105035,0.064476271400562,0.00300305219214271,0.0436190018694695,0.177642869357511,0.0428301849465019,0.00426675375867247,0.00176192836834051,0.00408864385928871,0.000113048649436533,0.00100741223295338,0.0148632144791949,0.322382947888227
0.00270810698270148,0.00637462890802351,0.00411037604412818,0.0511128435045491,0.637682808413701,0.410833289286739,0.0924785255156608,0.0887207331728673,0.223689623605327,0.230870062245349,0.0317817370642598,0.241136311688853,0.00529422249594999,0.0623481271209117,0.381472995267626,0.0228804264596976,0.00747580437830688,0.0129646265277528,0.0086968247022524,0.0404408066075125,0.0375027790791225,0.0284401254805422,0.0872779909396968,0.157816645841008,0.000946574581373735,0.0199359570567427,0.0951326418969442,0.103302051721255,0.0438093797183685,0.0156838510178279,0.00125269502900818,0.228773518533142,0.000369744649563432,0.00955560773631959,0.031869907643953,1.33853481888831,0.026429245194827,0.0273800386115076,0.0388058977511498,0,0.10262734725263,0.175357162631343,0.0358814425527545,0.00117941960850062,0.016113633465437,0.00569796662797026,0.0427951088924542,0.0100535529686911,0.0183444882752948,0,0.000456584297605187,0.00309063156349392,0.0200757473229088,0.000272222526670396,0.000245960305169195,0.0222401478295003,0.00192308145187211,0.0137103720766613,0.0142441837683003,0.000551822735805944,0.014058180091472,0.000479169705390752,0.00409201686753671,0.00339549775739457,0.00478698861380937,0.00116894585454561,0.000640639415750385,0.000647726559922367,0.00203596670624506,0.002644813589535,0.00246819557960915,0.0120893357471904,0.0834903332640059,8.10554922316074e-05,0.00221227566607922,0.0158016216416049,0.06807466085017,0.00671655663521013,0.000531584717861384,0.000194847654397219,0.000821209151060608,0.000600856528217465,0.00687433748435967,0.0155085187987757
0.000733986130253655,0.000864557920309248,0.00148188295497188,0.00531564602604233,0.802413780256237,0.0460743104909287,0.0285911945693809,0.0154044311783371,0.00837839674541233,0.0661856891482393,0.0215764877421234,0.020525486830966,0.00793796013635144,0.0131565002321727,0.00624085676804289,0.00579450895877838,0.00262275957530138,0.00458294325571391,0.0019638022733337,0.00505945160459979,0.00939852881091363,0.00235050176202652,0.0212709802404728,0.0106199212949799,0.00056276884449166,0.00731536333976012,0.0243066597330018,0.0222226522725756,0.0284351141476336,0.00575194836147331,0.00125046166873375,0.832888406406576,3.4317976657033e-05,0.0056412531603228,0.0196997024919515,0.221343773517809,0.0160264976054871,0.0722531037280959,0.173079389770137,0.10262734725263,0,0.14381443419878,0.0142467673302494,0.000244189678873658,0.00404994194681212,0.00269171971325375,0.00723169371366903,0.000897923360523817,0.000606285689851642,0,0,0.00132363689673418,0.000688514621501818,0.00022408432215929,0,0.00714101019570512,0.000222193900154785,0.00302329216157529,0.00108280945927808,0,0.00062179289708434,0.000298448338620365,0.000754504966903434,0.000222831100947708,0.00124988230811101,0.000304598581385896,0,3.20094020809382e-05,0.000200975412992611,0.000654723618108138,0.00106435531167166,0.00225774624114498,0.0289947693193911,0,0.000477980183019206,0.00370198912864651,0.0196649942597487,0.00164564864986584,0.000137697579157859,0.00029950933826217,0,0.000224513565407396,0.00242599685295184,0.00656480806684296
0.000241586036365181,0.0534652031735934,0.000234594893627465,0.00797127403036525,0.000561241149013817,0.00788574205804182,0.0233529168503687,0.0112499084292679,0.00788934114659725,0.0283118808126105,0.415470090610917,0.00990852207608277,0.486494134405951,0.00973714753571521,0.00376441667307588,0.00132922649675935,0.000651538278658837,0.000868623139021577,0.00130017731694688,0.00712606847418358,0.000885878229723394,0.0115083219575519,0.00398266309780026,0.0212948122579631,0.195575593149996,0.00496058873583698,0.0143723737062458,0.0293940913543277,0.0105430098043777,0.000993441414572956,0.00370223818730481,0.00857500457891498,0.00190672481111294,0.143198314657989,0.0489828666409616,0.199944427007307,0.0427811218775643,0.496781206859581,0.137097667383264,0.175357162631343,0.14381443419878,0,0.0199459272763195,0.0186448748999485,0.00823266463773664,0.00296596368289952,0.0695054593142579,0.001317603879938,0.0244578747208046,7.50351012264491e-05,0.000799158972510336,0.000280668196702659,0.0022225182233794,8.64953407861592e-05,0.000646204353004575,0.00601192074805945,0.00109159276407511,0.0012870338663992,0.00247449984482825,0.0210834939563721,0.00238916844047105,0.0220245481272236,0.00641780859807913,0.00109513686609105,0.000340816215969175,0,0.000758123292756734,0.000674686594004363,0.000734539629454362,0.000452224803752482,0.000703724134284317,0.00134781932829174,0.014663561617811,0.00228853470357961,0.00161182369520701,0.00289417706690061,0.0229899107267836,0.0053361583605359,0.00025359417721492,0.00639007271502748,0.00287604151443341,0.000524016950369373,0.00445729784785419,0.0241400150254991
0.00294247706406811,0.0334313287356211,0.127371455256697,0.00497117640369925,0.00292788283989626,0.005574239518112,0.0567934311370487,0.0145637844895291,0.158176105305455,0.0160910116207625,0.00358685534580615,0.00229451248148864,0.0046807121955775,0.0110833650897916,0.0163869661427508,0.0978785706016303,0.0736026898112505,0.00371481626990354,0.0231624991263448,0.00262584944745214,0.0717430358290246,0.16464104466287,0.16470053566575,0.22208040560085,0.00654060591432135,0.115964115233651,0.678143161592045,0.170406975734604,0.0467263268063447,0.0351827866389368,0.00224373873983676,0.00354962269351749,0.0224516506602656,0.10941158528593,0.2020674786792,0.478623695405943,0.0402493601128397,0.188904324787645,0.0851414376645303,0.0358814425527545,0.0142467673302494,0.0199459272763195,0,3.04058506111043,0.628636810862087,0.641539601884397,0.865471890057583,0.209099852289632,0.106620430053635,0.00719520402735632,0.0303168669021439,0.175571934791247,0.0671729660687167,0.0149482177265422,0.0324351081182194,0.45383449473625,0.0996724642007094,0.0751245808214056,0.273474062929793,0.14898018153882,0.0723984467767742,0.0164144414033158,0.307974133688728,0.0351924713251143,0.605731084500006,0.114006796062169,0.450167064790703,0.445106550857431,0.0277674530093303,0.463047950031959,0.115385235166944,2.63246691090936,0.696963581925832,0.0178229264671868,1.13436681446036,3.22766200532188,0.800278985379023,0.138338013837702,0.0555773571034209,0.104885745225583,0.223236702776456,0.00141474491381152,0.118445513735825,1.32898321926024
0,0.0270195676832505,0.00851960897762255,3.73734180822373e-05,0.00112081908768895,0.000146115554042279,0.000568317532664046,9.40942164271473e-05,0.00575407278749956,0.000266853251324773,0.150672153263301,0.00020232347063376,0.287839811569742,0.000557405924099475,0.000300743120297849,0.00684428015279912,0.0067273530008368,0.00940579730678305,0.00355913461833009,8.2782967089504e-05,0.00346341177580127,0.0161114605445129,0.0110405514236045,0.00464838917591353,0.0601686352780163,0.0431671618747606,0.131654783676033,0.00300914281358466,0.00116400558061499,0.00114924869108467,0.0228319069600831,0.000505567378665894,0.000216695014881894,0.0157627773651333,0.0637211338066657,0.0239335724515313,0.0339675400025823,0.0235316253371586,0.00670935504720095,0.00117941960850062,0.000244189678873658,0.0186448748999485,3.04058506111043,0,0.679589111974784,1.39615514289789,0.02373902820936,0.0442448884542799,0.0378053652599883,0.00148080424052936,0.010439674766461,0.0200722497264506,0.00101641862773897,0.00430404293892386,0.00155092566736391,0.015364228645176,0.00427383555097269,0.000664783707072839,0.00648638561981969,0.263756139914711,0.00295287964128287,0.251676692418291,0.0142887632724874,0.012464045280883,0.0578870775415486,0.0896573625107674,0.188424967703655,0.186263938470422,0.000685162265801042,0.0327181801486099,0.00919843707501526,0.250671503455915,0.0249581407771246,0.016491756092792,0.555034854011231,0.526400986434208,0.0240018265314454,0.00978770725296567,0.0127846235272743,0.282852935310352,0.0130177183932341,0.00057247183638382,0.0499358978466168,0.4399789372167
0.000622763730829865,0.0202217256944933,0.0560659500986367,0.00418113000542816,0.00117783855622807,0.00266261610627222,0.0376529572442853,0.00798987123171673,0.0588750853741988,0.0107250528668778,0.00486399998989575,0.00139173948818511,0.011101933136585,0.00585012889497408,0.00645162708843389,0.0200122927931897,0.0403431374206506,0.00481582778995867,0.0145888125189297,0.00182269274869493,0.0150186385911282,0.0371377619324146,0.0554655235286522,0.105270694000308,0.0101097215211616,0.0930588311990393,0.387736547572148,0.0800220856209863,0.016265784383108,0.00891049574765922,0.00590810657357061,0.000609447916364729,0.00741957912543609,0.0469732500720147,0.0417183162976237,0.171777355086617,0.0166279016775022,0.0749995761787484,0.0342617210635704,0.016113633465437,0.00404994194681212,0.00823266463773664,0.628636810862087,0.679589111974784,0,0.773808421002443,0.0581769679680322,0.158182941227088,0.175132667605072,0.0176036688793664,0.0186536446263424,0.0753599656723358,0.0474138632865354,0.00417346599046299,0.0146622212357423,0.481398104909042,0.0565674441393066,0.0354387710062466,0.236733258888697,0.39811634432916,0.0992331881529282,0.0605566728313858,0.139085036038296,0.0127839397599397,0.157926663354298,0.0968020360301062,0.531015361121395,0.321199573717534,0.0261854532620166,0.542038273951153,0.0245210609230241,1.29626700955516,0.266916355146019,0.0166647845592099,0.874606503311106,1.38135662805034,0.608879168200906,0.153380983238668,0.182379413120589,0.189496782550938,0.129909163306351,0.0269474667641243,0.124473335231387,0.131373418417484
0.000473774297349438,0.0134499386762657,0.0377080138607533,0.00025686903486836,0.00173103302198187,0.000603472422201365,0.007206270928524,0.0014425756501159,0.0208852312463099,0.00185440380232483,0.00156822092759603,0.000151080669490099,0.00377720271532233,0.00156540531942187,0.00632729823472179,0.0157526215754486,0.0265690019513363,0.00167535981941602,0.00924122491132381,0.000174507650174752,0.0100649094008645,0.0259261240063917,0.0430488738900604,0.0295837511313405,0.00391531294377145,0.0441958147005249,0.219709160379174,0.0208167827977686,0.00679281901000737,0.00506472170103443,0.000887130260695519,0.000140856533563882,0.00310272911950587,0.0286218002837948,0.285604454359489,0.0931544818280997,0.0166361937330428,0.0386378260159311,0.0317939485804427,0.00569796662797026,0.00269171971325375,0.00296596368289952,0.641539601884397,1.39615514289789,0.773808421002443,0,0.143816876313597,0.081096990220555,0.0534714199583151,0.00688969954967103,0.0106386396442028,0.0579156968135977,0.00478939745239109,0.00883863156001156,0.00110088116359958,0.13788377650305,0.0215256613859993,0.00732502620417992,0.0190031199836835,0.153473721896421,0.00398502253092993,0.0183911057701505,0.0521984485271913,0.00865723918418005,0.146989481191149,0.0470741564683727,0.22336670059351,0.139696188957966,0.000967101892696694,0.288118970753099,0.0197231379767499,1.02607859759523,0.111683077632031,0.0057756602594086,0.423557253851863,1.09980794083781,0.203214171040845,0.0317534207943719,0.0578100086932989,0.0887057271006078,0.00868410428089347,0.00561931398947673,0.0318075854146868,1.05380261888234
0.000808854293035805,0.000716688445381793,0.000513830567745298,0.0452290548710883,0.000353657305739165,0.00891167280405986,0.0726481131322297,0.0184823528265434,0.0744811882387889,0.0748345108264808,0.00107571669826936,0.0264751647341049,0.00194069452286303,0.00756291143488247,0.00811271289594477,0.00319629546473283,0.000372310503020525,4.93841076426208e-05,6.6413223181799e-05,0.0191440782091197,0.003703053387778,0.00470880068601751,0.00291150217354376,0.12545563689625,0.00193925951886025,0.000837569759985612,0.00885298641567253,0.150089910568244,0.0203333317043096,0.0046955691241035,0.000130948995025143,0.00165133788723345,0.00521680432083061,0.0253415399231605,0.017238080358837,0.0855461762395164,0.00155462682841605,0.0456170753447318,0.0135122433211108,0.0427951088924542,0.00723169371366903,0.0695054593142579,0.865471890057583,0.02373902820936,0.0581769679680322,0.143816876313597,0,0.304728309563242,0.113919833972974,0.00104814995749762,0.0121496127560297,0.0014533777692676,0.110270690403843,0.832179960272719,0.348927432136897,0.154924553899099,0.115179016932085,0.139670767066552,0.210778633582754,0.0146100848696847,0.19326866014964,0.00792415134404896,0.151636507709011,0.438952925799364,0.00868745650831754,0.00217192219541386,0.0182282137930326,0.00960007389017579,0.038270044153249,0.0247537683429081,0.0510293390714983,0.0455617979724904,0.277515036994267,0.0150550061201791,0.0165671240510023,0.0449243436627678,0.261285269078451,0.0539965331255352,0.0080231300845157,0.0030684025167671,0.213443541228037,0.000636759460123077,0.00879011121082689,0.0420397608343603
7.21425501696464e-05,0.000115737854600698,0.000361281824100942,0.00136363661813834,7.1110515825212e-05,0.000457536238927915,0.00865672448972978,0.00133921509144643,0.0103921575599248,0.0034469747286888,0.000140883602048546,0.000720981235355256,0.000183897363050223,0.000887565943012923,0.00123370019935566,0.000620832047891736,0.000113829265672713,0,8.81750756860971e-05,0.000697543611911058,0.000447434632476211,0.000786651473635021,0.000998499202569767,0.015879187410623,8.32887683901784e-05,0.000204922324846744,0.00235144857438451,0.0159270738773856,0.00253448228412164,0.000577458573814184,6.42324458361268e-05,0,0.00107444109592956,0.00397321872223132,0.0216386062217408,0.0136770712794874,0.00112513950341467,0.00562205062547305,0.00258644964669049,0.0100535529686911,0.000897923360523817,0.001317603879938,0.209099852289632,0.0442448884542799,0.158182941227088,0.081096990220555,0.304728309563242,0,0.0661395888250461,0.000358883584117949,0,0.000436181629167795,0.0122028590456179,0.4274105599609,0.0392400183208737,0.0549050669219824,0.0104667507773918,0.00861080009486374,0.0521390424792307,0.0191516456065019,0.0138904382670789,0.00213364384205594,0.0119833220185924,0.0351663929998154,0.00113147000226849,2.68154683543145e-05,0.00547353686929992,0.00104378330328208,0.00521483144214866,0.0029160012997288,0.000660203941112995,0.00654646499843922,0.0310543991637086,0.000210053346216649,0.00569189643616851,0.00998297059323676,0.0697355554854564,0.0151926361879455,0.00106201202458186,0.00338751435870395,0.868177448260244,0.000234313486111209,0.0111322741257612,0.0957998348968244
0,0.0186275522642089,0,0.000895051283268038,0.000171011797017753,0.000879822875959846,0.00589411082535132,0.00171966766301255,0.00350353107421316,0.00371481798797004,0.131622912375376,0.00154196790626733,0.130425796240331,0.00143994629969685,0.000740334175676464,0.000166456767430276,3.58367516476214e-05,0.000802034056908218,0,0.00115805638527614,0.000336841581629544,0.00376627940203544,0.000198938646209925,0.00803350649118267,0.155782168662668,0.00186491579535109,0.00546394465799913,0.00863407547773456,0.00248900697333281,0.000575360253145963,0.00279984521264644,0.00106276963302666,0.000713603399378659,0.0132463757058205,0.00567381295352331,0.0100318610227775,0.0156216492635063,0.0211436910341127,0.00193469426919543,0.0183444882752948,0.000606285689851642,0.0244578747208046,0.106620430053635,0.0378053652599883,0.175132667605072,0.0534714199583151,0.113919833972974,0.0661395888250461,0,4.24571789546013e-05,0.0154484061838759,0.000275749959025204,0.00431085786734051,0.00094582686495441,0.0029877508143235,0.0092073390757064,0.0065843615330725,0.0102312531333982,0.0130737809954667,0.532149581876405,0.00813585956261937,0.415754987465556,0.0199615855955969,0.00338293695639986,0.00491052626109816,0.00022303817317307,0.00181946748785712,0.001307940531852,0.00165459029856889,0.00118795041850635,0.010346676331585,0.00317547881376775,0.0273611809180492,0.043347830275875,0.0028631475136828,0.0160818532265099,0.021690964599001,0.0180271990874176,0.000141442101937294,0.0485181982748011,0.0499606064018675,0.000624929457744777,0.0580350099540675,0.0259029083478863
0,0.000144225138346464,0.0004089600851769,0,0,0,0.00010766542768085,0,0.000886050469569953,5.98106347464323e-05,0,0,0,0,0,0.000123202439266652,0.000840610026909154,7.66678405938147e-05,0.000279028959384888,0,4.38321284371019e-05,0.000219729025688142,8.98436799544843e-05,0.00161705327933921,3.99507912067473e-05,0.000734110125447079,0.00314757100840692,0.000897625354844925,0.0001446618447745,0,0,0,7.05500392136872e-05,0.000451231679303303,0.000660283531542421,0.000945527216913295,0.000101456320634499,0.000412158216546044,0.000179529995952755,0,0,7.50351012264491e-05,0.00719520402735632,0.00148080424052936,0.0176036688793664,0.00688969954967103,0.00104814995749762,0.000358883584117949,4.24571789546013e-05,0,0.000127125123649389,0.00946281730314916,0.000956947419425188,0,0.000802571021033182,0.265857413266316,0.0251598374184513,0.000306338486465424,0.0105472733703975,0.00452853345027615,0.00376442602886273,0,0.533108591074465,0.000564836401885941,0.000633854815308094,0.0166064785469602,0.0050444655140635,0.03413683144515,0.00128529532189375,0.0125651236815632,0,0.0157885728087855,0.0141887781446028,0.000130560196786791,0.0633186231118061,0.0188677814990889,0.0261582278802394,0.524254388032186,0.251735968124517,0.000152462651058734,0.000366197773826927,0.00699692060586584,0.0466265614521807,0.00335492003594175
5.17993095893562e-05,0.247272901402602,0.0271777488965695,6.62925232273042e-05,0,4.08183495987654e-05,0.00148868496108909,0.000879685232967675,0.00232482615193543,0.000249995305257797,0.00943436152499986,0.000378431181163162,0.0188694772959129,0.000865096909523606,0.000237924493884444,0.00193604738850863,0.0211693157772386,0.00179268815988327,0.00650111927234289,9.88994023849367e-05,0.000887468686149404,0.0161964025975699,0.00960648665644639,0.00518544902052234,0.0352055333809473,0.0495331470640556,0.443946439620462,0.00108845391546321,0.000996280747626232,0.000226997948445528,0.0025417176173121,0.000182406190680027,0.000135248167289704,0.0147391239446484,0.00446589881048955,0.0427024288213987,0.00839286642553476,0.0188561309095374,0.00752712096588543,0.000456584297605187,0,0.000799158972510336,0.0303168669021439,0.010439674766461,0.0186536446263424,0.0106386396442028,0.0121496127560297,0,0.0154484061838759,0.000127125123649389,0,0.00488161572946241,8.7417326347232e-05,0.00121743485164533,0.000400829511063963,0.00161780591653651,0.000488900998064965,0.105913999371598,0.00056579092556566,0.00250644026559296,0.00126601957469988,0.0561917558944179,0.0015117197031966,0.0190311494374051,0.123718350055434,0.00768635241622162,0.00358758021004844,0.0158173813583492,0.000139842321267888,0.00503652595866349,0.230823702210223,0.0128437094008204,0.303475180557366,0.242054106778488,0.049896664605778,1.91165378516249,0.00526874720568337,0.00105197658997656,0.00172751474143293,0.0080529427251341,0.000416737549309194,0.000170111164268464,0.0076729604958267,0.00266264719128934
0.000434090513023228,0.0413173587790396,0.273971004296119,0,0.000191232606959671,6.87717794035971e-05,0.00719412337404317,0.00211329179664772,0.000380495874412313,4.64731520350277e-05,8.32701682700065e-05,0,0.000199798468045458,0.00275583043712765,0.000555009332787395,0.00407987600236988,0.0707215070742958,0.000766469615646287,0.00530642448811434,0,0.00378016426872432,0.021960118595818,0.108572478565105,0.00197011012188855,0.000729845625741182,0.0218356949372197,0.456924195526179,0.00262071563764138,0.00108885626266417,0.00209354035847772,9.75961301320639e-05,5.14039734455645e-05,0.000183907808137492,0.0552537178324141,0.013725324876242,0.206802321022309,0.0234660081675767,0.072419703244351,0.0371943129786396,0.00309063156349392,0.00132363689673418,0.000280668196702659,0.175571934791247,0.0200722497264506,0.0753599656723358,0.0579156968135977,0.0014533777692676,0.000436181629167795,0.000275749959025204,0.00946281730314916,0.00488161572946241,0,0,0.000368624512264252,0.000311344522177622,0.689839220818609,0.084731280722079,3.39185566881001e-05,0.000720041909309056,0.00169205374796203,0.000405393444315523,0.00031242895439592,0.163568658214653,0.000555496670656175,0.003432287810939,0.429141555812082,0.00205606224663824,0.0383370118934334,3.31781499372571e-05,0.362689853759428,0.00125893379320488,2.85655482204858,0.00274132917360163,0.000640696522009671,2.67728017697396,1.53645573108977,0.131698242012502,0.00850655588854055,0.0812351517617835,0.000316224747896657,0.000210620118900508,0.00069433098527585,0.0391373721792563,0.0205078078215502
0,0.00127176800229728,0,0.124909408229124,0.000626172828988821,0.014379421829069,0.0487097842251629,0.00860582046522376,0.126946681826707,0.160911624865581,0,0.0435774206920366,0,0.00106180708889942,0.00368035105684018,0.000200789043783992,0,0,2.3176588789925e-05,0.0471153205194474,9.70003774305583e-05,0.00333127293455851,0.000145999125070721,0.127608184602961,0.000412292059604108,2.54647610634864e-05,0.00170762235136302,0.16890296457731,0.00122698674831596,5.79202611085474e-05,0,0,0.000218206389779448,0.00206821058339658,0.000277215930282891,0.00715344786369399,0,0.00422084915626891,0.00113941435858137,0.0200757473229088,0.000688514621501818,0.0022225182233794,0.0671729660687167,0.00101641862773897,0.0474138632865354,0.00478939745239109,0.110270690403843,0.0122028590456179,0.00431085786734051,0.000956947419425188,8.7417326347232e-05,0,0,0.00714966096334288,0.0545001446400553,0.00766327661295569,0.0630834838161085,0.433628046419217,0.531484263011595,0.00829048514163767,1.24286195678761,0.000195133461173102,0.0791693318921024,0.0653275925311564,0.00016040483297655,0.000225507705555618,0.0132718239927922,0.00803817637677501,2.52721462786737,0.0011419813497055,0.000891073153914303,0.000830716823816345,0.14258736504636,9.39140675865856e-05,0.00747129191555186,0.00484169229694006,0.126614977131426,0.051501885931251,0.000837544247644411,0.00151856564723477,0.0119080336781493,6.4548835036844e-05,0.0231127786162348,0.00943392237080023
0,8.45319882256684e-05,0.000295766350597232,0.00102923928366298,0.000267701698592752,0.000113149542208224,0.000721832042073189,6.04503611181378e-05,0.00300479390571329,0.00103417933889235,0.000511574942001969,0.000554028297890603,8.3590500401795e-05,0,0.000458498837730467,0.000761712070810317,0.000606969551816583,0.000457085136069954,0.00072483091978642,0.000519893870457887,0.000860677693408281,0.000755501603189885,0.00238617749067789,0.00266960380867115,6.54358956916631e-05,0.00213193581899133,0.00552771920651847,0.00204413678327009,0.000101353777089,0.000269555338833332,4.75638403706253e-05,0,0.000234953063177258,0.000745579556767703,0.0667373700457745,0.00219882751212707,0.00398998937495872,0.000642346967766166,0.00557620894804358,0.000272222526670396,0.00022408432215929,8.64953407861592e-05,0.0149482177265422,0.00430404293892386,0.00417346599046299,0.00883863156001156,0.832179960272719,0.4274105599609,0.00094582686495441,0,0.00121743485164533,0.000368624512264252,0.00714966096334288,0,0.029171990330703,0.00440377285928061,0.00218662729480742,0.0183539504855296,0.00400954398095821,0.000405691555139244,0.0100681527403041,0.000749305832713591,0.00266280649832198,0.149773191683815,0.00537588721414143,0.000247804469757825,8.61196877542735e-05,0.000181378425215631,0.00107857615604281,0.00888278284506129,0.00855985282428966,0.0190723301244947,0.0382775921345871,0.00172685316596585,0.000823811695857074,0.00777516015885568,0.0125485226610906,0.00135756525502319,0.000956654229379446,0,0.0274422060213224,0.000180086908154592,0.00931768069793033,0.0593871150444524
0,6.69551543484628e-05,0,0.00147001940508458,5.36554438652694e-05,0.000264942942227393,0.00122462879352258,0.000482053266564712,0.00286281984244197,0.00206869553868355,0,0.00138327451356232,0,2.71297441439778e-05,0.000241505079052985,0.000188355411253631,0,0,0,0.000982250583401664,0,0.000136523952581495,0,0.00459010553217459,8.60246788871882e-05,4.04302978886962e-05,0.000230588404610574,0.00417020273659283,4.5324831716001e-05,0,0,0,3.48269491257369e-05,0,0.00274161907892293,0.000283414777296871,0,0.000380300723507613,0.000321167116312266,0.000245960305169195,0,0.000646204353004575,0.0324351081182194,0.00155092566736391,0.0146622212357423,0.00110088116359958,0.348927432136897,0.0392400183208737,0.0029877508143235,0.000802571021033182,0.000400829511063963,0.000311344522177622,0.0545001446400553,0.029171990330703,0,0.157525666545194,0.782832589074503,0.0138141011784694,1.99420268736821,0.00547657023451692,0.361267811645209,0.000300198581539437,0.0850596730082823,0.226395829268815,9.79855424162153e-05,0.000179635435186833,0.00603434101748018,0.00324838180708677,0.0254666518976586,0.00150007985313785,0.00206391004214635,0.0010886814509751,0.0262665070866512,0.000456281434235215,0.00659547708685524,0.00344113428044034,0.338200982381016,0.0222638662337977,0.00101154149958658,0.00149651692809471,0.0238743321349524,0.000121586438955992,0.00732172356726275,0.0363022699499006
0.000354832991051272,0.00206827359248654,0.00638008863105355,0.0138905075406977,0.000758993431402844,0.0073121319279498,0.0788745649809534,0.0225792514128556,0.0407084764409135,0.0342412664304559,0.000190717746380567,0.00311462042342211,0,0.00855435279083523,0.00464024932592381,0.0204146242686891,0.00275762108089565,4.5119328251481e-05,0.000516262420427084,0.00455451369858192,0.00143057302516387,0.0134676763564958,0.019972741560743,0.126247637947398,8.14300012877583e-05,0.00283520799874458,0.0534826193461726,0.130670798421662,0.0186967279890148,0.0024284566909812,0,0.00230118522886231,0.00406824511695921,0.0239177607595954,0.0110940973990858,0.0782664678118342,0.00364017625457619,0.0512595869603757,0.015100101305075,0.0222401478295003,0.00714101019570512,0.00601192074805945,0.45383449473625,0.015364228645176,0.481398104909042,0.13788377650305,0.154924553899099,0.0549050669219824,0.0092073390757064,0.265857413266316,0.00161780591653651,0.689839220818609,0.00766327661295569,0.00440377285928061,0.157525666545194,0,2.43893618823904,0.0412491052311584,0.600068881583777,0.0336579098920691,0.0321470399588624,0.000730561117373449,4.29736941151856,0.022793540941173,0.0081789314077272,0.47627630181337,0.0516533477843909,0.274151718527762,0.00650646747876777,1.30855292513157,0.00429751765927514,1.29011346430411,0.166475857737741,0.00067049454749693,1.26428958766496,0.348853840569022,4.61451877623825,0.984201273006648,1.30993817173733,0.00405124231286193,0.0295414042261792,0.0738113512565352,0.426529480818734,0.156267389129096
0,0.000197865189008832,0.000505221839112907,0.00260604884250887,5.61096082796753e-05,0.000247546204618334,0.00644057899767606,0.000633832322726369,0.00784859865478653,0.00328371927220729,0,0.000883076782454741,7.32913962128162e-05,3.48228800208718e-05,3.67521887887716e-05,0.00413548128137648,3.83940946822911e-05,0,0,0.00105813600137115,0.000133338953801438,0.00317074490759213,0.00286544832436475,0.0134340165002468,0,3.25930168634355e-05,0.00597708915994388,0.00985709856672811,0.000230937144772142,0,0,0,0.000265771584415466,0.000998288645844788,0.000237501782233089,0.00537400294521229,0.000345631630415887,0.00215881966407911,0.000726713729305344,0.00192308145187211,0.000222193900154785,0.00109159276407511,0.0996724642007094,0.00427383555097269,0.0565674441393066,0.0215256613859993,0.115179016932085,0.0104667507773918,0.0065843615330725,0.0251598374184513,0.000488900998064965,0.084731280722079,0.0630834838161085,0.00218662729480742,0.782832589074503,2.43893618823904,0,0.0123057429281042,1.46598419663047,0.0127622709080362,0.238967764777021,0.000932796079193429,1.50312377852313,0.0658803536572196,0.000781583089142381,0.0257110121172384,0.016524906373041,0.0298838709236541,0.0447344846257905,0.125674716009135,0.00111772760892521,0.131701477758382,0.061520612646875,0.000121787753450543,0.266532665689855,0.059955069318557,0.393144192528429,0.105457183511434,0.0647202049781768,0.00259836426542102,0.0649814970290946,0.00240211572862078,0.0417959679363204,0.00967633152924994
0.000852610998984488,0.00143735959812315,0.000370992478948206,0.069756768496676,0.000707212023772,0.00958713805229788,0.0319822007920471,0.00917100637272565,0.379701665620479,0.0718922652534734,0.00577705086916186,0.0119618216002927,0.0111607113921119,0.00489268701727232,0.00482677813808388,0.00348200465359738,0.000978628039137843,0.000713979986096623,0.000545159192810565,0.0155965945946118,0.00160258172763884,0.00342247647991839,0.00349658889742211,0.162669973748567,0.00714998276329647,0.00259704741266209,0.00656450214375848,0.131950717501313,0.0136165666257856,0.00352214375288339,0.000666074738364771,0.00174862779356682,0.00431729986597632,0.0132297526722266,0.0155528901961125,0.0472788550639503,0.00210417268870881,0.0199428997340231,0.00666076675973671,0.0137103720766613,0.00302329216157529,0.0012870338663992,0.0751245808214056,0.000664783707072839,0.0354387710062466,0.00732502620417992,0.139670767066552,0.00861080009486374,0.0102312531333982,0.000306338486465424,0.105913999371598,3.39185566881001e-05,0.433628046419217,0.0183539504855296,0.0138141011784694,0.0412491052311584,0.0123057429281042,0,0.140728119005039,0.00406948677854834,0.121182444528811,0.0329071400290714,0.0240704501365508,0.160283702420336,0.00353490659176907,0.000285223091704756,0.00374005944244663,0.00256251711915564,0.032350483514223,0.00473288919590552,0.637753858893932,0.0048298229556756,2.7841536901778,0.0670878281035064,0.00340039435416341,0.0769475966023518,0.553565632617543,0.0275698062376739,0.00172320405370675,0.00123293260846085,0.00329922298863168,0.00193911262732896,0.0167563107625052,0.0222380321578325
8.81430990408358e-05,0.000719292739788205,0,0.0675265969031938,0.000339815424359098,0.0095410364379262,0.0406866717166568,0.00775683018518888,0.0569482705890599,0.111382774986552,6.26046924365312e-05,0.0235293119784928,0,0.00175651796454374,0.00267079922125599,0,2.3994365311414e-05,4.15396641516387e-05,0,0.028122067221331,0.000112236601205304,8.62068359939754e-05,0.000342618349964038,0.0757672827896563,0.000140229639067054,0,0.000685961408556014,0.1154009516229,0.00194863413714413,0.000234792084341839,0,0.00015737667453146,0.000294593028940872,0.00327831858799848,0.0017348180886072,0.00898261633517706,0.000159672764210612,0.00450892531714734,0.00190795045283599,0.0142441837683003,0.00108280945927808,0.00247449984482825,0.273474062929793,0.00648638561981969,0.236733258888697,0.0190031199836835,0.210778633582754,0.0521390424792307,0.0130737809954667,0.0105472733703975,0.00056579092556566,0.000720041909309056,0.531484263011595,0.00400954398095821,1.99420268736821,0.600068881583777,1.46598419663047,0.140728119005039,0,0.0751921905885307,0.773893724791561,0.00130507959574226,0.802175759729379,0.029626984195014,0.000373355804539427,0.00302363913740663,0.111661550229363,0.0628600778967947,0.206373461418242,0.00812175735105535,0.00026988374819085,0.00770926345123258,0.0392044712432287,0.0010052666686108,0.0796566819261394,0.0513335653918244,1.63054266036625,0.44612796673498,0.0107601458639632,0.0105527837837494,0.078264759502776,0.000697934494119912,0.169497203998695,0.039758809262035
0,0.0172255485168309,0.00161662374799428,0.000112107031233072,0,8.27033724542859e-05,0.000628200616403148,3.26224637241215e-05,0.00623882033141497,5.2789544658646e-05,0.168592229567086,0.000130104986971825,0.367353717646514,0.000305270427399829,0.000307725506574243,0.00016514606984961,0.00117451105886767,0.009387476852929,0.000885083071957421,4.19338899660409e-05,0.000121453624214351,0.00446955146823228,0.000453590231319308,0.00665186080980586,0.14122063467202,0.0180908357952725,0.0340921281118982,0.000745936944039973,0.000315434618156389,0,0.0335682722623322,0.000520909014337063,7.72125938476769e-05,0.00651356822447477,0.00439693091074593,0.00312639838331607,0.0302658382915305,0.0121496202843994,0.00176569500307739,0.000551822735805944,0,0.0210834939563721,0.14898018153882,0.263756139914711,0.39811634432916,0.153473721896421,0.0146100848696847,0.0191516456065019,0.532149581876405,0.00452853345027615,0.00250644026559296,0.00169205374796203,0.00829048514163767,0.000405691555139244,0.00547657023451692,0.0336579098920691,0.0127622709080362,0.00406948677854834,0.0751921905885307,0,0.0424996011161222,0.677495261013225,0.0920598480232353,0.00459750323842089,0.00198385245424783,0.0880099899672763,0.817052905789005,0.183568184036765,0.0102191771110472,0.0174711514978148,0.00222032375197126,0.0209821867626479,0.0118414999442737,0.0128010175596374,0.470981439237762,0.0475760879199409,0.0242321766105818,0.291957667248967,0.044253524800253,0.116054768505653,0.196092996387607,0.00107021903477937,0.709020537025577,0.0216731282382464
7.13175081405047e-05,0.000724456940660207,0,0.0564139168337719,0.000311027205599516,0.00986323190010225,0.0144434648417763,0.0105528631533747,0.0207439833552825,0.0664561189177307,0.000792367766869916,0.0390798897306994,0,0.00284434214870265,0.00249579982974704,0,3.58715840264261e-05,0.0002830455549227,0.000551629271424293,0.0298847582597883,4.99548127430677e-05,7.13445261556504e-05,4.55143741955459e-05,0.0256487550483253,0.00017752096847874,0.000750989510544597,0.00102705802475398,0.0473617162756154,0.00232827868542306,0,0,0.000473648184539169,0,0.00201517306517427,0.00463347803471392,0.00528938930782146,0,0.00428345561093277,0.000651098550368428,0.014058180091472,0.00062179289708434,0.00238916844047105,0.0723984467767742,0.00295287964128287,0.0992331881529282,0.00398502253092993,0.19326866014964,0.0138904382670789,0.00813585956261937,0.00376442602886273,0.00126601957469988,0.000405393444315523,1.24286195678761,0.0100681527403041,0.361267811645209,0.0321470399588624,0.238967764777021,0.121182444528811,0.773893724791561,0.0424996011161222,0,0.00123536984876364,0.410198650852258,0.104092955634484,0,0.00092931759385921,0.0652333934348657,0.0352870308683918,1.2208753511307,0.000912801908929468,0.00153645869787517,0.00129639517334778,0.0884656412538337,0.00047683734495154,0.045683409835466,0.0250481392765305,0.0999699245459481,0.197559724835262,0.00619989810477331,0.00787677588535892,0.0352205451478507,8.95105411825775e-05,0.0790710875462052,0.0372099292505
0.000103331913012385,0.0275812009005068,0.000529387317118317,0,7.57951469283701e-05,0.000182388118386894,0,0.000331382596716196,0.00661676405274135,0,0.325942768694326,8.25122990660373e-05,0.799608836566649,0.000527339545877874,4.05211219916045e-05,0.000594096361330435,0.00101634200449661,0.0322660102514869,0.00209816655534241,0,0.000134186471589133,0.00858550134066132,0.000264247249366343,0.00527080355884472,0.373253679180146,0.069556424474173,0.164307681507694,0.000204221383155852,0.00112129248755926,0,0.117721454730489,0.00109808877350646,0,0.0113649474618974,0.000238643381694675,0.00368921992008711,0.0548641383112078,0.0232698120643995,0.00325280166248265,0.000479169705390752,0.000298448338620365,0.0220245481272236,0.0164144414033158,0.251676692418291,0.0605566728313858,0.0183911057701505,0.00792415134404896,0.00213364384205594,0.415754987465556,0,0.0561917558944179,0.00031242895439592,0.000195133461173102,0.000749305832713591,0.000300198581539437,0.000730561117373449,0.000932796079193429,0.0329071400290714,0.00130507959574226,0.677495261013225,0.00123536984876364,0,0.00509941594266625,0.00683279044324686,0.0206292766076489,0.000425124603202433,0.00138914017764356,0.00225223104160049,0.000129456251791209,0.00206808694569558,0.0382805603121133,0.00643873627567448,0.0689363963657434,0.517951723096356,0.0115411449114351,0.167653824896609,0.00198608922121471,0.021358752989987,0.00012416870762372,0.187505347947489,0.0205205967342505,0,0.0723028738476385,0.00216306640166911
0,0.00118984068699941,0.00229645034799414,0.00526579438771373,0,0.00100427010171993,0.0243983606491499,0.00117670706328741,0.0244438332345849,0.00656658308608943,0.000121745865853742,0.00266949231309494,0.00054313348936674,0.000592603597067535,0.000394405227228865,0.00335531379070732,0.000772217763558447,0.000256481471030295,0.000109595792102829,0.00210790606403352,0.000315780544642344,0.00285979012364763,0.00326530857675272,0.0511394550403027,0.000520387508604794,0.00203853082060669,0.0148117219864211,0.0384761132191394,0.00200590960179734,0.000523001017903984,0.000113823596263557,0,0.00143749975828251,0.00465641213008864,0.000839221131016598,0.0149426754248667,0.000927535397426738,0.00744361559073684,0.00238696340831633,0.00409201686753671,0.000754504966903434,0.00641780859807913,0.307974133688728,0.0142887632724874,0.139085036038296,0.0521984485271913,0.151636507709011,0.0119833220185924,0.0199615855955969,0.533108591074465,0.0015117197031966,0.163568658214653,0.0791693318921024,0.00266280649832198,0.0850596730082823,4.29736941151856,1.50312377852313,0.0240704501365508,0.802175759729379,0.0920598480232353,0.410198650852258,0.00509941594266625,0,0.0443852531098214,0.00178594619987476,0.0803511395541554,0.0936286858313347,0.163003696831315,0.0783781898048084,0.149490748909473,0.000768417875718085,0.211453012512475,0.159021793594162,0.000809867346635789,0.717203515775293,0.127196354036627,0.413473118828448,0.713749449549437,0.546018809611579,0.0169111947685861,0.0126707591032738,0.0115055566674869,0.211640138221312,0.0263769731582942
8.43148220967652e-05,0.000381795399303496,0.000277720938791558,0.0122584852126961,0.00108786278703126,0.00093323493898755,0.0065553867600494,0.00133429856552678,0.0184212248133138,0.0158340562283436,0.000843866238178702,0.00759293539347439,0.0013497523444663,0.000639392349717066,0.00162377935616993,0.00304404939099196,0.00040531908378987,0.00028972469930774,0.000376084293914437,0.00609175165422209,0.00219494308784455,0.00329429904159003,0.00240146160792205,0.0165495366584814,0.00157132904658034,0.000906014820760532,0.00580096391756576,0.0226375270403529,0.00170305374337238,0.000965192578269392,0,4.00451439701021e-05,0.000368803746344804,0.00202247829864675,0.109995458165335,0.0106003190878136,0.00449028359326967,0.00427729274027332,0.00525780533012845,0.00339549775739457,0.000222831100947708,0.00109513686609105,0.0351924713251143,0.012464045280883,0.0127839397599397,0.00865723918418005,0.438952925799364,0.0351663929998154,0.00338293695639986,0.000564836401885941,0.0190311494374051,0.000555496670656175,0.0653275925311564,0.149773191683815,0.226395829268815,0.022793540941173,0.0658803536572196,0.160283702420336,0.029626984195014,0.00459750323842089,0.104092955634484,0.00683279044324686,0.0443852531098214,0,0.0118881726569875,0.00101216359527343,0.00330249580226965,0.00113186246375267,0.0144382236412434,0.0233597743266916,0.0737651484633978,0.051396852236571,0.39859557012511,0.0145959787614534,0.00449326089946988,0.0320310298632716,0.0840873044805189,0.0107261854091639,0.00453388183124144,0.000633947748616263,0.027359098251343,0.000415836441305279,0.00432242546607886,0.0420850423148635
2.37021152604372e-05,0.00371581632760271,0.00558169087555853,0.000135890234185293,0.000557968209202051,2.89122412906587e-05,0.00511001789971071,0.000561832001966312,0.0127397978159566,0.000195714510421783,0.00324950235024498,0,0.00644450614861111,0.000389355573235989,0.00213551581114304,0.281623614981916,0.00420469508122775,0.00015145333851175,0.000654454556697651,6.80997609521449e-05,0.0349666983622881,0.227860736669023,0.164771279909564,0.0253407374536231,0.00419716019462653,0.0038296248797442,0.190581154420311,0.0155059341349088,0.000942128931848512,0.0113697592951113,0.000205239031584844,0.000117323808725149,0.000509742141466409,0.0155284591517107,0.0248464999349295,0.201550623757149,0.0205678902619872,0.0520343442680523,0.0304126180769982,0.00478698861380937,0.00124988230811101,0.000340816215969175,0.605731084500006,0.0578870775415486,0.157926663354298,0.146989481191149,0.00868745650831754,0.00113147000226849,0.00491052626109816,0.000633854815308094,0.123718350055434,0.003432287810939,0.00016040483297655,0.00537588721414143,9.79855424162153e-05,0.0081789314077272,0.000781583089142381,0.00353490659176907,0.000373355804539427,0.00198385245424783,0,0.0206292766076489,0.00178594619987476,0.0118881726569875,0,0.00766454429158118,0.000776055440450192,0.00544940398619136,0,0.307682240064,1.35612230286838,0.37951796864034,0.380895702021438,0.0440531503572483,0.00813696440975756,1.06888923493206,0.123836283123766,0.00505687316110093,0.0147363320129867,0.0013524119618757,7.28005296835903e-05,0.0014274345845139,0.0645830941050594,0.137773659903377
0.000187092237032578,0.0145008115820059,0.0962708949624376,2.88093381498456e-05,8.3958069899261e-05,2.35541891040355e-05,0.00191254275626519,0.000139236617659807,0.000510534933473736,0,0.000324094184313386,0,0.0002470189748016,0.000477412564970925,0.000326380903485418,0.00237556937214648,0.0559393903387305,0.00119433946410361,0.0102602093777996,0,0.00244081686933432,0.00893599302791524,0.0311167439717753,0.000649956299008906,0.000901366067175775,0.0455605158595828,0.253170296575979,0.000795374029955911,0.000849009866413551,0.000735760661628126,0.000152800832576618,8.17686117965431e-05,0.000192887144952893,0.0294814376111825,0.00430735109804741,0.0968671256165846,0.0127192723656971,0.0397172528462093,0.01756550169143,0.00116894585454561,0.000304598581385896,0,0.114006796062169,0.0896573625107674,0.0968020360301062,0.0470741564683727,0.00217192219541386,2.68154683543145e-05,0.00022303817317307,0.0166064785469602,0.00768635241622162,0.429141555812082,0.000225507705555618,0.000247804469757825,0.000179635435186833,0.47627630181337,0.0257110121172384,0.000285223091704756,0.00302363913740663,0.0880099899672763,0.00092931759385921,0.000425124603202433,0.0803511395541554,0.00101216359527343,0.00766454429158118,0,0.0683875725370912,0.876073082983033,0.000439482911819548,0.114500708468847,0.00655696714990952,0.846527408583537,0.0100043370233785,0.00238533006121186,1.00066759431307,2.24109969048651,0.0763397046549089,0.0372441543401127,0.659708976187657,0.00363699913955538,0.000334365465077832,0.00181830865726103,0.318517215679236,0.0127746578184106
0,0.00404369492664349,0.00288796704719715,0.000220439329474568,0,0,0,8.91300893407163e-05,0.00513422984542166,0,0.00813652990295932,0.000275865147287786,0.0155893130124171,0.000332234335017309,0,3.20421988558621e-05,0.00352805643352617,0.0108660995864076,0.00505418069854997,0,3.32297381959408e-05,0.000552333506251216,0.000758443208515003,0.000661317281850457,0.00392985238959052,0.0668203643329404,0.123193938475495,0,0.000271286022711396,0,0.0140856991848132,0.0003445674911495,0,0.00288055920078358,0.0055389106916906,0.00522722173818648,0.00608653292944778,0.00832153378284765,0.00259695946952748,0.000640639415750385,0,0.000758123292756734,0.450167064790703,0.188424967703655,0.531015361121395,0.22336670059351,0.0182282137930326,0.00547353686929992,0.00181946748785712,0.0050444655140635,0.00358758021004844,0.00205606224663824,0.0132718239927922,8.61196877542735e-05,0.00603434101748018,0.0516533477843909,0.016524906373041,0.00374005944244663,0.111661550229363,0.817052905789005,0.0652333934348657,0.00138914017764356,0.0936286858313347,0.00330249580226965,0.000776055440450192,0.0683875725370912,0,0.833006469259379,0.0144704327743378,0.0141377683780456,0.00040210479586637,0.0229437887038007,0.0124008005024795,0.00375076526155275,0.44900667797755,0.105728473805128,0.0329704038050426,0.158944861846357,0.0418332487028826,0.00877700420978543,0.0874305996222023,0.000782255742668601,0.264421393614961,0.043841241013444
4.65586095458865e-05,0.0169163093495106,0.0194085890145134,7.90021987847688e-05,0,8.5199151088938e-05,0.000298426815473959,0.000123315512015283,0.00261686267689736,0,0.00145792085019676,8.58147845746277e-05,0.00159497511754426,0.000797071917059051,8.47495749338866e-05,0.000674693224437252,0.0361131683131813,0.00532452375930699,0.0223139532220018,0,0.000274193287735507,0.00207607838165689,0.00604493061790439,0.00164057634557399,0.0083798023803616,0.146449051978406,0.35059419122079,0.000171372687715709,0.0014220281930438,0.000204571349306121,0.00240569337183702,0.000395779749823361,8.53221095543502e-05,0.0188483126029479,0.00619047802396846,0.0542919376496455,0.0119933030239258,0.0325399864929587,0.0129217338326096,0.000647726559922367,3.20094020809382e-05,0.000674686594004363,0.445106550857431,0.186263938470422,0.321199573717534,0.139696188957966,0.00960007389017579,0.00104378330328208,0.001307940531852,0.03413683144515,0.0158173813583492,0.0383370118934334,0.00803817637677501,0.000181378425215631,0.00324838180708677,0.274151718527762,0.0298838709236541,0.00256251711915564,0.0628600778967947,0.183568184036765,0.0352870308683918,0.00225223104160049,0.163003696831315,0.00113186246375267,0.00544940398619136,0.876073082983033,0.833006469259379,0,0.00816879820525457,0.0798932622485356,0.0034969825154994,0.210712423598217,0.0132663557446195,0.01453157571603,1.2546921785506,0.825666457858395,0.0427234120364925,0.0672881100358851,0.397536616439745,0.00914939765525254,0.00557325489357077,0.00298165970290665,0.387544090606232,0.0304398030999843
0,8.43255868243128e-05,0,0.0364935444991324,0.000127451245055437,0.00163338112092983,0.00581929607614209,0.00101970802902509,0.0131464570841428,0.020546147459623,0,0.00609643875833161,0,0.00024204464235811,0.000328817218513727,0,0,0,0,0.00813355571745762,0,0,0,0.0108767627713886,0,0,5.3498376417473e-05,0.0203509726218569,0.000288167912358731,0,0,0,2.69076971921325e-05,0.000165936592831537,0.000104531796355337,0.00112778909000744,0,0.000537965719879255,0.000189766970062539,0.00203596670624506,0.000200975412992611,0.000734539629454362,0.0277674530093303,0.000685162265801042,0.0261854532620166,0.000967101892696694,0.038270044153249,0.00521483144214866,0.00165459029856889,0.00128529532189375,0.000139842321267888,3.31781499372571e-05,2.52721462786737,0.00107857615604281,0.0254666518976586,0.00650646747876777,0.0447344846257905,0.032350483514223,0.206373461418242,0.0102191771110472,1.2208753511307,0.000129456251791209,0.0783781898048084,0.0144382236412434,0,0.000439482911819548,0.0144704327743378,0.00816879820525457,0,0.000149711734291792,0,7.64659709345696e-05,0.0105262552114714,8.3998212091908e-05,0.0100474300867128,0.0061321123357198,0.0155427014309066,0.042278531369799,0.00116491080609039,0.00218357271556981,0.00847945699178636,3.49171802118122e-05,0.0165224885635026,0.00298385979956312
0.000111227122529491,0.00105676347863129,0.00401959692007457,0.000319132107551113,0.000437748510020345,0.000177771242611259,0.00447975335340987,0.000521959343881667,0.0140666937124011,0.000786026471745103,0.000146206071122289,0.000281512795669914,0.000254826390489757,0.000241926709815502,0.00166648476313868,0.0332256648600477,0.00338719514741604,3.68877499133349e-05,0.00118956638306777,0.000341089592523426,0.0290069846249937,0.0386579777057656,0.0256195590064221,0.0216471363588196,0.000290853412219137,0.00410185430601825,0.0399334761435382,0.0210977173788944,0.00209694227629634,0.0161283301238037,3.01020286271721e-05,0.000115207024625033,0.00182985506300774,0.00978717928713511,0.0139140904595748,0.0746757007692801,0.00458982295334494,0.0185891038432965,0.0118413627344782,0.002644813589535,0.000654723618108138,0.000452224803752482,0.463047950031959,0.0327181801486099,0.542038273951153,0.288118970753099,0.0247537683429081,0.0029160012997288,0.00118795041850635,0.0125651236815632,0.00503652595866349,0.362689853759428,0.0011419813497055,0.00888278284506129,0.00150007985313785,1.30855292513157,0.125674716009135,0.00473288919590552,0.00812175735105535,0.0174711514978148,0.000912801908929468,0.00206808694569558,0.149490748909473,0.0233597743266916,0.307682240064,0.114500708468847,0.0141377683780456,0.0798932622485356,0.000149711734291792,0,0.0623124837558385,2.3807269889881,0.148929219278799,0.00274259371680835,0.272168398505897,0.280627353423221,1.80975873699975,0.0753784831654958,2.07440685837249,0.000506104866412103,0.00107487847107871,0.00659152356980297,1.1414821012156,0.193464385307027
0.000125135796110451,0.00444064756702942,0.00574526058049205,0.000108498519598067,0.000344453886368036,0.00014972314250569,0.00252762360283895,0.000552561142702148,0.0435243737023681,0.000249787682073534,0.00472070802872591,0.000101992721183181,0.0111158181126245,0.000402297067905664,0.00161191475273144,0.0914295303072979,0.00250238453094417,0.000187579299421906,0.000601651189699844,0,0.0270634744203551,0.185978826264453,0.0655865713264504,0.0330075432990131,0.00736898579338396,0.00470615160622282,0.111819527957998,0.0172086412515307,0.00134047832665148,0.0156835888875645,0.000503186607444719,8.23637210116986e-05,0.00145060376059341,0.0092862150796679,0.0224207784352548,0.120173458414462,0.00969970077911505,0.0286540117931623,0.0150685673195422,0.00246819557960915,0.00106435531167166,0.000703724134284317,0.115385235166944,0.00919843707501526,0.0245210609230241,0.0197231379767499,0.0510293390714983,0.000660203941112995,0.010346676331585,0,0.230823702210223,0.00125893379320488,0.000891073153914303,0.00855985282428966,0.00206391004214635,0.00429751765927514,0.00111772760892521,0.637753858893932,0.00026988374819085,0.00222032375197126,0.00153645869787517,0.0382805603121133,0.000768417875718085,0.0737651484633978,1.35612230286838,0.00655696714990952,0.00040210479586637,0.0034969825154994,0,0.0623124837558385,0,0.148286145240852,1.35798547035968,0.108195826175785,0.00530596026107888,1.28835057230024,0.0443886456308466,0.00216489498169126,0.00159589822394921,0.000683886533081665,0.000140028244662434,0.000682289519824147,0.0097229080386515,0.0278498948739786
0.000493622579163775,0.00982714369249428,0.0538154791625402,0.000678525263463289,0.00168179851860711,0.00019876811601828,0.0211503058740235,0.00167944143020711,0.011954738720795,0.00129045192920624,0.000523288591112986,9.24384587539135e-05,0.00204377552666813,0.00141210360421966,0.00385014514846654,0.43671650503445,0.0239208424851248,0.000547687734573797,0.00427743085852012,9.79323853966892e-05,0.0383623056301245,0.276040757688511,0.358204849244064,0.0396392708445642,0.00117958697173003,0.0125347467139296,0.585805025203333,0.0282004940066299,0.00178124030848727,0.015466069511992,0.000121436388874054,5.01369950846136e-05,0.0011411659095021,0.0552736723483574,0.0784259731076706,0.387862519770135,0.0444289315396509,0.144973036813544,0.0662365699105035,0.0120893357471904,0.00225774624114498,0.00134781932829174,2.63246691090936,0.250671503455915,1.29626700955516,1.02607859759523,0.0455617979724904,0.00654646499843922,0.00317547881376775,0.0157885728087855,0.0128437094008204,2.85655482204858,0.000830716823816345,0.0190723301244947,0.0010886814509751,1.29011346430411,0.131701477758382,0.0048298229556756,0.00770926345123258,0.0209821867626479,0.00129639517334778,0.00643873627567448,0.211453012512475,0.051396852236571,0.37951796864034,0.846527408583537,0.0229437887038007,0.210712423598217,7.64659709345696e-05,2.3807269889881,0.148286145240852,0,0.290141273989812,0.00691612194459826,1.28730639814209,2.99521710948342,1.21425315058352,0.0629712786658244,0.962465962266103,0.0036542915167163,0.00132715052567589,0.00586625932714909,0.930067491163128,0.638936072074353
0.00475598180341798,0.00613640343917021,0.0062315753122829,0.0830134647646419,0.00206327957272536,0.0353485540348132,0.26410403790826,0.0798409097047107,0.743851826023044,0.170336479226725,0.00899405504948746,0.015964487589069,0.0182528878439564,0.0453550886061375,0.0295785491792692,0.0457956106685035,0.0027411689328829,0.000106254476609052,0.00104395949867709,0.0307983506916998,0.0428790008178446,0.0709291690822362,0.0399462010356552,0.826488114791841,0.0118281018056136,0.00334958190239144,0.0689300343654989,0.644950037327854,0.109510448857061,0.0341143513336015,0.000487462099497735,0.0117235429281562,0.0315488723203746,0.0998342216987737,0.0521125755028961,0.412452453945734,0.0103415310357531,0.205887469417988,0.064476271400562,0.0834903332640059,0.0289947693193911,0.014663561617811,0.696963581925832,0.0249581407771246,0.266916355146019,0.111683077632031,0.277515036994267,0.0310543991637086,0.0273611809180492,0.0141887781446028,0.303475180557366,0.00274132917360163,0.14258736504636,0.0382775921345871,0.0262665070866512,0.166475857737741,0.061520612646875,2.7841536901778,0.0392044712432287,0.0118414999442737,0.0884656412538337,0.0689363963657434,0.159021793594162,0.39859557012511,0.380895702021438,0.0100043370233785,0.0124008005024795,0.0132663557446195,0.0105262552114714,0.148929219278799,1.35798547035968,0.290141273989812,0,0.149848369859815,0.0186937082274357,0.837259505901521,0.888349170487272,0.282908977756321,0.113939949293212,0.00360668558687081,0.013377309871219,0.0462496215169892,0.203867910240496,0.284119571025335
0,0.0197254003906433,0.00270220488804004,0,0,4.09151122815907e-05,0,0.000162348746361136,0.00165972795037168,0,0.0358090672939473,0,0.121004038133628,0.000401642360498786,0,0.000274089991353035,0.00415669059780671,0.00635290971277616,0.00389582426568237,0,0.000242716351683766,0.00296227659653413,0.00071130093582,0.00206548175966102,0.266580568230107,0.0721232523777879,0.274003226395674,0.000210931149920761,0.00100246871425335,4.66670222757161e-05,0.0170180059618276,9.64899876095656e-05,0,0.00520841125055028,0.000392139715768754,0.00873357326564753,0.0118847992639094,0.0113977532393215,0.00300305219214271,8.10554922316074e-05,0,0.00228853470357961,0.0178229264671868,0.016491756092792,0.0166647845592099,0.0057756602594086,0.0150550061201791,0.000210053346216649,0.043347830275875,0.000130560196786791,0.242054106778488,0.000640696522009671,9.39140675865856e-05,0.00172685316596585,0.000456281434235215,0.00067049454749693,0.000121787753450543,0.0670878281035064,0.0010052666686108,0.0128010175596374,0.00047683734495154,0.517951723096356,0.000809867346635789,0.0145959787614534,0.0440531503572483,0.00238533006121186,0.00375076526155275,0.01453157571603,8.3998212091908e-05,0.00274259371680835,0.108195826175785,0.00691612194459826,0.149848369859815,0,0.0565593210683287,1.45226904859181,0.00279349729970611,0.00071025326643956,0.000628573140324935,0.0415929903912516,0.000721382186232895,0,0.004567297511758,0.000732480773846088
0.00041641939157246,0.0840509781766527,0.11568885725569,5.80858095382154e-05,0.000225384139353096,0.000233426755611152,0.00212890906528115,0.000772706960387799,0.00558403848199788,2.53909304677695e-05,0.0674306637457731,0.000158298001885906,0.120152641769806,0.00331278802578105,0.000547728242670447,0.00172144036066121,0.0978881247063423,0.08802943142272,0.0661156041961458,0,0.00236876566058014,0.00906330514323065,0.0258612442322127,0.00223467514416155,0.0640120922059962,0.743398870750827,1.81204067854849,0.000928542495623632,0.00518297524239161,0.000492437636900962,0.114569781099148,0.00236722368433168,0.000243702092863083,0.0651237029766679,0.0191358161787363,0.167838351753336,0.0720198878362322,0.116428546233258,0.0436190018694695,0.00221227566607922,0.000477980183019206,0.00161182369520701,1.13436681446036,0.555034854011231,0.874606503311106,0.423557253851863,0.0165671240510023,0.00569189643616851,0.0028631475136828,0.0633186231118061,0.049896664605778,2.67728017697396,0.00747129191555186,0.000823811695857074,0.00659547708685524,1.26428958766496,0.266532665689855,0.00340039435416341,0.0796566819261394,0.470981439237762,0.045683409835466,0.0115411449114351,0.717203515775293,0.00449326089946988,0.00813696440975756,1.00066759431307,0.44900667797755,1.2546921785506,0.0100474300867128,0.272168398505897,0.00530596026107888,1.28730639814209,0.0186937082274357,0.0565593210683287,0,4.39001064067172,0.140102694780944,0.16453380543134,0.317348070060031,0.102111163110424,0.0743966728445201,0.00193600341273553,0.340250030925043,0.0903389623583233
0.00150674749467865,0.615129051644068,0.650253985453378,7.78470104055405e-05,0.00122520989534368,0.000450162983060047,0.0319356444010571,0.00490007193159878,0.0138897924170724,0.00109629250869593,0.118832328341282,0.000206162415572137,0.247761607493698,0.0116296144283905,0.00346703954366018,0.103214055827077,0.388709133360671,0.119024151685535,0.12430844579483,0.000142962222781688,0.0319803781821483,0.356004838230159,0.482321959036716,0.0309312557653661,0.307888480011266,1.18606417999167,5.6211485459898,0.0227597081721504,0.0127482403926279,0.0132613675288528,0.196878363212242,0.0032324147910043,0.00234473839334898,0.268863065629085,0.0863239509240868,0.931755675026235,0.182163804070937,0.433027510059106,0.177642869357511,0.0158016216416049,0.00370198912864651,0.00289417706690061,3.22766200532188,0.526400986434208,1.38135662805034,1.09980794083781,0.0449243436627678,0.00998297059323676,0.0160818532265099,0.0188677814990889,1.91165378516249,1.53645573108977,0.00484169229694006,0.00777516015885568,0.00344113428044034,0.348853840569022,0.059955069318557,0.0769475966023518,0.0513335653918244,0.0475760879199409,0.0250481392765305,0.167653824896609,0.127196354036627,0.0320310298632716,1.06888923493206,2.24109969048651,0.105728473805128,0.825666457858395,0.0061321123357198,0.280627353423221,1.28835057230024,2.99521710948342,0.837259505901521,1.45226904859181,4.39001064067172,0,0.331872604228996,0.0706980708745124,0.23396682800861,0.0959030689157954,0.0145757695679121,0.0033529894738475,0.652060368956397,0.388080840084336
0.00223523693718633,0.00173632369736235,0.00366373062663223,0.149711570715879,0.00232963849825604,0.0349962252466002,0.250154335664912,0.0635425872450147,0.325587149503848,0.271034066375176,0.000873369898101035,0.0345232828635459,0.000364641579894751,0.0239314492451851,0.022436192429494,0.0214639798525402,0.00120681789043384,0,0.000474688216199264,0.0522416107211474,0.0217324534655831,0.0241386626485084,0.0218023548221885,0.551361988864531,0.000605402542687341,0.000655519942981705,0.0338609497375517,0.589322204257142,0.0596525598681813,0.02199834711263,0,0.00489875848973809,0.0186931257040566,0.0671686913489334,0.035516474599106,0.26883100387329,0.00653223028756808,0.124214537453431,0.0428301849465019,0.06807466085017,0.0196649942597487,0.0229899107267836,0.800278985379023,0.0240018265314454,0.608879168200906,0.203214171040845,0.261285269078451,0.0697355554854564,0.021690964599001,0.0261582278802394,0.00526874720568337,0.131698242012502,0.126614977131426,0.0125485226610906,0.338200982381016,4.61451877623825,0.393144192528429,0.553565632617543,1.63054266036625,0.0242321766105818,0.0999699245459481,0.00198608922121471,0.413473118828448,0.0840873044805189,0.123836283123766,0.0763397046549089,0.0329704038050426,0.0427234120364925,0.0155427014309066,1.80975873699975,0.0443886456308466,1.21425315058352,0.888349170487272,0.00279349729970611,0.140102694780944,0.331872604228996,0,0.655980344644324,2.1508739535429,0.00246313998283057,0.0330561940256823,0.141357841355209,0.627653212975984,0.342690899479369
0.000397735132405848,0.000897803150544228,0.000724573405381008,0.00365426954355003,0.000150579490356088,0.000910553620192272,0.022239710336589,0.00210268214931049,0.0382188565026708,0.00637309531602368,0.000507598940779567,0.00117428459583302,0.00121867969281408,0.00089191223067516,0.00146308240141909,0.00132342123207343,0.0011987070583139,0,0.00049018088400507,0.00132190807602247,0.00270952122480641,0.00164924898543897,0.00142300254072949,0.0595535375725208,0.000482951167651355,0.00267459862332724,0.0113338982949634,0.0409492700848217,0.00651393528927706,0.00220659572351445,0.000254808101598278,5.70911226368844e-05,0.00425089485039984,0.0111778835466759,0.00211400746702619,0.0308029142674589,0.000688205788008481,0.0126130715108476,0.00426675375867247,0.00671655663521013,0.00164564864986584,0.0053361583605359,0.138338013837702,0.00978770725296567,0.153380983238668,0.0317534207943719,0.0539965331255352,0.0151926361879455,0.0180271990874176,0.524254388032186,0.00105197658997656,0.00850655588854055,0.051501885931251,0.00135756525502319,0.0222638662337977,0.984201273006648,0.105457183511434,0.0275698062376739,0.44612796673498,0.291957667248967,0.197559724835262,0.021358752989987,0.713749449549437,0.0107261854091639,0.00505687316110093,0.0372441543401127,0.158944861846357,0.0672881100358851,0.042278531369799,0.0753784831654958,0.00216489498169126,0.0629712786658244,0.282908977756321,0.00071025326643956,0.16453380543134,0.0706980708745124,0.655980344644324,0,0.786217847845313,0.0464177722138712,0.069742629118518,0.129155903525491,0.73408016717246,0.0149405207486733
0,0.000960870734676896,0.0041379365392971,3.779162953493e-05,0.000130690538522064,0,0.000366956404279455,0,0.00294011977589294,2.67580003968179e-05,8.6398149112433e-05,0,0,3.32147508520782e-05,0.000123646777106344,0.00157721285235031,0.00441665402605346,4.77623496011496e-05,0.00200991242546551,0,0.00146452973470446,0.00234867945494485,0.00345085499133901,0.00396097309075731,3.23308592623919e-05,0.0087771248802994,0.0335220254051002,0.00204914229536104,0.000426402680651486,0.000325589373216033,0,0,0.000752375432941406,0.00293539718330088,0.00177893606377521,0.0104638617066288,0.00125195924862979,0.00540431754303646,0.00176192836834051,0.000531584717861384,0.000137697579157859,0.00025359417721492,0.0555773571034209,0.0127846235272743,0.182379413120589,0.0578100086932989,0.0080231300845157,0.00106201202458186,0.000141442101937294,0.251735968124517,0.00172751474143293,0.0812351517617835,0.000837544247644411,0.000956654229379446,0.00101154149958658,1.30993817173733,0.0647202049781768,0.00172320405370675,0.0107601458639632,0.044253524800253,0.00619989810477331,0.00012416870762372,0.546018809611579,0.00453388183124144,0.0147363320129867,0.659708976187657,0.0418332487028826,0.397536616439745,0.00116491080609039,2.07440685837249,0.00159589822394921,0.962465962266103,0.113939949293212,0.000628573140324935,0.317348070060031,0.23396682800861,2.1508739535429,0.786217847845313,0,0.00100961234222724,0.00129008529970354,0.106368963515671,1.06623565886902,0.0311228356951351
0,0.0197279043053848,0.00132694588229607,0,0,0.000166169629520864,0,0.000415967498025388,0.00415018776027019,0,0.181477375947619,4.28306449740529e-05,0.471738258078541,0.000577249163167835,0,0.000207725631075963,0.00189050486283669,0.0573076918775224,0.00442109617635879,0,9.3699813969433e-05,0.00501927718506297,0.000333696132025302,0.00281256645203215,0.0906596683010057,0.117907234951424,0.242659794148002,3.56505443620384e-05,0.00119621096214187,0,0.122963879706415,0.00174112405086382,0,0.00724284099174942,0.00231958588088286,0.0063238144584998,0.0449147196703911,0.0205516986250075,0.00408864385928871,0.000194847654397219,0.00029950933826217,0.00639007271502748,0.104885745225583,0.282852935310352,0.189496782550938,0.0887057271006078,0.0030684025167671,0.00338751435870395,0.0485181982748011,0.000152462651058734,0.0080529427251341,0.000316224747896657,0.00151856564723477,0,0.00149651692809471,0.00405124231286193,0.00259836426542102,0.00123293260846085,0.0105527837837494,0.116054768505653,0.00787677588535892,0.187505347947489,0.0169111947685861,0.000633947748616263,0.0013524119618757,0.00363699913955538,0.00877700420978543,0.00914939765525254,0.00218357271556981,0.000506104866412103,0.000683886533081665,0.0036542915167163,0.00360668558687081,0.0415929903912516,0.102111163110424,0.0959030689157954,0.00246313998283057,0.0464177722138712,0.00100961234222724,0,0.0393715590751998,0,0.049819493680826,0.0120316952091779
0,0.000320611884324789,0,0.000526365984675497,0,0,0.00288419264225744,3.11775950335264e-05,0.00662397445609296,0.000384964737812788,0.000377512614911914,0.000236427757249922,0.000777699846687732,0,8.31660096999407e-05,0,0,9.27872830313446e-05,8.44211613705756e-05,0.00022017697840704,0,6.834977432549e-05,0,0.00959133520043239,0.000757860556859134,0.000854027367117852,0.00167993320518766,0.00357144716397299,0.000125555483796537,4.11615465249717e-05,0.000167242300238639,0,0.000593435259015083,0.000802923334016026,0.000839695382560013,0.00222151457182999,0.000173771116959393,0.00053853126236862,0.000113048649436533,0.000821209151060608,0,0.00287604151443341,0.223236702776456,0.0130177183932341,0.129909163306351,0.00868410428089347,0.213443541228037,0.868177448260244,0.0499606064018675,0.000366197773826927,0.000416737549309194,0.000210620118900508,0.0119080336781493,0.0274422060213224,0.0238743321349524,0.0295414042261792,0.0649814970290946,0.00329922298863168,0.078264759502776,0.196092996387607,0.0352205451478507,0.0205205967342505,0.0126707591032738,0.027359098251343,7.28005296835903e-05,0.000334365465077832,0.0874305996222023,0.00557325489357077,0.00847945699178636,0.00107487847107871,0.000140028244662434,0.00132715052567589,0.013377309871219,0.000721382186232895,0.0743966728445201,0.0145757695679121,0.0330561940256823,0.069742629118518,0.00129008529970354,0.0393715590751998,0,0,0.354832205810766,0.0140557727312266
0,0,0,0,0.000157744799193621,0,0.00143866781638876,0.000209240286492169,0.00519573668915977,0.000318387383553609,0,0,0,0.000117934931497693,0.000122673161228657,0.000656820548761726,7.17413175038694e-05,0,0,0,0.000704702334476531,0.000662771291832447,0.000336520599702716,0.00705363209258473,0,7.5324642746642e-05,0.000560172004853591,0.0044605798385328,0.0014336400430347,0.00025978708775188,0,9.12876149590018e-05,0.000594519628146484,0.00145793676281512,0.000931111282621441,0.00717842443731849,0.000165631161824852,0.00193157462633791,0.00100741223295338,0.000600856528217465,0.000224513565407396,0.000524016950369373,0.00141474491381152,0.00057247183638382,0.0269474667641243,0.00561931398947673,0.000636759460123077,0.000234313486111209,0.000624929457744777,0.00699692060586584,0.000170111164268464,0.00069433098527585,6.4548835036844e-05,0.000180086908154592,0.000121586438955992,0.0738113512565352,0.00240211572862078,0.00193911262732896,0.000697934494119912,0.00107021903477937,8.95105411825775e-05,0,0.0115055566674869,0.000415836441305279,0.0014274345845139,0.00181830865726103,0.000782255742668601,0.00298165970290665,3.49171802118122e-05,0.00659152356980297,0.000682289519824147,0.00586625932714909,0.0462496215169892,0,0.00193600341273553,0.0033529894738475,0.141357841355209,0.129155903525491,0.106368963515671,0,0,0,0.129011918708268,0.00143154317757091
0.000557059406699583,0.00816414693450261,0.0329823995430083,0.00330346621543586,0.0008112384267886,0.00168839101313893,0.0187704477852142,0.00275740625529062,0.028390061184695,0.0064154638599907,0.00206372410192864,0.000521765610329256,0.00368736677823302,0.00286612741275447,0.00242075556620022,0.00709290289956781,0.0225075276398179,0.00112669548916009,0.00783946138412994,0.000699191988417327,0.00725430945153181,0.0152887914659194,0.0246589639320451,0.047242761880889,0.00262015825439072,0.0384015663347925,0.177336725639223,0.0433142198397983,0.00742326704244565,0.00513338709700339,0.00143232188858279,0.000347136686109245,0.00306858775041157,0.0214450336965317,0.00452240768732961,0.0922823868320745,0.00863333933986374,0.0379640822135464,0.0148632144791949,0.00687433748435967,0.00242599685295184,0.00445729784785419,0.118445513735825,0.0499358978466168,0.124473335231387,0.0318075854146868,0.00879011121082689,0.0111322741257612,0.0580350099540675,0.0466265614521807,0.0076729604958267,0.0391373721792563,0.0231127786162348,0.00931768069793033,0.00732172356726275,0.426529480818734,0.0417959679363204,0.0167563107625052,0.169497203998695,0.709020537025577,0.0790710875462052,0.0723028738476385,0.211640138221312,0.00432242546607886,0.0645830941050594,0.318517215679236,0.264421393614961,0.387544090606232,0.0165224885635026,1.1414821012156,0.0097229080386515,0.930067491163128,0.203867910240496,0.004567297511758,0.340250030925043,0.652060368956397,0.627653212975984,0.73408016717246,1.06623565886902,0.049819493680826,0.354832205810766,0.129011918708268,0,0.010701374913899
0.000258998385878384,0.00369705372712724,0.0103501614515579,0.000404072034579724,0.0921050684335192,0.000851750235051291,0.00906018751284515,0.000962690697028893,0.056210527266075,0.00724121491435841,0.0160802807119974,0.0158013973676856,0.00300269019952695,0.000567884110960454,0.062391031787845,0.0312960153345817,0.00858548196246948,0.0109327070141906,0.0117420040889227,0.000228164441996724,0.0300528705367501,0.0343359307736869,0.0735884513677379,0.0411328118732965,0.000314451797900408,0.0370244363462199,0.192151701662518,0.0280249606707555,0.0035554912028178,0.00848074315487272,0.00194631372956903,0.00135691864376811,0.00348429749219844,0.0189000982815617,17.1462210577426,0.227764046643377,0.176859559884914,0.0492026151037227,0.322382947888227,0.0155085187987757,0.00656480806684296,0.0241400150254991,1.32898321926024,0.4399789372167,0.131373418417484,1.05380261888234,0.0420397608343603,0.0957998348968244,0.0259029083478863,0.00335492003594175,0.00266264719128934,0.0205078078215502,0.00943392237080023,0.0593871150444524,0.0363022699499006,0.156267389129096,0.00967633152924994,0.0222380321578325,0.039758809262035,0.0216731282382464,0.0372099292505,0.00216306640166911,0.0263769731582942,0.0420850423148635,0.137773659903377,0.0127746578184106,0.043841241013444,0.0304398030999843,0.00298385979956312,0.193464385307027,0.0278498948739786,0.638936072074353,0.284119571025335,0.000732480773846088,0.0903389623583233,0.388080840084336,0.342690899479369,0.0149405207486733,0.0311228356951351,0.0120316952091779,0.0140557727312266,0.00143154317757091,0.010701374913899,0
