"Predictor","Test_Statistic","p_value","functional_ve","semi_partial_r"
"Group",149.152039981406,0,0.0255504680132501,0.131554836495555
"age_at_5y_mri",17.0753253679992,4.80552137874761e-24,0.00285529775048684,0.0332374345416019
