0,14.1172481775284,1353.33693864942,17.422261685133,12.5816827118397,211.405352503061,10252.4513221085,3469.36469605565,18.4305030703545,547.328697025776,140.460369288921,30.9374624192715,6.80095672607422,27540.5551934242,41.1722685396671,6.06033599376678,2612.03337299824,273.300666093826,780.113133281469,28.6670620441437,519.693923354149,6.00941255688667,3049.31173276901,66.127204477787,27.6525962352753,1116.59586238861,707.294538185,505.912810117006,10893.6913267076,21169.722481519,1.3512127995491,392.573819339275,52.7255837619305,539.632444709539,39.7125657200813,292.406142503023,29.7538238167763,584.742630034685,161.56322029233,61.9107945561409,26.5826955139637,23.6324573457241,10.5283537507057,0,5.10167765617371,0,2.68716889619827,0,0.812648475170135,0,8.86310505867004,0,4.36710453033447,0,0,17.3705018162727,0,13.4302797615528,1.38065260648727,0,2.98729485273361,0.556218326091766,0,1.1284236907959,8.8667012155056,0,0,0,0,1.51448959112167,0.464814633131027,1.07088232040405,13.445551276207,0,1.51417928934097,15.5564431846142,50.7866334021091,1.47432988882065,0,0,0,0.526621997356415,0.970053553581238,8.3918816447258
14.1172481775284,0,506.597213596106,47.6187032163143,2.27546435594559,3.85353803634644,16.0989380776882,2.88865545392036,2430.53459319472,0,121.763022840023,1.01769685745239,2563.66964268684,16.0614294111729,89.4607245922089,246.655179470778,886.478883296251,174.256787478924,810.341200709343,0,26.609256029129,3265.60999703407,66.7013759315014,3424.79973459244,1683.70004665852,950.908396631479,36510.137081176,429.144058287144,35.3825373351574,22.2797012329102,76.780286192894,0.975199460983276,7.06255331635475,308.941240698099,48.2738595604897,1197.66904717684,583.270894646645,585.506207227707,513.345633625984,162.571075856686,3.85351145267487,279.055333793163,310.365201979876,103.308923453093,87.7892623841763,115.515121161938,5.29074195027351,0,162.734555900097,0,4810.70023190975,48.0156406760216,0.939935564994812,0,0,3.25623300671577,0.493795871734619,27.8404388427734,9.15765297412872,170.281050264835,1.69904279708862,289.646633893251,0,0,77.4690694212914,95.9964293539524,8.1408554315567,119.342938840389,0,2.12338751554489,89.2311788201332,18.0673654079437,117.210792094469,64.3945877552032,1470.80538991094,10186.3238529265,32.4911142289639,3.07848298549652,0,111.120339989662,0,0,11.8432954251766,23.7868123054504
1353.33693864942,506.597213596106,0,2.13363528251648,2.14240756630898,39.8796504437923,3614.48842445016,577.699138820171,43.8874545693398,78.5484861731529,179.719973891973,1.89056730270386,0,1954.24858762324,31.8748880624771,35.050578802824,18990.4485379755,405.376189351082,1533.773699224,2.24838867783546,6614.43302756548,245.527243196964,20226.4647339582,78.9969546794891,5.96771442890167,41076.4684466124,44954.0705730915,646.510448098183,903.864410758018,4342.80768921971,1.81745582818985,28.9768045246601,22.6231505870819,2018.72569555044,253.424185097218,5701.7759630084,1646.00532031059,3712.20129007101,2793.31105929613,34.0491128265858,14.7790161669254,6.48591166734695,653.389864981174,154.166953653097,171.413484781981,217.351187765598,2.9457893371582,0,0,0,1000.98492950201,1067.53833565116,0,0,0,8.51903149485588,0,16.9678324759007,2.54608529806137,0.666608929634094,1.26536071300507,0,1.43404892086983,1.89435017108917,42.943506449461,222.784366548061,0,133.903796851635,0,1.67245888710022,173.627067863941,41.6533672511578,47.7781448960304,3.14237838983536,2030.55915877223,16939.1008339822,41.6697712540627,2.46237576007843,2.9296900331974,0.838737785816193,0,0,9.9243511557579,122.685301423073
17.422261685133,47.6187032163143,2.13363528251648,0,61.1287706196308,136.79965415597,570.779807716608,148.364352077246,7681.67118117213,10689.9990305603,27.8248351216316,2688.22941851616,11.2624112963676,130.27966812253,717.294550687075,10.9864268898964,2.25315609574318,2.13016456365585,0.931737035512924,28616.0472864211,4.24248874187469,187.202079296112,2.88339838385582,16463.9735139608,215.570339798927,2.27544009685516,80.7054605782032,6985.224899441,207.285047441721,21.7457858622074,0,41.0776796042919,14.4212889969349,43.8813045918941,46.79057264328,406.551968514919,8.86271902918816,157.082884132862,40.1083556711674,777.087978094816,25.6116687059402,75.3455847501755,606.164078682661,1.29569220542908,183.24240514636,34.452415317297,1325.34757992625,38.1300760805607,11.9337481856346,1.39769220352173,0,0,3475.89748230577,37.2631747424603,580.742582559586,1440.22992497683,316.469381690025,1594.72970753908,1725.75675833225,0.883367955684662,1508.30247831345,0,145.757095813751,336.398449867964,5.33268302679062,0,0,0,612.130329370499,8.23878261446953,3.44933420419693,1.90205472707748,2005.5974637568,0,0,8.34855741262436,4448.65638363361,147.713807195425,23.0179530978203,0,5.06015974283218,2.4860160946846,124.424734055996,7.18398147821426
12.5816827118397,2.27546435594559,2.14240756630898,61.1287706196308,0,3287.48124986887,154.683572351933,663.556962639093,133.840201407671,510.936381831765,13.6789128780365,1360.43709337711,1.56198740005493,106.816480308771,2962.85638591647,0,1.57539567351341,4.22608515620232,0,48.2276599407196,3.13739493489265,7.75078016519547,13.2395019829273,108.357158690691,113.395728290081,2.33889073133469,12.2799289524555,135.477626204491,75.312145203352,39.5833255648613,0.297379791736603,3405.03245261312,1.04456853866577,280.948735535145,457.420991778374,688.893881320953,22.25510597229,46.0117817223072,108.503297150135,14089.8970872164,5051.58508318663,44.8408088684082,25.3080098628998,0,2.80864751338959,3.99779236316681,124.877693414688,1.06466817855835,1.58309298753738,0,0,1.19403409957886,15.5617597103119,1.56508123874664,29.2664336562157,23.9254823029041,11.596367418766,14.56019115448,14.7868221104145,0,52.6882881224155,0,1.02165353298187,18.1658720672131,0.963687002658844,0,0,0,8.75524455308914,0,0,0,30.6326262056828,0,0,1.8842294216156,30.0492479801178,0.567765772342682,0.707473993301392,0,0,0,9.44844463467598,106.349830150604
211.405352503061,3.85353803634644,39.8796504437923,136.79965415597,3287.48124986887,0,2143.53415125608,17682.2170870602,311.483533382416,19012.4563745558,153.218342721462,7878.36965543032,12.5111089944839,2107.98649397492,3805.71659013629,0.610266983509064,32.9866559505463,9.25860324501991,6.10720950365067,320.137721508741,36.4262565970421,2.88235446810722,48.9032450020313,84.4193448424339,350.409634828568,18.4362146258354,10.1155498623848,647.135846853256,623.736232250929,291.034190446138,1.36621880531311,879.858427017927,18.701281607151,168.39707800746,2869.84976568818,2214.17947854102,64.0849882364273,403.681213796139,257.750955075026,6873.45134595037,789.799317479134,144.795539706945,132.099928796291,0,28.289163351059,10.1125144958496,469.195452600718,3.95812296867371,7.83292478322983,0,0,0,101.951351881027,13.9176160395145,132.618519425392,121.699876815081,43.9821864366531,111.470788419247,100.991247981787,0.624793291091919,243.114032864571,0.526198625564575,33.9323305487633,107.678134441376,3.92673671245575,0,0,0,51.1489922702312,3.71882295608521,0,2.18911182880402,145.561327457428,0,0,3.20150113105774,294.993351608515,22.3330276310444,11.3654525876045,0,1.44780337810516,0,24.0651962459087,286.03002473712
10252.4513221085,16.0989380776882,3614.48842445016,570.779807716608,154.683572351933,2143.53415125608,0,6941.48508174717,1254.28236082196,32290.7896833718,525.623549133539,130.046907424927,47.7208171188831,25931.6153007895,993.10392549634,26.5824850201607,946.309159368277,108.345990508795,172.8101734519,209.080703049898,6010.29360511899,71.8987565338612,2951.0322021544,894.082848131657,311.637637883425,819.962800145149,923.660707816482,56070.4760637581,9187.31492714584,26137.3481117487,7.47575128078461,835.553643494844,1132.45318123698,1295.81004589796,1744.05613037944,6849.78038290143,220.309492379427,2988.19671165943,993.468283116817,1169.32338199019,408.018291950226,200.949462622404,1466.96064645052,2.81206902861595,346.57221570611,79.3690412044525,643.921973973513,90.990235298872,24.8658944666386,9.36685627698898,6.96210324764252,11.7977060675621,943.220750629902,4.76692375540733,154.882751017809,2207.43158045411,300.949742227793,631.402027994394,657.500894606113,0.549910008907318,304.593156784773,4.61240702867508,207.101793676615,121.38038611412,36.2008064389229,1.47699248790741,0,0,109.378479748964,39.9276358783245,46.2037105858326,29.9003863930702,1855.09850639105,0,0.410340785980225,222.003630921245,4671.90071129799,264.481837004423,179.358159124851,0,0.430832415819168,15.4441471993923,221.317166984081,183.809529185295
3469.36469605565,2.88865545392036,577.699138820171,148.364352077246,663.556962639093,17682.2170870602,6941.48508174717,0,539.327379405499,19193.1928672194,214.431247085333,4444.05748176575,16.573446303606,31556.3357177228,1286.95787134767,1.71263352036476,701.588507801294,63.7789557278156,183.618133813143,1044.12851798534,333.399097412825,10.5039628744125,845.146049171686,168.33142849803,570.006611466408,316.681103169918,184.763445883989,1263.80088801682,1552.67716835439,3548.69767010212,5.14756694436073,2670.90853013098,36.4779464304447,347.053042143583,1675.66793802381,2619.32600268722,122.452930182219,534.920831918716,317.935701429844,3418.66314324737,358.92520788312,219.184315115213,332.712149590254,0,53.0562618672848,11.9751136302948,478.89993467927,8.81134867668152,16.0328935682774,3.3718221783638,0,4.11046075820923,133.778111577034,3.3500657081604,67.0572532713413,589.219428986311,10.7987251281738,259.907848358154,79.2501610815525,0.677171349525452,137.596942692995,3.08479824662209,8.56223398447037,79.4788579344749,4.05206048488617,0,0,0,31.999360948801,3.61841773986816,7.07502913475037,0,609.89665967226,0.983979552984238,0,1.30922710895538,923.682112693787,29.8090396523476,29.7182441651821,0.595862984657288,0,0.537115454673767,51.9550143182278,148.111254692078
18.4305030703545,2430.53459319472,43.8874545693398,7681.67118117213,133.840201407671,311.483533382416,1254.28236082196,539.327379405499,0,1017.22565063834,116.662402957678,3739.00787013769,1135.28961902857,303.046494036913,2330.86552554369,481.077094525099,93.3451430797577,22.94542786479,50.9323664605618,446.481703221798,108.420014560223,7428.22179087996,158.928757488728,31189.3477951884,1315.58150190115,63.2480895221233,5775.76105293632,9053.3989392221,326.580886751413,139.790728986263,25.3592438399792,150.456515669823,44.3599984645844,134.083135783672,160.901635110378,1380.26853346825,90.7135689258575,297.221273601055,138.766336470842,1323.03581345081,63.0832061171532,72.717259645462,1126.85096168518,23.4248384237289,239.166501939297,68.0764214396477,1018.2218093276,60.2968056797981,30.7058565616608,8.6077669262886,26.0581991672516,10.1662544608116,3094.4826785326,39.1746989488602,605.540977537632,1176.67270854115,580.277627587318,4377.28348350525,1294.48869022727,59.5325434803963,1343.90813958645,45.5788913369179,537.49915510416,316.70129558444,1575.65867164731,6.92060774564743,25.6195110678673,25.495988368988,398.115100562572,269.953108727932,1756.86093345284,279.936267018318,4453.72997742891,5.66206765174866,26.0265275239944,260.861313402653,5396.02932840586,538.06446775794,144.450667023659,1.10357773303986,11.5162164866924,20.3046650588512,157.989077866077,147.501483738422
547.328697025776,0,78.5484861731529,10689.9990305603,510.936381831765,19012.4563745558,32290.7896833718,19193.1928672194,1017.22565063834,0,1225.78832969069,7431.4307436049,97.9332925379276,11975.6052903682,1240.4951416254,3.30158245563507,38.0346949100494,116.481890380383,47.8532717227936,19956.7987362146,70.3212010860443,4.9711058139801,65.0649201571941,520.578574419022,542.532674789429,82.8705934286118,37.8440141677856,30754.849257499,6306.80375064909,499.644675016403,12.9038678705692,1865.72543282807,61.0297565162182,1131.27221977711,927.476753890514,6050.10199543834,284.736914008856,2468.09842517972,567.044306010008,2155.97938594222,584.045522212982,363.177480638027,390.306352704763,0,102.198212504387,14.0081855654716,762.495314240456,15.5813189744949,38.3648945987225,1.30424219369888,0,0,1079.04730838537,13.4850758612156,216.390168488026,1201.31903284788,57.9056058526039,442.220315426588,610.555943012238,2.1073003411293,667.133130908012,3.86192524433136,26.0688078999519,180.13059335947,2.94514012336731,0,1.27677583694458,0,186.936962157488,0,3.68858230113983,0,1073.62765353918,3.25823509693146,0,1.10450312495232,2108.75863805413,28.1999053359032,23.687463670969,0,0,2.28044748306274,58.3856893479824,74.2929030954838
140.460369288921,121.763022840023,179.719973891973,27.8248351216316,13.6789128780365,153.218342721462,525.623549133539,214.431247085333,116.662402957678,1225.78832969069,0,248.000309288502,4763.85095795989,671.26567363739,55.6946671903133,6.73337054252625,730.51356408,9247.27991253138,3261.8074042201,127.048307389021,213.460112184286,53.3141597211361,479.794708848,67.363773047924,770.932433992624,5849.88306409121,3238.33497208357,318.348929017782,3222.31164398789,296.632162541151,933.449595987797,690.992352992296,61.0629340708256,13344.3969335854,278.993120670319,4235.23356503248,4439.85689744353,12445.6958943009,2178.84397622943,147.517267495394,105.055617719889,5697.64530918002,31.9465554356575,299.593185514212,25.7226680219173,9.01150697469711,22.3899187445641,0,780.236466139555,0,162.57535725832,5.13721451163292,1.22036957740784,0,0,4.92182648181915,0,56.2511194050312,1.86067819595337,3142.11889487505,3.96180355548859,8019.87884458899,2.82490053772926,2.20234364271164,0.595917046070099,0.540888369083405,44.0106660425663,5.49548253417015,0.677719354629517,0,17.9057959914207,0.434943228960037,34.7864624857903,563.889406353235,1070.46316307783,2371.94281002879,18.7928998172283,36.4664924144745,2.70594447851181,1357.06239983439,15.5268922448158,0,107.590732306242,111.343142569065
30.9374624192715,1.01769685745239,1.89056730270386,2688.22941851616,1360.43709337711,7878.36965543032,130.046907424927,4444.05748176575,3739.00787013769,7431.4307436049,248.000309288502,0,17.424600571394,1804.15954455733,10487.6990525424,0,1.33519911766052,25.5811043381691,3.70415779948235,10753.6260354221,4.95066744089127,1.64626383781433,0.919698685407639,383.093220472336,279.460276305676,19.1287223696709,9.46644246578217,391.53190395236,961.737027794123,34.8101071715355,4.2325439453125,621.825652688742,0.989518165588379,182.572438925505,1113.48125466704,1119.79732692242,65.4543459117413,291.417385488749,146.036507278681,3836.73262554407,104.411352306604,126.44221046567,323.290092736483,1.20332926511765,71.8308054506779,16.8638612926006,2552.2733438313,19.7989826500416,10.0469067394733,0.621422290802002,0.972375392913818,0,981.236774206161,85.5442917644978,1003.60605761409,352.094965398312,345.916628956795,327.255738824606,932.220828264952,7.14057409763336,1979.82527276874,4.0964794754982,227.875791192055,603.979621857405,1.51059466600418,0,0,0.962044268846512,429.812558084726,2.57002663612366,0,1.11204206943512,800.999591052532,0.492459237575531,0,2.11248487234116,1150.51705113053,109.868146777153,17.8915360569954,0,19.7456367313862,0,54.5756947696209,124.458311617374
6.80095672607422,2563.66964268684,0,11.2624112963676,1.56198740005493,12.5111089944839,47.7208171188831,16.573446303606,1135.28961902857,97.9332925379276,4763.85095795989,17.424600571394,0,52.876459479332,20.5900433063507,24.7999287545681,3.37224841117859,85.097960293293,15.5622780919075,6.76231849193573,8.29969844222069,1413.8827624917,6.4068648815155,793.058717817068,6894.86147561669,412.212749391794,7232.99336901307,107.453023672104,203.904784679413,14.0838116109371,1305.22965973616,71.2901620864868,0.55843710899353,530.828131139278,8.41830384731293,207.601332992315,382.765268713236,1661.84735164046,56.3122073411942,74.1216650009155,9.44212812185287,2904.31936398149,24.090459883213,676.313250988722,68.4280126392841,10.4388750493526,2.81538045406342,0,1670.40783035755,1.19995617866516,331.430191516876,0,0,0,0,1.61880040168762,1.68283420801163,49.8985101282597,1.11555063724518,6482.30569455028,1.67889940738678,16999.5294504464,7.07539013028145,2.10843959450722,8.27572444081306,0,79.0970434248447,15.7643219232559,1.10391166806221,0,39.6046058535576,0,21.280209004879,2049.2608884573,1264.36573526263,5055.73614928126,2.97896006703377,106.503338724375,0,2165.17921310663,29.5368239879608,0,217.455629825592,2.24796038866043
27540.5551934242,16.0614294111729,1954.24858762324,130.27966812253,106.816480308771,2107.98649397492,25931.6153007895,31556.3357177228,303.046494036913,11975.6052903682,671.26567363739,1804.15954455733,52.876459479332,0,308.692412525415,8.35753002762794,2640.22054030001,259.836818665266,798.848380148411,737.848881721497,1015.92439556122,22.187066078186,3302.14191660285,205.044502094388,367.850787132978,1323.08810050786,796.091815173626,2132.12056358159,11081.5733573437,15228.6522462368,12.7224409580231,3297.74489596486,111.959692299366,945.948842853308,233.146250098944,2231.41134558618,103.791542708874,979.741815388203,409.449938416481,639.886418253183,225.908515185118,199.457418054342,257.117386341095,0,47.6099045872688,6.16383492946625,198.650591343641,6.74840414524078,18.3510904312134,0,3.1528691649437,1.12608364224434,121.146560192108,4.50352150201797,34.9347601532936,484.886292099953,15.7849437594414,213.442491441965,44.5955808460712,6.96684926748276,75.2586343288422,9.7108588218689,16.6052456498146,21.7286033928394,7.78363531827927,0,0,0,17.9394627809525,6.88677829504013,9.34863322973251,1.10887396335602,472.872299551964,1.58532571792603,0,15.2710156738758,761.512372404337,19.3014261424541,50.2301060259342,0,0,0,43.7357800900936,31.728981256485
41.1722685396671,89.4607245922089,31.8748880624771,717.294550687075,2962.85638591647,3805.71659013629,993.10392549634,1286.95787134767,2330.86552554369,1240.4951416254,55.6946671903133,10487.6990525424,20.5900433063507,308.692412525415,0,72.9512581825256,21.8522810041904,6.1000469326973,5.41595780849457,165.117339342833,883.694117695093,145.801105618477,691.449950307608,1298.22722715139,424.146764934063,24.3010605275631,281.041734665632,1645.53190276027,384.503330796957,857.020488500595,1.66431260108948,430.581090867519,58.0663354098797,115.790954351425,3367.08151385188,1198.71967920661,107.664613127708,225.867097169161,498.160140752792,5194.95515444875,236.800594180822,77.499985575676,209.650679469109,17.4672110080719,29.9355970621109,165.159452795982,299.621996790171,8.78289896249771,8.79392379522324,0,1.13396716117859,18.0934392213821,86.1782399713993,7.45774775743484,84.0144806802273,155.841867893934,48.2223169505596,136.413176953793,75.1543073654175,2.03921937942505,124.820255845785,0.587766170501709,27.1902892589569,58.0480768680573,17.3383154273033,7.7798290848732,4.08216881752014,9.34445947408676,38.8682408332825,18.5264234542847,5.84744817018509,41.9111373722553,288.631806999445,0,12.5399561524391,54.4226126670837,539.16281491518,23.121170014143,40.6009215116501,0,3.22866868972778,2.13887858390808,28.4615767300129,2529.09668555856
6.06033599376678,246.655179470778,35.050578802824,10.9864268898964,0,0.610266983509064,26.5824850201607,1.71263352036476,481.077094525099,3.30158245563507,6.73337054252625,0,24.7999287545681,8.35753002762794,72.9512581825256,0,66.2090268731117,5.48136854171753,11.2884101569653,0.550835967063904,3216.42665082216,10150.5387836695,4488.00480732322,10376.4881767929,247.169951200485,11.1311749815941,5822.70373913646,8656.04112714529,31.6338999867439,294.081485390663,2.29136654734612,2.86655604839325,8.82813686132431,52.4376582801342,425.136258333921,7148.93628388643,455.06026545167,361.145339369774,795.579595535994,18.8939141631126,8.96329772472382,56.9307426214218,358.510556012392,110.166379928589,50.8434055149555,40.869360178709,11.3643511533737,6.23969501256943,19.261534512043,4.47383224964142,33.1334367990494,94.9127289652824,7.53891253471375,1.43539619445801,0.620848417282104,68.9057214856148,17.4197461009026,153.566802471876,2.24886053800583,0,3.40393209457397,1.13200521469116,34.3895392417908,10.1148418188095,10480.4815859199,13.303748100996,0,0.48587292432785,0,773.028323471546,2318.94150641561,5656.6512953341,1999.95161443949,0,7.40427261590958,4738.30633753538,1790.90729120374,54.9196101725101,112.815984487534,0,0,9.88892871141434,57.6449098885059,192.935199022293
2612.03337299824,886.478883296251,18990.4485379755,2.25315609574318,1.57539567351341,32.9866559505463,946.309159368277,701.588507801294,93.3451430797577,38.0346949100494,730.51356408,1.33519911766052,3.37224841117859,2640.22054030001,21.8522810041904,66.2090268731117,0,2268.20144897699,16405.6182114184,2.54397398233414,767.955724418163,194.574470549822,11485.1662522554,136.666642516851,4.18579870462418,24668.2947380841,31965.6789493859,263.126221746206,4357.19873973727,5027.3770186007,3.10034129023552,33.6384503245354,290.285618394613,15378.3934705257,36.7961081564426,1043.31850543618,250.997986197472,2795.86960306764,767.644441276789,18.4399330019951,10.5964752435684,1.34744516015053,342.00556486845,86.2140807211399,79.4712759256363,114.397381156683,1.29122811555862,0,0,0,835.601959496737,632.677208393812,0,0,0,0,0,4.95842164754868,2.97305524349213,0,0.885562300682068,0.736519455909729,0,0,24.7827675938606,146.009902179241,0,97.020912528038,0,0,40.7599376738071,23.4286576509476,22.8352933526039,1.43649053573608,1793.12944167852,7843.45275491476,3.57773691415787,0,0,0.56371408700943,0,0,6.43060603737831,13.1759356856346
273.300666093826,174.256787478924,405.376189351082,2.13016456365585,4.22608515620232,9.25860324501991,108.345990508795,63.7789557278156,22.94542786479,116.481890380383,9247.27991253138,25.5811043381691,85.097960293293,259.836818665266,6.1000469326973,5.48136854171753,2268.20144897699,0,9961.93223446608,16.1930190622807,161.57306265831,14.1568553745747,675.831994086504,21.0737372636795,49.6284418106079,6097.00833883882,7240.86574432254,45.505936652422,867.336466312408,450.593658566475,162.657395392656,43.9517928957939,50.8566232025623,2983.63028496504,294.049473255873,5476.64890563488,4379.82068380713,5650.70300090313,2240.63061583042,21.6741998195648,44.9821090698242,55.4321098327637,23.8647243380547,33.3557278215885,17.9926736652851,8.9014265537262,0,0,1.19480860233307,0,134.017147898674,9.10543596744537,0,0,0,0,0,3.71975713968277,7.17175948619843,44.0605787038803,0,102.332530379295,0,0,0.650961101055145,5.55017936229706,55.8305033445358,25.1489551961422,0,0,4.35123151540756,0,0,19.8737491667271,1654.84034949541,3397.59125554562,0,0,0,97.8153287470341,0,0,0.636481523513794,126.565473228693
780.113133281469,810.341200709343,1533.773699224,0.931737035512924,0,6.10720950365067,172.8101734519,183.618133813143,50.9323664605618,47.8532717227936,3261.8074042201,3.70415779948235,15.5622780919075,798.848380148411,5.41595780849457,11.2884101569653,16405.6182114184,9961.93223446608,0,3.65171051025391,273.256073981524,26.559676527977,1788.68758320808,40.8417057693005,14.1112454533577,21743.3002224863,15035.632594049,59.5741105377674,1796.65795984864,1221.65193089843,11.6598602235317,13.0659744441509,132.898968577385,8009.96244415641,130.559124231339,2457.40470665693,1210.70407578349,2752.0966053009,1197.43840408325,16.4276840388775,11.2477337419987,13.2851530611515,211.616248309612,90.4485805928707,63.948310136795,57.1922177970409,0,0,0,0,414.971877157688,65.0082937777042,0,0,0,0,0,0,22.9267784953117,4.17171138525009,0.913195252418518,21.3403046131134,0,0,5.69875597953796,64.9310708642006,12.6457661986351,89.9251103401184,0,0,12.4609137177467,3.03225457668304,0,6.51980394124985,2775.98351496458,3871.01850631833,0,0,0,17.7502934932709,0,0,1.66650938987732,46.8026785850525
28.6670620441437,0,2.24838867783546,28616.0472864211,48.2276599407196,320.137721508741,209.080703049898,1044.12851798534,446.481703221798,19956.7987362146,127.048307389021,10753.6260354221,6.76231849193573,737.848881721497,165.117339342833,0.550835967063904,2.54397398233414,16.1930190622807,3.65171051025391,0,3.51571637392044,0.978986918926239,1.6077718436718,400.862506598234,148.608015239239,11.6897280812263,1.96569883823395,2900.85684975982,623.608784109354,29.6238660216331,0.386346191167831,189.46634209156,0.888531267642975,84.4563244581223,48.3876081705093,719.395695209503,46.0151218175888,241.277671545744,71.833294570446,275.670364618301,63.567906588316,67.9103330373764,242.33877119422,0,76.3776219785213,12.5050500631332,518.243370473385,15.2184288203716,9.15012097358704,1.60200977325439,1.82078778743744,0,621.530265361071,14.4832349717617,219.100133061409,551.566021978855,110.590769350529,204.05660623312,419.705623298883,1.54842936992645,493.928441226482,0.721366703510284,80.8790594041348,105.764559954405,3.27469998598099,0,0,0,153.573266118765,2.17355537414551,2.5760523378849,1.86137324571609,510.415306687355,0,0,1.43411815166473,1157.82797291875,61.0961138904095,13.5707966089249,0,1.65758669376373,0,54.6594146490097,5.9347773194313
519.693923354149,26.609256029129,6614.43302756548,4.24248874187469,3.13739493489265,36.4262565970421,6010.29360511899,333.399097412825,108.420014560223,70.3212010860443,213.460112184286,4.95066744089127,8.29969844222069,1015.92439556122,883.694117695093,3216.42665082216,767.955724418163,161.57306265831,273.256073981524,3.51571637392044,0,491.713453471661,60569.0623016059,2390.9068429172,241.863006263971,569.627829357982,2424.24977590144,23233.0332175791,1287.86172541976,54787.8582164347,1.62758487462997,26.0841946601868,261.224144876003,12498.7961547673,3670.60987597704,22361.2479355931,955.968198597431,16326.922826618,10674.6242034137,157.000681191683,54.2080011367798,83.7383415102959,230.527415633202,9.01006543636322,34.8870572149754,27.9770439863205,28.6232163906097,9.42823243141174,18.9126538038254,10.2910448312759,9.84944039583206,31.3747030198574,6.79409605264664,3.82507461309433,0,87.2946111559868,10.3918918073177,140.756937205791,2.34108930826187,0,10.080120742321,0,30.1572595834732,19.461118221283,1327.62815770507,0.613044023513794,0,0.458689361810684,0,502.914890348911,402.327883213758,377.807328850031,1355.11495244503,0,3.2921370267868,477.708300352097,1439.63506153226,44.8363920152187,146.062486827374,0.409644991159439,0,14.3875538706779,50.572572439909,1217.02003589272
6.00941255688667,3265.60999703407,245.527243196964,187.202079296112,7.75078016519547,2.88235446810722,71.8987565338612,10.5039628744125,7428.22179087996,4.9711058139801,53.3141597211361,1.64626383781433,1413.8827624917,22.187066078186,145.801105618477,10150.5387836695,194.574470549822,14.1568553745747,26.559676527977,0.978986918926239,491.713453471661,0,1695.26395002007,19330.8684534431,1069.90191215277,71.3997295796871,15872.8006289005,2957.55054226518,63.839760363102,121.111464172602,28.9978935420513,8.9488852918148,37.8610074222088,92.5311897695065,93.8213715553284,1501.63212165236,194.869210451841,328.894151926041,334.358519136906,240.054615229368,3.3541846871376,91.9151196479797,346.044893860817,87.7135003805161,46.5608976483345,52.4646360576153,13.7366045713425,2.36016827821732,25.237712085247,6.31857943534851,300.358803510666,73.5479328632355,21.8492648899555,0,0.934033095836639,51.8043121993542,11.228725284338,167.588491976261,3.87772989273071,36.8265871405602,2.02056658267975,94.3474462926388,16.8599808216095,1.38138961791992,5458.12497740984,15.0649830102921,2.26018595695496,6.75556617975235,0,395.037401437759,2973.72564509511,2282.96606814861,1684.35280039907,12.4179984331131,54.593054831028,6993.69022145867,1034.16638472676,39.7203938364983,75.397970020771,11.462177336216,0,8.93442732095718,26.58189702034,52.5708987116814
3049.31173276901,66.7013759315014,20226.4647339582,2.88339838385582,13.2395019829273,48.9032450020313,2951.0322021544,845.146049171686,158.928757488728,65.0649201571941,479.794708848,0.919698685407639,6.4068648815155,3302.14191660285,691.449950307608,4488.00480732322,11485.1662522554,675.831994086504,1788.68758320808,1.6077718436718,60569.0623016059,1695.26395002007,0,822.256912171841,123.86722689867,5579.49014332891,31669.2012661994,7310.65436717868,5690.42906649411,21500.3135974109,7.13746878504753,52.400365203619,382.379810035229,21277.8239827156,4394.72315952182,48361.5205698609,3781.3085218966,25745.7585181296,20831.4509010911,154.936305403709,61.5427968204021,70.3941186666489,257.552378356457,74.9320663809776,31.0271038711071,84.0281489491463,8.97175133228302,5.13482564687729,10.8221659064293,3.29190289974213,107.804226905107,639.341301321983,3.40928286314011,1.8628870844841,0,45.3347942829132,1.34999665617943,78.4907019138336,0,0,1.64417642354965,0.832633256912231,14.7747575342655,23.9149143695831,7652.30668404698,29.6840793788433,0.660681307315826,10.5966464877129,0,400.816378057003,1187.19317993522,4255.09410277009,1213.52176615596,0,76.1399632394314,9720.75725874305,836.203133821487,20.2768683433533,54.9432434439659,0,0,6.43737775087357,20.4363134503365,2409.18762823939
66.127204477787,3424.79973459244,78.9969546794891,16463.9735139608,108.357158690691,84.4193448424339,894.082848131657,168.33142849803,31189.3477951884,520.578574419022,67.363773047924,383.093220472336,793.058717817068,205.044502094388,1298.22722715139,10376.4881767929,136.666642516851,21.0737372636795,40.8417057693005,400.862506598234,2390.9068429172,19330.8684534431,822.256912171841,0,1171.80506363511,88.6952451765537,6322.60081475973,12545.5125122964,658.050085246563,763.745001077652,20.4961337447166,77.1644694209099,237.160654842854,158.167306661606,350.248098045588,2350.85028842092,230.770712316036,362.46770209074,224.928537219763,1167.42604678869,40.5502157509327,135.24783796072,2159.59715747833,21.0960364043713,531.810625016689,111.099610388279,1172.7758076787,135.563639640808,32.9966629743576,16.758963227272,60.072905421257,28.3650936186314,2660.11893287301,33.9255486726761,530.316439181566,2799.87975952029,680.055379778147,2599.62716656923,1392.87741583586,18.7641331553459,1043.91222125292,12.8070738017559,611.547332435846,292.254925489426,906.793521136045,0,1.36390399932861,1.21142074465752,369.248589903116,313.811508715153,715.017625927925,386.18332695961,5867.98526903987,5.07038030028343,14.0621333420277,1156.12237486243,8438.47138872743,686.878561943769,356.302705943584,1.61100471019745,9.41771200299263,44.4415548145771,336.700086921453,93.8571987748146
27.6525962352753,1683.70004665852,5.96771442890167,215.570339798927,113.395728290081,350.409634828568,311.637637883425,570.006611466408,1315.58150190115,542.532674789429,770.932433992624,279.460276305676,6894.86147561669,367.850787132978,424.146764934063,247.169951200485,4.18579870462418,49.6284418106079,14.1112454533577,148.608015239239,241.863006263971,1069.90191215277,123.86722689867,1171.80506363511,0,193.880828946829,11093.742813766,912.144482195377,473.816862285137,215.711847126484,189.40991538763,757.872128427029,49.0674590170383,338.941289424896,76.7327799797058,1332.87215065956,81.9023773670197,1663.29704925418,1450.68200024962,2221.21777644753,804.815989881754,1395.14840963483,671.289355129004,74.5317652821541,456.363148272038,144.969195246696,1466.0443161428,415.221848249435,662.433731496334,2.76257067918777,959.895659297705,5.01774990558624,57.016393661499,21.0832940340042,218.197337120771,352.139057993889,367.738705635071,87.0743038356304,225.992127329111,596.304698705673,358.345656007528,1440.01556351781,740.740221232176,95.330660700798,87.9341595768929,1.15808674693108,37.5091008245945,4.30998373031616,61.3358547985554,61.3314192295074,19.9387871026993,28.2538154125214,351.108924180269,1937.15725910664,375.437946975231,2666.31204068661,1260.77294903994,979.262219876051,146.269821017981,192.003046274185,194.668225675821,15.4439944028854,1107.39556527138,64.3800070285797
1116.59586238861,950.908396631479,41076.4684466124,2.27544009685516,2.33889073133469,18.4362146258354,819.962800145149,316.681103169918,63.2480895221233,82.8705934286118,5849.88306409121,19.1287223696709,412.212749391794,1323.08810050786,24.3010605275631,11.1311749815941,24668.2947380841,6097.00833883882,21743.3002224863,11.6897280812263,569.627829357982,71.3997295796871,5579.49014332891,88.6952451765537,193.880828946829,0,48195.1386307776,157.959050297737,1314.33316388726,1830.25236558914,1524.62639459968,50.3181610107422,48.7512124478817,2938.39034631848,391.911646395922,8262.09302392602,7893.02551147342,5942.85510382056,3067.82445344329,46.0743668675423,56.073108881712,191.963945835829,411.482133090496,371.508276343346,153.64322322607,157.00520503521,1.91551393270493,0.878419578075409,15.3400139212608,0,836.275012850761,96.2683272361755,0,0,0,0,0.567584156990051,14.290413826704,37.4345856010914,1118.15445965528,0,1465.37181714177,0,1.67463046312332,5.5616802573204,94.3782143294811,349.866573005915,186.15627515316,0,1.03491818904877,21.380033493042,3.80206555128098,3.36890423297882,202.27357634902,10570.8987466395,17376.1512845755,1.73437291383743,1.42153924703598,0.343544661998749,1646.64593786001,0.633449852466583,0,21.6109981834888,126.32933652401
707.294538185,36510.137081176,44954.0705730915,80.7054605782032,12.2799289524555,10.1155498623848,923.660707816482,184.763445883989,5775.76105293632,37.8440141677856,3238.33497208357,9.46644246578217,7232.99336901307,796.091815173626,281.041734665632,5822.70373913646,31965.6789493859,7240.86574432254,15035.632594049,1.96569883823395,2424.24977590144,15872.8006289005,31669.2012661994,6322.60081475973,11093.742813766,48195.1386307776,0,10433.6649183333,1164.13321790099,2194.01320075989,3185.77555853128,22.693932890892,112.965059816837,10606.319572866,2943.69941881299,47239.8422212154,9058.66886171699,22642.5801405609,19999.9769650996,449.470393836498,109.459111899137,216.49214681983,2301.50152990222,1169.02323710918,712.027592837811,839.250624716282,32.1341158151627,5.16845679283142,137.622213214636,1.15123522281647,9721.81564036012,2632.90774813294,21.0376281440258,1.4080685377121,0.609829246997833,78.038838237524,0,223.428078740835,146.998266786337,2159.15307274461,2.4038787484169,5208.08764338493,5.74687567353249,7.51253914833069,3131.26368975639,671.525220096111,512.986671984196,690.961985737085,0,85.2172245681286,1971.61132735014,4081.27842116356,982.439557313919,1721.48468258977,23389.1817869246,105505.060333192,733.012165784836,15.3912373483181,40.0661666691303,3257.9459272325,0,2.64196720719337,81.1635874211788,1353.22275552154
505.912810117006,429.144058287144,646.510448098183,6985.224899441,135.477626204491,647.135846853256,56070.4760637581,1263.80088801682,9053.3989392221,30754.849257499,318.348929017782,391.53190395236,107.453023672104,2132.12056358159,1645.53190276027,8656.04112714529,263.126221746206,45.505936652422,59.5741105377674,2900.85684975982,23233.0332175791,2957.55054226518,7310.65436717868,12545.5125122964,912.144482195377,157.959050297737,10433.6649183333,0,5654.82252249122,32406.1407600641,3.92760968208313,553.634604603052,1819.45938137174,1604.92905053496,3092.43017312884,15609.2281097174,1140.30835670233,3911.19669803977,2202.84480798244,1645.02966275811,372.646270751953,397.453091055155,3903.61126956344,16.4983748197556,893.353345006704,200.140880525112,2122.30662533641,191.146058857441,55.4800960421562,25.5856440663338,33.026493281126,37.6628167927265,4366.87744286656,37.0414396822453,629.952361285686,5928.7208814621,580.92505967617,3567.34696021676,2436.21764361858,3.73456746339798,1539.64759224653,1.13134920597076,451.458112627268,459.112396121025,1242.09339445829,0.534680128097534,0,0.41878342628479,587.246321290731,587.073422282934,714.638259261847,495.970972001553,8411.632088691,1.8962185382843,1.87272363901138,1441.0173792541,16591.3142154217,769.26023927331,875.874577730894,0.524217784404755,3.22751516103745,78.9619524776936,551.656477361917,436.383185595274
10893.6913267076,35.3825373351574,903.864410758018,207.285047441721,75.312145203352,623.736232250929,9187.31492714584,1552.67716835439,326.580886751413,6306.80375064909,3222.31164398789,961.737027794123,203.904784679413,11081.5733573437,384.503330796957,31.6338999867439,4357.19873973727,867.336466312408,1796.65795984864,623.608784109354,1287.86172541976,63.839760363102,5690.42906649411,658.050085246563,473.816862285137,1314.33316388726,1164.13321790099,5654.82252249122,0,29098.5914303958,40.3156923651695,2879.42658536136,4652.43511524796,7261.99851937592,595.829233974218,3218.77184855938,223.43644797802,3932.42196723819,859.536474764347,643.180555284023,455.336775511503,308.155957639217,328.016030460596,3.19764375686646,67.2848870754242,15.2011307477951,144.392134279013,8.57178711891174,53.055259346962,1.00806999206543,16.3105728328228,2.0221908390522,44.0912878811359,0,9.02699479460716,351.246327579021,4.28355678915977,305.68614178896,15.4692838490009,10.6552955806255,54.9057056605816,31.6685874760151,12.6207060515881,23.7715209722519,60.7878807485104,0,0,0,12.0404029488564,42.334096133709,26.7929383814335,19.87209379673,614.624135255814,4.30082511901855,12.0536979138851,55.0356398522854,995.771814256907,21.8435496091843,73.2427130937576,4.14502358436584,0,9.09592682123184,38.8885276913643,96.8651981651783
21169.722481519,22.2797012329102,4342.80768921971,21.7457858622074,39.5833255648613,291.034190446138,26137.3481117487,3548.69767010212,139.790728986263,499.644675016403,296.632162541151,34.8101071715355,14.0838116109371,15228.6522462368,857.020488500595,294.081485390663,5027.3770186007,450.593658566475,1221.65193089843,29.6238660216331,54787.8582164347,121.111464172602,21500.3135974109,763.745001077652,215.711847126484,1830.25236558914,2194.01320075989,32406.1407600641,29098.5914303958,0,4.4849593937397,249.383290380239,3286.04032588005,14163.9762505591,2512.17318934202,5615.05311357975,257.846694111824,10817.0081723034,3918.08122828603,365.40180811286,183.210489332676,91.2114198207855,135.877944469452,4.75067692995071,13.6647533774376,28.8333579301834,16.31176674366,5.54082256555557,15.4441022872925,3.66455632448196,25.5461497008801,29.5396112203598,5.77059328556061,0,0.922976970672607,40.3347092866898,4.02797773480415,101.698565274477,0,1.46304619312286,20.2650731801987,2.03469616174698,8.98551654815674,9.4616105556488,540.068090051413,1.35623252391815,0,1.04029595851898,0.943020820617676,211.175893634558,114.686440169811,160.561444222927,490.618637531996,0,29.892973035574,528.595213234425,713.138250112534,22.4105838537216,52.4361387491226,0,0,2.81737077236176,12.3933329582214,621.062998056412
1.3512127995491,76.780286192894,1.81745582818985,0,0.297379791736603,1.36621880531311,7.47575128078461,5.14756694436073,25.3592438399792,12.9038678705692,933.449595987797,4.2325439453125,1305.22965973616,12.7224409580231,1.66431260108948,2.29136654734612,3.10034129023552,162.657395392656,11.6598602235317,0.386346191167831,1.62758487462997,28.9978935420513,7.13746878504753,20.4961337447166,189.40991538763,1524.62639459968,3185.77555853128,3.92760968208313,40.3156923651695,4.4849593937397,0,13.8697209656239,0.83669102191925,74.8363915979862,17.5744477212429,397.941477149725,1007.51931932569,465.933457195759,184.234088897705,4.54351329803467,5.27703481912613,170.158739119768,3.79654896259308,108.852611631155,33.4080551564693,6.82341358065605,0,0,29.9732637405396,0,103.942556023598,0,0,0,0,0,0,2.74340015649796,0,1234.13960400224,0,2579.86919513345,0,0,1.69473552703857,0,87.0497661530972,8.74541383981705,0,0,6.10942357778549,0,0,347.691364407539,1731.75734746456,3378.69955033064,0,6.35805350542068,0,1519.73901218176,6.41259276866913,0,15.6829187273979,9.36188781261444
392.573819339275,0.975199460983276,28.9768045246601,41.0776796042919,3405.03245261312,879.858427017927,835.553643494844,2670.90853013098,150.456515669823,1865.72543282807,690.992352992296,621.825652688742,71.2901620864868,3297.74489596486,430.581090867519,2.86655604839325,33.6384503245354,43.9517928957939,13.0659744441509,189.46634209156,26.0841946601868,8.9488852918148,52.400365203619,77.1644694209099,757.872128427029,50.3181610107422,22.693932890892,553.634604603052,2879.42658536136,249.383290380239,13.8697209656239,0,9.02640578150749,7537.14575192332,242.413388967514,2715.64692306519,174.705689966679,491.423294782639,664.991100877523,1554.29620558023,8068.76915085316,303.843691706657,52.3929189443588,2.11785572767258,0,0,80.1933844983578,0,20.3002423048019,0,0,0,0.583613634109497,0,8.12037724256516,7.61434131860733,0,104.2838357687,0,3.17384046316147,21.6909129321575,8.73233157396317,0,14.9917967319489,0.761567115783691,0,0,0,0,0.809615015983582,0,0,74.0513013005257,1.54140204191208,0,0,17.7819931805134,0,1.13979780673981,0,0,0,12.8447080552578,30.1681435704231
52.7255837619305,7.06255331635475,22.6231505870819,14.4212889969349,1.04456853866577,18.701281607151,1132.45318123698,36.4779464304447,44.3599984645844,61.0297565162182,61.0629340708256,0.989518165588379,0.55843710899353,111.959692299366,58.0663354098797,8.82813686132431,290.285618394613,50.8566232025623,132.898968577385,0.888531267642975,261.224144876003,37.8610074222088,382.379810035229,237.160654842854,49.0674590170383,48.7512124478817,112.965059816837,1819.45938137174,4652.43511524796,3286.04032588005,0.83669102191925,9.02640578150749,0,1806.40553107858,116.027132123709,151.676701307297,11.8103575110435,1003.54946497083,232.829734563828,39.3872519731522,22.2083202600479,3.99982649087906,61.6649076342583,0,7.70120859146118,3.41851854324341,9.92164009809494,1.56656849384308,6.47909367084503,0,0.718332052230835,0.601532757282257,0,0,0,28.4344220459461,4.37909287214279,55.1093049943447,0,0,3.42207562923431,0,8.50015014410019,1.75972461700439,45.2924538254738,0,0,0,0,52.8541971445084,34.8292002677917,7.86281663179398,170.571857064962,0,1.21703127026558,25.4570515155792,306.19970113039,17.6721302866936,33.013740837574,0,0,0,15.4317620992661,44.4447655081749
539.632444709539,308.941240698099,2018.72569555044,43.8813045918941,280.948735535145,168.39707800746,1295.81004589796,347.053042143583,134.083135783672,1131.27221977711,13344.3969335854,182.572438925505,530.828131139278,945.948842853308,115.790954351425,52.4376582801342,15378.3934705257,2983.63028496504,8009.96244415641,84.4563244581223,12498.7961547673,92.5311897695065,21277.8239827156,158.167306661606,338.941289424896,2938.39034631848,10606.319572866,1604.92905053496,7261.99851937592,14163.9762505591,74.8363915979862,7537.14575192332,1806.40553107858,0,196.313977241516,1160.14161390066,307.474266290665,3340.41877382994,768.302197903395,156.448503136635,409.481133937836,698.321693181992,191.731125175953,29.7674087584019,48.2924485504627,19.9104062020779,77.0258987247944,0.992986559867859,119.074909389019,3.54615849256516,156.290837168694,91.5149639844894,24.0834693610668,0.426795870065689,3.64803385734558,260.60448500514,5.0534805059433,90.8476087749004,27.0143920779228,67.2681135833263,20.5260825157166,101.661852538586,11.7130376696587,6.73653125762939,41.997288107872,32.8125193715096,1.51533135771751,24.6025949120522,5.32140269875526,15.0140310227871,44.2636463940144,26.4188984632492,254.895741850138,18.9439249634743,410.216226547956,1510.10357737541,563.521701604128,10.9327775835991,43.4922822117805,23.6514449715614,0,0.657321393489838,29.0361762344837,60.4517966508865
39.7125657200813,48.2738595604897,253.424185097218,46.79057264328,457.420991778374,2869.84976568818,1744.05613037944,1675.66793802381,160.901635110378,927.476753890514,278.993120670319,1113.48125466704,8.41830384731293,233.146250098944,3367.08151385188,425.136258333921,36.7961081564426,294.049473255873,130.559124231339,48.3876081705093,3670.60987597704,93.8213715553284,4394.72315952182,350.248098045588,76.7327799797058,391.911646395922,2943.69941881299,3092.43017312884,595.829233974218,2512.17318934202,17.5744477212429,242.413388967514,116.027132123709,196.313977241516,0,13999.7506097853,2314.97111558914,559.824239253998,5622.71274971962,226.094170123339,154.392358541489,70.9289804399014,2333.83757978678,689.843739271164,213.838902115822,4136.8084692359,188.155965209007,200.71120685339,4.56222993135452,2.2774583697319,27.1124429702759,231.486380875111,4.32389658689499,344.318895429373,165.032684206963,127.834379464388,146.023725748062,104.527955472469,25.2887436151505,21.2897973954678,493.582381606102,2.89590793848038,20.9982171952724,294.098779112101,99.0635235309601,34.2711509466171,89.6261719763279,112.931433171034,0.743498504161835,299.794600248337,41.0153784155846,811.140033125877,111.79750430584,0,153.837947100401,754.096740305424,205.905632406473,32.2743906378746,161.606616854668,2.33296918869019,3.56195384263992,1.65390825271606,47.8315580189228,203866.898932755
292.406142503023,1197.66904717684,5701.7759630084,406.551968514919,688.893881320953,2214.17947854102,6849.78038290143,2619.32600268722,1380.26853346825,6050.10199543834,4235.23356503248,1119.79732692242,207.601332992315,2231.41134558618,1198.71967920661,7148.93628388643,1043.31850543618,5476.64890563488,2457.40470665693,719.395695209503,22361.2479355931,1501.63212165236,48361.5205698609,2350.85028842092,1332.87215065956,8262.09302392602,47239.8422212154,15609.2281097174,3218.77184855938,5615.05311357975,397.941477149725,2715.64692306519,151.676701307297,1160.14161390066,13999.7506097853,0,32978.9547823071,5006.24456423521,9514.31945905089,11406.1276294887,1916.15173456073,2133.277980268,4679.15424001217,224.974611669779,513.479569345713,348.850512176752,1013.78639030457,110.774707436562,77.7792770862579,24.6800879836082,1020.33173546195,1279.69013899565,222.599743098021,9.18687051534653,135.870356976986,3069.32997792959,125.848353236914,1413.53487089276,151.473000049591,30.7496675848961,419.932447344065,49.3382579088211,169.823072463274,223.960824370384,1059.7113392055,174.203782320023,11.9490203261375,162.565085887909,47.3954082131386,337.953595519066,679.029253125191,1323.75357553363,3909.86171191931,10.4284999370575,2941.39096882939,17800.5384309888,7843.11613619328,334.437245905399,822.427340447903,26.7606148123741,5.43129801750183,64.5899246633053,356.830758631229,2590.04148468375
29.7538238167763,583.270894646645,1646.00532031059,8.86271902918816,22.25510597229,64.0849882364273,220.309492379427,122.452930182219,90.7135689258575,284.736914008856,4439.85689744353,65.4543459117413,382.765268713236,103.791542708874,107.664613127708,455.06026545167,250.997986197472,4379.82068380713,1210.70407578349,46.0151218175888,955.968198597431,194.869210451841,3781.3085218966,230.770712316036,81.9023773670197,7893.02551147342,9058.66886171699,1140.30835670233,223.43644797802,257.846694111824,1007.51931932569,174.705689966679,11.8103575110435,307.474266290665,2314.97111558914,32978.9547823071,0,8850.0879099071,19940.8983817995,207.355725884438,392.378057390451,1179.27041706443,412.658840239048,89.3838065266609,64.5289971530437,151.541131794453,23.7154242396355,1.19518208503723,12.2225407660007,0.976614236831665,384.91460031271,362.110688835382,1.02195966243744,2.76625669002533,0,20.2339890003204,1.87279152870178,63.4605366885662,3.13720750808716,130.581883579493,9.24038672447205,276.01713758707,1.03655767440796,8.29633164405823,135.521912902594,109.325536757708,11.1357474625111,107.396260619164,0,11.1498389840126,86.4092518985271,175.62011423707,107.087293326855,25.8312851190567,1997.26786157489,5459.8643078208,186.79699164629,2.0395730137825,7.18265295028687,68.7085514068604,0,0,15.4545620381832,1235.36990138888
584.742630034685,585.506207227707,3712.20129007101,157.082884132862,46.0117817223072,403.681213796139,2988.19671165943,534.920831918716,297.221273601055,2468.09842517972,12445.6958943009,291.417385488749,1661.84735164046,979.741815388203,225.867097169161,361.145339369774,2795.86960306764,5650.70300090313,2752.0966053009,241.277671545744,16326.922826618,328.894151926041,25745.7585181296,362.46770209074,1663.29704925418,5942.85510382056,22642.5801405609,3911.19669803977,3932.42196723819,10817.0081723034,465.933457195759,491.423294782639,1003.54946497083,3340.41877382994,559.824239253998,5006.24456423521,8850.0879099071,0,4320.14480274916,249.839178681374,1673.06970620155,3175.08430331945,575.822344481945,44.8634870946407,93.6057835519314,86.6867558658123,207.357106566429,24.0419818162918,289.836359232664,4.75631541013718,366.25972571969,302.418886303902,64.870064675808,0.78459644317627,22.3384267687798,685.593800246716,11.2399654388428,233.101481229067,36.557048022747,171.181509494781,42.3340572714806,351.517204642296,11.3066521883011,28.3042013645172,162.768633902073,61.5820201635361,4.13229632377625,55.3657349050045,2.32194030284882,38.7630720734596,126.842325031757,208.441204577684,752.004844337702,51.7153549492359,935.741155445576,4929.75749626756,1377.94748017192,38.6365667283535,118.414409518242,60.2288703620434,0,9.01427805423737,46.04516685009,253.596139788628
161.56322029233,513.345633625984,2793.31105929613,40.1083556711674,108.503297150135,257.750955075026,993.468283116817,317.935701429844,138.766336470842,567.044306010008,2178.84397622943,146.036507278681,56.3122073411942,409.449938416481,498.160140752792,795.579595535994,767.644441276789,2240.63061583042,1197.43840408325,71.833294570446,10674.6242034137,334.358519136906,20831.4509010911,224.928537219763,1450.68200024962,3067.82445344329,19999.9769650996,2202.84480798244,859.536474764347,3918.08122828603,184.234088897705,664.991100877523,232.829734563828,768.302197903395,5622.71274971962,9514.31945905089,19940.8983817995,4320.14480274916,0,404.629773080349,1282.01105737686,793.410550147295,612.277146279812,80.8647975325584,81.8060245513916,371.565415859222,81.5872089266777,35.6137390136719,7.72076654434204,1.16829431056976,326.762466430664,326.455459415913,6.97031944990158,5.39271938800812,16.3725247979164,183.271037787199,12.4744842648506,108.497751772404,12.4640372991562,9.80120325088501,16.0513700544834,32.7438379526138,11.9152522087097,25.7786524295807,200.90150308609,47.8948501944542,0.874658286571503,57.76496514678,1.77370309829712,47.3556182980537,154.918635547161,299.981597483158,303.430189669132,3.80467236042023,856.589826762676,4989.03785657883,490.217190086842,23.3500590920448,59.1211729347706,18.3375737965107,3.02921104431152,5.25320339202881,20.1685545444489,4776.9405092597
61.9107945561409,162.571075856686,34.0491128265858,777.087978094816,14089.8970872164,6873.45134595037,1169.32338199019,3418.66314324737,1323.03581345081,2155.97938594222,147.517267495394,3836.73262554407,74.1216650009155,639.886418253183,5194.95515444875,18.8939141631126,18.4399330019951,21.6741998195648,16.4276840388775,275.670364618301,157.000681191683,240.054615229368,154.936305403709,1167.42604678869,2221.21777644753,46.0743668675423,449.470393836498,1645.02966275811,643.180555284023,365.40180811286,4.54351329803467,1554.29620558023,39.3872519731522,156.448503136635,226.094170123339,11406.1276294887,207.355725884438,249.839178681374,404.629773080349,0,1239.67847967148,1051.14380061626,830.145996510983,3.89008277654648,158.104672402143,41.7110861539841,1581.43762290478,35.9425632655621,46.2445684075356,1.92271137237549,4.60451120138168,1.42058372497559,338.695159882307,36.6664598286152,497.93324843049,908.020568042994,243.757862091064,318.324420720339,395.14939302206,6.34734043478966,777.657539874315,2.51169228553772,148.230111211538,323.401373893023,28.4493065476418,0,2.33913499116898,0.705800294876099,134.884572803974,40.5197227597237,30.3804126381874,20.7019433677197,847.561041891575,0,0.926518857479095,61.4806255102158,2019.212028265,148.431371897459,130.437169671059,0,6.16567611694336,5.0850305557251,187.804000884295,132.077328443527
26.5826955139637,3.85351145267487,14.7790161669254,25.6116687059402,5051.58508318663,789.799317479134,408.018291950226,358.92520788312,63.0832061171532,584.045522212982,105.055617719889,104.411352306604,9.44212812185287,225.908515185118,236.800594180822,8.96329772472382,10.5964752435684,44.9821090698242,11.2477337419987,63.567906588316,54.2080011367798,3.3541846871376,61.5427968204021,40.5502157509327,804.815989881754,56.073108881712,109.459111899137,372.646270751953,455.336775511503,183.210489332676,5.27703481912613,8068.76915085316,22.2083202600479,409.481133937836,154.392358541489,1916.15173456073,392.378057390451,1673.06970620155,1282.01105737686,1239.67847967148,0,304.185942292213,112.31291282177,2.16846722364426,19.7674493789673,4.29652440547943,51.2732119858265,3.64458608627319,4.03641015291214,0,0,1.08726167678833,13.8048802614212,0,10.199699819088,169.062252223492,0,41.4767743945122,7.42220723628998,1.78359788656235,12.2798673510551,0.705519437789917,1.74040561914444,9.98425328731537,10.4183561205864,0,0,0.796117305755615,3.60419058799744,2.83837926387787,2.67153662443161,5.17176818847656,145.38190472126,0,7.19898056983948,24.7271521091461,289.680606424809,2.41457545757294,22.3372736573219,0.591838777065277,0,3.76887738704681,10.4425332546234,53.0961247682571
23.6324573457241,279.055333793163,6.48591166734695,75.3455847501755,44.8408088684082,144.795539706945,200.949462622404,219.184315115213,72.717259645462,363.177480638027,5697.64530918002,126.44221046567,2904.31936398149,199.457418054342,77.499985575676,56.9307426214218,1.34744516015053,55.4321098327637,13.2851530611515,67.9103330373764,83.7383415102959,91.9151196479797,70.3941186666489,135.24783796072,1395.14840963483,191.963945835829,216.49214681983,397.453091055155,308.155957639217,91.2114198207855,170.158739119768,303.843691706657,3.99982649087906,698.321693181992,70.9289804399014,2133.277980268,1179.27041706443,3175.08430331945,793.410550147295,1051.14380061626,304.185942292213,0,56.8569830060005,9.67305475473404,10.6553506851196,3.64788919687271,123.141371369362,1.02504181861877,142.898596525192,0,2.76219391822815,0,4.41433072090149,0,5.74475699663162,31.0496910512447,11.0798252820969,25.482529759407,3.55378770828247,163.847180306911,12.7347804009914,273.875079125166,9.86141702532768,10.2007745504379,7.34593081474304,0,0,1.79921996593475,4.21404549479485,3.10679060220718,4.16727721691132,1.78546905517578,46.0871921777725,30.0965061187744,27.7224713861942,77.046439319849,164.121113330126,16.7398403286934,14.9586495757103,52.7064380645752,0,0,9.81283494830132,21.4647707939148
10.5283537507057,310.365201979876,653.389864981174,606.164078682661,25.3080098628998,132.099928796291,1466.96064645052,332.712149590254,1126.85096168518,390.306352704763,31.9465554356575,323.290092736483,24.090459883213,257.117386341095,209.650679469109,358.510556012392,342.00556486845,23.8647243380547,211.616248309612,242.33877119422,230.527415633202,346.044893860817,257.552378356457,2159.59715747833,671.289355129004,411.482133090496,2301.50152990222,3903.61126956344,328.016030460596,135.877944469452,3.79654896259308,52.3929189443588,61.6649076342583,191.731125175953,2333.83757978678,4679.15424001217,412.658840239048,575.822344481945,612.277146279812,830.145996510983,112.31291282177,56.8569830060005,0,22231.2100503147,4753.07894405723,6286.77658981085,10708.0936904848,1691.7927621007,583.02655211091,505.106624037027,712.617975145578,12567.7145553231,638.884514570236,104.600047200918,1294.36442753673,9282.21306729317,3384.03353890777,1105.4824232161,3639.65988969803,1622.72998645902,3802.2101469636,114.316626280546,6110.39816832542,765.647906124592,10238.8210732937,1758.92253604531,4954.72603723407,8092.08198478818,945.979694992304,15587.4289376736,421.429227501154,49645.2337210774,3989.48386865854,9.06721252202988,12642.9958889782,45426.8186456859,20359.0962659717,5916.50115355849,8742.03076723218,249.037872642279,392.791251808405,157.753306150436,4529.51933994889,19814.9354167581
0,103.308923453093,154.166953653097,1.29569220542908,0,0,2.81206902861595,0,23.4248384237289,0,299.593185514212,1.20332926511765,676.313250988722,0,17.4672110080719,110.166379928589,86.2140807211399,33.3557278215885,90.4485805928707,0,9.01006543636322,87.7135003805161,74.9320663809776,21.0960364043713,74.5317652821541,371.508276343346,1169.02323710918,16.4983748197556,3.19764375686646,4.75067692995071,108.852611631155,2.11785572767258,0,29.7674087584019,689.843739271164,224.974611669779,89.3838065266609,44.8634870946407,80.8647975325584,3.89008277654648,2.16846722364426,9.67305475473404,22231.2100503147,0,1372.34716585279,9674.34221854806,188.341275572777,575.575340360403,1225.83946591616,6.2037151157856,202.499798357487,707.267085433006,12.4846758842468,0,28.4870201349258,134.646092653275,105.6893684268,38.3453464508057,71.6942254304886,3119.26815745234,84.9114131033421,1759.13437649608,233.292770564556,52.2123893499374,3371.27943742275,195.759392946959,3601.46520242095,3323.58675327897,20.6153651177883,1169.14665207267,65.8922727108002,7455.35335403681,230.457261651754,31.3509083390236,11586.0548937023,6470.32113623619,714.248623162508,373.344375610352,100.015457928181,920.36767038703,75.3920138478279,4.63199657201767,5438.96859037876,2573.7638464272
5.10167765617371,87.7892623841763,171.413484781981,183.24240514636,2.80864751338959,28.289163351059,346.57221570611,53.0562618672848,239.166501939297,102.198212504387,25.7226680219173,71.8308054506779,68.4280126392841,47.6099045872688,29.9355970621109,50.8434055149555,79.4712759256363,17.9926736652851,63.948310136795,76.3776219785213,34.8870572149754,46.5608976483345,31.0271038711071,531.810625016689,456.363148272038,153.64322322607,712.027592837811,893.353345006704,67.2848870754242,13.6647533774376,33.4080551564693,0,7.70120859146118,48.2924485504627,213.838902115822,513.479569345713,64.5289971530437,93.6057835519314,81.8060245513916,158.104672402143,19.7674493789673,10.6553506851196,4753.07894405723,1372.34716585279,0,5574.86928492785,385.387774407864,1330.71533513069,435.628527760506,478.699678689241,194.485608369112,4975.28300625086,187.587453365326,7.26861119270325,183.863366961479,5655.2014747858,1088.9694968164,247.370060414076,1341.62792000175,4422.52788977325,678.549129515886,217.817033857107,2272.38159680367,103.547518461943,610.75758087635,3522.14610236883,7163.77639076114,9128.39814099669,153.406594961882,13440.7426395416,44.3385336399078,21168.0830777884,709.368781656027,2.87060421705246,5847.1244327426,13288.3823289275,6206.20407438278,4461.2700676918,7297.80023613572,210.817281484604,301.945968389511,346.808283030987,4823.33336207271,1054.88769286871
0,115.515121161938,217.351187765598,34.452415317297,3.99779236316681,10.1125144958496,79.3690412044525,11.9751136302948,68.0764214396477,14.0081855654716,9.01150697469711,16.8638612926006,10.4388750493526,6.16383492946625,165.159452795982,40.869360178709,114.397381156683,8.9014265537262,57.1922177970409,12.5050500631332,27.9770439863205,52.4646360576153,84.0281489491463,111.099610388279,144.969195246696,157.00520503521,839.250624716282,200.140880525112,15.2011307477951,28.8333579301834,6.82341358065605,0,3.41851854324341,19.9104062020779,4136.8084692359,348.850512176752,151.541131794453,86.6867558658123,371.565415859222,41.7110861539841,4.29652440547943,3.64788919687271,6286.77658981085,9674.34221854806,5574.86928492785,0,1817.85620850325,3790.01428163052,57.4566043317318,219.600063443184,207.353493660688,6886.66463774443,33.3375068306923,16.1635716855526,174.075370967388,2018.6661644876,578.391497462988,81.4603111445904,257.010168284178,870.953206807375,291.927776485682,51.9794813394547,1421.25794899464,123.372118741274,966.032261401415,1676.62621247768,3141.31391575933,3829.48617112637,36.5551802814007,8493.45827510953,42.286662042141,20741.6755347252,313.748033881187,1.19188177585602,4632.91470199823,18198.222683847,3326.06086036563,1477.89817652106,2688.55338451266,109.88865685463,327.113925099373,73.1346057057381,2208.66145795584,9121.93452200294
2.68716889619827,5.29074195027351,2.9457893371582,1325.34757992625,124.877693414688,469.195452600718,643.921973973513,478.89993467927,1018.2218093276,762.495314240456,22.3899187445641,2552.2733438313,2.81538045406342,198.650591343641,299.621996790171,11.3643511533737,1.29122811555862,0,0,518.243370473385,28.6232163906097,13.7366045713425,8.97175133228302,1172.7758076787,1466.0443161428,1.91551393270493,32.1341158151627,2122.30662533641,144.392134279013,16.31176674366,0,80.1933844983578,9.92164009809494,77.0258987247944,188.155965209007,1013.78639030457,23.7154242396355,207.357106566429,81.5872089266777,1581.43762290478,51.2732119858265,123.141371369362,10708.0936904848,188.341275572777,385.387774407864,1817.85620850325,0,528.340625584126,381.339204490185,57.3343140482903,117.307581096888,60.4165725708008,1866.49857351184,7077.28426635265,6821.85756072402,1432.03423973918,4164.25136524439,3007.13086390495,1636.39514255524,116.400022596121,5174.31790560484,47.0408019423485,2159.54118716717,3962.31659054756,107.684060126543,17.0235132277012,68.9082972407341,40.0175705552101,607.984569489956,654.528239101171,418.300865024328,742.601764023304,2275.04518941045,6.26518595218658,60.9365529119968,616.292821794748,1952.86607995629,1131.2160974741,448.820687234402,7.20003169775009,2077.67643088102,13.477331250906,1379.74603113532,643.96325340867
0,0,0,38.1300760805607,1.06466817855835,3.95812296867371,90.990235298872,8.81134867668152,60.2968056797981,15.5813189744949,0,19.7989826500416,0,6.74840414524078,8.78289896249771,6.23969501256943,0,0,0,15.2184288203716,9.42823243141174,2.36016827821732,5.13482564687729,135.563639640808,415.221848249435,0.878419578075409,5.16845679283142,191.146058857441,8.57178711891174,5.54082256555557,0,0,1.56656849384308,0.992986559867859,200.71120685339,110.774707436562,1.19518208503723,24.0419818162918,35.6137390136719,35.9425632655621,3.64458608627319,1.02504181861877,1691.7927621007,575.575340360403,1330.71533513069,3790.01428163052,528.340625584126,0,57.3396093249321,14.7929693162441,0,32.8559141457081,33.1484813094139,965.5427262187,3531.76281106472,742.184145182371,1020.68591636419,65.5354022979736,260.167900204659,62.9738339185715,123.99942445755,5.21630477905273,721.760934144258,139.240071713924,29.6600883901119,11.5248397290707,73.1270005106926,35.3025828301907,46.5666379332542,194.79893425107,1.00864535570145,147.611758679152,141.398788839579,0,97.3237716257572,103.59841132164,590.623808681965,1325.44473165274,270.146161705256,7.22807142138481,9959.70018392801,11.5523781776428,1275.26891991496,861.871646285057
0.812648475170135,162.734555900097,0,11.9337481856346,1.58309298753738,7.83292478322983,24.8658944666386,16.0328935682774,30.7058565616608,38.3648945987225,780.236466139555,10.0469067394733,1670.40783035755,18.3510904312134,8.79392379522324,19.261534512043,0,1.19480860233307,0,9.15012097358704,18.9126538038254,25.237712085247,10.8221659064293,32.9966629743576,662.433731496334,15.3400139212608,137.622213214636,55.4800960421562,53.055259346962,15.4441022872925,29.9732637405396,20.3002423048019,6.47909367084503,119.074909389019,4.56222993135452,77.7792770862579,12.2225407660007,289.836359232664,7.72076654434204,46.2445684075356,4.03641015291214,142.898596525192,583.02655211091,1225.83946591616,435.628527760506,57.4566043317318,381.339204490185,57.3396093249321,0,0.549014151096344,641.879332005978,0,9.85244897007942,2.90882456302643,28.1033781766891,91.4392594099045,64.4451965689659,148.095158457756,60.8928551375866,5580.6570160687,92.5971298217773,2363.50124835968,139.48669564724,34.1203089356422,12.6583396792412,1.06612050533295,94.4547100961208,4.28116834163666,25.5565448403358,11.6428001523018,88.621014714241,4.66136366128922,109.781048893929,1676.09691229463,472.505065768957,175.133098840714,286.120256394148,534.351913690567,18.3384333848953,205.677399605513,209.301695585251,1.27519512176514,2468.64801901579,23.0651162564754
0,0,0,1.39769220352173,0,0,9.36685627698898,3.3718221783638,8.6077669262886,1.30424219369888,0,0.621422290802002,1.19995617866516,0,0,4.47383224964142,0,0,0,1.60200977325439,10.2910448312759,6.31857943534851,3.29190289974213,16.758963227272,2.76257067918777,0,1.15123522281647,25.5856440663338,1.00806999206543,3.66455632448196,0,0,0,3.54615849256516,2.2774583697319,24.6800879836082,0.976614236831665,4.75631541013718,1.16829431056976,1.92271137237549,0,0,505.106624037027,6.2037151157856,478.699678689241,219.600063443184,57.3343140482903,14.7929693162441,0.549014151096344,0,0.498607337474823,313.847073465586,5.88838738203049,0,23.5246274471283,6743.60183376074,828.184236496687,4.64716699719429,111.613208442926,9.57776999473572,38.9187762141228,0,10893.7915344834,18.0835198163986,5.29587346315384,400.010212779045,16.6413954496384,125.310903072357,15.0840132236481,167.61845177412,2.42407232522964,450.529808431864,46.2514352798462,0,114.142664641142,88.3161872029305,486.321247696877,8605.08919161558,4082.11457723379,0.375365853309631,3.6187891960144,99.7992650866508,602.939814180136,80.1810748577118
8.86310505867004,4810.70023190975,1000.98492950201,0,0,0,6.96210324764252,0,26.0581991672516,0,162.57535725832,0.972375392913818,331.430191516876,3.1528691649437,1.13396716117859,33.1334367990494,835.601959496737,134.017147898674,414.971877157688,1.82078778743744,9.84944039583206,300.358803510666,107.804226905107,60.072905421257,959.895659297705,836.275012850761,9721.81564036012,33.026493281126,16.3105728328228,25.5461497008801,103.942556023598,0,0.718332052230835,156.290837168694,27.1124429702759,1020.33173546195,384.91460031271,366.25972571969,326.762466430664,4.60451120138168,0,2.76219391822815,712.617975145578,202.499798357487,194.485608369112,207.353493660688,117.307581096888,0,641.879332005978,0.498607337474823,0,28.242237508297,0.384973376989365,8.51201409101486,0.472546219825745,10.8012258708477,1.19174140691757,1490.6065877676,6.42443931102753,140.652893960476,0,1595.64079061151,2.44121527671814,8.85578587651253,620.769170343876,140.779088288546,19.1823644638062,208.31453037262,0,2.73814427852631,1006.73491555452,23.0417734086514,1694.42218181491,300.393976926804,892.633331507444,35863.5514635742,348.994558811188,13.7171231508255,8.18396472930908,58.0045357942581,0.795849919319153,0,23.2841782271862,39.7216930389404
0,48.0156406760216,1067.53833565116,0,1.19403409957886,0,11.7977060675621,4.11046075820923,10.1662544608116,0,5.13721451163292,0,0,1.12608364224434,18.0934392213821,94.9127289652824,632.677208393812,9.10543596744537,65.0082937777042,0,31.3747030198574,73.5479328632355,639.341301321983,28.3650936186314,5.01774990558624,96.2683272361755,2632.90774813294,37.6628167927265,2.0221908390522,29.5396112203598,0,0,0.601532757282257,91.5149639844894,231.486380875111,1279.69013899565,362.110688835382,302.418886303902,326.455459415913,1.42058372497559,1.08726167678833,0,12567.7145553231,707.267085433006,4975.28300625086,6886.66463774443,60.4165725708008,32.8559141457081,0,313.847073465586,28.242237508297,0,2.25131794810295,1.71413546800613,5.91440925002098,5900.13580727577,2251.13145187497,7.30345433950424,29.9580833315849,15.538508951664,4.89566761255264,0.535237073898315,4653.1562076509,22.5030247569084,12.0485699474812,22888.4536519647,69.3488937616348,1601.9081133604,0,3302.14487874508,6.52141696214676,60575.9353732765,25.0707269012928,0,26000.2512488365,23866.7551220655,2249.07157638669,626.74327544868,2411.47513753176,1.53829118609428,1.45481276512146,16.4984748959541,919.913856059313,894.352142333984
4.36710453033447,0.939935564994812,0,3475.89748230577,15.5617597103119,101.951351881027,943.220750629902,133.778111577034,3094.4826785326,1079.04730838537,1.22036957740784,981.236774206161,0,121.146560192108,86.1782399713993,7.53891253471375,0,0,0,621.530265361071,6.79409605264664,21.8492648899555,3.40928286314011,2660.11893287301,57.016393661499,0,21.0376281440258,4366.87744286656,44.0912878811359,5.77059328556061,0,0.583613634109497,0,24.0834693610668,4.32389658689499,222.599743098021,1.02195966243744,64.870064675808,6.97031944990158,338.695159882307,13.8048802614212,4.41433072090149,638.884514570236,12.4846758842468,187.587453365326,33.3375068306923,1866.49857351184,33.1484813094139,9.85244897007942,5.88838738203049,0.384973376989365,2.25131794810295,0,178.730395317078,1288.29825511575,254.50067037344,1042.73753163218,7304.00338456035,11799.152895838,63.1174123287201,5870.07646223903,2.08933499455452,637.014381110668,492.880393117666,0,1.74102264642715,37.6409718394279,27.2853932678699,50372.4017657936,3.52441602945328,13.1589614748955,14.6004050970078,22194.9750246406,0,8.33619222044945,26.8520424664021,5571.13942694664,732.066049724817,12.5593269765377,0.413638740777969,35.8187377154827,9.90769627690315,181.911289513111,54.0135369300842
0,0,0,37.2631747424603,1.56508123874664,13.9176160395145,4.76692375540733,3.3500657081604,39.1746989488602,13.4850758612156,0,85.5442917644978,0,4.50352150201797,7.45774775743484,1.43539619445801,0,0,0,14.4832349717617,3.82507461309433,0,1.8628870844841,33.9255486726761,21.0832940340042,0,1.4080685377121,37.0414396822453,0,0,0,0,0,0.426795870065689,344.318895429373,9.18687051534653,2.76625669002533,0.78459644317627,5.39271938800812,36.6664598286152,0,0,104.600047200918,0,7.26861119270325,16.1635716855526,7077.28426635265,965.5427262187,2.90882456302643,0,8.51201409101486,1.71413546800613,178.730395317078,0,1233.99457713962,24.3343553543091,95.3694140017033,387.740118980408,50.1443752646446,2.98554226756096,341.444737702608,1.69013297557831,31.0402237772942,2424.62996590137,3.70445817708969,1.36690664291382,3.15174740552902,2.03473478555679,22.967892408371,18.6749497056007,16.8500689864159,39.2852010726929,285.01804959774,0,2.66588455438614,18.62089407444,84.9687461555004,9.92876669764519,5.81014639139175,0,479.583757042885,0,59.1165536046028,130.834857881069
0,0,0,580.742582559586,29.2664336562157,132.618519425392,154.882751017809,67.0572532713413,605.540977537632,216.390168488026,0,1003.60605761409,0,34.9347601532936,84.0144806802273,0.620848417282104,0,0,0,219.100133061409,0,0.934033095836639,0,530.316439181566,218.197337120771,0,0.609829246997833,629.952361285686,9.02699479460716,0.922976970672607,0,8.12037724256516,0,3.64803385734558,165.032684206963,135.870356976986,0,22.3384267687798,16.3725247979164,497.93324843049,10.199699819088,5.74475699663162,1294.36442753673,28.4870201349258,183.863366961479,174.075370967388,6821.85756072402,3531.76281106472,28.1033781766891,23.5246274471283,0.472546219825745,5.91440925002098,1288.29825511575,1233.99457713962,0,689.422013550997,18312.0893775821,1129.52644789219,19123.4329785705,53.1516098976135,8582.99830386043,4.93275240063667,1167.86810564995,4545.2967095077,3.33965802192688,2.58514985442162,42.7234582901001,12.2587732970715,826.660458981991,28.8545198440552,10.0472249984741,22.1222559511662,522.496786683798,0,18.1303526163101,9.18993881344795,2858.55718851089,642.182993561029,57.7198778986931,0,168.604554116726,2.54100212454796,247.39500272274,1795.9515632391
17.3705018162727,3.25623300671577,8.51903149485588,1440.22992497683,23.9254823029041,121.699876815081,2207.43158045411,589.219428986311,1176.67270854115,1201.31903284788,4.92182648181915,352.094965398312,1.61880040168762,484.886292099953,155.841867893934,68.9057214856148,0,0,0,551.566021978855,87.2946111559868,51.8043121993542,45.3347942829132,2799.87975952029,352.139057993889,0,78.038838237524,5928.7208814621,351.246327579021,40.3347092866898,0,7.61434131860733,28.4344220459461,260.60448500514,127.834379464388,3069.32997792959,20.2339890003204,685.593800246716,183.271037787199,908.020568042994,169.062252223492,31.0496910512447,9282.21306729317,134.646092653275,5655.2014747858,2018.6661644876,1432.03423973918,742.184145182371,91.4392594099045,6743.60183376074,10.8012258708477,5900.13580727577,254.50067037344,24.3343553543091,689.422013550997,0,23921.6680370867,967.35826548934,20815.9184242189,445.009621709585,596.355518847704,15.2494322061539,53340.0878749788,600.648206293583,35.8547824323177,4735.70941376686,583.654236912727,1141.46183043718,134.954315632582,7182.27401232719,47.6652466654778,12255.8609249294,1176.39458394051,0.547962844371796,1021.73317986727,2128.58360868692,36865.1048681438,16530.492526263,32053.3819212615,4.21915337443352,116.108865588903,868.502306550741,4227.19219753146,2357.01388013363
0,0.493795871734619,0,316.469381690025,11.596367418766,43.9821864366531,300.949742227793,10.7987251281738,580.277627587318,57.9056058526039,0,345.916628956795,1.68283420801163,15.7849437594414,48.2223169505596,17.4197461009026,0,0,0,110.590769350529,10.3918918073177,11.228725284338,1.34999665617943,680.055379778147,367.738705635071,0.567584156990051,0,580.92505967617,4.28355678915977,4.02797773480415,0,0,4.37909287214279,5.0534805059433,146.023725748062,125.848353236914,1.87279152870178,11.2399654388428,12.4744842648506,243.757862091064,0,11.0798252820969,3384.03353890777,105.6893684268,1088.9694968164,578.391497462988,4164.25136524439,1020.68591636419,64.4451965689659,828.184236496687,1.19174140691757,2251.13145187497,1042.73753163218,95.3694140017033,18312.0893775821,23921.6680370867,0,608.309738636017,16878.1970448494,146.860228687525,7913.18050515652,7.90548917651176,26188.925516516,870.624454379082,19.5245654582977,639.808455646038,63.0749444067478,99.2527326345444,1731.82099321485,497.896212160587,7.94792824983597,1318.69475257397,919.171894937754,0,539.006476551294,138.983119696379,4984.55293613672,2482.52606099844,1027.34573420882,3.53304985165596,1463.75311857462,79.9289517998695,904.989010691643,1827.39457422495
13.4302797615528,27.8404388427734,16.9678324759007,1594.72970753908,14.56019115448,111.470788419247,631.402027994394,259.907848358154,4377.28348350525,442.220315426588,56.2511194050312,327.255738824606,49.8985101282597,213.442491441965,136.413176953793,153.566802471876,4.95842164754868,3.71975713968277,0,204.05660623312,140.756937205791,167.588491976261,78.4907019138336,2599.62716656923,87.0743038356304,14.290413826704,223.428078740835,3567.34696021676,305.68614178896,101.698565274477,2.74340015649796,104.2838357687,55.1093049943447,90.8476087749004,104.527955472469,1413.53487089276,63.4605366885662,233.101481229067,108.497751772404,318.324420720339,41.4767743945122,25.482529759407,1105.4824232161,38.3453464508057,247.370060414076,81.4603111445904,3007.13086390495,65.5354022979736,148.095158457756,4.64716699719429,1490.6065877676,7.30345433950424,7304.00338456035,387.740118980408,1129.52644789219,967.35826548934,608.309738636017,0,1365.93657186627,55.0763585269451,3131.41269651055,580.860797971487,475.454927653074,1459.01394614577,168.245360285044,7.37384501099586,48.7664105296135,34.011138021946,688.470835834742,10.4491530656815,10321.3984659612,38.1011061370373,25536.0565719306,58.3440804481506,136.868069648743,4146.54799515009,6383.9126330018,504.598363757133,95.7036410272121,5.29547852277756,104.532494723797,20.8466119766235,177.174973756075,137.337076842785
1.38065260648727,9.15765297412872,2.54608529806137,1725.75675833225,14.7868221104145,100.991247981787,657.500894606113,79.2501610815525,1294.48869022727,610.555943012238,1.86067819595337,932.220828264952,1.11555063724518,44.5955808460712,75.1543073654175,2.24886053800583,2.97305524349213,7.17175948619843,22.9267784953117,419.705623298883,2.34108930826187,3.87772989273071,0,1392.87741583586,225.992127329111,37.4345856010914,146.998266786337,2436.21764361858,15.4692838490009,0,0,0,0,27.0143920779228,25.2887436151505,151.473000049591,3.13720750808716,36.557048022747,12.4640372991562,395.14939302206,7.42220723628998,3.55378770828247,3639.65988969803,71.6942254304886,1341.62792000175,257.010168284178,1636.39514255524,260.167900204659,60.8928551375866,111.613208442926,6.42443931102753,29.9580833315849,11799.152895838,50.1443752646446,19123.4329785705,20815.9184242189,16878.1970448494,1365.93657186627,0,407.481050938368,24517.0923622251,11.1922526061535,6552.85350447893,597.550922870636,1.74019694328308,35.0530035197735,380.824391722679,307.8608263731,26495.2891575396,21.5059134960175,1.05235707759857,55.7659476995468,1010.99292597175,0,286.173596292734,105.275465399027,30697.1220622063,6159.30402767658,98.9179894328117,2.87590509653091,76.1262847185135,22.162142932415,1143.21728593111,460.746451288462
0,170.281050264835,0.666608929634094,0.883367955684662,0,0.624793291091919,0.549910008907318,0.677171349525452,59.5325434803963,2.1073003411293,3142.11889487505,7.14057409763336,6482.30569455028,6.96684926748276,2.03921937942505,0,0,44.0605787038803,4.17171138525009,1.54842936992645,0,36.8265871405602,0,18.7641331553459,596.304698705673,1118.15445965528,2159.15307274461,3.73456746339798,10.6552955806255,1.46304619312286,1234.13960400224,3.17384046316147,0,67.2681135833263,21.2897973954678,30.7496675848961,130.581883579493,171.181509494781,9.80120325088501,6.34734043478966,1.78359788656235,163.847180306911,1622.72998645902,3119.26815745234,4422.52788977325,870.953206807375,116.400022596121,62.9738339185715,5580.6570160687,9.57776999473572,140.652893960476,15.538508951664,63.1174123287201,2.98554226756096,53.1516098976135,445.009621709585,146.860228687525,55.0763585269451,407.481050938368,0,594.843194484711,3930.35773339868,571.768539577723,24.1370895504951,4.29743164777756,55.1885806322098,10956.6523897946,550.597488552332,115.174378305674,76.1454716324806,14.0153037905693,107.47022497654,101.997263103724,230.624324381351,4120.31788277626,434.996681272984,220.299279749393,7394.25030714273,74.6307705640793,568.147106289864,2143.93521592021,8.19807091355324,10989.1275595874,222.636693060398
2.98729485273361,1.69904279708862,1.26536071300507,1508.30247831345,52.6882881224155,243.114032864571,304.593156784773,137.596942692995,1343.90813958645,667.133130908012,3.96180355548859,1979.82527276874,1.67889940738678,75.2586343288422,124.820255845785,3.40393209457397,0.885562300682068,0,0.913195252418518,493.928441226482,10.080120742321,2.02056658267975,1.64417642354965,1043.91222125292,358.345656007528,0,2.4038787484169,1539.64759224653,54.9057056605816,20.2650731801987,0,21.6909129321575,3.42207562923431,20.5260825157166,493.582381606102,419.932447344065,9.24038672447205,42.3340572714806,16.0513700544834,777.657539874315,12.2798673510551,12.7347804009914,3802.2101469636,84.9114131033421,678.549129515886,291.927776485682,5174.31790560484,123.99942445755,92.5971298217773,38.9187762141228,0,4.89566761255264,5870.07646223903,341.444737702608,8582.99830386043,596.355518847704,7913.18050515652,3131.41269651055,24517.0923622251,594.843194484711,0,15.6784970760345,5475.30739116669,4215.87158659101,1.50082457065582,11.3355876505375,419.54356059432,169.806033551693,15880.4873762131,12.4669641852379,3.22296410799026,30.8833666145802,1247.84984597564,0.5335333943367,150.515520334244,31.2705641388893,1687.89038163424,3756.26241257787,49.5810622572899,2.61454492807388,164.069755673409,1.37106388807297,683.303892165422,1297.35895654559
0.556218326091766,289.646633893251,0,0,0,0.526198625564575,4.61240702867508,3.08479824662209,45.5788913369179,3.86192524433136,8019.87884458899,4.0964794754982,16999.5294504464,9.7108588218689,0.587766170501709,1.13200521469116,0.736519455909729,102.332530379295,21.3403046131134,0.721366703510284,0,94.3474462926388,0.832633256912231,12.8070738017559,1440.01556351781,1465.37181714177,5208.08764338493,1.13134920597076,31.6685874760151,2.03469616174698,2579.86919513345,8.73233157396317,0,101.661852538586,2.89590793848038,49.3382579088211,276.01713758707,351.517204642296,32.7438379526138,2.51169228553772,0.705519437789917,273.875079125166,114.316626280546,1759.13437649608,217.817033857107,51.9794813394547,47.0408019423485,5.21630477905273,2363.50124835968,0,1595.64079061151,0.535237073898315,2.08933499455452,1.69013297557831,4.93275240063667,15.2494322061539,7.90548917651176,580.860797971487,11.1922526061535,3930.35773339868,15.6784970760345,0,39.2016060948372,2.9355531334877,78.9340881705284,0.947353631258011,103.613474756479,15.587340593338,6.44610330462456,0.923546433448792,295.217190623283,1.44277608394623,392.455052793026,4335.88465613127,362.17805570364,6036.76070725918,99.4581851363182,506.440582603216,0,1113.99228358269,170.645081877708,0,672.767716020346,6.44817698001862
0,0,1.43404892086983,145.757095813751,1.02165353298187,33.9323305487633,207.101793676615,8.56223398447037,537.49915510416,26.0688078999519,2.82490053772926,227.875791192055,7.07539013028145,16.6052456498146,27.1902892589569,34.3895392417908,0,0,0,80.8790594041348,30.1572595834732,16.8599808216095,14.7747575342655,611.547332435846,740.740221232176,0,5.74687567353249,451.458112627268,12.6207060515881,8.98551654815674,0,0,8.50015014410019,11.7130376696587,20.9982171952724,169.823072463274,1.03655767440796,11.3066521883011,11.9152522087097,148.230111211538,1.74040561914444,9.86141702532768,6110.39816832542,233.292770564556,2272.38159680367,1421.25794899464,2159.54118716717,721.760934144258,139.48669564724,10893.7915344834,2.44121527671814,4653.1562076509,637.014381110668,31.0402237772942,1167.86810564995,53340.0878749788,26188.925516516,475.454927653074,6552.85350447893,571.768539577723,5475.30739116669,39.2016060948372,0,470.26598238945,39.1560640633106,2211.22558704019,322.203660070896,490.227212488651,1133.87958139181,1325.93421888351,19.0668035447598,3159.73366755247,677.554681956768,0,1280.52080827951,467.092810541391,3328.56127402186,10065.1692712307,4851.26063874364,14.2251306474209,79.6033430695534,225.518938034773,2261.01986822486,690.694840759039
1.1284236907959,0,1.89435017108917,336.398449867964,18.1658720672131,107.678134441376,121.38038611412,79.4788579344749,316.70129558444,180.13059335947,2.20234364271164,603.979621857405,2.10843959450722,21.7286033928394,58.0480768680573,10.1148418188095,0,0,0,105.764559954405,19.461118221283,1.38138961791992,23.9149143695831,292.254925489426,95.330660700798,1.67463046312332,7.51253914833069,459.112396121025,23.7715209722519,9.4616105556488,0,14.9917967319489,1.75972461700439,6.73653125762939,294.098779112101,223.960824370384,8.29633164405823,28.3042013645172,25.7786524295807,323.401373893023,9.98425328731537,10.2007745504379,765.647906124592,52.2123893499374,103.547518461943,123.372118741274,3962.31659054756,139.240071713924,34.1203089356422,18.0835198163986,8.85578587651253,22.5030247569084,492.880393117666,2424.62996590137,4545.2967095077,600.648206293583,870.624454379082,1459.01394614577,597.550922870636,24.1370895504951,4215.87158659101,2.9355531334877,470.26598238945,0,46.4737846851349,3.99096828699112,24.2382879555225,22.4584279060364,207.260291486979,204.280535519123,42.892547160387,196.790856122971,805.185897558928,0,12.8888238072395,115.626928061247,799.990236014128,291.338668048382,223.031861305237,0,449.002925395966,6.17990803718567,116.166396975517,1023.59400498867
8.8667012155056,77.4690694212914,42.943506449461,5.33268302679062,0.963687002658844,3.92673671245575,36.2008064389229,4.05206048488617,1575.65867164731,2.94514012336731,0.595917046070099,1.51059466600418,8.27572444081306,7.78363531827927,17.3383154273033,10480.4815859199,24.7827675938606,0.650961101055145,5.69875597953796,3.27469998598099,1327.62815770507,5458.12497740984,7652.30668404698,906.793521136045,87.9341595768929,5.5616802573204,3131.26368975639,1242.09339445829,60.7878807485104,540.068090051413,1.69473552703857,0.761567115783691,45.2924538254738,41.997288107872,99.0635235309601,1059.7113392055,135.521912902594,162.768633902073,200.90150308609,28.4493065476418,10.4183561205864,7.34593081474304,10238.8210732937,3371.27943742275,610.75758087635,966.032261401415,107.684060126543,29.6600883901119,12.6583396792412,5.29587346315384,620.769170343876,12.0485699474812,0,3.70445817708969,3.33965802192688,35.8547824323177,19.5245654582977,168.245360285044,1.74019694328308,4.29743164777756,1.50082457065582,78.9340881705284,39.1560640633106,46.4737846851349,0,21.4450580775738,7.36051645874977,28.9866116642952,0,7703.31659784913,12034.4290835559,3063.36973297596,8062.95555904508,6.22888559103012,51.0227964818478,7051.30898115039,4508.07414528728,88.6846946775913,148.792084902525,3.45575004816055,0.700821280479431,22.5161582231522,153.103022068739,845.04716950655
0,95.9964293539524,222.784366548061,0,0,0,1.47699248790741,0,6.92060774564743,0,0.540888369083405,0,0,0,7.7798290848732,13.303748100996,146.009902179241,5.55017936229706,64.9310708642006,0,0.613044023513794,15.0649830102921,29.6840793788433,0,1.15808674693108,94.3782143294811,671.525220096111,0.534680128097534,0,1.35623252391815,0,0,0,32.8125193715096,34.2711509466171,174.203782320023,109.325536757708,61.5820201635361,47.8948501944542,0,0,0,1758.92253604531,195.759392946959,3522.14610236883,1676.62621247768,17.0235132277012,11.5248397290707,1.06612050533295,400.010212779045,140.779088288546,22888.4536519647,1.74102264642715,1.36690664291382,2.58514985442162,4735.70941376686,639.808455646038,7.37384501099586,35.0530035197735,55.1885806322098,11.3355876505375,0.947353631258011,2211.22558704019,3.99096828699112,21.4450580775738,0,123.013966530561,3648.21535602212,2.57363867759705,1866.80872423947,22.5418916940689,22141.2028847337,33.6728208959103,0,3053.38975992799,27162.6232274175,1547.88961872458,503.127043485641,3732.52814009786,5.95539021492004,0,16.446397870779,5808.0576081574,104.587938964367
0,8.1408554315567,0,0,0,0,0,0,25.6195110678673,1.27677583694458,44.0106660425663,0,79.0970434248447,0,4.08216881752014,0,0,55.8305033445358,12.6457661986351,0,0,2.26018595695496,0.660681307315826,1.36390399932861,37.5091008245945,349.866573005915,512.986671984196,0,0,0,87.0497661530972,0,0,1.51533135771751,89.6261719763279,11.9490203261375,11.1357474625111,4.13229632377625,0.874658286571503,2.33913499116898,0,0,4954.72603723407,3601.46520242095,7163.77639076114,3141.31391575933,68.9082972407341,73.1270005106926,94.4547100961208,16.6413954496384,19.1823644638062,69.3488937616348,37.6409718394279,3.15174740552902,42.7234582901001,583.654236912727,63.0749444067478,48.7664105296135,380.824391722679,10956.6523897946,419.54356059432,103.613474756479,322.203660070896,24.2382879555225,7.36051645874977,123.013966530561,0,3431.05963486433,97.6878660917282,137.384872049093,3.5621046423912,256.985884457827,77.9943600296974,0.629102945327759,6908.71913057566,1391.15823033452,255.299472540617,2286.64293655753,145.440718412399,216.414578050375,252.903849989176,20.8729287683964,3467.19308155775,664.731808573008
0,119.342938840389,133.903796851635,0,0,0,0,0,25.495988368988,0,5.49548253417015,0.962044268846512,15.7643219232559,0,9.34445947408676,0.48587292432785,97.020912528038,25.1489551961422,89.9251103401184,0,0.458689361810684,6.75556617975235,10.5966464877129,1.21142074465752,4.30998373031616,186.15627515316,690.961985737085,0.41878342628479,0,1.04029595851898,8.74541383981705,0,0,24.6025949120522,112.931433171034,162.565085887909,107.396260619164,55.3657349050045,57.76496514678,0.705800294876099,0.796117305755615,1.79921996593475,8092.08198478818,3323.58675327897,9128.39814099669,3829.48617112637,40.0175705552101,35.3025828301907,4.28116834163666,125.310903072357,208.31453037262,1601.9081133604,27.2853932678699,2.03473478555679,12.2587732970715,1141.46183043718,99.2527326345444,34.011138021946,307.8608263731,550.597488552332,169.806033551693,15.587340593338,490.227212488651,22.4584279060364,28.9866116642952,3648.21535602212,3431.05963486433,0,45.6515424251556,925.502409353852,13.0281945168972,3185.58810903132,72.1452580988407,0,23280.9567731023,9022.31300312281,468.126626014709,710.96292963624,1092.5097437501,26.3352034091949,24.9853868484497,21.5428471565247,6625.679572016,605.377433627844
0,0,0,612.130329370499,8.75524455308914,51.1489922702312,109.378479748964,31.999360948801,398.115100562572,186.936962157488,0.677719354629517,429.812558084726,1.10391166806221,17.9394627809525,38.8682408332825,0,0,0,0,153.573266118765,0,0,0,369.248589903116,61.3358547985554,0,0,587.246321290731,12.0404029488564,0.943020820617676,0,0,0,5.32140269875526,0.743498504161835,47.3954082131386,0,2.32194030284882,1.77370309829712,134.884572803974,3.60419058799744,4.21404549479485,945.979694992304,20.6153651177883,153.406594961882,36.5551802814007,607.984569489956,46.5666379332542,25.5565448403358,15.0840132236481,0,0,50372.4017657936,22.967892408371,826.660458981991,134.954315632582,1731.82099321485,688.470835834742,26495.2891575396,115.174378305674,15880.4873762131,6.44610330462456,1133.87958139181,207.260291486979,0,2.57363867759705,97.6878660917282,45.6515424251556,0,0.410322636365891,0,0,712.408803492785,0,37.8609695732594,8.11829373240471,3722.09488785267,1009.84748116136,5.3819862306118,0.894286900758743,28.9066874086857,0,202.232342660427,52.8819318115711
1.51448959112167,2.12338751554489,1.67245888710022,8.23878261446953,0,3.71882295608521,39.9276358783245,3.61841773986816,269.953108727932,0,0,2.57002663612366,0,6.88677829504013,18.5264234542847,773.028323471546,0,0,0,2.17355537414551,502.914890348911,395.037401437759,400.816378057003,313.811508715153,61.3314192295074,1.03491818904877,85.2172245681286,587.073422282934,42.334096133709,211.175893634558,0,0.809615015983582,52.8541971445084,15.0140310227871,299.794600248337,337.953595519066,11.1498389840126,38.7630720734596,47.3556182980537,40.5197227597237,2.83837926387787,3.10679060220718,15587.4289376736,1169.14665207267,13440.7426395416,8493.45827510953,654.528239101171,194.79893425107,11.6428001523018,167.61845177412,2.73814427852631,3302.14487874508,3.52441602945328,18.6749497056007,28.8545198440552,7182.27401232719,497.896212160587,10.4491530656815,21.5059134960175,76.1454716324806,12.4669641852379,0.923546433448792,1325.93421888351,204.280535519123,7703.31659784913,1866.80872423947,137.384872049093,925.502409353852,0.410322636365891,0,269.826376914978,37053.3715913594,590.875898897648,0,575.543880596757,991.798559442163,28894.7775675058,719.686450183392,34316.6447866857,1.06273889541626,11.5036001503468,120.865338712931,14926.2800203562,3017.29351592064
0.464814633131027,89.2311788201332,173.627067863941,3.44933420419693,0,0,46.2037105858326,7.07502913475037,1756.86093345284,3.68858230113983,17.9057959914207,0,39.6046058535576,9.34863322973251,5.84744817018509,2318.94150641561,40.7599376738071,4.35123151540756,12.4609137177467,2.5760523378849,402.327883213758,2973.72564509511,1187.19317993522,715.017625927925,19.9387871026993,21.380033493042,1971.61132735014,714.638259261847,26.7929383814335,114.686440169811,6.10942357778549,0,34.8292002677917,44.2636463940144,41.0153784155846,679.029253125191,86.4092518985271,126.842325031757,154.918635547161,30.3804126381874,2.67153662443161,4.16727721691132,421.429227501154,65.8922727108002,44.3385336399078,42.286662042141,418.300865024328,1.00864535570145,88.621014714241,2.42407232522964,1006.73491555452,6.52141696214676,13.1589614748955,16.8500689864159,10.0472249984741,47.6652466654778,7.94792824983597,10321.3984659612,1.05235707759857,14.0153037905693,3.22296410799026,295.217190623283,19.0668035447598,42.892547160387,12034.4290835559,22.5418916940689,3.5621046423912,13.0281945168972,0,269.826376914978,0,638.025084644556,19615.1617025137,22.4883445501328,43.8618651330471,12960.5645366609,2012.49052250385,44.4175158441067,73.7499484717846,4.88024437427521,1.74552094936371,16.6273224949837,25.2385227680206,45.5588650107384
1.07088232040405,18.0673654079437,41.6533672511578,1.90205472707748,0,2.18911182880402,29.9003863930702,0,279.936267018318,0,0.434943228960037,1.11204206943512,0,1.10887396335602,41.9111373722553,5656.6512953341,23.4286576509476,0,3.03225457668304,1.86137324571609,377.807328850031,2282.96606814861,4255.09410277009,386.18332695961,28.2538154125214,3.80206555128098,4081.27842116356,495.970972001553,19.87209379673,160.561444222927,0,0,7.86281663179398,26.4188984632492,811.140033125877,1323.75357553363,175.62011423707,208.441204577684,299.981597483158,20.7019433677197,5.17176818847656,1.78546905517578,49645.2337210774,7455.35335403681,21168.0830777884,20741.6755347252,742.601764023304,147.611758679152,4.66136366128922,450.529808431864,23.0417734086514,60575.9353732765,14.6004050970078,39.2852010726929,22.1222559511662,12255.8609249294,1318.69475257397,38.1011061370373,55.7659476995468,107.47022497654,30.8833666145802,1.44277608394623,3159.73366755247,196.790856122971,3063.36973297596,22141.2028847337,256.985884457827,3185.58810903132,0,37053.3715913594,638.025084644556,0,1012.07776251435,0,2488.20935243368,23296.7582716793,14031.3579255641,761.662340313196,11587.2290140688,1.70438781380653,16.3338150382042,65.8264893591404,15046.1132276058,6445.949998945
13.445551276207,117.210792094469,47.7781448960304,2005.5974637568,30.6326262056828,145.561327457428,1855.09850639105,609.89665967226,4453.72997742891,1073.62765353918,34.7864624857903,800.999591052532,21.280209004879,472.872299551964,288.631806999445,1999.95161443949,22.8352933526039,0,0,510.415306687355,1355.11495244503,1684.35280039907,1213.52176615596,5867.98526903987,351.108924180269,3.36890423297882,982.439557313919,8411.632088691,614.624135255814,490.618637531996,0,74.0513013005257,170.571857064962,254.895741850138,111.79750430584,3909.86171191931,107.087293326855,752.004844337702,303.430189669132,847.561041891575,145.38190472126,46.0871921777725,3989.48386865854,230.457261651754,709.368781656027,313.748033881187,2275.04518941045,141.398788839579,109.781048893929,46.2514352798462,1694.42218181491,25.0707269012928,22194.9750246406,285.01804959774,522.496786683798,1176.39458394051,919.171894937754,25536.0565719306,1010.99292597175,101.997263103724,1247.84984597564,392.455052793026,677.554681956768,805.185897558928,8062.95555904508,33.6728208959103,77.9943600296974,72.1452580988407,712.408803492785,590.875898897648,19615.1617025137,1012.07776251435,0,35.0743182897568,155.812373995781,9397.13812941313,16305.7934551835,1173.25588908792,401.448855370283,6.13076773285866,65.2823884189129,133.43080830574,571.464859336615,516.561027526855
0,64.3945877552032,3.14237838983536,0,0,0,0,0.983979552984238,5.66206765174866,3.25823509693146,563.889406353235,0.492459237575531,2049.2608884573,1.58532571792603,0,0,1.43649053573608,19.8737491667271,6.51980394124985,0,0,12.4179984331131,0,5.07038030028343,1937.15725910664,202.27357634902,1721.48468258977,1.8962185382843,4.30082511901855,0,347.691364407539,1.54140204191208,0,18.9439249634743,0,10.4284999370575,25.8312851190567,51.7153549492359,3.80467236042023,0,0,30.0965061187744,9.06721252202988,31.3509083390236,2.87060421705246,1.19188177585602,6.26518595218658,0,1676.09691229463,0,300.393976926804,0,0,0,0,0.547962844371796,0,58.3440804481506,0,230.624324381351,0.5335333943367,4335.88465613127,0,0,6.22888559103012,0,0.629102945327759,0,0,0,22.4883445501328,0,35.0743182897568,0,82.3216162621975,7510.57046177983,8.15013441443443,6.25361835956573,0,84.8974879682064,4.33854505419731,0,17.1895442605019,0
1.51417928934097,1470.80538991094,2030.55915877223,0,0,0,0.410340785980225,0,26.0265275239944,0,1070.46316307783,0,1264.36573526263,0,12.5399561524391,7.40427261590958,1793.12944167852,1654.84034949541,2775.98351496458,0,3.2921370267868,54.593054831028,76.1399632394314,14.0621333420277,375.437946975231,10570.8987466395,23389.1817869246,1.87272363901138,12.0536979138851,29.892973035574,1731.75734746456,0,1.21703127026558,410.216226547956,153.837947100401,2941.39096882939,1997.26786157489,935.741155445576,856.589826762676,0.926518857479095,7.19898056983948,27.7224713861942,12642.9958889782,11586.0548937023,5847.1244327426,4632.91470199823,60.9365529119968,97.3237716257572,472.505065768957,114.142664641142,892.633331507444,26000.2512488365,8.33619222044945,2.66588455438614,18.1303526163101,1021.73317986727,539.006476551294,136.868069648743,286.173596292734,4120.31788277626,150.515520334244,362.17805570364,1280.52080827951,12.8888238072395,51.0227964818478,3053.38975992799,6908.71913057566,23280.9567731023,37.8609695732594,575.543880596757,43.8618651330471,2488.20935243368,155.812373995781,82.3216162621975,0,53913.9268194139,364.956030189991,1492.29760941863,1022.9764777422,2185.52697646618,237.996977329254,12.7372649312019,1384.07430493832,886.262861013412
15.5564431846142,10186.3238529265,16939.1008339822,8.34855741262436,1.8842294216156,3.20150113105774,222.003630921245,1.30922710895538,260.861313402653,1.10450312495232,2371.94281002879,2.11248487234116,5055.73614928126,15.2710156738758,54.4226126670837,4738.30633753538,7843.45275491476,3397.59125554562,3871.01850631833,1.43411815166473,477.708300352097,6993.69022145867,9720.75725874305,1156.12237486243,2666.31204068661,17376.1512845755,105505.060333192,1441.0173792541,55.0356398522854,528.595213234425,3378.69955033064,0,25.4570515155792,1510.10357737541,754.096740305424,17800.5384309888,5459.8643078208,4929.75749626756,4989.03785657883,61.4806255102158,24.7271521091461,77.046439319849,45426.8186456859,6470.32113623619,13288.3823289275,18198.222683847,616.292821794748,103.59841132164,175.133098840714,88.3161872029305,35863.5514635742,23866.7551220655,26.8520424664021,18.62089407444,9.18993881344795,2128.58360868692,138.983119696379,4146.54799515009,105.275465399027,434.996681272984,31.2705641388893,6036.76070725918,467.092810541391,115.626928061247,7051.30898115039,27162.6232274175,1391.15823033452,9022.31300312281,8.11829373240471,991.798559442163,12960.5645366609,23296.7582716793,9397.13812941313,7510.57046177983,53913.9268194139,0,6854.67401207983,384.749959558249,928.067213565111,2370.3361774087,15.9900553226471,32.7283414006233,1882.86621049047,3742.61734363437
50.7866334021091,32.4911142289639,41.6697712540627,4448.65638363361,30.0492479801178,294.993351608515,4671.90071129799,923.682112693787,5396.02932840586,2108.75863805413,18.7928998172283,1150.51705113053,2.97896006703377,761.512372404337,539.16281491518,1790.90729120374,3.57773691415787,0,0,1157.82797291875,1439.63506153226,1034.16638472676,836.203133821487,8438.47138872743,1260.77294903994,1.73437291383743,733.012165784836,16591.3142154217,995.771814256907,713.138250112534,0,17.7819931805134,306.19970113039,563.521701604128,205.905632406473,7843.11613619328,186.79699164629,1377.94748017192,490.217190086842,2019.212028265,289.680606424809,164.121113330126,20359.0962659717,714.248623162508,6206.20407438278,3326.06086036563,1952.86607995629,590.623808681965,286.120256394148,486.321247696877,348.994558811188,2249.07157638669,5571.13942694664,84.9687461555004,2858.55718851089,36865.1048681438,4984.55293613672,6383.9126330018,30697.1220622063,220.299279749393,1687.89038163424,99.4581851363182,3328.56127402186,799.990236014128,4508.07414528728,1547.88961872458,255.299472540617,468.126626014709,3722.09488785267,28894.7775675058,2012.49052250385,14031.3579255641,16305.7934551835,8.15013441443443,364.956030189991,6854.67401207983,0,8917.34932866693,20020.8449596167,1.50583428144455,87.4492095410824,2306.15847057104,5017.42734485865,3588.53649637103
1.47432988882065,3.07848298549652,2.46237576007843,147.713807195425,0.567765772342682,22.3330276310444,264.481837004423,29.8090396523476,538.06446775794,28.1999053359032,36.4664924144745,109.868146777153,106.503338724375,19.3014261424541,23.121170014143,54.9196101725101,0,0,0,61.0961138904095,44.8363920152187,39.7203938364983,20.2768683433533,686.878561943769,979.262219876051,1.42153924703598,15.3912373483181,769.26023927331,21.8435496091843,22.4105838537216,6.35805350542068,0,17.6721302866936,10.9327775835991,32.2743906378746,334.437245905399,2.0395730137825,38.6365667283535,23.3500590920448,148.431371897459,2.41457545757294,16.7398403286934,5916.50115355849,373.344375610352,4461.2700676918,1477.89817652106,1131.2160974741,1325.44473165274,534.351913690567,8605.08919161558,13.7171231508255,626.74327544868,732.066049724817,9.92876669764519,642.182993561029,16530.492526263,2482.52606099844,504.598363757133,6159.30402767658,7394.25030714273,3756.26241257787,506.440582603216,10065.1692712307,291.338668048382,88.6846946775913,503.127043485641,2286.64293655753,710.96292963624,1009.84748116136,719.686450183392,44.4175158441067,761.662340313196,1173.25588908792,6.25361835956573,1492.29760941863,384.749959558249,8917.34932866693,0,10853.1206060648,121.592024862766,400.745311141014,5523.64674890041,10248.5922713578,878.963196784258
0,0,2.9296900331974,23.0179530978203,0.707473993301392,11.3654525876045,179.358159124851,29.7182441651821,144.450667023659,23.687463670969,2.70594447851181,17.8915360569954,0,50.2301060259342,40.6009215116501,112.815984487534,0,0,0,13.5707966089249,146.062486827374,75.397970020771,54.9432434439659,356.302705943584,146.269821017981,0.343544661998749,40.0661666691303,875.874577730894,73.2427130937576,52.4361387491226,0,1.13979780673981,33.013740837574,43.4922822117805,161.606616854668,822.427340447903,7.18265295028687,118.414409518242,59.1211729347706,130.437169671059,22.3372736573219,14.9586495757103,8742.03076723218,100.015457928181,7297.80023613572,2688.55338451266,448.820687234402,270.146161705256,18.3384333848953,4082.11457723379,8.18396472930908,2411.47513753176,12.5593269765377,5.81014639139175,57.7198778986931,32053.3819212615,1027.34573420882,95.7036410272121,98.9179894328117,74.6307705640793,49.5810622572899,0,4851.26063874364,223.031861305237,148.792084902525,3732.52814009786,145.440718412399,1092.5097437501,5.3819862306118,34316.6447866857,73.7499484717846,11587.2290140688,401.448855370283,0,1022.9764777422,928.067213565111,20020.8449596167,10853.1206060648,0,0,28.8486680984497,3485.84968787432,16552.6038265228,1912.72579723597
0,111.120339989662,0.838737785816193,0,0,0,0,0.595862984657288,1.10357773303986,0,1357.06239983439,0,2165.17921310663,0,0,0,0.56371408700943,97.8153287470341,17.7502934932709,0,0.409644991159439,11.462177336216,0,1.61100471019745,192.003046274185,1646.64593786001,3257.9459272325,0.524217784404755,4.14502358436584,0,1519.73901218176,0,0,23.6514449715614,2.33296918869019,26.7606148123741,68.7085514068604,60.2288703620434,18.3375737965107,0,0.591838777065277,52.7064380645752,249.037872642279,920.36767038703,210.817281484604,109.88865685463,7.20003169775009,7.22807142138481,205.677399605513,0.375365853309631,58.0045357942581,1.53829118609428,0.413638740777969,0,0,4.21915337443352,3.53304985165596,5.29547852277756,2.87590509653091,568.147106289864,2.61454492807388,1113.99228358269,14.2251306474209,0,3.45575004816055,5.95539021492004,216.414578050375,26.3352034091949,0.894286900758743,1.06273889541626,4.88024437427521,1.70438781380653,6.13076773285866,84.8974879682064,2185.52697646618,2370.3361774087,1.50583428144455,121.592024862766,0,0,32.875007301569,0,188.711174160242,19.9088694453239
0,0,0,5.06015974283218,0,1.44780337810516,0.430832415819168,0,11.5162164866924,0,15.5268922448158,19.7456367313862,29.5368239879608,0,3.22866868972778,0,0,0,0,1.65758669376373,0,0,0,9.41771200299263,194.668225675821,0.633449852466583,0,3.22751516103745,0,0,6.41259276866913,0,0,0,3.56195384263992,5.43129801750183,0,0,3.02921104431152,6.16567611694336,0,0,392.791251808405,75.3920138478279,301.945968389511,327.113925099373,2077.67643088102,9959.70018392801,209.301695585251,3.6187891960144,0.795849919319153,1.45481276512146,35.8187377154827,479.583757042885,168.604554116726,116.108865588903,1463.75311857462,104.532494723797,76.1262847185135,2143.93521592021,164.069755673409,170.645081877708,79.6033430695534,449.002925395966,0.700821280479431,0,252.903849989176,24.9853868484497,28.9066874086857,11.5036001503468,1.74552094936371,16.3338150382042,65.2823884189129,4.33854505419731,237.996977329254,15.9900553226471,87.4492095410824,400.745311141014,28.8486680984497,32.875007301569,0,0,7635.14046412706,119.935000777245
0.526621997356415,0,0,2.4860160946846,0,0,15.4441471993923,0.537115454673767,20.3046650588512,2.28044748306274,0,0,0,0,2.13887858390808,9.88892871141434,0,0,0,0,14.3875538706779,8.93442732095718,6.43737775087357,44.4415548145771,15.4439944028854,0,2.64196720719337,78.9619524776936,9.09592682123184,2.81737077236176,0,0,0,0.657321393489838,1.65390825271606,64.5899246633053,0,9.01427805423737,5.25320339202881,5.0850305557251,3.76887738704681,0,157.753306150436,4.63199657201767,346.808283030987,73.1346057057381,13.477331250906,11.5523781776428,1.27519512176514,99.7992650866508,0,16.4984748959541,9.90769627690315,0,2.54100212454796,868.502306550741,79.9289517998695,20.8466119766235,22.162142932415,8.19807091355324,1.37106388807297,0,225.518938034773,6.17990803718567,22.5161582231522,16.446397870779,20.8729287683964,21.5428471565247,0,120.865338712931,16.6273224949837,65.8264893591404,133.43080830574,0,12.7372649312019,32.7283414006233,2306.15847057104,5523.64674890041,3485.84968787432,0,0,0,1022.22939869761,34.7621694803238
0.970053553581238,11.8432954251766,9.9243511557579,124.424734055996,9.44844463467598,24.0651962459087,221.317166984081,51.9550143182278,157.989077866077,58.3856893479824,107.590732306242,54.5756947696209,217.455629825592,43.7357800900936,28.4615767300129,57.6449098885059,6.43060603737831,0.636481523513794,1.66650938987732,54.6594146490097,50.572572439909,26.58189702034,20.4363134503365,336.700086921453,1107.39556527138,21.6109981834888,81.1635874211788,551.656477361917,38.8885276913643,12.3933329582214,15.6829187273979,12.8447080552578,15.4317620992661,29.0361762344837,47.8315580189228,356.830758631229,15.4545620381832,46.04516685009,20.1685545444489,187.804000884295,10.4425332546234,9.81283494830132,4529.51933994889,5438.96859037876,4823.33336207271,2208.66145795584,1379.74603113532,1275.26891991496,2468.64801901579,602.939814180136,23.2841782271862,919.913856059313,181.911289513111,59.1165536046028,247.39500272274,4227.19219753146,904.989010691643,177.174973756075,1143.21728593111,10989.1275595874,683.303892165422,672.767716020346,2261.01986822486,116.166396975517,153.103022068739,5808.0576081574,3467.19308155775,6625.679572016,202.232342660427,14926.2800203562,25.2385227680206,15046.1132276058,571.464859336615,17.1895442605019,1384.07430493832,1882.86621049047,5017.42734485865,10248.5922713578,16552.6038265228,188.711174160242,7635.14046412706,1022.22939869761,0,443.469593346119
8.3918816447258,23.7868123054504,122.685301423073,7.18398147821426,106.349830150604,286.03002473712,183.809529185295,148.111254692078,147.501483738422,74.2929030954838,111.343142569065,124.458311617374,2.24796038866043,31.728981256485,2529.09668555856,192.935199022293,13.1759356856346,126.565473228693,46.8026785850525,5.9347773194313,1217.02003589272,52.5708987116814,2409.18762823939,93.8571987748146,64.3800070285797,126.32933652401,1353.22275552154,436.383185595274,96.8651981651783,621.062998056412,9.36188781261444,30.1681435704231,44.4447655081749,60.4517966508865,203866.898932755,2590.04148468375,1235.36990138888,253.596139788628,4776.9405092597,132.077328443527,53.0961247682571,21.4647707939148,19814.9354167581,2573.7638464272,1054.88769286871,9121.93452200294,643.96325340867,861.871646285057,23.0651162564754,80.1810748577118,39.7216930389404,894.352142333984,54.0135369300842,130.834857881069,1795.9515632391,2357.01388013363,1827.39457422495,137.337076842785,460.746451288462,222.636693060398,1297.35895654559,6.44817698001862,690.694840759039,1023.59400498867,845.04716950655,104.587938964367,664.731808573008,605.377433627844,52.8819318115711,3017.29351592064,45.5588650107384,6445.949998945,516.561027526855,0,886.262861013412,3742.61734363437,3588.53649637103,878.963196784258,1912.72579723597,19.9088694453239,119.935000777245,34.7621694803238,443.469593346119,0
