"Predictor","Test_Statistic","p_value","functional_ve","semi_partial_r"
"Group",252.402547283012,0,0.0410602414183121,0.0318856377260781
"age_at_5y_mri",14.1763030667345,2.73230744992305e-32,0.00459182753181067,0.00753797297676446
