"Predictor","Test_Statistic","p_value","functional_ve","semi_partial_r"
"Group",444.038471178446,0,0.0173547458319345,0.154308009896182
"age_at_5y_mri",106.334465613817,2.65199283849477e-28,0.00403772192660312,0.0273971483323045
"eTIV",5141.48143992552,0,0.436166034687736,0.467718895929871
"sex",123.878656147506,2.25046522021297e-22,0.116374096050292,0.023853809310419
"Rel_Motion",1519.41659421309,0,0.10993216505579,0.212806700668122
