"Predictor","Test_Statistic","p_value","functional_ve","semi_partial_r"
"anyrop",56.0449781641937,9.26564614924778e-125,0.000710217801605072,0.0779106426860185
"eTIV",393.345363930924,0,0.0788290266332464,0.172208856261903
"sex",127.248578544956,3.97383800591432e-114,0.0022262567725361,0.0729686823471757
"sriskscore",140.680749248856,2.21887155086105e-225,0.0408753536084642,0.103281605686923
"age_at_5y_mri",3.15923715070904,0.00849095374896914,0.00198944266364654,0.0108940780723204
"Rel_Motion",378.25500708031,0,0.093494700028691,0.191869604205459
