0,16.4800198376179,95.122334331274,3.79406130313873,5.31620144844055,114.474437117577,7966.26482143998,1090.71771076322,34.6988608837128,249.188749939203,326.214926958084,56.8878753185272,86.7705045640469,9764.17075744271,12.7008237242699,10.2658137381077,2100.14411696792,212.920027285814,538.527883172035,10.6553282141685,406.63712528348,4.59249114990234,700.72735580802,175.564006626606,4.73659530282021,489.145230025053,455.839742749929,295.334369897842,13902.6452771127,12165.6064671576,13.8293585479259,37.8000798821449,227.287726730108,1688.50744128227,120.446489870548,491.35099542141,149.647042304277,570.241674691439,226.290322929621,24.3577009141445,9.15438616275787,41.8428766727448,85.5704265534878,5.29906949400902,10.9539198875427,10.2161119878292,11.083180129528,10.9137625396252,7.74781358242035,4.54479053616524,22.1621547937393,26.9422222971916,0,0,7.97267690300941,64.3000074326992,8.09504920244217,24.0179380178452,0.386555016040802,7.53199648857117,0.638324856758118,2.18495950102806,29.831438690424,1.62590909004211,14.9701244831085,21.0215798020363,0.851392805576324,7.9979906976223,0,6.41600063443184,2.97324180603027,3.41906091570854,215.896220058203,1.19768893718719,26.4362458586693,106.934085547924,168.099301755428,15.0321453213692,24.6482318937778,1.77808773517609,1.72152590751648,0,40.2181014120579,20.4235714375973
16.4800198376179,0,140.75866779685,2.20688942074776,11.2893941998482,7.54557600617409,34.1518828570843,19.1223692595959,2944.8174764514,8.7639594078064,89.6449643373489,8.08440780639648,1285.36479139328,40.0120995342731,176.556582987309,1246.48105415702,610.012348949909,30.4055300056934,215.561810165644,0.511183738708496,119.18339663744,3099.89124327898,166.531639695168,4797.9716874361,9606.092435956,573.311260521412,22150.8478811085,318.421589285135,72.3698448240757,55.0541878640652,174.541103333235,2.64309334754944,12.153941988945,308.855519354343,54.4910145401955,454.16428732872,248.865636795759,179.803936481476,115.05097591877,246.828955739737,3.12381267547607,144.074328184128,170.547089636326,28.4956251382828,49.317812949419,55.2717874646187,14.0814602077007,5.91157406568527,49.2328988313675,6.16575965285301,1505.41014742851,164.468788385391,13.7599757611752,2.39294755458832,4.03088086843491,66.4390789568424,1.8600027859211,118.89733710885,19.8266580998898,48.3992068767548,8.89946401119232,118.760791778564,6.52728387713432,6.0556617975235,74.3879638314247,182.593380749226,15.6121473610401,81.6059068441391,6.71292027831078,23.6006686687469,205.853650689125,172.601540058851,156.501779466867,317.368553638458,243.277400672436,3451.28250741959,57.3557076156139,4.20259067416191,24.1831154823303,25.0014347434044,1.22747552394867,0,33.5017232894897,45.7010658085346
95.122334331274,140.75866779685,0,0,4.72139477729797,5.80317738652229,3295.32753542066,34.3525376319885,11.1900731623173,18.0623098015785,148.790936499834,6.00013762712479,34.607582628727,209.198117256165,6.32487618923187,104.363104104996,32150.9945330322,164.360700517893,1189.68992340565,0,3586.11072778702,29.952759295702,37617.6922243237,56.6659691631794,8.66593873500824,24681.6438295692,36806.4356586337,1404.75074464083,238.878035098314,1716.54469424486,3.10562074184418,2.00580862164497,66.507349729538,2234.71160069108,716.36055803299,6390.43651512265,3417.65572828054,1971.45257613063,2565.82098913193,42.7484736144543,47.3955206274986,5.22365021705627,2095.94316363335,165.905321389437,470.122035950422,677.933310687542,32.2018798291683,26.7468965053558,0.48395624756813,11.0990314185619,331.885070413351,4187.94691240788,0,5.17360708117485,2.52158316969872,1060.19812467694,37.3836360573769,7.62169724702835,6.80006787180901,40.9374830424786,2.47031262516975,4.14337161183357,105.117944121361,6.2641459107399,784.440459519625,1739.88811334968,167.029116913676,313.015979215503,0.449058413505554,438.518808841705,146.824544161558,4942.52204242349,339.856524467468,6.93031239509583,734.339632034302,15648.4302977026,502.012987822294,45.117409914732,202.478321224451,0.792552530765533,0.471447497606277,2.24829557538033,255.280852526426,601.785514324903
3.79406130313873,2.20688942074776,0,0,94.2718946933746,221.209187090397,285.147495299578,98.0557047724724,3275.87269186974,17023.9828059971,30.7404917180538,3028.09482625127,28.8267261683941,101.358816444874,800.280783861876,1.69281029701233,1.25634807348251,9.34211492538452,4.31904059648514,20315.2213561237,1.05902934074402,2.72616314888,0,4898.81221351027,1.45034325122833,9.64224717020988,5.14980852603912,1694.77297830582,161.547225147486,7.90595403313637,0.73529314994812,36.6682670414448,20.0276911258698,107.452133536339,68.4262531995773,848.428610533476,14.7887581586838,136.754011392593,26.9741269350052,1060.90182095766,18.673125565052,11.3245268166065,81.2658181488514,2.01851731538773,7.30562520027161,11.6707818508148,706.291472911835,64.452606856823,1.10533952713013,0,1.46850377321243,0,1859.27741265297,37.3821458220482,501.054547429085,259.572563171387,242.874679327011,819.470818012953,2145.40802371502,12.3807902038097,1758.92161133885,0.429503381252289,235.538614809513,204.447430074215,0.667559325695038,0,0.97199285030365,0,826.216711878777,0,24.2184407711029,0,618.473474055529,3.1351734995842,0,2.09617727994919,1682.50084516406,68.4155571758747,0,0,10.4958097934723,0,83.9274964034557,13.7571092247963
5.31620144844055,11.2893941998482,4.72139477729797,94.2718946933746,0,2111.60770171881,151.6074462533,157.430468142033,221.068202674389,265.645069628954,14.2987423241138,1023.2963450253,27.8440630435944,62.2205260694027,5286.42073833942,10.7259826660156,0.621089577674866,4.46043288707733,5.45267474651337,177.596893370152,45.4622848033905,24.0730578303337,35.8363940119743,375.136523008347,16.8425849080086,9.63532516360283,30.1078034937382,129.153440088034,44.1604061126709,34.4976893365383,0,1361.92366325855,0.474250644445419,60.1002086102962,531.571805179119,1111.40759912133,15.6204234957695,47.8353610634804,29.6476076841354,11395.4802013338,899.033311605453,25.776877194643,34.9128421247005,30.7434442043304,24.4549562931061,108.298990041018,33.2465738654137,6.66363298892975,8.42924308776855,0,0,1.22940409183502,4.85480207204819,0,18.1263067424297,29.4410151541233,7.89306616783142,8.97108352184296,16.9763261973858,7.28070229291916,21.0942307710648,6.24461498856544,6.94452783465385,4.4049186706543,7.46132379770279,3.86820650100708,4.30441445112228,1.20492362976074,4.12288299202919,6.89762604236603,1.29311484098434,11.4615874886513,55.1229563057423,0,18.8744723796844,17.5662384033203,55.2411431670189,4.78497293591499,0,2.85157215595245,4.96741884946823,0,61.6775831580162,921.926247984171
114.474437117577,7.54557600617409,5.80317738652229,221.209187090397,2111.60770171881,0,7333.76760965586,17456.9988338947,281.928790897131,13544.3387452364,610.469682872295,9326.79660367966,302.513040751219,3810.8495272398,5025.37563195825,2.93624675273895,30.1593646407127,351.168127089739,137.533634662628,462.953344970942,18.3580570816994,7.33192500472069,40.1169852614403,397.279036551714,18.9770600497723,226.785207420588,62.4202337861061,397.646811068058,1377.89749988914,112.115089178085,37.5460434854031,997.625255525112,36.3039791882038,771.169250279665,8672.33061829209,3766.25072476268,192.705613434315,735.501433730125,213.669601291418,6901.38183677197,455.714615046978,308.356127470732,477.9936594069,7.84705197811127,113.66442066431,79.2259317934513,541.35768699646,227.516371071339,67.2964418232441,5.37107336521149,6.36357694864273,0.433038085699081,98.5609801113605,16.6912651658058,349.363727211952,875.907140731812,384.981267601252,92.5958706438541,405.695113748312,85.6477955281734,293.862307369709,15.926032781601,489.228499978781,18.8780882954597,7.4788364470005,1.03690472245216,30.2532342672348,1.43649840354919,87.8746384978294,5.44706472754478,5.79443183541298,5.46494376659393,983.056586354971,0,25.3380786478519,13.9677284657955,989.954219847918,174.006894081831,23.5046333670616,11.575220644474,34.9804998338223,7.30554187297821,495.36988723278,657.533160448074
7966.26482143998,34.1518828570843,3295.32753542066,285.147495299578,151.6074462533,7333.76760965586,0,9229.17099240422,871.92695581913,32109.6642124355,997.810871958733,668.657286345959,1085.58525392413,46207.7191500962,651.888967335224,52.6091713309288,3984.77556940913,631.179294347763,558.41378864646,117.37870195508,8867.13967037201,32.0386012494564,8134.19205772877,3151.95556801558,29.5524987876415,1861.76753792167,1565.13263183832,57943.0350428522,11574.9623701274,7830.48526492715,75.6431985497475,640.533299952745,1778.68895941973,7316.96770250797,2851.96913000941,15146.4216509461,962.40502846241,7673.56424471736,2639.67939299345,1261.12645608187,475.428513675928,466.2072032094,1727.71134310961,92.8927457332611,190.729698270559,264.650091797113,683.074813455343,625.467070490122,74.1562061607838,30.4809955358505,30.6873523294926,102.432038187981,623.647647351027,24.1950081586838,999.710467666388,2576.21625041962,1186.12296670675,448.142670840025,1723.02012434602,334.52427610755,657.489414870739,5.72741648554802,1522.82556763291,41.4302524328232,149.091571778059,61.3975180387497,32.984159976244,16.4978980720043,336.754871606827,59.3713099956512,25.9255629181862,173.703668057919,4284.37871736288,3.13389518857002,41.9649542272091,420.977292656898,4382.07706794143,733.122338891029,158.985882103443,2.43168091773987,216.910703510046,27.8322499096394,1149.70686706901,519.124299973249
1090.71771076322,19.1223692595959,34.3525376319885,98.0557047724724,157.430468142033,17456.9988338947,9229.17099240422,0,275.583673030138,13544.0846816599,689.289083629847,3626.83350047469,332.867358595133,23294.1403139532,509.728505820036,4.22969871759415,335.695768505335,322.768125385046,200.880690962076,364.032129704952,98.3492660820484,29.6412068605423,124.578885704279,1043.98938590288,16.8255567252636,258.123513877392,146.731681078672,1329.49966230989,3077.40746894479,1098.67663151026,36.5871848762035,1002.54010787606,62.5996889472008,819.275780856609,205.713859915733,3228.74028232694,159.728191435337,607.542395085096,215.300573945045,1289.66943246126,207.647408038378,253.293904900551,1597.2288928628,40.8622995913029,186.172797083855,239.374436438084,749.00548607111,557.935284882784,65.9579101502895,20.706673681736,4.7065717279911,3.04626458883286,68.6241368949413,4.72154718637466,608.293110460043,2685.23545706272,817.108940035105,222.720600903034,365.400268465281,142.671653270721,166.62757268548,17.6401619017124,1263.3238517046,19.3596760034561,31.1809493005276,3.3044667840004,31.5918869972229,3.63316813111305,52.5242613554001,22.442851126194,18.8463455140591,15.3471857011318,3624.90926277637,2.7146213054657,34.1935129463673,40.0058370828629,3329.57434009016,555.867719858885,131.520916968584,13.2698581814766,118.075270950794,20.5429625213146,1253.39217740297,93.8893595337868
34.6988608837128,2944.8174764514,11.1900731623173,3275.87269186974,221.068202674389,281.928790897131,871.92695581913,275.583673030138,0,2234.74328771234,74.3181213736534,2431.35939115286,687.97345751524,375.426156848669,1806.93633913994,36.1705302298069,51.0701388120651,32.9535998702049,24.5450866818428,1485.90298599005,25.2147457897663,7862.15692615509,19.5220112502575,27244.3743801415,1999.9579782784,101.718808323145,2143.02633869648,4368.08235296607,372.336820423603,116.173748910427,116.34107491374,46.5667007565498,72.698430031538,219.162695944309,140.309319406748,624.736411094666,80.1200067102909,202.231907129288,60.1081092059612,1549.14056009054,29.0581307411194,83.267211407423,676.111710429192,17.3234103620052,50.9921340048313,63.6873586177826,381.449173480272,124.33814650774,21.0250471234322,41.3911007642746,24.3864916265011,5.96342882514,2416.95696878433,41.0285565257072,313.444028109312,806.587512284517,283.864193558693,3741.14660391212,1959.30573123693,181.296944022179,774.434587985277,52.8315190672874,441.748522996902,141.759541869164,160.295984625816,5.22714108228683,177.157080471516,8.92671239376068,528.616967141628,84.9849975407124,253.61527583003,17.7397820651531,5216.61973547935,23.651257455349,110.986020952463,150.688581854105,4263.15216034651,370.444480836391,149.751212537289,30.513751834631,52.6264017224312,20.8900706470013,279.262849241495,195.586717009544
249.188749939203,8.7639594078064,18.0623098015785,17023.9828059971,265.645069628954,13544.3387452364,32109.6642124355,13544.0846816599,2234.74328771234,0,1341.45096981525,10891.4210546017,957.461444586515,13894.6964952946,1073.38703536987,6.75458782911301,68.4573852717876,909.352008372545,375.431521087885,7922.99841681123,23.803857833147,8.58095532655716,77.8046092689037,1143.8157016933,22.1794083714485,649.138255417347,179.011537224054,2669.6338442564,5806.20567846298,227.529874235392,99.5445790588856,931.602450639009,164.440875381231,3162.2685148716,1190.53624230623,12578.8797852099,458.167924553156,3294.92953529954,746.525838404894,2766.97620925307,413.99893450737,540.800739824772,943.079306781292,25.0507423579693,196.392925560474,190.024252474308,2782.91106253862,646.226741284132,77.7593432366848,13.3470457196236,14.4731282293797,3.13025626540184,3386.49337428808,107.563762456179,3226.55949115753,2025.17705023289,2617.73896747828,1117.21309232712,7461.15961307287,86.5653668045998,4917.85361582041,12.9181707501411,2301.21454852819,375.697413504124,7.85780987143517,0,9.41714757680893,0.381585299968719,2006.83278921247,6.80445754528046,43.6122681498528,4.27820289134979,3198.12079671025,4.72738179564476,3.50712594389915,16.962903380394,5236.14205470681,793.38490280509,9.47438982129097,1.42980861663818,54.3895316720009,14.6120494008064,1229.36389267445,142.893956243992
326.214926958084,89.6449643373489,148.790936499834,30.7404917180538,14.2987423241138,610.469682872295,997.810871958733,689.289083629847,74.3181213736534,1341.45096981525,0,933.175687164068,12047.7077848017,1728.26432231069,75.5153611600399,18.6099244952202,1034.29690501094,13333.0037583709,2267.91749343276,95.7827750742435,192.147021144629,35.7863694429398,394.904618769884,199.629369974136,1283.71666646004,3945.74996253848,1048.46729511023,279.866645872593,4834.54138588905,425.810550332069,771.629359930754,2286.88565656543,76.7896069586277,18986.3622114956,108.696363896132,1830.50568658113,1823.46206203103,3764.88667953014,883.055138140917,233.061644941568,35.7016281485558,6073.78308692575,164.208975017071,489.935742855072,47.007089048624,35.1392960548401,42.4039418697357,1.98970675468445,2459.23208612204,1.61693233251572,199.78307813406,32.0941837728024,2.05083060264587,0,4.17376154661179,102.243700653315,9.07183259725571,56.6815133392811,0,1938.17506289482,15.5172190070152,5868.77003526688,5.35988330841064,1.03450059890747,29.9888138473034,32.3367975056171,147.548099637032,32.6697283089161,1.6624743938446,6.89999029040337,102.052084892988,21.3117945194244,224.011896640062,451.403839707375,713.766338318586,1373.47754812241,152.399783074856,7.65813475847244,12.7067449688911,1297.93873664737,8.40946042537689,0,390.38514238596,44.9219157099724
56.8878753185272,8.08440780639648,6.00013762712479,3028.09482625127,1023.2963450253,9326.79660367966,668.657286345959,3626.83350047469,2431.35939115286,10891.4210546017,933.175687164068,0,442.389178723097,2149.26769036055,6055.53405460715,1.78766548633575,28.253094881773,590.48494681716,214.300366073847,12558.8048551977,5.07318452000618,19.7594892978668,21.657585144043,843.089470952749,13.7664527595043,384.841387182474,101.338358938694,673.933146029711,1701.67453512549,42.7360964119434,53.4656419456005,689.703762948513,13.4339863061905,985.144776374102,6184.70350313187,3558.35165905952,228.855201691389,917.376488476992,233.63604965806,8418.92456015944,137.959721058607,321.931459367275,234.858803659678,12.9799051880836,68.2302118241787,58.4709716439247,1528.6280027926,164.290268242359,61.6194578409195,0.943405568599701,2.52046102285385,0.495884090662003,480.208375751972,79.0250392258167,797.382708013058,370.842712253332,467.520382553339,196.935373812914,1121.84554466605,78.2399349808693,1969.41315919161,15.8380881547928,466.692946523428,200.160620033741,2.52607014775276,0.625371158123016,43.5595351755619,1.40034627914429,493.448348671198,2.30393880605698,9.28913605213165,1.56253999471664,463.350663781166,1.301722407341,29.1025882363319,8.23945409059525,656.096347808838,177.287813663483,8.17217898368835,8.37133005261421,37.7353320717812,6.65138083696365,359.756050139666,1607.81970369816
86.7705045640469,1285.36479139328,34.607582628727,28.8267261683941,27.8440630435944,302.513040751219,1085.58525392413,332.867358595133,687.97345751524,957.461444586515,12047.7077848017,442.389178723097,0,589.13766258955,80.4862689673901,104.063959747553,53.9972638487816,360.855678111315,55.0560039579868,64.3728387653828,136.186143577099,542.847141176462,183.536064058542,870.039914757013,7542.04034599662,1082.93390604854,4343.30874094367,533.010589241982,1140.29108884931,263.281460791826,1242.48303711414,738.783426851034,25.882220864296,3562.12880817056,153.413384974003,1443.76026597619,2290.09557536244,5186.58488410711,931.303320914507,934.171604812145,124.946902394295,8335.40778717399,492.824787408113,1319.13976332545,185.613396525383,115.356988757849,149.413668394089,23.6714910566807,6205.85091301799,1.41728442907333,1058.50462520123,17.8938738107681,2.23902827501297,3.88971310853958,33.9452652931213,96.8168829977512,27.6254760622978,173.036549091339,21.6529303789139,6448.34411066771,22.2319489717484,20701.8797494769,58.8914336264133,4.47339794039726,52.679218351841,48.8504726588726,396.620275020599,107.146071881056,10.7082513272762,12.9862738251686,276.030146241188,49.786366134882,245.790324747562,4311.13989090919,2897.84248650074,9836.25609979033,148.688331216574,32.53711566329,38.1698187887669,4962.82411760092,13.6566185057163,0,723.72530913353,43.5295566022396
9764.17075744271,40.0120995342731,209.198117256165,101.358816444874,62.2205260694027,3810.8495272398,46207.7191500962,23294.1403139532,375.426156848669,13894.6964952946,1728.26432231069,2149.26769036055,589.13766258955,0,218.657343089581,10.0923799276352,2823.65570777655,1116.21876767278,983.415097773075,284.882118850946,890.107705444098,51.4519277513027,1174.65927395225,1526.60807624459,35.9253951907158,1267.89078053832,874.75688508153,2093.70909845829,26183.8542433083,10853.7280962169,78.8050601780415,1350.66335693002,309.306224256754,3006.97578960657,325.741056799889,4083.5734551549,379.850139319897,1559.76125431061,589.660945504904,637.648364663124,162.155803054571,330.396760374308,1527.51243582368,42.6612586677074,188.892888754606,207.217499524355,550.231751143932,516.051790028811,63.0980493426323,23.044396430254,32.7096245586872,31.6259552538395,80.917869925499,11.105863571167,616.205788552761,2419.24546515942,863.23322442174,298.633590519428,496.458458006382,118.253101348877,208.806415915489,25.4279284775257,1174.16557109356,16.5602283477783,69.7712442278862,22.2600364089012,18.8237371444702,10.809157282114,51.7891007065773,45.962604612112,21.0417183041573,21.1500101685524,3717.14952123165,0,69.0971125364304,190.677627533674,3352.97022071481,528.883241444826,165.741597741842,17.9851217567921,102.238972425461,12.2232673466206,999.244087278843,138.571821898222
12.7008237242699,176.556582987309,6.32487618923187,800.280783861876,5286.42073833942,5025.37563195825,651.888967335224,509.728505820036,1806.93633913994,1073.38703536987,75.5153611600399,6055.53405460715,80.4862689673901,218.657343089581,0,20.6921851038933,16.9776894450188,39.3237055540085,10.8845608830452,872.009449839592,52.2396232187748,299.561863780022,38.8380500674248,3033.92975798249,122.803383350372,38.8045371770859,206.699925810099,954.771391034126,177.931484729052,109.14423173666,11.0479356050491,1461.82571542263,9.30678951740265,65.0502547323704,2793.71284458041,483.535588741302,42.2777713537216,108.549472302198,40.306025236845,7609.29552665353,56.7366889417171,40.8018962740898,134.437111020088,19.6216909885406,20.5084292888641,84.3961280882359,156.0694642663,30.7427955269814,5.48158478736877,0,1.26929837465286,2.62246251106262,23.235971391201,1.76596868038177,61.1728807985783,167.364438474178,70.4806117117405,27.1406292319298,59.6184920966625,26.7414214015007,84.5668436288834,2.67098820209503,89.4903718233109,15.8040506839752,18.3615143895149,2.0037254691124,11.7238953709602,0.499397397041321,34.4968359470367,12.973752617836,7.0265389084816,13.8738352060318,241.47751313448,0.866218626499176,10.8493638038635,31.6588683128357,216.867100298405,41.842980235815,8.49850681424141,0,18.4863722026348,0,78.8956216573715,584.4384560287
10.2658137381077,1246.48105415702,104.363104104996,1.69281029701233,10.7259826660156,2.93624675273895,52.6091713309288,4.22969871759415,36.1705302298069,6.75458782911301,18.6099244952202,1.78766548633575,104.063959747553,10.0923799276352,20.6921851038933,0,230.352990061045,17.2606973350048,51.5749958157539,0,6043.78141492605,11155.4009306133,4685.42880535126,1822.36335834861,367.905454099178,198.469901442528,8423.98691996932,1885.25003296137,42.842866897583,144.302985489368,13.7868955433369,3.22874319553375,22.9141243100166,522.963909208775,1465.81802195311,7213.88142991066,1605.39716488123,2747.00379398465,2092.83062514663,65.469630241394,27.5075960159302,10.6292771697044,1411.65369158983,86.2737720608711,272.953004568815,374.117557108402,84.7311899662018,20.617066681385,5.03696668148041,73.1196829676628,21.9117064774036,92.4001555740833,0,8.18231278657913,7.01596838235855,284.299447089434,54.7291083335876,257.817767977715,7.33016520738602,17.1542509496212,5.97031846642494,5.11528453230858,295.449698388577,31.8261530399323,16784.4061838686,112.307496458292,32.0134618580341,21.6824463009834,2.21106892824173,2762.71632599831,2645.86676070094,9554.90588104725,3075.36686649919,6.81521192193031,88.2754795849323,2039.00850018859,1264.88123324513,369.086205124855,974.597883731127,0.963748127222061,3.34510168433189,7.56968450546265,101.028494924307,731.383143097162
2100.14411696792,610.012348949909,32150.9945330322,1.25634807348251,0.621089577674866,30.1593646407127,3984.77556940913,335.695768505335,51.0701388120651,68.4573852717876,1034.29690501094,28.253094881773,53.9972638487816,2823.65570777655,16.9776894450188,230.352990061045,0,562.653377562761,7874.72688150406,4.5439715385437,4720.42601260543,99.7775058448315,24932.9589872062,202.9074177742,33.4261965453625,17562.9891631007,36927.5308916271,854.906446397305,3161.47683170438,16243.5010582507,11.1589078605175,11.1319278180599,350.009498238564,8468.76816123724,885.475572407246,6936.39787378907,5599.53017172217,2379.8779090941,3040.60482448339,48.8726871311665,54.536827981472,7.50872617959976,1434.41259196401,220.520617246628,265.75751337409,370.66180357337,24.2048981189728,20.596413731575,6.32327502965927,22.0187532603741,814.979190796614,2539.65840446949,1.53302091360092,1.24679762125015,2.01597562432289,407.550436258316,11.2366409897804,4.78157004714012,0,14.86805331707,0.32958722114563,5.44448053836823,69.0846915543079,2.12279826402664,310.942510575056,1376.13017508388,67.1234667003155,653.921415418386,0,226.286105841398,82.7700732946396,1169.02386507392,160.938726603985,7.31250110268593,1523.02341726422,9940.58515328169,175.901515036821,52.7015972137451,241.267893731594,2.56465992331505,0.871263325214386,2.89880156517029,210.785275131464,508.990674883127
212.920027285814,30.4055300056934,164.360700517893,9.34211492538452,4.46043288707733,351.168127089739,631.179294347763,322.768125385046,32.9535998702049,909.352008372545,13333.0037583709,590.48494681716,360.855678111315,1116.21876767278,39.3237055540085,17.2606973350048,562.653377562761,0,3392.5132214129,94.4218374788761,123.478374272585,11.5930458903313,339.882990002632,96.9659098386765,57.0500031411648,1554.99331516027,1322.90362381935,178.113354086876,2311.29383951426,260.653729528189,87.5790416300297,550.23290386796,49.452044159174,7861.82951802015,400.684653997421,3124.31285530329,3008.66840341687,4780.98464909196,3617.62183007598,134.803944081068,46.821625828743,579.197197705507,156.869911521673,118.719604164362,46.5346160829067,52.0286928713322,17.6759185791016,3.75083607435226,144.641229003668,0,42.1470329463482,45.515674084425,0,0,0,3.77820226550102,0,18.2379714250565,0,191.174087315798,9.75774747133255,793.128821343184,5.13405993580818,4.94624644517899,7.00293809175491,36.7153849005699,97.8393421173096,49.7463731169701,0,4.55764910578728,11.592994838953,29.965152412653,59.7346968948841,35.8459957242012,1341.4554014504,2374.35511335731,14.5861642360687,2.39487206935883,6.44399642944336,578.638238370419,0,0,53.1828632354736,185.875801861286
538.527883172035,215.561810165644,1189.68992340565,4.31904059648514,5.45267474651337,137.533634662628,558.41378864646,200.880690962076,24.5450866818428,375.431521087885,2267.91749343276,214.300366073847,55.0560039579868,983.415097773075,10.8845608830452,51.5749958157539,7874.72688150406,3392.5132214129,0,31.695750772953,639.078543931246,17.8808454275131,1673.01832532883,65.1147636473179,25.567071646452,5142.37918677926,5579.30617088079,211.043342381716,1961.74875387549,1610.38278055191,36.7666958272457,95.3032067120075,225.779839903116,11836.2535488605,656.716755241156,5805.31071293354,4682.69698777795,5284.35097515583,4195.3549669683,53.9989300966263,36.2250312566757,12.0459123849869,503.366198241711,125.689386844635,156.950137674809,170.749830961227,13.8831991553307,6.6602335870266,8.28451871871948,7.37851357460022,262.186857581139,323.890007972717,0,0,3.93215501308441,121.749761581421,0,18.6074731349945,0,15.3379827737808,0,39.4660042226315,11.8668705523014,0,37.6834861934185,299.30068987608,36.464951723814,465.591953158379,0,56.1831923127174,20.7468637526035,280.253288537264,30.8636787831783,16.6265930533409,1470.58177256584,3294.77169463038,32.7288817167282,20.5420930683613,98.6679283082485,51.4950841367245,0,0,95.9228930473328,413.234866350889
10.6553282141685,0.511183738708496,0,20315.2213561237,177.596893370152,462.953344970942,117.37870195508,364.032129704952,1485.90298599005,7922.99841681123,95.7827750742435,12558.8048551977,64.3728387653828,284.882118850946,872.009449839592,0,4.5439715385437,94.4218374788761,31.695750772953,0,2.33345121145248,8.3913893699646,3.41571494936943,2783.1635415554,1.29693907499313,51.2950776219368,11.7617811262608,1524.18962836266,331.767711102962,13.3328759968281,8.27896204590797,85.9278904795647,3.41381967067719,149.843054383993,26.9447454214096,826.6408829391,35.1427618861198,148.756513178349,38.3090542256832,1187.85666489601,32.0947462320328,47.3220891654491,161.854757606983,5.786168217659,23.5006833970547,34.9939021170139,1000.76923316717,90.3111706078053,6.93668097257614,1.44056570529938,2.48485633730888,0,1237.37850299478,56.7158687710762,545.899044215679,305.180159926414,335.7576431036,243.018765121698,1459.75682899356,33.4364969432354,1169.33156958222,1.95673194527626,398.477822065353,147.634466856718,0,1.26893258094788,6.13444662094116,0,402.094916820526,2.48962584137917,13.0075507164001,0,511.630933970213,1.14956092834473,0.969983994960785,2.58095255494118,941.519898384809,118.589576214552,2.21026438474655,0,27.5114491283894,6.62092477083206,176.473508149385,9.92382803559303
406.63712528348,119.18339663744,3586.11072778702,1.05902934074402,45.4622848033905,18.3580570816994,8867.13967037201,98.3492660820484,25.2147457897663,23.803857833147,192.147021144629,5.07318452000618,136.186143577099,890.107705444098,52.2396232187748,6043.78141492605,4720.42601260543,123.478374272585,639.078543931246,2.33345121145248,0,606.997438192368,44961.1430061758,280.436598569155,41.5737360715866,991.084030419588,3820.56387874484,6383.27921116352,705.032310694456,39345.1542730629,1.21832209825516,12.2022933959961,174.201391160488,18039.2379877567,4530.06904512644,17070.3757664263,4310.58783206344,19086.0688867867,6790.22329431772,186.503893375397,85.9000692367554,26.1113519072533,877.011803597212,42.1883823871613,80.7942155897617,157.630881816149,29.6012513935566,18.1323702037334,2.82705849409103,80.9345445036888,35.1727504134178,104.196299463511,0,3.40686982870102,6.81246891617775,205.38249334693,37.5861069858074,89.9946982860565,6.83240789175034,7.93205457925797,1.54864346981049,1.11779677867889,245.614502668381,10.149950325489,4831.34458306432,92.0119789540768,10.4297815561295,27.3686546981335,1.88955289125443,1774.71522763371,336.067373812199,3021.29933735728,1644.74438041449,0,57.6478976905346,913.597089469433,1075.92892464995,347.009050637484,922.219145268202,2.64908143877983,3.29482090473175,7.90183499455452,150.112864226103,1337.88026383519
4.59249114990234,3099.89124327898,29.952759295702,2.72616314888,24.0730578303337,7.33192500472069,32.0386012494564,29.6412068605423,7862.15692615509,8.58095532655716,35.7863694429398,19.7594892978668,542.847141176462,51.4519277513027,299.561863780022,11155.4009306133,99.7775058448315,11.5930458903313,17.8808454275131,8.3913893699646,606.997438192368,0,1232.78190630674,17361.5549745262,1269.3708409071,115.402882039547,10867.0144345164,1216.47557887435,85.2288630008698,46.2313250005245,115.672366052866,3.48228776454926,6.80140966176987,122.919303804636,91.4751625359058,535.535358250141,146.450725734234,266.207930386066,150.826241254807,357.43774163723,4.74716287851334,56.0607024729252,410.129485279322,25.2307142317295,108.483408927917,118.189469724894,54.6654562056065,11.3063394427299,24.7360007762909,16.711509257555,50.1439432501793,39.1084572672844,34.2742131650448,13.1711450219154,8.15040823817253,98.650814563036,15.1235144734383,349.281953394413,37.813879430294,26.2009401321411,10.1488526761532,42.5229197442532,70.684997677803,25.839376360178,3822.60189294815,54.725174665451,13.5890443325043,14.6871433854103,12.0001884996891,443.443196386099,2016.35607230663,1100.67434680462,1558.05086064339,14.9378181099892,67.682321369648,2490.65652966499,409.725602120161,91.0181199014187,152.951266169548,8.94510695338249,1.02294087409973,0,29.0000179409981,116.315368175507
700.72735580802,166.531639695168,37617.6922243237,0,35.8363940119743,40.1169852614403,8134.19205772877,124.578885704279,19.5220112502575,77.8046092689037,394.904618769884,21.657585144043,183.536064058542,1174.65927395225,38.8380500674248,4685.42880535126,24932.9589872062,339.882990002632,1673.01832532883,3.41571494936943,44961.1430061758,1232.78190630674,0,811.869529545307,17.0571658015251,7349.51634612679,33842.1750397384,6978.30431464314,1171.61451014876,15267.9977993369,3.32260018587112,14.6709581613541,170.690187454224,20906.2436496317,7005.94037020206,39965.9790359437,14549.1745327413,26126.3302271962,19835.2250132263,443.373094022274,250.12109670043,22.8053010106087,3027.91006192565,208.928491711617,851.338285893202,1210.0871874392,92.6696139276028,32.3377177119255,1.43266201019287,33.0760372579098,124.083495974541,989.439544975758,0.623432159423828,28.5802091360092,4.7425352036953,886.420014053583,36.6616282165051,164.032101988792,9.48801124095917,59.153358861804,9.30917608737946,5.04058945178986,181.730370432138,16.05450963974,17052.2060297728,665.543773531914,176.392395704985,158.017145723104,0,2819.75579816103,1014.34697833657,22208.9047657549,2086.97860532999,4.44643408060074,493.387793958187,14905.7788421512,1428.10714358091,148.820416003466,741.403988093138,3.18180426955223,7.37468022108078,2.46412727236748,298.996623858809,3319.9899186492
175.564006626606,4797.9716874361,56.6659691631794,4898.81221351027,375.136523008347,397.279036551714,3151.95556801558,1043.98938590288,27244.3743801415,1143.8157016933,199.629369974136,843.089470952749,870.039914757013,1526.60807624459,3033.92975798249,1822.36335834861,202.9074177742,96.9659098386765,65.1147636473179,2783.1635415554,280.436598569155,17361.5549745262,811.869529545307,0,2320.75566741824,230.385736763477,7020.84293550253,11187.1839998662,1791.41000249982,1021.13457530737,104.645269036293,151.140025347471,565.86413744092,1613.50337225199,1412.79414662719,6466.709138304,482.864223778248,2071.75622373819,745.840087622404,2506.96861794591,123.480665177107,150.896734058857,3782.78422597051,95.1020711660385,301.47099852562,463.409699499607,1137.05071482062,868.469085484743,53.0166069865227,148.209868043661,67.8283978998661,38.20744612813,1836.02463558316,65.2905446887016,1765.72645062208,4027.7591547966,2193.86758098006,3509.68381789327,3690.29521536827,663.170048952103,1305.11190846562,41.4391138553619,2915.64349040389,166.102998256683,2317.44951578975,38.2050909698009,354.667081385851,32.5398802161217,762.131807118654,848.411058574915,886.883497744799,841.993927955627,16215.7600852251,34.2216153144836,154.022781103849,591.304377764463,9991.66480183601,1892.42521113157,1018.8809863627,15.2368722259998,342.43871307373,101.594396233559,1785.32648769021,737.21603512764
4.73659530282021,9606.092435956,8.66593873500824,1.45034325122833,16.8425849080086,18.9770600497723,29.5524987876415,16.8255567252636,1999.9579782784,22.1794083714485,1283.71666646004,13.7664527595043,7542.04034599662,35.9253951907158,122.803383350372,367.905454099178,33.4261965453625,57.0500031411648,25.567071646452,1.29693907499313,41.5737360715866,1269.3708409071,17.0571658015251,2320.75566741824,0,389.525747090578,3175.33335506916,149.468430757523,45.6376238763332,13.018648982048,186.996769994497,45.5080106556416,2.75809013843536,288.091400146484,3.92105543613434,76.5087343156338,47.4215803444386,344.987675368786,11.7796015143394,176.344426542521,3.71961843967438,954.689807713032,219.359181404114,54.4427906572819,54.5974528193474,58.986500620842,9.65529987215996,3.37110897898674,297.297530651093,2.72353667020798,1560.94416451454,46.1081000864506,8.27786481380463,1.21261152625084,2.78375872969627,56.9416446387768,2.56782281398773,39.2006576657295,11.955826073885,358.029453337193,12.3760414719582,1368.34044352174,12.0429264307022,2.4012513756752,23.5053794980049,77.7311460971832,17.2574992477894,114.443838775158,1.83026102185249,36.7905594408512,47.833603322506,99.5704275965691,60.1951306462288,1304.7446860373,507.305156677961,4896.34049069881,42.2943651676178,19.4179254770279,36.0208342671394,179.786226063967,0,1.0509614944458,90.1200596392155,11.046310544014
489.145230025053,573.311260521412,24681.6438295692,9.64224717020988,9.63532516360283,226.785207420588,1861.76753792167,258.123513877392,101.718808323145,649.138255417347,3945.74996253848,384.841387182474,1082.93390604854,1267.89078053832,38.8045371770859,198.469901442528,17562.9891631007,1554.99331516027,5142.37918677926,51.2950776219368,991.084030419588,115.402882039547,7349.51634612679,230.385736763477,389.525747090578,0,41332.9292225838,507.525463938713,1925.22848510742,2082.2121539712,724.899934321642,268.451226353645,152.130546629429,6334.72823870182,1234.02463138103,11981.7387473881,13333.6626842916,5758.48223742843,5191.54102838039,108.763747364283,77.0869726538658,397.023521482944,4505.57103323936,1554.47510957718,1237.67612704635,1390.87031403184,69.5498245954514,78.9108699262142,605.949211269617,61.2803140729666,1986.10845142603,2772.2015915215,0,8.62624481320381,3.8230607509613,1297.07438850403,24.1871673166752,72.720172971487,2.86892208456993,1111.19714969397,7.02628672122955,5380.31639781594,187.015525907278,4.76294031739235,288.088254988194,2609.88933220506,941.656078517437,3350.49343509972,2.50690519809723,576.406267851591,181.020415008068,2294.19729986787,173.091115176678,391.158772438765,17895.3495349586,38401.8249557167,254.926854401827,231.797950536013,977.976937413216,4044.93101489544,6.39362892508507,14.9159674048424,861.051419600844,990.983040034771
455.839742749929,22150.8478811085,36806.4356586337,5.14980852603912,30.1078034937382,62.4202337861061,1565.13263183832,146.731681078672,2143.02633869648,179.011537224054,1048.46729511023,101.338358938694,4343.30874094367,874.75688508153,206.699925810099,8423.98691996932,36927.5308916271,1322.90362381935,5579.30617088079,11.7617811262608,3820.56387874484,10867.0144345164,33842.1750397384,7020.84293550253,3175.33335506916,41332.9292225838,0,3441.38303717971,1401.17495906353,2393.37897104025,1025.48520022631,46.3162190020084,293.620613396168,11056.7640497983,3542.00477012992,33160.4306429923,12778.1620614529,11371.6903583109,12845.8810667992,446.817121356726,257.77928814292,255.821491152048,11339.198099196,1771.97347599268,2848.84978705645,3702.53445953131,205.356029182673,147.412934362888,306.603369325399,94.5612749755383,9922.60513925552,11504.9234482646,7.11473947763443,29.8895358145237,13.6465653181076,3596.7683134675,97.6025513857603,341.305387169123,25.5152807831764,617.161530822515,19.5527225136757,1978.58552703261,435.830294400454,31.3931928873062,9551.14603680372,7583.70226034522,905.324041590095,4647.26416577399,11.9510402679443,1880.34112337232,3144.47165754437,18015.9654197991,1756.3190138638,880.611565738916,18749.2499790937,128969.640563652,1610.60952277482,313.45611384511,1528.11207383871,1260.82152289152,10.04751303792,23.9067773222923,1548.8297021091,2988.28727683425
295.334369897842,318.421589285135,1404.75074464083,1694.77297830582,129.153440088034,397.646811068058,57943.0350428522,1329.49966230989,4368.08235296607,2669.6338442564,279.866645872593,673.933146029711,533.010589241982,2093.70909845829,954.771391034126,1885.25003296137,854.906446397305,178.113354086876,211.043342381716,1524.18962836266,6383.27921116352,1216.47557887435,6978.30431464314,11187.1839998662,149.468430757523,507.525463938713,3441.38303717971,0,3941.87832283974,15075.1681875288,27.6714341640472,239.441784918308,1414.15563702583,8311.77451133728,4372.64881375432,17701.7466951907,1069.38813722134,10883.0106296539,3336.22649726272,1516.04290130734,268.936292648315,161.187820166349,3145.50699922442,99.0106343924999,289.578537106514,401.520834296942,1471.91811951995,790.404085427523,33.4975500702858,124.692627370358,34.5579541921616,56.9495728611946,2658.73423418403,71.3482661545277,1835.88384690881,3744.51752406359,1907.4354210794,1834.28642168641,4939.70186838508,379.213166326284,2219.23315688968,7.029615432024,2649.26508852839,210.903160870075,2249.0395168066,48.3248248398304,53.9483652412891,9.50349575281143,1285.72832244635,970.434119880199,402.254185289145,1109.69362795353,10248.4421370924,7.41553115844727,29.2288180589676,685.837861448526,9329.07946324348,1547.78523474932,909.111875087023,0.530400216579437,301.657301485538,50.9407057464123,1641.50012171268,1026.44623067975
13902.6452771127,72.3698448240757,238.878035098314,161.547225147486,44.1604061126709,1377.89749988914,11574.9623701274,3077.40746894479,372.336820423603,5806.20567846298,4834.54138588905,1701.67453512549,1140.29108884931,26183.8542433083,177.931484729052,42.842866897583,3161.47683170438,2311.29383951426,1961.74875387549,331.767711102962,705.032310694456,85.2288630008698,1171.61451014876,1791.41000249982,45.6376238763332,1925.22848510742,1401.17495906353,3941.87832283974,0,22587.4794887602,159.61690351367,4008.85994851589,3215.38494005799,11148.3520662487,430.639086723328,4753.12965109944,576.53962418437,2831.08266302943,568.059098362923,490.790833055973,174.94987642765,349.091526210308,925.780955255032,31.9202311635017,83.2280092537403,64.6964151859283,240.555520147085,128.945223480463,82.3525086939335,15.7682515084743,41.488751411438,58.2332604825497,35.2804276943207,4.36381122469902,91.4177415668964,1033.47911977768,139.054032206535,199.279831498861,90.789559006691,70.6344373524189,69.0082893371582,48.6616788208485,211.018529415131,11.9115634560585,189.384269028902,50.0383068323135,16.1085862219334,32.0208569765091,16.7261411249638,148.949750781059,13.6316851973534,30.2794394493103,2473.70587450266,5.76044917106628,107.200357377529,406.241022467613,2174.73494583368,153.897790551186,261.833607524633,27.3520705401897,18.2724792361259,10.9659013152122,409.050397127867,113.000481158495
12165.6064671576,55.0541878640652,1716.54469424486,7.90595403313637,34.4976893365383,112.115089178085,7830.48526492715,1098.67663151026,116.173748910427,227.529874235392,425.810550332069,42.7360964119434,263.281460791826,10853.7280962169,109.14423173666,144.302985489368,16243.5010582507,260.653729528189,1610.38278055191,13.3328759968281,39345.1542730629,46.2313250005245,15267.9977993369,1021.13457530737,13.018648982048,2082.2121539712,2393.37897104025,15075.1681875288,22587.4794887602,0,23.8432702124119,104.4236959517,4586.86490169168,24519.5619948506,1742.23848545551,6409.85475039482,920.597193360329,7261.70456624031,1916.70984649658,180.140516936779,130.451604187489,94.0266053378582,902.6060808599,28.5637471079826,60.9704350829124,91.1302927136421,96.7959821522236,105.843774616718,9.04140621423721,48.0437130331993,68.6049098074436,107.582727611065,4.9662407040596,4.703837454319,23.00181427598,692.31400758028,60.2783852815628,82.2029192447662,20.8473397493362,53.9310880303383,9.90331298112869,2.66154187917709,277.802571922541,7.68948632478714,386.460966557264,86.5574424564838,10.2861191630363,38.8343459665775,1.25838160514832,232.944934010506,23.8365871310234,133.80818593502,1666.2271759212,1.16907668113708,92.1304632127285,541.517974644899,1439.50352913141,286.305533111095,314.710792511702,0,45.9894237220287,11.9379801154137,384.550331413746,422.533946156502
13.8293585479259,174.541103333235,3.10562074184418,0.73529314994812,0,37.5460434854031,75.6431985497475,36.5871848762035,116.34107491374,99.5445790588856,771.629359930754,53.4656419456005,1242.48303711414,78.8050601780415,11.0479356050491,13.7868955433369,11.1589078605175,87.5790416300297,36.7666958272457,8.27896204590797,1.21832209825516,115.672366052866,3.32260018587112,104.645269036293,186.996769994497,724.899934321642,1025.48520022631,27.6714341640472,159.61690351367,23.8432702124119,0,89.7420105338097,2.16347950696945,211.601472437382,16.2496609389782,274.808777093887,791.067993313074,337.014552652836,167.277936756611,32.9115405976772,4.45436441898346,277.187349826097,256.269188970327,399.823772579432,91.3492195308208,74.3654273152351,2.06559789180756,6.57165122032166,536.777290135622,3.30671262741089,136.134380191565,5.277419090271,0,0,3.38994348049164,4.72982162237167,0.514477550983429,17.8655128180981,0,851.544867396355,0,4176.3031193912,12.3264731764793,1.05217576026917,7.03971418738365,7.18686565756798,211.729086220264,33.986118376255,0,5.38511049747467,35.4245411157608,13.5885434448719,12.4039842188358,623.630026876926,2553.43721956015,6721.16188299656,3.42555224895477,7.07281655073166,5.62990599870682,2098.25872698426,4.37369191646576,0,80.8669786155224,22.3891699910164
37.8000798821449,2.64309334754944,2.00580862164497,36.6682670414448,1361.92366325855,997.625255525112,640.533299952745,1002.54010787606,46.5667007565498,931.602450639009,2286.88565656543,689.703762948513,738.783426851034,1350.66335693002,1461.82571542263,3.22874319553375,11.1319278180599,550.23290386796,95.3032067120075,85.9278904795647,12.2022933959961,3.48228776454926,14.6709581613541,151.140025347471,45.5080106556416,268.451226353645,46.3162190020084,239.441784918308,4008.85994851589,104.4236959517,89.7420105338097,0,6.00826635956764,8260.91744211316,144.759614706039,5487.75218743086,201.463884890079,616.509470015764,149.232632786036,3259.38862708211,5885.71104341745,377.315968722105,159.120077997446,20.1278284192085,100.441550731659,33.0468814074993,56.8114157915115,52.9661583602428,104.365712165833,2.68632093071938,2.82279577851295,1.92432498931885,3.43594563007355,0,27.2382937073708,202.290464162827,40.8981810808182,30.7365899085999,7.17329970002174,80.396216660738,13.2025661468506,62.1971754133701,18.6982197761536,1.87543404102325,7.12056508660316,0.689613878726959,28.0328932702541,0.475278288125992,3.9560062289238,8.91769149899483,2.65671181678772,0,250.886744171381,2.06786036491394,26.1771276295185,20.2144903838634,311.76814442873,8.52848142385483,18.7970595061779,27.715556114912,21.2388545274734,0.887282997369766,287.3187918365,18.8795575201511
227.287726730108,12.153941988945,66.507349729538,20.0276911258698,0.474250644445419,36.3039791882038,1778.68895941973,62.5996889472008,72.698430031538,164.440875381231,76.7896069586277,13.4339863061905,25.882220864296,309.306224256754,9.30678951740265,22.9141243100166,350.009498238564,49.452044159174,225.779839903116,3.41381967067719,174.201391160488,6.80140966176987,170.690187454224,565.86413744092,2.75809013843536,152.130546629429,293.620613396168,1414.15563702583,3215.38494005799,4586.86490169168,2.16347950696945,6.00826635956764,0,3091.33516049385,35.3480249345303,174.538043916225,57.0608839988708,633.704362004995,73.9209677278996,8.28253722190857,9.32748621702194,6.68555903434753,116.738235384226,4.0540047287941,6.33085486292839,8.4479892551899,8.80582001805305,7.87337002158165,0,1.69549867510796,7.99091136455536,28.3715657293797,10.9347029626369,0,9.95503416657448,58.4616996943951,16.2808332741261,20.0389946699142,24.9621513187885,0.913115441799164,5.94591593742371,0,24.0656111240387,0.474867314100266,58.7276382744312,7.97581788897514,1.06546878814697,6.29100024700165,1.1025867164135,28.7778000533581,6.08838325738907,9.64402112364769,221.186959445477,0,9.17065244913101,71.2093734443188,204.650411367416,21.1970367133617,46.4049468040466,0,3.03030210733414,2.1978257894516,41.4591055512428,21.2608721256256
1688.50744128227,308.855519354343,2234.71160069108,107.452133536339,60.1002086102962,771.169250279665,7316.96770250797,819.275780856609,219.162695944309,3162.2685148716,18986.3622114956,985.144776374102,3562.12880817056,3006.97578960657,65.0502547323704,522.963909208775,8468.76816123724,7861.82951802015,11836.2535488605,149.843054383993,18039.2379877567,122.919303804636,20906.2436496317,1613.50337225199,288.091400146484,6334.72823870182,11056.7640497983,8311.77451133728,11148.3520662487,24519.5619948506,211.601472437382,8260.91744211316,3091.33516049385,0,320.01051351428,3626.9469344914,2260.81214037538,4122.65745016932,819.942453920841,237.507235229015,114.820065557957,1710.58194363117,1076.50517624617,112.027516335249,150.934543639421,185.98665958643,187.648740768433,141.000125586987,318.69079720974,22.128646761179,325.919807344675,593.806885570288,31.344341725111,2.0002638399601,138.729842334986,905.739454358816,156.900292694569,99.875776052475,123.151839107275,132.808128610253,51.633092135191,228.462102562189,286.132205218077,8.22326934337616,387.125335752964,435.771578103304,38.0584404170513,267.112342596054,14.4319498538971,150.094355940819,67.3925318717957,625.634631961584,1384.36981210113,19.0821515917778,755.198563456535,3650.98798669875,1298.28208947182,169.869299948215,229.988440513611,52.1676950156689,19.0367303490639,8.37440618872643,461.145085453987,151.276516348124
120.446489870548,54.4910145401955,716.36055803299,68.4262531995773,531.571805179119,8672.33061829209,2851.96913000941,205.713859915733,140.309319406748,1190.53624230623,108.696363896132,6184.70350313187,153.413384974003,325.741056799889,2793.71284458041,1465.81802195311,885.475572407246,400.684653997421,656.716755241156,26.9447454214096,4530.06904512644,91.4751625359058,7005.94037020206,1412.79414662719,3.92105543613434,1234.02463138103,3542.00477012992,4372.64881375432,430.639086723328,1742.23848545551,16.2496609389782,144.759614706039,35.3480249345303,320.01051351428,0,13057.4571889043,4359.02063813806,1241.74546933174,7517.95995172858,362.841337323189,179.085398077965,56.4578472077847,3023.40098944306,1278.52540460229,323.378439635038,3224.54038786888,127.708682209253,186.456486135721,14.2383422851562,13.994115114212,54.3961353600025,212.931306034327,6.75328698754311,120.605773746967,278.279297113419,394.745295017958,63.9669627845287,45.7166865766048,105.459024250507,50.5757484734058,1855.847592026,16.8600544631481,38.754968225956,221.851581573486,623.8583111763,36.6748820841312,152.062415957451,54.346636235714,4.93880748748779,577.706455290318,32.8506851196289,1546.46420222521,439.812340021133,1.2033064365387,566.470100224018,1688.86005881429,883.3974865973,51.2785113751888,161.929997205734,43.6438319981098,24.4127095341682,3.42450353503227,121.380578279495,324912.148950696
491.35099542141,454.16428732872,6390.43651512265,848.428610533476,1111.40759912133,3766.25072476268,15146.4216509461,3228.74028232694,624.736411094666,12578.8797852099,1830.50568658113,3558.35165905952,1443.76026597619,4083.5734551549,483.535588741302,7213.88142991066,6936.39787378907,3124.31285530329,5805.31071293354,826.6408829391,17070.3757664263,535.535358250141,39965.9790359437,6466.709138304,76.5087343156338,11981.7387473881,33160.4306429923,17701.7466951907,4753.12965109944,6409.85475039482,274.808777093887,5487.75218743086,174.538043916225,3626.9469344914,13057.4571889043,0,26223.5201049447,10052.1182647049,12957.2719942331,12570.5384892821,2785.78013694286,1899.51976886392,1901.66634947062,212.62354850769,482.968667119741,475.931651830673,510.529129952192,327.190928041935,138.914864957333,34.0596055388451,513.700553655624,888.849447160959,144.554665535688,11.7687628269196,435.542017459869,1643.58889514208,466.194469571114,289.854988694191,480.40972468257,164.637915551662,179.73592376709,87.9003708958626,651.836174786091,17.1181495785713,1579.74841162562,563.849892109632,120.644197434187,329.634780317545,73.161789059639,270.088219702244,260.759660363197,2008.68620491028,2839.87969008088,29.0963105261326,1341.37205243111,6797.58588939905,2451.25411176682,363.176405996084,292.95481684804,92.2672964930534,77.2511114776134,11.154301404953,1080.4708032012,3580.73077368736
149.647042304277,248.865636795759,3417.65572828054,14.7887581586838,15.6204234957695,192.705613434315,962.40502846241,159.728191435337,80.1200067102909,458.167924553156,1823.46206203103,228.855201691389,2290.09557536244,379.850139319897,42.2777713537216,1605.39716488123,5599.53017172217,3008.66840341687,4682.69698777795,35.1427618861198,4310.58783206344,146.450725734234,14549.1745327413,482.864223778248,47.4215803444386,13333.6626842916,12778.1620614529,1069.38813722134,576.53962418437,920.597193360329,791.067993313074,201.463884890079,57.0608839988708,2260.81214037538,4359.02063813806,26223.5201049447,0,12503.2635928988,21048.5149701536,315.104204237461,610.980652928352,1653.07623010874,603.85274541378,171.174888402224,124.580374240875,231.378054231405,22.8456220030785,19.8932859897614,428.371532589197,8.81760334968567,325.998042374849,413.320533126593,4.57223299145699,5.12973982095718,15.3942934274673,197.756645202637,23.9101669788361,27.895103096962,17.2045222520828,176.458997666836,17.4205124378204,397.440299987793,38.2899452447891,9.08508485555649,328.076116323471,278.894913583994,59.8957664966583,232.995445817709,2.35934382677078,65.6212569773197,42.4321807026863,554.035631924868,216.037406384945,57.0293036699295,1385.93792837858,4271.19937455654,188.76245072484,31.8210465908051,86.5369063615799,186.716388940811,1.31768703460693,1.35697370767593,137.779128789902,2277.25545480847
570.241674691439,179.803936481476,1971.45257613063,136.754011392593,47.8353610634804,735.501433730125,7673.56424471736,607.542395085096,202.231907129288,3294.92953529954,3764.88667953014,917.376488476992,5186.58488410711,1559.76125431061,108.549472302198,2747.00379398465,2379.8779090941,4780.98464909196,5284.35097515583,148.756513178349,19086.0688867867,266.207930386066,26126.3302271962,2071.75622373819,344.987675368786,5758.48223742843,11371.6903583109,10883.0106296539,2831.08266302943,7261.70456624031,337.014552652836,616.509470015764,633.704362004995,4122.65745016932,1241.74546933174,10052.1182647049,12503.2635928988,0,12796.842169553,590.923847436905,1249.69543379545,9533.10769015551,1167.25415301323,116.772972166538,755.295895904303,396.292569190264,335.59224113822,327.750138431787,568.978180706501,13.4275281131268,176.661668539047,278.139903366566,36.3000632226467,12.0671751499176,195.928814798594,971.83155605197,288.19121876359,110.883873134851,189.84632641077,494.00285884738,112.734064549208,279.128188371658,295.018909573555,16.7458482682705,824.156042605639,190.38038238883,196.927701979876,141.109675347805,43.1549122035503,163.555289715528,106.841982930899,918.757163524628,1454.32199904323,31.9201270341873,795.781271785498,2752.35259224474,1223.96864840388,137.521335601807,178.782228291035,174.732640087605,150.46860653162,13.0882201492786,1602.37253010273,487.030383199453
226.290322929621,115.05097591877,2565.82098913193,26.9741269350052,29.6476076841354,213.669601291418,2639.67939299345,215.300573945045,60.1081092059612,746.525838404894,883.055138140917,233.63604965806,931.303320914507,589.660945504904,40.306025236845,2092.83062514663,3040.60482448339,3617.62183007598,4195.3549669683,38.3090542256832,6790.22329431772,150.826241254807,19835.2250132263,745.840087622404,11.7796015143394,5191.54102838039,12845.8810667992,3336.22649726272,568.059098362923,1916.70984649658,167.277936756611,149.232632786036,73.9209677278996,819.942453920841,7517.95995172858,12957.2719942331,21048.5149701536,12796.842169553,0,804.768622636795,1255.30866479874,872.226787894964,669.724482387304,133.195797026157,433.35159766674,510.380706548691,178.360574871302,147.251452952623,63.3425433039665,7.50347092747688,117.798009693623,279.924952864647,15.7876248061657,12.8705429136753,61.9069087207317,281.222563713789,99.3294689953327,39.1712875068188,94.302568167448,167.501476317644,74.7618803977966,86.3766159713268,86.2222775816917,15.7538548707962,571.624941915274,172.50699415803,107.698739022017,90.4857712984085,23.8556009829044,111.68195310235,62.3298082053661,728.09058329463,373.084217011929,11.8148027658463,555.413352429867,2268.3442851007,363.80945622921,46.3723776340485,83.0612177550793,83.5681413114071,81.4831034243107,1.33974969387054,488.107173651457,5471.54455924034
24.3577009141445,246.828955739737,42.7484736144543,1060.90182095766,11395.4802013338,6901.38183677197,1261.12645608187,1289.66943246126,1549.14056009054,2766.97620925307,233.061644941568,8418.92456015944,934.171604812145,637.648364663124,7609.29552665353,65.469630241394,48.8726871311665,134.803944081068,53.9989300966263,1187.85666489601,186.503893375397,357.43774163723,443.373094022274,2506.96861794591,176.344426542521,108.763747364283,446.817121356726,1516.04290130734,490.790833055973,180.140516936779,32.9115405976772,3259.38862708211,8.28253722190857,237.507235229015,362.841337323189,12570.5384892821,315.104204237461,590.923847436905,804.768622636795,0,852.953030109406,472.635282039642,1105.25709742308,20.9538142979145,107.058577418327,87.102368324995,1363.52069723606,184.492261588573,33.5607782006264,5.12867373228073,3.0778124332428,4.76943218708038,169.570924520493,46.7970991134644,395.113219618797,660.142420530319,314.805798113346,118.421870440245,482.365621745586,104.490713566542,593.395940214396,19.9180527627468,466.423361748457,113.618301212788,32.1843925714493,2.90512013435364,54.2575705945492,2.12394005060196,180.942242115736,21.0553459823132,10.6245621740818,21.8357341885567,808.973972737789,2.65752291679382,31.3342459797859,60.9173800051212,805.959162950516,186.601949751377,37.1761897206306,20.8512273728848,60.3822805285454,1.74788856506348,2102.30184748769,158.33429402113
9.15438616275787,3.12381267547607,47.3955206274986,18.673125565052,899.033311605453,455.714615046978,475.428513675928,207.647408038378,29.0581307411194,413.99893450737,35.7016281485558,137.959721058607,124.946902394295,162.155803054571,56.7366889417171,27.5075960159302,54.536827981472,46.821625828743,36.2250312566757,32.0947462320328,85.9000692367554,4.74716287851334,250.12109670043,123.480665177107,3.71961843967438,77.0869726538658,257.77928814292,268.936292648315,174.94987642765,130.451604187489,4.45436441898346,5885.71104341745,9.32748621702194,114.820065557957,179.085398077965,2785.78013694286,610.980652928352,1249.69543379545,1255.30866479874,852.953030109406,0,497.973869979382,236.274931639433,38.8768675327301,388.294370979071,156.430545151234,165.56290525198,160.133611321449,168.403655648232,0.983043015003204,1.13907432556152,4.10079002380371,8.38170355558395,2.34229254722595,64.6287853419781,147.801214009523,111.08000677824,14.6825028955936,80.9497600197792,277.703519999981,49.033089697361,92.3440841734409,62.9627597033978,2.40009194612503,12.9346165060997,5.23687323927879,160.494913935661,4.4117859005928,25.1739264428616,9.26992025971413,0.800792008638382,18.131291359663,130.146894872189,2.3070804476738,96.1634756028652,62.782657712698,140.810397773981,31.2767635285854,18.138970553875,68.4360752105713,93.0244626700878,2.23851457238197,541.647771596909,56.1798357367516
41.8428766727448,144.074328184128,5.22365021705627,11.3245268166065,25.776877194643,308.356127470732,466.2072032094,253.293904900551,83.267211407423,540.800739824772,6073.78308692575,321.931459367275,8335.40778717399,330.396760374308,40.8018962740898,10.6292771697044,7.50872617959976,579.197197705507,12.0459123849869,47.3220891654491,26.1113519072533,56.0607024729252,22.8053010106087,150.896734058857,954.689807713032,397.023521482944,255.821491152048,161.187820166349,349.091526210308,94.0266053378582,277.187349826097,377.315968722105,6.68555903434753,1710.58194363117,56.4578472077847,1899.51976886392,1653.07623010874,9533.10769015551,872.226787894964,472.635282039642,497.973869979382,0,81.3815006911755,231.855690896511,24.3378345966339,13.3492562770844,86.235257089138,9.35243457555771,2103.9233083725,3.84418964385986,93.7646341323853,2.07606065273285,0.611388742923737,0,11.4005466997623,131.942927062511,19.1558872759342,32.6163381934166,10.7130853831768,483.795337080956,15.1576353907585,952.70304992795,24.9109834730625,3.0515923500061,8.24694275856018,6.91934448480606,26.208535939455,6.61196488142014,3.12510612607002,3.00373783707619,9.69944047927856,5.91876730322838,209.760139495134,89.7061007618904,150.575774848461,547.129490971565,205.195390939713,7.99281969666481,20.574266910553,165.639773309231,5.46919021010399,1.66283369064331,394.785863399506,16.9575128555298
85.5704265534878,170.547089636326,2095.94316363335,81.2658181488514,34.9128421247005,477.9936594069,1727.71134310961,1597.2288928628,676.111710429192,943.079306781292,164.208975017071,234.858803659678,492.824787408113,1527.51243582368,134.437111020088,1411.65369158983,1434.41259196401,156.869911521673,503.366198241711,161.854757606983,877.011803597212,410.129485279322,3027.91006192565,3782.78422597051,219.359181404114,4505.57103323936,11339.198099196,3145.50699922442,925.780955255032,902.6060808599,256.269188970327,159.120077997446,116.738235384226,1076.50517624617,3023.40098944306,1901.66634947062,603.85274541378,1167.25415301323,669.724482387304,1105.25709742308,236.274931639433,81.3815006911755,0,12978.3744464815,4983.91184535623,9071.95459574461,14384.4976223111,5116.32922658324,1202.20535194874,115.539623558521,697.55489847064,4376.60675919056,690.038039058447,349.319268226624,1891.2212087512,12382.2926948965,3795.77803245187,686.520948201418,5009.36375966668,4059.71253442764,1997.77732500434,1099.65395244956,4041.53095299006,239.12612041831,12484.9694224298,620.629467517138,5302.33793455362,954.825444355607,1213.48013451695,12365.2052236497,529.413996011019,31816.8339903057,7832.06799143553,73.888141721487,11060.0997685492,33202.1684800982,15951.2434649765,1502.6890437007,2353.10477620363,1716.19919487834,3921.05000680685,30.5015605390072,9705.97599768639,14949.3536948562
5.29906949400902,28.4956251382828,165.905321389437,2.01851731538773,30.7434442043304,7.84705197811127,92.8927457332611,40.8622995913029,17.3234103620052,25.0507423579693,489.935742855072,12.9799051880836,1319.13976332545,42.6612586677074,19.6216909885406,86.2737720608711,220.520617246628,118.719604164362,125.689386844635,5.786168217659,42.1883823871613,25.2307142317295,208.928491711617,95.1020711660385,54.4427906572819,1554.47510957718,1771.97347599268,99.0106343924999,31.9202311635017,28.5637471079826,399.823772579432,20.1278284192085,4.0540047287941,112.027516335249,1278.52540460229,212.62354850769,171.174888402224,116.772972166538,133.195797026157,20.9538142979145,38.8768675327301,231.855690896511,12978.3744464815,0,3247.14104625583,14748.3486630619,499.47895732522,540.902304440737,432.988599598408,27.9546342492104,124.770900040865,1081.56408977509,21.3134441971779,41.4591688513756,81.2693146765232,1122.93795931339,137.935371637344,37.4283576309681,248.017787456512,2231.50408181548,124.148896753788,1543.812808007,198.556123942137,17.313876003027,862.48484224081,925.210282564163,942.852145671844,1722.05799680948,64.090710401535,852.773273169994,63.7448783516884,3121.64415222406,247.378175824881,51.7831441164017,1983.66060945392,4483.21248114109,635.044508755207,140.893154531717,609.580943107605,894.326430171728,161.38097050786,10.0171358883381,1126.47034753859,3263.25012764335
10.9539198875427,49.317812949419,470.122035950422,7.30562520027161,24.4549562931061,113.66442066431,190.729698270559,186.172797083855,50.9921340048313,196.392925560474,47.007089048624,68.2302118241787,185.613396525383,188.892888754606,20.5084292888641,272.953004568815,265.75751337409,46.5346160829067,156.950137674809,23.5006833970547,80.7942155897617,108.483408927917,851.338285893202,301.47099852562,54.5974528193474,1237.67612704635,2848.84978705645,289.578537106514,83.2280092537403,60.9704350829124,91.3492195308208,100.441550731659,6.33085486292839,150.934543639421,323.378439635038,482.968667119741,124.580374240875,755.295895904303,433.35159766674,107.058577418327,388.294370979071,24.3378345966339,4983.91184535623,3247.14104625583,0,11745.9581755698,213.030246883631,1023.28946578503,1087.34229192138,277.299349635839,127.86155217886,685.846491605043,40.5033615529537,13.9187478125095,83.9337096810341,3077.13332948089,213.850553095341,88.1974783539772,422.311844795942,3154.9888895452,193.267516344786,878.053371787071,794.161523759365,25.725322753191,2088.48618489504,277.23323225975,3522.72055016458,614.218825593591,83.4204473793507,7216.0134356916,103.098901182413,15439.0025091618,1112.15994212031,23.7774445414543,4015.46113678813,8145.95539014041,4633.98941101134,2054.39335584641,2508.07880842686,981.920955479145,88.080022841692,259.761301368475,2378.1017011106,978.832089304924
10.2161119878292,55.2717874646187,677.933310687542,11.6707818508148,108.298990041018,79.2259317934513,264.650091797113,239.374436438084,63.6873586177826,190.024252474308,35.1392960548401,58.4709716439247,115.356988757849,207.217499524355,84.3961280882359,374.117557108402,370.66180357337,52.0286928713322,170.749830961227,34.9939021170139,157.630881816149,118.189469724894,1210.0871874392,463.409699499607,58.986500620842,1390.87031403184,3702.53445953131,401.520834296942,64.6964151859283,91.1302927136421,74.3654273152351,33.0468814074993,8.4479892551899,185.98665958643,3224.54038786888,475.931651830673,231.378054231405,396.292569190264,510.380706548691,87.102368324995,156.430545151234,13.3492562770844,9071.95459574461,14748.3486630619,11745.9581755698,0,2212.18554461002,1077.84935238957,31.392843991518,129.494652569294,203.379275619984,1323.15141880512,82.0665876567364,319.833960801363,166.421349853277,3876.31082698703,336.222763866186,134.321631342173,720.666799485683,479.322005152702,268.800487011671,166.03332939744,769.17070363462,35.4743020534515,2958.74702948332,278.043042629957,2779.34733635187,547.907299488783,141.509415715933,4640.47028383613,118.884887546301,19336.8004661202,1301.68820810318,14.821519613266,4765.79359689355,13520.8191413283,3870.77223592997,769.592401564121,1243.98024880886,475.836095899343,232.599273741245,61.1069254875183,1153.24457712471,6395.49548089504
11.083180129528,14.0814602077007,32.2018798291683,706.291472911835,33.2465738654137,541.35768699646,683.074813455343,749.00548607111,381.449173480272,2782.91106253862,42.4039418697357,1528.6280027926,149.413668394089,550.231751143932,156.0694642663,84.7311899662018,24.2048981189728,17.6759185791016,13.8831991553307,1000.76923316717,29.6012513935566,54.6654562056065,92.6696139276028,1137.05071482062,9.65529987215996,69.5498245954514,205.356029182673,1471.91811951995,240.555520147085,96.7959821522236,2.06559789180756,56.8114157915115,8.80582001805305,187.648740768433,127.708682209253,510.529129952192,22.8456220030785,335.59224113822,178.360574871302,1363.52069723606,165.56290525198,86.235257089138,14384.4976223111,499.47895732522,213.030246883631,2212.18554461002,0,669.328132480383,39.4749569892883,29.6629992425442,211.042742609978,61.4052301645279,2595.67812904716,8833.4881503582,3469.93575817347,1762.24806216359,2131.52799576521,1643.22475835681,1682.15298816562,325.320648044348,3815.37526634336,78.240660071373,813.896154910326,5377.49093908072,401.064144343138,3.76728403568268,263.093582600355,12.535465657711,1035.47305175662,863.509650826454,801.70865932107,1402.51925185323,3213.37385421991,157.731961756945,239.038571149111,1009.99463218451,3423.27578857541,444.895283728838,319.805669009686,60.7755762636662,1042.61387431622,16.6694968938828,3130.78823632002,250.657475441694
10.9137625396252,5.91157406568527,26.7468965053558,64.452606856823,6.66363298892975,227.516371071339,625.467070490122,557.935284882784,124.33814650774,646.226741284132,1.98970675468445,164.290268242359,23.6714910566807,516.051790028811,30.7427955269814,20.617066681385,20.596413731575,3.75083607435226,6.6602335870266,90.3111706078053,18.1323702037334,11.3063394427299,32.3377177119255,868.469085484743,3.37110897898674,78.9108699262142,147.412934362888,790.404085427523,128.945223480463,105.843774616718,6.57165122032166,52.9661583602428,7.87337002158165,141.000125586987,186.456486135721,327.190928041935,19.8932859897614,327.750138431787,147.251452952623,184.492261588573,160.133611321449,9.35243457555771,5116.32922658324,540.902304440737,1023.28946578503,1077.84935238957,669.328132480383,0,41.6085917949677,15.3243195712566,16.108096241951,75.0069280564785,222.12127366662,3280.78901949525,1962.20145654678,2626.7251740098,1088.21256440878,118.435096144676,1444.71767136455,222.824508875608,743.950857877731,39.2309464812279,590.97935116291,155.827086120844,63.0820209681988,5.58169478178024,139.664879322052,23.3082780838013,311.845426499844,115.568965375423,19.4172252118587,211.772586017847,873.297710597515,4.34187808632851,238.501102119684,587.938034385443,1428.06438016891,342.82061201334,188.798896789551,51.7491766810417,8900.9590293169,27.4920074939728,786.875057220459,528.256851375103
7.74781358242035,49.2328988313675,0.48395624756813,1.10533952713013,8.42924308776855,67.2964418232441,74.1562061607838,65.9579101502895,21.0250471234322,77.7593432366848,2459.23208612204,61.6194578409195,6205.85091301799,63.0980493426323,5.48158478736877,5.03696668148041,6.32327502965927,144.641229003668,8.28451871871948,6.93668097257614,2.82705849409103,24.7360007762909,1.43266201019287,53.0166069865227,297.297530651093,605.949211269617,306.603369325399,33.4975500702858,82.3525086939335,9.04140621423721,536.777290135622,104.365712165833,0,318.69079720974,14.2383422851562,138.914864957333,428.371532589197,568.978180706501,63.3425433039665,33.5607782006264,168.403655648232,2103.9233083725,1202.20535194874,432.988599598408,1087.34229192138,31.392843991518,39.4749569892883,41.6085917949677,0,2.32873630523682,522.46348887682,2.98166939616203,4.13487309217453,0.639957070350647,21.8901217877865,97.3126501739025,18.1748761236668,200.830092817545,56.8481904566288,11691.6526623964,41.9250245392323,12218.449482888,41.5662712454796,16.9554657042027,49.3780905604362,0.738237321376801,290.401886820793,3.83865350484848,19.6657183766365,23.4950210154057,302.446505755186,27.6037574708462,158.025342732668,504.354042470455,335.742810040712,726.765742212534,55.1555685698986,65.0417771041393,10.632000297308,887.999187350273,40.2203870415688,1.6863811314106,5652.98593193293,36.866734534502
4.54479053616524,6.16575965285301,11.0990314185619,0,0,5.37107336521149,30.4809955358505,20.706673681736,41.3911007642746,13.3470457196236,1.61693233251572,0.943405568599701,1.41728442907333,23.044396430254,0,73.1196829676628,22.0187532603741,0,7.37851357460022,1.44056570529938,80.9345445036888,16.711509257555,33.0760372579098,148.209868043661,2.72353667020798,61.2803140729666,94.5612749755383,124.692627370358,15.7682515084743,48.0437130331993,3.30671262741089,2.68632093071938,1.69549867510796,22.128646761179,13.994115114212,34.0596055388451,8.81760334968567,13.4275281131268,7.50347092747688,5.12867373228073,0.983043015003204,3.84418964385986,115.539623558521,27.9546342492104,277.299349635839,129.494652569294,29.6629992425442,15.3243195712566,2.32873630523682,0,16.2861155867577,59.0564508140087,1.27140340209007,0.944224238395691,7.38151559233665,8627.3228303194,231.75347507,18.6767228543758,96.7126466929913,122.103061079979,23.6248471736908,7.55383992195129,8713.48115643859,2.33925342559814,44.3456426858902,32.6348153650761,253.280691951513,121.96189302206,15.8826632797718,44.2081305980682,17.2177192568779,60.1830905377865,141.199577063322,2.13832277059555,252.30777028203,368.287712618709,153.692807346582,9838.70750409365,2281.33624538779,17.6491399109364,7.05854579806328,62.6714586019516,844.579630851746,45.190887093544
22.1621547937393,1505.41014742851,331.885070413351,1.46850377321243,0,6.36357694864273,30.6873523294926,4.7065717279911,24.3864916265011,14.4731282293797,199.78307813406,2.52046102285385,1058.50462520123,32.7096245586872,1.26929837465286,21.9117064774036,814.979190796614,42.1470329463482,262.186857581139,2.48485633730888,35.1727504134178,50.1439432501793,124.083495974541,67.8283978998661,1560.94416451454,1986.10845142603,9922.60513925552,34.5579541921616,41.488751411438,68.6049098074436,136.134380191565,2.82279577851295,7.99091136455536,325.919807344675,54.3961353600025,513.700553655624,325.998042374849,176.661668539047,117.798009693623,3.0778124332428,1.13907432556152,93.7646341323853,697.55489847064,124.770900040865,127.86155217886,203.379275619984,211.042742609978,16.108096241951,522.46348887682,16.2861155867577,0,330.824511259794,0.741769075393677,50.9758821427822,11.4378614127636,218.679378062487,12.6913374066353,1971.56482678652,3.3812595307827,350.949381053448,22.5092299282551,1184.55155405402,48.8284839987755,150.350243777037,772.933961540461,456.000122874975,30.3352110385895,260.576876908541,3.81833636760712,137.175980597734,2090.47183290124,439.17047432065,2615.38600188494,7996.47539883852,658.756324291229,18233.1197942793,114.912236899137,69.1443308889866,179.054174721241,73.3975195288658,2.89959463477135,3.56625711917877,217.494646966457,110.505591452122
26.9422222971916,164.468788385391,4187.94691240788,0,1.22940409183502,0.433038085699081,102.432038187981,3.04626458883286,5.96342882514,3.13025626540184,32.0941837728024,0.495884090662003,17.8938738107681,31.6259552538395,2.62246251106262,92.4001555740833,2539.65840446949,45.515674084425,323.890007972717,0,104.196299463511,39.1084572672844,989.439544975758,38.20744612813,46.1081000864506,2772.2015915215,11504.9234482646,56.9495728611946,58.2332604825497,107.582727611065,5.277419090271,1.92432498931885,28.3715657293797,593.806885570288,212.931306034327,888.849447160959,413.320533126593,278.139903366566,279.924952864647,4.76943218708038,4.10079002380371,2.07606065273285,4376.60675919056,1081.56408977509,685.846491605043,1323.15141880512,61.4052301645279,75.0069280564785,2.98166939616203,59.0564508140087,330.824511259794,0,1.74746799468994,4.81986224651337,5.83452069759369,1757.09578508139,36.56115680933,5.55039003491402,17.9701038300991,67.0494249165058,2.57902112603188,1.25183606147766,209.0291454494,0,238.655245810747,27910.7614273131,367.931526452303,2564.96193578839,4.51743116974831,1102.47216781974,68.483280390501,27349.1752388179,98.5635966658592,3.85607719421387,40248.1765289009,33508.9160443097,807.960391759872,145.370739728212,731.254389196634,5.46095386147499,4.57000291347504,9.02964687347412,730.661871612072,573.788762509823
0,13.7599757611752,0,1859.27741265297,4.85480207204819,98.5609801113605,623.647647351027,68.6241368949413,2416.95696878433,3386.49337428808,2.05083060264587,480.208375751972,2.23902827501297,80.917869925499,23.235971391201,0,1.53302091360092,0,0,1237.37850299478,0,34.2742131650448,0.623432159423828,1836.02463558316,8.27786481380463,0,7.11473947763443,2658.73423418403,35.2804276943207,4.9662407040596,0,3.43594563007355,10.9347029626369,31.344341725111,6.75328698754311,144.554665535688,4.57223299145699,36.3000632226467,15.7876248061657,169.570924520493,8.38170355558395,0.611388742923737,690.038039058447,21.3134441971779,40.5033615529537,82.0665876567364,2595.67812904716,222.12127366662,4.13487309217453,1.27140340209007,0.741769075393677,1.74746799468994,0,360.867723017931,366.555672198534,127.9901432693,136.188720345497,4782.54239827394,3974.63436064124,94.3157515823841,4811.68409836292,8.20919302105904,215.668765842915,1748.42798376083,1.16482502222061,0.519713461399078,115.460107624531,11.5642404556274,29670.9575299919,1.56266382336617,8.859259724617,6.44117909669876,8806.53925669193,1.46614339947701,92.3695400953293,24.5218086242676,3159.54616862535,204.192102015018,4.19703260064125,16.3767442405224,86.7791089117527,11.060206502676,341.015095323324,85.3765494525433
0,2.39294755458832,5.17360708117485,37.3821458220482,0,16.6912651658058,24.1950081586838,4.72154718637466,41.0285565257072,107.563762456179,0,79.0250392258167,3.88971310853958,11.105863571167,1.76596868038177,8.18231278657913,1.24679762125015,0,0,56.7158687710762,3.40686982870102,13.1711450219154,28.5802091360092,65.2905446887016,1.21261152625084,8.62624481320381,29.8895358145237,71.3482661545277,4.36381122469902,4.703837454319,0,0,0,2.0002638399601,120.605773746967,11.7687628269196,5.12973982095718,12.0671751499176,12.8705429136753,46.7970991134644,2.34229254722595,0,349.319268226624,41.4591688513756,13.9187478125095,319.833960801363,8833.4881503582,3280.78901949525,0.639957070350647,0.944224238395691,50.9758821427822,4.81986224651337,360.867723017931,0,1110.96073961258,156.824835121632,57.8458379507065,499.927149772644,108.346403121948,23.61785197258,419.540613055229,10.3444413244724,55.9036115705967,7689.57040441036,141.510730147362,3.42067569494247,21.7371241152287,0,100.627960443497,176.654799818993,194.458883076906,494.204598754644,659.258564323187,29.0560465157032,7.65002191066742,159.935909122229,444.884713381529,49.3673958480358,38.1981425881386,3.58543413877487,169.281173944473,2.55202221870422,161.49842569232,236.544714331627
7.97267690300941,4.03088086843491,2.52158316969872,501.054547429085,18.1263067424297,349.363727211952,999.710467666388,608.293110460043,313.444028109312,3226.55949115753,4.17376154661179,797.382708013058,33.9452652931213,616.205788552761,61.1728807985783,7.01596838235855,2.01597562432289,0,3.93215501308441,545.899044215679,6.81246891617775,8.15040823817253,4.7425352036953,1765.72645062208,2.78375872969627,3.8230607509613,13.6465653181076,1835.88384690881,91.4177415668964,23.00181427598,3.38994348049164,27.2382937073708,9.95503416657448,138.729842334986,278.279297113419,435.542017459869,15.3942934274673,195.928814798594,61.9069087207317,395.113219618797,64.6287853419781,11.4005466997623,1891.2212087512,81.2693146765232,83.9337096810341,166.421349853277,3469.93575817347,1962.20145654678,21.8901217877865,7.38151559233665,11.4378614127636,5.83452069759369,366.555672198534,1110.96073961258,0,9496.55933043361,12619.2022856474,460.928326457739,29393.1700492501,485.874092012644,7945.31907758117,67.0579577684402,1785.300347507,2412.50236719847,4.46387800574303,2.24415922164917,408.059751689434,18.0114256441593,1358.60743564367,5.95557627081871,41.9749754667282,13.9173521101475,1367.17306300998,4.55791690945625,203.317662239075,79.7080958485603,1537.9898968935,539.936952710152,22.9556274116039,78.8881144821644,484.092074006796,13.1745366454124,769.598475784063,3317.63078331947
64.3000074326992,66.4390789568424,1060.19812467694,259.572563171387,29.4410151541233,875.907140731812,2576.21625041962,2685.23545706272,806.587512284517,2025.17705023289,102.243700653315,370.842712253332,96.8168829977512,2419.24546515942,167.364438474178,284.299447089434,407.550436258316,3.77820226550102,121.749761581421,305.180159926414,205.38249334693,98.650814563036,886.420014053583,4027.7591547966,56.9416446387768,1297.07438850403,3596.7683134675,3744.51752406359,1033.47911977768,692.31400758028,4.72982162237167,202.290464162827,58.4616996943951,905.739454358816,394.745295017958,1643.58889514208,197.756645202637,971.83155605197,281.222563713789,660.142420530319,147.801214009523,131.942927062511,12382.2926948965,1122.93795931339,3077.13332948089,3876.31082698703,1762.24806216359,2626.7251740098,97.3126501739025,8627.3228303194,218.679378062487,1757.09578508139,127.9901432693,156.824835121632,9496.55933043361,0,13707.9588843882,505.908635437489,17986.2199195921,2597.4832161963,467.166918426752,219.432596296072,58349.6770070493,218.061939299107,269.6551014781,7233.29970702529,4692.4966159761,3652.3418622613,226.646747201681,8168.81821998954,110.930399626493,12989.7143014371,6361.43013224006,5.05911204218864,7158.64517317712,12107.8518472016,57029.2284715176,14231.6102688313,18684.4639215767,409.920699089766,754.476557463408,1063.65731805563,11808.3937574327,3108.30348876119
8.09504920244217,1.8600027859211,37.3836360573769,242.874679327011,7.89306616783142,384.981267601252,1186.12296670675,817.108940035105,283.864193558693,2617.73896747828,9.07183259725571,467.520382553339,27.6254760622978,863.23322442174,70.4806117117405,54.7291083335876,11.2366409897804,0,0,335.7576431036,37.5861069858074,15.1235144734383,36.6616282165051,2193.86758098006,2.56782281398773,24.1871673166752,97.6025513857603,1907.4354210794,139.054032206535,60.2783852815628,0.514477550983429,40.8981810808182,16.2808332741261,156.900292694569,63.9669627845287,466.194469571114,23.9101669788361,288.19121876359,99.3294689953327,314.805798113346,111.08000677824,19.1558872759342,3795.77803245187,137.935371637344,213.850553095341,336.222763866186,2131.52799576521,1088.21256440878,18.1748761236668,231.75347507,12.6913374066353,36.56115680933,136.188720345497,57.8458379507065,12619.2022856474,13707.9588843882,0,284.71781206131,9644.20332801342,838.761886417866,2624.39066743851,67.4565135836601,12505.9888899922,350.799840927124,28.2602642178535,53.5557216703892,588.705084353685,62.1510343849659,861.182098001242,22.2362543344498,16.3146720230579,86.0521380603313,1283.40255969763,1.86847019195557,395.62462541461,420.101894363761,1104.15220451355,1589.43002730608,539.087957292795,112.989941775799,582.732534170151,34.2563002705574,1382.11260658503,359.593031287193
24.0179380178452,118.89733710885,7.62169724702835,819.470818012953,8.97108352184296,92.5958706438541,448.142670840025,222.720600903034,3741.14660391212,1117.21309232712,56.6815133392811,196.935373812914,173.036549091339,298.633590519428,27.1406292319298,257.817767977715,4.78157004714012,18.2379714250565,18.6074731349945,243.018765121698,89.9946982860565,349.281953394413,164.032101988792,3509.68381789327,39.2006576657295,72.720172971487,341.305387169123,1834.28642168641,199.279831498861,82.2029192447662,17.8655128180981,30.7365899085999,20.0389946699142,99.875776052475,45.7166865766048,289.854988694191,27.895103096962,110.883873134851,39.1712875068188,118.421870440245,14.6825028955936,32.6163381934166,686.520948201418,37.4283576309681,88.1974783539772,134.321631342173,1643.22475835681,118.435096144676,200.830092817545,18.6767228543758,1971.56482678652,5.55039003491402,4782.54239827394,499.927149772644,460.928326457739,505.908635437489,284.71781206131,0,1889.33367404342,162.226319879293,1982.27306121588,331.567193597555,273.719442397356,2443.83091294765,39.0157122612,11.4973719716072,123.551386415958,11.198858320713,737.23218742013,16.1821263432503,9247.24289795756,20.3512271642685,26090.8361231983,1393.73709720373,93.3613258302212,2975.52926182747,6241.27544614673,391.495245337486,52.2365334630013,43.3913038372993,58.0679367184639,58.787632972002,394.065523684025,198.81732583046
0.386555016040802,19.8266580998898,6.80006787180901,2145.40802371502,16.9763261973858,405.695113748312,1723.02012434602,365.400268465281,1959.30573123693,7461.15961307287,0,1121.84554466605,21.6529303789139,496.458458006382,59.6184920966625,7.33016520738602,0,0,0,1459.75682899356,6.83240789175034,37.813879430294,9.48801124095917,3690.29521536827,11.955826073885,2.86892208456993,25.5152807831764,4939.70186838508,90.789559006691,20.8473397493362,0,7.17329970002174,24.9621513187885,123.151839107275,105.459024250507,480.40972468257,17.2045222520828,189.84632641077,94.302568167448,482.365621745586,80.9497600197792,10.7130853831768,5009.36375966668,248.017787456512,422.311844795942,720.666799485683,1682.15298816562,1444.71767136455,56.8481904566288,96.7126466929913,3.3812595307827,17.9701038300991,3974.63436064124,108.346403121948,29393.1700492501,17986.2199195921,9644.20332801342,1889.33367404342,0,1693.48496085405,10124.7379992902,147.17540794611,7634.49681085348,434.001220315695,13.7975409626961,8.71939414739609,2338.54731836915,127.750559687614,4865.60559734702,12.4872458875179,6.61161422729492,46.4791573286057,2795.13833004236,1.08865687251091,1451.97693628073,379.546732470393,5996.4063487947,2630.2188026607,77.0748637914658,270.466914951801,645.419745981693,36.0263576209545,2842.6398896277,774.495082587004
7.53199648857117,48.3992068767548,40.9374830424786,12.3807902038097,7.28070229291916,85.6477955281734,334.52427610755,142.671653270721,181.296944022179,86.5653668045998,1938.17506289482,78.2399349808693,6448.34411066771,118.253101348877,26.7414214015007,17.1542509496212,14.86805331707,191.174087315798,15.3379827737808,33.4364969432354,7.93205457925797,26.2009401321411,59.153358861804,663.170048952103,358.029453337193,1111.19714969397,617.161530822515,379.213166326284,70.6344373524189,53.9310880303383,851.544867396355,80.396216660738,0.913115441799164,132.808128610253,50.5757484734058,164.637915551662,176.458997666836,494.00285884738,167.501476317644,104.490713566542,277.703519999981,483.795337080956,4059.71253442764,2231.50408181548,3154.9888895452,479.322005152702,325.320648044348,222.824508875608,11691.6526623964,122.103061079979,350.949381053448,67.0494249165058,94.3157515823841,23.61785197258,485.874092012644,2597.4832161963,838.761886417866,162.226319879293,1693.48496085405,0,1597.29529711604,13463.5583937168,3133.06783775985,95.8952808082104,88.3589644432068,380.399811267853,12248.0134978294,239.807677060366,568.33330604434,613.387445792556,206.065074831247,858.840449303389,578.751116633415,1040.67030969262,2599.00264456868,880.595432817936,777.695802778006,4264.99531704187,833.422836244106,2094.43494230509,2788.84652274847,42.2220375537872,20250.7339090556,280.345571726561
0.638324856758118,8.89946401119232,2.47031262516975,1758.92161133885,21.0942307710648,293.862307369709,657.489414870739,166.62757268548,774.434587985277,4917.85361582041,15.5172190070152,1969.41315919161,22.2319489717484,208.806415915489,84.5668436288834,5.97031846642494,0.32958722114563,9.75774747133255,0,1169.33156958222,1.54864346981049,10.1488526761532,9.30917608737946,1305.11190846562,12.3760414719582,7.02628672122955,19.5527225136757,2219.23315688968,69.0082893371582,9.90331298112869,0,13.2025661468506,5.94591593742371,51.633092135191,1855.847592026,179.73592376709,17.4205124378204,112.734064549208,74.7618803977966,593.395940214396,49.033089697361,15.1576353907585,1997.77732500434,124.148896753788,193.267516344786,268.800487011671,3815.37526634336,743.950857877731,41.9250245392323,23.6248471736908,22.5092299282551,2.57902112603188,4811.68409836292,419.540613055229,7945.31907758117,467.166918426752,2624.39066743851,1982.27306121588,10124.7379992902,1597.29529711604,0,156.849570631981,3186.91131958365,3820.9667660892,5.78906744718552,7.52555921673775,1588.77886673808,59.8486210405827,19843.6795691848,10.3749089837074,67.7919306755066,26.4117115139961,1126.11821845174,6.5809271633625,937.35344594717,161.474423676729,1838.34395894408,1233.28567284346,31.965685158968,266.279791384935,437.519464343786,1.18037092685699,1363.269839257,2429.51474526525
2.18495950102806,118.760791778564,4.14337161183357,0.429503381252289,6.24461498856544,15.926032781601,5.72741648554802,17.6401619017124,52.8315190672874,12.9181707501411,5868.77003526688,15.8380881547928,20701.8797494769,25.4279284775257,2.67098820209503,5.11528453230858,5.44448053836823,793.128821343184,39.4660042226315,1.95673194527626,1.11779677867889,42.5229197442532,5.04058945178986,41.4391138553619,1368.34044352174,5380.31639781594,1978.58552703261,7.029615432024,48.6616788208485,2.66154187917709,4176.3031193912,62.1971754133701,0,228.462102562189,16.8600544631481,87.9003708958626,397.440299987793,279.128188371658,86.3766159713268,19.9180527627468,92.3440841734409,952.70304992795,1099.65395244956,1543.812808007,878.053371787071,166.03332939744,78.240660071373,39.2309464812279,12218.449482888,7.55383992195129,1184.55155405402,1.25183606147766,8.20919302105904,10.3444413244724,67.0579577684402,219.432596296072,67.4565135836601,331.567193597555,147.17540794611,13463.5583937168,156.849570631981,0,212.936583340168,38.5100445449352,82.5812578201294,1.7122029364109,154.320205509663,12.3248302340508,57.6593673229218,29.8928154408932,628.255135804415,47.3333317935467,349.891645848751,7903.01230579615,201.802675396204,1784.60009303689,95.4161810874939,205.435627996922,17.4993726909161,389.433861702681,204.671459674835,2.90649166703224,3408.95458868146,88.3856332302094
29.831438690424,6.52728387713432,105.117944121361,235.538614809513,6.94452783465385,489.228499978781,1522.82556763291,1263.3238517046,441.748522996902,2301.21454852819,5.35988330841064,466.692946523428,58.8914336264133,1174.16557109356,89.4903718233109,295.449698388577,69.0846915543079,5.13405993580818,11.8668705523014,398.477822065353,245.614502668381,70.684997677803,181.730370432138,2915.64349040389,12.0429264307022,187.015525907278,435.830294400454,2649.26508852839,211.018529415131,277.802571922541,12.3264731764793,18.6982197761536,24.0656111240387,286.132205218077,38.754968225956,651.836174786091,38.2899452447891,295.018909573555,86.2222775816917,466.423361748457,62.9627597033978,24.9109834730625,4041.53095299006,198.556123942137,794.161523759365,769.17070363462,813.896154910326,590.97935116291,41.5662712454796,8713.48115643859,48.8284839987755,209.0291454494,215.668765842915,55.9036115705967,1785.300347507,58349.6770070493,12505.9888899922,273.719442397356,7634.49681085348,3133.06783775985,3186.91131958365,212.936583340168,0,204.99567681551,148.759855479002,223.000929921865,2056.72965243459,371.349297136068,1111.87636888027,115.677570879459,69.9490839540958,335.219818294048,1556.04180458188,5.65238478779793,1400.9930460602,1744.61815431714,1727.15993529558,13748.0973573923,4361.05252367258,287.11006051302,811.589432656765,153.973326653242,3431.99259899557,349.07518479228
1.62590909004211,6.0556617975235,6.2641459107399,204.447430074215,4.4049186706543,18.8780882954597,41.4302524328232,19.3596760034561,141.759541869164,375.697413504124,1.03450059890747,200.160620033741,4.47339794039726,16.5602283477783,15.8040506839752,31.8261530399323,2.12279826402664,4.94624644517899,0,147.634466856718,10.149950325489,25.839376360178,16.05450963974,166.102998256683,2.4012513756752,4.76294031739235,31.3931928873062,210.903160870075,11.9115634560585,7.68948632478714,1.05217576026917,1.87543404102325,0.474867314100266,8.22326934337616,221.851581573486,17.1181495785713,9.08508485555649,16.7458482682705,15.7538548707962,113.618301212788,2.40009194612503,3.0515923500061,239.12612041831,17.313876003027,25.725322753191,35.4743020534515,5377.49093908072,155.827086120844,16.9554657042027,2.33925342559814,150.350243777037,0,1748.42798376083,7689.57040441036,2412.50236719847,218.061939299107,350.799840927124,2443.83091294765,434.001220315695,95.8952808082104,3820.9667660892,38.5100445449352,204.99567681551,0,20.2950446009636,0.486971855163574,62.9704131484032,1.50351822376251,718.523512631655,64.595745742321,575.258261531591,50.1632363200188,2939.10269626975,118.597290277481,53.1686340272427,344.449243932962,1306.03183433414,91.8798044919968,25.073106855154,12.8099311888218,211.758506298065,6.86681398749352,129.538281679153,1470.62023460865
14.9701244831085,74.3879638314247,784.440459519625,0.667559325695038,7.46132379770279,7.4788364470005,149.091571778059,31.1809493005276,160.295984625816,7.85780987143517,29.9888138473034,2.52607014775276,52.679218351841,69.7712442278862,18.3615143895149,16784.4061838686,310.942510575056,7.00293809175491,37.6834861934185,0,4831.34458306432,3822.60189294815,17052.2060297728,2317.44951578975,23.5053794980049,288.088254988194,9551.14603680372,2249.0395168066,189.384269028902,386.460966557264,7.03971418738365,7.12056508660316,58.7276382744312,387.125335752964,623.8583111763,1579.74841162562,328.076116323471,824.156042605639,571.624941915274,32.1843925714493,12.9346165060997,8.24694275856018,12484.9694224298,862.48484224081,2088.48618489504,2958.74702948332,401.064144343138,63.0820209681988,49.3780905604362,44.3456426858902,772.933961540461,238.655245810747,1.16482502222061,141.510730147362,4.46387800574303,269.6551014781,28.2602642178535,39.0157122612,13.7975409626961,88.3589644432068,5.78906744718552,82.5812578201294,148.759855479002,20.2950446009636,0,260.413560986519,201.778921693563,113.328682333231,2.75425291061401,6658.59774440527,11612.2559279203,8022.14062729478,6585.66818588972,346.287897408009,564.621698305011,12745.5432226509,1839.54697093368,250.186526596546,675.52094361186,34.5621535480022,2.4049831032753,5.35735702514648,385.659923821688,3494.58841475844
21.0215798020363,182.593380749226,1739.88811334968,0,3.86820650100708,1.03690472245216,61.3975180387497,3.3044667840004,5.22714108228683,0,32.3367975056171,0.625371158123016,48.8504726588726,22.2600364089012,2.0037254691124,112.307496458292,1376.13017508388,36.7153849005699,299.30068987608,1.26893258094788,92.0119789540768,54.725174665451,665.543773531914,38.2050909698009,77.7311460971832,2609.88933220506,7583.70226034522,48.3248248398304,50.0383068323135,86.5574424564838,7.18686565756798,0.689613878726959,7.97581788897514,435.771578103304,36.6748820841312,563.849892109632,278.894913583994,190.38038238883,172.50699415803,2.90512013435364,5.23687323927879,6.91934448480606,620.629467517138,925.210282564163,277.23323225975,278.043042629957,3.76728403568268,5.58169478178024,0.738237321376801,32.6348153650761,456.000122874975,27910.7614273131,0.519713461399078,3.42067569494247,2.24415922164917,7233.29970702529,53.5557216703892,11.4973719716072,8.71939414739609,380.399811267853,7.52555921673775,1.7122029364109,223.000929921865,0.486971855163574,260.413560986519,0,1253.08026939631,7890.82938894629,3.25905519723892,2493.11656564474,78.6229233145714,29911.1749169677,142.474888801575,3.44292119145393,5241.43142145872,33104.6714808792,1470.84583681822,131.951175421476,4102.8999337554,2.88551977276802,0,2.10886830091476,4855.26121875644,84.5983042120934
0.851392805576324,15.6121473610401,167.029116913676,0.97199285030365,4.30441445112228,30.2532342672348,32.984159976244,31.5918869972229,177.157080471516,9.41714757680893,147.548099637032,43.5595351755619,396.620275020599,18.8237371444702,11.7238953709602,32.0134618580341,67.1234667003155,97.8393421173096,36.464951723814,6.13444662094116,10.4297815561295,13.5890443325043,176.392395704985,354.667081385851,17.2574992477894,941.656078517437,905.324041590095,53.9483652412891,16.1085862219334,10.2861191630363,211.729086220264,28.0328932702541,1.06546878814697,38.0584404170513,152.062415957451,120.644197434187,59.8957664966583,196.927701979876,107.698739022017,54.2575705945492,160.494913935661,26.208535939455,5302.33793455362,942.852145671844,3522.72055016458,2779.34733635187,263.093582600355,139.664879322052,290.401886820793,253.280691951513,30.3352110385895,367.931526452303,115.460107624531,21.7371241152287,408.059751689434,4692.4966159761,588.705084353685,123.551386415958,2338.54731836915,12248.0134978294,1588.77886673808,154.320205509663,2056.72965243459,62.9704131484032,201.778921693563,1253.08026939631,0,4235.4264536202,758.194097071886,1832.29850657284,16.8408564031124,2715.10999128222,750.944312244654,6.46590387821198,3583.61825694144,1975.48821027577,1458.78466500342,1967.78204362094,2569.67436788976,322.629964739084,406.040534079075,92.5847050845623,6409.7250931859,572.537057578564
7.9979906976223,81.6059068441391,313.015979215503,0,1.20492362976074,1.43649840354919,16.4978980720043,3.63316813111305,8.92671239376068,0.381585299968719,32.6697283089161,1.40034627914429,107.146071881056,10.809157282114,0.499397397041321,21.6824463009834,653.921415418386,49.7463731169701,465.591953158379,0,27.3686546981335,14.6871433854103,158.017145723104,32.5398802161217,114.443838775158,3350.49343509972,4647.26416577399,9.50349575281143,32.0208569765091,38.8343459665775,33.986118376255,0.475278288125992,6.29100024700165,267.112342596054,54.346636235714,329.634780317545,232.995445817709,141.109675347805,90.4857712984085,2.12394005060196,4.4117859005928,6.61196488142014,954.825444355607,1722.05799680948,614.218825593591,547.907299488783,12.535465657711,23.3082780838013,3.83865350484848,121.96189302206,260.576876908541,2564.96193578839,11.5642404556274,0,18.0114256441593,3652.3418622613,62.1510343849659,11.198858320713,127.750559687614,239.807677060366,59.8486210405827,12.3248302340508,371.349297136068,1.50351822376251,113.328682333231,7890.82938894629,4235.4264536202,0,40.4578059911728,1490.06713621318,18.7159218490124,4539.53597913682,108.977921962738,9.89329931139946,12934.5290246308,6207.72759011388,539.812375560403,646.841146737337,3439.88060793281,1.89001655578613,1.56920233368874,35.8845516145229,4972.8982180357,186.995893150568
0,6.71292027831078,0.449058413505554,826.216711878777,4.12288299202919,87.8746384978294,336.754871606827,52.5242613554001,528.616967141628,2006.83278921247,1.6624743938446,493.448348671198,10.7082513272762,51.7891007065773,34.4968359470367,2.21106892824173,0,0,0,402.094916820526,1.88955289125443,12.0001884996891,0,762.131807118654,1.83026102185249,2.50690519809723,11.9510402679443,1285.72832244635,16.7261411249638,1.25838160514832,0,3.9560062289238,1.1025867164135,14.4319498538971,4.93880748748779,73.161789059639,2.35934382677078,43.1549122035503,23.8556009829044,180.942242115736,25.1739264428616,3.12510612607002,1213.48013451695,64.090710401535,83.4204473793507,141.509415715933,1035.47305175662,311.845426499844,19.6657183766365,15.8826632797718,3.81833636760712,4.51743116974831,29670.9575299919,100.627960443497,1358.60743564367,226.646747201681,861.182098001242,737.23218742013,4865.60559734702,568.33330604434,19843.6795691848,57.6593673229218,1111.87636888027,718.523512631655,2.75425291061401,3.25905519723892,758.194097071886,40.4578059911728,0,0,9.88124346733093,10.216409265995,1634.95176523924,1.46386960148811,407.044815987349,82.9702790528536,2215.41435340047,540.831983089447,14.7449153363705,110.849274992943,200.054924786091,2.20725721120834,590.629140168428,63.9593604505062
6.41600063443184,23.6006686687469,438.518808841705,0,6.89762604236603,5.44706472754478,59.3713099956512,22.442851126194,84.9849975407124,6.80445754528046,6.89999029040337,2.30393880605698,12.9862738251686,45.962604612112,12.973752617836,2762.71632599831,226.286105841398,4.55764910578728,56.1831923127174,2.48962584137917,1774.71522763371,443.443196386099,2819.75579816103,848.411058574915,36.7905594408512,576.406267851591,1880.34112337232,970.434119880199,148.949750781059,232.944934010506,5.38511049747467,8.91769149899483,28.7778000533581,150.094355940819,577.706455290318,270.088219702244,65.6212569773197,163.555289715528,111.68195310235,21.0553459823132,9.26992025971413,3.00373783707619,12365.2052236497,852.773273169994,7216.0134356916,4640.47028383613,863.509650826454,115.568965375423,23.4950210154057,44.2081305980682,137.175980597734,1102.47216781974,1.56266382336617,176.654799818993,5.95557627081871,8168.81821998954,22.2362543344498,16.1821263432503,12.4872458875179,613.387445792556,10.3749089837074,29.8928154408932,115.677570879459,64.595745742321,6658.59774440527,2493.11656564474,1832.29850657284,1490.06713621318,0,0,280.927563458681,63488.2238197029,327.084679931402,15.0190434455872,3216.82876104116,5671.1263409853,8673.07274326682,315.031040251255,21692.1236491799,84.4121126830578,3.75182354450226,66.6118311882019,10765.1475207359,4348.90506288409
2.97324180603027,205.853650689125,146.824544161558,24.2184407711029,1.29311484098434,5.79443183541298,25.9255629181862,18.8463455140591,253.61527583003,43.6122681498528,102.052084892988,9.28913605213165,276.030146241188,21.0417183041573,7.0265389084816,2645.86676070094,82.7700732946396,11.592994838953,20.7468637526035,13.0075507164001,336.067373812199,2016.35607230663,1014.34697833657,886.883497744799,47.833603322506,181.020415008068,3144.47165754437,402.254185289145,13.6316851973534,23.8365871310234,35.4245411157608,2.65671181678772,6.08838325738907,67.3925318717957,32.8506851196289,260.759660363197,42.4321807026863,106.841982930899,62.3298082053661,10.6245621740818,0.800792008638382,9.69944047927856,529.413996011019,63.7448783516884,103.098901182413,118.884887546301,801.70865932107,19.4172252118587,302.446505755186,17.2177192568779,2090.47183290124,68.483280390501,8.859259724617,194.458883076906,41.9749754667282,110.930399626493,16.3146720230579,9247.24289795756,6.61161422729492,206.065074831247,67.7919306755066,628.255135804415,69.9490839540958,575.258261531591,11612.2559279203,78.6229233145714,16.8408564031124,18.7159218490124,9.88124346733093,280.927563458681,0,700.726809799671,21868.0361437201,1588.38572093844,68.6689223051071,10499.7150349319,452.859013438225,108.708049327135,72.0134134590626,48.4050916731358,9.5331814289093,8.34666264057159,155.126607209444,161.005964070559
3.41906091570854,172.601540058851,4942.52204242349,0,11.4615874886513,5.46494376659393,173.703668057919,15.3471857011318,17.7397820651531,4.27820289134979,21.3117945194244,1.56253999471664,49.786366134882,21.1500101685524,13.8738352060318,9554.90588104725,1169.02386507392,29.965152412653,280.253288537264,0,3021.29933735728,1100.67434680462,22208.9047657549,841.993927955627,99.5704275965691,2294.19729986787,18015.9654197991,1109.69362795353,30.2794394493103,133.80818593502,13.5885434448719,0,9.64402112364769,625.634631961584,1546.46420222521,2008.68620491028,554.035631924868,918.757163524628,728.09058329463,21.8357341885567,18.131291359663,5.91876730322838,31816.8339903057,3121.64415222406,15439.0025091618,19336.8004661202,1402.51925185323,211.772586017847,27.6037574708462,60.1830905377865,439.17047432065,27349.1752388179,6.44117909669876,494.204598754644,13.9173521101475,12989.7143014371,86.0521380603313,20.3512271642685,46.4791573286057,858.840449303389,26.4117115139961,47.3333317935467,335.219818294048,50.1632363200188,8022.14062729478,29911.1749169677,2715.10999128222,4539.53597913682,10.216409265995,63488.2238197029,700.726809799671,0,3632.63505080342,23.532003313303,15675.598109901,52491.7774792314,22629.4992438555,258.815459519625,7736.41729217768,99.4215768873692,12.1314510703087,25.7140085697174,7384.1463816613,8721.25907915831
215.896220058203,156.501779466867,339.856524467468,618.473474055529,55.1229563057423,983.056586354971,4284.37871736288,3624.90926277637,5216.61973547935,3198.12079671025,224.011896640062,463.350663781166,245.790324747562,3717.14952123165,241.47751313448,3075.36686649919,160.938726603985,59.7346968948841,30.8636787831783,511.630933970213,1644.74438041449,1558.05086064339,2086.97860532999,16215.7600852251,60.1951306462288,173.091115176678,1756.3190138638,10248.4421370924,2473.70587450266,1666.2271759212,12.4039842188358,250.886744171381,221.186959445477,1384.36981210113,439.812340021133,2839.87969008088,216.037406384945,1454.32199904323,373.084217011929,808.973972737789,130.146894872189,209.760139495134,7832.06799143553,247.378175824881,1112.15994212031,1301.68820810318,3213.37385421991,873.297710597515,158.025342732668,141.199577063322,2615.38600188494,98.5635966658592,8806.53925669193,659.258564323187,1367.17306300998,6361.43013224006,1283.40255969763,26090.8361231983,2795.13833004236,578.751116633415,1126.11821845174,349.891645848751,1556.04180458188,2939.10269626975,6585.66818588972,142.474888801575,750.944312244654,108.977921962738,1634.95176523924,327.084679931402,21868.0361437201,3632.63505080342,0,1273.12452051044,712.01484900713,9414.87616816163,10471.5453387797,2970.57937282324,519.892695307732,128.984912037849,231.157172113657,496.07756537199,2953.84624516964,2521.57653129101
1.19768893718719,317.368553638458,6.93031239509583,3.1351734995842,0,0,3.13389518857002,2.7146213054657,23.651257455349,4.72738179564476,451.403839707375,1.301722407341,4311.13989090919,0,0.866218626499176,6.81521192193031,7.31250110268593,35.8459957242012,16.6265930533409,1.14956092834473,0,14.9378181099892,4.44643408060074,34.2216153144836,1304.7446860373,391.158772438765,880.611565738916,7.41553115844727,5.76044917106628,1.16907668113708,623.630026876926,2.06786036491394,0,19.0821515917778,1.2033064365387,29.0963105261326,57.0293036699295,31.9201270341873,11.8148027658463,2.65752291679382,2.3070804476738,89.7061007618904,73.888141721487,51.7831441164017,23.7774445414543,14.821519613266,157.731961756945,4.34187808632851,504.354042470455,2.13832277059555,7996.47539883852,3.85607719421387,1.46614339947701,29.0560465157032,4.55791690945625,5.05911204218864,1.86847019195557,1393.73709720373,1.08865687251091,1040.67030969262,6.5809271633625,7903.01230579615,5.65238478779793,118.597290277481,346.287897408009,3.44292119145393,6.46590387821198,9.89329931139946,1.46386960148811,15.0190434455872,1588.38572093844,23.532003313303,1273.12452051044,0,78.0004969537258,6192.10774147511,36.5133789181709,9.23100677132607,1.36548855900764,249.585313826799,4.35975563526154,1.50438511371613,131.363894611597,8.48325967788696
26.4362458586693,243.277400672436,734.339632034302,0,18.8744723796844,25.3380786478519,41.9649542272091,34.1935129463673,110.986020952463,3.50712594389915,713.766338318586,29.1025882363319,2897.84248650074,69.0971125364304,10.8493638038635,88.2754795849323,1523.02341726422,1341.4554014504,1470.58177256584,0.969983994960785,57.6478976905346,67.682321369648,493.387793958187,154.022781103849,507.305156677961,17895.3495349586,18749.2499790937,29.2288180589676,107.200357377529,92.1304632127285,2553.43721956015,26.1771276295185,9.17065244913101,755.198563456535,566.470100224018,1341.37205243111,1385.93792837858,795.781271785498,555.413352429867,31.3342459797859,96.1634756028652,150.575774848461,11060.0997685492,1983.66060945392,4015.46113678813,4765.79359689355,239.038571149111,238.501102119684,335.742810040712,252.30777028203,658.756324291229,40248.1765289009,92.3695400953293,7.65002191066742,203.317662239075,7158.64517317712,395.62462541461,93.3613258302212,1451.97693628073,2599.00264456868,937.35344594717,201.802675396204,1400.9930460602,53.1686340272427,564.621698305011,5241.43142145872,3583.61825694144,12934.5290246308,407.044815987349,3216.82876104116,68.6689223051071,15675.598109901,712.01484900713,78.0004969537258,0,22797.8648887426,2442.40355442464,1571.39296941459,3656.88269388676,185.426898628473,179.525889158249,94.7787041962147,3850.26533815265,1670.81473580003
106.934085547924,3451.28250741959,15648.4302977026,2.09617727994919,17.5662384033203,13.9677284657955,420.977292656898,40.0058370828629,150.688581854105,16.962903380394,1373.47754812241,8.23945409059525,9836.25609979033,190.677627533674,31.6588683128357,2039.00850018859,9940.58515328169,2374.35511335731,3294.77169463038,2.58095255494118,913.597089469433,2490.65652966499,14905.7788421512,591.304377764463,4896.34049069881,38401.8249557167,128969.640563652,685.837861448526,406.241022467613,541.517974644899,6721.16188299656,20.2144903838634,71.2093734443188,3650.98798669875,1688.86005881429,6797.58588939905,4271.19937455654,2752.35259224474,2268.3442851007,60.9173800051212,62.782657712698,547.129490971565,33202.1684800982,4483.21248114109,8145.95539014041,13520.8191413283,1009.99463218451,587.938034385443,726.765742212534,368.287712618709,18233.1197942793,33508.9160443097,24.5218086242676,159.935909122229,79.7080958485603,12107.8518472016,420.101894363761,2975.52926182747,379.546732470393,880.595432817936,161.474423676729,1784.60009303689,1744.61815431714,344.449243932962,12745.5432226509,33104.6714808792,1975.48821027577,6207.72759011388,82.9702790528536,5671.1263409853,10499.7150349319,52491.7774792314,9414.87616816163,6192.10774147511,22797.8648887426,0,4928.22861793637,1473.89948259294,4839.50693613291,716.81393751502,56.3623275458813,72.2233199924231,3937.94835712016,5580.84257134795
168.099301755428,57.3557076156139,502.012987822294,1682.50084516406,55.2411431670189,989.954219847918,4382.07706794143,3329.57434009016,4263.15216034651,5236.14205470681,152.399783074856,656.096347808838,148.688331216574,3352.97022071481,216.867100298405,1264.88123324513,175.901515036821,14.5861642360687,32.7288817167282,941.519898384809,1075.92892464995,409.725602120161,1428.10714358091,9991.66480183601,42.2943651676178,254.926854401827,1610.60952277482,9329.07946324348,2174.73494583368,1439.50352913141,3.42555224895477,311.76814442873,204.650411367416,1298.28208947182,883.3974865973,2451.25411176682,188.76245072484,1223.96864840388,363.80945622921,805.959162950516,140.810397773981,205.195390939713,15951.2434649765,635.044508755207,4633.98941101134,3870.77223592997,3423.27578857541,1428.06438016891,55.1555685698986,153.692807346582,114.912236899137,807.960391759872,3159.54616862535,444.884713381529,1537.9898968935,57029.2284715176,1104.15220451355,6241.27544614673,5996.4063487947,777.695802778006,1838.34395894408,95.4161810874939,1727.15993529558,1306.03183433414,1839.54697093368,1470.84583681822,1458.78466500342,539.812375560403,2215.41435340047,8673.07274326682,452.859013438225,22629.4992438555,10471.5453387797,36.5133789181709,2442.40355442464,4928.22861793637,0,4464.30701962113,4452.83593997359,172.410791784525,338.65467813611,1054.23547434807,7867.15214106441,6058.40569981933
15.0321453213692,4.20259067416191,45.117409914732,68.4155571758747,4.78497293591499,174.006894081831,733.122338891029,555.867719858885,370.444480836391,793.38490280509,7.65813475847244,177.287813663483,32.53711566329,528.883241444826,41.842980235815,369.086205124855,52.7015972137451,2.39487206935883,20.5420930683613,118.589576214552,347.009050637484,91.0181199014187,148.820416003466,1892.42521113157,19.4179254770279,231.797950536013,313.45611384511,1547.78523474932,153.897790551186,286.305533111095,7.07281655073166,8.52848142385483,21.1970367133617,169.869299948215,51.2785113751888,363.176405996084,31.8210465908051,137.521335601807,46.3723776340485,186.601949751377,31.2767635285854,7.99281969666481,1502.6890437007,140.893154531717,2054.39335584641,769.592401564121,444.895283728838,342.82061201334,65.0417771041393,9838.70750409365,69.1443308889866,145.370739728212,204.192102015018,49.3673958480358,539.936952710152,14231.6102688313,1589.43002730608,391.495245337486,2630.2188026607,4264.99531704187,1233.28567284346,205.435627996922,13748.0973573923,91.8798044919968,250.186526596546,131.951175421476,1967.78204362094,646.841146737337,540.831983089447,315.031040251255,108.708049327135,258.815459519625,2970.57937282324,9.23100677132607,1571.39296941459,1473.89948259294,4464.30701962113,0,10195.2292530835,297.669328600168,2957.15869989991,3291.24666306376,11622.9495067149,307.481031119823
24.6482318937778,24.1831154823303,202.478321224451,0,0,23.5046333670616,158.985882103443,131.520916968584,149.751212537289,9.47438982129097,12.7067449688911,8.17217898368835,38.1698187887669,165.741597741842,8.49850681424141,974.597883731127,241.267893731594,6.44399642944336,98.6679283082485,2.21026438474655,922.219145268202,152.951266169548,741.403988093138,1018.8809863627,36.0208342671394,977.976937413216,1528.11207383871,909.111875087023,261.833607524633,314.710792511702,5.62990599870682,18.7970595061779,46.4049468040466,229.988440513611,161.929997205734,292.95481684804,86.5369063615799,178.782228291035,83.0612177550793,37.1761897206306,18.138970553875,20.574266910553,2353.10477620363,609.580943107605,2508.07880842686,1243.98024880886,319.805669009686,188.798896789551,10.632000297308,2281.33624538779,179.054174721241,731.254389196634,4.19703260064125,38.1981425881386,22.9556274116039,18684.4639215767,539.087957292795,52.2365334630013,77.0748637914658,833.422836244106,31.965685158968,17.4993726909161,4361.05252367258,25.073106855154,675.52094361186,4102.8999337554,2569.67436788976,3439.88060793281,14.7449153363705,21692.1236491799,72.0134134590626,7736.41729217768,519.892695307732,1.36548855900764,3656.88269388676,4839.50693613291,4452.83593997359,10195.2292530835,0,49.0715692341328,14.9843363463879,1529.32502433658,15905.487683177,786.028287321329
1.77808773517609,25.0014347434044,0.792552530765533,0,2.85157215595245,11.575220644474,2.43168091773987,13.2698581814766,30.513751834631,1.42980861663818,1297.93873664737,8.37133005261421,4962.82411760092,17.9851217567921,0,0.963748127222061,2.56465992331505,578.638238370419,51.4950841367245,0,2.64908143877983,8.94510695338249,3.18180426955223,15.2368722259998,179.786226063967,4044.93101489544,1260.82152289152,0.530400216579437,27.3520705401897,0,2098.25872698426,27.715556114912,0,52.1676950156689,43.6438319981098,92.2672964930534,186.716388940811,174.732640087605,83.5681413114071,20.8512273728848,68.4360752105713,165.639773309231,1716.19919487834,894.326430171728,981.920955479145,475.836095899343,60.7755762636662,51.7491766810417,887.999187350273,17.6491399109364,73.3975195288658,5.46095386147499,16.3767442405224,3.58543413877487,78.8881144821644,409.920699089766,112.989941775799,43.3913038372993,270.466914951801,2094.43494230509,266.279791384935,389.433861702681,287.11006051302,12.8099311888218,34.5621535480022,2.88551977276802,322.629964739084,1.89001655578613,110.849274992943,84.4121126830578,48.4050916731358,99.4215768873692,128.984912037849,249.585313826799,185.426898628473,716.81393751502,172.410791784525,297.669328600168,49.0715692341328,0,195.913574248552,4.08748698234558,1222.1413629353,148.385334223509
1.72152590751648,1.22747552394867,0.471447497606277,10.4958097934723,4.96741884946823,34.9804998338223,216.910703510046,118.075270950794,52.6264017224312,54.3895316720009,8.40946042537689,37.7353320717812,13.6566185057163,102.238972425461,18.4863722026348,3.34510168433189,0.871263325214386,0,0,27.5114491283894,3.29482090473175,1.02294087409973,7.37468022108078,342.43871307373,0,6.39362892508507,10.04751303792,301.657301485538,18.2724792361259,45.9894237220287,4.37369191646576,21.2388545274734,3.03030210733414,19.0367303490639,24.4127095341682,77.2511114776134,1.31768703460693,150.46860653162,81.4831034243107,60.3822805285454,93.0244626700878,5.46919021010399,3921.05000680685,161.38097050786,88.080022841692,232.599273741245,1042.61387431622,8900.9590293169,40.2203870415688,7.05854579806328,2.89959463477135,4.57000291347504,86.7791089117527,169.281173944473,484.092074006796,754.476557463408,582.732534170151,58.0679367184639,645.419745981693,2788.84652274847,437.519464343786,204.671459674835,811.589432656765,211.758506298065,2.4049831032753,0,406.040534079075,1.56920233368874,200.054924786091,3.75182354450226,9.5331814289093,12.1314510703087,231.157172113657,4.35975563526154,179.525889158249,56.3623275458813,338.65467813611,2957.15869989991,14.9843363463879,195.913574248552,0,3.00574630498886,11612.9566981494,163.240393638611
0,0,2.24829557538033,0,0,7.30554187297821,27.8322499096394,20.5429625213146,20.8900706470013,14.6120494008064,0,6.65138083696365,0,12.2232673466206,0,7.56968450546265,2.89880156517029,0,0,6.62092477083206,7.90183499455452,0,2.46412727236748,101.594396233559,1.0509614944458,14.9159674048424,23.9067773222923,50.9407057464123,10.9659013152122,11.9379801154137,0,0.887282997369766,2.1978257894516,8.37440618872643,3.42450353503227,11.154301404953,1.35697370767593,13.0882201492786,1.33974969387054,1.74788856506348,2.23851457238197,1.66283369064331,30.5015605390072,10.0171358883381,259.761301368475,61.1069254875183,16.6694968938828,27.4920074939728,1.6863811314106,62.6714586019516,3.56625711917877,9.02964687347412,11.060206502676,2.55202221870422,13.1745366454124,1063.65731805563,34.2563002705574,58.787632972002,36.0263576209545,42.2220375537872,1.18037092685699,2.90649166703224,153.973326653242,6.86681398749352,5.35735702514648,2.10886830091476,92.5847050845623,35.8845516145229,2.20725721120834,66.6118311882019,8.34666264057159,25.7140085697174,496.07756537199,1.50438511371613,94.7787041962147,72.2233199924231,1054.23547434807,3291.24666306376,1529.32502433658,4.08748698234558,3.00574630498886,0,1607.19778048992,17.2907817959785
40.2181014120579,33.5017232894897,255.280852526426,83.9274964034557,61.6775831580162,495.36988723278,1149.70686706901,1253.39217740297,279.262849241495,1229.36389267445,390.38514238596,359.756050139666,723.72530913353,999.244087278843,78.8956216573715,101.028494924307,210.785275131464,53.1828632354736,95.9228930473328,176.473508149385,150.112864226103,29.0000179409981,298.996623858809,1785.32648769021,90.1200596392155,861.051419600844,1548.8297021091,1641.50012171268,409.050397127867,384.550331413746,80.8669786155224,287.3187918365,41.4591055512428,461.145085453987,121.380578279495,1080.4708032012,137.779128789902,1602.37253010273,488.107173651457,2102.30184748769,541.647771596909,394.785863399506,9705.97599768639,1126.47034753859,2378.1017011106,1153.24457712471,3130.78823632002,786.875057220459,5652.98593193293,844.579630851746,217.494646966457,730.661871612072,341.015095323324,161.49842569232,769.598475784063,11808.3937574327,1382.11260658503,394.065523684025,2842.6398896277,20250.7339090556,1363.269839257,3408.95458868146,3431.99259899557,129.538281679153,385.659923821688,4855.26121875644,6409.7250931859,4972.8982180357,590.629140168428,10765.1475207359,155.126607209444,7384.1463816613,2953.84624516964,131.363894611597,3850.26533815265,3937.94835712016,7867.15214106441,11622.9495067149,15905.487683177,1222.1413629353,11612.9566981494,1607.19778048992,0,451.924376428127
20.4235714375973,45.7010658085346,601.785514324903,13.7571092247963,921.926247984171,657.533160448074,519.124299973249,93.8893595337868,195.586717009544,142.893956243992,44.9219157099724,1607.81970369816,43.5295566022396,138.571821898222,584.4384560287,731.383143097162,508.990674883127,185.875801861286,413.234866350889,9.92382803559303,1337.88026383519,116.315368175507,3319.9899186492,737.21603512764,11.046310544014,990.983040034771,2988.28727683425,1026.44623067975,113.000481158495,422.533946156502,22.3891699910164,18.8795575201511,21.2608721256256,151.276516348124,324912.148950696,3580.73077368736,2277.25545480847,487.030383199453,5471.54455924034,158.33429402113,56.1798357367516,16.9575128555298,14949.3536948562,3263.25012764335,978.832089304924,6395.49548089504,250.657475441694,528.256851375103,36.866734534502,45.190887093544,110.505591452122,573.788762509823,85.3765494525433,236.544714331627,3317.63078331947,3108.30348876119,359.593031287193,198.81732583046,774.495082587004,280.345571726561,2429.51474526525,88.3856332302094,349.07518479228,1470.62023460865,3494.58841475844,84.5983042120934,572.537057578564,186.995893150568,63.9593604505062,4348.90506288409,161.005964070559,8721.25907915831,2521.57653129101,8.48325967788696,1670.81473580003,5580.84257134795,6058.40569981933,307.481031119823,786.028287321329,148.385334223509,163.240393638611,17.2907817959785,451.924376428127,0
