"Predictor","Test_Statistic","p_value","functional_ve","semi_partial_r"
"anyrop",80.259967732218,1.80239345725633e-155,0.00217600522822786,0.0170253490975891
"eTIV",164.883698307969,0,0.0785131537345134,0.0301257370363209
"sex",5.64219451152467,2.35114204645462e-11,0.0183502215762723,0.00522203312229845
"sriskscore",9.5830957866729,7.66941370416989e-17,0.0148783655370399,0.00599588620335022
"age_at_5y_mri",16.8202935756557,3.63930618727735e-26,0.000671113286466009,0.00721401474837147
"Rel_Motion",406.337254948732,0,0.0907951445524712,0.0393117721106387
