"Predictor","Test_Statistic","p_value","functional_ve","semi_partial_r"
"ga",226.581554381942,0,0.0359220728389659,0.153299649808883
"eTIV",48.2453829134807,1.17601537418357e-93,0.00603181380263077,0.0696810942917647
"sex",16.1723997805265,2.38876809539729e-30,0.00707038800343779,0.0409781651267882
"sriskscore",49.8800451852023,2.1575189523046e-79,0.00408097265146137,0.0638870102377755
"age_at_5y_mri",7.32031887473923,1.00604603601644e-09,0.000377443482554056,0.0235990793503935
"Rel_Motion",24.771607160446,5.91691604170541e-56,0.00498153170174312,0.0549335644581547
