0,0,123.811813235283,1.19503211975098,3.40814828872681,30.8471225500107,16490.4752430618,3027.69712135196,6.91013258695602,66.4337319135666,48.4702894389629,38.1092099547386,6.77003037929535,12940.0577187538,3.52882707118988,0.86405336856842,509.639716386795,19.5686090290546,119.51427167654,8.85771232843399,233.722554713488,0,399.822789728642,7.51387792825699,0,71.4028128683567,43.080083489418,39.8855800330639,12676.0626804233,5267.18918570876,0.865982830524445,10.4315350949764,26.1308174133301,207.918673962355,26.7712779641151,260.061146944761,26.7140696644783,136.463066607714,43.5714987516403,7.78245782852173,23.0992285907269,0.882039546966553,6.43503326177597,0,0.462102472782135,0.583980560302734,2.76521268486977,0,0.965588212013245,0,0,0,0,0,0,4.56918099522591,1.80723041296005,3.79500392079353,1.50446298718452,6.34117567539215,0,0,0,0.408480733633041,2.33830684423447,0,0,0.361447989940643,0,0,2.49138095974922,1.6939572095871,19.1087346673012,0,0,3.02740567922592,23.2740852832794,0.377993226051331,4.06608527898788,0,0,0,0.741361290216446,3.27143800258636
0,0,112.363862425089,1.01626431941986,1.1530160009861,0,8.17409706115723,0.570281505584717,1314.5626655519,0,422.375322878361,0,2565.948176682,4.51888316869736,35.7889454364777,731.0893484056,70.1677176356316,10.6498218774796,41.3552650511265,0.589152932167053,67.1214171051979,5014.14278680086,197.909237593412,2715.72794395685,2601.50458741188,260.99271261692,23460.6331448257,168.878933697939,1.16425931453705,2.37781411409378,96.9759939014912,2.42226755619049,1.70036840438843,62.8984522223473,18.3682899475098,220.860212355852,133.871131300926,90.8590505123138,78.9951685667038,30.1403712630272,1.97580313682556,209.450182676315,272.564878493547,114.326725691557,107.706314921379,120.742529809475,1.32881864905357,0.936534285545349,96.5357102155685,1.85737201571465,2438.69857737422,265.898916065693,0.811739087104797,0,0.529421806335449,20.1262459158897,0,35.9689637124538,4.32604783773422,31.8754091262817,3.48932182788849,57.7801067829132,6.29902201890945,1.52485966682434,140.588079661131,164.599043041468,28.0665735304356,93.8332011401653,0.523827731609344,50.7845023274422,97.1823580265045,200.956691205502,94.9123705625534,113.712258219719,735.78321108222,6393.74762377143,44.9862867891788,0,14.2607652246952,21.173271715641,0,0,69.1093375682831,18.1759453117847
123.811813235283,112.363862425089,0,0.790331721305847,3.61046400666237,29.1719514429569,2873.45854881406,364.761138677597,8.56908777356148,23.1449323296547,44.3172840774059,9.22934049367905,2.20014134049416,482.43852686882,43.9384474754333,53.3089332282543,20878.8146930933,148.789372205734,3290.00878486037,1.22922945022583,3151.93115481734,37.2042890787125,43083.6839050651,141.071308553219,0,31599.7730508745,34629.5007804334,1851.18306332827,250.570770680904,1976.69766318798,1.73757696151733,23.7112080454826,36.7945291399956,1053.51516404748,290.901552528143,5806.1626162827,4737.72362852097,2401.99544841051,1586.93974855542,49.4305727779865,54.0311016738415,2.67537528276443,1918.33790290356,284.544533640146,653.396559506655,591.185563087463,27.1870442330837,7.58044093847275,0,1.00771388411522,189.978388339281,3721.7326900363,0,25.7635951042175,2.24123311042786,170.615445911884,1.03522279858589,4.31154349446297,0,12.5278166234493,0,0,19.2453573942184,15.3384177386761,661.451702147722,523.731692910194,28.5059746801853,138.460762381554,0,358.988588511944,80.8611927032471,3783.29203999043,224.682413756847,1.3875812292099,414.215933948755,10862.8165769875,430.817404299974,7.92574697732925,56.6033507585526,0,0,1.68689233064651,310.81706944108,401.067326724529
1.19503211975098,1.01626431941986,0.790331721305847,0,97.4762946367264,193.036772638559,48.3190420866013,191.512964069843,1681.94761139154,3455.64077395201,13.2812292575836,12901.7021772265,5.10423371195793,30.9968177378178,628.179334253073,0,1.79126024246216,2.93585962057114,2.18231031298637,17368.6799383759,0,2.34042292833328,0.405667394399643,2479.02177304029,0,0.41810268163681,2.73422420024872,5921.8628692627,9.94237130880356,3.22095057368279,0,14.2057868540287,0,17.0582513213158,6.00263470411301,375.275001853704,5.15903049707413,24.5031546056271,10.6224820911884,816.259476006031,12.07142162323,5.89540368318558,150.953487098217,1.68145260214806,49.7875097095966,13.6815841495991,535.597794264555,15.1336551904678,1.15407162904739,0,0,0,1451.75844550133,27.0035512149334,222.15103533864,208.468800276518,143.044649273157,194.540126174688,1973.94196090102,33.5932390987873,985.261041939259,0,77.5881030261517,133.577893704176,0,0.35340341925621,0.446021407842636,0,533.017116189003,0.798385441303253,0,0,682.285894602537,0,0,0,1138.50501164794,23.0459890365601,0.588719844818115,0,0.884845733642578,0.412401705980301,48.9110303521156,0.493367493152618
3.40814828872681,1.1530160009861,3.61046400666237,97.4762946367264,0,4950.84225782752,456.746945947409,206.879989355803,114.840727329254,585.474375098944,23.1663767695427,1921.98741206527,8.17426866292953,49.8173512518406,6864.95932811499,5.50570839643478,49.0656748116016,11.6598089933395,17.9085904359818,87.9160951972008,137.93871447444,10.0295837819576,164.905127763748,255.563823401928,0,16.6887881457806,33.5560460984707,320.934555143118,55.777016967535,281.667494952679,0,840.564828693867,7.4635688662529,6739.81179216504,1801.45702880621,3368.51414701343,38.0261419713497,74.0331439971924,109.023768424988,17259.4910330772,6125.06677258015,34.3453670144081,48.5435354709625,45.0576877593994,16.1948267221451,147.325678646564,32.0691676139832,0,4.91737496852875,1.03170901536942,0,12.8240050673485,2.55874943733215,1.94002062082291,1.70940482616425,21.4041270017624,1.41704893112183,14.2716934680939,3.97786515951157,122.663846194744,12.0879843831062,0,3.54458969831467,4.04090857505798,6.14221596717834,2.44966244697571,5.81703555583954,4.14510899782181,1.06824088096619,27.6301372051239,3.66263800859451,61.9042260050774,42.6413717567921,0,11.3502455949783,53.6219145357609,45.7017213404179,4.06873366236687,9.16505101323128,0.551762938499451,0,0,7.64162254333496,1225.94483998418
30.8471225500107,0,29.1719514429569,193.036772638559,4950.84225782752,0,4004.79950326681,10149.9059418738,134.151339441538,21558.680847764,145.732824027538,8518.95953303576,28.9708605408669,1392.76950240135,5198.33998134732,2.80823439359665,147.320461392403,31.6682808995247,84.0019392967224,461.625956863165,47.0781945884228,0.569186151027679,113.663507670164,92.5267791748047,0,50.6498966813087,84.7822014689445,596.069503337145,224.026065677404,239.728022754192,2.25599500536919,348.058718383312,7.08070370554924,518.549546539783,3167.19736891985,4149.57229653001,68.0503304004669,225.912051349878,232.448755025864,3968.49255096912,598.785229384899,93.3174520134926,293.981498211622,13.1644446253777,88.4851291179657,38.5071112513542,186.79096031189,41.1905131042004,8.18776202201843,0.991214513778687,0,1.47407746315002,26.0327719151974,8.63191264867783,27.8944717943668,327.447879701853,85.4232018589973,117.277093440294,146.629910469055,304.144594997168,53.6779859364033,0.474195122718811,29.6634519696236,22.6851314902306,7.80943703651428,2.81441503763199,0,0,16.4508011937141,2.57803595066071,13.1028361320496,2.45377561450005,523.816818803549,0,3.30522203445435,11.5384501516819,626.659793376923,22.9417017102242,4.68207639455795,0.655015826225281,0,2.53592801094055,66.3511316776276,241.153059065342
16490.4752430618,8.17409706115723,2873.45854881406,48.3190420866013,456.746945947409,4004.79950326681,0,19732.5505629778,1732.01387235522,22908.2675173581,1617.35147896409,430.860754877329,364.778935134411,30435.4079324901,609.247511059046,41.9266425967216,2749.07592728734,712.042333692312,1537.46861824393,206.923591792583,9245.62732705474,11.8890668749809,6598.04697906971,3853.28205281496,3.4826078414917,2106.34774112701,884.373536497355,65272.3580770791,7058.40642479062,16738.8515482843,45.1170646250248,651.561132013798,410.031561285257,3892.87291139364,1850.1026930809,18411.434002459,749.114972919226,4316.6888512969,1886.33923956752,687.844835668802,1420.76415300369,233.901146829128,2755.25924161077,27.6737527549267,980.8596752882,308.224752694368,911.025772720575,457.206664174795,24.8970799744129,13.7437569200993,4.57625046372414,52.0230907797813,430.215880095959,49.7646057605743,192.603058159351,2670.00925087929,1179.68831810355,870.00159150362,1871.50640943646,565.401571154594,175.301477432251,9.74778217077255,606.801519870758,120.436922580004,118.035955041647,2.34513747692108,0,0.607120603322983,228.491842210293,23.0440478026867,83.8359163701534,136.733861297369,4967.1648863256,0,2.75072571635246,119.791629433632,5923.44084534049,331.632096529007,35.8926941454411,0,2.65624666213989,9.04187849164009,723.748920500278,267.718567579985
3027.69712135196,0.570281505584717,364.761138677597,191.512964069843,206.879989355803,10149.9059418738,19732.5505629778,0,618.674085080624,10857.4037039578,615.184283822775,9744.5232642889,156.572101801634,31598.4850338101,612.950401157141,4.85708969831467,1910.98953729868,148.011201232672,460.739102274179,1761.0150295198,1034.08908480406,0.805770456790924,1324.65946376324,420.917066127062,0.95858246088028,315.493736833334,161.262228131294,2162.6951251626,5341.70521333814,6938.78751170635,21.6271595656872,934.824348002672,113.832842290401,2128.05464020371,287.059886217117,7807.84737297893,207.928036779165,1065.10984647274,817.007172495127,1314.61512845755,667.124680519104,291.683836221695,2566.65878465772,28.6728535890579,761.530050516129,126.285181671381,995.76713052392,234.659681081772,25.2854169011116,15.3118252158165,0.464821696281433,1.38820171356201,88.394731014967,7.41230225563049,92.8494608700275,3307.08283776045,486.990710765123,879.602063983679,522.316212445498,1059.0270549953,79.7755650877953,3.50196105241776,266.3202894032,85.9799061119556,57.5534545779228,1.01916000247002,0,1.0298290848732,57.6918978095055,10.448461830616,96.1880879104137,1.29216223955154,5065.40391489863,0,4.75709941983223,6.67284667491913,4779.41708725691,162.801336884499,18.1826647520065,0.735540866851807,0,12.5092601776123,591.575671136379,63.9350745081902
6.91013258695602,1314.5626655519,8.56908777356148,1681.94761139154,114.840727329254,134.151339441538,1732.01387235522,618.674085080624,0,3630.12311527133,69.5289627611637,1253.37930500507,253.916638374329,208.004408746958,1448.00491026044,357.957294464111,15.1409075260162,18.651567697525,17.0225902497768,624.877518266439,128.404171466827,9813.28088328242,189.619773447514,35271.0932078362,612.516714632511,35.593562245369,3455.03174340725,9430.44068083167,67.4453584551811,53.5375275313854,14.575885951519,16.1492066085339,10.8734430968761,114.243818432093,33.2907690405846,613.130565106869,30.067452788353,133.313633948565,52.7047572731972,788.706173300743,45.8794628381729,17.6158748269081,568.0049508214,14.3995894491673,205.912877112627,89.4487569630146,219.858255714178,84.8585195243359,4.9026665687561,11.7343173623085,43.2225277423859,5.61917701363564,985.96651417017,12.9679573774338,242.504884332418,730.56303730607,248.554224729538,2969.488132447,3081.15880000591,153.193093091249,559.581099361181,1.10995960235596,165.998224616051,110.902661144733,1627.06118392944,1.92513203620911,50.197075009346,6.98176753520966,590.255391120911,258.806213498116,1875.63940173388,283.218726605177,7247.54655265808,2.50800234079361,58.318451821804,127.496437460184,4343.71852645278,154.714514583349,30.7499570250511,3.08403766155243,15.9944587647915,5.6003081202507,128.804355174303,53.1150594949722
66.4337319135666,0,23.1449323296547,3455.64077395201,585.474375098944,21558.680847764,22908.2675173581,10857.4037039578,3630.12311527133,0,1224.83998084068,9791.68694359064,229.24401345849,3963.33681231737,1452.44914487004,3.18239986896515,179.521829217672,363.187951922417,281.7025000453,5038.70331409574,23.085264980793,1.4403492808342,111.570397943258,1725.90431946516,1.78376322984695,309.913688033819,96.6435749530792,17679.9088506103,1287.86373260617,155.677585527301,27.3555561900139,345.28792232275,4.38454160094261,1944.42226606607,375.026698768139,6590.65457975864,179.834683001041,1501.36712178588,567.632691025734,1293.11513382196,535.986345946789,143.707812458277,759.870342612267,17.5635675191879,316.201301634312,32.6036221385002,1967.24600875378,51.5595200359821,6.80199933052063,4.3363630771637,0,0.671800673007965,1405.15344125032,115.065900474787,696.977429062128,1406.94695311785,542.409262746572,819.16412371397,6007.6886318624,301.862005382776,1817.0978616178,3.79494488239288,215.020882338285,542.028445869684,3.3501071035862,0,0,0,1184.55950757861,1.12988725304604,8.10202547907829,0,3287.20184120536,0.677260041236877,0,0,5389.30829340219,95.7011517286301,3.10650092363358,0,0,2.49400496482849,266.845048964024,25.2848998904228
48.4702894389629,422.375322878361,44.3172840774059,13.2812292575836,23.1663767695427,145.732824027538,1617.35147896409,615.184283822775,69.5289627611637,1224.83998084068,0,873.602663725615,8269.42178940773,1326.64618906379,130.39294436574,6.19475927948952,300.157424807549,18594.2522042692,4025.6884534359,364.261731177568,162.612103462219,112.072815924883,246.936630278826,62.4069761633873,1145.42692789435,7185.87852656841,650.996655464172,266.832304894924,2567.14114096761,631.347944319248,460.750544041395,1011.90210872889,61.5563850700855,12709.5321246386,233.802958965302,2679.83303907514,5567.25592583418,5398.97309648991,1946.92559552193,27.5119290053844,72.7150071263313,4126.9067953229,38.2529181241989,2966.7714523375,34.943725079298,27.5678127110004,17.1713036894798,2.94101548194885,1132.27341681719,0,134.118573635817,8.45695787668228,0,7.55970358848572,2.56518679857254,17.6310053467751,0.820260524749756,92.2677802443504,0,1774.94919449091,4.05115121603012,4549.59768998623,3.11059918999672,1.02622997760773,11.7111703753471,3.4356943666935,23.0623235106468,0,0,1.12255194783211,30.870403110981,6.13529449701309,62.1642465889454,662.656783789396,1007.27467119694,776.538223862648,27.0411577522755,4.61571836471558,1.28924190998077,1532.66884556413,0,0,48.5389747321606,133.196587085724
38.1092099547386,0,9.22934049367905,12901.7021772265,1921.98741206527,8518.95953303576,430.860754877329,9744.5232642889,1253.37930500507,9791.68694359064,873.602663725615,0,192.73501521349,2291.33279114962,11162.875128448,0,84.6346807181835,217.141587734222,181.031544655561,10962.5317198336,12.1069975197315,8.40484967827797,65.9574451446533,1484.09059002995,0,225.808618545532,70.1012071073055,2211.37409639359,599.275496870279,115.522482097149,14.5486051738262,236.511935919523,2.64818263053894,1293.77400586009,11375.0741035342,3227.66146269441,108.541245609522,686.535147994757,414.80374661088,5089.52806124091,357.670060247183,131.391537219286,264.832625955343,14.6052184402943,129.292361676693,46.4744255542755,1022.71896535158,49.6555032730103,12.7762186229229,3.16869261860847,0.983351767063141,0.398405194282532,315.396859586239,62.1840740442276,347.473702400923,256.340665876865,320.171474605799,75.7288211584091,1253.10291531682,404.237463384867,1757.38765287399,3.16230744123459,132.954603493214,214.310273945332,2.82993447780609,0.535471856594086,3.88646164536476,0.399656474590302,379.189866274595,2.71836313605309,4.2530158162117,0,285.435772508383,0.41409432888031,5.13625648617744,2.47908353805542,625.781176418066,32.4584203958511,3.02051404118538,0,4.68219727277756,0,91.2335765063763,1407.33706367016
6.77003037929535,2565.948176682,2.20014134049416,5.10423371195793,8.17426866292953,28.9708605408669,364.778935134411,156.572101801634,253.916638374329,229.24401345849,8269.42178940773,192.73501521349,0,267.134842485189,20.0043942928314,35.1561515629292,16.1425890624523,26.077517926693,7.65253871679306,52.8359442353249,67.1356702148914,866.336016774178,187.630009055138,297.467424660921,9524.70850515366,439.329359680414,2949.31368917227,116.25257486105,405.478261649609,144.301283419132,1620.49949008226,195.452864766121,20.1131454110146,2367.31614655256,60.8178603649139,683.991805136204,4530.95472848415,1203.72043853998,287.623108625412,36.7967479228973,23.2802017331123,6893.78570887446,65.7426118850708,5901.56774935126,166.391662687063,66.7974566221237,6.36031273007393,3.57261455059052,2155.18559700251,0,670.794645935297,3.21655938029289,0,2.45353257656097,0,4.7580286860466,5.94885790348053,50.6590727567673,1.23531138896942,4525.4971716702,1.3691314458847,13641.7912355661,4.18383342027664,0,24.1694296002388,0,123.184430897236,3.20182681083679,0,0,97.8206399679184,2.96553155779839,36.0542269349098,3388.65440505743,3039.25451177359,3743.42409056425,11.7038806676865,3.47946166992188,0,4268.80394262075,0,0,139.043297469616,19.7935948371887
12940.0577187538,4.51888316869736,482.43852686882,30.9968177378178,49.8173512518406,1392.76950240135,30435.4079324901,31598.4850338101,208.004408746958,3963.33681231737,1326.64618906379,2291.33279114962,267.134842485189,0,80.057344019413,6.48731708526611,2841.49092254043,324.372943371534,734.796628981829,743.379978448153,1412.43627685308,0,2086.27814078331,154.977309465408,4.06202691793442,567.476746797562,316.233426094055,835.366029590368,30271.6191033125,13242.7708984613,37.0658117234707,600.697176635265,226.783843964338,3129.48002445698,217.861320316792,3079.30750659108,218.023023962975,1110.01402640343,469.118246883154,175.257703900337,358.785993844271,125.768814474344,670.962062686682,27.6160667538643,144.892080545425,31.6499891877174,265.733802258968,40.6950905323029,11.7105038762093,1.95778495073318,2.80738043785095,1.53943827748299,25.6067903935909,3.23994272947311,21.5314589440823,943.571509152651,65.6801323890686,310.644060522318,103.238722234964,317.3188790977,26.0662232339382,15.5869246125221,52.4594998955727,10.4444444775581,17.2167698740959,0,0,0,11.25199842453,5.82766708731651,48.937019020319,5.61092829704285,1438.70568016171,5.89422726631165,3.02957203984261,11.8362746238708,1402.36314237118,46.4063278138638,12.7145452201366,0.507773101329803,0,3.46697145700455,107.741278231144,26.3055892586708
3.52882707118988,35.7889454364777,43.9384474754333,628.179334253073,6864.95932811499,5198.33998134732,609.247511059046,612.950401157141,1448.00491026044,1452.44914487004,130.39294436574,11162.875128448,20.0043942928314,80.057344019413,0,11.7861842513084,61.8500823974609,73.7197514176369,79.0140568614006,266.390957713127,209.096054464579,152.813735574484,330.040092229843,2926.54677093029,14.3214558660984,101.641157478094,313.78835606575,1315.91797071695,60.5401104092598,304.62469547987,0.551961600780487,131.727822870016,5.85448253154755,190.052834898233,5885.11084637046,660.298797100782,227.985941827297,76.2968185842037,216.04000338912,7265.11480259895,308.662034928799,21.5400230586529,74.8621107935905,94.904065310955,27.1007267832756,269.801271528006,59.4278495311737,0.825543582439423,1.07365047931671,0,0.849564552307129,11.8141894638538,25.6279723346233,5.27000761032104,14.9696786999702,56.6215746998787,19.6331000030041,21.8985078036785,40.041343152523,31.015014231205,71.2090279459953,0.939121603965759,9.82062861323357,16.3191510438919,23.3005205690861,4.02471131086349,16.4332491755486,7.62490737438202,10.1467042565346,36.6981854140759,8.78938901424408,103.599367260933,82.8130325078964,0,30.935633033514,123.772738516331,85.3681830465794,7.35134896636009,17.5448613166809,1.00204491615295,0,0,5.38255453109741,2025.31574010849
0.86405336856842,731.0893484056,53.3089332282543,0,5.50570839643478,2.80823439359665,41.9266425967216,4.85708969831467,357.957294464111,3.18239986896515,6.19475927948952,0,35.1561515629292,6.48731708526611,11.7861842513084,0,107.127894997597,11.5869553983212,58.6714306771755,0,7873.04985523224,4278.45647391677,5114.79577615857,6045.98406267166,95.1461642980576,58.8158354759216,14638.5470922887,4410.54670783877,8.59796562790871,32.3316177725792,1.91690930724144,3.69026964902878,0.798675239086151,231.248269349337,122.339587926865,2131.85900783539,431.384474873543,903.371501117945,545.237582325935,21.6004621982574,12.1152887642384,1.29470491409302,628.997344106436,62.293630450964,123.223226547241,187.487499535084,27.2573411464691,1.44907742738724,0,1.61721885204315,81.0722617805004,111.813751548529,0,13.405671030283,1.13743209838867,172.658066093922,9.4861436188221,118.743620097637,2.46269404888153,4.05208185315132,0.525694489479065,0,28.6137246787548,14.8700941503048,6544.42283210158,18.1223271489143,0.465493053197861,6.1430349946022,0,1446.94273394346,1758.3082922101,4829.59844237566,2419.7237867713,3.40265399217606,18.2802809476852,1369.82366600633,1954.77324232459,50.3237008154392,81.1638825833797,0,0.99117124080658,1.95346328616142,56.7650118470192,146.683545321226
509.639716386795,70.1677176356316,20878.8146930933,1.79126024246216,49.0656748116016,147.320461392403,2749.07592728734,1910.98953729868,15.1409075260162,179.521829217672,300.157424807549,84.6346807181835,16.1425890624523,2841.49092254043,61.8500823974609,107.127894997597,0,276.80773422122,10482.9699308276,68.3731819093227,2252.2227191031,6.92936515808105,19820.4948672652,109.682810753584,1.32749509811401,7626.83481875062,12145.6947307587,762.604978382587,3022.36057785153,6899.49233821034,0.464136630296707,221.465719848871,346.283602178097,13260.8465850055,449.442228853703,5927.33875095844,3126.6221858561,6781.69076374173,2562.87565243244,53.9973292946815,131.049140095711,15.0050098896027,392.911661505699,79.8492313325405,144.309995919466,168.520615190268,11.7002179026604,5.84879612922668,0,0.456076800823212,75.9110353589058,852.504329502583,0.576070606708527,38.6848307847977,0,27.5148310959339,0,8.09294047951698,0,24.8397366702557,0.767577409744263,1.07905864715576,2.26420974731445,8.16110867261887,163.813902914524,136.21889269352,7.52359387278557,28.6699551045895,0,69.5699110031128,31.2386328279972,669.050278186798,147.710193276405,0.729136168956757,127.190197944641,2516.19946867228,191.725830882788,3.48854249715805,12.7378559708595,1.16815948486328,0,0,54.4360340535641,411.20154556632
19.5686090290546,10.6498218774796,148.789372205734,2.93585962057114,11.6598089933395,31.6682808995247,712.042333692312,148.011201232672,18.651567697525,363.187951922417,18594.2522042692,217.141587734222,26.077517926693,324.372943371534,73.7197514176369,11.5869553983212,276.80773422122,0,1426.5207234025,132.894927591085,115.869212120771,5.37277507781982,282.036364078522,18.2318587601185,21.5039100050926,3746.46874606609,1507.93829804659,95.0330044329166,711.683758437634,287.016878694296,8.55811738967896,230.041033834219,33.9643827080727,3128.14832109213,270.770846605301,2825.25266081095,3551.8234449029,3622.21889007092,2570.561168015,21.132270693779,46.5252867043018,8.54310542345047,36.4050593078136,104.874332517385,19.3118267357349,47.6812150776386,3.1890909075737,0,2.46054309606552,0,47.5121162235737,22.927362293005,0,18.6109544634819,0,0,0,18.2403580546379,0,45.0484830737114,0,65.0482404232025,0,5.45924836397171,3.04737055301666,7.87006002664566,30.9848010838032,14.228990405798,0,0,4.80809283256531,6.53253510594368,3.19525563716888,49.5128968954086,527.171959728003,606.684187203646,2.01916119456291,0,0.883925080299377,86.8560183942318,0,0,12.1877827048302,243.147652029991
119.51427167654,41.3552650511265,3290.00878486037,2.18231031298637,17.9085904359818,84.0019392967224,1537.46861824393,460.739102274179,17.0225902497768,281.7025000453,4025.6884534359,181.031544655561,7.65253871679306,734.796628981829,79.0140568614006,58.6714306771755,10482.9699308276,1426.5207234025,0,101.380831897259,612.622045278549,4.72393363714218,3136.63690429926,42.2388459742069,6.27311444282532,7059.5674097836,5347.53462457657,321.112940013409,1111.23714923859,1244.41703021526,2.15729686617851,235.065564960241,67.8472988903522,7947.51494160295,320.406810075045,5799.24698281288,3502.71991920471,4756.78602316976,3245.035076648,30.3587485849857,59.5666592717171,7.93502914905548,209.386938750744,55.4664509296417,63.7035424411297,106.273281395435,6.48980304598808,0,0,0.390790402889252,64.3080051839352,451.652642667294,1.41883897781372,24.5308753848076,0,8.05294638872147,0.563077032566071,16.6006186902523,0,8.07977104187012,0.437311500310898,2.84567821025848,0,7.00054496526718,40.3416883349419,190.761223047972,16.097558259964,45.035948574543,0,16.6265179812908,19.9103625416756,176.5738324821,32.7641517817974,6.14850947260857,400.347918063402,1717.8567789495,41.8845240175724,1.37948071956635,2.95328438282013,2.05581149458885,0,0,61.4978211820126,338.186586111784
8.85771232843399,0.589152932167053,1.22922945022583,17368.6799383759,87.9160951972008,461.625956863165,206.923591792583,1761.0150295198,624.877518266439,5038.70331409574,364.261731177568,10962.5317198336,52.8359442353249,743.379978448153,266.390957713127,0,68.3731819093227,132.894927591085,101.380831897259,0,3.98564153909683,0.661220908164978,33.5815087854862,858.054931521416,0,101.42261916399,45.3805395066738,1858.56356859207,266.838495522738,31.57975679636,7.63679599761963,72.701317101717,4.98502016067505,370.577568411827,21.8098096847534,1042.74510213733,58.7669185400009,245.149661511183,129.736506849527,363.642501741648,91.3893426954746,34.1511526107788,117.64213436842,2.91552636027336,56.5739394724369,10.2817126810551,352.016300678253,11.461384087801,2.45331159234047,1.29031106829643,0,1.31598603725433,295.32729741931,12.8790509104729,127.787913560867,171.631891220808,97.7997173964977,88.2972372472286,1093.49246966839,117.178009241819,357.405165225267,0,34.0754527449608,107.172294795513,0.545176029205322,0,0,0,183.044646471739,0.504285514354706,0,0,427.515419334173,0,0,0.343065857887268,766.335533738136,17.2501948177814,0,0,0,1.04329466819763,49.0957867801189,0.972849607467651
233.722554713488,67.1214171051979,3151.93115481734,0,137.93871447444,47.0781945884228,9245.62732705474,1034.08908480406,128.404171466827,23.085264980793,162.612103462219,12.1069975197315,67.1356702148914,1412.43627685308,209.096054464579,7873.04985523224,2252.2227191031,115.869212120771,612.622045278549,3.98564153909683,0,485.978302299976,53441.452105552,1151.14355272055,15.1368882954121,944.292980819941,3956.17716500163,11615.0711748898,1898.9340928793,39731.3346682191,3.1838601231575,72.968453258276,280.184629648924,11512.5038247705,2399.99908488989,23312.9127242863,2119.70617166162,14564.2201535106,6985.9039081037,304.583226501942,392.643678694963,45.0325194299221,624.763313829899,59.2800858914852,102.751706033945,225.969346314669,129.246388942003,15.8222263455391,2.63541102409363,10.253957927227,8.63063454627991,78.2569987177849,0,102.614109188318,7.58458083868027,226.334191143513,37.3376188576221,101.405263900757,6.10386425256729,66.5008269250393,2.3336775302887,0.510732412338257,100.163604319096,44.1030232012272,2482.37627220154,14.2157453298569,1.85254889726639,1.76890516281128,0,930.84199693799,798.909635514021,1402.45519253612,3162.25203165412,0,11.617251843214,523.315372109413,3688.25169244409,177.249663621187,273.671268641949,0,0.595698773860931,12.132911324501,90.1359754502773,1196.88252916932
0,5014.14278680086,37.2042890787125,2.34042292833328,10.0295837819576,0.569186151027679,11.8890668749809,0.805770456790924,9813.28088328242,1.4403492808342,112.072815924883,8.40484967827797,866.336016774178,0,152.813735574484,4278.45647391677,6.92936515808105,5.37277507781982,4.72393363714218,0.661220908164978,485.978302299976,0,847.951177120209,17731.3931357265,1594.95253890753,50.4241233170033,13069.1147417724,1022.30952960253,1.08282256126404,9.69344663619995,42.0145651698112,0.688280999660492,0,20.762568116188,8.63526654243469,75.3042711317539,45.0301039516926,29.6625140309334,20.1849521100521,110.029972821474,1.20253992080688,30.7669537067413,371.008300691843,44.5097990036011,78.0295969843864,103.771663039923,15.6730350852013,1.28292685747147,5.69214230775833,0.85241574048996,118.907447010279,54.2505384981632,3.14673519134521,0,3.45349851250648,66.8744964301586,7.30779978632927,113.544112861156,9.86531960964203,5.92546808719635,22.9684455394745,8.12831217050552,15.287361741066,10.7498549222946,3627.67178672552,18.4431320428848,4.82955157756805,7.9767302274704,3.70195236802101,463.704058378935,1302.65944457054,1301.06016001105,1450.88923341036,10.1759097576141,112.748954743147,2054.58542662859,821.319920778275,15.3590149879456,26.4457731842995,1.29589295387268,0,2.44544380903244,42.3557560145855,36.0412927269936
399.822789728642,197.909237593412,43083.6839050651,0.405667394399643,164.905127763748,113.663507670164,6598.04697906971,1324.65946376324,189.619773447514,111.570397943258,246.936630278826,65.9574451446533,187.630009055138,2086.27814078331,330.040092229843,5114.79577615857,19820.4948672652,282.036364078522,3136.63690429926,33.5815087854862,53441.452105552,847.951177120209,0,1759.02206870914,27.2474122047424,5682.37961372733,27244.766397208,12965.4765339196,2532.1991045773,15828.2698982954,9.20648741722107,234.820446580648,290.543430328369,20404.4600270391,3967.3655833602,49814.473918587,14081.3788494766,32908.7752682269,20340.2088397145,677.317488849163,458.094405978918,35.6360819637775,2187.37862017751,283.371049284935,524.391858994961,1145.78313475847,89.7202248573303,34.7811982035637,1.84755611419678,3.01586008071899,63.3584313988686,680.980931311846,0,351.986117333174,7.6613432765007,399.991351187229,9.88406363129616,116.074429214001,0.989682286977768,38.1352402567863,2.43032133579254,0,54.1515375673771,70.2875851094723,11351.2131293416,93.524568349123,11.3468736410141,36.4688934981823,0,3466.29374051094,1576.3394779563,12808.4780966341,3467.44037345052,1.18245607614517,91.6587923765182,3713.66116511822,3925.17930629849,55.8987413346767,214.785141825676,0,0,6.06382849812508,216.000189393759,3909.52498745918
7.51387792825699,2715.72794395685,141.071308553219,2479.02177304029,255.563823401928,92.5267791748047,3853.28205281496,420.917066127062,35271.0932078362,1725.90431946516,62.4069761633873,1484.09059002995,297.467424660921,154.977309465408,2926.54677093029,6045.98406267166,109.682810753584,18.2318587601185,42.2388459742069,858.054931521416,1151.14355272055,17731.3931357265,1759.02206870914,0,939.106784403324,185.579533159733,9229.76329514384,21907.7420726418,164.448560476303,197.883870512247,18.7242211401463,22.4338246583939,35.265485227108,273.732123196125,232.020273387432,2972.02830284834,240.721807003021,556.560758858919,321.591841578484,1962.3643887639,92.2717156112194,50.8511411845684,4203.62809169292,86.4874034821987,1350.53079280257,597.656402140856,1205.41695806384,465.040997713804,14.1762541532516,49.9605985879898,164.014019191265,94.3517555594444,1016.58705276251,48.4759127795696,507.745303571224,3816.00219336152,1510.1265720129,4582.03408411145,2910.96972769499,440.120687097311,779.809709995985,1.93730413913727,956.057611614466,306.736838370562,3163.8214816153,17.4898222386837,3.13641333580017,4.73242691159248,513.888409048319,571.204660266638,3534.15060970187,1297.49118462205,20359.3873834312,7.43682318925858,21.1827782690525,1272.23406341672,15044.5522693992,887.440280109644,267.187682509422,0,45.3115691244602,34.1267738044262,979.058963268995,232.717262655497
0,2601.50458741188,0,0,0,0,3.4826078414917,0.95858246088028,612.516714632511,1.78376322984695,1145.42692789435,0,9524.70850515366,4.06202691793442,14.3214558660984,95.1461642980576,1.32749509811401,21.5039100050926,6.27311444282532,0,15.1368882954121,1594.95253890753,27.2474122047424,939.106784403324,0,354.134261578321,8293.81900000572,29.4597510099411,6.03610968589783,2.86807215213776,310.044163763523,0,0,202.008503168821,0,30.7542824745178,90.8139211833477,65.3754255771637,15.6669821739197,14.0333084464073,0,1828.62845885754,60.8675270974636,379.30520644784,97.1991182267666,47.1619396805763,1.78367334604263,0,1254.16840422153,0,895.548715949059,7.91765689849854,0,1.56060492992401,0,6.54558643698692,2.11494767665863,18.4293186366558,6.10741764307022,1088.91187503934,2.02037864923477,3077.22452577949,2.26543840765953,0.667734384536743,12.815810739994,7.43577197194099,35.6151930391788,10.1901751160622,0.996837258338928,6.14868000149727,60.935035943985,11.3238044977188,39.328333824873,2383.50368106365,632.333772271872,2548.91737189889,4.64454224705696,2.20491272211075,0,504.018057733774,1.17119550704956,0,100.087066352367,2.63407152891159
71.4028128683567,260.99271261692,31599.7730508745,0.41810268163681,16.6887881457806,50.6498966813087,2106.34774112701,315.493736833334,35.593562245369,309.913688033819,7185.87852656841,225.808618545532,439.329359680414,567.476746797562,101.641157478094,58.8158354759216,7626.83481875062,3746.46874606609,7059.5674097836,101.42261916399,944.292980819941,50.4241233170033,5682.37961372733,185.579533159733,354.134261578321,0,29133.0683865845,1087.60073539615,837.557516157627,1181.19459250569,434.840095996857,227.749285697937,36.9761085212231,3159.12109452486,735.536049872637,14559.7582932413,16177.2420988083,6321.52364477515,5353.49349215627,38.0907253324986,129.624886035919,12.971662312746,1430.36101463437,2328.66377434134,907.228508651257,773.770875960588,14.4569827616215,10.9902665615082,38.4980926811695,0.698541879653931,1522.15359300375,1626.5982452035,0,62.2121652662754,1.73915469646454,37.0930955410004,1.61615645885468,49.0312237739563,0.55520761013031,773.650722712278,0,2080.36417129636,9.76080340147018,18.6687752902508,163.487315535545,1700.03762945533,634.20871374011,905.706887871027,0,79.3265771865845,197.567232638597,614.656729251146,57.5780498087406,1576.60808208585,13719.9996496737,21376.0886505246,84.9514020085335,5.24107182025909,54.5543625354767,2163.47926673293,5.15052461624146,0,638.677915215492,675.473865866661
43.080083489418,23460.6331448257,34629.5007804334,2.73422420024872,33.5560460984707,84.7822014689445,884.373536497355,161.262228131294,3455.03174340725,96.6435749530792,650.996655464172,70.1012071073055,2949.31368917227,316.233426094055,313.78835606575,14638.5470922887,12145.6947307587,1507.93829804659,5347.53462457657,45.3805395066738,3956.17716500163,13069.1147417724,27244.766397208,9229.76329514384,8293.81900000572,29133.0683865845,0,5099.60442343354,683.383655130863,864.651704847813,2229.86631211638,188.078884124756,42.8661211431026,5184.6674977541,2073.32085379958,36178.6874372065,9701.29019460082,14688.7014385462,10992.576957792,254.618962883949,290.498474240303,47.8038665354252,8611.457908988,3028.20263585448,3674.08199742436,3477.19821044803,55.4356969594955,35.5348830223083,65.120728880167,15.7535829544067,10929.8912690878,9724.85714507103,0.499338030815125,237.472751915455,5.16855898499489,603.145028889179,9.40461313724518,162.825003504753,3.67111361026764,800.024224698544,7.42057046294212,2655.61828124523,73.9372349083424,82.334804803133,10127.1822238564,4152.36418914795,947.682154119015,1862.89297017455,1.40577304363251,1870.75938847661,2340.52359694242,16323.7300933599,1810.90704390407,4958.41912382841,23821.6589541584,102100.847633138,2210.93546587229,19.9029570519924,199.270771503448,1977.83151721954,1.77460873126984,0.397347450256348,2122.23634012043,2472.19411054254
39.8855800330639,168.878933697939,1851.18306332827,5921.8628692627,320.934555143118,596.069503337145,65272.3580770791,2162.6951251626,9430.44068083167,17679.9088506103,266.832304894924,2211.37409639359,116.25257486105,835.366029590368,1315.91797071695,4410.54670783877,762.604978382587,95.0330044329166,321.112940013409,1858.56356859207,11615.0711748898,1022.30952960253,12965.4765339196,21907.7420726418,29.4597510099411,1087.60073539615,5099.60442343354,0,769.256932586432,17952.2651479542,7.7713987827301,182.69910928607,247.216877222061,2722.63365831971,1979.86471581459,23867.2199786305,1561.64004573226,5222.53762295842,3068.84191775322,1214.19345664978,780.550526320934,210.585537731647,6254.19003024697,92.3402009904385,1876.86527150869,768.370614796877,2373.91978928447,823.95655938983,33.9796203672886,76.2688733637333,36.5790817141533,207.0187240839,1436.12046897411,111.763765543699,596.876800268888,6283.44073718786,1983.88483008742,3566.18286919594,5490.73509469628,769.186488747597,1302.4940149188,0.676643133163452,1292.77115482092,426.092672407627,3330.27692493796,19.5652420520782,0.331977337598801,2.95047262310982,1012.53746521473,685.604690074921,1865.5533413887,1949.42549175024,18956.1158776879,1.56161546707153,15.9905903637409,1345.93474298716,19292.943611294,1268.10515353084,523.991959840059,0,18.3795073628426,52.9495551586151,1402.4184294939,572.441187143326
12676.0626804233,1.16425931453705,250.570770680904,9.94237130880356,55.777016967535,224.026065677404,7058.40642479062,5341.70521333814,67.4453584551811,1287.86373260617,2567.14114096761,599.275496870279,405.478261649609,30271.6191033125,60.5401104092598,8.59796562790871,3022.36057785153,711.683758437634,1111.23714923859,266.838495522738,1898.9340928793,1.08282256126404,2532.1991045773,164.448560476303,6.03610968589783,837.557516157627,683.383655130863,769.256932586432,0,18692.0351811498,56.149449557066,758.854574114084,5250.76289120317,7096.62516158819,196.090854406357,1823.26367750764,233.923990935087,1545.54614198208,388.973005264997,100.881297200918,284.44172462821,59.2397810220718,262.738160341978,59.3617250323296,38.6258434951305,18.4666895270348,108.276249408722,8.57855227589607,10.915535569191,1.36919105052948,5.35208654403687,5.96809121966362,3.99302160739899,3.86769771575928,6.38759452104568,217.473538726568,19.4844527244568,100.446571946144,9.08750772476196,152.377390623093,3.69251075387001,28.7759866118431,12.442007124424,3.96947222948074,31.1770173311234,1.12380799651146,0,0,2.89744356274605,2.94355708360672,61.461064696312,10.9901919066906,502.349897712469,5.50970113277435,13.7197510004044,35.2904613316059,575.470041751862,16.6556891798973,9.13731613755226,4.33062165975571,0,2.25321680307388,22.4413547217846,28.3738408684731
5267.18918570876,2.37781411409378,1976.69766318798,3.22095057368279,281.667494952679,239.728022754192,16738.8515482843,6938.78751170635,53.5375275313854,155.677585527301,631.347944319248,115.522482097149,144.301283419132,13242.7708984613,304.62469547987,32.3316177725792,6899.49233821034,287.016878694296,1244.41703021526,31.57975679636,39731.3346682191,9.69344663619995,15828.2698982954,197.883870512247,2.86807215213776,1181.19459250569,864.651704847813,17952.2651479542,18692.0351811498,0,12.6686373054981,272.137643575668,4428.54236912727,13774.2661275566,2751.95443835855,13881.1009984016,801.876572161913,7359.50466302037,2628.13494363427,232.279909819365,1223.72937270999,131.316849380732,875.356172084808,32.1719765067101,182.957641810179,134.233510434628,268.851999372244,91.517265856266,7.7817614376545,21.5895626246929,2.75804674625397,26.2790022790432,0,54.8155116438866,25.939088344574,584.98598280549,112.13232254982,177.072022199631,7.01298275589943,286.497974038124,0.475705951452255,2.06644606590271,111.605175495148,36.4460984170437,246.21241787076,3.64571899175644,0,0.826812326908112,0,52.2953553497791,150.570523113012,71.8220401704311,1419.58476933837,0,8.09788504242897,70.7900048494339,1924.83768165112,173.595211714506,114.477750003338,0,3.43374055624008,10.6151206195354,108.733878821135,528.735208690166
0.865982830524445,96.9759939014912,1.73757696151733,0,0,2.25599500536919,45.1170646250248,21.6271595656872,14.575885951519,27.3555561900139,460.750544041395,14.5486051738262,1620.49949008226,37.0658117234707,0.551961600780487,1.91690930724144,0.464136630296707,8.55811738967896,2.15729686617851,7.63679599761963,3.1838601231575,42.0145651698112,9.20648741722107,18.7242211401463,310.044163763523,434.840095996857,2229.86631211638,7.7713987827301,56.149449557066,12.6686373054981,0,32.5812303721905,1.09428083896637,172.545437633991,15.7850251495838,136.602500855923,846.086497962475,223.842633366585,90.6691165864468,1.11173689365387,3.30769068002701,30.5804934203625,27.8291320204735,1111.86719253659,68.123171210289,38.554022371769,0,0,52.3885969519615,0,221.553114175797,0.561621904373169,0,0,0,0,1.08163672685623,3.90754497051239,0,619.369940906763,0.449702471494675,1956.36957374215,0.59974992275238,0,5.7344958782196,1.53113961219788,76.7352231740952,2.23669841885567,0,0,29.1039779782295,0,0,556.971949845552,1829.09448817372,2179.77415812016,0,0,0,1422.74980118871,0.646577835083008,0,42.4116552472115,7.84903907775879
10.4315350949764,2.42226755619049,23.7112080454826,14.2057868540287,840.564828693867,348.058718383312,651.561132013798,934.824348002672,16.1492066085339,345.28792232275,1011.90210872889,236.511935919523,195.452864766121,600.697176635265,131.727822870016,3.69026964902878,221.465719848871,230.041033834219,235.065564960241,72.701317101717,72.968453258276,0.688280999660492,234.820446580648,22.4338246583939,0,227.749285697937,188.078884124756,182.69910928607,758.854574114084,272.137643575668,32.5812303721905,0,11.3905203342438,15676.6165302992,179.946585208178,3167.25452470779,109.281030386686,572.841524332762,644.288528740406,648.240762174129,2903.76103377342,116.418193280697,21.0340834259987,14.9414466023445,4.87158888578415,2.59844017028809,15.4809693992138,0,5.94985884428024,0,0,2.79461041092873,0,1.35227179527283,0.912469744682312,19.6044590473175,0,28.3555927872658,0.594054281711578,388.40259334445,1.06821238994598,9.50906002521515,0,3.42417651414871,4.94612935185432,1.39788293838501,0,0,0,1.04217317700386,3.76163211464882,0,70.5747505426407,1.59211885929108,1.70006760954857,11.5037070810795,39.2320632636547,2.29432088136673,2.0397344827652,5.39401006698608,0,0.414744049310684,1.79681971669197,30.8634653687477
26.1308174133301,1.70036840438843,36.7945291399956,0,7.4635688662529,7.08070370554924,410.031561285257,113.832842290401,10.8734430968761,4.38454160094261,61.5563850700855,2.64818263053894,20.1131454110146,226.783843964338,5.85448253154755,0.798675239086151,346.283602178097,33.9643827080727,67.8472988903522,4.98502016067505,280.184629648924,0,290.543430328369,35.265485227108,0,36.9761085212231,42.8661211431026,247.216877222061,5250.76289120317,4428.54236912727,1.09428083896637,11.3905203342438,0,2540.60792970657,19.4211368858814,111.318181633949,15.2550096511841,583.407832622528,58.4618025422096,6.45970320701599,58.2100108861923,2.81951278448105,26.5750920772552,2.85544395446777,5.55240708589554,1.80065882205963,6.24167889356613,1.09482169151306,0,0,0.818036139011383,0,0.995457231998444,0.861292660236359,1.22512638568878,13.4173130095005,2.20689761638641,3.21055263280869,0.736345410346985,8.69182139635086,0,1.13870346546173,0.505193769931793,1.35846674442291,4.42006957530975,0,0,0,0,0,8.71404701471329,3.84033000469208,40.2320847511292,0,0,0.928251266479492,52.8876993358135,0,2.35551822185516,0,0,0,1.17334601283073,13.5056432187557
207.918673962355,62.8984522223473,1053.51516404748,17.0582513213158,6739.81179216504,518.549546539783,3892.87291139364,2128.05464020371,114.243818432093,1944.42226606607,12709.5321246386,1293.77400586009,2367.31614655256,3129.48002445698,190.052834898233,231.248269349337,13260.8465850055,3128.14832109213,7947.51494160295,370.577568411827,11512.5038247705,20.762568116188,20404.4600270391,273.732123196125,202.008503168821,3159.12109452486,5184.6674977541,2722.63365831971,7096.62516158819,13774.2661275566,172.545437633991,15676.6165302992,2540.60792970657,0,260.023172587156,3186.94780027866,1406.47627800703,5728.50285965204,1234.46723365784,637.400137871504,604.845335632563,3504.38671785593,573.650160580873,269.795132100582,129.609484344721,61.9703915715218,199.100784957409,16.493455350399,142.196632266045,1.19035696983337,34.8088228106499,128.160051524639,7.93692836165428,8.30542534589767,15.673108458519,794.994429528713,61.1086043417454,217.395215421915,48.1218385398388,866.074885368347,13.1596697866917,261.393045902252,32.3780240416527,22.5495404303074,208.147977024317,26.4778932034969,1.68956279754639,10.3984413146973,5.91287708282471,64.243711411953,77.8420813679695,204.720862656832,1192.70343089104,32.7149475812912,105.140481710434,602.795126020908,1348.43024608493,42.7589989900589,26.1513725221157,38.5124151110649,0,2.20169335603714,88.4755823016167,88.1774705350399
26.7712779641151,18.3682899475098,290.901552528143,6.00263470411301,1801.45702880621,3167.19736891985,1850.1026930809,287.059886217117,33.2907690405846,375.026698768139,233.802958965302,11375.0741035342,60.8178603649139,217.861320316792,5885.11084637046,122.339587926865,449.442228853703,270.770846605301,320.406810075045,21.8098096847534,2399.99908488989,8.63526654243469,3967.3655833602,232.020273387432,0,735.536049872637,2073.32085379958,1979.86471581459,196.090854406357,2751.95443835855,15.7850251495838,179.946585208178,19.4211368858814,260.023172587156,0,14426.1308943331,2830.30355656147,591.049464076757,2558.67483410239,338.549019306898,367.013684511185,89.5605185627937,2959.67708662152,1531.34476345778,332.385622888803,4840.65160176158,138.593999296427,116.842219024897,14.8298491239548,7.69077697396278,15.4773682951927,231.2053386271,1.55801743268967,1605.71546685696,604.841731727123,187.581042408943,5.81126034259796,23.2101773023605,10.0141980946064,110.038022428751,625.775507062674,2.6943541765213,23.1761526465416,356.18811917305,114.674347937107,43.4489624500275,137.669765532017,99.7171394824982,0,447.738459587097,13.9965304732323,1424.48529341817,83.1242938637733,1.59313434362411,391.248670369387,1111.99870041013,240.330248892307,27.6248691678047,173.942594200373,10.2738299369812,0.66470342874527,2.48762691020966,44.7547367215157,283887.001771361
260.061146944761,220.860212355852,5806.1626162827,375.275001853704,3368.51414701343,4149.57229653001,18411.434002459,7807.84737297893,613.130565106869,6590.65457975864,2679.83303907514,3227.66146269441,683.991805136204,3079.30750659108,660.298797100782,2131.85900783539,5927.33875095844,2825.25266081095,5799.24698281288,1042.74510213733,23312.9127242863,75.3042711317539,49814.473918587,2972.02830284834,30.7542824745178,14559.7582932413,36178.6874372065,23867.2199786305,1823.26367750764,13881.1009984016,136.602500855923,3167.25452470779,111.318181633949,3186.94780027866,14426.1308943331,0,40895.6345198452,5416.03624004126,9153.79796510935,7473.46796089411,3158.05889585614,2344.90611705184,2078.8696307838,226.297771632671,635.436959803104,616.893287330866,771.686972647905,227.560137987137,31.8263155817986,25.41821205616,238.123223781586,843.654691070318,59.3929387629032,68.6769210100174,113.282385140657,1908.36658939719,459.543233782053,570.710174322128,285.008298844099,1416.56512451172,63.812010705471,16.4360170960426,248.778389245272,73.6209892034531,826.483825296164,158.45076841116,19.3860514163971,34.9707936644554,34.0584208071232,237.398047238588,244.175759315491,1649.35533460975,3405.75292801857,23.2510256767273,337.773608416319,3617.97203868628,3508.29513344169,210.005363047123,67.6296551525593,7.76563024520874,6.62099623680115,11.1925732791424,365.438230872154,3891.81255331635
26.7140696644783,133.871131300926,4737.72362852097,5.15903049707413,38.0261419713497,68.0503304004669,749.114972919226,207.928036779165,30.067452788353,179.834683001041,5567.25592583418,108.541245609522,4530.95472848415,218.023023962975,227.985941827297,431.384474873543,3126.6221858561,3551.8234449029,3502.71991920471,58.7669185400009,2119.70617166162,45.0301039516926,14081.3788494766,240.721807003021,90.8139211833477,16177.2420988083,9701.29019460082,1561.64004573226,233.923990935087,801.876572161913,846.086497962475,109.281030386686,15.2550096511841,1406.47627800703,2830.30355656147,40895.6345198452,0,4587.26243448257,10832.200194031,232.731337487698,486.125841677189,516.000718712807,256.450550019741,672.885899841785,86.6526465415955,399.87138774991,21.0025983452797,15.5661470293999,509.317234456539,0.474172681570053,158.015374392271,208.300511091948,2.01586031913757,244.665128171444,2.52567434310913,25.4331750571728,1.04748237133026,19.3634709715843,0,475.49744078517,2.79224091768265,1029.74523618817,2.84808599948883,33.153070628643,88.7046737968922,59.2538644969463,32.1781921386719,38.3951956033707,0,39.0859259366989,25.0323797464371,267.538006842136,72.4867664575577,129.6945078969,664.93274012208,1594.83489608765,107.347224414349,3.08553287386894,8.86183482408524,205.378979980946,0,0,38.1151469349861,2954.4704387188
136.463066607714,90.8590505123138,2401.99544841051,24.5031546056271,74.0331439971924,225.912051349878,4316.6888512969,1065.10984647274,133.313633948565,1501.36712178588,5398.97309648991,686.535147994757,1203.72043853998,1110.01402640343,76.2968185842037,903.371501117945,6781.69076374173,3622.21889007092,4756.78602316976,245.149661511183,14564.2201535106,29.6625140309334,32908.7752682269,556.560758858919,65.3754255771637,6321.52364477515,14688.7014385462,5222.53762295842,1545.54614198208,7359.50466302037,223.842633366585,572.841524332762,583.407832622528,5728.50285965204,591.049464076757,5416.03624004126,4587.26243448257,0,8204.78185081482,212.688338905573,1514.72029337287,4762.45146107674,505.353776723146,126.654234170914,123.180160492659,106.151475012302,139.908224612474,15.786493897438,30.7434781193733,0.944854944944382,93.9814735352993,328.477957367897,3.39244818687439,31.6060171127319,8.14106726646423,400.841917932034,36.4821275472641,119.443225592375,25.3078505396843,2929.18204823136,8.53085821866989,81.8665282726288,13.4642164409161,11.5012988448143,395.638343006372,66.5299165248871,12.016864746809,21.4849909842014,1.72632676362991,111.963135898113,71.9919573664665,717.134841322899,860.846861034632,29.4947627782822,268.841391354799,1550.10888493061,779.781929552555,39.7482790350914,21.9980387091637,32.7964041531086,0.833032846450806,1.60632053017616,72.4085546433926,325.506605148315
43.5714987516403,78.9951685667038,1586.93974855542,10.6224820911884,109.023768424988,232.448755025864,1886.33923956752,817.007172495127,52.7047572731972,567.632691025734,1946.92559552193,414.80374661088,287.623108625412,469.118246883154,216.04000338912,545.237582325935,2562.87565243244,2570.561168015,3245.035076648,129.736506849527,6985.9039081037,20.1849521100521,20340.2088397145,321.591841578484,15.6669821739197,5353.49349215627,10992.576957792,3068.84191775322,388.973005264997,2628.13494363427,90.6691165864468,644.288528740406,58.4618025422096,1234.46723365784,2558.67483410239,9153.79796510935,10832.200194031,8204.78185081482,0,430.910149931908,2353.8861489594,995.236539065838,398.672887802124,128.676379054785,77.2638928890228,407.020478010178,63.6688713431358,15.4374785423279,3.96193552017212,0.808219134807587,91.1687740683556,277.570059359074,0,135.125986099243,7.29408991336823,183.702349156141,6.43240129947662,75.0331513881683,5.57546496391296,2216.80242043734,5.82552087306976,9.13523483276367,8.15668147802353,25.3691056370735,239.685146361589,58.2919425070286,18.7062759101391,32.5408338010311,0,77.5715272724628,38.5556500256062,547.195786565542,409.382607102394,21.9714266061783,300.874786525965,1238.38679155707,420.58761665225,14.0925736427307,19.3203439414501,17.9043483138084,0,0,44.3413093388081,2386.81646206975
7.78245782852173,30.1403712630272,49.4305727779865,816.259476006031,17259.4910330772,3968.49255096912,687.844835668802,1314.61512845755,788.706173300743,1293.11513382196,27.5119290053844,5089.52806124091,36.7967479228973,175.257703900337,7265.11480259895,21.6004621982574,53.9973292946815,21.132270693779,30.3587485849857,363.642501741648,304.583226501942,110.029972821474,677.317488849163,1962.3643887639,14.0333084464073,38.0907253324986,254.618962883949,1214.19345664978,100.881297200918,232.279909819365,1.11173689365387,648.240762174129,6.45970320701599,637.400137871504,338.549019306898,7473.46796089411,232.731337487698,212.688338905573,430.910149931908,0,1301.36835318804,617.389348626137,550.415164887905,30.9153736531734,282.652482300997,203.241813778877,789.421781897545,140.435620725155,51.925449937582,3.01174247264862,2.29651552438736,7.80169713497162,100.410430371761,25.5477351546288,178.829065352678,536.667957097292,314.905648171902,78.9761760234833,437.572699069977,2284.43779209256,226.417481720448,0,127.149057120085,100.080202817917,20.5514193475246,11.4423823952675,11.7802498936653,6.76102414727211,68.9592175483704,21.5366425514221,18.4196097254753,34.4439398944378,501.223925054073,0,17.676199644804,58.0053667724133,755.861263513565,123.486856848001,26.6269821822643,2.14783918857574,13.3597466945648,2.67807292938232,208.227772533894,333.265282005072
23.0992285907269,1.97580313682556,54.0311016738415,12.07142162323,6125.06677258015,598.785229384899,1420.76415300369,667.124680519104,45.8794628381729,535.986345946789,72.7150071263313,357.670060247183,23.2802017331123,358.785993844271,308.662034928799,12.1152887642384,131.049140095711,46.5252867043018,59.5666592717171,91.3893426954746,392.643678694963,1.20253992080688,458.094405978918,92.2717156112194,0,129.624886035919,290.498474240303,780.550526320934,284.44172462821,1223.72937270999,3.30769068002701,2903.76103377342,58.2100108861923,604.845335632563,367.013684511185,3158.05889585614,486.125841677189,1514.72029337287,2353.8861489594,1301.36835318804,0,381.661698281765,160.199821025133,12.9096270799637,52.2990389764309,27.2223034501076,101.759031444788,23.1282333731651,1.42546164989471,0,7.00924718379974,7.7500886619091,6.04909881949425,2.35688018798828,6.85049855709076,204.958856195211,9.59762868285179,70.1674731373787,16.7783691883087,1024.23686304688,4.17159748077393,1.19787287712097,10.9817036986351,10.0016883611679,13.7624102830887,0.494272232055664,0,1.19581645727158,1.7538982629776,4.42103445529938,18.3902624845505,18.2921494245529,329.712834835052,0,6.64595511555672,21.1673174500465,346.798430085182,8.88535636663437,5.48377990722656,0,0,0,35.8540213704109,126.514406114817
0.882039546966553,209.450182676315,2.67537528276443,5.89540368318558,34.3453670144081,93.3174520134926,233.901146829128,291.683836221695,17.6158748269081,143.707812458277,4126.9067953229,131.391537219286,6893.78570887446,125.768814474344,21.5400230586529,1.29470491409302,15.0050098896027,8.54310542345047,7.93502914905548,34.1511526107788,45.0325194299221,30.7669537067413,35.6360819637775,50.8511411845684,1828.62845885754,12.971662312746,47.8038665354252,210.585537731647,59.2397810220718,131.316849380732,30.5804934203625,116.418193280697,2.81951278448105,3504.38671785593,89.5605185627937,2344.90611705184,516.000718712807,4762.45146107674,995.236539065838,617.389348626137,381.661698281765,0,34.8071777224541,334.35280674696,5.56282642483711,7.24297732114792,61.6170229315758,0,1412.64971029758,0,17.5559797286987,0,0.43354606628418,2.87566590309143,6.79085874557495,37.8800068497658,15.1245062947273,7.62156492471695,6.00378596782684,1483.05159205198,2.11247313022614,611.109665453434,7.30442118644714,6.06866693496704,4.39665603637695,1.72128522396088,1.20037138462067,0,0.442186862230301,1.27029407024384,4.71113085746765,3.25622293353081,35.3643800020218,44.3819344639778,16.2537387013435,22.0420703887939,43.6692391633987,8.24927097558975,0.49382808804512,36.9803538322449,0,0,14.2707275152206,53.1739337444305
6.43503326177597,272.564878493547,1918.33790290356,150.953487098217,48.5435354709625,293.981498211622,2755.25924161077,2566.65878465772,568.0049508214,759.870342612267,38.2529181241989,264.832625955343,65.7426118850708,670.962062686682,74.8621107935905,628.997344106436,392.911661505699,36.4050593078136,209.386938750744,117.64213436842,624.763313829899,371.008300691843,2187.37862017751,4203.62809169292,60.8675270974636,1430.36101463437,8611.457908988,6254.19003024697,262.738160341978,875.356172084808,27.8291320204735,21.0340834259987,26.5750920772552,573.650160580873,2959.67708662152,2078.8696307838,256.450550019741,505.353776723146,398.672887802124,550.415164887905,160.199821025133,34.8071777224541,0,30809.3004999757,5173.80821096897,7876.6513145715,14160.8073547482,2135.60124459863,809.009595006704,483.354097187519,413.429984241724,7605.06119292974,239.369587391615,180.718308210373,4509.13683107495,19264.9309783578,4605.66973775625,384.39301905036,4829.27192804217,4228.55431705713,1300.6441424489,68.7025392651558,4256.86410182714,981.708637684584,4334.29972949624,1294.62195530534,5000.49977725744,2337.86632037163,314.823041558266,17907.1763439178,280.62930816412,39769.134103328,4245.11088863015,38.0817692279816,10874.9742926955,29588.1413030922,19558.6536510587,2327.03641700745,9105.40223497152,360.063046127558,628.691438913345,143.449375003576,2797.10068467259,13238.4639942348
0,114.326725691557,284.544533640146,1.68145260214806,45.0576877593994,13.1644446253777,27.6737527549267,28.6728535890579,14.3995894491673,17.5635675191879,2966.7714523375,14.6052184402943,5901.56774935126,27.6160667538643,94.904065310955,62.293630450964,79.8492313325405,104.874332517385,55.4664509296417,2.91552636027336,59.2800858914852,44.5097990036011,283.371049284935,86.4874034821987,379.30520644784,2328.66377434134,3028.20263585448,92.3402009904385,59.3617250323296,32.1719765067101,1111.86719253659,14.9414466023445,2.85544395446777,269.795132100582,1531.34476345778,226.297771632671,672.885899841785,126.654234170914,128.676379054785,30.9153736531734,12.9096270799637,334.35280674696,30809.3004999757,0,5761.61258262396,18165.3850764036,596.995985895395,439.44242477417,557.190441548824,21.5662700235844,291.367321580648,3885.98342344165,10.2089381814003,37.0945818424225,93.4074909389019,1303.65207394958,172.141285479069,34.8697939515114,227.281868934631,9088.09689176083,98.0917314887047,4656.77483221889,299.398846447468,308.62357673049,854.176744014025,2355.52118107677,2370.37248247862,952.035776525736,25.3077960908413,3043.89974793792,78.7253802716732,10647.843883574,461.753655970097,302.299339056015,7044.89690041542,6940.08291196823,1714.6019846797,134.901650846004,603.843897104263,3591.09451460838,85.1705012917519,3.52172002196312,2335.98087775707,3562.45359301567
0.462102472782135,107.706314921379,653.396559506655,49.7875097095966,16.1948267221451,88.4851291179657,980.8596752882,761.530050516129,205.912877112627,316.201301634312,34.943725079298,129.292361676693,166.391662687063,144.892080545425,27.1007267832756,123.223226547241,144.309995919466,19.3118267357349,63.7035424411297,56.5739394724369,102.751706033945,78.0295969843864,524.391858994961,1350.53079280257,97.1991182267666,907.228508651257,3674.08199742436,1876.86527150869,38.6258434951305,182.957641810179,68.123171210289,4.87158888578415,5.55240708589554,129.609484344721,332.385622888803,635.436959803104,86.6526465415955,123.180160492659,77.2638928890228,282.652482300997,52.2990389764309,5.56282642483711,5173.80821096897,5761.61258262396,0,7106.91234603524,822.073381215334,462.722575306892,1439.00067478418,408.057460099459,267.356422036886,2562.98720538616,119.792628735304,34.9341272115707,614.774905383587,9049.90795588493,1301.79900157452,158.486048042774,2876.61309331656,7579.06709814072,927.642758727074,152.380983918905,2809.28308799863,237.602371603251,890.884520441294,980.436059325933,5273.26047721505,1547.87227883935,178.198313623667,9168.75206503272,136.142467021942,16578.6684378684,910.750648587942,24.7143702208996,7347.2864485383,10134.9143774211,6065.40014904737,1680.81685033441,5328.77416291833,719.321396619081,369.657107502222,327.561674892902,3174.12055522203,922.421425223351
0.583980560302734,120.742529809475,591.185563087463,13.6815841495991,147.325678646564,38.5071112513542,308.224752694368,126.285181671381,89.4487569630146,32.6036221385002,27.5678127110004,46.4744255542755,66.7974566221237,31.6499891877174,269.801271528006,187.487499535084,168.520615190268,47.6812150776386,106.273281395435,10.2817126810551,225.969346314669,103.771663039923,1145.78313475847,597.656402140856,47.1619396805763,773.770875960588,3477.19821044803,768.370614796877,18.4666895270348,134.233510434628,38.554022371769,2.59844017028809,1.80065882205963,61.9703915715218,4840.65160176158,616.893287330866,399.87138774991,106.151475012302,407.020478010178,203.241813778877,27.2223034501076,7.24297732114792,7876.6513145715,18165.3850764036,7106.91234603524,0,1656.14237487316,1601.07397630811,441.224166452885,204.171659857035,223.250295251608,3209.0589941442,43.0206159651279,64.0569290220737,368.313503623009,5263.75611448288,763.574986934662,64.8858473300934,854.518177181482,3553.48666426539,431.585063993931,54.0447788834572,1578.3276783824,583.797269076109,1187.19570663571,820.877342075109,2785.85730111599,1532.56994047761,73.6238808631897,8397.13006815314,106.514762997627,18785.5938587189,769.840943902731,8.08638399839401,5849.36188396811,12228.657227397,4542.09600254893,768.421306967735,3210.40429282188,465.299593389034,180.988657057285,93.0138733386993,1030.91165006161,6889.51753106713
2.76521268486977,1.32881864905357,27.1870442330837,535.597794264555,32.0691676139832,186.79096031189,911.025772720575,995.76713052392,219.858255714178,1967.24600875378,17.1713036894798,1022.71896535158,6.36031273007393,265.733802258968,59.4278495311737,27.2573411464691,11.7002179026604,3.1890909075737,6.48980304598808,352.016300678253,129.246388942003,15.6730350852013,89.7202248573303,1205.41695806384,1.78367334604263,14.4569827616215,55.4356969594955,2373.91978928447,108.276249408722,268.851999372244,0,15.4809693992138,6.24167889356613,199.100784957409,138.593999296427,771.686972647905,21.0025983452797,139.908224612474,63.6688713431358,789.421781897545,101.759031444788,61.6170229315758,14160.8073547482,596.995985895395,822.073381215334,1656.14237487316,0,1172.94717893004,197.697813481092,40.6851711571217,40.7259999513626,53.7578217387199,698.059075415134,12915.1912585497,5830.33470627666,1845.96838158369,1804.09562629461,786.745302855968,1850.17490768433,3689.24716553092,2710.39059334993,10.6980523467064,354.739716917276,5726.75844484568,30.8651869595051,16.485551327467,88.0696739554405,23.9056284427643,489.519050359726,227.077656924725,136.966795802116,415.375398099422,2027.54798895121,16.635073363781,126.325647503138,305.413902014494,1623.11005961895,168.134144842625,360.927723884583,9.42976835370064,209.225126296282,15.9566456079483,693.116260200739,528.708979040384
0,0.936534285545349,7.58044093847275,15.1336551904678,0,41.1905131042004,457.206664174795,234.659681081772,84.8585195243359,51.5595200359821,2.94101548194885,49.6555032730103,3.57261455059052,40.6950905323029,0.825543582439423,1.44907742738724,5.84879612922668,0,0,11.461384087801,15.8222263455391,1.28292685747147,34.7811982035637,465.040997713804,0,10.9902665615082,35.5348830223083,823.95655938983,8.57855227589607,91.517265856266,0,0,1.09482169151306,16.493455350399,116.842219024897,227.560137987137,15.5661470293999,15.786493897438,15.4374785423279,140.435620725155,23.1282333731651,0,2135.60124459863,439.44242477417,462.722575306892,1601.07397630811,1172.94717893004,0,111.351008832455,26.4501382410526,1.311359167099,28.9301553964615,64.2012641727924,5949.80307739973,3887.71735030413,1103.13064137101,524.6377812922,43.8285634815693,751.073658287525,2282.40250045061,467.013368874788,8.23370552062988,181.72078743577,286.932662844658,20.544508844614,8.3223928809166,64.9125202596188,17.4258173704147,50.1650344729424,106.440193355083,1.60651981830597,152.566458374262,129.487067013979,0,66.7832413613796,81.1373805403709,579.948641628027,102.771759241819,199.329833060503,21.4839948415756,1212.08926954865,16.0101056098938,562.151348203421,189.606749266386
0.965588212013245,96.5357102155685,0,1.15407162904739,4.91737496852875,8.18776202201843,24.8970799744129,25.2854169011116,4.9026665687561,6.80199933052063,1132.27341681719,12.7762186229229,2155.18559700251,11.7105038762093,1.07365047931671,0,0,2.46054309606552,0,2.45331159234047,2.63541102409363,5.69214230775833,1.84755611419678,14.1762541532516,1254.16840422153,38.4980926811695,65.120728880167,33.9796203672886,10.915535569191,7.7817614376545,52.3885969519615,5.94985884428024,0,142.196632266045,14.8298491239548,31.8263155817986,509.317234456539,30.7434781193733,3.96193552017212,51.925449937582,1.42546164989471,1412.64971029758,809.009595006704,557.190441548824,1439.00067478418,441.224166452885,197.697813481092,111.351008832455,0,0,547.545790165663,0,1.32832968235016,0.647759735584259,16.7584875822067,52.5489400327206,32.1183744072914,9.90587395429611,47.6794193983078,11488.8935706019,30.6948168575764,2935.11899283528,30.7863181829453,5.54222518205643,12.7666889727116,1.24699425697327,9.52117848396301,0,4.81819820404053,14.0692215561867,71.2954878211021,33.1897817850113,34.7919554114342,1418.03470617533,28.8231095075607,32.1637322306633,59.3064127266407,33.1525439918041,17.4772319793701,109.63892737031,20.6301719248295,1.43466067314148,3405.49180218577,53.7319264411926
0,1.85737201571465,1.00771388411522,0,1.03170901536942,0.991214513778687,13.7437569200993,15.3118252158165,11.7343173623085,4.3363630771637,0,3.16869261860847,0,1.95778495073318,0,1.61721885204315,0.456076800823212,0,0.390790402889252,1.29031106829643,10.253957927227,0.85241574048996,3.01586008071899,49.9605985879898,0,0.698541879653931,15.7535829544067,76.2688733637333,1.36919105052948,21.5895626246929,0,0,0,1.19035696983337,7.69077697396278,25.41821205616,0.474172681570053,0.944854944944382,0.808219134807587,3.01174247264862,0,0,483.354097187519,21.5662700235844,408.057460099459,204.171659857035,40.6851711571217,26.4501382410526,0,0,0.578570127487183,19.1120282113552,6.34916976094246,7.02199530601501,40.0381699800491,3536.33025357127,814.385862618685,4.34291669726372,152.718397468328,84.9326525330544,35.4676960110664,2.41921833157539,10135.8122861087,28.9073116481304,1.66150808334351,85.0198464393616,76.9302450418472,80.3103139996529,8.07648876309395,153.891233295202,2.91351318359375,139.644234985113,39.4007852375507,0,86.733172416687,85.5767517983913,161.541630685329,7902.19644907117,6475.33911600709,6.25072878599167,8.74204498529434,59.5179888010025,992.805838435888,108.173982769251
0,2438.69857737422,189.978388339281,0,0,0,4.57625046372414,0.464821696281433,43.2225277423859,0,134.118573635817,0.983351767063141,670.794645935297,2.80738043785095,0.849564552307129,81.0722617805004,75.9110353589058,47.5121162235737,64.3080051839352,0,8.63063454627991,118.907447010279,63.3584313988686,164.014019191265,895.548715949059,1522.15359300375,10929.8912690878,36.5790817141533,5.35208654403687,2.75804674625397,221.553114175797,0,0.818036139011383,34.8088228106499,15.4773682951927,238.123223781586,158.015374392271,93.9814735352993,91.1687740683556,2.29651552438736,7.00924718379974,17.5559797286987,413.429984241724,291.367321580648,267.356422036886,223.250295251608,40.7259999513626,1.311359167099,547.545790165663,0.578570127487183,0,224.797365516424,0,4.98141705989838,1.71675556898117,52.9648854136467,3.24977803230286,1550.64451557398,19.6154325008392,647.1177932024,7.99001935124397,892.54116666317,14.0123508870602,40.3093566298485,1426.33222937584,165.456923455,120.813951134682,151.997626900673,1.56493240594864,78.8594659864902,4690.99621096253,202.63228148222,2438.91701000929,6308.90228828788,750.353190869093,20908.0019758046,178.879774272442,11.8803715109825,13.1690801084042,72.4326878488064,1.13314127922058,0,242.676122128963,32.0149142146111
0,265.898916065693,3721.7326900363,0,12.8240050673485,1.47407746315002,52.0230907797813,1.38820171356201,5.61917701363564,0.671800673007965,8.45695787668228,0.398405194282532,3.21655938029289,1.53943827748299,11.8141894638538,111.813751548529,852.504329502583,22.927362293005,451.652642667294,1.31598603725433,78.2569987177849,54.2505384981632,680.980931311846,94.3517555594444,7.91765689849854,1626.5982452035,9724.85714507103,207.0187240839,5.96809121966362,26.2790022790432,0.561621904373169,2.79461041092873,0,128.160051524639,231.2053386271,843.654691070318,208.300511091948,328.477957367897,277.570059359074,7.80169713497162,7.7500886619091,0,7605.06119292974,3885.98342344165,2562.98720538616,3209.0589941442,53.7578217387199,28.9301553964615,0,19.1120282113552,224.797365516424,0,0,8.44268205761909,0.399729162454605,4403.17410308123,67.2310499846935,3.83430105447769,31.7819842994213,64.6054693758488,5.56055909395218,0,347.223137170076,53.8632270693779,304.135956674814,13926.5382498205,373.127974301577,2022.57522401214,2.1701472401619,8570.45867371559,42.8340844810009,49510.9052250385,248.472592830658,2.21654611825943,39932.8735868633,38860.8488054574,4321.02919021249,41.2214553058147,573.746221125126,1.36944651603699,0,1.61043632030487,2308.95891267061,656.388729780912
0,0.811739087104797,0,1451.75844550133,2.55874943733215,26.0327719151974,430.215880095959,88.394731014967,985.96651417017,1405.15344125032,0,315.396859586239,0,25.6067903935909,25.6279723346233,0,0.576070606708527,0,1.41883897781372,295.32729741931,0,3.14673519134521,0,1016.58705276251,0,0,0.499338030815125,1436.12046897411,3.99302160739899,0,0,0,0.995457231998444,7.93692836165428,1.55801743268967,59.3929387629032,2.01586031913757,3.39244818687439,0,100.410430371761,6.04909881949425,0.43354606628418,239.369587391615,10.2089381814003,119.792628735304,43.0206159651279,698.059075415134,64.2012641727924,1.32832968235016,6.34916976094246,0,0,0,100.618104845285,621.516415715218,98.5582091808319,505.701980024576,2033.2374060154,10192.4779857695,125.38324701786,11420.112336129,0.550151526927948,124.255085378885,759.059776246548,2.270587682724,1.55696266889572,57.6569728851318,4.52094352245331,23590.4214347005,0,0,0.511451900005341,2288.47410231829,0,20.5110917389393,0.807566940784454,9003.33587568998,89.8959718942642,2.14426317811012,0,9.86327052116394,1.59492385387421,115.265655040741,14.7305874824524
0,0,25.7635951042175,27.0035512149334,1.94002062082291,8.63191264867783,49.7646057605743,7.41230225563049,12.9679573774338,115.065900474787,7.55970358848572,62.1840740442276,2.45353257656097,3.23994272947311,5.27000761032104,13.405671030283,38.6848307847977,18.6109544634819,24.5308753848076,12.8790509104729,102.614109188318,0,351.986117333174,48.4759127795696,1.56060492992401,62.2121652662754,237.472751915455,111.763765543699,3.86769771575928,54.8155116438866,0,1.35227179527283,0.861292660236359,8.30542534589767,1605.71546685696,68.6769210100174,244.665128171444,31.6060171127319,135.125986099243,25.5477351546288,2.35688018798828,2.87566590309143,180.718308210373,37.0945818424225,34.9341272115707,64.0569290220737,12915.1912585497,5949.80307739973,0.647759735584259,7.02199530601501,4.98141705989838,8.44268205761909,100.618104845285,0,738.592749476433,95.2991418838501,65.8120366930962,219.250251442194,109.342162668705,45.2424390912056,378.358827739954,0,24.670170634985,4568.66730692983,18.9177103042603,2.7633022069931,6.09780138731003,3.55194944143295,47.6760888695717,123.818245351315,23.1566581130028,118.455597251654,423.643509805202,0.729122042655945,11.2777162194252,37.4494522809982,231.534930884838,16.0952921807766,83.0495952963829,0.605139374732971,473.827340066433,2.5857241153717,2188.1210488081,989.007095694542
0,0.529421806335449,2.24123311042786,222.15103533864,1.70940482616425,27.8944717943668,192.603058159351,92.8494608700275,242.504884332418,696.977429062128,2.56518679857254,347.473702400923,0,21.5314589440823,14.9696786999702,1.13743209838867,0,0,0,127.787913560867,7.58458083868027,3.45349851250648,7.6613432765007,507.745303571224,0,1.73915469646454,5.16855898499489,596.876800268888,6.38759452104568,25.939088344574,0,0.912469744682312,1.22512638568878,15.673108458519,604.841731727123,113.282385140657,2.52567434310913,8.14106726646423,7.29408991336823,178.829065352678,6.85049855709076,6.79085874557495,4509.13683107495,93.4074909389019,614.774905383587,368.313503623009,5830.33470627666,3887.71735030413,16.7584875822067,40.0381699800491,1.71675556898117,0.399729162454605,621.516415715218,738.592749476433,0,2045.53453105688,10665.4422522187,415.605904042721,34045.8503429592,746.891650885344,8612.60227021575,6.91202014684677,1193.99148640037,2900.94143036008,0,3.12869516015053,132.324619561434,4.33379560709,565.484806537628,16.1267011463642,4.96673673391342,8.87015718221664,213.735733240843,0.623079597949982,109.727012813091,25.2243979871273,814.455860108137,330.798734217882,72.2116082906723,22.6399641036987,246.448716014624,7.62303373217583,2179.04082790017,3839.13200062513
4.56918099522591,20.1262459158897,170.615445911884,208.468800276518,21.4041270017624,327.447879701853,2670.00925087929,3307.08283776045,730.56303730607,1406.94695311785,17.6310053467751,256.340665876865,4.7580286860466,943.571509152651,56.6215746998787,172.658066093922,27.5148310959339,0,8.05294638872147,171.631891220808,226.334191143513,66.8744964301586,399.991351187229,3816.00219336152,6.54558643698692,37.0930955410004,603.145028889179,6283.44073718786,217.473538726568,584.98598280549,0,19.6044590473175,13.4173130095005,794.994429528713,187.581042408943,1908.36658939719,25.4331750571728,400.841917932034,183.702349156141,536.667957097292,204.958856195211,37.8800068497658,19264.9309783578,1303.65207394958,9049.90795588493,5263.75611448288,1845.96838158369,1103.13064137101,52.5489400327206,3536.33025357127,52.9648854136467,4403.17410308123,98.5582091808319,95.2991418838501,2045.53453105688,0,15625.8113243282,436.65712171793,18104.3879133761,2612.94399631023,290.782241344452,31.3706626594067,59878.8471444249,744.526266485453,81.4667474329472,4929.51571246982,1558.07125553489,2430.32401028275,96.1701310575008,13939.8160393834,27.0662107765675,13886.8996254206,1319.42182606459,1.42608281970024,3410.79952478409,2630.47796541452,77657.6140581071,9289.97385492921,16197.1388100237,60.8831130564213,190.539479851723,403.283230930567,9823.5544038415,3095.48978474736
1.80723041296005,0,1.03522279858589,143.044649273157,1.41704893112183,85.4232018589973,1179.68831810355,486.990710765123,248.554224729538,542.409262746572,0.820260524749756,320.171474605799,5.94885790348053,65.6801323890686,19.6331000030041,9.4861436188221,0,0,0.563077032566071,97.7997173964977,37.3376188576221,7.30779978632927,9.88406363129616,1510.1265720129,2.11494767665863,1.61615645885468,9.40461313724518,1983.88483008742,19.4844527244568,112.13232254982,1.08163672685623,0,2.20689761638641,61.1086043417454,5.81126034259796,459.543233782053,1.04748237133026,36.4821275472641,6.43240129947662,314.905648171902,9.59762868285179,15.1245062947273,4605.66973775625,172.141285479069,1301.79900157452,763.574986934662,1804.09562629461,524.6377812922,32.1183744072914,814.385862618685,3.24977803230286,67.2310499846935,505.701980024576,65.8120366930962,10665.4422522187,15625.8113243282,0,233.534975081682,25537.8598664701,1269.4949426055,7764.34484800696,47.6310451924801,24574.2254839838,535.949530541897,3.92399379611015,149.957223981619,312.076278537512,113.284329324961,1045.46133574843,165.886989444494,4.6078919172287,264.001160115004,245.594307482243,0.865344047546387,288.093141198158,97.1013057231903,1338.98971742392,1163.66103085876,1908.97203820944,62.5434128344059,693.185719490051,57.2332859933376,2127.50870171189,289.316097229719
3.79500392079353,35.9689637124538,4.31154349446297,194.540126174688,14.2716934680939,117.277093440294,870.00159150362,879.602063983679,2969.488132447,819.16412371397,92.2677802443504,75.7288211584091,50.6590727567673,310.644060522318,21.8985078036785,118.743620097637,8.09294047951698,18.2403580546379,16.6006186902523,88.2972372472286,101.405263900757,113.544112861156,116.074429214001,4582.03408411145,18.4293186366558,49.0312237739563,162.825003504753,3566.18286919594,100.446571946144,177.072022199631,3.90754497051239,28.3555927872658,3.21055263280869,217.395215421915,23.2101773023605,570.710174322128,19.3634709715843,119.443225592375,75.0331513881683,78.9761760234833,70.1674731373787,7.62156492471695,384.39301905036,34.8697939515114,158.486048042774,64.8858473300934,786.745302855968,43.8285634815693,9.90587395429611,4.34291669726372,1550.64451557398,3.83430105447769,2033.2374060154,219.250251442194,415.605904042721,436.65712171793,233.534975081682,0,4701.79088905454,125.526368618011,2475.80432897806,55.3301366567612,104.727802455425,1203.18632829189,297.474500119686,10.4880185127258,32.0454352200031,37.0271399915218,1341.61272370815,1.53886324167252,8489.08510407805,19.2794695198536,31498.713840723,440.573995232582,79.7664749622345,2984.5271525383,6262.48551100492,139.098281353712,6.96681576967239,6.90163180232048,10.3529574275017,10.2765946388245,128.865019917488,53.0553697943687
1.50446298718452,4.32604783773422,0,1973.94196090102,3.97786515951157,146.629910469055,1871.50640943646,522.316212445498,3081.15880000591,6007.6886318624,0,1253.10291531682,1.23531138896942,103.238722234964,40.041343152523,2.46269404888153,0,0,0,1093.49246966839,6.10386425256729,9.86531960964203,0.989682286977768,2910.96972769499,6.10741764307022,0.55520761013031,3.67111361026764,5490.73509469628,9.08750772476196,7.01298275589943,0,0.594054281711578,0.736345410346985,48.1218385398388,10.0141980946064,285.008298844099,0,25.3078505396843,5.57546496391296,437.572699069977,16.7783691883087,6.00378596782684,4829.27192804217,227.281868934631,2876.61309331656,854.518177181482,1850.17490768433,751.073658287525,47.6794193983078,152.718397468328,19.6154325008392,31.7819842994213,10192.4779857695,109.342162668705,34045.8503429592,18104.3879133761,25537.8598664701,4701.79088905454,0,2515.41778740287,7480.92709752917,42.5815415084362,11815.0694592893,818.478897899389,0,42.0671948492527,1602.58688932657,192.995176792145,5347.26925033331,8.09483894705772,1.94651246070862,43.6724727153778,2556.40199536085,2.61406302452087,1040.03662180901,219.742077589035,15812.399281919,3158.03449642658,122.09018561244,77.8885231912136,191.417337536812,23.1930217146873,2638.16709187627,418.095759481192
6.34117567539215,31.8754091262817,12.5278166234493,33.5932390987873,122.663846194744,304.144594997168,565.401571154594,1059.0270549953,153.193093091249,301.862005382776,1774.94919449091,404.237463384867,4525.4971716702,317.3188790977,31.015014231205,4.05208185315132,24.8397366702557,45.0484830737114,8.07977104187012,117.178009241819,66.5008269250393,5.92546808719635,38.1352402567863,440.120687097311,1088.91187503934,773.650722712278,800.024224698544,769.186488747597,152.377390623093,286.497974038124,619.369940906763,388.40259334445,8.69182139635086,866.074885368347,110.038022428751,1416.56512451172,475.49744078517,2929.18204823136,2216.80242043734,2284.43779209256,1024.23686304688,1483.05159205198,4228.55431705713,9088.09689176083,7579.06709814072,3553.48666426539,3689.24716553092,2282.40250045061,11488.8935706019,84.9326525330544,647.1177932024,64.6054693758488,125.38324701786,45.2424390912056,746.891650885344,2612.94399631023,1269.4949426055,125.526368618011,2515.41778740287,0,1573.44099321961,8173.04015240073,2327.81203269958,318.938100814819,88.9823262095451,269.522442698479,16275.0274581015,628.057345837355,288.468768060207,319.080508857965,121.596410602331,433.053021162748,414.736120343208,2419.48927879333,2296.37070518732,446.593554764986,1385.89539378881,1764.32598853111,466.155890464783,1319.38950166106,855.002699643373,24.0908101499081,20274.3370728195,403.624056905508
0,3.48932182788849,0,985.261041939259,12.0879843831062,53.6779859364033,175.301477432251,79.7755650877953,559.581099361181,1817.0978616178,4.05115121603012,1757.38765287399,1.3691314458847,26.0662232339382,71.2090279459953,0.525694489479065,0.767577409744263,0,0.437311500310898,357.405165225267,2.3336775302887,22.9684455394745,2.43032133579254,779.809709995985,2.02037864923477,0,7.42057046294212,1302.4940149188,3.69251075387001,0.475705951452255,0.449702471494675,1.06821238994598,0,13.1596697866917,625.775507062674,63.812010705471,2.79224091768265,8.53085821866989,5.82552087306976,226.417481720448,4.17159748077393,2.11247313022614,1300.6441424489,98.0917314887047,927.642758727074,431.585063993931,2710.39059334993,467.013368874788,30.6948168575764,35.4676960110664,7.99001935124397,5.56055909395218,11420.112336129,378.358827739954,8612.60227021575,290.782241344452,7764.34484800696,2475.80432897806,7480.92709752917,1573.44099321961,0,37.0548269748688,1519.40189516544,2872.62662038207,0.400019258260727,9.61131364107132,712.62832826376,65.6342556774616,17489.3514330089,5.33058136701584,1.41684645414352,11.0773138105869,1924.09037074447,0.533088624477386,511.636546224356,49.7905611395836,2885.91342028975,813.861402183771,32.4517314136028,61.2115560173988,125.505231291056,1.72796154022217,870.62502643466,4922.3471800983
0,57.7801067829132,0,0,0,0.474195122718811,9.74778217077255,3.50196105241776,1.10995960235596,3.79494488239288,4549.59768998623,3.16230744123459,13641.7912355661,15.5869246125221,0.939121603965759,0,1.07905864715576,65.0482404232025,2.84567821025848,0,0.510732412338257,8.12831217050552,0,1.93730413913727,3077.22452577949,2080.36417129636,2655.61828124523,0.676643133163452,28.7759866118431,2.06644606590271,1956.36957374215,9.50906002521515,1.13870346546173,261.393045902252,2.6943541765213,16.4360170960426,1029.74523618817,81.8665282726288,9.13523483276367,0,1.19787287712097,611.109665453434,68.7025392651558,4656.77483221889,152.380983918905,54.0447788834572,10.6980523467064,8.23370552062988,2935.11899283528,2.41921833157539,892.54116666317,0,0.550151526927948,0,6.91202014684677,31.3706626594067,47.6310451924801,55.3301366567612,42.5815415084362,8173.04015240073,37.0548269748688,0,123.121659845114,4.45691564679146,28.0776908695698,0,11.4836834669113,0,5.69275960326195,1.5558894276619,177.317013800144,0.441783040761948,72.7543378174305,6924.38882523775,133.109635651112,1452.52100816369,13.1056686341763,76.4726870656013,6.05990785360336,861.84115421772,42.4246599376202,0,1010.55120021105,5.48836541175842
0,6.29902201890945,19.2453573942184,77.5881030261517,3.54458969831467,29.6634519696236,606.801519870758,266.3202894032,165.998224616051,215.020882338285,3.11059918999672,132.954603493214,4.18383342027664,52.4594998955727,9.82062861323357,28.6137246787548,2.26420974731445,0,0,34.0754527449608,100.163604319096,15.287361741066,54.1515375673771,956.057611614466,2.26543840765953,9.76080340147018,73.9372349083424,1292.77115482092,12.442007124424,111.605175495148,0.59974992275238,0,0.505193769931793,32.3780240416527,23.1761526465416,248.778389245272,2.84808599948883,13.4642164409161,8.15668147802353,127.149057120085,10.9817036986351,7.30442118644714,4256.86410182714,299.398846447468,2809.28308799863,1578.3276783824,354.739716917276,181.72078743577,30.7863181829453,10135.8122861087,14.0123508870602,347.223137170076,124.255085378885,24.670170634985,1193.99148640037,59878.8471444249,24574.2254839838,104.727802455425,11815.0694592893,2327.81203269958,1519.40189516544,123.121659845114,0,275.195843011141,12.3058914840221,976.768477231264,1131.40781843662,644.487549513578,335.562874048948,823.527841359377,12.5803596377373,1355.6839941442,247.767775326967,6.52714949846268,1073.88574740291,651.474844425917,1191.13390669227,7317.97580704093,9605.09936517477,161.480477809906,512.049380034208,164.538183659315,6198.3067330122,604.425929814577
0.408480733633041,1.52485966682434,15.3384177386761,133.577893704176,4.04090857505798,22.6851314902306,120.436922580004,85.9799061119556,110.902661144733,542.028445869684,1.02622997760773,214.310273945332,0,10.4444444775581,16.3191510438919,14.8700941503048,8.16110867261887,5.45924836397171,7.00054496526718,107.172294795513,44.1030232012272,10.7498549222946,70.2875851094723,306.736838370562,0.667734384536743,18.6687752902508,82.334804803133,426.092672407627,3.96947222948074,36.4460984170437,0,3.42417651414871,1.35846674442291,22.5495404303074,356.18811917305,73.6209892034531,33.153070628643,11.5012988448143,25.3691056370735,100.080202817917,10.0016883611679,6.06866693496704,981.708637684584,308.62357673049,237.602371603251,583.797269076109,5726.75844484568,286.932662844658,5.54222518205643,28.9073116481304,40.3093566298485,53.8632270693779,759.059776246548,4568.66730692983,2900.94143036008,744.526266485453,535.949530541897,1203.18632829189,818.478897899389,318.938100814819,2872.62662038207,4.45691564679146,275.195843011141,0,44.7622852921486,23.5763563215733,59.1730806529522,14.0036939382553,403.557629436255,370.599302768707,165.659954160452,505.749178856611,2701.47947525978,12.3091025948524,94.6629216074944,329.232818752527,1356.81778383255,157.265464246273,407.134054005146,13.139387011528,28.1284005045891,12.9416784644127,155.613915324211,3404.57000043988
2.33830684423447,140.588079661131,661.451702147722,0,6.14221596717834,7.80943703651428,118.035955041647,57.5534545779228,1627.06118392944,3.3501071035862,11.7111703753471,2.82993447780609,24.1694296002388,17.2167698740959,23.3005205690861,6544.42283210158,163.813902914524,3.04737055301666,40.3416883349419,0.545176029205322,2482.37627220154,3627.67178672552,11351.2131293416,3163.8214816153,12.815810739994,163.487315535545,10127.1822238564,3330.27692493796,31.1770173311234,246.21241787076,5.7344958782196,4.94612935185432,4.42006957530975,208.147977024317,114.674347937107,826.483825296164,88.7046737968922,395.638343006372,239.685146361589,20.5514193475246,13.7624102830887,4.39665603637695,4334.29972949624,854.176744014025,890.884520441294,1187.19570663571,30.8651869595051,20.544508844614,12.7666889727116,1.66150808334351,1426.33222937584,304.135956674814,2.270587682724,18.9177103042603,0,81.4667474329472,3.92399379611015,297.474500119686,0,88.9823262095451,0.400019258260727,28.0776908695698,12.3058914840221,44.7622852921486,0,158.931532144547,33.205486536026,106.279281914234,0,5009.93460857868,22842.5507560968,8606.89656928182,5414.06227225065,247.902518689632,277.010654956102,22965.9176594019,1875.72620984912,12.3456549048424,30.260582447052,6.34843683242798,1.3381335735321,1.56110906600952,322.170154452324,501.758110135794
0,164.599043041468,523.731692910194,0.35340341925621,2.44966244697571,2.81441503763199,2.34513747692108,1.01916000247002,1.92513203620911,0,3.4356943666935,0.535471856594086,0,0,4.02471131086349,18.1223271489143,136.21889269352,7.87006002664566,190.761223047972,0,14.2157453298569,18.4431320428848,93.524568349123,17.4898222386837,7.43577197194099,1700.03762945533,4152.36418914795,19.5652420520782,1.12380799651146,3.64571899175644,1.53113961219788,1.39788293838501,0,26.4778932034969,43.4489624500275,158.45076841116,59.2538644969463,66.5299165248871,58.2919425070286,11.4423823952675,0.494272232055664,1.72128522396088,1294.62195530534,2355.52118107677,980.436059325933,820.877342075109,16.485551327467,8.3223928809166,1.24699425697327,85.0198464393616,165.456923455,13926.5382498205,1.55696266889572,2.7633022069931,3.12869516015053,4929.51571246982,149.957223981619,10.4880185127258,42.0671948492527,269.522442698479,9.61131364107132,0,976.768477231264,23.5763563215733,158.931532144547,0,1826.02386403084,11882.8077932596,6.33393520116806,1832.27763801813,40.7877039313316,11566.9340796173,105.64271619916,0.890642702579498,10219.8474855125,14029.4022880495,848.309064567089,143.799545198679,1776.60182788968,0,2.16755047440529,6.58148175477982,7460.50072163343,107.444627046585
0,28.0665735304356,28.5059746801853,0.446021407842636,5.81703555583954,0,0,0,50.197075009346,0,23.0623235106468,3.88646164536476,123.184430897236,0,16.4332491755486,0.465493053197861,7.52359387278557,30.9848010838032,16.097558259964,0,1.85254889726639,4.82955157756805,11.3468736410141,3.13641333580017,35.6151930391788,634.20871374011,947.682154119015,0.331977337598801,0,0,76.7352231740952,0,0,1.68956279754639,137.669765532017,19.3860514163971,32.1781921386719,12.016864746809,18.7062759101391,11.7802498936653,0,1.20037138462067,5000.49977725744,2370.37248247862,5273.26047721505,2785.85730111599,88.0696739554405,64.9125202596188,9.52117848396301,76.9302450418472,120.813951134682,373.127974301577,57.6569728851318,6.09780138731003,132.324619561434,1558.07125553489,312.076278537512,32.0454352200031,1602.58688932657,16275.0274581015,712.62832826376,11.4836834669113,1131.40781843662,59.1730806529522,33.205486536026,1826.02386403084,0,4675.69806832075,176.367907077074,403.527412027121,29.8408251404762,1178.03033351898,66.2799982130527,4.13171285390854,4364.92166003585,2331.71495330334,381.354422718287,507.615399539471,399.780238360167,69.4707759022713,180.628337442875,9.67448231577873,8586.91621884704,298.543304949999
0.361447989940643,93.8332011401653,138.460762381554,0,4.14510899782181,0,0.607120603322983,1.0298290848732,6.98176753520966,0,0,0.399656474590302,3.20182681083679,0,7.62490737438202,6.1430349946022,28.6699551045895,14.228990405798,45.035948574543,0,1.76890516281128,7.9767302274704,36.4688934981823,4.73242691159248,10.1901751160622,905.706887871027,1862.89297017455,2.95047262310982,0,0.826812326908112,2.23669841885567,0,0,10.3984413146973,99.7171394824982,34.9707936644554,38.3951956033707,21.4849909842014,32.5408338010311,6.76102414727211,1.19581645727158,0,2337.86632037163,952.035776525736,1547.87227883935,1532.56994047761,23.9056284427643,17.4258173704147,0,80.3103139996529,151.997626900673,2022.57522401214,4.52094352245331,3.55194944143295,4.33379560709,2430.32401028275,113.284329324961,37.0271399915218,192.995176792145,628.057345837355,65.6342556774616,0,644.487549513578,14.0036939382553,106.279281914234,11882.8077932596,4675.69806832075,0,11.6307451426983,1032.8926165998,72.3019342720509,3655.42570516467,82.709432721138,0.895117938518524,9374.39339610934,5879.1580581367,425.11621966958,113.414829820395,1239.59343627095,0.828654766082764,5.97851359844208,4.04888537526131,4159.14145588875,191.858241379261
0,0.523827731609344,0,533.017116189003,1.06824088096619,16.4508011937141,228.491842210293,57.6918978095055,590.255391120911,1184.55950757861,0,379.189866274595,0,11.25199842453,10.1467042565346,0,0,0,0,183.044646471739,0,3.70195236802101,0,513.888409048319,0.996837258338928,0,1.40577304363251,1012.53746521473,2.89744356274605,0,0,0,0,5.91287708282471,0,34.0584208071232,0,1.72632676362991,0,68.9592175483704,1.7538982629776,0.442186862230301,314.823041558266,25.3077960908413,178.198313623667,73.6238808631897,489.519050359726,50.1650344729424,4.81819820404053,8.07648876309395,1.56493240594864,2.1701472401619,23590.4214347005,47.6760888695717,565.484806537628,96.1701310575008,1045.46133574843,1341.61272370815,5347.26925033331,288.468768060207,17489.3514330089,5.69275960326195,335.562874048948,403.557629436255,0,6.33393520116806,176.367907077074,11.6307451426983,0,0.440506428480148,0,2.55342745780945,3447.48003539443,0,114.615029960871,11.6938560307026,3464.29187613726,196.368102669716,14.292155534029,12.3590494096279,21.4419872462749,0.781633824110031,173.465714275837,10.9727303683758
0,50.7845023274422,358.988588511944,0.798385441303253,27.6301372051239,2.57803595066071,23.0440478026867,10.448461830616,258.806213498116,1.12988725304604,1.12255194783211,2.71836313605309,0,5.82766708731651,36.6981854140759,1446.94273394346,69.5699110031128,0,16.6265179812908,0.504285514354706,930.84199693799,463.704058378935,3466.29374051094,571.204660266638,6.14868000149727,79.3265771865845,1870.75938847661,685.604690074921,2.94355708360672,52.2953553497791,0,1.04217317700386,0,64.243711411953,447.738459587097,237.398047238588,39.0859259366989,111.963135898113,77.5715272724628,21.5366425514221,4.42103445529938,1.27029407024384,17907.1763439178,3043.89974793792,9168.75206503272,8397.13006815314,227.077656924725,106.440193355083,14.0692215561867,153.891233295202,78.8594659864902,8570.45867371559,0,123.818245351315,16.1267011463642,13939.8160393834,165.886989444494,1.53886324167252,8.09483894705772,319.080508857965,5.33058136701584,1.5558894276619,823.527841359377,370.599302768707,5009.93460857868,1832.27763801813,403.527412027121,1032.8926165998,0.440506428480148,0,518.251384496689,50412.6508303285,370.471668213606,7.98734667897224,2243.91987475753,5299.14176638424,24610.3810172379,245.679504752159,26348.2838008106,5.44744658470154,4.12231311202049,23.3236518800259,16527.8981553912,3097.11635488272
2.49138095974922,97.1823580265045,80.8611927032471,0,3.66263800859451,13.1028361320496,83.8359163701534,96.1880879104137,1875.63940173388,8.10202547907829,30.870403110981,4.2530158162117,97.8206399679184,48.937019020319,8.78938901424408,1758.3082922101,31.2386328279972,4.80809283256531,19.9103625416756,0,798.909635514021,1302.65944457054,1576.3394779563,3534.15060970187,60.935035943985,197.567232638597,2340.52359694242,1865.5533413887,61.461064696312,150.570523113012,29.1039779782295,3.76163211464882,8.71404701471329,77.8420813679695,13.9965304732323,244.175759315491,25.0323797464371,71.9919573664665,38.5556500256062,18.4196097254753,18.3902624845505,4.71113085746765,280.62930816412,78.7253802716732,136.142467021942,106.514762997627,136.966795802116,1.60651981830597,71.2954878211021,2.91351318359375,4690.99621096253,42.8340844810009,0,23.1566581130028,4.96673673391342,27.0662107765675,4.6078919172287,8489.08510407805,1.94651246070862,121.596410602331,1.41684645414352,177.317013800144,12.5803596377373,165.659954160452,22842.5507560968,40.7877039313316,29.8408251404762,72.3019342720509,0,518.251384496689,0,656.254739314318,18317.8371354342,954.848360806704,169.824328690767,17605.2792587578,1650.86559784412,29.2334068119526,9.78527110815048,20.492070287466,0,0,107.091672182083,18.8240906000137
1.6939572095871,200.956691205502,3783.29203999043,0,61.9042260050774,2.45377561450005,136.733861297369,1.29216223955154,283.218726605177,0,6.13529449701309,0,2.96553155779839,5.61092829704285,103.599367260933,4829.59844237566,669.050278186798,6.53253510594368,176.5738324821,0,1402.45519253612,1301.06016001105,12808.4780966341,1297.49118462205,11.3238044977188,614.656729251146,16323.7300933599,1949.42549175024,10.9901919066906,71.8220401704311,0,0,3.84033000469208,204.720862656832,1424.48529341817,1649.35533460975,267.538006842136,717.134841322899,547.195786565542,34.4439398944378,18.2921494245529,3.25622293353081,39769.134103328,10647.843883574,16578.6684378684,18785.5938587189,415.375398099422,152.566458374262,33.1897817850113,139.644234985113,202.63228148222,49510.9052250385,0.511451900005341,118.455597251654,8.87015718221664,13886.8996254206,264.001160115004,19.2794695198536,43.6724727153778,433.053021162748,11.0773138105869,0.441783040761948,1355.6839941442,505.749178856611,8606.89656928182,11566.9340796173,1178.03033351898,3655.42570516467,2.55342745780945,50412.6508303285,656.254739314318,0,1520.47605541348,9.78476315736771,7922.31820097566,36225.9963669032,13164.2929667532,180.094609975815,10577.5749461651,11.0759764015675,2.2893397808075,21.3932414352894,17194.0721544325,5241.20323187113
19.1087346673012,94.9123705625534,224.682413756847,682.285894602537,42.6413717567921,523.816818803549,4967.1648863256,5065.40391489863,7247.54655265808,3287.20184120536,62.1642465889454,285.435772508383,36.0542269349098,1438.70568016171,82.8130325078964,2419.7237867713,147.710193276405,3.19525563716888,32.7641517817974,427.515419334173,3162.25203165412,1450.88923341036,3467.44037345052,20359.3873834312,39.328333824873,57.5780498087406,1810.90704390407,18956.1158776879,502.349897712469,1419.58476933837,0,70.5747505426407,40.2320847511292,1192.70343089104,83.1242938637733,3405.75292801857,72.4867664575577,860.846861034632,409.382607102394,501.223925054073,329.712834835052,35.3643800020218,4245.11088863015,461.753655970097,910.750648587942,769.840943902731,2027.54798895121,129.487067013979,34.7919554114342,39.4007852375507,2438.91701000929,248.472592830658,2288.47410231829,423.643509805202,213.735733240843,1319.42182606459,245.594307482243,31498.713840723,2556.40199536085,414.736120343208,1924.09037074447,72.7543378174305,247.767775326967,2701.47947525978,5414.06227225065,105.64271619916,66.2799982130527,82.709432721138,3447.48003539443,370.471668213606,18317.8371354342,1520.47605541348,0,517.257162749767,277.590046167374,8171.28877538443,14063.9371384084,806.254739999771,132.65439248085,12.7902991473675,17.8088254928589,91.0805850625038,788.385465204716,624.162163257599
0,113.712258219719,1.3875812292099,0,0,0,0,0,2.50800234079361,0.677260041236877,662.656783789396,0.41409432888031,3388.65440505743,5.89422726631165,0,3.40265399217606,0.729136168956757,49.5128968954086,6.14850947260857,0,0,10.1759097576141,1.18245607614517,7.43682318925858,2383.50368106365,1576.60808208585,4958.41912382841,1.56161546707153,5.50970113277435,0,556.971949845552,1.59211885929108,0,32.7149475812912,1.59313434362411,23.2510256767273,129.6945078969,29.4947627782822,21.9714266061783,0,0,44.3819344639778,38.0817692279816,302.299339056015,24.7143702208996,8.08638399839401,16.635073363781,0,1418.03470617533,0,6308.90228828788,2.21654611825943,0,0.729122042655945,0.623079597949982,1.42608281970024,0.865344047546387,440.573995232582,2.61406302452087,2419.48927879333,0.533088624477386,6924.38882523775,6.52714949846268,12.3091025948524,247.902518689632,0.890642702579498,4.13171285390854,0.895117938518524,0,7.98734667897224,954.848360806704,9.78476315736771,517.257162749767,0,118.173779278994,1212.5595138073,23.699226796627,2.94516152143478,0.667260468006134,61.307623565197,2.62311196327209,0,112.317269712687,1.19123673439026
0,735.78321108222,414.215933948755,0,11.3502455949783,3.30522203445435,2.75072571635246,4.75709941983223,58.318451821804,0,1007.27467119694,5.13625648617744,3039.25451177359,3.02957203984261,30.935633033514,18.2802809476852,127.190197944641,527.171959728003,400.347918063402,0,11.617251843214,112.748954743147,91.6587923765182,21.1827782690525,632.333772271872,13719.9996496737,23821.6589541584,15.9905903637409,13.7197510004044,8.09788504242897,1829.09448817372,1.70006760954857,0,105.140481710434,391.248670369387,337.773608416319,664.93274012208,268.841391354799,300.874786525965,17.676199644804,6.64595511555672,16.2537387013435,10874.9742926955,7044.89690041542,7347.2864485383,5849.36188396811,126.325647503138,66.7832413613796,28.8231095075607,86.733172416687,750.353190869093,39932.8735868633,20.5110917389393,11.2777162194252,109.727012813091,3410.79952478409,288.093141198158,79.7664749622345,1040.03662180901,2296.37070518732,511.636546224356,133.109635651112,1073.88574740291,94.6629216074944,277.010654956102,10219.8474855125,4364.92166003585,9374.39339610934,114.615029960871,2243.91987475753,169.824328690767,7922.31820097566,277.590046167374,118.173779278994,0,37538.6085238457,1259.7030197382,392.519684612751,829.786893159151,478.6610070467,120.973989009857,9.1723208129406,5529.00111493468,871.401331365108
3.02740567922592,6393.74762377143,10862.8165769875,0,53.6219145357609,11.5384501516819,119.791629433632,6.67284667491913,127.496437460184,0,776.538223862648,2.47908353805542,3743.42409056425,11.8362746238708,123.772738516331,1369.82366600633,2516.19946867228,606.684187203646,1717.8567789495,0.343065857887268,523.315372109413,2054.58542662859,3713.66116511822,1272.23406341672,2548.91737189889,21376.0886505246,102100.847633138,1345.93474298716,35.2904613316059,70.7900048494339,2179.77415812016,11.5037070810795,0.928251266479492,602.795126020908,1111.99870041013,3617.97203868628,1594.83489608765,1550.10888493061,1238.38679155707,58.0053667724133,21.1673174500465,22.0420703887939,29588.1413030922,6940.08291196823,10134.9143774211,12228.657227397,305.413902014494,81.1373805403709,32.1637322306633,85.5767517983913,20908.0019758046,38860.8488054574,0.807566940784454,37.4494522809982,25.2243979871273,2630.47796541452,97.1013057231903,2984.5271525383,219.742077589035,446.593554764986,49.7905611395836,1452.52100816369,651.474844425917,329.232818752527,22965.9176594019,14029.4022880495,2331.71495330334,5879.1580581367,11.6938560307026,5299.14176638424,17605.2792587578,36225.9963669032,8171.28877538443,1212.5595138073,37538.6085238457,0,5549.83270195127,156.76049798727,1224.32916927338,731.479877501726,15.7195265591145,11.5884334445,6851.24089179933,2651.0655823946
23.2740852832794,44.9862867891788,430.817404299974,1138.50501164794,45.7017213404179,626.659793376923,5923.44084534049,4779.41708725691,4343.71852645278,5389.30829340219,27.0411577522755,625.781176418066,11.7038806676865,1402.36314237118,85.3681830465794,1954.77324232459,191.725830882788,2.01916119456291,41.8845240175724,766.335533738136,3688.25169244409,821.319920778275,3925.17930629849,15044.5522693992,4.64454224705696,84.9514020085335,2210.93546587229,19292.943611294,575.470041751862,1924.83768165112,0,39.2320632636547,52.8876993358135,1348.43024608493,240.330248892307,3508.29513344169,107.347224414349,779.781929552555,420.58761665225,755.861263513565,346.798430085182,43.6692391633987,19558.6536510587,1714.6019846797,6065.40014904737,4542.09600254893,1623.11005961895,579.948641628027,59.3064127266407,161.541630685329,178.879774272442,4321.02919021249,9003.33587568998,231.534930884838,814.455860108137,77657.6140581071,1338.98971742392,6262.48551100492,15812.399281919,1385.89539378881,2885.91342028975,13.1056686341763,1191.13390669227,1356.81778383255,1875.72620984912,848.309064567089,381.354422718287,425.11621966958,3464.29187613726,24610.3810172379,1650.86559784412,13164.2929667532,14063.9371384084,23.699226796627,1259.7030197382,5549.83270195127,0,3396.21552500129,4146.61111044884,20.2380341589451,69.0695599019527,405.36188569665,6266.21114990115,3195.46027776599
0.377993226051331,0,7.92574697732925,23.0459890365601,4.06873366236687,22.9417017102242,331.632096529007,162.801336884499,154.714514583349,95.7011517286301,4.61571836471558,32.4584203958511,3.47946166992188,46.4063278138638,7.35134896636009,50.3237008154392,3.48854249715805,0,1.37948071956635,17.2501948177814,177.249663621187,15.3590149879456,55.8987413346767,887.440280109644,2.20491272211075,5.24107182025909,19.9029570519924,1268.10515353084,16.6556891798973,173.595211714506,0,2.29432088136673,0,42.7589989900589,27.6248691678047,210.005363047123,3.08553287386894,39.7482790350914,14.0925736427307,123.486856848001,8.88535636663437,8.24927097558975,2327.03641700745,134.901650846004,1680.81685033441,768.421306967735,168.134144842625,102.771759241819,33.1525439918041,7902.19644907117,11.8803715109825,41.2214553058147,89.8959718942642,16.0952921807766,330.798734217882,9289.97385492921,1163.66103085876,139.098281353712,3158.03449642658,1764.32598853111,813.861402183771,76.4726870656013,7317.97580704093,157.265464246273,12.3456549048424,143.799545198679,507.615399539471,113.414829820395,196.368102669716,245.679504752159,29.2334068119526,180.094609975815,806.254739999771,2.94516152143478,392.519684612751,156.76049798727,3396.21552500129,0,10025.0642454922,127.647792100906,1040.2947832942,3254.0041141808,6987.61604002118,469.137302368879
4.06608527898788,14.2607652246952,56.6033507585526,0.588719844818115,9.16505101323128,4.68207639455795,35.8926941454411,18.1826647520065,30.7499570250511,3.10650092363358,1.28924190998077,3.02051404118538,0,12.7145452201366,17.5448613166809,81.1638825833797,12.7378559708595,0.883925080299377,2.95328438282013,0,273.671268641949,26.4457731842995,214.785141825676,267.187682509422,0,54.5543625354767,199.270771503448,523.991959840059,9.13731613755226,114.477750003338,0,2.0397344827652,2.35551822185516,26.1513725221157,173.942594200373,67.6296551525593,8.86183482408524,21.9980387091637,19.3203439414501,26.6269821822643,5.48377990722656,0.49382808804512,9105.40223497152,603.843897104263,5328.77416291833,3210.40429282188,360.927723884583,199.329833060503,17.4772319793701,6475.33911600709,13.1690801084042,573.746221125126,2.14426317811012,83.0495952963829,72.2116082906723,16197.1388100237,1908.97203820944,6.96681576967239,122.09018561244,466.155890464783,32.4517314136028,6.05990785360336,9605.09936517477,407.134054005146,30.260582447052,1776.60182788968,399.780238360167,1239.59343627095,14.292155534029,26348.2838008106,9.78527110815048,10577.5749461651,132.65439248085,0.667260468006134,829.786893159151,1224.32916927338,4146.61111044884,10025.0642454922,0,5.64870303869247,19.1621116697788,806.32351142168,19286.8753905594,2097.74736437201
0,21.173271715641,0,0,0.551762938499451,0.655015826225281,0,0.735540866851807,3.08403766155243,0,1532.66884556413,0,4268.80394262075,0.507773101329803,1.00204491615295,0,1.16815948486328,86.8560183942318,2.05581149458885,0,0,1.29589295387268,0,0,504.018057733774,2163.47926673293,1977.83151721954,0,4.33062165975571,0,1422.74980118871,5.39401006698608,0,38.5124151110649,10.2738299369812,7.76563024520874,205.378979980946,32.7964041531086,17.9043483138084,2.14783918857574,0,36.9803538322449,360.063046127558,3591.09451460838,719.321396619081,465.299593389034,9.42976835370064,21.4839948415756,109.63892737031,6.25072878599167,72.4326878488064,1.36944651603699,0,0.605139374732971,22.6399641036987,60.8831130564213,62.5434128344059,6.90163180232048,77.8885231912136,1319.38950166106,61.2115560173988,861.84115421772,161.480477809906,13.139387011528,6.34843683242798,0,69.4707759022713,0.828654766082764,12.3590494096279,5.44744658470154,20.492070287466,11.0759764015675,12.7902991473675,61.307623565197,478.6610070467,731.479877501726,20.2380341589451,127.647792100906,5.64870303869247,0,66.8495559096336,0,840.263728708029,26.2190646827221
0,0,0,0.884845733642578,0,0,2.65624666213989,0,15.9944587647915,0,0,4.68219727277756,0,0,0,0.99117124080658,0,0,0,0,0.595698773860931,0,0,45.3115691244602,1.17119550704956,5.15052461624146,1.77460873126984,18.3795073628426,0,3.43374055624008,0.646577835083008,0,0,0,0.66470342874527,6.62099623680115,0,0.833032846450806,0,13.3597466945648,0,0,628.691438913345,85.1705012917519,369.657107502222,180.988657057285,209.225126296282,1212.08926954865,20.6301719248295,8.74204498529434,1.13314127922058,0,9.86327052116394,473.827340066433,246.448716014624,190.539479851723,693.185719490051,10.3529574275017,191.417337536812,855.002699643373,125.505231291056,42.4246599376202,512.049380034208,28.1284005045891,1.3381335735321,2.16755047440529,180.628337442875,5.97851359844208,21.4419872462749,4.12231311202049,0,2.2893397808075,17.8088254928589,2.62311196327209,120.973989009857,15.7195265591145,69.0695599019527,1040.2947832942,19.1621116697788,66.8495559096336,0,0.993847042322159,11129.1267002225,24.713447034359
0,0,1.68689233064651,0.412401705980301,0,2.53592801094055,9.04187849164009,12.5092601776123,5.6003081202507,2.49400496482849,0,0,0,3.46697145700455,0,1.95346328616142,0,0,0,1.04329466819763,12.132911324501,2.44544380903244,6.06382849812508,34.1267738044262,0,0,0.397347450256348,52.9495551586151,2.25321680307388,10.6151206195354,0,0.414744049310684,0,2.20169335603714,2.48762691020966,11.1925732791424,0,1.60632053017616,0,2.67807292938232,0,0,143.449375003576,3.52172002196312,327.561674892902,93.0138733386993,15.9566456079483,16.0101056098938,1.43466067314148,59.5179888010025,0,1.61043632030487,1.59492385387421,2.5857241153717,7.62303373217583,403.283230930567,57.2332859933376,10.2765946388245,23.1930217146873,24.0908101499081,1.72796154022217,0,164.538183659315,12.9416784644127,1.56110906600952,6.58148175477982,9.67448231577873,4.04888537526131,0.781633824110031,23.3236518800259,0,21.3932414352894,91.0805850625038,0,9.1723208129406,11.5884334445,405.36188569665,3254.0041141808,806.32351142168,0,0.993847042322159,0,2157.96728512645,72.4203023910522
0.741361290216446,69.1093375682831,310.81706944108,48.9110303521156,7.64162254333496,66.3511316776276,723.748920500278,591.575671136379,128.804355174303,266.845048964024,48.5389747321606,91.2335765063763,139.043297469616,107.741278231144,5.38255453109741,56.7650118470192,54.4360340535641,12.1877827048302,61.4978211820126,49.0957867801189,90.1359754502773,42.3557560145855,216.000189393759,979.058963268995,100.087066352367,638.677915215492,2122.23634012043,1402.4184294939,22.4413547217846,108.733878821135,42.4116552472115,1.79681971669197,1.17334601283073,88.4755823016167,44.7547367215157,365.438230872154,38.1151469349861,72.4085546433926,44.3413093388081,208.227772533894,35.8540213704109,14.2707275152206,2797.10068467259,2335.98087775707,3174.12055522203,1030.91165006161,693.116260200739,562.151348203421,3405.49180218577,992.805838435888,242.676122128963,2308.95891267061,115.265655040741,2188.1210488081,2179.04082790017,9823.5544038415,2127.50870171189,128.865019917488,2638.16709187627,20274.3370728195,870.62502643466,1010.55120021105,6198.3067330122,155.613915324211,322.170154452324,7460.50072163343,8586.91621884704,4159.14145588875,173.465714275837,16527.8981553912,107.091672182083,17194.0721544325,788.385465204716,112.317269712687,5529.00111493468,6851.24089179933,6266.21114990115,6987.61604002118,19286.8753905594,840.263728708029,11129.1267002225,2157.96728512645,0,348.274096220732
3.27143800258636,18.1759453117847,401.067326724529,0.493367493152618,1225.94483998418,241.153059065342,267.718567579985,63.9350745081902,53.1150594949722,25.2848998904228,133.196587085724,1407.33706367016,19.7935948371887,26.3055892586708,2025.31574010849,146.683545321226,411.20154556632,243.147652029991,338.186586111784,0.972849607467651,1196.88252916932,36.0412927269936,3909.52498745918,232.717262655497,2.63407152891159,675.473865866661,2472.19411054254,572.441187143326,28.3738408684731,528.735208690166,7.84903907775879,30.8634653687477,13.5056432187557,88.1774705350399,283887.001771361,3891.81255331635,2954.4704387188,325.506605148315,2386.81646206975,333.265282005072,126.514406114817,53.1739337444305,13238.4639942348,3562.45359301567,922.421425223351,6889.51753106713,528.708979040384,189.606749266386,53.7319264411926,108.173982769251,32.0149142146111,656.388729780912,14.7305874824524,989.007095694542,3839.13200062513,3095.48978474736,289.316097229719,53.0553697943687,418.095759481192,403.624056905508,4922.3471800983,5.48836541175842,604.425929814577,3404.57000043988,501.758110135794,107.444627046585,298.543304949999,191.858241379261,10.9727303683758,3097.11635488272,18.8240906000137,5241.20323187113,624.162163257599,1.19123673439026,871.401331365108,2651.0655823946,3195.46027776599,469.137302368879,2097.74736437201,26.2190646827221,24.713447034359,72.4203023910522,348.274096220732,0
