"Predictor","Test_Statistic","p_value","functional_ve","semi_partial_r"
"dwma_percent",83.5089776374834,1.5381025751246e-46,0.00403846689712064,0.0405706858639684
"eTIV",3151.98191619025,0,0.410235239834168,0.425573415879074
"sex",110.377141397452,1.48321440033224e-34,0.0912809168098281,0.0342646981176802
"sriskscore",209.830820545252,1.90459389405393e-131,0.0589709884589863,0.0686547761825359
"age_at_5y_mri",110.882787431868,1.82100713051704e-36,0.0155214993674209,0.0352881386694443
"Rel_Motion",1757.24285949201,0,0.211531754750531,0.257450528676818
