"Predictor","Test_Statistic","p_value","functional_ve","semi_partial_r"
"Group",939.853933240977,0,0.0173547458319345,0.252108278463553
"Rel_Motion",2629.6621679904,0,0.10993216505579,0.387166394524006
