0,0,0.00833107489230284,4.40834802992106e-05,0.000114628719107616,0.00473123388664602,0.987652763812028,0.302309840699637,5.30384624378443e-05,0.00223506470169918,0.0012945595926522,0.00116985502938083,0.00098301259908006,1.38715289492176,0.000385793780639112,0.000534603255187118,0.0859043558582949,0.00130969259283993,0.0105290188165454,0.000415090197163582,0.0415219040399925,8.17226616765976e-05,0.0498923000999856,0.00154375474998339,2.79332676632523e-05,0.00618158054926668,0.0203274255915906,0.0142533860419155,0.284068491936336,0.943318360952741,5.95377769915581e-05,0.000446687635480106,0.00255176751363623,0.035040094670684,0.00231043441086538,0.0163836065331097,0.00369243227462533,0.0178076057229429,0.013155420535614,0.00122339625260721,0.000688066099384081,3.57983086397409e-05,0.000354738730404246,0,0.000184079973636245,0.000122205511671424,7.97693954041957e-05,0,0.000125716924768496,0,0,0.00141295670478143,0,3.15189678620338e-05,0,0,0,3.6792536349392e-05,3.59768536623716e-05,0,0,0,0,4.68655402575731e-05,0.000167561284255886,4.91827779732943e-05,0,7.58922036080002e-05,0,6.04321592496514e-05,0.000311546416830397,0.000917669493763731,0.000496746703402019,0,0.000305195058260358,0.00178388200032774,0.000666681127844703,2.33158317900896e-05,0,0,0,5.70004293448448e-05,4.00919178501606e-05,0.000349353588066458
0,0,0.0455626992855359,7.00779219602109e-05,0.000257071855601406,3.84870351928711e-05,0.000365734400617647,0.000312514586479032,0.225957268170241,9.58787166555404e-05,0.00238893807935951,0.000380603245186472,0.159383265142668,0.000652955087164092,0.00792290470131657,0.0416799657813708,0.0321146052407893,0.00156369565500494,0.00533115743029804,0,0.00734893347150145,0.269131353997087,0.0158039603956343,0.316702468414258,0.154407399141102,0.0214183720935996,1.63202599869674,0.014573325629247,0.000432614186905002,0.000226214685063565,0.0122530656643333,0,0,0.00444036484046566,0.00154530245027697,0.0322836670253475,0.0129358608774742,0.0086044427517672,0.0143758856740996,0.00385181049618713,5.5814217739892e-05,0.0307244023408698,0.0363748422481895,0.0381827416668864,0.00536006518609225,0.00767704082206972,0.000597589234775734,7.35262055381297e-05,0.00941834106501409,0.000153113117484641,0.159963993279256,0.0480448187374491,0,8.07681066883561e-05,0.000178777228337145,0.00448836163792573,0.000603998002850926,0.0017064105277163,0.000207407273106337,0.0155070229143112,0.000105186731895804,0.0187082732276213,0.00164580271505331,0.000249506773660183,0.00529514582004508,0.0280409852959283,0.000900304052697659,0.0068216453024365,0,0.00434385344799367,0.00770761845457528,0.0226649993199301,0.00568836511309873,0.00622843661673864,0.0372692766954851,0.404207168055279,0.00606269235339407,0.0014834201647709,0.00147102715004629,0.0120258482742465,0.000451757059116984,0.000122091166695428,0.00795306735431199,0.00158545154456542
0.00833107489230284,0.0455626992855359,0,9.85730150869487e-05,8.38242137815477e-05,0.00502063491967535,0.154877195769427,0.0368912429117947,0.00133978415253982,0.00142394260396263,0.00132676386006446,7.89097262835502e-05,0.00332751246839093,0.0447585626344131,0.000313953264806879,0.0102927664233783,0.781284658372935,0.02008447935204,0.0913330687100289,0.000328904885641837,0.31098942947168,0.0136079258875154,1.5998187836957,0.0148405270608012,0.00154408500178618,1.41057085059943,3.25385197142756,0.206159127929316,0.00943950453019642,0.0644087524615664,0.00150316076066959,0.000502637263095617,0.00106552256458969,0.036121783079191,0.00983137772579801,0.151382969872571,0.0400305041890474,0.0573976578008464,0.0824532675438008,0.00191346821434547,0.00200619605062337,0.000197769059392154,0.130457325550368,0.0246028596550397,0.0200149700144824,0.0346163197798196,0.00107004744723909,0.000115600562522149,5.86174867833137e-05,0.00114899067984774,0.0397206585757167,0.422326737706696,0,0.000178628168248558,9.40537319678308e-05,0.0239100229810237,0.00205744239672743,0.00024670363102591,0.000427067363315141,0.000757929961276172,0,0.000440904505787015,0.00593121972379242,0.000453458897591686,0.0105815994052935,0.168185291286439,0.00266580764014303,0.0269745536036508,3.19637582048178e-05,0.0124381148998722,0.0120771976319563,0.120185335882883,0.00614909735216621,4.57281028327703e-05,0.0913037604623978,0.624610022975039,0.0287907461390196,0.00128573469935406,0.00924024473165838,0.000706670604905463,0,0.000135340765367389,0.0246601983157648,0.00784912287080196
4.40834802992106e-05,7.00779219602109e-05,9.85730150869487e-05,0,0.00173901532251771,0.0216438941138049,0.0631788053431743,0.0224382895929367,0.222629582643774,0.852807560615309,0.00354876306814173,0.259936690786978,0.0178826634839561,0.0106212686899545,0.0296862311312761,0,0.000445521116050422,0.00124638877324687,0.00101902967652873,2.79841330243082,0.000130100983675432,0.000363060507388115,0.000350285187943268,0.419992221432498,0.000368976011162102,0.000655614885773492,0.000279552920873237,1.46305283789435,0.0350881745446319,0.000312041504188549,7.04006543937564e-05,0.00407825721314457,0.00133671043112176,0.0222196838893416,0.00987038382263422,0.0760932151588507,0.00139690129703222,0.0204095100974815,0.00992897750696975,0.0452166051949085,0.00555592184294461,0.000220247926329875,0.00766484326354169,9.90950789475917e-05,0.00315165902639494,0.0011940356538124,0.046782866850959,0.00102380082790242,0.000645479184902465,7.01704139545441e-05,0,2.08933703085422e-05,0.230496468680303,0.00115223854171965,0.00428203076440143,0.00612243290448689,0.000641927216195082,0.0775796171850913,0.0600696421732205,0.000442003032895589,0.0496190795585337,0,0.000986809983249984,0.0116953204472153,0,0,0.000121726614560079,0,0.142570264535742,0.000105129591010093,0.000169130318068528,7.34872873213294e-05,0.178106978594088,5.57756510985374e-05,6.35090033687353e-05,5.87073044340849e-05,0.275363101322772,0.00292187791260241,0.000304924272086549,0,0.000211630802269542,0.000236752096434367,0.00101127892522423,0.0012733282832845
0.000114628719107616,0.000257071855601406,8.38242137815477e-05,0.00173901532251771,0,0.0921296679292366,0.00347355085884998,0.0075432732936192,0.0117888209041136,0.00167395507939922,0.000239275951879549,0.0216347936288101,0.000492182033472919,0.00109471704991164,0.425469391896369,0.000232399341568136,0.000708727866404773,0,0.000242193202472663,0.00252701811518826,0.00351511154633092,0.00148243844959188,0.00557805229466493,0.0169973047000336,0.000205908297614336,0.000320181820838785,0.00165087326452167,0.00938151646814427,0.00295453009108332,0.00274707389171083,0.000169444642318511,0.0182733795677338,0.00019378482472347,0.00191135405490303,0.275472226080866,0.00663695212789331,0.000954858678321506,0.000921105669715331,0.000809672966952182,0.951716162484669,0.0916636394411154,0.000157807728118515,0.00171988439992061,0.000434011647949648,0.000256001197759938,0.000937346966068697,0.0138130254766725,7.00958404571057e-05,6.81890690498831e-05,0,0,2.52023579820156e-05,0.00307423258704289,0.000184360463687396,0.00088223377791753,0.000270125255422998,0.000210317413184809,0.00060701088394053,0.00113860501475994,0,0.00414224817312108,0,6.70694237128259e-05,0.00302515404328881,5.58573114089012e-05,0,7.08371432106972e-05,9.3869289168334e-05,0.00398288185969616,0.000729144389800359,0.000141220572382736,0.000316902680603027,0.0046037265678684,0,5.1107369120264e-05,0.000538337932518482,0.00804148570320528,0.00034379639497608,6.33472628623724e-05,0,0.000192500059410453,0,0.000334055185457325,0.0629521670827785
0.00473123388664602,3.84870351928711e-05,0.00502063491967535,0.0216438941138049,0.0921296679292366,0,0.634835443861569,1.50990112253276,0.0124470278035653,2.36741383013662,0.0163900938289185,1.17782434151368,0.0239156957259024,0.132915867505527,0.213580286958918,8.39391473501445e-05,0.0111053350585364,0.00496163551727496,0.00605117135045843,0.101782059859502,0.00753914397877498,0.000480378705578327,0.0105367767553951,0.0113407943686023,0.00163610619116878,0.00468553153671468,0.003705541839612,0.0678778288157634,0.0742385087569597,0.0225977223639966,0.00132626268136543,0.0609637886683749,0.00159557763439082,0.0355358905185406,0.419648045407145,0.10987590370098,0.00511467990175989,0.0305250828949897,0.0198464859157856,0.463473225503425,0.188071490583927,0.00145479425200077,0.00649651032277576,0.000335878238455224,0.00416162932262896,0.00394681671319338,0.0604723743354412,0.00234811373307306,0.00262651420938531,0,3.1449774654007e-05,8.36744999206422e-05,0.0154114583145156,0.000766706799346194,0.00287770280739663,0.0019753129089308,0.00113844016340343,0.00236556520939114,0.00614851829160529,0.00056877311968925,0.0214750166298358,0,0.000964310539272952,0.0121893621271597,0.00019789034699564,0,0.000158006427499866,2.7176460037458e-05,0.0192013631217278,0.000501373941909671,0.00027744556382314,0.00073680356952714,0.0194820258754279,0,0.000207339893079543,0.000395741143728733,0.0379884716008923,0.00158703692861145,0.000267086385402381,0,0.000428764479223037,0.000114511028239453,0.000841430749348998,0.0244177612463417
0.987652763812028,0.000365734400617647,0.154877195769427,0.0631788053431743,0.00347355085884998,0.634835443861569,0,1.24517625012661,0.017999844563772,1.40293191847392,0.0314482331635628,0.0482416660746544,0.112886069605015,2.54148582625385,0.047808207723501,0.00272111670519626,0.167953745210578,0.0147550318267005,0.0325144575932267,0.0307954457462843,0.346290154052089,0.00109690744394674,0.330925378184054,0.180318891163845,0.00279545797717681,0.0406267688475286,0.0833180344333601,5.46031413489558,0.736877560708977,1.29582671836443,0.00300776344680204,0.0304770955979672,0.0864874615653148,0.343215170189795,0.0996554588217243,0.59957702097315,0.0329958549136048,0.351857713528185,0.199249574581846,0.121618978716098,0.0351118633426664,0.00442968809263505,0.0395743654076175,0.000812596857975914,0.0165244265800784,0.00920642525159116,0.0420831269090889,0.00517821468864476,0.00610717137384646,0.000102905953343904,0.00111662539483145,0.013445963495568,0.00703351409955645,0.000877701032224026,0.000887038224276028,0.0125339831166678,0.000875641183287439,0.0108180715508908,0.00753345218956787,0.000182673043756271,0.00527925465728348,0.00015320169079535,0.000252176837087524,0.00411620379194559,0.0024091550738137,0.0014982187219025,0,0,0.00971267098828388,0.00115333096761163,0.00574409114070564,0.0126888140317822,0.0917773939560253,0,0.000797866565735149,0.0237878822086129,0.12105276351517,0.0083385229035708,0.00209270362251949,0,0.000705873219942787,0.00108340051179965,0.00534771527293721,0.024218160917357
0.302309840699637,0.000312514586479032,0.0368912429117947,0.0224382895929367,0.0075432732936192,1.50990112253276,1.24517625012661,0,0.00563548257634639,1.34476213600327,0.0460228556064949,0.325875807445753,0.03952978359085,1.23478230628044,0.029051598910049,0.000852198683604453,0.187164919738406,0.0151789527793865,0.0390994278920211,0.0906114082415704,0.0886244944134451,0.000462966054645324,0.110170746744663,0.0273058943926095,0.00259199342320937,0.0252188407948993,0.054730741108058,0.160717442346291,0.407928942941073,0.529497900160419,0.00269548527703425,0.0562300547346569,0.0115615507085798,0.16049100739921,0.0121780982206821,0.194896470401708,0.0150620969463611,0.107701012844397,0.0651510346134943,0.160387949324306,0.0384846683474649,0.00481880226437055,0.00647583394957291,0.00034676848541336,0.00478471711770008,0.0045082976287916,0.0173451808179646,0.00139625759004235,0.00420831016924388,7.03361837525365e-05,8.16036395620825e-05,0.00357926087524477,0.00326858372080436,0.000217144520488322,0.00114423267107527,0.00155267683216582,0.000326494644369757,0.00156547677966818,0.000821951925071672,9.9182601482248e-05,0.0047664319769935,0.000125186472475719,0.000157626876128912,0.0021932265777381,0.00107572671996528,0.000197056425838566,0,4.56551983311296e-05,0.00313177240817753,0.000728763463729906,0.00201550610026088,0.00312379934663279,0.0146721245888373,0,0.000343225782101584,0.00518715434762435,0.0156215807672647,0.000624826092709637,0.000155520757493448,6.63214449760438e-05,0.000890563283635784,0.000221658190251159,0.000758710863670883,0.00147677693932629
5.30384624378443e-05,0.225957268170241,0.00133978415253982,0.222629582643774,0.0117888209041136,0.0124470278035653,0.017999844563772,0.00563548257634639,0,0.0324649586363442,0.000749250547132446,0.121426854986601,0.0503441771924902,0.00453805149237492,0.0985385344969072,0.013690044251307,0.00122225812980781,0.000245178168866873,0.000529251415734708,0.0947005003324904,0.0056411604802985,0.72905485298331,0.00521212262746439,2.61867761527093,0.0658196672852867,0.00100999314468774,0.358261883235535,0.372413654374324,0.0130179195326941,0.000901491559996393,0.00282497957974967,0.00161619828683574,0.00227598898429377,0.010010639233511,0.00982535667630987,0.0535133617709647,0.00237213402725032,0.00942904211697878,0.0067283529426498,0.0508889289454996,0.00259583384969458,0.00416598896876897,0.087755173691566,0.00410877812942019,0.0193188288907488,0.00953560764876862,0.0360328111629069,0.00407054479343941,0.00199231859153348,0.000534288292965961,0.0025171291827527,0.00106787044072294,0.0616875416704354,0.000718938826147845,0.00225642883745552,0.0220335783038968,0.00172063963730775,0.282889511221111,0.0109049085391042,0.00139160828128731,0.0175862337072043,0.00104195172209258,0.00397964340938044,0.00979198138811711,0.0728095111242018,0.00145107634758339,0.00111672611527133,0.000327609174086559,0.0441797978551031,0.0693056759692271,0.353800282382886,0.0243829639026243,0.470013846275101,0.00129487873032557,0.00156346458895598,0.0143793876005851,0.379904855409887,0.0214975694382252,0.0239661350977247,0.000605277905361986,0.000551139284347486,0.00560315021498802,0.0140247555516022,0.0163230456636694
0.00223506470169918,9.58787166555404e-05,0.00142394260396263,0.852807560615309,0.00167395507939922,2.36741383013662,1.40293191847392,1.34476213600327,0.0324649586363442,0,0.0553177976876071,0.596617926907387,0.140944557385329,0.341831682568536,0.0340607331174323,3.0550191844511e-05,0.00597346616313132,0.0183245566653259,0.0201882446012025,1.6089267584681,0.00189507065640242,5.25024520927906e-05,0.00314721253124403,0.148718141008594,0.00317689321973112,0.0134285456223571,0.00300654880498939,0.588785568637189,0.371662170934005,0.0068125510983963,0.0038416023707742,0.0524896623962801,0.00380821833269817,0.211831455385275,0.0365811167136061,0.51689979061662,0.0197130460042972,0.130181957503135,0.060872308348189,0.163659087398739,0.0547426221203002,0.00639831105213947,0.00733286795694571,3.71490220009088e-05,0.0106012066889184,0.0109261526631994,0.0256272597413149,0.00429106266058191,0.00670667228628452,0,0,2.2428206496048e-05,0.101857215585631,0.000518295915978742,0.00205258628457949,0.0032141810014501,0.000301309229164017,0.0171433809539831,0.0131418128790766,0.000350172324324489,0.0218405942712576,0.000118816591015041,0.000413342412913442,0.00510297932870243,0.000247735662971735,3.8773213655734e-05,0,0,0.0287810026580865,0.000236948315036166,0.000500879543876409,0.000506149825725889,0.0710581433405948,0,0,0.000411037008279168,0.0902824531932228,0.000766681331852927,0.00012228651820947,0,0.00033647514640789,3.39973535412312e-05,0.000598108128531933,0.0035084697785418
0.0012945595926522,0.00238893807935951,0.00132676386006446,0.00354876306814173,0.000239275951879549,0.0163900938289185,0.0314482331635628,0.0460228556064949,0.000749250547132446,0.0553177976876071,0,0.0774321105089109,0.145263755550436,0.020738418694417,0.00299173284684834,0.00129842233627768,0.0300354009046385,0.48855947368366,0.114896950674979,0.0209415294509024,0.0101991365886911,0.00063743665757997,0.0346336515861763,0.00465146388289779,0.00785843979788719,0.227669511271404,0.0284137750296428,0.01399435536989,0.281925216642968,0.00938815641682673,0.0749470598539954,0.151449192189072,0.00105980292586691,1.05747244311312,0.0110016807393277,0.161559237946022,0.272766958106436,0.67408516758148,0.16275580560867,0.0321107893258281,0.00281646433553813,0.0964972960564552,0.00285599374847563,0.115133919847524,0.0065980522562204,0.00116951060197707,0.00130942068676007,0.000567228723809838,0.0331571084741488,0,0.000401456626750732,0.00119754614056742,6.13928352059126e-05,0,0.000319978894651508,7.6192514218712e-05,0.000481843242477751,9.84594581929924e-05,0.000414420206946409,0.129314550001506,0.0009565629857249,0.155830990770062,0.000192727030988073,0.000358279500051069,5.96108967837811e-05,0.000383679864139259,0.000962941231916,0.000183048751499033,0.000169405325122833,0.00014776010084703,0.000921350974569869,0.000967913687884606,0.000745138702427676,0.00852033413122603,0.0597373942159157,0.0263575740379151,0.000941156268251218,0.00261499071381926,9.9006304172301e-05,0.0621602866578548,0.00554082166765766,0,0.0142616273219482,0.00360011249300638
0.00116985502938083,0.000380603245186472,7.89097262835502e-05,0.259936690786978,0.0216347936288101,1.17782434151368,0.0482416660746544,0.325875807445753,0.121426854986601,0.596617926907387,0.0774321105089109,0,0.0948947465486333,0.105253524430152,0.228208270148364,0.000241378890534854,0.00659620870716405,0.0252780879296049,0.0339292601678575,2.14178006778295,0.000829554710516774,0.00124585857179725,0.00162135188316482,0.077304470833829,0.00328593712337411,0.020940934867693,0.00381446815311914,0.154418746218875,0.276725662966087,0.00288898410698315,0.00648271342384161,0.049888018205348,0,0.185415230046129,0.267816201403992,0.256487038118967,0.0190139858918446,0.0810999509264407,0.0451949759080612,0.361136121170127,0.057348533465378,0.00997900426747834,0.0148456995750495,0.000137249744984436,0.0187833029159276,0.0134568474378699,0.111544509364427,0.00552877318501939,0.0120170954361386,0,0,6.94275409623026e-05,0.0709257569427067,0.00212331493713792,0.0111055980685725,0.00292565899591752,0.00588108221899345,0.0196107650869168,0.0220497682880113,0.00311263092449104,0.109159447151543,0.000279036503946304,0.00471079716741371,0.0301907026168029,0.000206947345267939,0,0.00121125892211337,0.000537147233388734,0.0860565825553223,0.000315896781773651,0.000557051930089616,0.000584283852141273,0.0645853473781534,0,0.000566127463103413,0.000299145523260534,0.101694448903621,0.00434153012881279,0.000139458691537321,4.46598467651367e-05,0.00131754253384853,5.04987604207277e-05,0.00184262473487617,0.0302624356532561
0.00098301259908006,0.159383265142668,0.00332751246839093,0.0178826634839561,0.000492182033472919,0.0239156957259024,0.112886069605015,0.03952978359085,0.0503441771924902,0.140944557385329,0.145263755550436,0.0948947465486333,0,0.0143112975316256,0.00847802539982861,0.0425281336011317,0.01010785073318,0.0055561749989924,0.00982949176844723,0.0431535676309923,0.0363530229980181,0.085706099074877,0.113819846733259,0.0981672174317557,0.297330855307398,0.0271345115227571,0.105998135913596,0.176050459888765,0.0491987059981488,0.0205181196810145,0.119956819143027,0.034237770778114,0.00155032771959307,0.0948394190614217,0.0353833219282174,0.374489067360367,0.227276247484305,0.211537579173081,0.162702044289338,0.450330804298093,0.0442650538677896,0.227749479362239,0.0550444504683867,0.219366767393152,0.0735286534157506,0.0312443135722109,0.13900216111862,0.0153619015096463,0.0771847788495802,3.10905514543533e-05,0.00340694205822587,0.00227427982396413,0.00221489133222746,0.000276139688182211,0.00422020270447007,0.0101981367278737,0.00655607232292053,0.00494493545249212,0.0166840431994199,0.416223085095454,0.0264099942727072,0.69077258383128,0.00319542732918241,0.00325723845818836,0.00802672211992995,0.000840004634905494,0.00577645769178858,0.00261549087926996,0.0112934113961943,0.0121006602188431,0.00497417333960538,0.0121699328256417,0.0375862496259977,0.0707070100914461,0.225645405224901,0.193160031277898,0.0662572539755638,0.0168596678211044,0.00512738978076833,0.318615207178683,0.0243764756409705,0.00132838085429835,0.0372390191171192,0.0106100137763027
1.38715289492176,0.000652955087164092,0.0447585626344131,0.0106212686899545,0.00109471704991164,0.132915867505527,2.54148582625385,1.23478230628044,0.00453805149237492,0.341831682568536,0.020738418694417,0.105253524430152,0.0143112975316256,0,0.00810504622225256,0.00140918936253587,0.253320739532473,0.00885180354248163,0.041773737973499,0.0356388630697546,0.130296514718117,0.0010140282886661,0.159198714605049,0.0305565211111071,0.000579787044173849,0.0242361754160752,0.0686006078373048,0.18304266620407,1.24928561196805,1.14989119222667,0.00103012427671492,0.027221616059885,0.0170384041541067,0.178702629411716,0.0112694122024692,0.102210328988673,0.0120993328378457,0.110407521231318,0.0701702755641778,0.0402009634148988,0.00897155744943723,0.0020235337863592,0.00627824066210268,0.000246982667371845,0.00257202350926323,0.00135201140536701,0.00799279450078595,0.00088222504383538,0.00126750872207959,0,0.000136452079551458,0.00523791234950831,0.000821987274205147,8.18765055614235e-05,3.50113524318695e-05,0.00147147375357031,3.90492833369493e-05,0.000775591661934758,0.000326498997584832,0,0.000971617760375869,3.15243284000159e-05,3.18176687312365e-05,0.000480822658460498,0.000983406515665736,0.000587410633799708,0,0,0.000657427958374035,0.000453159509372735,0.00181135511893659,0.00348370604845655,0.00962676541625896,0,0.00084607172497591,0.00895260982405665,0.0151405977469476,0.000573534197833872,0.000230543665134037,0,0.000294872437760568,0.000260895639532077,0.0006562020454081,0.00231190805712411
0.000385793780639112,0.00792290470131657,0.000313953264806879,0.0296862311312761,0.425469391896369,0.213580286958918,0.047808207723501,0.029051598910049,0.0985385344969072,0.0340607331174323,0.00299173284684834,0.228208270148364,0.00847802539982861,0.00810504622225256,0,0.0010980553812315,0.00228420964975945,0.00139950380859532,0.0014184210799789,0.0251476536109286,0.0126164490483404,0.0225038082015555,0.0107113052635957,0.25071121924569,0.00223087284790356,0.00143113739005279,0.0141041178779437,0.10528108706619,0.0180956445235773,0.0130765009099139,0.000401195003265095,0.0182470085018638,0.000761635260331216,0.0113141518884629,0.0608471193145214,0.0437905851691625,0.00284377447325084,0.00927596568382427,0.00501926407565718,0.481303732195181,0.0107104740562851,0.000668762239195202,0.0128958107457484,0.00128940397575188,0.0036700063178171,0.00359329072056399,0.0738533194372194,0.00122377087204621,0.00107393217025538,0,3.80043181550503e-05,0.000204309083617329,0.0241236375556485,0.00132063479395838,0.00374449592303363,0.00325578976193544,0.00201571210174574,0.00753622042550066,0.00902432119714187,0.000394614834259343,0.0282635281645601,9.16812771556376e-05,0.00132868845318657,0.0136297126900383,0.00093922746412432,0,0.000679965297443821,0.000861306194182704,0.0273814221467896,0.00110275372488556,0.00275297045583901,0.00207138384254852,0.0421674524260036,0,0.000721793358051539,0.0012992377661464,0.0641372795029001,0.00326639900135497,0.00139712032063458,0.000141245392029118,0.000350244914778399,0,0.00209248378910852,0.0562726213426938
0.000534603255187118,0.0416799657813708,0.0102927664233783,0,0.000232399341568136,8.39391473501445e-05,0.00272111670519626,0.000852198683604453,0.013690044251307,3.0550191844511e-05,0.00129842233627768,0.000241378890534854,0.0425281336011317,0.00140918936253587,0.0010980553812315,0,0.0129973283790092,0.000546529419197273,0.0047288090767195,0,0.471834637761968,0.768555041737239,0.470945820524457,0.372539686543759,0.0286202033962234,0.00513545704280605,0.471557687777314,0.443608009186505,0.00186811061080349,0.00349231761643974,0.000552770752428961,2.13060329760075e-05,0.000248803834108222,0.0161270216154266,0.0176842223466206,0.295525352985397,0.097635717376995,0.0586893278482357,0.0793845344381464,0.00367194713081317,0.0011810525631546,0.00193479471967821,0.0415288835947547,0.00485922992689605,0.0082315392814207,0.0062265634701651,0.0195776178783568,0.00113793399944358,0.00213495516167751,5.22555769996047e-05,0.00363606360068031,0.0173185502143598,0,0.000151514962164259,0.000415083582409823,0.00696704794968208,0.00141178133868646,0.00333835023185044,0.000467097710033941,0.000443117019448077,0.000952723185360005,0.000166633840079856,0.00240124927576232,0.00151907596882152,0.44930711212083,0.00274825227779939,0.000371195791374099,0.00120726400290887,0.000459276521181357,0.173078803111896,0.225094941494748,0.670476302675018,0.0418227899545431,0.000109294578911233,0.00186231564210351,0.163815667630814,0.110690884216779,0.0131757676998895,0.0199147731059873,0,0.000201494761673928,0.00467666760767873,0.0063839459302538,0.0140836835881373
0.0859043558582949,0.0321146052407893,0.781284658372935,0.000445521116050422,0.000708727866404773,0.0111053350585364,0.167953745210578,0.187164919738406,0.00122225812980781,0.00597346616313132,0.0300354009046385,0.00659620870716405,0.01010785073318,0.253320739532473,0.00228420964975945,0.0129973283790092,0,0.091501600042294,0.791741013187169,0.00153180327056598,0.223912540303983,0.0104146750019334,1.53095627601273,0.0142859192733373,0.00135089131562279,0.413682388840752,1.20064326850992,0.165685793920432,0.172057032785268,0.58860702239787,0.0038269569484511,0.00529848920378062,0.0211217356220878,1.50391487894666,0.0366593791045621,0.486430114939437,0.124403876966739,0.416078346892224,0.334195641933804,0.0122157420535211,0.00442491990792607,0.0008686861973284,0.0984159379582841,0.0194703414491641,0.0134081893230453,0.0262896567406354,0.00152402899333373,0.00028729953425324,0.000102861469174254,0.000685191774572823,0.030053668318437,0.199954446396409,0,0.000692441244470862,9.1892858419347e-05,0.0107550895097372,0.000314001077092409,5.61880372459888e-05,0.000519307359034395,0.000645250656912196,0.000179460501390695,0.000992345998857592,0.00210845653119961,0.00131105991715336,0.00814742791543076,0.120798102684972,0.00266628252968931,0.0349708437707066,0,0.00700953637563532,0.00778771325280636,0.0655540841495857,0.00180218909079798,0.000161392711340403,0.126268427954169,0.451108878880636,0.0123671466288958,0.000955904372331152,0.00474124120520006,0.00123956940060317,0,0.00013506321037867,0.0152121176556001,0.0246990199599259
0.00130969259283993,0.00156369565500494,0.02008447935204,0.00124638877324687,0,0.00496163551727496,0.0147550318267005,0.0151789527793865,0.000245178168866873,0.0183245566653259,0.48855947368366,0.0252780879296049,0.0055561749989924,0.00885180354248163,0.00139950380859532,0.000546529419197273,0.091501600042294,0,0.446998668989838,0.00612573755369392,0.00701987468469559,0.000198931628535927,0.0441640781722778,0.00141510819245059,0.000426059297753942,0.55188333535449,0.0984307889613866,0.00698684483715496,0.0672027384022262,0.00575794428183546,0.0175682766930467,0.0321444959877048,0.00105579766382632,0.184414953919409,0.0104229174631016,0.192429894396539,0.295989080607763,0.292240619196142,0.16919721214695,0.00845440867871088,0.00109898881404097,0.000475413464806938,0.00370550516120732,0.00177208853037165,0.00086899279481914,0.00062475093259474,0.000140001840049017,0.000126286745610666,0.000123449101179242,2.90604086678267e-05,0.000696592562407602,0.0054213363070638,8.14167752373217e-05,0,0,0,0,9.06628539447785e-05,0,0.000479389814704943,0,0.00244967152494049,0,0.000280186072699141,5.76057435059309e-05,0.00296134791521495,0.000527518275194442,0.00147212747651009,0,0.000239565233291996,0.000305150066478968,0.00122648139232671,0,0.000747413292856692,0.0279300197796539,0.0532715571482415,7.99140924019932e-05,0,0.000154486335624647,0.00474985904821243,0,0,0.000270636380941951,0.00322981691846265
0.0105290188165454,0.00533115743029804,0.0913330687100289,0.00101902967652873,0.000242193202472663,0.00605117135045843,0.0325144575932267,0.0390994278920211,0.000529251415734708,0.0201882446012025,0.114896950674979,0.0339292601678575,0.00982949176844723,0.041773737973499,0.0014184210799789,0.0047288090767195,0.791741013187169,0.446998668989838,0,0.00789776586985744,0.0589495286226003,0.00302853483425678,0.261670574344421,0.00413194089158149,0.00243822559323832,0.750131801650288,0.446683951496794,0.028902438027942,0.0953711320049904,0.0508252125047171,0.0277848651649352,0.0249485772577428,0.00622200687857069,0.675983705388027,0.0247023975274606,0.542478325145529,0.357674605734271,0.394448951408118,0.298349666738531,0.0130068257867572,0.00123134010178764,0.00049555635189743,0.0181243997963602,0.00554293829997908,0.00309020864737415,0.00476497067932853,0.000827500109535028,7.13244267790315e-05,4.65913232604504e-05,5.32796589950323e-05,0.00545991686527562,0.0239073643477486,9.72446583688975e-05,0.000424185094478917,5.92356907273293e-05,0.000716694593666052,0,0.000189293096823728,5.05294027885437e-05,0.00186820874183096,0.000117126328853202,0.00724874192946962,0.000314230734864449,0.000913464035183428,0.000917129531157624,0.0183346010375618,0.0015244374351207,0.0102983124253087,0,0.000994190985818014,0.00164133889592353,0.00906108664243052,0.000313680515340972,0.00222867257025311,0.100183490454349,0.232235312700648,0.00137079435912902,2.97147972307921e-05,0.000752029608823802,0.0133657541627473,0,0,0.00225107382987381,0.0113124015029495
0.000415090197163582,0,0.000328904885641837,2.79841330243082,0.00252701811518826,0.101782059859502,0.0307954457462843,0.0906114082415704,0.0947005003324904,1.6089267584681,0.0209415294509024,2.14178006778295,0.0431535676309923,0.0356388630697546,0.0251476536109286,0,0.00153180327056598,0.00612573755369392,0.00789776586985744,0,0.00035878718882128,0.00029942186748662,0.000429452784940839,0.219191782058087,0.00155918244347527,0.00541344841368331,0.00121160508764294,0.661218770437487,0.0859320379885062,0.00133407099228594,0.00108089582116656,0.0129936082900837,0.000370566862403834,0.0487018874350958,0.00940513938528536,0.162851912967874,0.00824566229620827,0.0288826599398797,0.0164257815453539,0.064098055895421,0.013477084175853,0.001920304371754,0.00576513981847994,8.41187194471123e-05,0.00457765845732543,0.00478010897684967,0.0374102357075868,0.00182168736035772,0.00257273168689431,0,0,2.48710119500399e-05,0.0901520844808953,0.000779991674071348,0.00338729077829164,0.0031614927772866,0.000488745053638136,0.031441198707727,0.019018708571235,0.000317097862254774,0.0292955768536716,0.00011820600124712,0.000267367884751582,0.0108413580379819,0.000418117563951623,0,0,0,0.0666634963934475,0.000261980844301415,0.000254982385445916,0.000292601385800153,0.100887284243788,0,4.32038227318525e-05,7.17749035583852e-05,0.133234170592114,0.00136298269441577,0.000100918090467489,0,0.000152909602704763,5.46074646481991e-05,0.00102568802169267,0.000913976408992729
0.0415219040399925,0.00734893347150145,0.31098942947168,0.000130100983675432,0.00351511154633092,0.00753914397877498,0.346290154052089,0.0886244944134451,0.0056411604802985,0.00189507065640242,0.0101991365886911,0.000829554710516774,0.0363530229980181,0.130296514718117,0.0126164490483404,0.471834637761968,0.223912540303983,0.00701987468469559,0.0589495286226003,0.00035878718882128,0,0.0633582187354303,2.86430345306973,0.0146450590113503,0.0114592839588998,0.0665591893763983,0.288843674898753,0.989580454414556,0.123539747499265,1.59178406742957,0.000554770377281678,0.00160315066628244,0.0492624904924819,0.887479112700203,0.134280291647422,1.50344270457014,0.16104182637265,0.751364845170665,0.715108945118752,0.0398424670204495,0.00934663278302763,0.0017216012277552,0.0312792109944468,0.00219963088594051,0.00603842439209128,0.00561601917793554,0.0122153659942029,0.000500103936839962,0.00116684601759628,0.000123626544072104,0.0024873602290772,0.0290880575425563,0,0.00215413057239454,6.31436750022054e-05,0.00380801627162351,0.000816704465999045,0.00166694270368645,0.000152031440320623,0.000154290729317165,0.000532137342535686,0.000129340040100288,0.0013328949013135,0.00279790350832808,0.065094606082842,0.00404438695610225,0.000111461571452594,0.00115756668834474,6.91639976377129e-05,0.0767493283712169,0.0415777313963833,0.0927022524842631,0.0235901075082125,9.31291991525176e-05,0.00401440136084679,0.076230533364265,0.0670779499467329,0.00812695762271853,0.0128550868552326,0,0.000166597240680885,0.00248396277382811,0.00397920028408316,0.0891832867111226
8.17226616765976e-05,0.269131353997087,0.0136079258875154,0.000363060507388115,0.00148243844959188,0.000480378705578327,0.00109690744394674,0.000462966054645324,0.72905485298331,5.25024520927906e-05,0.00063743665757997,0.00124585857179725,0.085706099074877,0.0010140282886661,0.0225038082015555,0.768555041737239,0.0104146750019334,0.000198931628535927,0.00302853483425678,0.00029942186748662,0.0633582187354303,0,0.186514469057454,1.33621758130232,0.090798022438177,0.00554332198927453,1.21134032210187,0.0810294798522752,0.0013106307106885,0.00103166306417592,0.0047960433912917,0,6.68476230594635e-05,0.00354629235391778,0.00149540918573048,0.0220064941541406,0.00904206036685747,0.00747102769966843,0.00837758933904913,0.0121887164430517,9.66590087310788e-05,0.0141516276723058,0.0323213211842339,0.0158214390736212,0.00593987165579706,0.00414734648717398,0.00538059181778219,0.000575018573069143,0.00517568706660197,0.000287605515499377,0.0266955708719838,0.0324122020979113,0.000111633736763478,0,0.000118165362680805,0.00387394979062246,0.000200942813900363,0.00759351935820043,0.000261931428199804,0.00630111774551228,0.000388969851990008,0.00555343614528619,0.00119929186474346,0.0008541193837198,0.264341530119623,0.00406017365947834,0.000388639258487499,0.000990385774156557,9.4405544431114e-05,0.0913635175019841,0.264864789283454,0.256755250750634,0.0491193128180992,0.000989815745924377,0.00824083896550796,0.341080336001674,0.0727040260390622,0.00735464815261539,0.00925621127970114,0.00279353026530397,0.000205604781346607,0.00282807681919491,0.00502337455553816,0.00365361679686062
0.0498923000999856,0.0158039603956343,1.5998187836957,0.000350285187943268,0.00557805229466493,0.0105367767553951,0.330925378184054,0.110170746744663,0.00521212262746439,0.00314721253124403,0.0346336515861763,0.00162135188316482,0.113819846733259,0.159198714605049,0.0107113052635957,0.470945820524457,1.53095627601273,0.0441640781722778,0.261670574344421,0.000429452784940839,2.86430345306973,0.186514469057454,0,0.116936753591406,0.0749309906874,0.320470891791849,2.22845947320939,1.24141871006125,0.0933796465188801,1.00816268752082,0.00244410037548999,0.00214098621921497,0.0196033462761622,1.15188719722896,0.25049051710956,2.86006951115235,0.93401303207676,1.30848775232064,1.50660957720231,0.0540830010421937,0.0198823182324368,0.00572380607689977,0.0811057287746018,0.0141417767297698,0.015145918292235,0.0223761561798546,0.0156060251338879,0.000704734974684515,0.00528839430146249,0.00058997264505651,0.00976559328071365,0.219267529957751,0,0.00489314712123556,0.000797672742981757,0.0286460189926401,0.00188798051931149,0.00276486152748428,0.000922486867432879,0.000700817509723449,0.000859821204677976,0,0.00939944382948068,0.00518591451878872,0.6046348801974,0.0255592830327226,0.000827394825527343,0.00688084808925728,0.000191205021378923,0.201039729946299,0.185248957917929,1.28037852749866,0.0335225250841406,8.38130581741332e-05,0.0271655966583694,0.631377336025296,0.10464989096166,0.0112713543210348,0.0212539232080111,0.000468480618225288,0.000405796339748025,0.00452996417078533,0.0118335660898928,0.216528709106074
0.00154375474998339,0.316702468414258,0.0148405270608012,0.419992221432498,0.0169973047000336,0.0113407943686023,0.180318891163845,0.0273058943926095,2.61867761527093,0.148718141008594,0.00465146388289779,0.077304470833829,0.0981672174317557,0.0305565211111071,0.25071121924569,0.372539686543759,0.0142859192733373,0.00141510819245059,0.00413194089158149,0.219191782058087,0.0146450590113503,1.33621758130232,0.116936753591406,0,0.094264606815736,0.00843593612063954,0.679696322067244,0.914477114086057,0.105570990800753,0.0159320101656982,0.00364828280282482,0.00468595271323585,0.0294266266565201,0.0512441224268926,0.0461361884264087,0.392999456790566,0.0423465959446019,0.065223841886748,0.0569279068101748,0.136294483949743,0.00677523032783967,0.00488556864189967,0.341979584012588,0.00672677514315275,0.0766921059575302,0.0318337917204771,0.186945967306365,0.0226626162882274,0.00509536409195613,0.000673493087776889,0.0108118279837724,0.0109166339298329,0.0971392174538794,0.00197205101564333,0.00683208155093538,0.0942228811465391,0.00645022906338193,0.273031763827844,0.0606338658987362,0.00258193143664859,0.0391913711195485,0.0010140168901161,0.00869695995089973,0.0267691264775248,0.0898454766818842,0.00391580279531057,0.000462504582245135,0.000646272655131805,0.102611713074348,0.0933159457844347,0.221055278922584,0.0702970766686167,1.23528858112482,0.0049126635858122,0.00250431249591379,0.0771599138716922,1.27124161536308,0.0725124739495129,0.0464706336334698,3.79546551605702e-05,0.00328496880163947,0.01638824686484,0.0550801846777121,0.0433694207654884
2.79332676632523e-05,0.154407399141102,0.00154408500178618,0.000368976011162102,0.000205908297614336,0.00163610619116878,0.00279545797717681,0.00259199342320937,0.0658196672852867,0.00317689321973112,0.00785843979788719,0.00328593712337411,0.297330855307398,0.000579787044173849,0.00223087284790356,0.0286202033962234,0.00135089131562279,0.000426059297753942,0.00243822559323832,0.00155918244347527,0.0114592839588998,0.090798022438177,0.0749309906874,0.094264606815736,0,0.00900401634437873,0.270182534254667,0.0221987007981643,0.00283416523488382,0.00122458837581504,0.0195361333543634,0.00120670399358933,1.83112738230228e-05,0.00237200333796637,0.00109127101207126,0.013880805309928,0.00603384809449561,0.00317982624184073,0.00590462281415133,0.0607047722035527,0.00126900291772563,0.0364537834819535,0.0195775943346528,0.0402601123454967,0.00849735481441701,0.00254357493470339,0.0769122032239055,0.0016394382257329,0.0190349561445927,0.000115659850388253,0.0225626342456586,0.000408364392967129,0.00027205497404108,0,0.000994538531972517,0.00252903865878002,0.0016936881618541,0.00144286366762068,0.00366968926786984,0.0695835318196204,0.00633264544548132,0.110294942240514,0.0017563077010707,0.000877617726619577,0.00875956805403863,0.000263135145496774,0.00116247328415905,0.000398873819213748,0.00182138028488238,0.0131783894236681,0.00193234562931933,0.0152302644098906,0.00547274474919995,0.0829943452998209,0.0182455586383014,0.0987032126551151,0.024437101214119,0.00768822850778073,0.00435205359369918,0.0293890531960495,0.00477554460121686,0.000675064365351929,0.0108923405049871,0.00256845602778307
0.00618158054926668,0.0214183720935996,1.41057085059943,0.000655614885773492,0.000320181820838785,0.00468553153671468,0.0406267688475286,0.0252188407948993,0.00100999314468774,0.0134285456223571,0.227669511271404,0.020940934867693,0.0271345115227571,0.0242361754160752,0.00143113739005279,0.00513545704280605,0.413682388840752,0.55188333535449,0.750131801650288,0.00541344841368331,0.0665591893763983,0.00554332198927453,0.320470891791849,0.00843593612063954,0.00900401634437873,0,2.79572365583635,0.0489837829624209,0.0583879791063369,0.0253484591504184,0.108188692303472,0.025375099369019,0.00249952269129002,0.173299716501416,0.0229116018611644,0.529997835809153,0.949743537656424,0.340187849999327,0.265892791530769,0.011281520518113,0.00123318254081365,0.00284031554562754,0.0507311905429237,0.0381148664342261,0.0075452121610994,0.00940813267493205,0.000376285730820858,0.000152202232907152,0.000183936578257656,0.000354676697089434,0.020908656188745,0.0454811987563367,3.98565282132626e-05,0.000359456945971584,0,0.00214595879171701,0.000209222702052426,0.000456710840108943,0,0.0199764223404257,0,0.0690070751212641,0.000415785635122597,0.000832485338753131,0.00142034535312785,0.0421270483466849,0.0132779207860178,0.0300053249110402,0,0.00262002235494654,0.00546533342226212,0.0200307148566787,0.000686686045274307,0.0173931237888288,0.55857379234619,0.968093754219619,0.00153337101263513,0.000466812406559408,0.00215713114439324,0.153385305275195,0.000126233049374271,0,0.00417636209959957,0.0108729694069817
0.0203274255915906,1.63202599869674,3.25385197142756,0.000279552920873237,0.00165087326452167,0.003705541839612,0.0833180344333601,0.054730741108058,0.358261883235535,0.00300654880498939,0.0284137750296428,0.00381446815311914,0.105998135913596,0.0686006078373048,0.0141041178779437,0.471557687777314,1.20064326850992,0.0984307889613866,0.446683951496794,0.00121160508764294,0.288843674898753,1.21134032210187,2.22845947320939,0.679696322067244,0.270182534254667,2.79572365583635,0,0.572806682073873,0.0447528086242526,0.0925381272712762,0.0979805301114065,0.00305742396050263,0.00459674815078848,0.350496038186817,0.130203157775107,2.06279430325964,0.741207210686712,0.655389036371366,0.835855055673266,0.0273249403998607,0.0175193982944786,0.00907786035634391,0.471612494618817,0.166932456794143,0.0688939066826227,0.099119468929276,0.00556074181590189,0.00167017772712915,0.00158403595763386,0.00480400384549895,0.411269044852155,0.925158633745521,0,0.00213874463935017,0.000529363076491427,0.0642156601219632,0.00424092437165118,0.00553371492751504,0.00154473608988526,0.0597635060106954,0.000110785428665113,0.246571854923494,0.021051456081485,0.00449735692680666,0.179482381967081,0.325377713376857,0.02888099164032,0.143041431196301,4.78557623773098e-05,0.0533685993761839,0.228314956262631,0.767091850384203,0.0318707940841632,0.198242814131907,1.39154478383162,6.51077312207051,0.0953351683472584,0.00471278402099207,0.0303864233620934,0.277257190698526,0.000498032434559941,0.000511238337144291,0.0588915960837917,0.100462044345941
0.0142533860419155,0.014573325629247,0.206159127929316,1.46305283789435,0.00938151646814427,0.0678778288157634,5.46031413489558,0.160717442346291,0.372413654374324,0.588785568637189,0.01399435536989,0.154418746218875,0.176050459888765,0.18304266620407,0.10528108706619,0.443608009186505,0.165685793920432,0.00698684483715496,0.028902438027942,0.661218770437487,0.989580454414556,0.0810294798522752,1.24141871006125,0.914477114086057,0.0221987007981643,0.0489837829624209,0.572806682073873,0,0.488117030085253,2.42710260062298,0.00162628224093647,0.017319047954335,0.204739506916414,0.521169657395973,0.238196736968242,1.72623446177572,0.153480583801211,0.619957509406368,0.446625083109576,0.1885322619328,0.0347529899072528,0.00545096563788375,0.307266893814149,0.00438692003581781,0.0728939744942435,0.0358475360263179,0.237504572305015,0.0243752372006604,0.00759209702615572,0.00105397828854461,0.00372907034294472,0.0300073397839965,0.119042122047823,0.00348672807643318,0.00923770832615488,0.0969431465769722,0.00614979847853694,0.147618286781716,0.0785329294588129,0.00116325032514929,0.0542662596190544,5.28109378201962e-05,0.0082182431503558,0.0320054922071428,0.0853529090718411,0.00612165666145441,0.00014548282422359,0.000963394586478637,0.127403721927171,0.0932138817950296,0.0874321282768675,0.101650952884165,0.94296793242867,0.000190751011068821,0.00390883697766756,0.107036857253831,1.19090250903342,0.0673544661109884,0.0480722369648601,0,0.0017613934117364,0.0137330372690063,0.0455954443865923,0.0910653463898238
0.284068491936336,0.000432614186905002,0.00943950453019642,0.0350881745446319,0.00295453009108332,0.0742385087569597,0.736877560708977,0.407928942941073,0.0130179195326941,0.371662170934005,0.281925216642968,0.276725662966087,0.0491987059981488,1.24928561196805,0.0180956445235773,0.00186811061080349,0.172057032785268,0.0672027384022262,0.0953711320049904,0.0859320379885062,0.123539747499265,0.0013106307106885,0.0933796465188801,0.105570990800753,0.00283416523488382,0.0583879791063369,0.0447528086242526,0.488117030085253,0,1.63762626535511,0.0154834025648559,0.0668949065537964,0.344253119833778,0.474522405776247,0.0258010261623327,0.196686639570435,0.0161652383444054,0.161711370687475,0.0611931888393082,0.0780072007105399,0.0308349937255655,0.00872085400776528,0.0214532451544223,0.000626967278033137,0.00730030764236365,0.00338083176257965,0.0211608819619744,0.00209548810795341,0.00328464278651834,6.994236394887e-05,0,0.00206783977836324,0.00237475812910109,0.000332124939476073,0.00073931686585808,0.00436515584670664,0.000494542023157918,0.00409540076072556,0.000603703793456805,6.01501819158554e-05,0.00268481513408167,0.0010827806052824,0.000393103281057,0.00256775391186573,0.00233405197536911,0.000201000829774404,0,0.00039119319733504,0.00251343976779732,0.00367190543159509,0.00436838316511667,0.00265080468139236,0.0368574648425747,0.000107477062239039,0.00178493423008543,0.00608153037809197,0.0511440741340788,0.00291446913557414,0.0013883368263328,5.49962754893303e-05,0.000392996781348824,0.000825381859571528,0.00291403796680475,0.00766613703748173
0.943318360952741,0.000226214685063565,0.0644087524615664,0.000312041504188549,0.00274707389171083,0.0225977223639966,1.29582671836443,0.529497900160419,0.000901491559996393,0.0068125510983963,0.00938815641682673,0.00288898410698315,0.0205181196810145,1.14989119222667,0.0130765009099139,0.00349231761643974,0.58860702239787,0.00575794428183546,0.0508252125047171,0.00133407099228594,1.59178406742957,0.00103166306417592,1.00816268752082,0.0159320101656982,0.00122458837581504,0.0253484591504184,0.0925381272712762,2.42710260062298,1.63762626535511,0,0.000578093135898113,0.00409056789403506,0.192373071360708,0.843609883688628,0.0711335624599373,0.53303929248291,0.0324880344566629,0.43244485979554,0.242208637393203,0.0327695993727092,0.00646671004728327,0.000784112323963415,0.00573544007973904,0.000465591159868705,0.000775662089607134,0.00185731534056952,0.00160406115978162,3.61751777665615e-05,0.000369453075340783,0,0.000525290983513784,0.00794577593435275,0,0.000508819962233519,0,0.00019132211377877,9.32806610149381e-05,0.000130029033167839,0,0,0.000139130894837236,0,2.62134415616512e-05,0.000869067200429429,0.00231649151856329,0.00165761393759429,0,0.000302766540990508,2.56652208828449e-05,0.00331051082890588,0.00259016178426504,0.00672320127208513,0.00225319916862538,0,0.00186045935930053,0.0161444839471304,0.00473040995773716,0.000129011032637572,0.000460444073610807,0,0.000112586960505366,0.000202522361398959,0.000585194987561917,0.0337216485188089
5.95377769915581e-05,0.0122530656643333,0.00150316076066959,7.04006543937564e-05,0.000169444642318511,0.00132626268136543,0.00300776344680204,0.00269548527703425,0.00282497957974967,0.0038416023707742,0.0749470598539954,0.00648271342384161,0.119956819143027,0.00103012427671492,0.000401195003265095,0.000552770752428961,0.0038269569484511,0.0175682766930467,0.0277848651649352,0.00108089582116656,0.000554770377281678,0.0047960433912917,0.00244410037548999,0.00364828280282482,0.0195361333543634,0.108188692303472,0.0979805301114065,0.00162628224093647,0.0154834025648559,0.000578093135898113,0,0.00979413855234714,9.12459516978979e-05,0.0284557454427537,0.00272261212543094,0.0501389917300429,0.331082942009669,0.0970340769995833,0.0305897727276988,0.00313004003201759,0.000113323155539274,0.0116189406617924,0.00825950826361888,0.0509021954553456,0.00300936780012102,0.00110435110990019,4.68783549850702e-05,5.33485440807581e-05,0.00231347396428546,0,0.00796493035720073,0.00114378467310033,0,0,2.95386895345688e-05,0,9.44600662772653e-05,0.000129986476737714,7.67243728132726e-05,0.129609779519436,0.000121575117145085,0.38147744560568,0.000130977275599194,0.00013292880769608,0.000142958200447798,0.00090144212611849,0.00894576581347974,0.00475850213355178,0,4.61110712010384e-05,0.00256390742366678,0.00028413395881201,4.05121413648605e-05,0.0319712242827184,0.389706261307175,0.455950885205432,0,0.00180150387222862,9.31198330246208e-05,0.365885319043185,0.00191437583203651,0,0.00493387704778815,0.000875591352405809
0.000446687635480106,0,0.000502637263095617,0.00407825721314457,0.0182733795677338,0.0609637886683749,0.0304770955979672,0.0562300547346569,0.00161619828683574,0.0524896623962801,0.151449192189072,0.049888018205348,0.034237770778114,0.027221616059885,0.0182470085018638,2.13060329760075e-05,0.00529848920378062,0.0321444959877048,0.0249485772577428,0.0129936082900837,0.00160315066628244,0,0.00214098621921497,0.00468595271323585,0.00120670399358933,0.025375099369019,0.00305742396050263,0.017319047954335,0.0668949065537964,0.00409056789403506,0.00979413855234714,0,8.89112260664466e-05,0.308771528267494,0.00516405075877086,0.0940882814271571,0.00638513071778069,0.0415043541660026,0.0134070095839838,0.125448302810177,0.796748231355778,0.0061349314728262,0.00251442705682976,0.000190877246405411,0.00382842373701349,0.00426600592396459,0.00820392304987867,0.000547405051423287,0.00297575380207608,0,0.000105137262465334,0.000254913589241624,0.00118709214540907,9.18456011489869e-05,0.000493544726076114,0.000623512018250298,0.000191137821090138,0.000355987631071472,0.000568697762060058,0.000175055008232402,0.00241820376068444,0.000275770048078608,0.000149094748395395,0.00104893010164479,0.000102441938934732,3.23617435849786e-05,0,0,0.00141160186732178,0.000298690233057797,0.000281771160473728,0.000154663936528945,0.00548398224604114,0,0.000459720108662081,0.000468333150101924,0.00520514446320276,0.000202680163470269,2.26779830742359e-05,0,0.000477110981668854,0.000128276085894013,0.000198509605665993,0.00057297615674429
0.00255176751363623,0,0.00106552256458969,0.00133671043112176,0.00019378482472347,0.00159557763439082,0.0864874615653148,0.0115615507085798,0.00227598898429377,0.00380821833269817,0.00105980292586691,0,0.00155032771959307,0.0170384041541067,0.000761635260331216,0.000248803834108222,0.0211217356220878,0.00105579766382632,0.00622200687857069,0.000370566862403834,0.0492624904924819,6.68476230594635e-05,0.0196033462761622,0.0294266266565201,1.83112738230228e-05,0.00249952269129002,0.00459674815078848,0.204739506916414,0.344253119833778,0.192373071360708,9.12459516978979e-05,8.89112260664466e-05,0,0.149341169993784,0.00312641011231831,0.0106041855758226,0.000696501605099343,0.0364302625868714,0.014788700311039,0.0023671190978076,0.000371729840402198,0.000179633282946181,0.00361420453755241,3.7292081605196e-05,0.000568934960927904,0.00091794275874195,0.00239927236307845,0.000392210733706713,0,0,0,0.000272427584759688,0,0,0,0.00106250120421138,0,0.000480280888598585,3.70570356431722e-05,0,7.11559470849035e-05,0,2.61407602511644e-05,0.000150207840208125,0.000819453234922886,9.4579704636383e-05,0,0.000151736263106453,9.5082386419201e-05,0.000971797772929716,0.000903936233935621,0.000961220629583214,0.00711233533153505,0,0.000103584057448339,0.000724232061133611,0.00920116930927959,0.000507620843069351,0.00070085805940833,0,0,0.000124627807240963,0.000753060372727848,0.00204912455027804
0.035040094670684,0.00444036484046566,0.036121783079191,0.0222196838893416,0.00191135405490303,0.0355358905185406,0.343215170189795,0.16049100739921,0.010010639233511,0.211831455385275,1.05747244311312,0.185415230046129,0.0948394190614217,0.178702629411716,0.0113141518884629,0.0161270216154266,1.50391487894666,0.184414953919409,0.675983705388027,0.0487018874350958,0.887479112700203,0.00354629235391778,1.15188719722896,0.0512441224268926,0.00237200333796637,0.173299716501416,0.350496038186817,0.521169657395973,0.474522405776247,0.843609883688628,0.0284557454427537,0.308771528267494,0.149341169993784,0,0.0197952950376212,0.189565289249943,0.0515649888421555,0.234790135469103,0.0883533750863487,0.0425937412590706,0.0170656924783406,0.0829226197629853,0.0287655302216812,0.00298278973729402,0.0140014174085973,0.013301817035292,0.0164717571731019,0.00445755398422179,0.00830845748883822,0.000162119623202419,0.00347073411538131,0.0393587185086608,0.00172825643244184,0.000478610439095735,0.00103183034693341,0.00744896925573488,0.00103709319829509,0.00384920938105009,0.00234053530904117,0.00054802745649637,0.00456211308284111,0.00330430426806593,0.000684862782911253,0.00171021766711728,0.00491898775258917,0.0130232382094963,0.000306717899404693,0.00360802635556644,0.00340060516757798,0.0018866688565017,0.00531363369337492,0.0201464264953153,0.0324986409605094,0.000302828238531017,0.0178058041812269,0.0907018112101554,0.048572047466562,0.00308026611745935,0.00186642730904542,0.000883891736616328,0.0013340902104269,0.000731751702935997,0.00389875052994885,0.00726867976314391
0.00231043441086538,0.00154530245027697,0.00983137772579801,0.00987038382263422,0.275472226080866,0.419648045407145,0.0996554588217243,0.0121780982206821,0.00982535667630987,0.0365811167136061,0.0110016807393277,0.267816201403992,0.0353833219282174,0.0112694122024692,0.0608471193145214,0.0176842223466206,0.0366593791045621,0.0104229174631016,0.0247023975274606,0.00940513938528536,0.134280291647422,0.00149540918573048,0.25049051710956,0.0461361884264087,0.00109127101207126,0.0229116018611644,0.130203157775107,0.238196736968242,0.0258010261623327,0.0711335624599373,0.00272261212543094,0.00516405075877086,0.00312641011231831,0.0197952950376212,0,0.927194377134828,0.220075104671087,0.0625486443083603,0.241107123098174,0.0229233266672507,0.00799982737848256,0.013978728967141,0.232479109537487,0.0409108677534786,0.0142478193799898,0.0921245336083278,0.0133372573117433,0.00294032163358662,0.00329187770751336,0.000631565150115323,0.00215817477240336,0.0154284461102237,0.000474522422515583,0.0299199924603213,0.013700374294394,0.00988041125604411,0.00042470370381453,0.00219130258900974,0.00220987882628513,0.00312222219103232,0.116636964436211,0.000342150273309016,0.00170641687582576,0.0250170552349031,0.00976610409020969,0.00880346513219653,0.00935118667065135,0.0130003088144255,0.00110351954113838,0.0284763999965523,0.00533681953310652,0.103241326336841,0.0234901572496441,0,0.0215994298279189,0.076326483735157,0.0409839536640993,0.00253467088557616,0.0101360190744572,0.000131978519016624,0.000741691975262405,0.000635404891225934,0.00309102698267816,17.6932519552063
0.0163836065331097,0.0322836670253475,0.151382969872571,0.0760932151588507,0.00663695212789331,0.10987590370098,0.59957702097315,0.194896470401708,0.0535133617709647,0.51689979061662,0.161559237946022,0.256487038118967,0.374489067360367,0.102210328988673,0.0437905851691625,0.295525352985397,0.486430114939437,0.192429894396539,0.542478325145529,0.162851912967874,1.50344270457014,0.0220064941541406,2.86006951115235,0.392999456790566,0.013880805309928,0.529997835809153,2.06279430325964,1.72623446177572,0.196686639570435,0.53303929248291,0.0501389917300429,0.0940882814271571,0.0106041855758226,0.189565289249943,0.927194377134828,0,3.84490260125462,0.392090374335485,0.51034955513938,0.80198586206965,0.08724552891556,0.0858161897726845,0.382491819718177,0.0346101682938658,0.0565813959801849,0.0426196342909669,0.131752361646258,0.0143124267702319,0.0129638640217449,0.000626162142609501,0.0234950664121567,0.161512527322152,0.0101561614796128,0.00176782917804065,0.00267973714622494,0.0445205757852605,0.00306480251981882,0.0181686329806446,0.0117668839670243,0.00221947790254165,0.0115792533737033,0.00191528515032563,0.00525235252485116,0.0101098189670857,0.0325857990259866,0.0669134128907627,0.00173522867226218,0.0179759134472992,0.013203945107073,0.0265349318080405,0.0365177314746701,0.0966146382348567,0.263555364427167,0.000819749526117684,0.0828547393831027,0.409077813658638,0.389837681516483,0.0259684692046555,0.0179326395859981,0.00279090801811244,0.00203665102082598,0.00589390118514733,0.0316352449149686,0.221061688875745
0.00369243227462533,0.0129358608774742,0.0400305041890474,0.00139690129703222,0.000954858678321506,0.00511467990175989,0.0329958549136048,0.0150620969463611,0.00237213402725032,0.0197130460042972,0.272766958106436,0.0190139858918446,0.227276247484305,0.0120993328378457,0.00284377447325084,0.097635717376995,0.124403876966739,0.295989080607763,0.357674605734271,0.00824566229620827,0.16104182637265,0.00904206036685747,0.93401303207676,0.0423465959446019,0.00603384809449561,0.949743537656424,0.741207210686712,0.153480583801211,0.0161652383444054,0.0324880344566629,0.331082942009669,0.00638513071778069,0.000696501605099343,0.0515649888421555,0.220075104671087,3.84490260125462,0,0.265824340427404,1.48662084529102,0.0982580538731143,0.0170027373722115,0.00861993769492645,0.0270314462998106,0.0183503055828915,0.005407472209816,0.0125555554127403,0.00314125124958176,0.000317941335203183,0.00251823961404787,0.000155570029409623,0.00858039087110379,0.0376142557606349,0,0.00283439823657288,0.000478054033424521,0.00283241992351266,0.000264106597833002,0.000860584409791803,0.000166154198339617,0.0231124220660906,0.000356803768041372,0.0420723167917054,0.00048627956564244,0.00545492494822347,0.00667374102010398,0.0170233334933809,0.00313052708844448,0.00799329084828531,0.000167679603219509,0.00261820230021565,0.00476423049253071,0.0299617119413954,0.00550669875822902,0.00640171049240724,0.114468381081136,0.250560342088788,0.00936381931564476,0.000415437553704357,0.00107480407538663,0.054981577147002,0.000695054295396783,4.7287462395215e-05,0.00391009298687428,0.125105289365819
0.0178076057229429,0.0086044427517672,0.0573976578008464,0.0204095100974815,0.000921105669715331,0.0305250828949897,0.351857713528185,0.107701012844397,0.00942904211697878,0.130181957503135,0.67408516758148,0.0810999509264407,0.211537579173081,0.110407521231318,0.00927596568382427,0.0586893278482357,0.416078346892224,0.292240619196142,0.394448951408118,0.0288826599398797,0.751364845170665,0.00747102769966843,1.30848775232064,0.065223841886748,0.00317982624184073,0.340187849999327,0.655389036371366,0.619957509406368,0.161711370687475,0.43244485979554,0.0970340769995833,0.0415043541660026,0.0364302625868714,0.234790135469103,0.0625486443083603,0.392090374335485,0.265824340427404,0,0.462713590018056,0.0357182237982055,0.0286162460096729,0.0760793955358965,0.0482186859342108,0.00464566462813761,0.0324202889573174,0.0353855837730489,0.0191737160147512,0.00911246993704657,0.0215175918554214,0.000105010772335303,0.0061918403562702,0.0708522025064503,0.00161748472509484,0.000320080610563445,0.00171834307538849,0.0107433829756983,0.00256094223832927,0.0038654550938231,0.00380656557257563,0.00223855552590608,0.0105725921114937,0.00452093123370452,0.00187461514763517,0.00219882583742316,0.00907602188538008,0.0226302453404762,0.000390695360577893,0.004037113069487,0.00391053673631673,0.00451065154688716,0.010405630312752,0.0454595245251114,0.041681519541403,0.000864754398754909,0.0247375436992003,0.166194272733999,0.064262280574632,0.0049835750892049,0.00282843132575319,0.00297980738401394,0.0033965260746937,0.000713282409775939,0.00561901605444177,0.0191940991187279
0.013155420535614,0.0143758856740996,0.0824532675438008,0.00992897750696975,0.000809672966952182,0.0198464859157856,0.199249574581846,0.0651510346134943,0.0067283529426498,0.060872308348189,0.16275580560867,0.0451949759080612,0.162702044289338,0.0701702755641778,0.00501926407565718,0.0793845344381464,0.334195641933804,0.16919721214695,0.298349666738531,0.0164257815453539,0.715108945118752,0.00837758933904913,1.50660957720231,0.0569279068101748,0.00590462281415133,0.265892791530769,0.835855055673266,0.446625083109576,0.0611931888393082,0.242208637393203,0.0305897727276988,0.0134070095839838,0.014788700311039,0.0883533750863487,0.241107123098174,0.51034955513938,1.48662084529102,0.462713590018056,0,0.0538948505300174,0.063431670519557,0.047822637262699,0.067669618963068,0.0110200598494356,0.0781390693938317,0.0853613530923976,0.023609747711545,0.025654788778196,0.0481586817825142,0.00053622448412751,0.012979816439615,0.0898408255678481,0.00153501808237081,0.00358009514600215,0.00563645644428245,0.0145451522711066,0.00790538135349661,0.00198863396037433,0.0129431167527608,0.00627356795975447,0.0253177208321327,0.00184946517241949,0.00393612616898922,0.00776861666214409,0.0101470748798731,0.0319748058825203,0.00131255988614227,0.00647147642572401,0.00840320905263829,0.00452270377044618,0.00955299911431823,0.0517709956638508,0.0301103287012452,0.000234243319230509,0.0312556393796688,0.187049519864233,0.0491452604666484,0.00594363494307414,0.00387032791963073,0.000791150364683744,0.0120831371198912,0.000829852741812515,0.00770224350990062,0.146049054281544
0.00122339625260721,0.00385181049618713,0.00191346821434547,0.0452166051949085,0.951716162484669,0.463473225503425,0.121618978716098,0.160387949324306,0.0508889289454996,0.163659087398739,0.0321107893258281,0.361136121170127,0.450330804298093,0.0402009634148988,0.481303732195181,0.00367194713081317,0.0122157420535211,0.00845440867871088,0.0130068257867572,0.064098055895421,0.0398424670204495,0.0121887164430517,0.0540830010421937,0.136294483949743,0.0607047722035527,0.011281520518113,0.0273249403998607,0.1885322619328,0.0780072007105399,0.0327695993727092,0.00313004003201759,0.125448302810177,0.0023671190978076,0.0425937412590706,0.0229233266672507,0.80198586206965,0.0982580538731143,0.0357182237982055,0.0538948505300174,0,0.0757392503487109,0.0119181489985492,0.0894016358140205,0.00108567004191242,0.0294804852832444,0.0155204809063661,0.347751446279496,0.0118865060430633,0.00977686610693686,6.70001277973653e-05,0.000173848472406435,0.00295232237701964,0.0504848289395028,0.00458597662177284,0.0186907705397966,0.0261085759721989,0.00645894871118767,0.0110041524351978,0.0286416403140225,0.00287764206385017,0.0819496685954507,0.000371305370330143,0.00457078951846926,0.0547270005191237,0.0156276456570259,0.0008685860141274,0.00136355051048784,0.000584514691048801,0.0666821004782634,0.0196925896501688,0.00569630906893687,0.0295199882904957,0.145663540898124,9.00096109647273e-05,0.00203346232238617,0.00607147865042371,0.276939852777397,0.0169032464469636,0.00678314880433367,0,0.00277233585950725,0.00249341166021427,0.0126968062443131,0.0153704406570378
0.000688066099384081,5.5814217739892e-05,0.00200619605062337,0.00555592184294461,0.0916636394411154,0.188071490583927,0.0351118633426664,0.0384846683474649,0.00259583384969458,0.0547426221203002,0.00281646433553813,0.057348533465378,0.0442650538677896,0.00897155744943723,0.0107104740562851,0.0011810525631546,0.00442491990792607,0.00109898881404097,0.00123134010178764,0.013477084175853,0.00934663278302763,9.66590087310788e-05,0.0198823182324368,0.00677523032783967,0.00126900291772563,0.00123318254081365,0.0175193982944786,0.0347529899072528,0.0308349937255655,0.00646671004728327,0.000113323155539274,0.796748231355778,0.000371729840402198,0.0170656924783406,0.00799982737848256,0.08724552891556,0.0170027373722115,0.0286162460096729,0.063431670519557,0.0757392503487109,0,0.00401650388669722,0.0102712829356585,0.00019247417713716,0.0130371205412638,0.0107582536788766,0.010123782743873,0.00452661467595749,0.0106039001775412,0,0,0.00198307251480117,0.000701724526971032,4.60955544779777e-05,0.000683088557422367,0.00223536227871205,0.0011686302452091,0.000865155763604663,0.00323948861875051,0.000289352912621498,0.00404343206929,6.18069950317383e-05,7.42122753941057e-05,0.00124148291514845,0.000298313117038107,0.000490760392728209,0.000184991454706907,0,0.00216754858755605,0.000367046081203723,0.00138407416958763,0.00119422772856427,0.0139840938346364,0,0.000420988854943299,0.00250144669976982,0.0136489541357098,0.000777148520966217,0.000675082204843105,0,0.00230293961241109,0.000261460548193717,0.000939636938911056,0.00314217111710941
3.57983086397409e-05,0.0307244023408698,0.000197769059392154,0.000220247926329875,0.000157807728118515,0.00145479425200077,0.00442968809263505,0.00481880226437055,0.00416598896876897,0.00639831105213947,0.0964972960564552,0.00997900426747834,0.227749479362239,0.0020235337863592,0.000668762239195202,0.00193479471967821,0.0008686861973284,0.000475413464806938,0.00049555635189743,0.001920304371754,0.0017216012277552,0.0141516276723058,0.00572380607689977,0.00488556864189967,0.0364537834819535,0.00284031554562754,0.00907786035634391,0.00545096563788375,0.00872085400776528,0.000784112323963415,0.0116189406617924,0.0061349314728262,0.000179633282946181,0.0829226197629853,0.013978728967141,0.0858161897726845,0.00861993769492645,0.0760793955358965,0.047822637262699,0.0119181489985492,0.00401650388669722,0,0.00294668722306166,0.0357255679525066,0.00641870492064535,0.00606525948619656,0.00100351285866126,0.00158425138055062,0.0125740701657906,0,0.000153794543779528,8.08078505149126e-05,0.000149796250043285,0,0.000178663420600033,0.000272447683814407,0.000458551274364853,0.000100969394805765,0.000512757364287579,0.0229044721836866,0.00170625731192694,0.0188364632407356,0.000169011710734034,0.000217318342944145,5.57380364760876e-05,4.05444152007579e-05,0.000403779501524448,0.000407815534317148,0.000485307767656195,0.000211859993907845,0.000238245772617817,3.11974145888329e-05,0.000825489947294637,0.000538501505957508,0.0187117414522425,0.00793200484658673,0.000505748658390427,0.000775358085479096,7.72740946007251e-05,0.018613138642124,0.00124515530239642,0,0.00336359322444849,0.00432439889229784
0.000354738730404246,0.0363748422481895,0.130457325550368,0.00766484326354169,0.00171988439992061,0.00649651032277576,0.0395743654076175,0.00647583394957291,0.087755173691566,0.00733286795694571,0.00285599374847563,0.0148456995750495,0.0550444504683867,0.00627824066210268,0.0128958107457484,0.0415288835947547,0.0984159379582841,0.00370550516120732,0.0181243997963602,0.00576513981847994,0.0312792109944468,0.0323213211842339,0.0811057287746018,0.341979584012588,0.0195775943346528,0.0507311905429237,0.471612494618817,0.307266893814149,0.0214532451544223,0.00573544007973904,0.00825950826361888,0.00251442705682976,0.00361420453755241,0.0287655302216812,0.232479109537487,0.382491819718177,0.0270314462998106,0.0482186859342108,0.067669618963068,0.0894016358140205,0.0102712829356585,0.00294668722306166,0,2.43928427843079,0.381391861966157,0.573346767166496,0.870472480739139,0.169991774413078,0.185981042537136,0.0273030774773034,0.0428715641621046,0.377345182076472,0.0229164152154176,0.0038405620590291,0.0928541807727425,0.461393181828299,0.149263674027424,0.0308758685110776,0.469777166162752,0.25553376598015,0.310432242736109,0.0186027647903662,0.208318254645568,0.0416144693733589,0.435755072091464,0.256640030138462,0.795353634584441,0.690951744057618,0.138887368816198,1.32978895076492,0.0498858391683849,3.60401316011135,0.379150203004782,0.00200747920026945,1.59324093880907,2.43683580197399,1.30821419147983,0.219858203259094,0.656736782390341,0.0492071727249488,0.0820331993108901,0.00935567754528929,0.0801016920724761,1.02740466143045
0,0.0381827416668864,0.0246028596550397,9.90950789475917e-05,0.000434011647949648,0.000335878238455224,0.000812596857975914,0.00034676848541336,0.00410877812942019,3.71490220009088e-05,0.115133919847524,0.000137249744984436,0.219366767393152,0.000246982667371845,0.00128940397575188,0.00485922992689605,0.0194703414491641,0.00177208853037165,0.00554293829997908,8.41187194471123e-05,0.00219963088594051,0.0158214390736212,0.0141417767297698,0.00672677514315275,0.0402601123454967,0.0381148664342261,0.166932456794143,0.00438692003581781,0.000626967278033137,0.000465591159868705,0.0509021954553456,0.000190877246405411,3.7292081605196e-05,0.00298278973729402,0.0409108677534786,0.0346101682938658,0.0183503055828915,0.00464566462813761,0.0110200598494356,0.00108567004191242,0.00019247417713716,0.0357255679525066,2.43928427843079,0,0.109697215077555,0.557627427174644,0.0603930018074862,0.0128958259385479,0.0234426641215384,0.00242417779189449,0.010707725739669,0.113988999980762,0.000311232884612739,0.000426209880677748,0.00310445753604716,0.0321104546635311,0.00698011372772455,0.00161662799103663,0.0109409239396565,0.282861196213618,0.0165431065143342,0.180038852893069,0.0145873067853173,0.00737911628675616,0.0763785712018143,0.147111671199506,0.165896660924058,0.129975479365915,0.00597802280607945,0.215776560477111,0.00536340940333811,0.703860277542528,0.0145950374197907,0.00243475653313165,1.2401033144515,0.543514444432435,0.0681350659058988,0.0259243415799112,0.0484353796105432,0.23090320016531,0.0122257624119689,0.0102805419673535,0.0420514205515141,0.117862094261915
0.000184079973636245,0.00536006518609225,0.0200149700144824,0.00315165902639494,0.000256001197759938,0.00416162932262896,0.0165244265800784,0.00478471711770008,0.0193188288907488,0.0106012066889184,0.0065980522562204,0.0187833029159276,0.0735286534157506,0.00257202350926323,0.0036700063178171,0.0082315392814207,0.0134081893230453,0.00086899279481914,0.00309020864737415,0.00457765845732543,0.00603842439209128,0.00593987165579706,0.015145918292235,0.0766921059575302,0.00849735481441701,0.0075452121610994,0.0688939066826227,0.0728939744942435,0.00730030764236365,0.000775662089607134,0.00300936780012102,0.00382842373701349,0.000568934960927904,0.0140014174085973,0.0142478193799898,0.0565813959801849,0.005407472209816,0.0324202889573174,0.0781390693938317,0.0294804852832444,0.0130371205412638,0.00641870492064535,0.381391861966157,0.109697215077555,0,0.464984923065016,0.0530076252439023,0.0396377166958212,0.155237830647204,0.0237325707398107,0.00603066279330168,0.0587080477909872,0.0102221527557421,0.000793744442386437,0.0542659339555087,0.277777527891172,0.059648103586614,0.00956127967796918,0.221710621313685,0.344406397808545,0.155197145542571,0.0305877357864703,0.115349841861181,0.0107454545727852,0.0989720902305091,0.190861935377688,0.481781885953573,0.200324155397936,0.0413296017713976,0.760052796441211,0.00720496501308372,1.11782296703007,0.0973406072327549,0.00294151749574006,0.314997278139735,0.343447047656129,0.53249570696491,0.122197773695344,0.425883617891459,0.0163850832210886,0.079411618546425,0.0181865664688745,0.0786240514623894,0.0546416543648631
0.000122205511671424,0.00767704082206972,0.0346163197798196,0.0011940356538124,0.000937346966068697,0.00394681671319338,0.00920642525159116,0.0045082976287916,0.00953560764876862,0.0109261526631994,0.00116951060197707,0.0134568474378699,0.0312443135722109,0.00135201140536701,0.00359329072056399,0.0062265634701651,0.0262896567406354,0.00062475093259474,0.00476497067932853,0.00478010897684967,0.00561601917793554,0.00414734648717398,0.0223761561798546,0.0318337917204771,0.00254357493470339,0.00940813267493205,0.099119468929276,0.0358475360263179,0.00338083176257965,0.00185731534056952,0.00110435110990019,0.00426600592396459,0.00091794275874195,0.013301817035292,0.0921245336083278,0.0426196342909669,0.0125555554127403,0.0353855837730489,0.0853613530923976,0.0155204809063661,0.0107582536788766,0.00606525948619656,0.573346767166496,0.557627427174644,0.464984923065016,0,0.125897638916822,0.0789474308559858,0.186318611334024,0.0137820831517964,0.01007292810812,0.0869663551411534,0.00285362655149399,0.00257440997968983,0.0252702878412046,0.139073293839999,0.0373846630359775,0.0032578639148573,0.0612544953834811,0.116870824368342,0.0524612870758223,0.0100947531454602,0.0829796855458603,0.00698862183969486,0.10529521840818,0.159988666676178,0.190969187119569,0.220770220496137,0.0166813962609662,0.49650234424198,0.00599143263427341,1.41354318835424,0.0480062911979997,0.000482693669904506,0.296734480151519,0.616341634887421,0.246840063124916,0.0551527207756888,0.170770699816101,0.0154941876927308,0.0290015734136319,0.00655258401504575,0.0245255029362588,0.227969387384242
7.97693954041957e-05,0.000597589234775734,0.00107004744723909,0.046782866850959,0.0138130254766725,0.0604723743354412,0.0420831269090889,0.0173451808179646,0.0360328111629069,0.0256272597413149,0.00130942068676007,0.111544509364427,0.13900216111862,0.00799279450078595,0.0738533194372194,0.0195776178783568,0.00152402899333373,0.000140001840049017,0.000827500109535028,0.0374102357075868,0.0122153659942029,0.00538059181778219,0.0156060251338879,0.186945967306365,0.0769122032239055,0.000376285730820858,0.00556074181590189,0.237504572305015,0.0211608819619744,0.00160406115978162,4.68783549850702e-05,0.00820392304987867,0.00239927236307845,0.0164717571731019,0.0133372573117433,0.131752361646258,0.00314125124958176,0.0191737160147512,0.023609747711545,0.347751446279496,0.010123782743873,0.00100351285866126,0.870472480739139,0.0603930018074862,0.0530076252439023,0.125897638916822,0,0.144043292580657,0.0672364948811581,0.00320043197208063,0.00748237798112269,0.003837991270237,0.0425356793286471,0.387472762949144,0.358945153247365,0.140696085278455,0.183805178479228,0.073747155126094,0.244809541268953,0.0276748697993779,0.436558027707832,0.00148128742713382,0.061580109576276,0.570075845737595,0.017845099192099,0.00725974686902895,0.0194814075114973,0.0126278629886521,0.097820176230454,0.092599522237661,0.0392918037060515,0.106812671040583,0.263511509141059,0.00594120776495121,0.01647874447635,0.0590731554155404,0.371736954161998,0.0759309752099395,0.0728886542254761,0.000870332259741177,0.100688670858186,0.0027691894844307,0.0190705068058583,0.0206824526968166
0,7.35262055381297e-05,0.000115600562522149,0.00102380082790242,7.00958404571057e-05,0.00234811373307306,0.00517821468864476,0.00139625759004235,0.00407054479343941,0.00429106266058191,0.000567228723809838,0.00552877318501939,0.0153619015096463,0.00088222504383538,0.00122377087204621,0.00113793399944358,0.00028729953425324,0.000126286745610666,7.13244267790315e-05,0.00182168736035772,0.000500103936839962,0.000575018573069143,0.000704734974684515,0.0226626162882274,0.0016394382257329,0.000152202232907152,0.00167017772712915,0.0243752372006604,0.00209548810795341,3.61751777665615e-05,5.33485440807581e-05,0.000547405051423287,0.000392210733706713,0.00445755398422179,0.00294032163358662,0.0143124267702319,0.000317941335203183,0.00911246993704657,0.025654788778196,0.0118865060430633,0.00452661467595749,0.00158425138055062,0.169991774413078,0.0128958259385479,0.0396377166958212,0.0789474308559858,0.144043292580657,0,0.0356410794349445,0.000422206894001842,0.000204195647207093,0.000930817224437749,0.00337669404942759,0.197510210298971,0.394829967651746,0.0381506913342154,0.0867829485747314,0.00373459514566577,0.0849744340234375,0.00894194708986535,0.0575237157202202,0.00204072998335083,0.00673490574604992,0.0477049851823932,0.00150694569156318,0.00130617182151554,0.00383786030048275,0.00278108440562958,0.0207433736328427,0.00437250461296649,0.000519257020541024,0.00722404130520185,0.0183075805032098,0.000200957396380806,0.00565422053832701,0.00814318996969912,0.07120486787399,0.0105791865291807,0.0056610378923746,0.000332395360248434,0.664270914878398,0.000684263054454449,0.00513675123745154,0.016377207816537
0.000125716924768496,0.00941834106501409,5.86174867833137e-05,0.000645479184902465,6.81890690498831e-05,0.00262651420938531,0.00610717137384646,0.00420831016924388,0.00199231859153348,0.00670667228628452,0.0331571084741488,0.0120170954361386,0.0771847788495802,0.00126750872207959,0.00107393217025538,0.00213495516167751,0.000102861469174254,0.000123449101179242,4.65913232604504e-05,0.00257273168689431,0.00116684601759628,0.00517568706660197,0.00528839430146249,0.00509536409195613,0.0190349561445927,0.000183936578257656,0.00158403595763386,0.00759209702615572,0.00328464278651834,0.000369453075340783,0.00231347396428546,0.00297575380207608,0,0.00830845748883822,0.00329187770751336,0.0129638640217449,0.00251823961404787,0.0215175918554214,0.0481586817825142,0.00977686610693686,0.0106039001775412,0.0125740701657906,0.185981042537136,0.0234426641215384,0.155237830647204,0.186318611334024,0.0672364948811581,0.0356410794349445,0,3.98431564954519e-05,0,0.000196300998837697,0.00106290152026023,0.000133656560968995,0.0087029547388871,0.011756324884385,0.0055206585827553,0.000578716487064671,0.0247602830657673,0.14050350440212,0.0316786554541871,0.0482122886891196,0.0033544651170795,0.00251510223969777,0.00273516557904271,0.000601378507033539,0.00135873117945203,0.000177733122342431,0.00914942982923372,0.00537970858718122,0.000124091034490729,0.00669535982881788,0.00481510155554774,0.0463046379719547,0.00521198758299022,0.00236646318048399,0.0225155020018478,0.0126016975726914,0.00398857971456728,0.00613056298792148,0.0256856717184239,0.000299777006090641,0.0590214843050679,0.0130722261020892
0,0.000153113117484641,0.00114899067984774,7.01704139545441e-05,0,0,0.000102905953343904,7.03361837525365e-05,0.000534288292965961,0,0,0,3.10905514543533e-05,0,0,5.22555769996047e-05,0.000685191774572823,2.90604086678267e-05,5.32796589950323e-05,0,0.000123626544072104,0.000287605515499377,0.00058997264505651,0.000673493087776889,0.000115659850388253,0.000354676697089434,0.00480400384549895,0.00105397828854461,6.994236394887e-05,0,0,0,0,0.000162119623202419,0.000631565150115323,0.000626162142609501,0.000155570029409623,0.000105010772335303,0.00053622448412751,6.70001277973653e-05,0,0,0.0273030774773034,0.00242417779189449,0.0237325707398107,0.0137820831517964,0.00320043197208063,0.000422206894001842,3.98431564954519e-05,0,0.000388220269437146,0.0043457105741827,0.000375851424536884,0,0.00404164745257401,0.928498258831419,0.0307352101710379,7.35283604190947e-05,0.0150366372391028,0.00197066599009874,0.00225322196375023,0,0.627540224432378,0.00093851829694662,0.000379915022424674,0.0163967817814754,0.00140042939613698,0.0166248560241289,0.0012792361551061,0.00851520251428777,0.000354705565778875,0.0102207964547015,0.00258656919476763,0,0.00988081702348749,0.0131077976564171,0.0121999579909111,0.327844266545423,0.530597058038796,0.000152248617164326,0.0002777617308815,0.00244836151927564,0.0358780157509872,0.00325840852694993
0,0.159963993279256,0.0397206585757167,0,0,3.1449774654007e-05,0.00111662539483145,8.16036395620825e-05,0.0025171291827527,0,0.000401456626750732,0,0.00340694205822587,0.000136452079551458,3.80043181550503e-05,0.00363606360068031,0.030053668318437,0.000696592562407602,0.00545991686527562,0,0.0024873602290772,0.0266955708719838,0.00976559328071365,0.0108118279837724,0.0225626342456586,0.020908656188745,0.411269044852155,0.00372907034294472,0,0.000525290983513784,0.00796493035720073,0.000105137262465334,0,0.00347073411538131,0.00215817477240336,0.0234950664121567,0.00858039087110379,0.0061918403562702,0.012979816439615,0.000173848472406435,0,0.000153794543779528,0.0428715641621046,0.010707725739669,0.00603066279330168,0.01007292810812,0.00748237798112269,0.000204195647207093,0,0.000388220269437146,0,0.042596608220549,0,0.000308427452787781,0.000120072033355737,0.00443042790415571,0.000839230068769383,0.145755422930785,0.000135538820852137,0.000633048869603133,0.00016416779114356,0.00221340018817728,0.00320641976213651,0.00298851787110665,0.0358155859973317,0.0263432491753683,0.000977547230385697,0.00733701262062582,4.45151517424822e-05,0.00741516101620618,0.2848621383188,0.0213702907659465,0.197554948069076,0.306564491740064,0.0231263680349891,1.61952978509719,0.0161172621595372,0.000564811308818543,0.00215028164884432,0.00251952793659336,3.95777328347683e-05,0,0.00617451360035405,0.0018094642355793
0.00141295670478143,0.0480448187374491,0.422326737706696,2.08933703085422e-05,2.52023579820156e-05,8.36744999206422e-05,0.013445963495568,0.00357926087524477,0.00106787044072294,2.2428206496048e-05,0.00119754614056742,6.94275409623026e-05,0.00227427982396413,0.00523791234950831,0.000204309083617329,0.0173185502143598,0.199954446396409,0.0054213363070638,0.0239073643477486,2.48710119500399e-05,0.0290880575425563,0.0324122020979113,0.219267529957751,0.0109166339298329,0.000408364392967129,0.0454811987563367,0.925158633745521,0.0300073397839965,0.00206783977836324,0.00794577593435275,0.00114378467310033,0.000254913589241624,0.000272427584759688,0.0393587185086608,0.0154284461102237,0.161512527322152,0.0376142557606349,0.0708522025064503,0.0898408255678481,0.00295232237701964,0.00198307251480117,8.08078505149126e-05,0.377345182076472,0.113988999980762,0.0587080477909872,0.0869663551411534,0.003837991270237,0.000930817224437749,0.000196300998837697,0.0043457105741827,0.042596608220549,0,7.68437504535198e-05,0.000510494369922853,0.00624009437264711,0.302869117079177,0.0199869920789613,0.000327290739564085,0.00751851035161594,0.0019785189412252,6.10765298875451e-05,0.000102121392984438,0.0622322502645961,0.00147330013665923,0.00564966388945345,0.548543415764903,0.00587746532141168,0.0759065380993688,0.000125898323872698,0.129435422003311,0.00806187011275151,1.6370601468394,0.00394382136149751,0,0.818601814352775,1.8455772660574,0.328863294123362,0.00588679597376536,0.0450043127276494,0.00010573279374336,4.08505307566166e-05,0.000268018074160624,0.0440080449718451,0.0151179945250094
0,0,0,0.230496468680303,0.00307423258704289,0.0154114583145156,0.00703351409955645,0.00326858372080436,0.0616875416704354,0.101857215585631,6.13928352059126e-05,0.0709257569427067,0.00221489133222746,0.000821987274205147,0.0241236375556485,0,0,8.14167752373217e-05,9.72446583688975e-05,0.0901520844808953,0,0.000111633736763478,0,0.0971392174538794,0.00027205497404108,3.98565282132626e-05,0,0.119042122047823,0.00237475812910109,0,0,0.00118709214540907,0,0.00172825643244184,0.000474522422515583,0.0101561614796128,0,0.00161748472509484,0.00153501808237081,0.0504848289395028,0.000701724526971032,0.000149796250043285,0.0229164152154176,0.000311232884612739,0.0102221527557421,0.00285362655149399,0.0425356793286471,0.00337669404942759,0.00106290152026023,0.000375851424536884,0,7.68437504535198e-05,0,0.00148892712602563,0.00687997523210712,0.00584917470890973,0.00457960599568326,0.224037449970049,0.968131796565203,0.0027001348208313,0.289385915652523,0.000104089786876738,0.00720920806258476,0.0253583561789649,0,3.76536828769684e-05,0.00167757124420295,0.000463141792989815,3.15370575803187,0,0,8.28124744544503e-05,0.57637365551961,0,0.000685286826352428,4.56443567714453e-05,0.972439128411154,0.0148030095976084,0.000128586015450918,0,0.000507543322658622,0.000397858315264177,0.00604049228973541,0.00277813110867752
3.15189678620338e-05,8.07681066883561e-05,0.000178628168248558,0.00115223854171965,0.000184360463687396,0.000766706799346194,0.000877701032224026,0.000217144520488322,0.000718938826147845,0.000518295915978742,0,0.00212331493713792,0.000276139688182211,8.18765055614235e-05,0.00132063479395838,0.000151514962164259,0.000692441244470862,0,0.000424185094478917,0.000779991674071348,0.00215413057239454,0,0.00489314712123556,0.00197205101564333,0,0.000359456945971584,0.00213874463935017,0.00348672807643318,0.000332124939476073,0.000508819962233519,0,9.18456011489869e-05,0,0.000478610439095735,0.0299199924603213,0.00176782917804065,0.00283439823657288,0.000320080610563445,0.00358009514600215,0.00458597662177284,4.60955544779777e-05,0,0.0038405620590291,0.000426209880677748,0.000793744442386437,0.00257440997968983,0.387472762949144,0.197510210298971,0.000133656560968995,0,0.000308427452787781,0.000510494369922853,0.00148892712602563,0,0.063296158392762,0.000890762062022854,0.00179459304454065,0.00841006549081472,0.000967565803980659,0.000823181145414482,0.0132089921424644,0,0.000428564037765598,0.34542604986842,0,0.00059428437027812,0.000436322099074173,0.000802953107936028,0.0018469941717998,0.000178108381727743,0.00102188458568473,0.000550052181465769,0.0120156332536095,0.000242417811779308,0.00093407544593446,0.00216035323459986,0.00445853388424444,0.000307385276507735,0,0.000213085200760173,0.003151760398632,0,0.00159931993182371,0.0370474040442118
0,0.000178777228337145,9.40537319678308e-05,0.00428203076440143,0.00088223377791753,0.00287770280739663,0.000887038224276028,0.00114423267107527,0.00225642883745552,0.00205258628457949,0.000319978894651508,0.0111055980685725,0.00422020270447007,3.50113524318695e-05,0.00374449592303363,0.000415083582409823,9.1892858419347e-05,0,5.92356907273293e-05,0.00338729077829164,6.31436750022054e-05,0.000118165362680805,0.000797672742981757,0.00683208155093538,0.000994538531972517,0,0.000529363076491427,0.00923770832615488,0.00073931686585808,0,2.95386895345688e-05,0.000493544726076114,0,0.00103183034693341,0.013700374294394,0.00267973714622494,0.000478054033424521,0.00171834307538849,0.00563645644428245,0.0186907705397966,0.000683088557422367,0.000178663420600033,0.0928541807727425,0.00310445753604716,0.0542659339555087,0.0252702878412046,0.358945153247365,0.394829967651746,0.0087029547388871,0.00404164745257401,0.000120072033355737,0.00624009437264711,0.00687997523210712,0.063296158392762,0,0.378762578904594,0.903786772675746,0.0116996576735077,1.60403806706791,0.0305334279687847,0.709676351932772,0.00123082239509236,0.197064367860739,0.272735760034124,8.50593101746558e-05,0.00412248176012882,0.0191780827714058,0.00767295379306104,0.0596131167654576,0.00104306296319636,0.00108951128215652,0.0060469132977715,0.0194551507570258,0.000214953816355777,0.015371962901689,0.00339335888951096,0.097354486986961,0.0973157204591642,0.00483126989802089,0.000490436346824598,0.00966547656894784,0.00147176348729049,0.0370704287340048,0.147183363435431
0,0.00448836163792573,0.0239100229810237,0.00612243290448689,0.000270125255422998,0.0019753129089308,0.0125339831166678,0.00155267683216582,0.0220335783038968,0.0032141810014501,7.6192514218712e-05,0.00292565899591752,0.0101981367278737,0.00147147375357031,0.00325578976193544,0.00696704794968208,0.0107550895097372,0,0.000716694593666052,0.0031614927772866,0.00380801627162351,0.00387394979062246,0.0286460189926401,0.0942228811465391,0.00252903865878002,0.00214595879171701,0.0642156601219632,0.0969431465769722,0.00436515584670664,0.00019132211377877,0,0.000623512018250298,0.00106250120421138,0.00744896925573488,0.00988041125604411,0.0445205757852605,0.00283241992351266,0.0107433829756983,0.0145451522711066,0.0261085759721989,0.00223536227871205,0.000272447683814407,0.461393181828299,0.0321104546635311,0.277777527891172,0.139073293839999,0.140696085278455,0.0381506913342154,0.011756324884385,0.928498258831419,0.00443042790415571,0.302869117079177,0.00584917470890973,0.000890762062022854,0.378762578904594,0,0.709096171572454,0.0202476829317214,1.56975150311864,0.0423256627257841,0.0354114123580056,0.000873405366889788,4.63820780927862,0.0219647440978536,0.00443412418470801,0.180852013761016,0.0367611114358623,0.0915714516395362,0.0175886518628742,0.206983525480345,0.00487623939979806,0.453364683879064,0.216776049866863,0.000100690315006685,0.24098580257103,0.131049366021963,5.63479684582392,0.800541223119836,0.646812473607781,0.000549198218533122,0.0116096208747001,0.0372024903788879,0.252681335717441,0.0880369543919801
0,0.000603998002850926,0.00205744239672743,0.000641927216195082,0.000210317413184809,0.00113844016340343,0.000875641183287439,0.000326494644369757,0.00172063963730775,0.000301309229164017,0.000481843242477751,0.00588108221899345,0.00655607232292053,3.90492833369493e-05,0.00201571210174574,0.00141178133868646,0.000314001077092409,0,0,0.000488745053638136,0.000816704465999045,0.000200942813900363,0.00188798051931149,0.00645022906338193,0.0016936881618541,0.000209222702052426,0.00424092437165118,0.00614979847853694,0.000494542023157918,9.32806610149381e-05,9.44600662772653e-05,0.000191137821090138,0,0.00103709319829509,0.00042470370381453,0.00306480251981882,0.000264106597833002,0.00256094223832927,0.00790538135349661,0.00645894871118767,0.0011686302452091,0.000458551274364853,0.149263674027424,0.00698011372772455,0.059648103586614,0.0373846630359775,0.183805178479228,0.0867829485747314,0.0055206585827553,0.0307352101710379,0.000839230068769383,0.0199869920789613,0.00457960599568326,0.00179459304454065,0.903786772675746,0.709096171572454,0,0.00171650495204984,0.831904829750752,0.0301590586717704,0.304697017575626,0.00155899580431681,2.09966238356531,0.053316901911379,0.00142528952109904,0.0176145658431366,0.0166384783006744,0.015618634563051,0.062052580769379,0.00942727954483335,0.00068160562996688,0.0217114800512266,0.0125600534729483,0.000193644261699879,0.0347839009952431,0.0160609123521577,0.0482010175536187,0.0771891232061388,0.105950966825468,0.000489065172957552,0.0400959654493904,0.00174008414940165,0.037865273212509,0.00843212996881
3.6792536349392e-05,0.0017064105277163,0.00024670363102591,0.0775796171850913,0.00060701088394053,0.00236556520939114,0.0108180715508908,0.00156547677966818,0.282889511221111,0.0171433809539831,9.84594581929924e-05,0.0196107650869168,0.00494493545249212,0.000775591661934758,0.00753622042550066,0.00333835023185044,5.61880372459888e-05,9.06628539447785e-05,0.000189293096823728,0.031441198707727,0.00166694270368645,0.00759351935820043,0.00276486152748428,0.273031763827844,0.00144286366762068,0.000456710840108943,0.00553371492751504,0.147618286781716,0.00409540076072556,0.000130029033167839,0.000129986476737714,0.000355987631071472,0.000480280888598585,0.00384920938105009,0.00219130258900974,0.0181686329806446,0.000860584409791803,0.0038654550938231,0.00198863396037433,0.0110041524351978,0.000865155763604663,0.000100969394805765,0.0308758685110776,0.00161662799103663,0.00956127967796918,0.0032578639148573,0.073747155126094,0.00373459514566577,0.000578716487064671,7.35283604190947e-05,0.145755422930785,0.000327290739564085,0.224037449970049,0.00841006549081472,0.0116996576735077,0.0202476829317214,0.00171650495204984,0,0.0133012040911537,0.000511991397923899,0.144091261518726,0.000889322949163553,0.00227917058604494,0.0920975636297349,0.00442565608913398,0.000621653647721207,0.000723062347897766,0.00039410898829751,0.118486883109353,0.00102247569461767,0.686675184970518,0.000256947243832326,2.21318938393678,0.0955621907077794,0.00123028848234912,0.405043839004401,0.462412995658308,0.0101603477101765,0.00500845960520732,0.000972148528691517,0.000934067944341516,0.00216160986400148,0.00614827766191414,0.008055228905903
3.59768536623716e-05,0.000207407273106337,0.000427067363315141,0.0600696421732205,0.00113860501475994,0.00614851829160529,0.00753345218956787,0.000821951925071672,0.0109049085391042,0.0131418128790766,0.000414420206946409,0.0220497682880113,0.0166840431994199,0.000326498997584832,0.00902432119714187,0.000467097710033941,0.000519307359034395,0,5.05294027885437e-05,0.019018708571235,0.000152031440320623,0.000261931428199804,0.000922486867432879,0.0606338658987362,0.00366968926786984,0,0.00154473608988526,0.0785329294588129,0.000603703793456805,0,7.67243728132726e-05,0.000568697762060058,3.70570356431722e-05,0.00234053530904117,0.00220987882628513,0.0117668839670243,0.000166154198339617,0.00380656557257563,0.0129431167527608,0.0286416403140225,0.00323948861875051,0.000512757364287579,0.469777166162752,0.0109409239396565,0.221710621313685,0.0612544953834811,0.244809541268953,0.0849744340234375,0.0247602830657673,0.0150366372391028,0.000135538820852137,0.00751851035161594,0.968131796565203,0.000967565803980659,1.60403806706791,1.56975150311864,0.831904829750752,0.0133012040911537,0,0.0921201525338618,1.0900901939082,0.00254180434742782,0.88651400812186,0.0200466325653617,0.000616880001741957,0.00666025612660195,0.0679558766113872,0.0211380844175717,1.8679847409829,0.00209858533949808,0.000250242356399775,0.00631188826720501,0.0901715570518698,0.000284870799717665,0.0333487667582462,0.00375385241815775,0.584534432932493,0.434499453441608,0.0091312164197939,0.00100268649835142,0.0251710693335985,0.0037167284172678,0.148246543786622,0.0435436130786811
0,0.0155070229143112,0.000757929961276172,0.000442003032895589,0,0.00056877311968925,0.000182673043756271,9.9182601482248e-05,0.00139160828128731,0.000350172324324489,0.129314550001506,0.00311263092449104,0.416223085095454,0,0.000394614834259343,0.000443117019448077,0.000645250656912196,0.000479389814704943,0.00186820874183096,0.000317097862254774,0.000154290729317165,0.00630111774551228,0.000700817509723449,0.00258193143664859,0.0695835318196204,0.0199764223404257,0.0597635060106954,0.00116325032514929,6.01501819158554e-05,0,0.129609779519436,0.000175055008232402,0,0.00054802745649637,0.00312222219103232,0.00221947790254165,0.0231124220660906,0.00223855552590608,0.00627356795975447,0.00287764206385017,0.000289352912621498,0.0229044721836866,0.25553376598015,0.282861196213618,0.344406397808545,0.116870824368342,0.0276748697993779,0.00894194708986535,0.14050350440212,0.00197066599009874,0.000633048869603133,0.0019785189412252,0.0027001348208313,0.000823181145414482,0.0305334279687847,0.0423256627257841,0.0301590586717704,0.000511991397923899,0.0921201525338618,0,0.161624259794337,0.208715396693016,0.0374576479792654,0.00578185912313032,0.00203089592433686,0.0407951262408049,0.327846143213676,0.0233578778096977,0.0369312120409327,0.0266221540992412,5.7980625638938e-05,0.0517752316581412,0.00484894980752238,0.0712502463508429,0.221952153264961,0.0333081052042298,0.0202361294712615,0.261433671451747,0.0307478575150451,0.0252098820125856,0.307495339721428,0.00109782758206898,0.603527331965075,0.0167425527940192
0,0.000105186731895804,0,0.0496190795585337,0.00414224817312108,0.0214750166298358,0.00527925465728348,0.0047664319769935,0.0175862337072043,0.0218405942712576,0.0009565629857249,0.109159447151543,0.0264099942727072,0.000971617760375869,0.0282635281645601,0.000952723185360005,0.000179460501390695,0,0.000117126328853202,0.0292955768536716,0.000532137342535686,0.000388969851990008,0.000859821204677976,0.0391913711195485,0.00633264544548132,0,0.000110785428665113,0.0542662596190544,0.00268481513408167,0.000139130894837236,0.000121575117145085,0.00241820376068444,7.11559470849035e-05,0.00456211308284111,0.116636964436211,0.0115792533737033,0.000356803768041372,0.0105725921114937,0.0253177208321327,0.0819496685954507,0.00404343206929,0.00170625731192694,0.310432242736109,0.0165431065143342,0.155197145542571,0.0524612870758223,0.436558027707832,0.0575237157202202,0.0316786554541871,0.00225322196375023,0.00016416779114356,6.10765298875451e-05,0.289385915652523,0.0132089921424644,0.709676351932772,0.0354114123580056,0.304697017575626,0.144091261518726,1.0900901939082,0.161624259794337,0,0.00469585628740615,0.341171616690211,0.390555662765674,0,0.00400036624782132,0.117296315186376,0.0317195971595177,1.72378988778465,0.000796277954305527,0.000541102826509416,0.0012607927145922,0.0787300762908946,0.000741807929979909,0.0414299329007323,0.00153154616423228,0.273608372552955,0.324759384054717,0.0043969209786104,0.00255648066888732,0.0278764139455511,0.000261540533582854,0.102728593707269,0.308346330138982
0,0.0187082732276213,0.000440904505787015,0,0,0,0.00015320169079535,0.000125186472475719,0.00104195172209258,0.000118816591015041,0.155830990770062,0.000279036503946304,0.69077258383128,3.15243284000159e-05,9.16812771556376e-05,0.000166633840079856,0.000992345998857592,0.00244967152494049,0.00724874192946962,0.00011820600124712,0.000129340040100288,0.00555343614528619,0,0.0010140168901161,0.110294942240514,0.0690070751212641,0.246571854923494,5.28109378201962e-05,0.0010827806052824,0,0.38147744560568,0.000275770048078608,0,0.00330430426806593,0.000342150273309016,0.00191528515032563,0.0420723167917054,0.00452093123370452,0.00184946517241949,0.000371305370330143,6.18069950317383e-05,0.0188364632407356,0.0186027647903662,0.180038852893069,0.0305877357864703,0.0100947531454602,0.00148128742713382,0.00204072998335083,0.0482122886891196,0,0.00221340018817728,0.000102121392984438,0.000104089786876738,0,0.00123082239509236,0.000873405366889788,0.00155899580431681,0.000889322949163553,0.00254180434742782,0.208715396693016,0.00469585628740615,0,0.000984984629210541,0.000116716806663037,0.000240002984225285,0.00024381698724804,0.00117871645887337,0.000409208860400015,0.00089074899052677,0.000161178621645141,0.000713235357920441,0.000276123353749966,0.000595999866866362,0.4939610452092,0.0414369234155629,0.181280616327896,0.000505196244483125,0.00778250100065689,0.0001061472439152,0.421881181073626,0.0192307654138153,0,0.0599914801906317,0.0011033872875412
0,0.00164580271505331,0.00593121972379242,0.000986809983249984,6.70694237128259e-05,0.000964310539272952,0.000252176837087524,0.000157626876128912,0.00397964340938044,0.000413342412913442,0.000192727030988073,0.00471079716741371,0.00319542732918241,3.18176687312365e-05,0.00132868845318657,0.00240124927576232,0.00210845653119961,0,0.000314230734864449,0.000267367884751582,0.0013328949013135,0.00119929186474346,0.00939944382948068,0.00869695995089973,0.0017563077010707,0.000415785635122597,0.021051456081485,0.0082182431503558,0.000393103281057,2.62134415616512e-05,0.000130977275599194,0.000149094748395395,2.61407602511644e-05,0.000684862782911253,0.00170641687582576,0.00525235252485116,0.00048627956564244,0.00187461514763517,0.00393612616898922,0.00457078951846926,7.42122753941057e-05,0.000169011710734034,0.208318254645568,0.0145873067853173,0.115349841861181,0.0829796855458603,0.061580109576276,0.00673490574604992,0.0033544651170795,0.627540224432378,0.00320641976213651,0.0622322502645961,0.00720920806258476,0.000428564037765598,0.197064367860739,4.63820780927862,2.09966238356531,0.00227917058604494,0.88651400812186,0.0374576479792654,0.341171616690211,0.000984984629210541,0,0.012654372229598,0.00460410666437881,0.0855839894879987,0.0259032003686646,0.0695483600411403,0.0930661190573667,0.0457809775282052,0.00186479171489031,0.0916446342136531,0.0270123477636326,9.42586965026377e-05,0.104576687556698,0.0685570559687072,0.133659173899437,0.565770535100856,0.765376117969815,0.000378118780017257,0.017989704166011,0.00753148757017376,0.13392990341232,0.0149834152760086
4.68655402575731e-05,0.000249506773660183,0.000453458897591686,0.0116953204472153,0.00302515404328881,0.0121893621271597,0.00411620379194559,0.0021932265777381,0.00979198138811711,0.00510297932870243,0.000358279500051069,0.0301907026168029,0.00325723845818836,0.000480822658460498,0.0136297126900383,0.00151907596882152,0.00131105991715336,0.000280186072699141,0.000913464035183428,0.0108413580379819,0.00279790350832808,0.0008541193837198,0.00518591451878872,0.0267691264775248,0.000877617726619577,0.000832485338753131,0.00449735692680666,0.0320054922071428,0.00256775391186573,0.000869067200429429,0.00013292880769608,0.00104893010164479,0.000150207840208125,0.00171021766711728,0.0250170552349031,0.0101098189670857,0.00545492494822347,0.00219882583742316,0.00776861666214409,0.0547270005191237,0.00124148291514845,0.000217318342944145,0.0416144693733589,0.00737911628675616,0.0107454545727852,0.00698862183969486,0.570075845737595,0.0477049851823932,0.00251510223969777,0.00093851829694662,0.00298851787110665,0.00147330013665923,0.0253583561789649,0.34542604986842,0.272735760034124,0.0219647440978536,0.053316901911379,0.0920975636297349,0.0200466325653617,0.00578185912313032,0.390555662765674,0.000116716806663037,0.012654372229598,0,0.0111386067307298,0.00152085455345092,0.00526323146609101,0.00133745533456095,0.0429772988460598,0.0521279030064136,0.0128008321965446,0.0696269862741675,0.18892429149257,0.00206757643847837,0.00195500131895503,0.0156939890497904,0.103642084533291,0.0162746482440133,0.0283666969007986,0.000115056463966692,0.0180091729348356,0.000810399906466195,0.00699938149217591,0.0208979962513561
0.000167561284255886,0.00529514582004508,0.0105815994052935,0,5.58573114089012e-05,0.00019789034699564,0.0024091550738137,0.00107572671996528,0.0728095111242018,0.000247735662971735,5.96108967837811e-05,0.000206947345267939,0.00802672211992995,0.000983406515665736,0.00093922746412432,0.44930711212083,0.00814742791543076,5.76057435059309e-05,0.000917129531157624,0.000418117563951623,0.065094606082842,0.264341530119623,0.6046348801974,0.0898454766818842,0.00875956805403863,0.00142034535312785,0.179482381967081,0.0853529090718411,0.00233405197536911,0.00231649151856329,0.000142958200447798,0.000102441938934732,0.000819453234922886,0.00491898775258917,0.00976610409020969,0.0325857990259866,0.00667374102010398,0.00907602188538008,0.0101470748798731,0.0156276456570259,0.000298313117038107,5.57380364760876e-05,0.435755072091464,0.0763785712018143,0.0989720902305091,0.10529521840818,0.017845099192099,0.00150694569156318,0.00273516557904271,0.000379915022424674,0.0358155859973317,0.00564966388945345,0,0,8.50593101746558e-05,0.00443412418470801,0.00142528952109904,0.00442565608913398,0.000616880001741957,0.00203089592433686,0,0.000240002984225285,0.00460410666437881,0.0111386067307298,0,0.0131558019080667,0.00271585464191662,0.0127343304150913,0.000111325389296078,0.905838586262675,1.67607051935054,0.363029122169033,0.280619423296371,0.00998397799148876,0.00856144620251225,0.920157067566992,0.252836788445085,0.0163962203253636,0.0381551400731288,0.000218319540933287,0,0.00986066351407821,0.0291235421352901,0.0301491560338179
4.91827779732943e-05,0.0280409852959283,0.168185291286439,0,0,0,0.0014982187219025,0.000197056425838566,0.00145107634758339,3.8773213655734e-05,0.000383679864139259,0,0.000840004634905494,0.000587410633799708,0,0.00274825227779939,0.120798102684972,0.00296134791521495,0.0183346010375618,0,0.00404438695610225,0.00406017365947834,0.0255592830327226,0.00391580279531057,0.000263135145496774,0.0421270483466849,0.325377713376857,0.00612165666145441,0.000201000829774404,0.00165761393759429,0.00090144212611849,3.23617435849786e-05,9.4579704636383e-05,0.0130232382094963,0.00880346513219653,0.0669134128907627,0.0170233334933809,0.0226302453404762,0.0319748058825203,0.0008685860141274,0.000490760392728209,4.05444152007579e-05,0.256640030138462,0.147111671199506,0.190861935377688,0.159988666676178,0.00725974686902895,0.00130617182151554,0.000601378507033539,0.0163967817814754,0.0263432491753683,0.548543415764903,3.76536828769684e-05,0.00059428437027812,0.00412248176012882,0.180852013761016,0.0176145658431366,0.000621653647721207,0.00666025612660195,0.0407951262408049,0.00400036624782132,0.00024381698724804,0.0855839894879987,0.00152085455345092,0.0131558019080667,0,0.0291034077630409,0.417599393934219,0.00123222000427273,0.121553669099331,0.00465322740113672,1.18322237590976,0.00550319260691278,7.37432816495419e-05,0.246103883880301,0.783852224137619,0.144125855754543,0.0229606331061701,0.304957305921903,0.000574778691957164,0.000221992498997569,0.00213359642726079,0.523490649797223,0.0180108928537689
0,0.000900304052697659,0.00266580764014303,0.000121726614560079,7.08371432106972e-05,0.000158006427499866,0,0,0.00111672611527133,0,0.000962941231916,0.00121125892211337,0.00577645769178858,0,0.000679965297443821,0.000371195791374099,0.00266628252968931,0.000527518275194442,0.0015244374351207,0,0.000111461571452594,0.000388639258487499,0.000827394825527343,0.000462504582245135,0.00116247328415905,0.0132779207860178,0.02888099164032,0.00014548282422359,0,0,0.00894576581347974,0,0,0.000306717899404693,0.00935118667065135,0.00173522867226218,0.00313052708844448,0.000390695360577893,0.00131255988614227,0.00136355051048784,0.000184991454706907,0.000403779501524448,0.795353634584441,0.165896660924058,0.481781885953573,0.190969187119569,0.0194814075114973,0.00383786030048275,0.00135873117945203,0.00140042939613698,0.000977547230385697,0.00587746532141168,0.00167757124420295,0.000436322099074173,0.0191780827714058,0.0367611114358623,0.0166384783006744,0.000723062347897766,0.0679558766113872,0.327846143213676,0.117296315186376,0.00117871645887337,0.0259032003686646,0.00526323146609101,0.00271585464191662,0.0291034077630409,0,0.108576782537398,0.0273306520728319,0.0330972513619695,0.000421448567491114,0.0634979033388811,0.00467408423327572,0.000206196625032735,0.30476432087404,0.0765023528271982,0.0253374335380253,0.0806569639879332,0.0289035803637213,0.00762175748720377,0.0764437487585484,0.00129687683629335,0.244577228969959,0.0280133010582392
7.58922036080002e-05,0.0068216453024365,0.0269745536036508,0,9.3869289168334e-05,2.7176460037458e-05,0,4.56551983311296e-05,0.000327609174086559,0,0.000183048751499033,0.000537147233388734,0.00261549087926996,0,0.000861306194182704,0.00120726400290887,0.0349708437707066,0.00147212747651009,0.0102983124253087,0,0.00115756668834474,0.000990385774156557,0.00688084808925728,0.000646272655131805,0.000398873819213748,0.0300053249110402,0.143041431196301,0.000963394586478637,0.00039119319733504,0.000302766540990508,0.00475850213355178,0,0.000151736263106453,0.00360802635556644,0.0130003088144255,0.0179759134472992,0.00799329084828531,0.004037113069487,0.00647147642572401,0.000584514691048801,0,0.000407815534317148,0.690951744057618,0.129975479365915,0.200324155397936,0.220770220496137,0.0126278629886521,0.00278108440562958,0.000177733122342431,0.0166248560241289,0.00733701262062582,0.0759065380993688,0.000463141792989815,0.000802953107936028,0.00767295379306104,0.0915714516395362,0.015618634563051,0.00039410898829751,0.0211380844175717,0.0233578778096977,0.0317195971595177,0.000409208860400015,0.0695483600411403,0.00133745533456095,0.0127343304150913,0.417599393934219,0.108576782537398,0,0.00765415441401021,0.154178640002815,0.00122797397428097,0.463768239700158,0.00440960691888621,0.000101028530585861,0.36402140982118,0.258897694281676,0.0620772141558303,0.0455294051056011,0.181691565916347,0.00264286286068375,0.00484992989320847,0.00452775315428263,0.241443542764792,0.0383774026215718
0,0,3.19637582048178e-05,0.142570264535742,0.00398288185969616,0.0192013631217278,0.00971267098828388,0.00313177240817753,0.0441797978551031,0.0287810026580865,0.000169405325122833,0.0860565825553223,0.0112934113961943,0.000657427958374035,0.0273814221467896,0.000459276521181357,0,0,0,0.0666634963934475,6.91639976377129e-05,9.4405544431114e-05,0.000191205021378923,0.102611713074348,0.00182138028488238,0,4.78557623773098e-05,0.127403721927171,0.00251343976779732,2.56652208828449e-05,0,0.00141160186732178,9.5082386419201e-05,0.00340060516757798,0.00110351954113838,0.013203945107073,0.000167679603219509,0.00391053673631673,0.00840320905263829,0.0666821004782634,0.00216754858755605,0.000485307767656195,0.138887368816198,0.00597802280607945,0.0413296017713976,0.0166813962609662,0.097820176230454,0.0207433736328427,0.00914942982923372,0.0012792361551061,4.45151517424822e-05,0.000125898323872698,3.15370575803187,0.0018469941717998,0.0596131167654576,0.0175886518628742,0.062052580769379,0.118486883109353,1.8679847409829,0.0369312120409327,1.72378988778465,0.00089074899052677,0.0930661190573667,0.0429772988460598,0.000111325389296078,0.00123222000427273,0.0273306520728319,0.00765415441401021,0,7.94091530307767e-05,0.000143539485019684,0.000869538202894381,0.194816429919908,0.00012108893570652,0.00960786937371185,0.00049026021542666,0.853135045754372,0.0938295070299301,0.00236370121958034,0.000375964732562828,0.0071370153530867,0.000197790076888347,0.0302663194045021,0.00946762598948051
6.04321592496514e-05,0.00434385344799367,0.0124381148998722,0.000105129591010093,0.000729144389800359,0.000501373941909671,0.00115333096761163,0.000728763463729906,0.0693056759692271,0.000236948315036166,0.00014776010084703,0.000315896781773651,0.0121006602188431,0.000453159509372735,0.00110275372488556,0.173078803111896,0.00700953637563532,0.000239565233291996,0.000994190985818014,0.000261980844301415,0.0767493283712169,0.0913635175019841,0.201039729946299,0.0933159457844347,0.0131783894236681,0.00262002235494654,0.0533685993761839,0.0932138817950296,0.00367190543159509,0.00331051082890588,4.61110712010384e-05,0.000298690233057797,0.000971797772929716,0.0018866688565017,0.0284763999965523,0.0265349318080405,0.00261820230021565,0.00451065154688716,0.00452270377044618,0.0196925896501688,0.000367046081203723,0.000211859993907845,1.32978895076492,0.215776560477111,0.760052796441211,0.49650234424198,0.092599522237661,0.00437250461296649,0.00537970858718122,0.00851520251428777,0.00741516101620618,0.129435422003311,0,0.000178108381727743,0.00104306296319636,0.206983525480345,0.00942727954483335,0.00102247569461767,0.00209858533949808,0.0266221540992412,0.000796277954305527,0.000161178621645141,0.0457809775282052,0.0521279030064136,0.905838586262675,0.121553669099331,0.0330972513619695,0.154178640002815,7.94091530307767e-05,0,0.167917367620161,2.71389970442638,0.0584484573199948,0.00156636367613447,0.0822670970205933,0.212703584817716,2.7513036951013,0.0614663636433622,1.65685021740664,0.000185522313879132,5.22848189910651e-05,0.0229780307815692,0.772770233142577,0.113272452489818
0.000311546416830397,0.00770761845457528,0.0120771976319563,0.000169130318068528,0.000141220572382736,0.00027744556382314,0.00574409114070564,0.00201550610026088,0.353800282382886,0.000500879543876409,0.000921350974569869,0.000557051930089616,0.00497417333960538,0.00181135511893659,0.00275297045583901,0.225094941494748,0.00778771325280636,0.000305150066478968,0.00164133889592353,0.000254982385445916,0.0415777313963833,0.264864789283454,0.185248957917929,0.221055278922584,0.00193234562931933,0.00546533342226212,0.228314956262631,0.0874321282768675,0.00436838316511667,0.00259016178426504,0.00256390742366678,0.000281771160473728,0.000903936233935621,0.00531363369337492,0.00533681953310652,0.0365177314746701,0.00476423049253071,0.010405630312752,0.00955299911431823,0.00569630906893687,0.00138407416958763,0.000238245772617817,0.0498858391683849,0.00536340940333811,0.00720496501308372,0.00599143263427341,0.0392918037060515,0.000519257020541024,0.000124091034490729,0.000354705565778875,0.2848621383188,0.00806187011275151,0,0.00102188458568473,0.00108951128215652,0.00487623939979806,0.00068160562996688,0.686675184970518,0.000250242356399775,5.7980625638938e-05,0.000541102826509416,0.000713235357920441,0.00186479171489031,0.0128008321965446,1.67607051935054,0.00465322740113672,0.000421448567491114,0.00122797397428097,0.000143539485019684,0.167917367620161,0,0.326484066908413,1.32531464951197,0.145203385483756,0.00357158670813324,1.72664939277438,0.229811359504234,0.0110413207029917,0.0111503817093975,0.000626580823537552,2.31707792665601e-05,0.00316164826449036,0.00551772175454521,0.00677614388676076
0.000917669493763731,0.0226649993199301,0.120185335882883,7.34872873213294e-05,0.000316902680603027,0.00073680356952714,0.0126888140317822,0.00312379934663279,0.0243829639026243,0.000506149825725889,0.000967913687884606,0.000584283852141273,0.0121699328256417,0.00348370604845655,0.00207138384254852,0.670476302675018,0.0655540841495857,0.00122648139232671,0.00906108664243052,0.000292601385800153,0.0927022524842631,0.256755250750634,1.28037852749866,0.0702970766686167,0.0152302644098906,0.0200307148566787,0.767091850384203,0.101650952884165,0.00265080468139236,0.00672320127208513,0.00028413395881201,0.000154663936528945,0.000961220629583214,0.0201464264953153,0.103241326336841,0.0966146382348567,0.0299617119413954,0.0454595245251114,0.0517709956638508,0.0295199882904957,0.00119422772856427,3.11974145888329e-05,3.60401316011135,0.703860277542528,1.11782296703007,1.41354318835424,0.106812671040583,0.00722404130520185,0.00669535982881788,0.0102207964547015,0.0213702907659465,1.6370601468394,8.28124744544503e-05,0.000550052181465769,0.0060469132977715,0.453364683879064,0.0217114800512266,0.000256947243832326,0.00631188826720501,0.0517752316581412,0.0012607927145922,0.000276123353749966,0.0916446342136531,0.0696269862741675,0.363029122169033,1.18322237590976,0.0634979033388811,0.463768239700158,0.000869538202894381,2.71389970442638,0.326484066908413,0,0.0879779036141364,0.00141980176020899,0.562623115151949,2.50694175770504,1.47382217222397,0.0322556795222338,0.590792058492302,0.000881610855356991,0,0.0153248780178559,0.814645540080339,0.240428921174784
0.000496746703402019,0.00568836511309873,0.00614909735216621,0.178106978594088,0.0046037265678684,0.0194820258754279,0.0917773939560253,0.0146721245888373,0.470013846275101,0.0710581433405948,0.000745138702427676,0.0645853473781534,0.0375862496259977,0.00962676541625896,0.0421674524260036,0.0418227899545431,0.00180218909079798,0,0.000313680515340972,0.100887284243788,0.0235901075082125,0.0491193128180992,0.0335225250841406,1.23528858112482,0.00547274474919995,0.000686686045274307,0.0318707940841632,0.94296793242867,0.0368574648425747,0.00225319916862538,4.05121413648605e-05,0.00548398224604114,0.00711233533153505,0.0324986409605094,0.0234901572496441,0.263555364427167,0.00550669875822902,0.041681519541403,0.0301103287012452,0.145663540898124,0.0139840938346364,0.000825489947294637,0.379150203004782,0.0145950374197907,0.0973406072327549,0.0480062911979997,0.263511509141059,0.0183075805032098,0.00481510155554774,0.00258656919476763,0.197554948069076,0.00394382136149751,0.57637365551961,0.0120156332536095,0.0194551507570258,0.216776049866863,0.0125600534729483,2.21318938393678,0.0901715570518698,0.00484894980752238,0.0787300762908946,0.000595999866866362,0.0270123477636326,0.18892429149257,0.280619423296371,0.00550319260691278,0.00467408423327572,0.00440960691888621,0.194816429919908,0.0584484573199948,1.32531464951197,0.0879779036141364,0,0.0974288160328065,0.0067726421953173,0.683399001284766,0.998492802391315,0.112931163675108,0.0556426842199609,0.00095652229778001,0.00343239483668268,0.0236951247965444,0.0778276570714318,0.0705803166994533
0,0.00622843661673864,4.57281028327703e-05,5.57756510985374e-05,0,0,0,0,0.00129487873032557,0,0.00852033413122603,0,0.0707070100914461,0,0,0.000109294578911233,0.000161392711340403,0.000747413292856692,0.00222867257025311,0,9.31291991525176e-05,0.000989815745924377,8.38130581741332e-05,0.0049126635858122,0.0829943452998209,0.0173931237888288,0.198242814131907,0.000190751011068821,0.000107477062239039,0,0.0319712242827184,0,0,0.000302828238531017,0,0.000819749526117684,0.00640171049240724,0.000864754398754909,0.000234243319230509,9.00096109647273e-05,0,0.000538501505957508,0.00200747920026945,0.00243475653313165,0.00294151749574006,0.000482693669904506,0.00594120776495121,0.000200957396380806,0.0463046379719547,0,0.306564491740064,0,0,0.000242417811779308,0.000214953816355777,0.000100690315006685,0.000193644261699879,0.0955621907077794,0.000284870799717665,0.0712502463508429,0.000741807929979909,0.4939610452092,9.42586965026377e-05,0.00206757643847837,0.00998397799148876,7.37432816495419e-05,0.000206196625032735,0.000101028530585861,0.00012108893570652,0.00156636367613447,0.145203385483756,0.00141980176020899,0.0974288160328065,0,0.0089160476506054,0.075555718259979,0.00625873928761822,0.00143149738750849,0.000218621382279789,0.0157812743124988,0.00472935602145595,0,0.0100208969824156,0.000146483502750135
0.000305195058260358,0.0372692766954851,0.0913037604623978,6.35090033687353e-05,5.1107369120264e-05,0.000207339893079543,0.000797866565735149,0.000343225782101584,0.00156346458895598,0,0.0597373942159157,0.000566127463103413,0.225645405224901,0.00084607172497591,0.000721793358051539,0.00186231564210351,0.126268427954169,0.0279300197796539,0.100183490454349,4.32038227318525e-05,0.00401440136084679,0.00824083896550796,0.0271655966583694,0.00250431249591379,0.0182455586383014,0.55857379234619,1.39154478383162,0.00390883697766756,0.00178493423008543,0.00186045935930053,0.389706261307175,0.000459720108662081,0.000103584057448339,0.0178058041812269,0.0215994298279189,0.0828547393831027,0.114468381081136,0.0247375436992003,0.0312556393796688,0.00203346232238617,0.000420988854943299,0.0187117414522425,1.59324093880907,1.2401033144515,0.314997278139735,0.296734480151519,0.01647874447635,0.00565422053832701,0.00521198758299022,0.00988081702348749,0.0231263680349891,0.818601814352775,0.000685286826352428,0.00093407544593446,0.015371962901689,0.24098580257103,0.0347839009952431,0.00123028848234912,0.0333487667582462,0.221952153264961,0.0414299329007323,0.0414369234155629,0.104576687556698,0.00195500131895503,0.00856144620251225,0.246103883880301,0.30476432087404,0.36402140982118,0.00960786937371185,0.0822670970205933,0.00357158670813324,0.562623115151949,0.0067726421953173,0.0089160476506054,0,2.12360224333432,0.139056879645556,0.0516980762864208,0.088312504553319,0.0808407079028461,0.0480141230131213,0.00180947991623923,0.0708123609221686,0.0584891585536457
0.00178388200032774,0.404207168055279,0.624610022975039,5.87073044340849e-05,0.000538337932518482,0.000395741143728733,0.0237878822086129,0.00518715434762435,0.0143793876005851,0.000411037008279168,0.0263575740379151,0.000299145523260534,0.193160031277898,0.00895260982405665,0.0012992377661464,0.163815667630814,0.451108878880636,0.0532715571482415,0.232235312700648,7.17749035583852e-05,0.076230533364265,0.341080336001674,0.631377336025296,0.0771599138716922,0.0987032126551151,0.968093754219619,6.51077312207051,0.107036857253831,0.00608153037809197,0.0161444839471304,0.455950885205432,0.000468333150101924,0.000724232061133611,0.0907018112101554,0.076326483735157,0.409077813658638,0.250560342088788,0.166194272733999,0.187049519864233,0.00607147865042371,0.00250144669976982,0.00793200484658673,2.43683580197399,0.543514444432435,0.343447047656129,0.616341634887421,0.0590731554155404,0.00814318996969912,0.00236646318048399,0.0131077976564171,1.61952978509719,1.8455772660574,4.56443567714453e-05,0.00216035323459986,0.00339335888951096,0.131049366021963,0.0160609123521577,0.405043839004401,0.00375385241815775,0.0333081052042298,0.00153154616423228,0.181280616327896,0.0685570559687072,0.0156939890497904,0.920157067566992,0.783852224137619,0.0765023528271982,0.258897694281676,0.00049026021542666,0.212703584817716,1.72664939277438,2.50694175770504,0.683399001284766,0.075555718259979,2.12360224333432,0,0.49646359101282,0.0181377959348383,0.129866134311238,0.140442684968691,0.000365273975043226,0.00133064261419873,0.200165743076583,0.119491023105531
0.000666681127844703,0.00606269235339407,0.0287907461390196,0.275363101322772,0.00804148570320528,0.0379884716008923,0.12105276351517,0.0156215807672647,0.379904855409887,0.0902824531932228,0.000941156268251218,0.101694448903621,0.0662572539755638,0.0151405977469476,0.0641372795029001,0.110690884216779,0.0123671466288958,7.99140924019932e-05,0.00137079435912902,0.133234170592114,0.0670779499467329,0.0727040260390622,0.10464989096166,1.27124161536308,0.024437101214119,0.00153337101263513,0.0953351683472584,1.19090250903342,0.0511440741340788,0.00473040995773716,0,0.00520514446320276,0.00920116930927959,0.048572047466562,0.0409839536640993,0.389837681516483,0.00936381931564476,0.064262280574632,0.0491452604666484,0.276939852777397,0.0136489541357098,0.000505748658390427,1.30821419147983,0.0681350659058988,0.53249570696491,0.246840063124916,0.371736954161998,0.07120486787399,0.0225155020018478,0.0121999579909111,0.0161172621595372,0.328863294123362,0.972439128411154,0.00445853388424444,0.097354486986961,5.63479684582392,0.0482010175536187,0.462412995658308,0.584534432932493,0.0202361294712615,0.273608372552955,0.000505196244483125,0.133659173899437,0.103642084533291,0.252836788445085,0.144125855754543,0.0253374335380253,0.0620772141558303,0.853135045754372,2.7513036951013,0.229811359504234,1.47382217222397,0.998492802391315,0.00625873928761822,0.139056879645556,0.49646359101282,0,0.627847350289659,1.83156101758082,0.000394285706312907,0.00878960580689413,0.143898613862808,0.5459934123818,0.225412744619323
2.33158317900896e-05,0.0014834201647709,0.00128573469935406,0.00292187791260241,0.00034379639497608,0.00158703692861145,0.0083385229035708,0.000624826092709637,0.0214975694382252,0.000766681331852927,0.00261499071381926,0.00434153012881279,0.0168596678211044,0.000573534197833872,0.00326639900135497,0.0131757676998895,0.000955904372331152,0,2.97147972307921e-05,0.00136298269441577,0.00812695762271853,0.00735464815261539,0.0112713543210348,0.0725124739495129,0.00768822850778073,0.000466812406559408,0.00471278402099207,0.0673544661109884,0.00291446913557414,0.000129011032637572,0.00180150387222862,0.000202680163470269,0.000507620843069351,0.00308026611745935,0.00253467088557616,0.0259684692046555,0.000415437553704357,0.0049835750892049,0.00594363494307414,0.0169032464469636,0.000777148520966217,0.000775358085479096,0.219858203259094,0.0259243415799112,0.122197773695344,0.0551527207756888,0.0759309752099395,0.0105791865291807,0.0126016975726914,0.327844266545423,0.000564811308818543,0.00588679597376536,0.0148030095976084,0.000307385276507735,0.0973157204591642,0.800541223119836,0.0771891232061388,0.0101603477101765,0.434499453441608,0.261433671451747,0.324759384054717,0.00778250100065689,0.565770535100856,0.0162746482440133,0.0163962203253636,0.0229606331061701,0.0806569639879332,0.0455294051056011,0.0938295070299301,0.0614663636433622,0.0110413207029917,0.0322556795222338,0.112931163675108,0.00143149738750849,0.0516980762864208,0.0181377959348383,0.627847350289659,0,0.945420237229999,0.00314291284056845,0.0414832177444777,0.198901702157432,0.322204509092122,0.0232922226989492
0,0.00147102715004629,0.00924024473165838,0.000304924272086549,6.33472628623724e-05,0.000267086385402381,0.00209270362251949,0.000155520757493448,0.0239661350977247,0.00012228651820947,9.9006304172301e-05,0.000139458691537321,0.00512738978076833,0.000230543665134037,0.00139712032063458,0.0199147731059873,0.00474124120520006,0.000154486335624647,0.000752029608823802,0.000100918090467489,0.0128550868552326,0.00925621127970114,0.0212539232080111,0.0464706336334698,0.00435205359369918,0.00215713114439324,0.0303864233620934,0.0480722369648601,0.0013883368263328,0.000460444073610807,9.31198330246208e-05,2.26779830742359e-05,0.00070085805940833,0.00186642730904542,0.0101360190744572,0.0179326395859981,0.00107480407538663,0.00282843132575319,0.00387032791963073,0.00678314880433367,0.000675082204843105,7.72740946007251e-05,0.656736782390341,0.0484353796105432,0.425883617891459,0.170770699816101,0.0728886542254761,0.0056610378923746,0.00398857971456728,0.530597058038796,0.00215028164884432,0.0450043127276494,0.000128586015450918,0,0.00483126989802089,0.646812473607781,0.105950966825468,0.00500845960520732,0.0091312164197939,0.0307478575150451,0.0043969209786104,0.0001061472439152,0.765376117969815,0.0283666969007986,0.0381551400731288,0.304957305921903,0.0289035803637213,0.181691565916347,0.00236370121958034,1.65685021740664,0.0111503817093975,0.590792058492302,0.0556426842199609,0.000218621382279789,0.088312504553319,0.129866134311238,1.83156101758082,0.945420237229999,0,0.000238833774650896,0.000621382511947095,0.132256102656765,1.15910697736075,0.0845857547999078
0,0.0120258482742465,0.000706670604905463,0,0,0,0,6.63214449760438e-05,0.000605277905361986,0,0.0621602866578548,4.46598467651367e-05,0.318615207178683,0,0.000141245392029118,0,0.00123956940060317,0.00474985904821243,0.0133657541627473,0,0,0.00279353026530397,0.000468480618225288,3.79546551605702e-05,0.0293890531960495,0.153385305275195,0.277257190698526,0,5.49962754893303e-05,0,0.365885319043185,0,0,0.000883891736616328,0.000131978519016624,0.00279090801811244,0.054981577147002,0.00297980738401394,0.000791150364683744,0,0,0.018613138642124,0.0492071727249488,0.23090320016531,0.0163850832210886,0.0154941876927308,0.000870332259741177,0.000332395360248434,0.00613056298792148,0.000152248617164326,0.00251952793659336,0.00010573279374336,0,0.000213085200760173,0.000490436346824598,0.000549198218533122,0.000489065172957552,0.000972148528691517,0.00100268649835142,0.0252098820125856,0.00255648066888732,0.421881181073626,0.000378118780017257,0.000115056463966692,0.000218319540933287,0.000574778691957164,0.00762175748720377,0.00264286286068375,0.000375964732562828,0.000185522313879132,0.000626580823537552,0.000881610855356991,0.00095652229778001,0.0157812743124988,0.0808407079028461,0.140442684968691,0.000394285706312907,0.00314291284056845,0.000238833774650896,0,0.00549941033258647,0,0.00536807265660242,0.00188595567188323
0,0.000451757059116984,0,0.000211630802269542,0.000192500059410453,0.000428764479223037,0.000705873219942787,0.000890563283635784,0.000551139284347486,0.00033647514640789,0.00554082166765766,0.00131754253384853,0.0243764756409705,0.000294872437760568,0.000350244914778399,0.000201494761673928,0,0,0,0.000152909602704763,0.000166597240680885,0.000205604781346607,0.000405796339748025,0.00328496880163947,0.00477554460121686,0.000126233049374271,0.000498032434559941,0.0017613934117364,0.000392996781348824,0.000112586960505366,0.00191437583203651,0.000477110981668854,0,0.0013340902104269,0.000741691975262405,0.00203665102082598,0.000695054295396783,0.0033965260746937,0.0120831371198912,0.00277233585950725,0.00230293961241109,0.00124515530239642,0.0820331993108901,0.0122257624119689,0.079411618546425,0.0290015734136319,0.100688670858186,0.664270914878398,0.0256856717184239,0.0002777617308815,3.95777328347683e-05,4.08505307566166e-05,0.000507543322658622,0.003151760398632,0.00966547656894784,0.0116096208747001,0.0400959654493904,0.000934067944341516,0.0251710693335985,0.307495339721428,0.0278764139455511,0.0192307654138153,0.017989704166011,0.0180091729348356,0,0.000221992498997569,0.0764437487585484,0.00484992989320847,0.0071370153530867,5.22848189910651e-05,2.31707792665601e-05,0,0.00343239483668268,0.00472935602145595,0.0480141230131213,0.000365273975043226,0.00878960580689413,0.0414832177444777,0.000621382511947095,0.00549941033258647,0,4.74536153709412e-05,0.438950094459062,0.00385000063121874
5.70004293448448e-05,0.000122091166695428,0.000135340765367389,0.000236752096434367,0,0.000114511028239453,0.00108340051179965,0.000221658190251159,0.00560315021498802,3.39973535412312e-05,0,5.04987604207277e-05,0.00132838085429835,0.000260895639532077,0,0.00467666760767873,0.00013506321037867,0,0,5.46074646481991e-05,0.00248396277382811,0.00282807681919491,0.00452996417078533,0.01638824686484,0.000675064365351929,0,0.000511238337144291,0.0137330372690063,0.000825381859571528,0.000202522361398959,0,0.000128276085894013,0.000124627807240963,0.000731751702935997,0.000635404891225934,0.00589390118514733,4.7287462395215e-05,0.000713282409775939,0.000829852741812515,0.00249341166021427,0.000261460548193717,0,0.00935567754528929,0.0102805419673535,0.0181865664688745,0.00655258401504575,0.0027691894844307,0.000684263054454449,0.000299777006090641,0.00244836151927564,0,0.000268018074160624,0.000397858315264177,0,0.00147176348729049,0.0372024903788879,0.00174008414940165,0.00216160986400148,0.0037167284172678,0.00109782758206898,0.000261540533582854,0,0.00753148757017376,0.000810399906466195,0.00986066351407821,0.00213359642726079,0.00129687683629335,0.00452775315428263,0.000197790076888347,0.0229780307815692,0.00316164826449036,0.0153248780178559,0.0236951247965444,0,0.00180947991623923,0.00133064261419873,0.143898613862808,0.198901702157432,0.132256102656765,0,4.74536153709412e-05,0,0.0607565074706185,0.00297407935883417
4.00919178501606e-05,0.00795306735431199,0.0246601983157648,0.00101127892522423,0.000334055185457325,0.000841430749348998,0.00534771527293721,0.000758710863670883,0.0140247555516022,0.000598108128531933,0.0142616273219482,0.00184262473487617,0.0372390191171192,0.0006562020454081,0.00209248378910852,0.0063839459302538,0.0152121176556001,0.000270636380941951,0.00225107382987381,0.00102568802169267,0.00397920028408316,0.00502337455553816,0.0118335660898928,0.0550801846777121,0.0108923405049871,0.00417636209959957,0.0588915960837917,0.0455954443865923,0.00291403796680475,0.000585194987561917,0.00493387704778815,0.000198509605665993,0.000753060372727848,0.00389875052994885,0.00309102698267816,0.0316352449149686,0.00391009298687428,0.00561901605444177,0.00770224350990062,0.0126968062443131,0.000939636938911056,0.00336359322444849,0.0801016920724761,0.0420514205515141,0.0786240514623894,0.0245255029362588,0.0190705068058583,0.00513675123745154,0.0590214843050679,0.0358780157509872,0.00617451360035405,0.0440080449718451,0.00604049228973541,0.00159931993182371,0.0370704287340048,0.252681335717441,0.037865273212509,0.00614827766191414,0.148246543786622,0.603527331965075,0.102728593707269,0.0599914801906317,0.13392990341232,0.00699938149217591,0.0291235421352901,0.523490649797223,0.244577228969959,0.241443542764792,0.0302663194045021,0.772770233142577,0.00551772175454521,0.814645540080339,0.0778276570714318,0.0100208969824156,0.0708123609221686,0.200165743076583,0.5459934123818,0.322204509092122,1.15910697736075,0.00536807265660242,0.438950094459062,0.0607565074706185,0,0.00839376608773072
0.000349353588066458,0.00158545154456542,0.00784912287080196,0.0012733282832845,0.0629521670827785,0.0244177612463417,0.024218160917357,0.00147677693932629,0.0163230456636694,0.0035084697785418,0.00360011249300638,0.0302624356532561,0.0106100137763027,0.00231190805712411,0.0562726213426938,0.0140836835881373,0.0246990199599259,0.00322981691846265,0.0113124015029495,0.000913976408992729,0.0891832867111226,0.00365361679686062,0.216528709106074,0.0433694207654884,0.00256845602778307,0.0108729694069817,0.100462044345941,0.0910653463898238,0.00766613703748173,0.0337216485188089,0.000875591352405809,0.00057297615674429,0.00204912455027804,0.00726867976314391,17.6932519552063,0.221061688875745,0.125105289365819,0.0191940991187279,0.146049054281544,0.0153704406570378,0.00314217111710941,0.00432439889229784,1.02740466143045,0.117862094261915,0.0546416543648631,0.227969387384242,0.0206824526968166,0.016377207816537,0.0130722261020892,0.00325840852694993,0.0018094642355793,0.0151179945250094,0.00277813110867752,0.0370474040442118,0.147183363435431,0.0880369543919801,0.00843212996881,0.008055228905903,0.0435436130786811,0.0167425527940192,0.308346330138982,0.0011033872875412,0.0149834152760086,0.0208979962513561,0.0301491560338179,0.0180108928537689,0.0280133010582392,0.0383774026215718,0.00946762598948051,0.113272452489818,0.00677614388676076,0.240428921174784,0.0705803166994533,0.000146483502750135,0.0584891585536457,0.119491023105531,0.225412744619323,0.0232922226989492,0.0845857547999078,0.00188595567188323,0.00385000063121874,0.00297407935883417,0.00839376608773072,0
