0,0,157.221721470356,1.1092734336853,4.56749051809311,34.9047013521194,4795.06948333979,1100.17142167687,9.57660579681396,29.0961379408836,18.2150461673737,15.8041017949581,6.39395076036453,29159.8028883934,7.51852238178253,0,485.65337061882,5.21460980176926,33.454074203968,6.29298013448715,94.1844466924667,1.33686208724976,649.907564848661,18.5846599936485,0,35.0676881372929,11.7285998463631,459.170288145542,10761.8324981332,9281.22496151924,0.434205144643784,14.0770420432091,175.616043776274,337.116998434067,121.695770591497,163.696725279093,8.27784478664398,216.576915472746,115.432324230671,26.3133882880211,32.8867124915123,16.0748246312141,10.0727459192276,0,2.41733819246292,1.11328911781311,1.89214169979095,2.41468453407288,0,0,0,0,2.28902128338814,0,0,4.9069014787674,1.06201899051666,5.68732106685638,0,0,0,0,0,0,16.0359705090523,0.419462263584137,0,0,1.85429686307907,13.6149509549141,5.19944769144058,12.1222758293152,28.7124211788177,0,0,0,49.9548915624619,2.86884522438049,10.8158729672432,0,0,0,0,9.21290147304535
0,0,53.7054057717323,15.2771597504616,26.8361607789993,0.377075850963593,0.636708319187164,2.91671594977379,2411.6021361649,6.46889975667,64.6300765275955,28.5993544459343,1147.61103844643,0,44.5026633143425,845.577630311251,182.191844552755,2.9998482465744,31.7900357544422,13.5347506403923,104.490270525217,4236.99652075768,72.0799216628075,2878.39994204044,2258.39794674516,277.567090898752,22901.0908100903,134.464929759502,0,0,264.755739450455,0,0,25.125385761261,20.5663256645203,105.603499382734,58.5055631399155,66.5987337827682,44.9252747297287,108.162785023451,5.89338052272797,163.594942063093,163.340144395828,49.8415479958057,80.858259677887,105.331040233374,1.14832520484924,1.28841423988342,6.83556431531906,0,1856.81669509411,247.922869503498,0,0,0,1.42100235819817,0,23.9209628999233,0,61.6893306970596,0,108.383140176535,1.77254021167755,3.26782989501953,197.534085661173,154.397039085627,21.178805410862,96.6007178127766,0,18.9092997312546,201.142278850079,144.780748307705,104.118895113468,152.069585204124,533.893764287233,8427.26316854358,18.8085988759995,0,6.52861481904984,54.9851945638657,0,0,55.5880386531353,27.6970100998878
157.221721470356,53.7054057717323,0,0.566335499286652,2.79571485519409,16.3849814236164,415.486835151911,415.06635850668,38.6039043366909,17.2994814515114,7.23611396551132,6.25250828266144,0,894.157640844584,3.19789743423462,44.2046483159065,17723.1433254182,17.4492411613464,726.591589391232,4.5378298163414,7525.93108832836,101.48207911849,37847.1501128674,9.20463293790817,1.12295687198639,41019.2716863751,44906.0015719831,378.715242922306,184.459644138813,1587.43324586749,0.860026955604553,3.04570776224136,15.2858987748623,911.315664112568,441.969513505697,2066.87717181444,738.247691214085,1822.69593638182,1482.59032997489,10.8390398025513,53.8366967141628,9.55788427591324,195.048830389977,32.5466922223568,91.3221538066864,86.0609754920006,4.13728904724121,3.95118317008018,3.1054493188858,0,26.9442769289017,1484.24025678635,0,0,0,8.58433559536934,0.804914176464081,10.0713326931,0,0,3.38366138935089,0,0.491054236888885,0,39.5972059369087,217.565440952778,0.823065876960754,32.4300396442413,0,13.6993750035763,43.1389291584492,189.026372224092,50.2397501170635,0,109.436169862747,4482.51858577132,96.3633122444153,3.20643484592438,23.8630121350288,0.517350435256958,0.460039615631104,0.679922461509705,32.1076660752296,284.428446471691
1.1092734336853,15.2771597504616,0.566335499286652,0,59.3126329779625,223.656081795692,141.3832423985,875.025442317128,1934.03926715255,9179.97496291995,18.1868989765644,200.982234239578,5.93966886401176,286.383991092443,175.985233545303,0.546055555343628,2.90976274013519,5.70800483226776,11.1837163865566,64084.2583223879,0,14.0444720983505,7.04751896858215,4458.41225761175,5.69323831796646,8.20845839381218,36.7782726287842,11502.3877184093,136.190023630857,14.6770245730877,7.65607011318207,39.9216578304768,0,326.432064533234,361.205801665783,1478.97088140249,12.1371046602726,221.239388778806,56.2385715246201,450.897738516331,217.33314037323,109.989995479584,245.247111856937,0.888620674610138,34.1164047718048,8.84642732143402,1398.46539407969,61.9287542700768,13.2745199203491,2.4806215763092,0,0,1186.57216086984,67.6541003882885,26.8250923752785,434.440378278494,102.28187045455,840.925191253424,539.924828350544,2.47356432676315,307.371587842703,0,34.0221220850945,283.411949545145,1.3622652888298,0,2.1300733089447,0,774.989885807037,5.28296738862991,1.35123431682587,6.96868973970413,2744.20584473014,0,0,0,1456.07832556963,18.6459296941757,16.4058782458305,0,1.26782354712486,0.877235352993011,42.1795783340931,38.9571782052517
4.56749051809311,26.8361607789993,2.79571485519409,59.3126329779625,0,4571.01826034486,86.4719761610031,1248.54857353866,1609.57148751616,365.938641026616,11.4469299912453,1630.92313343287,1.83365142345428,68.9157361090183,2523.82692506909,2.29333597421646,12.4730968475342,3.51095247268677,6.59066751599312,244.677753210068,10.1387630701065,50.3580421507359,14.9074614346027,747.964742571115,5.60198736190796,7.46153622865677,55.1827390789986,351.473777443171,8.86114272475243,27.7121198177338,1.8519691824913,927.64861035347,0,5379.90716588497,1953.92354166508,885.217405170202,16.5409833788872,67.6131639480591,69.6747922599316,23020.2041362524,4375.37738910317,105.188422501087,8.31635290384293,0,0,18.771132171154,315.081322401762,10.7827942371368,0,0,0,0,36.9605283737183,10.6458171606064,5.05112540721893,15.992790043354,5.02274584770203,93.157076716423,28.6560544669628,0.93425852060318,82.669694006443,0,4.16744101047516,66.0779227614403,2.0903097987175,2.71247935295105,0,4.28372371196747,14.1791251599789,2.12861132621765,0,4.73295480012894,225.288508445024,0,3.56153827905655,11.0581212043762,65.1155124306679,0.62747985124588,2.70012724399567,0,2.01739829778671,0,2.27218043804169,245.456541091204
34.9047013521194,0.377075850963593,16.3849814236164,223.656081795692,4571.01826034486,0,541.745883673429,20584.7070275843,186.091072648764,18086.4764710218,134.612491041422,11525.8371977359,44.870052754879,1025.4890255034,4521.01634696126,0.573776483535767,46.034431040287,69.805153042078,112.469075202942,720.307101920247,4.94790604710579,0.476508229970932,45.7272116541862,190.020653367043,0,63.7398184835911,22.7589494884014,1386.47764654458,56.9399310052395,167.983664005995,25.9417117834091,102.713748544455,1.96110415458679,356.683438837528,1088.84598344564,1161.25620532036,28.7791412472725,245.865922302008,130.042442500591,5468.88687872887,1257.62716943026,242.122384309769,3.032774746418,0,1.28145980834961,2.40521705150604,67.8446356654167,4.17248851060867,7.26635181903839,0,0,0.471453160047531,19.9938535094261,4.54314023256302,0,8.57799705862999,1.09636533260345,39.344696521759,12.428972452879,0.440407603979111,77.0990428328514,0.978791952133179,0,9.08253973722458,0.977503389120102,0,0,0,8.11267456412315,2.0070384144783,0,0,106.60539740324,0,0,1.21795982122421,47.1206058263779,0,3.18593335151672,0,0.668724894523621,0,0.816353380680084,66.3063215911388
4795.06948333979,0.636708319187164,415.486835151911,141.3832423985,86.4719761610031,541.745883673429,0,20349.6465034634,1044.80473569036,10636.5723341405,168.155105441809,376.067215159535,53.2239443957806,22063.1681327522,199.698321700096,168.755584925413,381.524059653282,84.624446451664,143.209091454744,203.736099809408,237.955976486206,15.2764600217342,1161.70858108997,2157.47135809064,0,169.197345852852,228.411291867495,48944.3264481127,1888.83993244171,22207.242782712,21.8528156876564,128.450759768486,77.8262568116188,1773.01726719737,1440.43151128292,3022.53667235374,84.9262530207634,1085.63680565357,516.714591771364,482.224106371403,639.611160486937,211.392633318901,484.980761706829,4.75030606985092,61.2799814939499,25.0617462396622,389.224520146847,108.956980973482,11.094546020031,2.12091094255447,0.589151978492737,0.665493845939636,351.396865099669,12.3040132820606,17.4091725051403,523.732847183943,143.94790661335,335.711791068316,345.038092553616,2.15229254961014,122.900511115789,2.37033051252365,73.5231387317181,55.8191020190716,157.208275049925,2.40463390946388,0,1.45108962059021,153.630847811699,76.4886517226696,24.8116580545902,116.605918258429,1836.02969259024,0,0.322181046009064,110.308315783739,1872.30369135737,44.5134590566158,101.925985962152,0,4.71066772937775,5.46479713916779,96.173298150301,215.269836515188
1100.17142167687,2.91671594977379,415.06635850668,875.025442317128,1248.54857353866,20584.7070275843,20349.6465034634,0,779.142717033625,37350.2598073483,432.991766124964,7935.48825772107,119.747940599918,25101.9871352911,1930.59326581657,37.7721264362335,885.546887159348,225.800701677799,390.727765679359,2303.51874095201,244.584385126829,10.2710855901241,1307.46279472113,1299.55572253466,0,269.604255795479,130.632412165403,11911.8070782721,2252.5464322269,5456.4809269011,60.95843526721,696.58871987462,43.1180791854858,2129.21919852495,1013.12723457813,5974.9814312458,125.623379856348,1094.70333357155,652.519489973783,4735.00851503015,1414.20758464932,1017.32191154361,274.798095792532,4.85515892505646,50.3644105792046,21.0427715778351,343.120663583279,61.7615025937557,19.0726392865181,2.49229896068573,0.616088449954987,1.58237707614899,159.326892405748,10.2510675191879,8.46333023905754,410.302656888962,44.4670895338058,269.065081357956,106.145914405584,2.36450034379959,185.569834396243,9.22407406568527,22.3602088093758,45.6928125917912,80.4760708212852,0.565607249736786,0,0,81.9731766283512,68.7805025279522,12.7438237667084,48.3670838177204,1229.76471680403,1.09657526016235,0,35.5026418268681,1323.79425153136,16.0565438866615,80.9119285643101,0.875884234905243,4.29407405853271,4.1642239689827,60.1234616041183,89.4373067617416
9.57660579681396,2411.6021361649,38.6039043366909,1934.03926715255,1609.57148751616,186.091072648764,1044.80473569036,779.142717033625,0,1258.65012648702,63.8162737190723,5580.28191563487,362.811841398478,325.484931528568,2643.52820855379,960.735232681036,59.0847933292389,16.3210356533527,24.0205964148045,2156.85220327973,609.149745285511,8233.05170416832,270.790552616119,42666.3760955334,1289.82849353552,70.4319332838058,6869.84814634919,9634.90272495151,255.87196752429,173.831520140171,168.146151214838,47.4544442594051,24.724388718605,264.243354976177,285.034730106592,1518.64027255774,55.54345241189,218.864922851324,107.596554487944,6797.05166727304,403.491598457098,93.2497018277645,700.854955673218,53.1284904181957,119.881215006113,48.1022645831108,980.233725845814,103.806372404099,16.612729370594,10.8490667939186,74.647931188345,37.3419006466866,964.584699213505,86.6929433643818,56.1799502968788,765.355914264917,252.314155519009,4431.67806217074,632.203674077988,26.3721654415131,326.017802894115,27.6273457705975,160.115643203259,350.315515577793,3957.16571998596,43.2494325935841,4.26402419805527,9.59376925230026,289.473459482193,902.378868669271,2535.20060738921,1064.28944483399,8295.35506230593,15.2878560423851,55.9106257855892,2670.26499840617,3624.34877806902,104.461317628622,473.561066746712,20.740311563015,6.24785149097443,19.5388979613781,114.147011816502,164.356743514538
29.0961379408836,6.46889975667,17.2994814515114,9179.97496291995,365.938641026616,18086.4764710218,10636.5723341405,37350.2598073483,1258.65012648702,0,610.327255189419,13119.2329427302,192.362026035786,6612.84729531407,981.411370545626,9.72252747416496,87.3539618253708,285.369525045156,444.508156195283,27599.7185678482,26.1941585540771,11.0330422222614,49.7747382819653,2733.76578131318,1.71492457389832,255.47104023397,94.6787930130959,38038.7203859985,1243.63439142704,206.023606985807,87.6318282783031,324.756928429008,4.74081516265869,3072.71623073518,2154.55402469635,7487.41707724333,139.687293678522,1859.22978183627,533.781314477324,2079.5326308161,1757.53710317612,752.584082484245,294.08197581768,4.0337660908699,42.4735575020313,17.6892632842064,928.709583908319,83.9311557710171,22.5408591032028,3.51690357923508,0,0,1448.10691359639,45.9483991265297,42.009532392025,411.640626460314,135.786240577698,546.015794694424,1381.66395655274,4.51880896091461,660.763095915318,1.91291528940201,56.5755105614662,181.293264865875,7.5573590695858,0.517774641513824,3.14460322260857,1.98836594820023,599.404887527227,7.77804091572762,2.73057895898819,6.72453001141548,2047.3778886795,0.396675109863281,0.859650075435638,3.23544564843178,1364.57086369395,13.2464869916439,17.2389068603516,1.40727838873863,3.38357743620872,3.78300803899765,52.7259106934071,178.501263707876
18.2150461673737,64.6300765275955,7.23611396551132,18.1868989765644,11.4469299912453,134.612491041422,168.155105441809,432.991766124964,63.8162737190723,610.327255189419,0,695.643911778927,10697.1785510182,435.506871700287,29.1927849650383,6.5989536345005,114.4972191751,19439.4638368189,4240.75991296768,239.429735660553,10.4241504669189,34.2748784422874,32.9217781424522,34.4802678525448,313.875087618828,6940.84773248434,216.546442359686,218.803671389818,138.444672435522,117.799145251513,2331.97455558181,121.100295007229,0.944173097610474,7840.83542403579,43.5835069417953,237.950598180294,911.874797672033,3696.7071198523,473.581134289503,40.4067550301552,16.298309892416,470.563236445189,10.4113029837608,5.74488469958305,3.89399370551109,4.94789707660675,10.1662347912788,0,103.802192032337,0,77.3284824490547,0.424270063638687,0,0,0,5.18389618396759,0,42.8768493533134,0,1953.40647828579,14.2155845463276,4272.8916105926,1.00154393911362,0.814610958099365,2.15098333358765,1.27463352680206,25.2452253103256,5.8083353638649,1.59203138947487,0,31.0261317491531,0,41.0994284152985,524.312009304762,190.633345842361,310.883130550385,6.6393069922924,3.43945246934891,0,623.614820599556,3.70027053356171,0,16.2864334285259,33.9370009899139
15.8041017949581,28.5993544459343,6.25250828266144,200.982234239578,1630.92313343287,11525.8371977359,376.067215159535,7935.48825772107,5580.28191563487,13119.2329427302,695.643911778927,0,228.87793186307,2151.25282196701,10480.1722876728,14.941624879837,108.977023482323,346.52245259285,485.694182932377,24536.4160520136,88.6944510936737,47.3552140295506,61.6896950006485,1603.88615614176,4.82854229211807,310.358623117208,140.488549619913,1207.6082444489,304.528529018164,180.518255382776,127.351401895285,230.872544333339,1.55138558149338,1787.3899718523,4044.73345395923,4917.63021269441,166.652957737446,1294.23325669765,546.442949324846,6668.15121562779,1159.93696981668,989.271451532841,119.291363835335,6.04285100102425,43.6074096560478,23.3710230588913,1173.38107338548,78.6351038515568,20.3376010358334,1.05855602025986,1.00838315486908,0.799837172031403,272.844636470079,77.0530721545219,166.180175676942,72.6253840625286,205.083718329668,677.162577718496,362.281413674355,31.9861231148243,3523.05790692568,6.11937719583511,90.7349474877119,311.98565274477,5.95660096406937,2.66295674443245,14.6304898262024,6.52656576037407,788.081010639668,10.5112951397896,0,4.08467811346054,1426.44897983968,0,14.2276378273964,9.73389273881912,328.226215273142,32.1195468902588,14.2589738070965,5.03436622023582,8.10690969228745,1.24896347522736,47.9773934483528,531.517746001482
6.39395076036453,1147.61103844643,0,5.93966886401176,1.83365142345428,44.870052754879,53.2239443957806,119.747940599918,362.811841398478,192.362026035786,10697.1785510182,228.87793186307,0,110.619635105133,9.38937482237816,22.3940008878708,6.62401774525642,110.975583702326,9.77917316555977,82.1447960734367,8.52689862251282,669.251312971115,4.32317733764648,255.757796317339,5804.52640330791,182.281784415245,1688.99961999059,87.7529895603657,41.2250383198261,30.4091320633888,1993.53309229016,28.5736565589905,0,926.123167186975,2.98141586780548,35.1020393371582,406.483317285776,1591.65024158359,6.92588400840759,24.1019299030304,6.27732434868813,1746.72773933411,19.4201882481575,15.3647997975349,10.4072521328926,10.3445783555508,7.54457369446754,2.04252642393112,768.374476373196,0,326.605504304171,0,0,0,0.338661342859268,1.06086361408234,1.87604880332947,105.413418710232,1.30758148431778,6663.006046772,5.56516951322556,13575.9141474664,4.61892387270927,1.8021514415741,15.4998720884323,3.36960634589195,67.4306146800518,36.5931165516376,0.576197862625122,1.90814191102982,108.523244261742,2.6540834903717,81.1588694453239,2797.70498475432,668.543593257666,1296.03143244982,6.40919831395149,10.032791852951,1.32783734798431,1741.02549538016,9.4784904718399,0,78.2935158014297,3.38035762310028
29159.8028883934,0,894.157640844584,286.383991092443,68.9157361090183,1025.4890255034,22063.1681327522,25101.9871352911,325.484931528568,6612.84729531407,435.506871700287,2151.25282196701,110.619635105133,0,123.662050694227,32.5418929457664,3243.72071418166,258.15012294054,465.090905696154,957.096625000238,956.256619304419,13.0580832362175,4233.29207897186,579.813951104879,1.41943651437759,379.74094504118,158.485015153885,6611.55343464017,37694.8006531298,27491.7492360473,65.1047011613846,1188.82156527042,293.115778714418,3356.41807484627,737.658928841352,1781.17703220248,105.195765018463,1527.09168192744,771.477056771517,345.80771034956,365.30292391777,375.693128615618,175.261193215847,1.52435266971588,23.0260897278786,8.73430916666985,84.7028723359108,26.8246048688889,15.299225538969,1.14621472358704,0,0.83925861120224,35.9449944198132,1.26933610439301,2.20864045619965,193.889183074236,17.3696514368057,150.739706069231,31.395698338747,2.60462599992752,61.7172238826752,5.79257297515869,10.5350151658058,18.0272871851921,115.271472066641,2.46530070900917,0,0,22.4260097742081,89.8192481398582,18.3169085979462,67.2938298583031,586.695899486542,1.88902276754379,1.48628482222557,35.6784463822842,841.377094238997,11.5902671515942,87.1069110035896,1.18649232387543,0,2.255939245224,42.7806249856949,73.0660335421562
7.51852238178253,44.5026633143425,3.19789743423462,175.985233545303,2523.82692506909,4521.01634696126,199.698321700096,1930.59326581657,2643.52820855379,981.411370545626,29.1927849650383,10480.1722876728,9.38937482237816,123.662050694227,0,42.1283016204834,28.7043835222721,8.42739108204842,22.750562608242,624.988580346107,293.001564234495,73.5235092043877,144.94105386734,1277.80368128419,15.5751394629478,24.0904827713966,144.362310796976,943.01435098052,50.1792821288109,226.97316840291,6.49740102887154,39.4113808870316,5.68592602014542,108.650961130857,5650.3740490973,280.015463829041,24.7966797947884,64.9228956997395,63.8459554612637,7838.87877261639,483.627369105816,72.6284131109715,48.840695142746,15.6965275406837,8.1987199485302,52.0584475398064,533.926079303026,18.0833798646927,3.37148630619049,0.621374845504761,0.680082023143768,2.17029285430908,100.17105665803,27.4606158435345,10.4000253677368,38.2694876194,14.2373496592045,160.278164237738,59.2969177961349,0.577263057231903,167.429682582617,0,12.1403192579746,104.114282935858,9.25944823026657,3.94829240441322,4.20595890283585,5.36730974912643,30.7116705179214,11.9472815394402,0.955919325351715,26.2332845926285,447.613535165787,1.28467786312103,8.6634846329689,33.7264313697815,174.396985769272,5.61357355117798,19.5430461168289,0,0.593082427978516,2.74137985706329,2.8630650639534,801.620607286692
0,845.577630311251,44.2046483159065,0.546055555343628,2.29333597421646,0.573776483535767,168.755584925413,37.7721264362335,960.735232681036,9.72252747416496,6.5989536345005,14.941624879837,22.3940008878708,32.5418929457664,42.1283016204834,0,429.484124571085,8.00559431314468,89.5139837563038,2.62648767232895,15604.3883665502,10484.4202418625,16179.6420007348,6143.28246942163,108.344235897064,46.9114927053452,7737.2054207623,3194.89749017358,22.5230290591717,61.1234248578548,11.7631765305996,0,4.97350892424583,686.186738103628,4214.27354213595,10096.0090135038,1534.50400322676,2751.84961980581,3629.37321823835,59.9857396781445,168.306286126375,130.298445343971,701.539075791836,149.738255053759,129.219196647406,104.671917557716,24.7594487965107,57.7986714541912,38.1486496925354,11.3581757247448,19.3704961240292,19.2225408554077,1.14149940013885,4.56394547224045,1.04973375797272,124.237539380789,62.6609414815903,241.488258242607,0.45217227935791,1.57510301470757,19.692084312439,1.69118273258209,112.403300344944,13.4745940864086,14561.3066569269,31.9797549843788,2.57710742950439,2.69281673431396,0,3586.88287517428,2641.97986114025,6729.40960878134,2433.39378792048,0.41406524181366,3.11798188090324,3330.68182659149,1538.52499780059,56.5235104858875,1546.31734991074,0.646939992904663,2.7188366651535,10.440064817667,91.5611886680126,1193.65900841355
485.65337061882,182.191844552755,17723.1433254182,2.90976274013519,12.4730968475342,46.034431040287,381.524059653282,885.546887159348,59.0847933292389,87.3539618253708,114.4972191751,108.977023482323,6.62401774525642,3243.72071418166,28.7043835222721,429.484124571085,0,274.986770033836,14423.2960726619,33.1293073892593,5975.24961823225,406.960233658552,9143.31476092339,30.060878098011,0.940682351589203,7866.39584770799,31992.0158334374,380.456708282232,2590.16552424431,5659.9712407887,4.95793449878693,36.7071961164474,515.399259805679,24211.4866501689,1491.30270710588,4008.36732143164,1115.78059375286,9320.78389415145,5272.69455048442,39.7785382866859,178.072716653347,34.3769904971123,335.315295696259,74.685827255249,193.710442602634,233.883804947138,8.86911714076996,6.70543330907822,0.529758632183075,0,69.0253466963768,1193.98059678078,0,4.15582263469696,0,2.36719810962677,0,13.1211284995079,0,4.21205991506577,6.38427913188934,3.57342982292175,1.11652991175652,3.88354760408401,61.9785330295563,370.963681131601,12.3583200573921,102.146163702011,0,18.1144690215588,51.6699641346931,265.823813825846,33.9945262670517,6.33738619089127,370.531286656857,5499.53881725669,58.8007464706898,0.442311763763428,13.8520528078079,6.79437774419785,0,0.787697494029999,81.0232630074024,964.086565941572
5.21460980176926,2.9998482465744,17.4492411613464,5.70800483226776,3.51095247268677,69.805153042078,84.624446451664,225.800701677799,16.3210356533527,285.369525045156,19439.4638368189,346.52245259285,110.975583702326,258.15012294054,8.42739108204842,8.00559431314468,274.986770033836,0,4580.20178559422,114.027628749609,14.0924225151539,0,69.3373924791813,19.7299324274063,15.6776802539825,6933.01521661878,774.958490908146,98.1917858123779,48.4910080432892,64.2152828574181,648.006739139557,62.6293399035931,0,4695.25728869438,158.152232646942,740.265016138554,2165.70314377546,3913.33715569973,1617.45136398077,10.269652068615,19.8434655070305,29.7072737514973,20.7041107416153,14.9661954641342,8.44479271769524,22.1103013455868,2.53013151884079,0,0.66866135597229,0,7.55917805433273,6.74174931645393,0,0,0,0,0,4.05844339728355,0,95.0192012190819,2.51485827565193,204.85902556777,0,0,0,3.19724977016449,52.455241471529,16.1251405477524,0,0,0,1.31962966918945,3.50429040193558,32.2555668354034,477.033762276173,513.977386593819,0,0,0,250.122789025307,0,0,3.08551904559135,185.19382083416
33.454074203968,31.7900357544422,726.591589391232,11.1837163865566,6.59066751599312,112.469075202942,143.209091454744,390.727765679359,24.0205964148045,444.508156195283,4240.75991296768,485.694182932377,9.77917316555977,465.090905696154,22.750562608242,89.5139837563038,14423.2960726619,4580.20178559422,0,149.169296443462,305.73131352663,19.8665415346622,794.661973416805,26.4865724742413,22.4000822901726,10763.7170855403,9658.78371065855,189.664243578911,160.500727802515,215.767852246761,112.36236590147,129.872859656811,20.9703983962536,21947.2218953669,1022.2294011116,4397.21366018057,5040.39748817682,6772.736695081,6664.91537863016,27.0615454912186,95.78064930439,45.5253309011459,197.425112426281,68.3735956549644,82.1622559726238,181.115386247635,4.45319184660912,5.27669894695282,3.00582325458527,0,44.1985546946526,233.038470685482,0.608262836933136,5.48279750347137,0,0,0,9.70279163122177,0,14.7378787398338,3.92736002802849,48.4502356648445,0,1.3444207906723,3.84353178739548,138.88679382205,41.5344017148018,116.299697190523,0,0.616410672664642,3.69330585002899,32.131500095129,1.87468090653419,39.9712275266647,993.974952876568,2825.30114758015,2.12410688400269,1.51218199729919,0.732421576976776,60.8906674087048,0,0,49.0789807140827,937.398329555988
6.29298013448715,13.5347506403923,4.5378298163414,64084.2583223879,244.677753210068,720.307101920247,203.736099809408,2303.51874095201,2156.85220327973,27599.7185678482,239.429735660553,24536.4160520136,82.1447960734367,957.096625000238,624.988580346107,2.62648767232895,33.1293073892593,114.027628749609,149.169296443462,0,13.0321975648403,23.5099985599518,14.6941015422344,2384.38366237283,3.75702077150345,93.2182434201241,72.1912381649017,3853.75501018763,341.99725985527,70.412921667099,32.7931539714336,155.470365136862,0,731.106239318848,646.024845331907,3441.80497160554,66.2536300420761,499.944748818874,173.361426442862,1252.51723581553,581.421221643686,426.510479211807,288.007089406252,2.49165070056915,42.9188335239887,20.3107667267323,1677.79412841797,115.071839988232,17.2792617678642,3.48333203792572,0,0,1210.85653623939,90.0533183515072,56.5905347168446,460.794866979122,156.649009853601,822.074678778648,894.669560134411,4.15682888031006,833.088490128517,0,66.1822302341461,339.627590894699,6.47856199741364,2.7539971768856,0,1.42681860923767,523.591349631548,12.2160941362381,1.53673896193504,7.42678648233414,2887.79058232903,1.21911251544952,0,2.30893325805664,1623.88032728434,21.8766587972641,38.4011242687702,0,1.93000507354736,1.5958337187767,46.6215818226337,88.398030012846
94.1844466924667,104.490270525217,7525.93108832836,0,10.1387630701065,4.94790604710579,237.955976486206,244.584385126829,609.149745285511,26.1941585540771,10.4241504669189,88.6944510936737,8.52689862251282,956.256619304419,293.001564234495,15604.3883665502,5975.24961823225,14.0924225151539,305.73131352663,13.0321975648403,0,1376.44684389234,68236.6925899088,942.409482032061,19.0912020206451,1058.80412721634,2686.50604090095,16191.6730979383,1306.74942037463,15810.1800759435,4.45944884419441,12.7505087256432,369.932155877352,15057.5156302452,11244.6057187617,18486.9514863789,1328.96723857522,11893.6555534303,9388.61572372913,320.366000413895,738.163685500622,468.150328367949,983.545626044273,81.0771186053753,227.19757565856,134.847294837236,75.3613025844097,183.513874441385,98.5319215357304,39.2771199047565,8.11132144927979,13.1144624650478,2.53246808052063,9.00644958019257,5.73377418518066,271.757249355316,109.146865069866,575.265218257904,3.33440542221069,4.89786547422409,36.6360959708691,1.25816869735718,237.807951956987,45.0075818896294,5559.82105582952,33.7002296149731,1.26072072982788,4.73120385408401,3.40691089630127,3776.83119639754,910.832474648952,2363.23735436797,4325.81652194262,1.10999947786331,7.98578146100044,1046.45455935597,3856.59968289733,160.014271229506,2599.85817122459,0.660635530948639,8.83467763662338,43.1522119641304,182.470459997654,1738.04381465912
1.33686208724976,4236.99652075768,101.48207911849,14.0444720983505,50.3580421507359,0.476508229970932,15.2764600217342,10.2710855901241,8233.05170416832,11.0330422222614,34.2748784422874,47.3552140295506,669.251312971115,13.0580832362175,73.5235092043877,10484.4202418625,406.960233658552,0,19.8665415346622,23.5099985599518,1376.44684389234,0,1181.01066657901,15446.8252297938,1767.73024386168,72.413678586483,13838.644988656,930.330472737551,3.00703516602516,42.7439150214195,247.886932134628,0.361531138420105,0,84.2146729230881,176.303487539291,795.355856597424,162.343800008297,361.561252474785,259.013451904058,257.58464807272,14.9941227436066,73.2548823654652,203.060553342104,52.476397395134,50.5433057844639,32.259145617485,7.3685714006424,3.71080982685089,12.6521894335747,1.92773526906967,46.7904406189919,288.039702415466,0.896333336830139,3.46782207489014,0.419042229652405,30.6831035017967,15.4588332772255,135.491308361292,1.35764539241791,31.4194785356522,3.90073877573013,37.0718945264816,23.172392219305,1.89625471830368,4021.67034000158,32.784946501255,7.97143316268921,8.97068139910698,2.56746524572372,761.327154695988,2177.97611901164,1739.6252489388,1192.22622650862,21.7888686060905,70.0415660142899,5487.0776720643,341.360048115253,3.6140116751194,251.70730483532,21.2029331326485,0.704539954662323,3.05697286128998,19.7170624136925,117.839085549116
649.907564848661,72.0799216628075,37847.1501128674,7.04751896858215,14.9074614346027,45.7272116541862,1161.70858108997,1307.46279472113,270.790552616119,49.7747382819653,32.9217781424522,61.6896950006485,4.32317733764648,4233.29207897186,144.94105386734,16179.6420007348,9143.31476092339,69.3373924791813,794.661973416805,14.6941015422344,68236.6925899088,1181.01066657901,0,462.774801313877,9.64305466413498,1934.86029997468,41191.7339646816,3968.9777598083,2410.96475845575,12570.9348984659,4.3568774163723,34.1467300355434,373.821154117584,23274.207423687,12382.0511190593,23421.1982017159,4749.62318524718,27335.3925696909,21420.091293335,242.799705803394,756.514487415552,155.307846844196,566.113512456417,179.415538012981,97.5293591618538,239.644445598125,30.135315746069,53.0935338139534,25.4806490242481,2.75608330965042,5.92432087659836,94.1185812354088,1.57720768451691,19.1794983744621,1.40772926807404,71.9257516562939,31.1788054406643,72.8312522768974,0,2.64481961727142,16.617004275322,1.26697814464569,68.1231303215027,13.7751974463463,7916.62432938814,39.4645605683327,3.45204901695251,4.96540954709053,0.494606196880341,1604.23346468806,1059.59513956308,5091.71701547503,837.535352855921,2.42030143737793,27.5347315967083,6126.41551551223,645.837424993515,28.315428763628,740.044113010168,1.93120396137238,1.84138303995132,4.76762199401855,49.3646545410156,4212.10433155298
18.5846599936485,2878.39994204044,9.20463293790817,4458.41225761175,747.964742571115,190.020653367043,2157.47135809064,1299.55572253466,42666.3760955334,2733.76578131318,34.4802678525448,1603.88615614176,255.757796317339,579.813951104879,1277.80368128419,6143.28246942163,30.060878098011,19.7299324274063,26.4865724742413,2384.38366237283,942.409482032061,15446.8252297938,462.774801313877,0,1004.37713670731,49.0415374934673,4690.8239107728,28972.6746756732,517.77278149128,200.605922758579,128.838505983353,35.9946438670158,93.1070360839367,608.475844711065,1034.05953764915,3319.80859401822,199.265848785639,394.847343802452,278.804915964603,3199.78994256258,424.827523589134,253.223852813244,2664.98029342294,55.5238860845566,536.420981734991,153.018467575312,2695.8331412971,618.530737429857,58.9440433382988,38.5176787078381,49.1490605175495,6.94840979576111,1886.47776284814,156.871522665024,108.686152905226,2805.75344792008,788.64599069953,6793.79027098417,1582.74341613054,25.4193043708801,868.008811801672,14.9125284552574,575.102799057961,719.488994091749,2452.87667730451,30.6181029677391,0,2.67040729522705,722.093209594488,1988.50564935803,1019.98343142867,951.002672791481,19484.5480603278,12.8625066280365,7.9800491631031,380.413687229156,14708.2742246687,428.256145298481,1560.18460354209,1.89739257097244,18.4744287729263,65.4333617389202,557.498203068972,554.213037669659
0,2258.39794674516,1.12295687198639,5.69323831796646,5.60198736190796,0,0,0,1289.82849353552,1.71492457389832,313.875087618828,4.82854229211807,5804.52640330791,1.41943651437759,15.5751394629478,108.344235897064,0.940682351589203,15.6776802539825,22.4000822901726,3.75702077150345,19.0912020206451,1767.73024386168,9.64305466413498,1004.37713670731,0,292.644422262907,8455.81526458263,42.1547187268734,0,0,644.011140972376,0,0,17.7366597354412,1.93287044763565,11.6962015032768,33.2352863252163,33.0274480581284,2.28726178407669,50.7001028060913,2.52646273374557,431.931897103786,107.270074933767,102.649653941393,49.833767414093,70.3509332239628,0.521730005741119,2.8274741768837,77.2277760505676,0,754.82293599844,18.8567145466805,0,0,0.802397966384888,0,0.543896734714508,17.1389113366604,0,874.821128249168,3.71767592430115,2928.4342649281,1.31686121225357,0,23.0987612009048,18.9672101736069,76.3877622485161,132.782374799252,0,0,55.096028983593,9.73492711782455,49.0837539434433,3776.12401324511,1747.98105502129,4531.66842675209,5.41085729002953,3.4903382062912,1.51471084356308,1024.12503939867,3.29733860492706,0,46.0007239580154,3.25385791063309
35.0676881372929,277.567090898752,41019.2716863751,8.20845839381218,7.46153622865677,63.7398184835911,169.197345852852,269.604255795479,70.4319332838058,255.47104023397,6940.84773248434,310.358623117208,182.281784415245,379.74094504118,24.0904827713966,46.9114927053452,7866.39584770799,6933.01521661878,10763.7170855403,93.2182434201241,1058.80412721634,72.413678586483,1934.86029997468,49.0415374934673,292.644422262907,0,42998.9916656315,189.437930107117,88.6186264753342,300.544558674097,1325.39384308457,47.4436435103416,4.81256675720215,3137.69209137559,779.699952304363,4094.54458427429,6343.06135168672,3094.87803769112,3041.32740086317,13.681141346693,76.3110237121582,81.584611594677,938.577362626791,542.361943930387,411.11365377903,522.122334867716,12.3551596403122,8.29433125257492,8.00528466701508,0.376105278730392,605.689374566078,470.257364839315,0,5.60023725032806,0.589494407176971,2.53259137272835,0.89775288105011,49.3848548829556,0,1074.57333302498,3.59988966584206,2978.03470724821,2.75050297379494,5.47723680734634,10.7569956481457,502.588571280241,733.13267031312,868.805404067039,0,10.4273212850094,18.5367811918259,57.8429645001888,14.4922038912773,922.254624277353,11097.6993162334,22285.8440897763,19.9634571373463,5.0884108543396,8.85775536298752,2852.32244041562,0,0,261.485272169113,691.322001039982
11.7285998463631,22901.0908100903,44906.0015719831,36.7782726287842,55.1827390789986,22.7589494884014,228.411291867495,130.632412165403,6869.84814634919,94.6787930130959,216.546442359686,140.488549619913,1688.99961999059,158.485015153885,144.362310796976,7737.2054207623,31992.0158334374,774.958490908146,9658.78371065855,72.1912381649017,2686.50604090095,13838.644988656,41191.7339646816,4690.8239107728,8455.81526458263,42998.9916656315,0,1011.64869904518,58.585723400116,263.413159161806,3040.92465415597,25.3102599382401,4.34724348783493,7644.72879976034,7555.92306986451,27018.0140338242,8742.063544631,18371.6254275441,16256.9870611429,315.552351236343,455.47955685854,115.784100681543,5672.6516417861,2023.44947963953,2707.6720456183,3002.30854061246,90.6725241839886,50.6768877506256,58.7744841277599,1.08855152130127,5874.32888355851,12725.4171155691,0.726178824901581,26.6353261470795,0.587152183055878,34.1312481462955,5.88341635465622,218.281864970922,0.487555265426636,989.218886166811,6.65748989582062,2815.9478944838,22.6526340246201,47.0393695235252,9501.34487897158,4617.99678820372,1042.94797477126,3123.96968370676,0.723402142524719,497.128324359655,3749.14633339643,12211.4905027449,555.109929174185,3645.71757134795,21848.8665222824,154472.475738406,395.951496779919,13.1917083859444,153.600822627544,2995.73218375444,2.02043968439102,0.486120998859406,1241.06300902367,5106.47711578012
459.170288145542,134.464929759502,378.715242922306,11502.3877184093,351.473777443171,1386.47764654458,48944.3264481127,11911.8070782721,9634.90272495151,38038.7203859985,218.803671389818,1207.6082444489,87.7529895603657,6611.55343464017,943.01435098052,3194.89749017358,380.456708282232,98.1917858123779,189.664243578911,3853.75501018763,16191.6730979383,930.330472737551,3968.9777598083,28972.6746756732,42.1547187268734,189.437930107117,1011.64869904518,0,4021.01716703176,16244.3570693433,33.1054925322533,244.992805689573,740.638577103615,4640.24720215797,6061.19790694118,14003.5506087542,562.544832646847,3024.42201706767,1622.93754723668,2182.47605907917,1825.13984690607,796.986591249704,3494.43515902758,68.7511738240719,670.319639891386,225.254382014275,2499.60557061434,811.077651977539,109.582371413708,72.0310344398022,14.4585671424866,7.66456434130669,1792.70662987232,74.2218025624752,76.0293714702129,4061.04555994272,861.810500502586,3823.14825826883,1498.47080984712,19.863511711359,738.417614430189,3.90446379780769,743.549039363861,553.943306326866,1351.6325109005,40.8106717765331,1.35947585105896,1.97478669881821,776.966288030148,1586.82899931073,300.436716884375,688.909186810255,15919.9814445376,0.68073034286499,4.98643818497658,277.44328340888,17090.0587707758,549.921666383743,1940.58940351009,0,11.7956421971321,82.6122651994228,727.302719980478,941.732147604227
10761.8324981332,0,184.459644138813,136.190023630857,8.86114272475243,56.9399310052395,1888.83993244171,2252.5464322269,255.87196752429,1243.63439142704,138.444672435522,304.528529018164,41.2250383198261,37694.8006531298,50.1792821288109,22.5230290591717,2590.16552424431,48.4910080432892,160.500727802515,341.99725985527,1306.74942037463,3.00703516602516,2410.96475845575,517.77278149128,0,88.6186264753342,58.585723400116,4021.01716703176,0,15562.114353627,18.547610938549,1822.42832493782,7406.01598751545,4708.06514060497,465.358676314354,712.594278275967,29.579113483429,1289.37429746985,508.039433330297,123.064554750919,258.065333992243,116.474546939135,122.433706820011,0,17.0157351493835,3.15502005815506,38.8561377227306,14.4484671354294,3.2277170419693,0.724563002586365,0,0,16.9605178236961,2.69701221585274,1.13695693016052,94.3204785883427,9.18549263477325,109.60109230876,12.3161219954491,1.6503541469574,17.9243460297585,3.53221702575684,16.9585908651352,9.25828766822815,45.5819726288319,0.58718478679657,0,0,2.2552769780159,43.092056453228,10.0215162336826,21.3103979229927,413.644810318947,0,0.502511560916901,7.09342050552368,648.982087373734,9.86712467670441,68.5793843865395,0,0,4.07329946756363,26.6832335591316,46.4018983840942
9281.22496151924,0,1587.43324586749,14.6770245730877,27.7121198177338,167.983664005995,22207.242782712,5456.4809269011,173.831520140171,206.023606985807,117.799145251513,180.518255382776,30.4091320633888,27491.7492360473,226.97316840291,61.1234248578548,5659.9712407887,64.2152828574181,215.767852246761,70.412921667099,15810.1800759435,42.7439150214195,12570.9348984659,200.605922758579,0,300.544558674097,263.413159161806,16244.3570693433,15562.114353627,0,16.6137751340866,83.4584292769432,1905.18557628989,12060.7296849191,4620.92747986317,5673.31568151712,282.023989886045,5107.46956664324,2672.39911091328,305.693847328424,859.290974766016,210.461650878191,314.477515697479,12.4812375307083,74.8890569210052,42.5616244971752,40.4195500612259,57.4900892078876,33.3432804644108,8.67826235294342,2.61101305484772,4.6536453962326,7.79523274302483,2.63286191225052,3.91107216477394,145.630218714476,34.1061468720436,140.448684990406,9.73911067843437,0,23.7665439248085,1.24301910400391,52.3445438742638,22.188134342432,703.062671333551,5.11785465478897,0,0.80050253868103,8.60782676935196,639.610064506531,102.068775385618,298.980830699205,912.858417004347,0.906250894069672,3.17565196752548,102.935480117798,1523.19235569239,52.3166939914227,483.582015365362,0,2.95029020309448,16.5355417132378,71.133699119091,488.55964460969
0.434205144643784,264.755739450455,0.860026955604553,7.65607011318207,1.8519691824913,25.9417117834091,21.8528156876564,60.95843526721,168.146151214838,87.6318282783031,2331.97455558181,127.351401895285,1993.53309229016,65.1047011613846,6.49740102887154,11.7631765305996,4.95793449878693,648.006739139557,112.36236590147,32.7931539714336,4.45944884419441,247.886932134628,4.3568774163723,128.838505983353,644.011140972376,1325.39384308457,3040.92465415597,33.1054925322533,18.547610938549,16.6137751340866,0,14.7175512909889,0,528.905130088329,17.5101941823959,55.2265535593033,337.482165932655,550.33733138442,95.7476721704006,9.24168255925179,4.94589379429817,102.238866358995,37.8792607784271,50.707469701767,35.5161097049713,29.6912444829941,0.80163699388504,2.00953501462936,16.0770847797394,0,100.140474319458,6.1868297457695,0,0,0,0,0,22.50300770998,0,2188.03248938918,1.08239018917084,6479.90153121948,0,0,3.23889869451523,11.7168816328049,256.654957801104,75.6033559441566,0,0,32.4990165829659,0.551122069358826,12.4657905697823,1130.88505482674,2306.16244107485,3087.99750322104,0,0.992056548595428,0,3500.40264439583,2.56860113143921,0,15.6738193035126,14.0733535289764
14.0770420432091,0,3.04570776224136,39.9216578304768,927.64861035347,102.713748544455,128.450759768486,696.58871987462,47.4544442594051,324.756928429008,121.100295007229,230.872544333339,28.5736565589905,1188.82156527042,39.4113808870316,0,36.7071961164474,62.6293399035931,129.872859656811,155.470365136862,12.7505087256432,0.361531138420105,34.1467300355434,35.9946438670158,0,47.4436435103416,25.3102599382401,244.992805689573,1822.42832493782,83.4584292769432,14.7175512909889,0,1.29247629642487,22614.9148057699,220.862427741289,1369.52882236242,40.8140143156052,342.810891926289,209.097419083118,511.869090676308,2283.95157554746,344.611322194338,6.99994909763336,0,1.36199545860291,2.74833166599274,9.45326054096222,1.38799452781677,0,0,0,0,1.733707010746,0,0,4.05963614583015,2.89143437147141,11.2386372089386,0,0,2.43604326248169,0,0,1.73884892463684,0,0,0,0,0.941763162612915,1.74361044168472,0,0,32.902933716774,0,0,0.753709971904755,33.0622184276581,0,0,0,0,0,0,17.3634139299393
175.616043776274,0,15.2858987748623,0,0,1.96110415458679,77.8262568116188,43.1180791854858,24.724388718605,4.74081516265869,0.944173097610474,1.55138558149338,0,293.115778714418,5.68592602014542,4.97350892424583,515.399259805679,0,20.9703983962536,0,369.932155877352,0,373.821154117584,93.1070360839367,0,4.81256675720215,4.34724348783493,740.638577103615,7406.01598751545,1905.18557628989,0,1.29247629642487,0,1103.88144999743,56.2570149004459,58.8018680512905,1.89183354377747,249.908896863461,70.8281746506691,0.708286821842194,11.5501474738121,5.68258792161942,13.5675028860569,0,1.16555869579315,0,2.95859104394913,1.47116941213608,0.77536016702652,0,0,0,0.910736203193665,0,0,11.0588207244873,1.13373723626137,7.39916449785233,2.49904370307922,0,1.37601399421692,0,0.438077479600906,0,4.53426134586334,0,0,0,0,4.70428532361984,1.38764226436615,4.6588953435421,24.490131944418,0,0,2.79266273975372,59.5685649812222,4.4274982213974,12.2293331623077,0,0,0,5.08503860235214,1.20215690135956
337.116998434067,25.125385761261,911.315664112568,326.432064533234,5379.90716588497,356.683438837528,1773.01726719737,2129.21919852495,264.243354976177,3072.71623073518,7840.83542403579,1787.3899718523,926.123167186975,3356.41807484627,108.650961130857,686.186738103628,24211.4866501689,4695.25728869438,21947.2218953669,731.106239318848,15057.5156302452,84.2146729230881,23274.207423687,608.475844711065,17.7366597354412,3137.69209137559,7644.72879976034,4640.24720215797,4708.06514060497,12060.7296849191,528.905130088329,22614.9148057699,1103.88144999743,0,465.536126852036,1199.76571121812,570.062801003456,3079.71908354759,1229.20016375184,156.858548462391,897.853943318129,994.233856767416,238.217987477779,7.36687180399895,48.3515462577343,33.1751311123371,136.674877285957,37.6015277206898,5.95537066459656,0.610521614551544,13.1877103447914,148.108545809984,64.8246469199657,4.49702847003937,0,189.224544614553,37.6117311120033,113.373804092407,47.6953169703484,47.1660628914833,67.5371735990047,115.850944191217,32.7998559474945,25.7781144082546,71.8059111833572,47.3414114713669,3.23644044995308,10.1628385186195,32.6748178005219,55.9000196158886,14.6490167379379,73.6689363718033,641.59855479002,30.0016514062881,110.075507760048,888.636944651604,929.793058007956,21.0241045355797,93.917915135622,29.9639127552509,0,0.984627783298492,56.4090424478054,129.509256362915
121.695770591497,20.5663256645203,441.969513505697,361.205801665783,1953.92354166508,1088.84598344564,1440.43151128292,1013.12723457813,285.034730106592,2154.55402469635,43.5835069417953,4044.73345395923,2.98141586780548,737.658928841352,5650.3740490973,4214.27354213595,1491.30270710588,158.152232646942,1022.2294011116,646.024845331907,11244.6057187617,176.303487539291,12382.0511190593,1034.05953764915,1.93287044763565,779.699952304363,7555.92306986451,6061.19790694118,465.358676314354,4620.92747986317,17.5101941823959,220.862427741289,56.2570149004459,465.536126852036,0,5228.96140620112,3973.81320273876,399.16932156682,5068.7401125133,423.387489497662,1064.37952145934,112.285087049007,1372.49513286352,1079.81179922819,256.703957855701,3799.02320438623,126.048680275679,164.427995502949,61.4630069434643,14.1147259473801,11.7435572743416,319.088783681393,16.8475197851658,296.070050150156,15.3485871255398,189.327038496733,33.550814807415,133.227885395288,50.7998893857002,63.5506701767445,483.030653893948,4.78337198495865,66.2271576523781,128.276470601559,389.749904572964,259.409577637911,237.974660366774,243.223549604416,11.3050406575203,433.807298004627,49.8477386832237,2009.29966574907,457.14028570056,29.1244249641895,607.940326720476,3242.2617764473,707.36898547411,28.3216340839863,279.748111635447,14.1124913692474,0,7.55864155292511,57.1106907129288,171884.346563995
163.696725279093,105.603499382734,2066.87717181444,1478.97088140249,885.217405170202,1161.25620532036,3022.53667235374,5974.9814312458,1518.64027255774,7487.41707724333,237.950598180294,4917.63021269441,35.1020393371582,1781.17703220248,280.015463829041,10096.0090135038,4008.36732143164,740.265016138554,4397.21366018057,3441.80497160554,18486.9514863789,795.355856597424,23421.1982017159,3319.80859401822,11.6962015032768,4094.54458427429,27018.0140338242,14003.5506087542,712.594278275967,5673.31568151712,55.2265535593033,1369.52882236242,58.8018680512905,1199.76571121812,5228.96140620112,0,27090.7735040486,1983.99428987503,3769.13554573059,8846.97534453869,4024.73219048977,1371.96336406469,1236.48952451348,98.2383785247803,232.006488114595,129.345839828253,595.447660535574,172.970687329769,50.838230073452,8.96831566095352,41.2292191982269,380.717847079039,161.596063554287,10.6808428764343,12.9755934476852,831.107830524445,93.7493478655815,745.712906479836,143.531459450722,9.14957252144814,213.371219217777,2.42611140012741,142.02539896965,118.827489495277,1043.87516763806,123.910193234682,17.2079301476479,29.360515743494,104.829940348864,810.024069577456,203.45332556963,829.1892131567,3058.54612100124,3.41544944047928,120.678696453571,2750.60992363095,4216.27047210932,104.343605935574,730.936692804098,9.41470438241959,3.39023458957672,31.7568998932838,187.455145448446,1751.09058326483
8.27784478664398,58.5055631399155,738.247691214085,12.1371046602726,16.5409833788872,28.7791412472725,84.9262530207634,125.623379856348,55.54345241189,139.687293678522,911.874797672033,166.652957737446,406.483317285776,105.195765018463,24.7966797947884,1534.50400322676,1115.78059375286,2165.70314377546,5040.39748817682,66.2536300420761,1328.96723857522,162.343800008297,4749.62318524718,199.265848785639,33.2352863252163,6343.06135168672,8742.063544631,562.544832646847,29.579113483429,282.023989886045,337.482165932655,40.8140143156052,1.89183354377747,570.062801003456,3973.81320273876,27090.7735040486,0,1400.82353630662,6987.70509883761,111.391588330269,719.670576453209,1020.42142701149,235.250850409269,67.9691257476807,43.0838917791843,215.504234939814,15.2814213037491,16.6410200595856,8.37070372700691,0.900771141052246,29.944039106369,170.33699464798,0,1.9063349366188,0,11.8078805804253,2.16385939717293,25.0781714618206,0,41.4884032607079,5.56016582250595,89.5315308570862,3.03821867704391,6.2039190530777,158.57337936759,64.8623352646828,19.3403705954552,36.6293274760246,0,53.0726328194141,42.3668184578419,235.28850159049,59.4504944086075,35.6270591616631,232.264341950417,1432.5517077148,106.076296687126,0,37.4404713511467,51.4755207300186,0,0,14.3172985911369,2967.82154202461
216.576915472746,66.5987337827682,1822.69593638182,221.239388778806,67.6131639480591,245.865922302008,1085.63680565357,1094.70333357155,218.864922851324,1859.22978183627,3696.7071198523,1294.23325669765,1591.65024158359,1527.09168192744,64.9228956997395,2751.84961980581,9320.78389415145,3913.33715569973,6772.736695081,499.944748818874,11893.6555534303,361.561252474785,27335.3925696909,394.847343802452,33.0274480581284,3094.87803769112,18371.6254275441,3024.42201706767,1289.37429746985,5107.46956664324,550.33733138442,342.810891926289,249.908896863461,3079.71908354759,399.16932156682,1983.99428987503,1400.82353630662,0,2190.87775707245,186.214619874954,420.268505275249,2445.96531701088,172.06940600276,25.3235967159271,51.1097559034824,39.6294722557068,125.044253110886,17.7739816904068,3.98397392034531,1.14098501205444,11.779311299324,264.797772347927,25.9092771112919,0,4.31707882881165,135.108527094126,16.0665142834187,126.291009604931,17.5456249713898,32.9038546979427,40.2232774496078,102.450464963913,13.1742112338543,11.8663315474987,167.978985846043,59.5228925645351,4.50614768266678,23.5041851997375,19.781310915947,67.7731336653233,41.7908989191055,274.97904998064,473.149438232183,12.6897784471512,100.437092155218,1943.23931646347,537.897412389517,9.28150641918182,88.453122317791,29.0216400623322,0,2.24464797973633,39.9848290681839,272.680469930172
115.432324230671,44.9252747297287,1482.59032997489,56.2385715246201,69.6747922599316,130.042442500591,516.714591771364,652.519489973783,107.596554487944,533.781314477324,473.581134289503,546.442949324846,6.92588400840759,771.477056771517,63.8459554612637,3629.37321823835,5272.69455048442,1617.45136398077,6664.91537863016,173.361426442862,9388.61572372913,259.013451904058,21420.091293335,278.804915964603,2.28726178407669,3041.32740086317,16256.9870611429,1622.93754723668,508.039433330297,2672.39911091328,95.7476721704006,209.097419083118,70.8281746506691,1229.20016375184,5068.7401125133,3769.13554573059,6987.70509883761,2190.87775707245,0,150.167565584183,1637.1405249536,914.161673396826,214.399697721004,217.190085798502,95.5362613499165,760.249902307987,38.1094895303249,32.927048176527,13.6466510295868,2.08863943815231,28.8068982362747,312.279630154371,11.4901237487793,28.9992528557777,0.438825875520706,79.6164536178112,5.1084401011467,38.3106971383095,10.5405806899071,14.1937399506569,20.3120591640472,9.48117688298225,20.19790828228,14.7784405946732,221.550589293242,72.1703868806362,44.397318482399,70.1046167016029,7.73981282114983,115.049552112818,46.4196457862854,523.007486969233,254.644821405411,5.03600722551346,212.068309247494,2053.63254082203,305.554925918579,5.79058575630188,74.8702881038189,7.20007294416428,0,0,34.086248666048,6975.83429840207
26.3133882880211,108.162785023451,10.8390398025513,450.897738516331,23020.2041362524,5468.88687872887,482.224106371403,4735.00851503015,6797.05166727304,2079.5326308161,40.4067550301552,6668.15121562779,24.1019299030304,345.80771034956,7838.87877261639,59.9857396781445,39.7785382866859,10.269652068615,27.0615454912186,1252.51723581553,320.366000413895,257.58464807272,242.799705803394,3199.78994256258,50.7001028060913,13.681141346693,315.552351236343,2182.47605907917,123.064554750919,305.693847328424,9.24168255925179,511.869090676308,0.708286821842194,156.858548462391,423.387489497662,8846.97534453869,111.391588330269,186.214619874954,150.167565584183,0,4269.65655684471,2432.62755417824,342.403048992157,8.4996919631958,112.481936007738,70.0590361058712,4662.15914949775,306.075068533421,141.521256566048,3.61628672480583,0.746733844280243,0.492861539125443,606.401877611876,180.8575116992,120.689590156078,370.661896973848,163.876041710377,588.706192612648,571.572424143553,13.0450649857521,868.181550815701,4.04157373309135,67.6068457961082,819.90927618742,37.6039117574692,0.586102366447449,2.09887886047363,0,274.403202623129,28.6592642068863,0.581253528594971,23.3509016036987,2689.48709514737,1.91533386707306,3.35447818040848,12.0261442959309,1263.14807122946,27.9833126664162,57.4724619090557,1.47626519203186,11.4961828589439,1.17562937736511,62.9848292469978,131.717808961868
32.8867124915123,5.89338052272797,53.8366967141628,217.33314037323,4375.37738910317,1257.62716943026,639.611160486937,1414.20758464932,403.491598457098,1757.53710317612,16.298309892416,1159.93696981668,6.27732434868813,365.30292391777,483.627369105816,168.306286126375,178.072716653347,19.8434655070305,95.78064930439,581.421221643686,738.163685500622,14.9941227436066,756.514487415552,424.827523589134,2.52646273374557,76.3110237121582,455.47955685854,1825.13984690607,258.065333992243,859.290974766016,4.94589379429817,2283.95157554746,11.5501474738121,897.853943318129,1064.37952145934,4024.73219048977,719.670576453209,420.268505275249,1637.1405249536,4269.65655684471,0,787.393933087587,101.695073515177,3.39285105466843,20.5507173538208,18.945008456707,164.303653389215,27.3359572291374,19.3488530814648,0,0,3.37225079536438,39.6977430582047,9.42916917800903,4.0709735751152,118.159978657961,16.8496349155903,115.675111174583,27.4497653245926,1.6118940114975,45.9237958490849,0,6.76928707957268,32.2375572025776,35.3608834147453,1.27570927143097,0,0,19.3997605443001,35.7028306126595,5.59885144233704,19.4196582734585,404.541917920113,0,1.90558350086212,39.3861300647259,466.96961030364,13.8651831150055,54.0730066597462,0,0,2.30676734447479,28.6570510268211,133.796271324158
16.0748246312141,163.594942063093,9.55788427591324,109.989995479584,105.188422501087,242.122384309769,211.392633318901,1017.32191154361,93.2497018277645,752.584082484245,470.563236445189,989.271451532841,1746.72773933411,375.693128615618,72.6284131109715,130.298445343971,34.3769904971123,29.7072737514973,45.5253309011459,426.510479211807,468.150328367949,73.2548823654652,155.307846844196,253.223852813244,431.931897103786,81.584611594677,115.784100681543,796.986591249704,116.474546939135,210.461650878191,102.238866358995,344.611322194338,5.68258792161942,994.233856767416,112.285087049007,1371.96336406469,1020.42142701149,2445.96531701088,914.161673396826,2432.62755417824,787.393933087587,0,82.0422824621201,2.51466342806816,22.823347568512,5.12580120563507,778.597473591566,46.4526413679123,31.3199042379856,0.824133992195129,1.79311239719391,0,14.0897649228573,2.18042126297951,5.58011811971664,32.732438236475,21.2481002807617,33.5713006258011,27.4003444314003,33.517705231905,48.9364618062973,72.186463624239,25.481859266758,9.86617937684059,34.734590113163,0,6.45686140656471,0.521685421466827,9.27264180779457,45.9451563954353,1.66101670265198,23.4652409553528,151.18041151762,5.54962539672852,13.0302009880543,24.4662458598614,208.93940192461,10.2870263159275,41.6312904953957,16.1718768179417,3.33913493156433,1.38441807031631,16.970692306757,53.2365173697472
10.0727459192276,163.340144395828,195.048830389977,245.247111856937,8.31635290384293,3.032774746418,484.980761706829,274.798095792532,700.854955673218,294.08197581768,10.4113029837608,119.291363835335,19.4201882481575,175.261193215847,48.840695142746,701.539075791836,335.315295696259,20.7041107416153,197.425112426281,288.007089406252,983.545626044273,203.060553342104,566.113512456417,2664.98029342294,107.270074933767,938.577362626791,5672.6516417861,3494.43515902758,122.433706820011,314.477515697479,37.8792607784271,6.99994909763336,13.5675028860569,238.217987477779,1372.49513286352,1236.48952451348,235.250850409269,172.06940600276,214.399697721004,342.403048992157,101.695073515177,82.0422824621201,0,24602.8278487325,2292.28253528476,2365.78462293744,14100.5764752626,4034.76475197077,1164.52491667867,218.388916313648,232.953697562218,3050.72511595488,1106.74223050475,41.3753217160702,359.213859826326,4441.52745386958,2114.74009659886,1143.88581642509,4968.31809946895,1283.85713115335,2380.97638738155,128.038500070572,3199.2834751904,203.444823116064,12429.9803569615,2552.16861644387,3076.65065905452,2803.47317570448,1099.51412066817,8095.28339448571,502.190544337034,36599.0285467207,3658.50577405095,394.378880143166,8470.49327984452,38469.2379012704,10580.9696039557,1272.27236902714,4514.27812424302,344.863763421774,417.735820621252,76.9414614737034,1631.90986430645,7251.59568914771
0,49.8415479958057,32.5466922223568,0.888620674610138,0,0,4.75030606985092,4.85515892505646,53.1284904181957,4.0337660908699,5.74488469958305,6.04285100102425,15.3647997975349,1.52435266971588,15.6965275406837,149.738255053759,74.685827255249,14.9661954641342,68.3735956549644,2.49165070056915,81.0771186053753,52.476397395134,179.415538012981,55.5238860845566,102.649653941393,542.361943930387,2023.44947963953,68.7511738240719,0,12.4812375307083,50.707469701767,0,0,7.36687180399895,1079.81179922819,98.2383785247803,67.9691257476807,25.3235967159271,217.190085798502,8.4996919631958,3.39285105466843,2.51466342806816,24602.8278487325,0,1721.38788872957,5950.52036494017,347.882234156132,1183.41063818336,2450.20143514872,15.3203771412373,96.6208638846874,360.207643598318,20.3964197337627,0.579788267612457,13.5703236460686,143.440267324448,82.5719926357269,57.6779717803001,134.178295999765,1129.21302357316,123.335082173347,408.719919919968,109.727854251862,147.615695118904,3022.33905681968,330.939173609018,2043.53590890765,700.799054503441,35.7950961887836,1171.13990533352,341.206366598606,8252.55869033933,184.558374643326,471.012772977352,4775.6222832799,9139.38332304358,663.139749675989,131.02538189292,312.144066125154,997.502105623484,85.8141267597675,2.71833193302155,245.779191106558,1818.96728184819
2.41733819246292,80.858259677887,91.3221538066864,34.1164047718048,0,1.28145980834961,61.2799814939499,50.3644105792046,119.881215006113,42.4735575020313,3.89399370551109,43.6074096560478,10.4072521328926,23.0260897278786,8.1987199485302,129.219196647406,193.710442602634,8.44479271769524,82.1622559726238,42.9188335239887,227.19757565856,50.5433057844639,97.5293591618538,536.420981734991,49.833767414093,411.11365377903,2707.6720456183,670.319639891386,17.0157351493835,74.8890569210052,35.5161097049713,1.36199545860291,1.16555869579315,48.3515462577343,256.703957855701,232.006488114595,43.0838917791843,51.1097559034824,95.5362613499165,112.481936007738,20.5507173538208,22.823347568512,2292.28253528476,1721.38788872957,0,2478.40284734964,693.239045023918,1149.76975977421,5024.55468168855,444.38132789731,100.420264154673,2242.29206618667,223.141696020961,5.32028061151505,185.409859329462,4105.89923083782,1513.96041446924,198.777312517166,1301.10325947404,2923.13587170839,1060.24679128826,725.159345090389,3427.26376092434,90.8433795273304,1409.0919521451,3403.37070417404,4827.801959306,2540.95813721418,237.059291154146,9776.15061473846,63.4519520699978,25289.6164069176,840.742747396231,111.650296896696,4966.29751819372,17640.3457592428,5325.3871601522,1465.58539050817,6731.11099219322,454.254688680172,458.944536089897,147.947004675865,2060.35280817747,492.133943557739
1.11328911781311,105.331040233374,86.0609754920006,8.84642732143402,18.771132171154,2.40521705150604,25.0617462396622,21.0427715778351,48.1022645831108,17.6892632842064,4.94789707660675,23.3710230588913,10.3445783555508,8.73430916666985,52.0584475398064,104.671917557716,233.883804947138,22.1103013455868,181.115386247635,20.3107667267323,134.847294837236,32.259145617485,239.644445598125,153.018467575312,70.3509332239628,522.122334867716,3002.30854061246,225.254382014275,3.15502005815506,42.5616244971752,29.6912444829941,2.74833166599274,0,33.1751311123371,3799.02320438623,129.345839828253,215.504234939814,39.6294722557068,760.249902307987,70.0590361058712,18.945008456707,5.12580120563507,2365.78462293744,5950.52036494017,2478.40284734964,0,1462.58723166585,4331.94736465812,894.670279502869,128.332726985216,96.6495385766029,1811.20901697874,68.2936623096466,9.93664130568504,76.8329501152039,1713.74642592669,715.70848017931,72.5845167040825,416.277596831322,1192.89143639803,326.173466444016,75.9051896333694,1224.82553318143,205.252645879984,1308.94207280874,2109.71132454276,3323.3498968184,2561.98741203547,80.5018374621868,4189.62576177716,49.4166424274445,16578.7356822193,283.776422470808,162.611712604761,6310.9008102119,16717.2382848561,1858.15610739589,362.248403429985,1738.76264962554,571.752522021532,301.124914169312,27.3306036293507,527.872150570154,3140.24130302668
1.89214169979095,1.14832520484924,4.13728904724121,1398.46539407969,315.081322401762,67.8446356654167,389.224520146847,343.120663583279,980.233725845814,928.709583908319,10.1662347912788,1173.38107338548,7.54457369446754,84.7028723359108,533.926079303026,24.7594487965107,8.86911714076996,2.53013151884079,4.45319184660912,1677.79412841797,75.3613025844097,7.3685714006424,30.135315746069,2695.8331412971,0.521730005741119,12.3551596403122,90.6725241839886,2499.60557061434,38.8561377227306,40.4195500612259,0.80163699388504,9.45326054096222,2.95859104394913,136.674877285957,126.048680275679,595.447660535574,15.2814213037491,125.044253110886,38.1094895303249,4662.15914949775,164.303653389215,778.597473591566,14100.5764752626,347.882234156132,693.239045023918,1462.58723166585,0,5497.53994491696,785.591618716717,33.8901423215866,88.6820736527443,31.5492934584618,504.489503636956,18486.7955011427,3911.36339373887,1226.1499774158,1635.79258719087,3901.62387493253,2479.76822210848,285.783078551292,3514.60905405879,54.823507130146,758.783481538296,4461.29180763662,444.319012016058,65.0968965291977,181.38413476944,49.5230691432953,535.700190708041,847.574329018593,230.224376529455,2707.8737962842,3279.55158299208,20.5738250613213,128.394044011831,989.910671532154,2318.91904142499,288.830668270588,543.665083885193,39.0555316507816,234.335179507732,20.2526844143867,275.358976244926,434.030208915472
2.41468453407288,1.28841423988342,3.95118317008018,61.9287542700768,10.7827942371368,4.17248851060867,108.956980973482,61.7615025937557,103.806372404099,83.9311557710171,0,78.6351038515568,2.04252642393112,26.8246048688889,18.0833798646927,57.7986714541912,6.70543330907822,0,5.27669894695282,115.071839988232,183.513874441385,3.71080982685089,53.0935338139534,618.530737429857,2.8274741768837,8.29433125257492,50.6768877506256,811.077651977539,14.4484671354294,57.4900892078876,2.00953501462936,1.38799452781677,1.47116941213608,37.6015277206898,164.427995502949,172.970687329769,16.6410200595856,17.7739816904068,32.927048176527,306.075068533421,27.3359572291374,46.4526413679123,4034.76475197077,1183.41063818336,1149.76975977421,4331.94736465812,5497.53994491696,0,3378.45901575685,62.962261557579,2.18794757127762,20.4280533790588,360.254789859056,1173.20754107833,700.849082410336,1460.59757718444,1477.15389606357,442.821988999844,2497.81473846734,311.533365309238,1484.75343728065,77.8717480897903,1138.95517596602,475.128310203552,200.021727323532,66.8049816191196,169.729693740606,54.9665583074093,484.803840816021,553.359331339598,10.8839916288853,798.469750314951,931.692744344473,5.31788712739944,149.221318840981,506.957222670317,2465.32405722141,980.929313570261,771.243948191404,47.0778367817402,16474.7212326527,23.3168541789055,517.074551075697,764.997092694044
0,6.83556431531906,3.1054493188858,13.2745199203491,0,7.26635181903839,11.094546020031,19.0726392865181,16.612729370594,22.5408591032028,103.802192032337,20.3376010358334,768.374476373196,15.299225538969,3.37148630619049,38.1486496925354,0.529758632183075,0.66866135597229,3.00582325458527,17.2792617678642,98.5319215357304,12.6521894335747,25.4806490242481,58.9440433382988,77.2277760505676,8.00528466701508,58.7744841277599,109.582371413708,3.2277170419693,33.3432804644108,16.0770847797394,0,0.77536016702652,5.95537066459656,61.4630069434643,50.838230073452,8.37070372700691,3.98397392034531,13.6466510295868,141.521256566048,19.3488530814648,31.3199042379856,1164.52491667867,2450.20143514872,5024.55468168855,894.670279502869,785.591618716717,3378.45901575685,0,5.76518851518631,18.8761351704597,5.25202375650406,40.8500586748123,3.22266238927841,88.3157940804958,167.931520700455,205.549976408482,36.5907157659531,258.431163936853,2284.5926156044,291.219910591841,1059.56810101867,215.843575507402,47.3698276281357,36.7509280741215,10.8666996657848,53.0036241412163,11.9918835759163,85.8072720766068,53.8734700381756,6.99115037918091,78.6135249137878,120.594920963049,101.526272177696,69.2823041975498,117.71828904748,276.870935082436,134.77310359478,72.0408299863338,180.275705695152,364.670832008123,3.91337138414383,631.931357085705,122.059365719557
0,0,0,2.4806215763092,0,0,2.12091094255447,2.49229896068573,10.8490667939186,3.51690357923508,0,1.05855602025986,0,1.14621472358704,0.621374845504761,11.3581757247448,0,0,0,3.48333203792572,39.2771199047565,1.92773526906967,2.75608330965042,38.5176787078381,0,0.376105278730392,1.08855152130127,72.0310344398022,0.724563002586365,8.67826235294342,0,0,0,0.610521614551544,14.1147259473801,8.96831566095352,0.900771141052246,1.14098501205444,2.08863943815231,3.61628672480583,0,0.824133992195129,218.388916313648,15.3203771412373,444.38132789731,128.332726985216,33.8901423215866,62.962261557579,5.76518851518631,0,0.41653037071228,2.21842694282532,3.63504487276077,0.950655221939087,13.9896319806576,10222.0569444597,813.073861390352,15.6939226984978,31.9576261937618,49.3659448325634,23.3598771691322,3.67596274614334,14236.0070304275,16.0595419108868,8.41683837771416,221.825919061899,42.5315634012222,65.1329085230827,4.31159988045692,59.5418911874294,0.62382435798645,306.136518865824,71.0146913826466,0,26.4468384981155,61.0003659129143,349.88063621521,5285.25894668698,5105.00894656777,6.34628543257713,18.9799475073814,121.440332204103,1046.08769986033,147.657539725304
0,1856.81669509411,26.9442769289017,0,0,0,0.589151978492737,0.616088449954987,74.647931188345,0,77.3284824490547,1.00838315486908,326.605504304171,0,0.680082023143768,19.3704961240292,69.0253466963768,7.55917805433273,44.1985546946526,0,8.11132144927979,46.7904406189919,5.92432087659836,49.1490605175495,754.82293599844,605.689374566078,5874.32888355851,14.4585671424866,0,2.61101305484772,100.140474319458,0,0,13.1877103447914,11.7435572743416,41.2292191982269,29.944039106369,11.779311299324,28.8068982362747,0.746733844280243,0,1.79311239719391,232.953697562218,96.6208638846874,100.420264154673,96.6495385766029,88.6820736527443,2.18794757127762,18.8761351704597,0.41653037071228,0,41.8013392090797,3.05490267276764,7.39115303754807,0,5.40287888050079,5.28265565633774,2168.90966296196,5.07063707709312,203.276312053204,2.70609617233276,745.734655827284,4.86333900690079,26.3716360330582,698.122997820377,122.38357001543,23.1691055297852,115.14953994751,0.650635838508606,43.8179733157158,3020.09839183092,82.2614256739616,2566.40832361579,1703.19234621525,293.513493686914,23634.2003794312,325.793230384588,7.61422035098076,12.8731868267059,152.137755304575,0.466056823730469,1.23457276821136,62.714676707983,26.5421266853809
0,247.922869503498,1484.24025678635,0,0,0.471453160047531,0.665493845939636,1.58237707614899,37.3419006466866,0,0.424270063638687,0.799837172031403,0,0.83925861120224,2.17029285430908,19.2225408554077,1193.98059678078,6.74174931645393,233.038470685482,0,13.1144624650478,288.039702415466,94.1185812354088,6.94840979576111,18.8567145466805,470.257364839315,12725.4171155691,7.66456434130669,0,4.6536453962326,6.1868297457695,0,0,148.108545809984,319.088783681393,380.717847079039,170.33699464798,264.797772347927,312.279630154371,0.492861539125443,3.37225079536438,0,3050.72511595488,360.207643598318,2242.29206618667,1811.20901697874,31.5492934584618,20.4280533790588,5.25202375650406,2.21842694282532,41.8013392090797,0,0,0,1.12216991186142,62.3478162884712,8.59878426790237,2.79643261432648,8.52316239476204,33.0930311381817,11.1340202987194,0,33.5719345211983,25.4364023208618,48.1815932095051,15533.9573304355,221.720776230097,7084.12535777688,3.33409062027931,169.570387154818,23.8676850795746,36560.6206435859,12.1443858444691,12.4664543867111,36749.0589050949,17680.5393575132,125.637518256903,22.0470070242882,57.1667992770672,0.64197188615799,2.53119072318077,0,1030.3498840332,432.749884843826
2.28902128338814,0,0,1186.57216086984,36.9605283737183,19.9938535094261,351.396865099669,159.326892405748,964.584699213505,1448.10691359639,0,272.844636470079,0,35.9449944198132,100.17105665803,1.14149940013885,0,0,0.608262836933136,1210.85653623939,2.53246808052063,0.896333336830139,1.57720768451691,1886.47776284814,0,0,0.726178824901581,1792.70662987232,16.9605178236961,7.79523274302483,0,1.733707010746,0.910736203193665,64.8246469199657,16.8475197851658,161.596063554287,0,25.9092771112919,11.4901237487793,606.401877611876,39.6977430582047,14.0897649228573,1106.74223050475,20.3964197337627,223.141696020961,68.2936623096466,504.489503636956,360.254789859056,40.8500586748123,3.63504487276077,3.05490267276764,0,0,38.5082367956638,528.161470353603,327.796353816986,891.085769891739,1448.87881523371,11580.8132214397,56.5130482912064,15693.0193821937,14.5993153452873,324.905662760139,306.223083764315,0,3.47892799973488,29.225405305624,8.86463260650635,60262.2473003566,5.19149148464203,3.41400679945946,6.47760218381882,9850.70085215569,1.06782686710358,28.3679398298264,12.144560277462,9687.22891399264,136.362108051777,9.26598086953163,11.2273408472538,25.2822782099247,2.90365010499954,296.121476173401,218.708825856447
0,0,0,67.6541003882885,10.6458171606064,4.54314023256302,12.3040132820606,10.2510675191879,86.6929433643818,45.9483991265297,0,77.0530721545219,0,1.26933610439301,27.4606158435345,4.56394547224045,4.15582263469696,0,5.48279750347137,90.0533183515072,9.00644958019257,3.46782207489014,19.1794983744621,156.871522665024,0,5.60023725032806,26.6353261470795,74.2218025624752,2.69701221585274,2.63286191225052,0,0,0,4.49702847003937,296.070050150156,10.6808428764343,1.9063349366188,0,28.9992528557777,180.8575116992,9.42916917800903,2.18042126297951,41.3753217160702,0.579788267612457,5.32028061151505,9.93664130568504,18486.7955011427,1173.20754107833,3.22266238927841,0.950655221939087,7.39115303754807,0,38.5082367956638,0,3586.86389829218,110.123398542404,704.407719910145,1092.3893327713,658.950012415648,3.45803409814835,1051.87958946824,1.32600855827332,13.5876448154449,2209.11207400262,6.2035106420517,0,0,0.704704999923706,60.6610428392887,10.4145530760288,14.8871250748634,15.784398317337,461.764849066734,1.64647924900055,1.65801125764847,16.3215995430946,269.569623380899,3.25218150019646,6.38970065116882,0,2600.04047822952,0,189.06950122118,1948.90788859129
0,0,0,26.8250923752785,5.05112540721893,0,17.4091725051403,8.46333023905754,56.1799502968788,42.009532392025,0,166.180175676942,0.338661342859268,2.20864045619965,10.4000253677368,1.04973375797272,0,0,0,56.5905347168446,5.73377418518066,0.419042229652405,1.40772926807404,108.686152905226,0.802397966384888,0.589494407176971,0.587152183055878,76.0293714702129,1.13695693016052,3.91107216477394,0,0,0,0,15.3485871255398,12.9755934476852,0,4.31707882881165,0.438825875520706,120.689590156078,4.0709735751152,5.58011811971664,359.213859826326,13.5703236460686,185.409859329462,76.8329501152039,3911.36339373887,700.849082410336,88.3157940804958,13.9896319806576,0,1.12216991186142,528.161470353603,3586.86389829218,0,947.776618808508,24576.2136309892,117.811700373888,22085.396099925,216.874417513609,14275.243884474,35.1542465388775,904.284537360072,3395.03096790612,4.51106986403465,22.9437566399574,119.690585374832,28.2889131307602,727.750944629312,5.26121810078621,1.24057674407959,31.1407707333565,426.688182264566,0,64.8835953176022,28.6292862296104,1760.35704529285,134.789367571473,63.5034202039242,24.3364890515804,1650.04954369366,1.13497030735016,160.720419302583,64.3301238715649
4.9069014787674,1.42100235819817,8.58433559536934,434.440378278494,15.992790043354,8.57799705862999,523.732847183943,410.302656888962,765.355914264917,411.640626460314,5.18389618396759,72.6253840625286,1.06086361408234,193.889183074236,38.2694876194,124.237539380789,2.36719810962677,0,0,460.794866979122,271.757249355316,30.6831035017967,71.9257516562939,2805.75344792008,0,2.53259137272835,34.1312481462955,4061.04555994272,94.3204785883427,145.630218714476,0,4.05963614583015,11.0588207244873,189.224544614553,189.327038496733,831.107830524445,11.8078805804253,135.108527094126,79.6164536178112,370.661896973848,118.159978657961,32.732438236475,4441.52745386958,143.440267324448,4105.89923083782,1713.74642592669,1226.1499774158,1460.59757718444,167.931520700455,10222.0569444597,5.40287888050079,62.3478162884712,327.796353816986,110.123398542404,947.776618808508,0,28915.154843688,1824.49920779467,13415.2160722911,328.866470098495,709.25127184391,51.3584674596786,46915.6441921592,533.640806168318,74.9533534049988,2531.12062466145,266.183591485023,512.718652009964,167.960349589586,713.286097884178,42.0230897068977,4109.48068067431,3532.8192846477,3.44456785917282,311.002121627331,478.316477268934,59154.054554522,1974.57545939088,17779.6339635253,46.4478397071362,113.476986557245,90.8679464161396,4940.49054786563,1888.47472858429
1.06201899051666,0,0.804914176464081,102.28187045455,5.02274584770203,1.09636533260345,143.94790661335,44.4670895338058,252.314155519009,135.786240577698,0,205.083718329668,1.87604880332947,17.3696514368057,14.2373496592045,62.6609414815903,0,0,0,156.649009853601,109.146865069866,15.4588332772255,31.1788054406643,788.64599069953,0.543896734714508,0.89775288105011,5.88341635465622,861.810500502586,9.18549263477325,34.1061468720436,0,2.89143437147141,1.13373723626137,37.6117311120033,33.550814807415,93.7493478655815,2.16385939717293,16.0665142834187,5.1084401011467,163.876041710377,16.8496349155903,21.2481002807617,2114.74009659886,82.5719926357269,1513.96041446924,715.70848017931,1635.79258719087,1477.15389606357,205.549976408482,813.073861390352,5.28265565633774,8.59878426790237,891.085769891739,704.407719910145,24576.2136309892,28915.154843688,0,634.622665166855,45267.8899275213,386.007161438465,6355.05931930244,64.0576920807362,28283.1851396561,1460.63929964602,36.8936744332314,472.151496738195,162.999939382076,122.566231936216,1420.81672045588,129.396903783083,16.1364264786243,614.438846945763,2567.66236156225,3.04874265193939,129.758523225784,106.735123842955,13307.4801000804,674.816482931376,2115.61844545603,52.1824836134911,3548.43799892068,67.1044391691685,1816.18755570054,539.473440110683
5.68732106685638,23.9209628999233,10.0713326931,840.925191253424,93.157076716423,39.344696521759,335.711791068316,269.065081357956,4431.67806217074,546.015794694424,42.8768493533134,677.162577718496,105.413418710232,150.739706069231,160.278164237738,241.488258242607,13.1211284995079,4.05844339728355,9.70279163122177,822.074678778648,575.265218257904,135.491308361292,72.8312522768974,6793.79027098417,17.1389113366604,49.3848548829556,218.281864970922,3823.14825826883,109.60109230876,140.448684990406,22.50300770998,11.2386372089386,7.39916449785233,113.373804092407,133.227885395288,745.712906479836,25.0781714618206,126.291009604931,38.3106971383095,588.706192612648,115.675111174583,33.5713006258011,1143.88581642509,57.6779717803001,198.777312517166,72.5845167040825,3901.62387493253,442.821988999844,36.5907157659531,15.6939226984978,2168.90966296196,2.79643261432648,1448.87881523371,1092.3893327713,117.811700373888,1824.49920779467,634.622665166855,0,1024.65954104066,122.23478141427,2641.01781320572,385.212186962366,350.92156791687,3139.42118304968,308.543562114239,15.4997748434544,35.2762524485588,30.2321410775185,435.587463706732,171.988731443882,6607.21718150377,47.4850068390369,55424.7733691633,725.763972878456,103.079929023981,4014.68182680011,8539.15308570862,259.157735139132,195.569080173969,106.871001154184,15.7775302827358,19.9753107428551,262.343690901995,328.078122794628
0,0,0,539.924828350544,28.6560544669628,12.428972452879,345.038092553616,106.145914405584,632.203674077988,1381.66395655274,0,362.281413674355,1.30758148431778,31.395698338747,59.2969177961349,0.45217227935791,0,0,0,894.669560134411,3.33440542221069,1.35764539241791,0,1582.74341613054,0,0,0.487555265426636,1498.47080984712,12.3161219954491,9.73911067843437,0,0,2.49904370307922,47.6953169703484,50.7998893857002,143.531459450722,0,17.5456249713898,10.5405806899071,571.572424143553,27.4497653245926,27.4003444314003,4968.31809946895,134.178295999765,1301.10325947404,416.277596831322,2479.76822210848,2497.81473846734,258.431163936853,31.9576261937618,5.07063707709312,8.52316239476204,11580.8132214397,658.950012415648,22085.396099925,13415.2160722911,45267.8899275213,1024.65954104066,0,774.181962281466,11021.9073892534,124.690066590905,6244.60156318545,2315.93124602735,12.8113043606281,50.2668962180614,519.816769957542,166.13881829381,20461.5104672313,23.0865455418825,10.1890414655209,56.7919703125954,5426.91288307309,3.62863421440125,321.861845731735,163.754730030894,30572.1152124405,1228.6787417084,109.907763153315,156.583969801664,306.082498043776,5.61705124378204,2138.19804693758,816.091787725687
0,61.6893306970596,0,2.47356432676315,0.93425852060318,0.440407603979111,2.15229254961014,2.36450034379959,26.3721654415131,4.51880896091461,1953.40647828579,31.9861231148243,6663.006046772,2.60462599992752,0.577263057231903,1.57510301470757,4.21205991506577,95.0192012190819,14.7378787398338,4.15682888031006,4.89786547422409,31.4194785356522,2.64481961727142,25.4193043708801,874.821128249168,1074.57333302498,989.218886166811,19.863511711359,1.6503541469574,0,2188.03248938918,0,0,47.1660628914833,63.5506701767445,9.14957252144814,41.4884032607079,32.9038546979427,14.1937399506569,13.0450649857521,1.6118940114975,33.517705231905,1283.85713115335,1129.21302357316,2923.13587170839,1192.89143639803,285.783078551292,311.533365309238,2284.5926156044,49.3659448325634,203.276312053204,33.0930311381817,56.5130482912064,3.45803409814835,216.874417513609,328.866470098495,386.007161438465,122.23478141427,774.181962281466,0,1223.92996646464,8837.62061783671,991.692866355181,32.8666550517082,16.7968409955502,327.810122609138,15052.9701845348,1627.41443732381,227.486509531736,32.8980074524879,87.5933511853218,144.279489159584,216.6144336164,450.093669474125,6936.43959498405,670.39652299881,311.45945109427,2437.62353348732,169.994918197393,3244.74936902523,1239.07504209876,4.37705808877945,9307.28822219372,99.2834042310715
0,0,3.38366138935089,307.371587842703,82.669694006443,77.0990428328514,122.900511115789,185.569834396243,326.017802894115,660.763095915318,14.2155845463276,3523.05790692568,5.56516951322556,61.7172238826752,167.429682582617,19.692084312439,6.38427913188934,2.51485827565193,3.92736002802849,833.088490128517,36.6360959708691,3.90073877573013,16.617004275322,868.008811801672,3.71767592430115,3.59988966584206,6.65748989582062,738.417614430189,17.9243460297585,23.7665439248085,1.08239018917084,2.43604326248169,1.37601399421692,67.5371735990047,483.030653893948,213.371219217777,5.56016582250595,40.2232774496078,20.3120591640472,868.181550815701,45.9237958490849,48.9364618062973,2380.97638738155,123.335082173347,1060.24679128826,326.173466444016,3514.60905405879,1484.75343728065,291.219910591841,23.3598771691322,2.70609617233276,11.1340202987194,15693.0193821937,1051.87958946824,14275.243884474,709.25127184391,6355.05931930244,2641.01781320572,11021.9073892534,1223.92996646464,0,220.540261268616,3328.67032158375,5649.9588842392,60.9430577456951,68.1404131352901,795.403975769877,214.448064893484,28679.4289765507,116.871663808823,7.23215919733047,140.293386727571,4726.21677163243,2.75693693757057,469.988411188126,264.882928162813,2541.21859750152,1081.05971267819,263.162194699049,250.553928941488,375.280526071787,10.493508040905,1491.24927097559,3320.70760649443
0,108.383140176535,0,0,0,0.978791952133179,2.37033051252365,9.22407406568527,27.6273457705975,1.91291528940201,4272.8916105926,6.11937719583511,13575.9141474664,5.79257297515869,0,1.69118273258209,3.57342982292175,204.85902556777,48.4502356648445,0,1.25816869735718,37.0718945264816,1.26697814464569,14.9125284552574,2928.4342649281,2978.03470724821,2815.9478944838,3.90446379780769,3.53221702575684,1.24301910400391,6479.90153121948,0,0,115.850944191217,4.78337198495865,2.42611140012741,89.5315308570862,102.450464963913,9.48117688298225,4.04157373309135,0,72.186463624239,128.038500070572,408.719919919968,725.159345090389,75.9051896333694,54.823507130146,77.8717480897903,1059.56810101867,3.67596274614334,745.734655827284,0,14.5993153452873,1.32600855827332,35.1542465388775,51.3584674596786,64.0576920807362,385.212186962366,124.690066590905,8837.62061783671,220.540261268616,0,163.065712690353,12.2595732212067,67.4129080176353,3.12460541725159,131.937113285065,41.9629480838776,33.779911711812,10.3375980257988,328.786643385887,7.21371522545815,314.951072305441,7725.6793500185,562.175372779369,1918.74605110288,81.3459714651108,400.75036406517,19.3805041015148,1435.31472712755,281.297874927521,1.4519248008728,1180.66771218181,7.87005865573883
0,1.77254021167755,0.491054236888885,34.0221220850945,4.16744101047516,0,73.5231387317181,22.3602088093758,160.115643203259,56.5755105614662,1.00154393911362,90.7349474877119,4.61892387270927,10.5350151658058,12.1403192579746,112.403300344944,1.11652991175652,0,0,66.1822302341461,237.807951956987,23.172392219305,68.1231303215027,575.102799057961,1.31686121225357,2.75050297379494,22.6526340246201,743.549039363861,16.9585908651352,52.3445438742638,0,0,0.438077479600906,32.7998559474945,66.2271576523781,142.02539896965,3.03821867704391,13.1742112338543,20.19790828228,67.6068457961082,6.76928707957268,25.481859266758,3199.2834751904,109.727854251862,3427.26376092434,1224.82553318143,758.783481538296,1138.95517596602,215.843575507402,14236.0070304275,4.86333900690079,33.5719345211983,324.905662760139,13.5876448154449,904.284537360072,46915.6441921592,28283.1851396561,350.92156791687,6244.60156318545,991.692866355181,3328.67032158375,163.065712690353,0,209.760600328445,78.7690425515175,1433.84022438526,589.705253154039,424.624536007643,814.851272717118,344.133987486362,19.9952087402344,1696.86984851956,1199.87234905362,3.51497212052345,407.349457979202,403.30548581481,5638.97512243688,14082.6732162833,14048.6031195223,155.947772890329,1188.54050189257,343.900863200426,6010.9631870091,942.387630909681
0,3.26782989501953,0,283.411949545145,66.0779227614403,9.08253973722458,55.8191020190716,45.6928125917912,350.315515577793,181.293264865875,0.814610958099365,311.98565274477,1.8021514415741,18.0272871851921,104.114282935858,13.4745940864086,3.88354760408401,0,1.3444207906723,339.627590894699,45.0075818896294,1.89625471830368,13.7751974463463,719.488994091749,0,5.47723680734634,47.0393695235252,553.943306326866,9.25828766822815,22.188134342432,0,1.73884892463684,0,25.7781144082546,128.276470601559,118.827489495277,6.2039190530777,11.8663315474987,14.7784405946732,819.90927618742,32.2375572025776,9.86617937684059,203.444823116064,147.615695118904,90.8433795273304,205.252645879984,4461.29180763662,475.128310203552,47.3698276281357,16.0595419108868,26.3716360330582,25.4364023208618,306.223083764315,2209.11207400262,3395.03096790612,533.640806168318,1460.63929964602,3139.42118304968,2315.93124602735,32.8666550517082,5649.9588842392,12.2595732212067,209.760600328445,0,148.444594919682,38.4186266958714,53.6411003768444,28.5627511143684,271.890395522118,228.804570317268,56.1229018270969,429.141189932823,1895.23921483755,12.3567931056023,79.3850727379322,387.768080085516,1428.34053465724,112.38346979022,287.038679093122,6.93294084072113,154.26837426424,6.70364743471146,84.5915029644966,1281.58702433109
16.0359705090523,197.534085661173,39.5972059369087,1.3622652888298,2.0903097987175,0.977503389120102,157.208275049925,80.4760708212852,3957.16571998596,7.5573590695858,2.15098333358765,5.95660096406937,15.4998720884323,115.271472066641,9.25944823026657,14561.3066569269,61.9785330295563,0,3.84353178739548,6.47856199741364,5559.82105582952,4021.67034000158,7916.62432938814,2452.87667730451,23.0987612009048,10.7569956481457,9501.34487897158,1351.6325109005,45.5819726288319,703.062671333551,3.23889869451523,0,4.53426134586334,71.8059111833572,389.749904572964,1043.87516763806,158.57337936759,167.978985846043,221.550589293242,37.6039117574692,35.3608834147453,34.734590113163,12429.9803569615,3022.33905681968,1409.0919521451,1308.94207280874,444.319012016058,200.021727323532,36.7509280741215,8.41683837771416,698.122997820377,48.1815932095051,0,6.2035106420517,4.51106986403465,74.9533534049988,36.8936744332314,308.543562114239,12.8113043606281,16.7968409955502,60.9430577456951,67.4129080176353,78.7690425515175,148.444594919682,0,102.054559111595,20.0658034086227,26.6993406713009,3.5227826833725,13882.2926070094,12330.8168489039,15044.5112927258,5524.79761648178,104.460658013821,62.3877377212048,9959.79534772038,4748.02882021666,37.7928411662579,777.011600166559,10.0922128260136,7.78154847025871,8.94095951318741,587.63247948885,2330.31983938813
0.419462263584137,154.397039085627,217.565440952778,0,2.71247935295105,0,2.40463390946388,0.565607249736786,43.2494325935841,0.517774641513824,1.27463352680206,2.66295674443245,3.36960634589195,2.46530070900917,3.94829240441322,31.9797549843788,370.963681131601,3.19724977016449,138.88679382205,2.7539971768856,33.7002296149731,32.784946501255,39.4645605683327,30.6181029677391,18.9672101736069,502.588571280241,4617.99678820372,40.8106717765331,0.58718478679657,5.11785465478897,11.7168816328049,0,0,47.3414114713669,259.409577637911,123.910193234682,64.8623352646828,59.5228925645351,72.1703868806362,0.586102366447449,1.27570927143097,0,2552.16861644387,330.939173609018,3403.37070417404,2109.71132454276,65.0968965291977,66.8049816191196,10.8666996657848,221.825919061899,122.38357001543,15533.9573304355,3.47892799973488,0,22.9437566399574,2531.12062466145,472.151496738195,15.4997748434544,50.2668962180614,327.810122609138,68.1404131352901,3.12460541725159,1433.84022438526,38.4186266958714,102.054559111595,0,995.767381936312,9583.78261479735,14.9351696074009,2936.94166940451,24.059542298317,18482.968716383,28.2851295173168,24.7460328638554,7301.19232809544,28524.6695831418,2452.68560341001,310.290401130915,6271.89780494571,2.22893106937408,8.6230916082859,21.3438446521759,9737.03460937738,406.149808168411
0,21.178805410862,0.823065876960754,2.1300733089447,0,0,0,0,4.26402419805527,3.14460322260857,25.2452253103256,14.6304898262024,67.4306146800518,0,4.20595890283585,2.57710742950439,12.3583200573921,52.455241471529,41.5344017148018,0,1.26072072982788,7.97143316268921,3.45204901695251,0,76.3877622485161,733.13267031312,1042.94797477126,1.35947585105896,0,0,256.654957801104,0,0,3.23644044995308,237.974660366774,17.2079301476479,19.3403705954552,4.50614768266678,44.397318482399,2.09887886047363,0,6.45686140656471,3076.65065905452,2043.53590890765,4827.801959306,3323.3498968184,181.38413476944,169.729693740606,53.0036241412163,42.5315634012222,23.1691055297852,221.720776230097,29.225405305624,0,119.690585374832,266.183591485023,162.999939382076,35.2762524485588,519.816769957542,15052.9701845348,795.403975769877,131.937113285065,589.705253154039,53.6411003768444,20.0658034086227,995.767381936312,0,11386.1870950162,166.598160222173,69.4108385145664,3.75383123755455,406.661989331245,150.04437944293,105.882461667061,4945.41807729006,3221.45703297853,262.771548330784,938.65740609169,236.734827011824,89.2331251204014,404.469774961472,0.808634877204895,6416.38779187202,376.792097300291
0,96.6007178127766,32.4300396442413,0,4.28372371196747,0,1.45108962059021,0,9.59376925230026,1.98836594820023,5.8083353638649,6.52656576037407,36.5931165516376,0,5.36730974912643,2.69281673431396,102.146163702011,16.1251405477524,116.299697190523,1.42681860923767,4.73120385408401,8.97068139910698,4.96540954709053,2.67040729522705,132.782374799252,868.805404067039,3123.96968370676,1.97478669881821,0,0.80050253868103,75.6033559441566,0,0,10.1628385186195,243.223549604416,29.360515743494,36.6293274760246,23.5041851997375,70.1046167016029,0,0,0.521685421466827,2803.47317570448,700.799054503441,2540.95813721418,2561.98741203547,49.5230691432953,54.9665583074093,11.9918835759163,65.1329085230827,115.14953994751,7084.12535777688,8.86463260650635,0.704704999923706,28.2889131307602,512.718652009964,122.566231936216,30.2321410775185,166.13881829381,1627.41443732381,214.448064893484,41.9629480838776,424.624536007643,28.5627511143684,26.6993406713009,9583.78261479735,11386.1870950162,0,37.8952124118805,494.773506551981,22.911526620388,2613.16865432262,47.2369478046894,285.01980355382,35897.9686028361,21656.1878728271,435.697617739439,226.435364633799,1093.37712752819,17.7952462732792,38.3109069466591,2.78126579523087,7119.139754951,300.858936518431
1.85429686307907,0,0,774.989885807037,14.1791251599789,8.11267456412315,153.630847811699,81.9731766283512,289.473459482193,599.404887527227,1.59203138947487,788.081010639668,0.576197862625122,22.4260097742081,30.7116705179214,0,0,0,0,523.591349631548,3.40691089630127,2.56746524572372,0.494606196880341,722.093209594488,0,0,0.723402142524719,776.966288030148,2.2552769780159,8.60782676935196,0,0.941763162612915,0,32.6748178005219,11.3050406575203,104.829940348864,0,19.781310915947,7.73981282114983,274.403202623129,19.3997605443001,9.27264180779457,1099.51412066817,35.7950961887836,237.059291154146,80.5018374621868,535.700190708041,484.803840816021,85.8072720766068,4.31159988045692,0.650635838508606,3.33409062027931,60262.2473003566,60.6610428392887,727.750944629312,167.960349589586,1420.81672045588,435.587463706732,20461.5104672313,227.486509531736,28679.4289765507,33.779911711812,814.851272717118,271.890395522118,3.5227826833725,14.9351696074009,166.598160222173,37.8952124118805,0,7.13127994537354,0,15.8463792204857,3025.24585744739,0.475148439407349,84.3868332803249,48.2129519283772,2640.6169565767,267.537116795778,23.0053613483906,42.3173743486404,70.3755867481232,1.3734917640686,348.667823195457,133.570613950491
13.6149509549141,18.9092997312546,13.6993750035763,5.28296738862991,2.12861132621765,2.0070384144783,76.4886517226696,68.7805025279522,902.378868669271,7.77804091572762,0,10.5112951397896,1.90814191102982,89.8192481398582,11.9472815394402,3586.88287517428,18.1144690215588,0,0.616410672664642,12.2160941362381,3776.83119639754,761.327154695988,1604.23346468806,1988.50564935803,0,10.4273212850094,497.128324359655,1586.82899931073,43.092056453228,639.610064506531,0,1.74361044168472,4.70428532361984,55.9000196158886,433.807298004627,810.024069577456,53.0726328194141,67.7731336653233,115.049552112818,28.6592642068863,35.7028306126595,45.9451563954353,8095.28339448571,1171.13990533352,9776.15061473846,4189.62576177716,847.574329018593,553.359331339598,53.8734700381756,59.5418911874294,43.8179733157158,169.570387154818,5.19149148464203,10.4145530760288,5.26121810078621,713.286097884178,129.396903783083,171.988731443882,23.0865455418825,32.8980074524879,116.871663808823,10.3375980257988,344.133987486362,228.804570317268,13882.2926070094,2936.94166940451,69.4108385145664,494.773506551981,7.13127994537354,0,551.55789873004,36624.6970234811,835.145264208317,10.9795902371407,270.302853554487,1573.68487080932,32315.4066058099,268.066505283117,28676.3052409291,1.12647461891174,6.09916272759438,53.4877321720123,18232.4966045618,3467.50605866313
5.19944769144058,201.142278850079,43.1389291584492,1.35123431682587,0,0,24.8116580545902,12.7438237667084,2535.20060738921,2.73057895898819,31.0261317491531,0,108.523244261742,18.3169085979462,0.955919325351715,2641.97986114025,51.6699641346931,0,3.69330585002899,1.53673896193504,910.832474648952,2177.97611901164,1059.59513956308,1019.98343142867,55.096028983593,18.5367811918259,3749.14633339643,300.436716884375,10.0215162336826,102.068775385618,32.4990165829659,0,1.38764226436615,14.6490167379379,49.8477386832237,203.45332556963,42.3668184578419,41.7908989191055,46.4196457862854,0.581253528594971,5.59885144233704,1.66101670265198,502.190544337034,341.206366598606,63.4519520699978,49.4166424274445,230.224376529455,10.8839916288853,6.99115037918091,0.62382435798645,3020.09839183092,23.8676850795746,3.41400679945946,14.8871250748634,1.24057674407959,42.0230897068977,16.1364264786243,6607.21718150377,10.1890414655209,87.5933511853218,7.23215919733047,328.786643385887,19.9952087402344,56.1229018270969,12330.8168489039,24.059542298317,3.75383123755455,22.911526620388,0,551.55789873004,0,833.258138090372,18680.9306974709,462.339802950621,67.021388053894,14799.8289181888,1430.64133647084,21.6035323441029,155.510982692242,75.0860638320446,0.539121448993683,6.61935994029045,56.5152171254158,64.6714236140251
12.1222758293152,144.780748307705,189.026372224092,6.96868973970413,4.73295480012894,0,116.605918258429,48.3670838177204,1064.28944483399,6.72453001141548,0,4.08467811346054,2.6540834903717,67.2938298583031,26.2332845926285,6729.40960878134,265.823813825846,1.31962966918945,32.131500095129,7.42678648233414,2363.23735436797,1739.6252489388,5091.71701547503,951.002672791481,9.73492711782455,57.8429645001888,12211.4905027449,688.909186810255,21.3103979229927,298.980830699205,0.551122069358826,0,4.6588953435421,73.6689363718033,2009.29966574907,829.1892131567,235.28850159049,274.97904998064,523.007486969233,23.3509016036987,19.4196582734585,23.4652409553528,36599.0285467207,8252.55869033933,25289.6164069176,16578.7356822193,2707.8737962842,798.469750314951,78.6135249137878,306.136518865824,82.2614256739616,36560.6206435859,6.47760218381882,15.784398317337,31.1407707333565,4109.48068067431,614.438846945763,47.4850068390369,56.7919703125954,144.279489159584,140.293386727571,7.21371522545815,1696.86984851956,429.141189932823,15044.5112927258,18482.968716383,406.661989331245,2613.16865432262,15.8463792204857,36624.6970234811,833.258138090372,0,339.538404464722,18.9757094681263,3654.65743216872,36858.1734416187,15406.6410012245,414.767681598663,18980.1235496402,12.3537128865719,9.51648154854774,24.8817980885506,22678.2047469914,9184.80675292015
28.7124211788177,104.118895113468,50.2397501170635,2744.20584473014,225.288508445024,106.60539740324,1836.02969259024,1229.76471680403,8295.35506230593,2047.3778886795,41.0994284152985,1426.44897983968,81.1588694453239,586.695899486542,447.613535165787,2433.39378792048,33.9945262670517,3.50429040193558,1.87468090653419,2887.79058232903,4325.81652194262,1192.22622650862,837.535352855921,19484.5480603278,49.0837539434433,14.4922038912773,555.109929174185,15919.9814445376,413.644810318947,912.858417004347,12.4657905697823,32.902933716774,24.490131944418,641.59855479002,457.14028570056,3058.54612100124,59.4504944086075,473.149438232183,254.644821405411,2689.48709514737,404.541917920113,151.18041151762,3658.50577405095,184.558374643326,840.742747396231,283.776422470808,3279.55158299208,931.692744344473,120.594920963049,71.0146913826466,2566.40832361579,12.1443858444691,9850.70085215569,461.764849066734,426.688182264566,3532.8192846477,2567.66236156225,55424.7733691633,5426.91288307309,216.6144336164,4726.21677163243,314.951072305441,1199.87234905362,1895.23921483755,5524.79761648178,28.2851295173168,150.04437944293,47.2369478046894,3025.24585744739,835.145264208317,18680.9306974709,339.538404464722,0,526.82541435957,130.471640020609,3311.6192599237,31133.2580217719,1017.4434479773,549.453115016222,83.5403400063515,56.4941671788692,155.25454634428,1054.56606155634,1205.25739076734
0,152.069585204124,0,0,0,0,0,1.09657526016235,15.2878560423851,0.396675109863281,524.312009304762,0,2797.70498475432,1.88902276754379,1.28467786312103,0.41406524181366,6.33738619089127,32.2555668354034,39.9712275266647,1.21911251544952,1.10999947786331,21.7888686060905,2.42030143737793,12.8625066280365,3776.12401324511,922.254624277353,3645.71757134795,0.68073034286499,0,0.906250894069672,1130.88505482674,0,0,30.0016514062881,29.1244249641895,3.41544944047928,35.6270591616631,12.6897784471512,5.03600722551346,1.91533386707306,0,5.54962539672852,394.378880143166,471.012772977352,111.650296896696,162.611712604761,20.5738250613213,5.31788712739944,101.526272177696,0,1703.19234621525,12.4664543867111,1.06782686710358,1.64647924900055,0,3.44456785917282,3.04874265193939,725.763972878456,3.62863421440125,450.093669474125,2.75693693757057,7725.6793500185,3.51497212052345,12.3567931056023,104.460658013821,24.7460328638554,105.882461667061,285.01980355382,0.475148439407349,10.9795902371407,462.339802950621,18.9757094681263,526.82541435957,0,1762.3244908452,10040.134734571,62.6901031732559,4.39405158162117,5.0311239361763,803.704865098,4.76195991039276,0,83.1100776195526,30.2227921485901
0,533.893764287233,109.436169862747,0,3.56153827905655,0,0.322181046009064,0,55.9106257855892,0.859650075435638,190.633345842361,14.2276378273964,668.543593257666,1.48628482222557,8.6634846329689,3.11798188090324,370.531286656857,477.033762276173,993.974952876568,0,7.98578146100044,70.0415660142899,27.5347315967083,7.9800491631031,1747.98105502129,11097.6993162334,21848.8665222824,4.98643818497658,0.502511560916901,3.17565196752548,2306.16244107485,0,0,110.075507760048,607.940326720476,120.678696453571,232.264341950417,100.437092155218,212.068309247494,3.35447818040848,1.90558350086212,13.0302009880543,8470.49327984452,4775.6222832799,4966.29751819372,6310.9008102119,128.394044011831,149.221318840981,69.2823041975498,26.4468384981155,293.513493686914,36749.0589050949,28.3679398298264,1.65801125764847,64.8835953176022,311.002121627331,129.758523225784,103.079929023981,321.861845731735,6936.43959498405,469.988411188126,562.175372779369,407.349457979202,79.3850727379322,62.3877377212048,7301.19232809544,4945.41807729006,35897.9686028361,84.3868332803249,270.302853554487,67.021388053894,3654.65743216872,130.471640020609,1762.3244908452,0,38884.4397022426,336.57729062438,546.994833797216,361.881527215242,1231.62063914537,225.949288904667,3.71264517307281,4063.50718522072,872.604994773865
0,8427.26316854358,4482.51858577132,0,11.0581212043762,1.21795982122421,110.308315783739,35.5026418268681,2670.26499840617,3.23544564843178,310.883130550385,9.73389273881912,1296.03143244982,35.6784463822842,33.7264313697815,3330.68182659149,5499.53881725669,513.977386593819,2825.30114758015,2.30893325805664,1046.45455935597,5487.0776720643,6126.41551551223,380.413687229156,4531.66842675209,22285.8440897763,154472.475738406,277.44328340888,7.09342050552368,102.935480117798,3087.99750322104,0.753709971904755,2.79266273975372,888.636944651604,3242.2617764473,2750.60992363095,1432.5517077148,1943.23931646347,2053.63254082203,12.0261442959309,39.3861300647259,24.4662458598614,38469.2379012704,9139.38332304358,17640.3457592428,16717.2382848561,989.910671532154,506.957222670317,117.71828904748,61.0003659129143,23634.2003794312,17680.5393575132,12.144560277462,16.3215995430946,28.6292862296104,478.316477268934,106.735123842955,4014.68182680011,163.754730030894,670.39652299881,264.882928162813,1918.74605110288,403.30548581481,387.768080085516,9959.79534772038,28524.6695831418,3221.45703297853,21656.1878728271,48.2129519283772,1573.68487080932,14799.8289181888,36858.1734416187,3311.6192599237,10040.134734571,38884.4397022426,0,3253.32148188353,256.563867986202,1104.43506771326,749.532564967871,63.7963997125626,10.1548480391502,8401.26599213481,5788.13410791755
49.9548915624619,18.8085988759995,96.3633122444153,1456.07832556963,65.1155124306679,47.1206058263779,1872.30369135737,1323.79425153136,3624.34877806902,1364.57086369395,6.6393069922924,328.226215273142,6.40919831395149,841.377094238997,174.396985769272,1538.52499780059,58.8007464706898,0,2.12410688400269,1623.88032728434,3856.59968289733,341.360048115253,645.837424993515,14708.2742246687,5.41085729002953,19.9634571373463,395.951496779919,17090.0587707758,648.982087373734,1523.19235569239,0,33.0622184276581,59.5685649812222,929.793058007956,707.36898547411,4216.27047210932,106.076296687126,537.897412389517,305.554925918579,1263.14807122946,466.96961030364,208.93940192461,10580.9696039557,663.139749675989,5325.3871601522,1858.15610739589,2318.91904142499,2465.32405722141,276.870935082436,349.88063621521,325.793230384588,125.637518256903,9687.22891399264,269.569623380899,1760.35704529285,59154.054554522,13307.4801000804,8539.15308570862,30572.1152124405,311.45945109427,2541.21859750152,81.3459714651108,5638.97512243688,1428.34053465724,4748.02882021666,2452.68560341001,262.771548330784,435.697617739439,2640.6169565767,32315.4066058099,1430.64133647084,15406.6410012245,31133.2580217719,62.6901031732559,336.57729062438,3253.32148188353,0,4467.79018047452,15119.5772556663,53.0237838625908,143.557509481907,874.320846915245,6654.98265194893,5098.4884827733
2.86884522438049,0,3.20643484592438,18.6459296941757,0.62747985124588,0,44.5134590566158,16.0565438866615,104.461317628622,13.2464869916439,3.43945246934891,32.1195468902588,10.032791852951,11.5902671515942,5.61357355117798,56.5235104858875,0.442311763763428,0,1.51218199729919,21.8766587972641,160.014271229506,3.6140116751194,28.315428763628,428.256145298481,3.4903382062912,5.0884108543396,13.1917083859444,549.921666383743,9.86712467670441,52.3166939914227,0.992056548595428,0,4.4274982213974,21.0241045355797,28.3216340839863,104.343605935574,0,9.28150641918182,5.79058575630188,27.9833126664162,13.8651831150055,10.2870263159275,1272.27236902714,131.02538189292,1465.58539050817,362.248403429985,288.830668270588,980.929313570261,134.77310359478,5285.25894668698,7.61422035098076,22.0470070242882,136.362108051777,3.25218150019646,134.789367571473,1974.57545939088,674.816482931376,259.157735139132,1228.6787417084,2437.62353348732,1081.05971267819,400.75036406517,14082.6732162833,112.38346979022,37.7928411662579,310.290401130915,938.65740609169,226.435364633799,267.537116795778,268.066505283117,21.6035323441029,414.767681598663,1017.4434479773,4.39405158162117,546.994833797216,256.563867986202,4467.79018047452,0,12274.5303258896,340.272270351648,723.04410380125,9632.33901035786,11741.6345027983,450.096045047045
10.8158729672432,6.52861481904984,23.8630121350288,16.4058782458305,2.70012724399567,3.18593335151672,101.925985962152,80.9119285643101,473.561066746712,17.2389068603516,0,14.2589738070965,1.32783734798431,87.1069110035896,19.5430461168289,1546.31734991074,13.8520528078079,0,0.732421576976776,38.4011242687702,2599.85817122459,251.70730483532,740.044113010168,1560.18460354209,1.51471084356308,8.85775536298752,153.600822627544,1940.58940351009,68.5793843865395,483.582015365362,0,0,12.2293331623077,93.917915135622,279.748111635447,730.936692804098,37.4404713511467,88.453122317791,74.8702881038189,57.4724619090557,54.0730066597462,41.6312904953957,4514.27812424302,312.144066125154,6731.11099219322,1738.76264962554,543.665083885193,771.243948191404,72.0408299863338,5105.00894656777,12.8731868267059,57.1667992770672,9.26598086953163,6.38970065116882,63.5034202039242,17779.6339635253,2115.61844545603,195.569080173969,109.907763153315,169.994918197393,263.162194699049,19.3805041015148,14048.6031195223,287.038679093122,777.011600166559,6271.89780494571,236.734827011824,1093.37712752819,23.0053613483906,28676.3052409291,155.510982692242,18980.1235496402,549.453115016222,5.0311239361763,361.881527215242,1104.43506771326,15119.5772556663,12274.5303258896,0,22.0920313000679,48.3520220816135,1242.67599326372,23077.3371787369,2707.84477975965
0,54.9851945638657,0.517350435256958,0,0,0,0,0.875884234905243,20.740311563015,1.40727838873863,623.614820599556,5.03436622023582,1741.02549538016,1.18649232387543,0,0.646939992904663,6.79437774419785,250.122789025307,60.8906674087048,0,0.660635530948639,21.2029331326485,1.93120396137238,1.89739257097244,1024.12503939867,2852.32244041562,2995.73218375444,0,0,0,3500.40264439583,0,0,29.9639127552509,14.1124913692474,9.41470438241959,51.4755207300186,29.0216400623322,7.20007294416428,1.47626519203186,0,16.1718768179417,344.863763421774,997.502105623484,454.254688680172,571.752522021532,39.0555316507816,47.0778367817402,180.275705695152,6.34628543257713,152.137755304575,0.64197188615799,11.2273408472538,0,24.3364890515804,46.4478397071362,52.1824836134911,106.871001154184,156.583969801664,3244.74936902523,250.553928941488,1435.31472712755,155.947772890329,6.93294084072113,10.0922128260136,2.22893106937408,89.2331251204014,17.7952462732792,42.3173743486404,1.12647461891174,75.0860638320446,12.3537128865719,83.5403400063515,803.704865098,1231.62063914537,749.532564967871,53.0237838625908,340.272270351648,22.0920313000679,0,194.929180145264,0,474.557205349207,48.3390601575375
0,0,0.460039615631104,1.26782354712486,2.01739829778671,0.668724894523621,4.71066772937775,4.29407405853271,6.24785149097443,3.38357743620872,3.70027053356171,8.10690969228745,9.4784904718399,0,0.593082427978516,2.7188366651535,0,0,0,1.93000507354736,8.83467763662338,0.704539954662323,1.84138303995132,18.4744287729263,3.29733860492706,0,2.02043968439102,11.7956421971321,0,2.95029020309448,2.56860113143921,0,0,0,0,3.39023458957672,0,0,0,11.4961828589439,0,3.33913493156433,417.735820621252,85.8141267597675,458.944536089897,301.124914169312,234.335179507732,16474.7212326527,364.670832008123,18.9799475073814,0.466056823730469,2.53119072318077,25.2822782099247,2600.04047822952,1650.04954369366,113.476986557245,3548.43799892068,15.7775302827358,306.082498043776,1239.07504209876,375.280526071787,281.297874927521,1188.54050189257,154.26837426424,7.78154847025871,8.6230916082859,404.469774961472,38.3109069466591,70.3755867481232,6.09916272759438,0.539121448993683,9.51648154854774,56.4941671788692,4.76195991039276,225.949288904667,63.7963997125626,143.557509481907,723.04410380125,48.3520220816135,194.929180145264,0,0.883731186389923,8714.39263880253,14.5641501247883
0,0,0.679922461509705,0.877235352993011,0,0,5.46479713916779,4.1642239689827,19.5388979613781,3.78300803899765,0,1.24896347522736,0,2.255939245224,2.74137985706329,10.440064817667,0.787697494029999,0,0,1.5958337187767,43.1522119641304,3.05697286128998,4.76762199401855,65.4333617389202,0,0,0.486120998859406,82.6122651994228,4.07329946756363,16.5355417132378,0,0,0,0.984627783298492,7.55864155292511,31.7568998932838,0,2.24464797973633,0,1.17562937736511,2.30676734447479,1.38441807031631,76.9414614737034,2.71833193302155,147.947004675865,27.3306036293507,20.2526844143867,23.3168541789055,3.91337138414383,121.440332204103,1.23457276821136,0,2.90365010499954,0,1.13497030735016,90.8679464161396,67.1044391691685,19.9753107428551,5.61705124378204,4.37705808877945,10.493508040905,1.4519248008728,343.900863200426,6.70364743471146,8.94095951318741,21.3438446521759,0.808634877204895,2.78126579523087,1.3734917640686,53.4877321720123,6.61935994029045,24.8817980885506,155.25454634428,0,3.71264517307281,10.1548480391502,874.320846915245,9632.33901035786,1242.67599326372,0,0.883731186389923,0,759.971934884787,69.9653817713261
0,55.5880386531353,32.1076660752296,42.1795783340931,2.27218043804169,0.816353380680084,96.173298150301,60.1234616041183,114.147011816502,52.7259106934071,16.2864334285259,47.9773934483528,78.2935158014297,42.7806249856949,2.8630650639534,91.5611886680126,81.0232630074024,3.08551904559135,49.0789807140827,46.6215818226337,182.470459997654,19.7170624136925,49.3646545410156,557.498203068972,46.0007239580154,261.485272169113,1241.06300902367,727.302719980478,26.6832335591316,71.133699119091,15.6738193035126,0,5.08503860235214,56.4090424478054,57.1106907129288,187.455145448446,14.3172985911369,39.9848290681839,34.086248666048,62.9848292469978,28.6570510268211,16.970692306757,1631.90986430645,245.779191106558,2060.35280817747,527.872150570154,275.358976244926,517.074551075697,631.931357085705,1046.08769986033,62.714676707983,1030.3498840332,296.121476173401,189.06950122118,160.720419302583,4940.49054786563,1816.18755570054,262.343690901995,2138.19804693758,9307.28822219372,1491.24927097559,1180.66771218181,6010.9631870091,84.5915029644966,587.63247948885,9737.03460937738,6416.38779187202,7119.139754951,348.667823195457,18232.4966045618,56.5152171254158,22678.2047469914,1054.56606155634,83.1100776195526,4063.50718522072,8401.26599213481,6654.98265194893,11741.6345027983,23077.3371787369,474.557205349207,8714.39263880253,759.971934884787,0,488.308956176043
9.21290147304535,27.6970100998878,284.428446471691,38.9571782052517,245.456541091204,66.3063215911388,215.269836515188,89.4373067617416,164.356743514538,178.501263707876,33.9370009899139,531.517746001482,3.38035762310028,73.0660335421562,801.620607286692,1193.65900841355,964.086565941572,185.19382083416,937.398329555988,88.398030012846,1738.04381465912,117.839085549116,4212.10433155298,554.213037669659,3.25385791063309,691.322001039982,5106.47711578012,941.732147604227,46.4018983840942,488.55964460969,14.0733535289764,17.3634139299393,1.20215690135956,129.509256362915,171884.346563995,1751.09058326483,2967.82154202461,272.680469930172,6975.83429840207,131.717808961868,133.796271324158,53.2365173697472,7251.59568914771,1818.96728184819,492.133943557739,3140.24130302668,434.030208915472,764.997092694044,122.059365719557,147.657539725304,26.5421266853809,432.749884843826,218.708825856447,1948.90788859129,64.3301238715649,1888.47472858429,539.473440110683,328.078122794628,816.091787725687,99.2834042310715,3320.70760649443,7.87005865573883,942.387630909681,1281.58702433109,2330.31983938813,406.149808168411,376.792097300291,300.858936518431,133.570613950491,3467.50605866313,64.6714236140251,9184.80675292015,1205.25739076734,30.2227921485901,872.604994773865,5788.13410791755,5098.4884827733,450.096045047045,2707.84477975965,48.3390601575375,14.5641501247883,69.9653817713261,488.308956176043,0
