0,3.17693080379248e-05,0.00692643412785263,0.00019605108711276,0,0.00799213725209299,0.262356070289696,0.115756054118918,0.000121132775768495,0.00852503065435003,0.0011948401161757,0.00181063108296189,0.000340929123734379,0.999785201225372,0.000973377227366569,0.00012849510565896,0.0157712059705357,0.000428090382141638,0.0030814099724689,0.000673551680464841,0.00318538080784449,0.000121237967557025,0.0265410032125618,0.00187439756709702,0,0.00918461589866224,0.0040703560657799,0.00479409109573374,0.508183941587418,0.513985453787418,0,0.00142545921618619,0.00137395439172571,0.0144487385106951,0.0024021563007107,0.00865123035337127,0.00107075410683503,0.00283917285463078,0.00319116246007891,0.000683753536081555,0.00135367717782404,0.00248323019890273,0.00031574915745585,9.35586308312417e-05,0.000113784163198328,4.1003742229414e-05,0,0,0,0,0.000165997162125206,8.46680151324034e-05,0,0,0,2.82462455077172e-05,0,0,0,0,2.43170513533115e-05,0,0,0,0.000131113504563046,0,0,0,0,0,9.5418463462758e-05,0.000250315986179924,8.87331755350112e-05,0,2.53681819267989e-05,0.000407514026324201,0.000194810845780992,0,0,0,0,0,0,0.000428986958978176
3.17693080379248e-05,0,0.0143823334270441,0.000395695911947251,0.0001025015883286,0.000247281085850286,0.000969715409309863,0.000276544638322878,0.108876870858135,0.00017384644918642,0.0020415503258714,0.000188093470565557,0.0488748170363608,0.000176775826633072,0.00253226555921517,0.0233315054056391,0.010161797162629,0.000302101301543498,0.00151295226781246,0,0.00568499307532432,0.73406520941568,0.0171189807948715,0.149383920536697,0.304187320692175,0.034692799851358,2.61711575389752,0.00350328477229242,0.000214545047450566,0.00158687205795229,0.0143167814660074,0,0,0.00962354427281826,0.00209395900354657,0.025600468077769,0.00619199423473012,0.00142665604949484,0.00768544937990306,0.00359909164997607,0.000145995122365666,0.0016011064265183,0.023149471333207,0.00307191752714789,0.00619396513222683,0.00807464763630561,0.000363626507209539,5.95030713023186e-05,0.000332977642059445,9.5555988934851e-05,0.161591018709391,0.0186085162552308,0,8.43352093803404e-05,2.79391111257792e-05,0.00390807877103934,0.000193073558522415,0.00335638183320343,0.00016026725302434,0.0124372155221565,0,0.0211982125982744,0.00043287151505506,0.000658126736660384,0.00498967966699147,0.00755962816226897,0.000405080279953051,0.00112230628165262,0,0.00250744473609767,0.0219766646868239,0.0189247028231121,0.00489653473290775,0.0138670757844458,0.015465976403876,0.47135726495315,0.00161496105091825,0.00012283096500678,0.00219101687350695,0.00721290739571748,2.26913448512793e-05,0,0.00331083679556945,0.00319692307626557
0.00692643412785263,0.0143823334270441,0,0.000203186802097965,2.96348556550026e-05,0.00590724083894048,0.095502178505273,0.0364915662665225,0.000617984613852882,0.00419047977922046,0.00156572727070341,0.000913857965160367,6.66655452644348e-05,0.0679951208583223,0.00124715504214578,0.00508338105150726,2.41632423029053,0.0122002940411064,0.187341795496644,0.00031942122211597,0.197487234893413,0.00571367696032863,2.96091429374557,0.0103186051773544,0.000108929921934128,3.98985252555785,1.05839502288436,0.0780339810941691,0.0461794371698461,0.197560001377616,3.79507164032936e-05,0.00117653186132819,0.00192335112012935,0.154108118797858,0.038810066463381,0.457441551978349,0.380396228761692,0.034878265157658,0.205898377513304,0.00444932104146695,0.00425748423430974,0.00885775619685596,0.0615451825175977,0.009711867203073,0.0160213742058148,0.0213552190868012,0.00123055353879318,0.000316610495832467,0.00013824645336957,0.000315431878493786,0.0280222054624383,0.108836194685745,8.61611799038884e-05,7.35271544646265e-05,0.000100166958547711,0.00895002404055182,0.000284593534916568,0.00105868434527199,0.000262634921345472,0.000149035068035817,0.000115147409970331,0.00010229041166482,0.00107210029839263,0.000496959842250824,0.00653193947086504,0.0187187008057058,0.00136485339629974,0.00249979994798706,0,0.00434515315869098,0.0076141250334267,0.0424327874237768,0.00419378377464402,0.00043338002801485,0.0169652342315562,0.494354622355577,0.00446822341644073,0.00055517677906487,0.00523134299043796,5.55941605332613e-05,0,2.99599557610989e-05,0.00848384589007688,0.0178023240279237
0.00019605108711276,0.000395695911947251,0.000203186802097965,0,0.0160079449530918,0.0655230206959937,0.180376834913778,0.0174438344993189,0.420114435597076,0.641656258282124,0.00515432942290442,0.384534557518248,0.000774337238953901,0.0205685810458782,0.101779963973827,0.000174923992242623,0.000371208462447309,0.00259799171443498,0.000722799934512307,1.40261909943884,0.000266632690551567,0.000802748696745088,0.00062540883915689,0.335934199864228,4.9477962375927e-05,0.00304338587436941,0.000846580689202059,0.384650221757039,0.020255525529504,0.0011628073897738,0.000612297456361127,0.0130698713856346,0.00143097546733983,0.0295935662610315,0.0131646099620323,0.0900260930110256,0.00207884340206209,0.00830776667847878,0.00541242466004334,0.116998150792368,0.0147248658718304,0.0244627686036928,0.0144558017795184,0.0028837683056659,0.00484006767264147,0.000427937709098196,0.0335439551017004,0.00320603015843961,0.000178519943677282,5.40581267296314e-05,0.00271632660730491,0.000259624522005558,0.287880910665075,0.00274787346799278,0.0134944966044265,0.0811776708654431,0.0161278980373896,0.136260708232673,0.0990053281583033,0.000876011324064302,0.0449215049300178,0.00389590821816409,0.00391870661047282,0.00774500308748244,0.00111634996939294,0,0,0,0.0378690792479835,0.000476257297096467,0.0104580056565995,0.000804453940990231,0.269140339761591,0.00102574156340926,0.000243428563161993,0.00207973406924758,0.205740505307099,0.000833377403632735,0.000388114097232127,0,0.00060178052779541,0.000323229068227387,0.00284942069772742,0.00164442170661528
0,0.0001025015883286,2.96348556550026e-05,0.0160079449530918,0,0.0763938620331544,0.000915250367494153,0.00152353153453431,0.0243383725927307,0.00199654825619523,0,0.0241805099555403,0,0.00105895072038646,0.193403555107418,7.81488942721367e-05,8.80728576922414e-05,7.49204384336471e-05,0,0.00597979467772858,0.000181652770967102,0.0015115855195241,0.000246452260179234,0.0191164744470108,0.000134880100540209,0,0.000686730333184147,0.00421055416504354,0.000494749053346181,0.000117750432231903,0,0.0276900398949804,0,0.00119653699836087,0.0153611000232391,0.0247318676120325,4.40629048527718e-05,0.000228662347176933,0,0.907507914881163,0.0536895741914098,0.00103804777261291,0.000245633067046881,0.000797904105344298,0,0.0001387566121768,0.000829987797192762,6.64848754898071e-05,0,0,0,0,0.00261617308695717,0,8.4982976433277e-05,0.000583998453261852,7.56502938119888e-05,0.00259866884302125,0.000829486088994027,0,0.000717718240981863,0.000231515742295933,3.11909610975266e-05,0.000213504119206238,0.000810326819372034,0,0,0,0.000455056189140701,0.000121841729846835,0.00050995193479414,0.00080593362713742,0.00178276087990723,0,0,0.000517939111146355,0.00214611629583128,0.000167315333852005,0.000144350830299854,0,0,0,0,0.00786245155387087
0.00799213725209299,0.000247281085850286,0.00590724083894048,0.0655230206959937,0.0763938620331544,0,0.387707543171828,1.82016604288036,0.0560618945812823,1.95336007370426,0.0182065124568361,0.949607536385635,0.00221960691825764,0.181132131348514,0.323107546910349,7.05317583234786e-05,0.00707698519077763,0.00641842041422739,0.00234770574812737,0.122987883197036,0.00147439646281657,0.000964440539489222,0.0211360951069764,0.0179378890223702,2.89846246433258e-05,0.0148936463024989,0.00444486640811119,0.0258158572293598,0.0708546663003451,0.0504201332597786,0.00251429645866341,0.0514442960704996,0.000372751102740312,0.0756267051655506,0.393253339521895,0.193239532941046,0.00540759070601442,0.0156310957364257,0.00419123955244782,0.671161757742375,0.141133290657119,0.0494756857742994,0.00395946540632894,0.0058705247237134,0.000394691602364731,0.000716765739981796,0.0121454005187907,0.000297832175406361,5.65071862193584e-05,0,6.00464281036377e-05,0.000129400075354958,0.0284177265776876,0.00101987374191778,0.00188231925219591,0.00708393217999814,0.00167889329210272,0.0097750070409015,0.0100394769858939,0.000915097294057414,0.0124302010146916,0.00783751360993962,0.000479229816920686,0.00322643877256594,0.00152230381319289,0,0,0,0.00663901356410056,0.00100253998275204,6.19148480163574e-05,0.00138487153071478,0.0197971870864881,0,3.8782521924448e-05,0.00127961339817038,0.0203328835729066,0.000437470062850928,8.73861004172084e-05,0,0.000261708857852697,8.75409120998383e-05,0.000372173077269531,0.0156847525939997
0.262356070289696,0.000969715409309863,0.095502178505273,0.180376834913778,0.000915250367494153,0.387707543171828,0,1.35322333265522,0.0628069116042715,1.50071035680755,0.0547996390717486,0.0233511201611338,0.00956455004942016,2.41614887270122,0.0422828437805804,0.00141188727522762,0.0490968644223823,0.0253240720459952,0.0178807348467848,0.0231553149463038,0.0418835704276885,0.00198042256829996,0.427309284475564,0.468755672308351,7.96127860588071e-05,0.0903127187132381,0.0536845713676587,5.78627663334035,0.387368227077721,1.06499383171415,0.00752616860740979,0.051305984705292,0.0186348902424401,0.295596828188379,0.139318912239408,0.489619120510448,0.0391423773832299,0.108537538577935,0.103659425253331,0.0800287110431371,0.0910892859984741,0.169841832204907,0.0660046697565787,0.003331854402123,0.016362073005231,0.00259116980192006,0.0135642792846436,0.00784314372101159,0.00113535352259745,0.000205633364904499,0.000842256515724208,0.00187498380448029,0.0196274031489486,0.000741431293274333,0.0029178045596931,0.0707256844021004,0.00685809421097612,0.0164799403946544,0.0203393483134275,0.00257486679754401,0.00566265843662488,0.00549725763336346,0.00386763774501207,0.00719255483665251,0.00856585502808303,0.000111066992273211,0,0,0.0052371525354553,0.00175812584120371,0.00352379220463901,0.00598615801864743,0.214147701308028,5.22604763318539e-05,0.00021070898323667,0.0100401720166804,0.133501916609308,0.00336550467508857,0.00124392432062023,5.1807862511015e-05,0.0015177427522193,0.000726907147760722,0.00630751243199151,0.0210951316254477
0.115756054118918,0.000276544638322878,0.0364915662665225,0.0174438344993189,0.00152353153453431,1.82016604288036,1.35322333265522,0,0.00398655193575647,1.26225149628389,0.0221664506660478,0.137482410925601,0.00297266920364234,0.962080578499263,0.0252348400083263,0.00014563554031198,0.0572921776120552,0.00932441468646248,0.0126110312430825,0.044202846011188,0.00896286808382427,0.000321393965656757,0.112034189220244,0.00976530731505149,0,0.0423330975781147,0.019491966022411,0.0340867717743891,0.279131841153151,0.410154606027411,0.00261037204067251,0.0305482018020335,0.00515185702895544,0.132727043871271,0.022996379736324,0.188162575697545,0.00876115711793794,0.0324357419672036,0.0165211060478476,0.0985772971575673,0.0367350984949736,0.0603092086969188,0.00256991130297532,0.0026300876394536,0.000582734896720505,0.000253998093396879,0.000873355257390975,6.18528063052655e-05,0,0,0.000315344252036119,0.000236234619826841,0.00202737273615461,6.22369644224167e-05,0.000230213162808037,0.00282419244940739,0.000112074614725256,0.00183215636318929,0.000762413004953959,6.00172032430172e-05,0.000627426451771331,0.00465113546474583,5.51278082174778e-05,0.000515875368604374,0.000418125738377738,0,0,0,0.000384970647970176,3.26287503212929e-05,0.000446811425151873,0.00101453124605455,0.0100080001112591,0,0,0.00152408965006349,0.00514187282751904,0.00014017832021985,6.32956889937401e-05,0,7.70338528438567e-05,0,0.000147543564511514,0.00127466284884389
0.000121132775768495,0.108876870858135,0.000617984613852882,0.420114435597076,0.0243383725927307,0.0560618945812823,0.0628069116042715,0.00398655193575647,0,0.0693605497333606,0.00137341801293254,0.190054980356358,0.00810307829372527,0.00466905248336971,0.14956883116161,0.0195747198091728,0.000523338699628544,0.000522242097466493,0.00011987414521966,0.0985283353810725,0.0170499631545936,0.695413074595731,0.0056148214919446,1.44561589963835,0.0776990855509003,0.00497884875115857,0.243823111460132,0.416524981817961,0.00467690101584356,0.00246473686032951,0.00215852068801582,0.00959251785411545,0.000395162828698897,0.00859277055684901,0.00635212513843768,0.0566962228336558,0.00287772773371718,0.00255826682646575,0.00269371179532206,0.165863639440711,0.00758867357161949,0.00750089158040657,0.0529883698042233,0.00493282070638769,0.0108646284189981,0.00509635907446118,0.0254640351057321,0.00470062413379247,0.000269921956121779,0.000372292842989016,0.00575841059709978,0.00148711388170938,0.146384746900405,0.00363472856089976,0.00480972903144658,0.0420975974894129,0.00556992292393527,0.218179866525376,0.0416992248655131,0.00173225620902386,0.0210813997292927,0.0040772563360327,0.00330046710201323,0.0153495170667743,0.152865038302258,0.000383281706277037,0.000325132280007506,0.000651253754750633,0.0230379070620858,0.0629457518928722,0.132185923149083,0.0554185671527278,0.51895113448473,0.0012164838954938,0.00125745090356333,0.0203951811353143,0.183544810222758,0.00429015415776658,0.00857051887463541,0.000689548559142063,0.00114816440060027,0.000305541981228233,0.00510718979972227,0.0122474351330389
0.00852503065435003,0.00017384644918642,0.00419047977922046,0.641656258282124,0.00199654825619523,1.95336007370426,1.50071035680755,1.26225149628389,0.0693605497333606,0,0.0976983605235132,0.641954391375229,0.0155928037424873,0.529451790825343,0.036611523425977,0.000158921852628493,0.00425962597462063,0.0423862986418212,0.0132704488939261,0.798961817071694,0.0012695080508126,0.000154973876563597,0.0112476143135536,0.0347335442792547,2.95825331061602e-05,0.0650152441768964,0.0117501599560435,0.463319054656314,0.252002397002444,0.0276852132981783,0.0132082325016341,0.0879508652316441,0.00307983439597742,0.375419730287415,0.329246843882011,0.311971754705799,0.0126536191587094,0.0706198528890322,0.0299825423809663,0.118056767694469,0.0906664025367162,0.216400742571767,0.0186337742808772,0.00517800052052443,0.00538090412136469,0.000641808386441302,0.0190964901439042,0.00244856045915844,0.000489806371362948,2.26818817097425e-05,4.93426467668295e-05,1.41837274765134e-05,0.101111975352032,0.00116802592541277,0.00568781708581037,0.0631937485287028,0.00946185772181055,0.0344478417588584,0.0503203640534704,0.00103851307389629,0.0222831125020586,0.00506710601498787,0.00170423352927246,0.00626479441741813,0.00130326290727689,0,0,0,0.0163094605620179,0.000503245787915683,0.000156717964733291,0.00101437663649354,0.173605443828506,0,0.000171172083769512,0.000268096385991525,0.126844282148646,0.00108140168681295,6.20333682816982e-05,1.87833099425554e-05,0.000515262541641355,0,0.0027997948189034,0.00652744040732824
0.0011948401161757,0.0020415503258714,0.00156572727070341,0.00515432942290442,0,0.0182065124568361,0.0547996390717486,0.0221664506660478,0.00137341801293254,0.0976983605235132,0,0.0413717281803233,0.581903878509242,0.0242878016432821,0.00340115421765075,0.000522276789235568,0.00722921704508226,0.411088424043009,0.0826796537814406,0.0173404304110279,0.0033225037749522,0.000554666957126999,0.0087260121652513,0.00584392567889779,0.0111673882924386,0.0982638500421133,0.0234434949637386,0.0148703700735167,0.0398551416984919,0.0153319371408057,0.0747077157993799,0.0160339528826559,0.00172528995472598,0.982040387950215,0.00631578034756765,0.0517807053314205,0.0983718109564485,0.179823312161341,0.0197810435483668,0.00907365266022662,0.00625971124358747,0.45040491929973,0.00242081013732133,0.00366177928977678,0.00317112201528747,0.0016090309952189,0.000384693970428229,0,0.00122869128262725,2.93707962767601e-05,0.00465623199785278,0.000378181448357463,0.000256207700371313,0,0.000175743859113693,0.000356029444824743,0.000141438598541093,0.000438325362603665,0.000245929739229011,0.0685182589589849,8.45338275544169e-05,0.128710375143005,9.59277156101704e-05,8.65687340792658e-05,3.87279914375782e-05,0.000103475425671387,0,0.000102000985061359,0,0.000125696036980248,0.000765405298047064,0.000510060279679871,0.00280601844373684,0.0111575264881526,0.027318472293222,0.0260425219162132,0.000809311393100666,0,2.3847378468132e-05,0.0666188851237734,0.000118292264458752,0,0.00827987972820454,0.00121995777894752
0.00181063108296189,0.000188093470565557,0.000913857965160367,0.384534557518248,0.0241805099555403,0.949607536385635,0.0233511201611338,0.137482410925601,0.190054980356358,0.641954391375229,0.0413717281803233,0,0.00717676825300386,0.160148349082124,0.182205048190321,0,0.00144283069124536,0.015176696506059,0.00511292085802889,1.39394782723641,0.00052618323989582,0.000586207898538995,0.00247693031839621,0.0410491100583654,0.000181821082448673,0.0258414251767415,0.00425453666591771,0.0487857351760146,0.100092689641568,0.00651416402399546,0.00468121249897141,0.0551525878251105,0.000167495680232048,0.154334429756485,0.298182004054545,0.117865990788038,0.00302113703533323,0.0279441028078168,0.00313235452928624,0.182651024529806,0.0157639297386785,0.0837707884902712,0.00541752527408195,0.00393450635705109,0.00151997846175663,0.00015068138324275,0.0217719508982708,0.00069051022491367,0,0,0.000179629458523106,8.47136041440012e-05,0.0935889151633207,0.00130807597540555,0.00764939040632195,0.0123037555569607,0.00330891438416083,0.0299324743014345,0.0275893322745863,0.000403598043223572,0.0645178735407497,0.0038136555640357,0.000342228796520949,0.0046570705831104,0.000668444434912279,0,0,0,0.0471458197400154,0.000465072639562083,0.000484743973709393,0.000792137346585488,0.0388320913535923,4.37909800562382e-05,0.000137524567357778,0.000840577127646088,0.0560257934663068,0.000606716584039593,0.000151449518530083,0,0.000416384753256083,0,0.00063778525000999,0.0466637523492858
0.000340929123734379,0.0488748170363608,6.66655452644348e-05,0.000774337238953901,0,0.00221960691825764,0.00956455004942016,0.00297266920364234,0.00810307829372527,0.0155928037424873,0.581903878509242,0.00717676825300386,0,0.0030252253030489,0.000723278379475596,0.00266967750633381,0.000559008606424713,0.000355639057511902,0,0.00322316568442483,0.00131709300951247,0.0204496448277276,0.00188538318103945,0.00778954190981587,0.202166743074049,0.020945392716048,0.0554484569799882,0.00303896897230682,0.00446107665984042,0.00251325704921865,0.0295266687051771,0.0024408348801507,0.000190186784462357,0.160991705407006,0.00329492926427107,0.0216719863558585,0.0382598641244176,0.0296543120048999,0.00139248360977311,0.00205670728528833,0.000939988355398748,0.360627574775558,0.00514168351271417,0.0103257277717593,0.0150037088735415,0.00605271133444118,0.000902887469914773,0.000111378865925789,0.00923909283100381,9.32009140713213e-05,0.0315482162501765,6.55481977247713e-05,9.58785942827225e-05,0,0.00119516476776431,0.000436696058336878,0.000278247243437218,0.00138486962114675,0.00107917084744406,0.381908619191088,0.00024132498629955,0.713050463470096,0.00135506698722625,2.49641504424333e-05,0.00118902488865351,0.00037047186775682,0,0.000114491569602585,0.000102100605993175,0.000152979790905189,0.00470549927635667,0.000270449293341351,0.00228457039162381,0.18109755669929,0.0735668367068596,0.0985096977815651,0.000241037518350792,0.000319015438910937,0.000152211959762764,0.288549434793652,0.000124913982251,0,0.0553969830262358,0.000770315116980598
0.999785201225372,0.000176775826633072,0.0679951208583223,0.0205685810458782,0.00105895072038646,0.181132131348514,2.41614887270122,0.962080578499263,0.00466905248336971,0.529451790825343,0.0242878016432821,0.160148349082124,0.0030252253030489,0,0.0168088317671147,0.000662238546731833,0.154918173111093,0.0143041283448879,0.0321476445578355,0.0507470441195282,0.0219711252263339,0.000111935666701984,0.223220257404592,0.0208735018679204,0,0.0863766821665857,0.0417709771053742,0.0664284402906447,1.48455364089392,1.52699639386812,0.0028505419260021,0.0144474404394817,0.0153628106477691,0.178195419918085,0.027192341554246,0.165976176538566,0.010949256935717,0.0373891669395163,0.0308506907535857,0.0270591808233644,0.0206673294899043,0.0500553636104613,0.00383868309211686,0.00111703262648664,0.000744641267497301,0.000348052911619306,0.00152232536128206,0.000312688836001897,0,0,0.000319268385450268,0.000902152024430036,0.00143963497910857,3.6668641672039e-05,0.000122566062492656,0.00287744518309858,0.000183111588538742,0.000985202082980633,0.00062374865840714,3.12961894604444e-05,0.000685264816724682,0.00194496836569176,0,0.000615290351969147,0.00128752852490408,2.4862090576458e-05,0,0,0.000691753063026954,0.000340829437353659,0.000845587168101381,0.000822137776718831,0.0121137732502743,0,2.33487001686573e-05,0.00364236432091155,0.00598971038111201,3.49360282351971e-05,0.000176678652335286,0,3.40907825891018e-05,4.35724654153347e-05,0.000173684311076474,0.00227558639766362
0.000973377227366569,0.00253226555921517,0.00124715504214578,0.101779963973827,0.193403555107418,0.323107546910349,0.0422828437805804,0.0252348400083263,0.14956883116161,0.036611523425977,0.00340115421765075,0.182205048190321,0.000723278379475596,0.0168088317671147,0,0.00306656497525305,0.00383318449676757,0.000671125200847005,0.00180763623736153,0.0393113734776621,0.0234186541575307,0.0113436257306122,0.0168092602476147,0.1605348884768,0.0021150692164494,0.00520418749711525,0.0105897536690374,0.0818911576018576,0.0131908784282836,0.037629354736671,0.000239151581231403,0.0293977775528002,0.00106010184341054,0.0128288599428972,0.163579966186089,0.0500894401309643,0.00714130088169114,0.00442792886313572,0.0063444450964674,0.409972722928276,0.0108271803020536,0.0302910555528285,0.0098109853352336,0.00159877560239868,0.000972287258643434,0.00469409574998732,0.00512017556874647,0.000875223369308855,0.000132494788283015,3.92769537450313e-05,0.00027360902013073,8.4387291308212e-05,0.0109132738867144,0.00015191752246821,0.00107274082756677,0.0069583494100462,0.000817753246839167,0.0100615941821595,0.00646641441317776,3.9832857486248e-05,0.0048949678437958,0.000968423205398228,0.000409036989596701,0.00133463140237656,0.00235398039615641,0.000178778651645136,0,0,0.00391102411416864,0.00180637876564329,0.00125232067389564,0.00481880276932898,0.0243813101595026,0,0.000731427976908014,0.00260206589331157,0.0184873480504306,0.000412063626039719,0.000853212032795622,8.09395662414552e-05,9.54676868134977e-05,0.00011711351814723,0.000860973139008449,0.0778173132673404
0.00012849510565896,0.0233315054056391,0.00508338105150726,0.000174923992242623,7.81488942721367e-05,7.05317583234786e-05,0.00141188727522762,0.00014563554031198,0.0195747198091728,0.000158921852628493,0.000522276789235568,0,0.00266967750633381,0.000662238546731833,0.00306656497525305,0,0.00696925856041904,0.00281658508074517,0.0038679922124264,2.98248153240681e-05,0.694923314695012,0.373757659663024,0.599756458844858,0.270198922922857,0.0191793381693879,0.0207290997054677,0.457449816057464,0.0600748497137089,0.00197066086426277,0.00368902601694674,0.00158827751926739,0.000151378906862498,0.000381737937952924,0.0502352956411928,0.0786687521237784,0.416024098589183,0.0976933764431733,0.0966989369846506,0.138472255776737,0.00405889831691852,0.00617408178982966,0.0135094639718433,0.0559293354220771,0.0147059234594521,0.0165364912583924,0.0283653233418963,0.0235105697648499,0.00084249142531557,0.000375023787058496,2.98338395729542e-05,0.010193474145363,0.00607622040559938,0.00177633070025761,0.00112899236074212,0.00106887414481559,0.00746388383833788,0.000668451593867396,0.0268018036261516,0.00122186494076149,0.00136656844633069,0.00470676422849965,0.00346132276763441,0.00082533223570161,0.00555503464381921,0.910007286177327,0.000641657082049942,0.000194537615856314,0.00049089098867569,0.000654387944917628,0.0951689416643793,0.257242570555361,0.554808312010617,0.0868097554105627,0.00074753250555761,0.00216419465177851,0.171387152294622,0.0269111514027637,0.00123466848656209,0.00813162740596141,0.000400377533652019,0.000618393912049055,0.00059939528098712,0.00387212523371766,0.0267108477865858
0.0157712059705357,0.010161797162629,2.41632423029053,0.000371208462447309,8.80728576922414e-05,0.00707698519077763,0.0490968644223823,0.0572921776120552,0.000523338699628544,0.00425962597462063,0.00722921704508226,0.00144283069124536,0.000559008606424713,0.154918173111093,0.00383318449676757,0.00696925856041904,0,0.0533477348909416,0.842359777047266,0.000394898162955809,0.186264844350705,0.00784985956587765,1.12580128229918,0.0069938737623297,0.000295837772128272,1.00718345161686,1.04971789314073,0.0337185900523331,0.258389544629043,0.830179112930395,0.000361458296666908,0.00245045247340107,0.0140316832738415,0.46564540972264,0.0256227771952458,0.157007919773127,0.119348999928158,0.0538450091439525,0.124156696072371,0.00252495688202627,0.00684662963617902,0.0131959280614759,0.0135141026301925,0.00128714536777017,0.00502744982526827,0.00538652760092275,0.000576903676566124,0.000303146110522842,0,0.000165114677977681,0.0146719878985637,0.0328893265204123,0,4.99394425982952e-05,0,0.00366453076747742,7.57753223933456e-05,0.00063144045808053,0,0.000135790373522401,0.000113460393244958,0,0.000326459620355773,0.000304874138686467,0.00482235252731216,0.00276626414611008,0.000200048026657749,0.000312669330303526,0,0.00183021575698536,0.00750023366492355,0.0218494687207354,0.00248584794716771,7.73954195393084e-05,0.00441361407326639,0.146693180639435,0.00133490752360282,0.000238835630497098,0.00205163895680909,0,0,0,0.0012468225540134,0.00539424504501672
0.000428090382141638,0.000302101301543498,0.0122002940411064,0.00259799171443498,7.49204384336471e-05,0.00641842041422739,0.0253240720459952,0.00932441468646248,0.000522242097466493,0.0423862986418212,0.411088424043009,0.015176696506059,0.000355639057511902,0.0143041283448879,0.000671125200847005,0.00281658508074517,0.0533477348909416,0,0.0623979950464331,0.00683757903833416,0.0127715548402142,0.000704817393835614,0.0423627357389394,0.00311909867573469,4.40401786833287e-05,0.157186790882899,0.0427449765034973,0.0106866545001275,0.025723195119541,0.0171473036771959,0.000246409776140642,0.00629029448658643,0.00161483909651041,0.406242741585889,0.0313804184116041,0.17250597282347,0.0993053191022851,0.140598613926225,0.132932156934713,0.00464922952913633,0.00361914497665179,0.0487383224826801,0.000885423840873739,9.83145716915129e-05,7.37792982923984e-05,0.000486905700960588,0,0,0,0,0.000547758034144092,0.0013371110842535,6.47961243684766e-05,0,0,0,0,0.000319252227270842,0,0,0,0.000249182311063671,0,0.000155655553848696,0.000624847599405027,2.28835317080498e-05,0,0,0,5.05137798308373e-05,0.000762953761123827,0.000938706155544589,0.000560079745113158,0,0.000182506598119497,0.00666833195890482,0,0,0,0,0,0,0.000218786840970397,0.00846168466402361
0.0030814099724689,0.00151295226781246,0.187341795496644,0.000722799934512307,0,0.00234770574812737,0.0178807348467848,0.0126110312430825,0.00011987414521966,0.0132704488939261,0.0826796537814406,0.00511292085802889,0,0.0321476445578355,0.00180763623736153,0.0038679922124264,0.842359777047266,0.0623979950464331,0,0.00297005016179902,0.030048950881435,0.00361692490940251,0.163205794647709,0.00194988506831002,0.000110509100040293,0.700310609090486,0.197138927597304,0.00845216035471118,0.0661077148711057,0.0982198941770181,0,0.00323925909253564,0.00395365290648608,0.471881874433723,0.0188685794619905,0.166945803280011,0.0489027893377808,0.0658530789627391,0.141069035125299,0.00216549766823409,0.00178045007352741,0.0166390124544427,0.00158369337023041,0.000187725512977123,0.0009586935424495,0.00104461792244368,0.000115316275842619,0,0.000124799910586166,4.00169883529186e-05,0.00252142163830004,0.00558516960994971,2.45491966909647e-05,6.8563278586292e-05,0,0.000229858450922799,0,0.000171142708761406,0,0,2.81671139328003e-05,5.57658734328747e-05,6.43001564236164e-05,0.000360321572401714,0.000754104403259108,0.000404922526919675,5.11624131192684e-05,0,0,6.05448965816259e-05,0.00188390690978508,0.00380314985610709,0.000463339662306332,0,0.000502672070522761,0.0258732139712281,0,0,0,0,0,0,0.000282225628217912,0.00435081559382172
0.000673551680464841,0,0.00031942122211597,1.40261909943884,0.00597979467772858,0.122987883197036,0.0231553149463038,0.044202846011188,0.0985283353810725,0.798961817071694,0.0173404304110279,1.39394782723641,0.00322316568442483,0.0507470441195282,0.0393113734776621,2.98248153240681e-05,0.000394898162955809,0.00683757903833416,0.00297005016179902,0,0.000203863795936489,0.00011262659153223,0.00118270136376793,0.0382090689489488,5.91214175682306e-05,0.0125776280243299,0.00254143057521908,0.200028385353098,0.0338655687186915,0.00301677793235278,0.0022057350942707,0.0186470872193478,0.000551192540457201,0.0491649112301921,0.00625814045256586,0.078986731793358,0.00233664416340709,0.0116851833774967,0.00379738543425916,0.0643461392046953,0.0112160651198048,0.0461947830898738,0.0153844955636483,0.0065255108119399,0.00392996519831922,0.000178218813269806,0.0251434735211619,0.00167330738406551,0.000202840546596122,3.99343225371838e-05,3.84339641611576e-05,6.20837446881294e-05,0.137391673371605,0.00284545041513605,0.00811839946829235,0.0482907380405226,0.0087296008672573,0.0406611720109853,0.0463252952691562,0.00123897683584242,0.0322497995980672,0.00537186796847792,0.00230560492634389,0.00657406184458756,0.00127606526101005,2.83713722624302e-05,0,0,0.025991155202415,0.00100276348305945,0.000223430844955087,0.00118940873492589,0.122600453472044,0,0.000360587033156491,0.000618382483515429,0.115253194610434,0.000975244165054109,0.000418411374719668,0,0.000974568387795213,0.000403327812398672,0.00254586156804571,0.00198314944683752
0.00318538080784449,0.00568499307532432,0.197487234893413,0.000266632690551567,0.000181652770967102,0.00147439646281657,0.0418835704276885,0.00896286808382427,0.0170499631545936,0.0012695080508126,0.0033225037749522,0.00052618323989582,0.00131709300951247,0.0219711252263339,0.0234186541575307,0.694923314695012,0.186264844350705,0.0127715548402142,0.030048950881435,0.000203863795936489,0,0.0535438214186359,3.25141921142919,0.152627360738144,0.00227744382408543,0.122438032929865,0.274461505471831,0.924247988447454,0.0668021344187315,1.49439432570983,0.000829594934371377,0.00219608893064876,0.00935687272486742,0.666372497501474,0.330798279044741,1.07904593206428,0.270727665565245,0.330218902912627,0.426878110866777,0.00959913155249199,0.0499967881599507,0.078736990259909,0.0488871318636451,0.0171370752204497,0.00800762294018023,0.00972340798734392,0.0199179858803493,0.0012800975083138,0.000485310849766874,7.7419743431997e-05,0.00730045291811515,0.00764345251600377,0.00223003921561553,0.00138218359235015,0.00112024297030342,0.00457384357189793,0.000655254790627026,0.0290771336604581,0.00118805494552052,0.000862223201525763,0.00546768219376352,0.00499377059116266,0.000334217015230751,0.00533250064904608,0.265400295536635,0.000818359419188621,8.9329041607046e-05,0.000168834027546,0.000723696195654128,0.158236375624497,0.111647744276036,0.201308049616617,0.0956718041661879,0.000309621763685989,0.000955514562132526,0.0764207668648746,0.0422420571323657,0.000976498862893796,0.0130780452973349,0,0.000203674798751307,0.000358981194246769,0.00368942928229394,0.0722605792716024
0.000121237967557025,0.73406520941568,0.00571367696032863,0.000802748696745088,0.0015115855195241,0.000964440539489222,0.00198042256829996,0.000321393965656757,0.695413074595731,0.000154973876563597,0.000554666957126999,0.000586207898538995,0.0204496448277276,0.000111935666701984,0.0113436257306122,0.373757659663024,0.00784985956587765,0.000704817393835614,0.00361692490940251,0.00011262659153223,0.0535438214186359,0,0.12164911508128,0.995382423463621,0.331530359518347,0.018146494778126,1.55582443219911,0.0221793301287271,0.000431718817407346,0.00217837243784201,0.00842774643320496,0.000172946534455776,8.39548434496877e-05,0.0336552763822155,0.00409878773380766,0.0414175788239148,0.00912391608067484,0.00646334245529367,0.0125097781907717,0.0127249484003788,0.000287657069141722,0.00206395987469144,0.0393480625297673,0.00714554329697558,0.0123383054674615,0.0179537256936801,0.00704941430673578,0.000518381640061069,0.000276799480955458,0.000354175221549296,0.0680756351722349,0.0233122829431753,0.000502957785788369,0.000593853695332718,0.000205219953052211,0.00453516916001315,0.000168317052427912,0.0222945760104235,0.000184140959276605,0.00337754302887754,0.000939425182979247,0.0069229577457908,0.000716644318790028,0.00331859061385431,0.204316046735357,0.00164439392355552,0.000617660868924094,0.000767866036316226,0.000192717795604777,0.055110975202102,0.149801869795955,0.144620407503874,0.050151642915659,0.00446227830171855,0.00474061087127695,0.268270204216834,0.0169648508800006,0.000613021165317392,0.00731464870262724,0.00226784763840158,0.000161072501690197,0.000261964324174833,0.0035887491311898,0.00867419462785224
0.0265410032125618,0.0171189807948715,2.96091429374557,0.00062540883915689,0.000246452260179234,0.0211360951069764,0.427309284475564,0.112034189220244,0.0056148214919446,0.0112476143135536,0.0087260121652513,0.00247693031839621,0.00188538318103945,0.223220257404592,0.0168092602476147,0.599756458844858,1.12580128229918,0.0423627357389394,0.163205794647709,0.00118270136376793,3.25141921142919,0.12164911508128,0,0.210369450419104,0.00228758377658872,0.80813328982944,3.04826810765343,1.08128999141687,0.216527135539476,1.48039649186035,0.00101109857038579,0.00478917195418132,0.0164311596344286,1.36714092774993,0.497076373922439,2.23564195354005,0.908532315733398,0.80915402645356,1.57527662600245,0.0299083976265811,0.0496887599404053,0.0948544115254853,0.0835465243229203,0.0135241631758504,0.0340754255427604,0.0485731614591785,0.0217199573706937,0.00170549276041124,0.00059988087528069,0.000322142789667463,0.039356202317564,0.0884490801278533,0.00101448665417626,0.000992407839842966,0.000403084203877974,0.0148382434385248,0.000919747013271406,0.0152113109280047,0.00105516678429966,0.000747045288516214,0.00377396292697642,0.00281148649562259,0.00184510404287631,0.00291630932750623,0.423327973416623,0.00601656214339578,0.00128967256940138,0.00176485267956068,0.000335370971807385,0.0457836961058549,0.15089589729437,0.437486020156119,0.0423895214921535,0.000445343075139856,0.00910985214297986,0.600126251041146,0.0186983982091791,0.00101397572345695,0.00859719518188229,2.72102451808691e-05,0.000545519652751493,0.000298921408791805,0.00771417140044378,0.162045439401223
0.00187439756709702,0.149383920536697,0.0103186051773544,0.335934199864228,0.0191164744470108,0.0179378890223702,0.468755672308351,0.00976530731505149,1.44561589963835,0.0347335442792547,0.00584392567889779,0.0410491100583654,0.00778954190981587,0.0208735018679204,0.1605348884768,0.270198922922857,0.0069938737623297,0.00311909867573469,0.00194988506831002,0.0382090689489488,0.152627360738144,0.995382423463621,0.210369450419104,0,0.0902293525538058,0.0171282095099838,0.457923504646775,1.08621636087869,0.0782971680462206,0.0209726013346311,0.00321445364606066,0.0140682675307015,0.0138486800860125,0.0596493382262829,0.080854221230559,0.329241451806679,0.0592676000592588,0.0312225609044529,0.0525718307763506,0.126506621092736,0.0319398483626733,0.05685376305992,0.334822532652271,0.0308746927724143,0.0631869915366883,0.0274897189483178,0.0653712814351658,0.0304420358238913,0.00514825989751554,0.00157086258036103,0.0138130725500969,0.00842829764579971,0.0945780988688783,0.00396666030637307,0.0104716299066321,0.189687283423959,0.0214479316942995,0.226293225879441,0.0683950374719178,0.0143126564545071,0.0231581763646885,0.0212657333431933,0.0145028239989165,0.0438983664908935,0.293511101756076,0.00214709296095171,0.000589714516069579,0.000759969878214884,0.0226460987149401,0.160264081826667,0.199061008691075,0.170396595757878,1.16524652722315,0.00136152015291596,0.0053865691321023,0.115378915098355,0.521537842996756,0.0205227896142951,0.0395498529063489,0.000478660871522856,0.0101905994350759,0.00347713793897939,0.0263575380074444,0.0601378996940421
0,0.304187320692175,0.000108929921934128,4.9477962375927e-05,0.000134880100540209,2.89846246433258e-05,7.96127860588071e-05,0,0.0776990855509003,2.95825331061602e-05,0.0111673882924386,0.000181821082448673,0.202166743074049,0,0.0021150692164494,0.0191793381693879,0.000295837772128272,4.40401786833287e-05,0.000110509100040293,5.91214175682306e-05,0.00227744382408543,0.331530359518347,0.00228758377658872,0.0902293525538058,0,0.046405668987273,1.05823465041838,0.0015836537601687,3.31009718637943e-05,0,0.0658685489892889,0,4.54364887016773e-05,0.0016441725849869,0.000279454579369998,0.00298104047073784,0.00474428848754411,0.000646923439663123,0.000633791001569939,0.00175494966941471,0,0.00370056625452683,0.00274031463354285,0.00505213326151135,0.00309527591375434,0.00180229680797196,0.000279402880510712,0,0.000858082940430735,0,0.0212944775817119,2.89741316440344e-05,0,0,0.000178640881702137,8.8085907048726e-05,0,0.000670123058778188,0.000147567074142838,0.0501326614995838,2.57613854674816e-05,0.17101700797553,0.000299805353989864,0,0.00059780948099184,0.000442974379204416,9.35702422368049e-05,0.000109122380211353,4.48746040856123e-05,0.000122075973399353,0.00698924117917881,0.000536144103023028,0.00101212500939774,0.204225530077187,0.0315373148477988,0.187166028347345,5.03904817955017e-05,0.000138045394336367,9.35187262494563e-05,0.0515321290983829,2.67194996735573e-05,0,0.00621778518192758,0.000110957426957917
0.00918461589866224,0.034692799851358,3.98985252555785,0.00304338587436941,0,0.0148936463024989,0.0903127187132381,0.0423330975781147,0.00497884875115857,0.0650152441768964,0.0982638500421133,0.0258414251767415,0.020945392716048,0.0863766821665857,0.00520418749711525,0.0207290997054677,1.00718345161686,0.157186790882899,0.700310609090486,0.0125776280243299,0.122438032929865,0.018146494778126,0.80813328982944,0.0171282095099838,0.046405668987273,0,1.46193596593154,0.0551163167258565,0.132085010833392,0.204319925948686,0.0465859508577963,0.01376415271095,0.0079754897535606,0.733079435418997,0.141825210437755,1.65004378026544,1.2479140057086,0.376832490875281,0.712606677110616,0.0160936562333794,0.0135654424791405,0.144399353843962,0.143066322120599,0.0745420713144489,0.038503185647822,0.0477683155947511,0.00170271252369218,0.00104050078213649,0.00339541742871509,4.77398724057913e-05,0.068649669322452,0.0438093348645061,0.000110389973410106,0.000232654788072252,2.81682727633953e-05,0.00460839899165654,0.00012629608408227,0.00216698466925879,8.46971456696032e-05,0.0235858133591722,3.80732983506203e-05,0.105285684402059,0.000491459912898875,0.00118115351258719,0.00580366039857759,0.0422881550534665,0.0018482187177201,0.0159672216805909,0,0.00462373405871601,0.0164609232704272,0.0295255904479579,0.00475058861059656,0.0894790360405169,0.578082231297154,1.92502255965174,0.00160086200758617,0.000429824302631593,0.00648006857720944,0.107434019756456,5.50662977974892e-05,0.000157857464802003,0.0144191097879874,0.0462665529316402
0.0040703560657799,2.61711575389752,1.05839502288436,0.000846580689202059,0.000686730333184147,0.00444486640811119,0.0536845713676587,0.019491966022411,0.243823111460132,0.0117501599560435,0.0234434949637386,0.00425453666591771,0.0554484569799882,0.0417709771053742,0.0105897536690374,0.457449816057464,1.04971789314073,0.0427449765034973,0.197138927597304,0.00254143057521908,0.274461505471831,1.55582443219911,3.04826810765343,0.457923504646775,1.05823465041838,1.46193596593154,0,0.128013963888981,0.0558670302069601,0.176107461960161,0.0584527928966615,0.00416506137680962,0.00421108136944034,0.829674795972991,0.239126154978974,2.52645375171584,0.744757647839501,0.278187739484281,1.02333682368053,0.0325909211954785,0.0157689567727493,0.0524178512264867,0.632330217116285,0.153615253810563,0.223575097856501,0.280590657400413,0.0308095132329663,0.00493717031927705,0.00534930218542407,0.00312551853370714,0.844246560988848,0.582078909791488,0.00117130484620621,0.00107049687724242,0.00160934068210809,0.0883093021066056,0.00307297205143955,0.0326585063498188,0.0021374283118643,0.0569156892305968,0.00356102138537464,0.218875111508804,0.00959989147779181,0.00749641892742757,0.447231689167544,0.155018188349457,0.0134953381098603,0.0420703956717409,0.000312531327439427,0.066678434904419,0.408933175151481,1.04621766318738,0.075446111366513,0.274095932648001,0.918152616600114,8.17363806683903,0.0399281795761996,0.0063925824342925,0.0506057821444795,0.134647252339075,0.00133094837502501,0.000940292800600721,0.0743708720443595,0.131456238671305
0.00479409109573374,0.00350328477229242,0.0780339810941691,0.384650221757039,0.00421055416504354,0.0258158572293598,5.78627663334035,0.0340867717743891,0.416524981817961,0.463319054656314,0.0148703700735167,0.0487857351760146,0.00303896897230682,0.0664284402906447,0.0818911576018576,0.0600748497137089,0.0337185900523331,0.0106866545001275,0.00845216035471118,0.200028385353098,0.924247988447454,0.0221793301287271,1.08128999141687,1.08621636087869,0.0015836537601687,0.0551163167258565,0.128013963888981,0,0.20735607351595,1.26362444611002,0.00265585721180899,0.025596236058273,0.0501782253826522,0.226847164157345,0.27605559067756,1.03279837538637,0.184537572333669,0.132317814991263,0.206371653606085,0.0925242369169438,0.0918851223303936,0.147535306521071,0.247700225721357,0.0246414607058997,0.0483688139515669,0.020595883383442,0.0519629888969997,0.0241669183433361,0.00281918267844758,0.00145437933708465,0.00451146712238624,0.00833615621281207,0.0880772841132696,0.0034501760146403,0.0130764574953732,0.175528722363876,0.0212105004711976,0.126614045647528,0.0809578222940641,0.00848250370822711,0.0282557616339916,0.0172586292292145,0.0111529107715693,0.0287303397393566,0.129819946910126,0.00130822046156109,8.88391661851645e-05,0.000261394782036996,0.0222404118526194,0.106539238999542,0.0519506185132207,0.0823946516894407,0.762455745404029,6.05856385243893e-05,0.00226297672114163,0.0637143245771553,0.44693342020059,0.0153840674546672,0.0276851374313487,0,0.00573834573409224,0.00425759466586054,0.0209159092591078,0.06783557489457
0.508183941587418,0.000214545047450566,0.0461794371698461,0.020255525529504,0.000494749053346181,0.0708546663003451,0.387368227077721,0.279131841153151,0.00467690101584356,0.252002397002444,0.0398551416984919,0.100092689641568,0.00446107665984042,1.48455364089392,0.0131908784282836,0.00197066086426277,0.258389544629043,0.025723195119541,0.0661077148711057,0.0338655687186915,0.0668021344187315,0.000431718817407346,0.216527135539476,0.0782971680462206,3.31009718637943e-05,0.132085010833392,0.0558670302069601,0.20735607351595,0,1.68740346324944,0.00420004337520003,0.0859476196641724,0.245965779653603,0.584296074628264,0.0307726371663926,0.157511333777238,0.014150433411133,0.0591236742512543,0.0380898390731156,0.02435974577163,0.04135635631558,0.0608180743031039,0.00883647909309777,0.000782181569223121,0.00154404635105724,0.000461936312680864,0.00161480247592363,0.000627282119613218,0,0,0.000384266820080996,0.000918798880023193,0.00219049277408316,9.69904749139311e-05,0.000240359760300064,0.00474458202972865,0.000302879013545466,0.00272388755536945,0.00052936816836319,0.000338446762302303,0.00100160614623942,0.00280011534143615,0.000169626309628988,0.000879610890588429,0.00215022699519632,0.000102125703722906,0,0,0.000699455359549572,0.000961708898581412,0.00158326615058434,0.00177022162063107,0.0230050176191549,0,0.000393415346811032,0.0059032396644664,0.0126968488970888,0.000296974787063599,0.00057149653643539,5.21419560665131e-05,0,9.40855792073252e-05,0.000795933434993789,0.00433698503151884
0.513985453787418,0.00158687205795229,0.197560001377616,0.0011628073897738,0.000117750432231903,0.0504201332597786,1.06499383171415,0.410154606027411,0.00246473686032951,0.0276852132981783,0.0153319371408057,0.00651416402399546,0.00251325704921865,1.52699639386812,0.037629354736671,0.00368902601694674,0.830179112930395,0.0171473036771959,0.0982198941770181,0.00301677793235278,1.49439432570983,0.00217837243784201,1.48039649186035,0.0209726013346311,0,0.204319925948686,0.176107461960161,1.26362444611002,1.68740346324944,0,0.00254430493901196,0.0169130959521781,0.0980915608610498,0.808122845140105,0.211739561603061,0.617452164378992,0.0884090616976995,0.186897974918934,0.182019580962903,0.0201511332330234,0.0614483459169071,0.12434830644557,0.0170832579899611,0.00103420460719292,0.00296097562313003,0.00275728896850226,0.00376622883383625,0.000696977814386844,0.000176735271412182,0,0.00195714389653366,0.0039124276081667,0.00129757844666498,0.000312112841372108,0.00025866997668972,0.00442916055183571,0.000205411781864977,0.00332791829925928,0.00128206982258678,0.000523303141623974,0.00201411288059506,0.00198722306747346,0.000168368064073706,0.00178738052342484,0.0131009407234188,0.000345166751623965,0,2.85835499094486e-05,0.000362662483352423,0.00617910511256254,0.00606986080681786,0.00987427726284033,0.0262049101449211,0,0.000242815193358064,0.0200302158476731,0.0203289977540509,0.00050520067930541,0.00164138446552484,3.26667838344097e-05,0.000115163837645245,0.000278885083431387,0.00133448200947818,0.0360211869585973
0,0.0143167814660074,3.79507164032936e-05,0.000612297456361127,0,0.00251429645866341,0.00752616860740979,0.00261037204067251,0.00215852068801582,0.0132082325016341,0.0747077157993799,0.00468121249897141,0.0295266687051771,0.0028505419260021,0.000239151581231403,0.00158827751926739,0.000361458296666908,0.000246409776140642,0,0.0022057350942707,0.000829594934371377,0.00842774643320496,0.00101109857038579,0.00321445364606066,0.0658685489892889,0.0465859508577963,0.0584527928966615,0.00265585721180899,0.00420004337520003,0.00254430493901196,0,0.00149709014650369,0.000325902039967632,0.0467157559502191,0.00261882051052522,0.0161400542338553,0.222513440325366,0.0469442398259346,0.00528251166162744,0.00196479894472246,0.00123271584930961,0.103548947389742,0.00895848561173514,0.0376679825065868,0.0127631387309946,0.00896786435113523,0,3.18774373272658e-05,0.00393173179706197,0,0.0160632971355521,0.000157564846601987,4.83726343349934e-05,0,0.000315236193970585,3.0767227568078e-05,0,0.00105827063889964,0.000195099779592705,0.143382024287666,5.31200283383846e-05,0.373574060945992,0.000195334479362583,0,0.000716719710152575,0.000357253826347089,6.82848050494193e-05,0.000287269261285686,2.47481286347866e-05,0,0.0038256987475688,0.000285629131000185,0.00105471987223335,0.126699200200188,0.261396847596707,0.343130595694937,5.03069112449169e-05,0.000153970608388639,0.00012502801060406,0.320558597012569,0,0,0.00888696737673056,0.000801256028615284
0.00142545921618619,0,0.00117653186132819,0.0130698713856346,0.0276900398949804,0.0514442960704996,0.051305984705292,0.0305482018020335,0.00959251785411545,0.0879508652316441,0.0160339528826559,0.0551525878251105,0.0024408348801507,0.0144474404394817,0.0293977775528002,0.000151378906862498,0.00245045247340107,0.00629029448658643,0.00323925909253564,0.0186470872193478,0.00219608893064876,0.000172946534455776,0.00478917195418132,0.0140682675307015,0,0.01376415271095,0.00416506137680962,0.025596236058273,0.0859476196641724,0.0169130959521781,0.00149709014650369,0,0.000645692632598376,0.476385571916515,0.0112317842833825,0.409252077679483,0.00947249698015279,0.029147022467998,0.00402510820851953,0.241488026422442,0.99175170429681,0.104120091223959,0.00398603303567061,0.00432704005130067,0.000752019611194613,0.000425601437319803,0.00127221627833748,0.000198952517877388,0.000124822147813797,0,0.000107543744946098,0.000139683832575202,0.00176582533304829,0.000158724641605854,0.00024569516265707,0.00585522539753044,0.000170453604950667,0.00200819866160553,0.00116112463492706,0.000205077195517731,0.00164944278291077,0.009212663637644,0.000160290194790173,5.44115277118206e-05,0.000749531482559108,2.14017030717373e-05,0,0,0.00061315333552916,0.000219965132989526,4.99587615747929e-05,0.00145787483022652,0.0190631840474753,0,2.52164097682714e-05,0.000694028727195236,0.00852897641670198,0,8.84687119135383e-05,0,0,0.00010784574928894,0.000312170382508564,0.00183163900307765
0.00137395439172571,0,0.00192335112012935,0.00143097546733983,0,0.000372751102740312,0.0186348902424401,0.00515185702895544,0.000395162828698897,0.00307983439597742,0.00172528995472598,0.000167495680232048,0.000190186784462357,0.0153628106477691,0.00106010184341054,0.000381737937952924,0.0140316832738415,0.00161483909651041,0.00395365290648608,0.000551192540457201,0.00935687272486742,8.39548434496877e-05,0.0164311596344286,0.0138486800860125,4.54364887016773e-05,0.0079754897535606,0.00421108136944034,0.0501782253826522,0.245965779653603,0.0980915608610498,0.000325902039967632,0.000645692632598376,0,0.0946566975896174,0.00380508083939717,0.00384874553001816,0.00111869925395343,0.0106336157285285,0.00633812616647988,0.000209264319953013,0.00199238542485316,0.00808422827209981,0.00245231692018032,8.02450609711649e-05,0.000592651783959103,7.23557384303568e-05,0.000157364659579182,7.09192389349941e-05,0,0,0.000116027066340208,9.05445933022499e-05,0.000143588015623427,0,9.18521007076264e-05,0.00072709931151788,4.32928137981892e-05,0.00040221257462368,0.000151468181092572,9.10185049664496e-05,7.70257968537569e-05,0.000139883811701489,3.9008224394989e-05,0.000106971736924553,0.000740769631804059,0,0,0,6.04924084855557e-05,0.000142773783133006,0.000322507813605023,0.000195329178001356,0.00445699751839693,0,0,0.00063931133173027,0.00251298166718001,6.28544421075583e-05,4.37598687272072e-05,0,2.7502206966877e-05,2.37078972287893e-05,7.73067054748533e-05,0.00122191022947812
0.0144487385106951,0.00962354427281826,0.154108118797858,0.0295935662610315,0.00119653699836087,0.0756267051655506,0.295596828188379,0.132727043871271,0.00859277055684901,0.375419730287415,0.982040387950215,0.154334429756485,0.160991705407006,0.178195419918085,0.0128288599428972,0.0502352956411928,0.46564540972264,0.406242741585889,0.471881874433723,0.0491649112301921,0.666372497501474,0.0336552763822155,1.36714092774993,0.0596493382262829,0.0016441725849869,0.733079435418997,0.829674795972991,0.226847164157345,0.584296074628264,0.808122845140105,0.0467157559502191,0.476385571916515,0.0946566975896174,0,0.0242076615912276,0.218716501456679,0.154427960877602,0.115429115508833,0.0753637827204326,0.0222403507579925,0.0150702984557279,0.0730633387462415,0.0255797977758248,0.00456472760022276,0.00857453470196415,0.00747725543635125,0.00579668123737085,0.00142013900952473,0.000174182024967098,0.000122277377001786,0.0143010425638103,0.0313748310136418,0.00750976149500205,0.000205259909608126,0.000713328224944066,0.0153637024410608,0.00047655454484396,0.00307776220860185,0.00398358928716695,0.00184952853893674,0.00206648700317388,0.0059611095103426,0.000963409549853467,0.00129336863648458,0.011349704934739,0.00275102272680745,0.000385314522286892,0.000612515360787249,0.00142865201584675,0.00278528906068189,0.0147100454237285,0.0372860476559813,0.0340500375529152,0.00085381583743472,0.00551126986546172,0.160261361962712,0.0239728003204036,0.000723042451576282,0.00167671291768877,0.000529606025080204,0.000467277582339621,0.000100473469240093,0.00262179175602078,0.00760713411836677
0.0024021563007107,0.00209395900354657,0.038810066463381,0.0131646099620323,0.0153611000232391,0.393253339521895,0.139318912239408,0.022996379736324,0.00635212513843768,0.329246843882011,0.00631578034756765,0.298182004054545,0.00329492926427107,0.027192341554246,0.163579966186089,0.0786687521237784,0.0256227771952458,0.0313804184116041,0.0188685794619905,0.00625814045256586,0.330798279044741,0.00409878773380766,0.497076373922439,0.080854221230559,0.000279454579369998,0.141825210437755,0.239126154978974,0.27605559067756,0.0307726371663926,0.211739561603061,0.00261882051052522,0.0112317842833825,0.00380508083939717,0.0242076615912276,0,0.635931326430849,0.297080551836109,0.0106508249807791,0.337083378892238,0.0128229706926646,0.066098376844774,0.127929620400314,0.128595636386367,0.0850365629891034,0.0131206207314709,0.292462804764014,0.0160348848057505,0.0180235370674667,0.0126706237503121,0.000980453172102644,0.00396038784703238,0.00957963712480732,0.000723032470618415,0.0332451669045279,0.00679170356650835,0.02111515530377,0.0019578544329355,0.00422496551322098,0.00240333468705325,0.00539520662031484,0.00704045000327087,0.00442222724721108,0.00206753904425712,0.0443568207563324,0.0314973922406155,0.00329175892128446,0.00251784991835962,0.00170977357495265,0.000441953349351883,0.0435888007976686,0.00572373015645969,0.142549744510279,0.0407614267268885,0.000138802884551955,0.031093086294346,0.0909907853324487,0.0346735998320934,0.0039308435168365,0.027745027960163,0.000666311784299184,0.000346343638416624,0.000995932226750996,0.00210285938845682,18.6856968788801
0.00865123035337127,0.025600468077769,0.457441551978349,0.0900260930110256,0.0247318676120325,0.193239532941046,0.489619120510448,0.188162575697545,0.0566962228336558,0.311971754705799,0.0517807053314205,0.117865990788038,0.0216719863558585,0.165976176538566,0.0500894401309643,0.416024098589183,0.157007919773127,0.17250597282347,0.166945803280011,0.078986731793358,1.07904593206428,0.0414175788239148,2.23564195354005,0.329241451806679,0.00298104047073784,1.65004378026544,2.52645375171584,1.03279837538637,0.157511333777238,0.617452164378992,0.0161400542338553,0.409252077679483,0.00384874553001816,0.218716501456679,0.635931326430849,0,3.00737835680519,0.0827281215072584,0.218244401872436,0.839402168094584,0.334593997809184,0.676702465857868,0.181685525082874,0.0181602209186275,0.0418284430314142,0.0200450541286764,0.0678196089770741,0.0172295747571158,0.00211215418963745,0.000704594825212597,0.0346751101175282,0.0561441582982004,0.0294665948828573,0.00238826468035526,0.00543900556973763,0.0891056394518104,0.00783829763776079,0.0338861179834751,0.0246997401117677,0.00542514179404092,0.0208531737723083,0.013894934722589,0.00543788229329724,0.017920371956224,0.0649214771817796,0.00553982622423899,0.000895954382811498,0.000982646122331003,0.00742652973681911,0.0222414195809447,0.0407677319106812,0.0761841260056257,0.344348887891676,0.00125381497824805,0.010353462890201,0.297560637828643,0.218160543179201,0.00892799767774024,0.00952555401969593,0.000283615164274693,0.00581793739747975,0.00197005408554847,0.0186926750220658,0.114871726593386
0.00107075410683503,0.00619199423473012,0.380396228761692,0.00207884340206209,4.40629048527718e-05,0.00540759070601442,0.0391423773832299,0.00876115711793794,0.00287772773371718,0.0126536191587094,0.0983718109564485,0.00302113703533323,0.0382598641244176,0.010949256935717,0.00714130088169114,0.0976933764431733,0.119348999928158,0.0993053191022851,0.0489027893377808,0.00233664416340709,0.270727665565245,0.00912391608067484,0.908532315733398,0.0592676000592588,0.00474428848754411,1.2479140057086,0.744757647839501,0.184537572333669,0.014150433411133,0.0884090616976995,0.222513440325366,0.00947249698015279,0.00111869925395343,0.154427960877602,0.297080551836109,3.00737835680519,0,0.156648348362588,0.571993965346086,0.0576076488484399,0.0225885851382481,0.0958032057344774,0.0196799413711796,0.0025073982019269,0.00970499515669753,0.0087596191168173,0.00284337517091167,0.00132711728300286,0.00343359578025656,5.42750070729017e-05,0.00902755687968999,0.0080544693657471,0.00086177624326022,0.00049335545945735,0.00144369158880436,0.00587392912738059,0.000564980637971163,0.00360979235713935,0.00144154657219834,0.00859434374830541,0.00100899643821165,0.0431821282190291,0.000682800985032318,0.00304346073444085,0.00960092105257625,0.000795159728849744,0,0.00020054416592474,0.000684248006401489,0.00264151244056671,0.00596258601644304,0.0115092793398903,0.0322514381075298,0.00312359686918602,0.00887367782854322,0.0730790853829594,0.0180718335308272,0.000653995626862119,0.00132146535434618,0.00484708273834698,0.000506082362666345,0.000595620211301851,0.0159978877222284,0.11242292624282
0.00283917285463078,0.00142665604949484,0.034878265157658,0.00830776667847878,0.000228662347176933,0.0156310957364257,0.108537538577935,0.0324357419672036,0.00255826682646575,0.0706198528890322,0.179823312161341,0.0279441028078168,0.0296543120048999,0.0373891669395163,0.00442792886313572,0.0966989369846506,0.0538450091439525,0.140598613926225,0.0658530789627391,0.0116851833774967,0.330218902912627,0.00646334245529367,0.80915402645356,0.0312225609044529,0.000646923439663123,0.376832490875281,0.278187739484281,0.132317814991263,0.0591236742512543,0.186897974918934,0.0469442398259346,0.029147022467998,0.0106336157285285,0.115429115508833,0.0106508249807791,0.0827281215072584,0.156648348362588,0,0.0797529425652922,0.0126075893930173,0.0574730540011731,0.207737608427553,0.0079381534060195,0.00165456066198528,0.00300283361600475,0.0023334904867914,0.00158880839842766,0.000681741149754598,0,0,0.00241549011738174,0.00341049264052591,0.00182979847402289,0.000119426432366752,0.000182076279275322,0.00478573602531702,0.000858593091538097,0.00160616847190275,0.00113358039436404,0.000153872590954971,0.000717823750390075,0.00192635747511199,0.000551518466374469,0.0011600689344801,0.00527751699781465,0.000124136797690201,3.05601048864126e-05,9.048269596374e-05,0.000509980863209725,0.000725705136288783,0.00320102063965058,0.00839449954878453,0.0180009443541138,0.000122082450915885,0.00096225921799114,0.0306481867221545,0.0104077759076874,0.000163853893389917,0.000426087512855315,0.00037983593697753,4.19878165507794e-05,0,0.00100579515521815,0.00260551455583763
0.00319116246007891,0.00768544937990306,0.205898377513304,0.00541242466004334,0,0.00419123955244782,0.103659425253331,0.0165211060478476,0.00269371179532206,0.0299825423809663,0.0197810435483668,0.00313235452928624,0.00139248360977311,0.0308506907535857,0.0063444450964674,0.138472255776737,0.124156696072371,0.132932156934713,0.141069035125299,0.00379738543425916,0.426878110866777,0.0125097781907717,1.57527662600245,0.0525718307763506,0.000633791001569939,0.712606677110616,1.02333682368053,0.206371653606085,0.0380898390731156,0.182019580962903,0.00528251166162744,0.00402510820851953,0.00633812616647988,0.0753637827204326,0.337083378892238,0.218244401872436,0.571993965346086,0.0797529425652922,0,0.0571912855450996,0.146316151963799,0.190658908776661,0.0200479011290525,0.00565359272778304,0.00521532084848378,0.0206966886767005,0.00188093243226865,0.00139541921449049,0.00039420599074645,0.000211297182162094,0.0112200649256268,0.0185407683602657,0.00131824651179671,0.000964038047979072,0,0.00539405342313799,0.000570568378577685,0.0016969860314091,0.000790853993675638,0.000416763363616133,0.000377963522756696,0.000750272025358489,0.000682321539085794,0.00296787178165169,0.00872104403711916,0.00201922897907438,0.000472409119060421,0.000550712243674922,0.000270397638756323,0.00452615401044967,0.0104231096291944,0.0256470626424783,0.018788330477935,9.76077196779731e-05,0.00470369125038264,0.108464388126188,0.00890560048336328,0.000175710695769024,0.00248578703156276,5.13992457534313e-05,0,0.000144320400409412,0.00145142172421081,0.215167533426368
0.000683753536081555,0.00359909164997607,0.00444932104146695,0.116998150792368,0.907507914881163,0.671161757742375,0.0800287110431371,0.0985772971575673,0.165863639440711,0.118056767694469,0.00907365266022662,0.182651024529806,0.00205670728528833,0.0270591808233644,0.409972722928276,0.00405889831691852,0.00252495688202627,0.00464922952913633,0.00216549766823409,0.0643461392046953,0.00959913155249199,0.0127249484003788,0.0299083976265811,0.126506621092736,0.00175494966941471,0.0160936562333794,0.0325909211954785,0.0925242369169438,0.02435974577163,0.0201511332330234,0.00196479894472246,0.241488026422442,0.000209264319953013,0.0222403507579925,0.0128229706926646,0.839402168094584,0.0576076488484399,0.0126075893930173,0.0571912855450996,0,0.130090609310874,0.305960718736766,0.027644711298797,0.0717037845879295,0.00630684079533827,0.00274345434644237,0.0338482200747125,0.00481826919906378,0.000222515447708702,0.000251689015638113,0.00121111690441575,0.000985266486627172,0.0519983318287712,0.00180749356645059,0.00712995960877931,0.0322455952451704,0.00418022967236173,0.021314099242066,0.0239577981014455,0.00570578313528822,0.0251338019383406,0.110198691815627,0.00171553793712659,0.00654790688406065,0.0137545651452719,0.000263031849698782,0,0.000127599531730628,0.0122634553327006,0.00601175698880961,0.00282633976634989,0.0158594587915394,0.0840646221226343,0,0.00177381332751181,0.0123896650126798,0.0698377412866126,0.00159331977020831,0.00142417209611442,0,0.000968450010574364,0.00015378951704607,0.00266543021318106,0.00819062979314785
0.00135367717782404,0.000145995122365666,0.00425748423430974,0.0147248658718304,0.0536895741914098,0.141133290657119,0.0910892859984741,0.0367350984949736,0.00758867357161949,0.0906664025367162,0.00625971124358747,0.0157639297386785,0.000939988355398748,0.0206673294899043,0.0108271803020536,0.00617408178982966,0.00684662963617902,0.00361914497665179,0.00178045007352741,0.0112160651198048,0.0499967881599507,0.000287657069141722,0.0496887599404053,0.0319398483626733,0,0.0135654424791405,0.0157689567727493,0.0918851223303936,0.04135635631558,0.0614483459169071,0.00123271584930961,0.99175170429681,0.00199238542485316,0.0150702984557279,0.066098376844774,0.334593997809184,0.0225885851382481,0.0574730540011731,0.146316151963799,0.130090609310874,0,0.275463185847716,0.0126077557487316,0.00420285564723265,0.00287963416981831,0.000993870012633421,0.00308461180985312,0.00131566664304743,0.000186337611217975,0.000148022875710297,0.000444165445309639,0.000227634518338251,0.00434823869337273,0.000292471740768528,0.00105211032433105,0.0132928045667483,0.000803821825850198,0.00191435253106356,0.00381142895767093,0.00024016615474205,0.00138359592387521,0.00428377842583022,0.000486496893631196,0.00170373129555753,0.00225234348024859,0.00010738023818407,0,0,0.00119207257654403,0.000994399369144179,0.000537401936635208,0.00172387436615546,0.0353192238241912,0,0.000205727861572123,0.00278594937082479,0.0219462502942975,0.000504753293697024,0.000209485288927818,0,0,0,0.000815103992626761,0.0168485169044996
0.00248323019890273,0.0016011064265183,0.00885775619685596,0.0244627686036928,0.00103804777261291,0.0494756857742994,0.169841832204907,0.0603092086969188,0.00750089158040657,0.216400742571767,0.45040491929973,0.0837707884902712,0.360627574775558,0.0500553636104613,0.0302910555528285,0.0135094639718433,0.0131959280614759,0.0487383224826801,0.0166390124544427,0.0461947830898738,0.078736990259909,0.00206395987469144,0.0948544115254853,0.05685376305992,0.00370056625452683,0.144399353843962,0.0524178512264867,0.147535306521071,0.0608180743031039,0.12434830644557,0.103548947389742,0.104120091223959,0.00808422827209981,0.0730633387462415,0.127929620400314,0.676702465857868,0.0958032057344774,0.207737608427553,0.190658908776661,0.305960718736766,0.275463185847716,0,0.0150454281320644,0.00205887419455276,0.00347969584384647,0.00171801980191698,0.0367799542767244,0.00174122860120332,0.000798388654380372,0.000115993633500051,0.000899686933808756,0.000860035533408951,0.00633184430944655,0.000509624062734461,0.000936169742942617,0.0107819107908309,0.00119212733610206,0.00299507952629943,0.003255443776843,0.00166046742557466,0.00708278859129788,0.0134742476240271,0.000830511675245259,0.00304791784523012,0.00575859276449933,3.0110259169221e-05,3.87304823458672e-05,0,0.00102555205033271,0.00256984610239212,0.00147915019381385,0.00384397219129923,0.0396002090544193,0.0013811448335445,0.00212443715100538,0.00808821770812048,0.0218077415159455,0.00083285530617542,0.000341818300994825,0.0016683460029454,0.00135740013093202,3.7003270368576e-05,0.00344588709790957,0.039283073448555
0.00031574915745585,0.023149471333207,0.0615451825175977,0.0144558017795184,0.000245633067046881,0.00395946540632894,0.0660046697565787,0.00256991130297532,0.0529883698042233,0.0186337742808772,0.00242081013732133,0.00541752527408195,0.00514168351271417,0.00383868309211686,0.0098109853352336,0.0559293354220771,0.0135141026301925,0.000885423840873739,0.00158369337023041,0.0153844955636483,0.0488871318636451,0.0393480625297673,0.0835465243229203,0.334822532652271,0.00274031463354285,0.143066322120599,0.632330217116285,0.247700225721357,0.00883647909309777,0.0170832579899611,0.00895848561173514,0.00398603303567061,0.00245231692018032,0.0255797977758248,0.128595636386367,0.181685525082874,0.0196799413711796,0.0079381534060195,0.0200479011290525,0.027644711298797,0.0126077557487316,0.0150454281320644,0,2.54310092914243,0.187851536691742,0.342121070152385,0.684659715325272,0.488056088935729,0.208827662621177,0.0180940191327473,0.0597453448232221,0.220852713571984,0.0499664224825836,0.00532946639550562,0.0305050562039952,0.518145482909645,0.103618606569803,0.033738840083765,0.189778887673517,0.194477796033491,0.0413938919877583,0.196588687694519,0.110180274867474,0.0501851350467478,0.494367441969084,0.0645302650356502,0.0790015011085412,0.0657310205796953,0.0277660137931986,0.680146755115112,0.040293191613608,2.5526483610772,0.326509849985337,0.0119536740142114,1.15104410129889,2.53692005409323,0.476817438151804,0.128492707305047,0.292871932700638,0.0138507055082212,0.236737542874661,0.00368259430694775,0.127556846658028,0.699464977183243
9.35586308312417e-05,0.00307191752714789,0.009711867203073,0.0028837683056659,0.000797904105344298,0.0058705247237134,0.003331854402123,0.0026300876394536,0.00493282070638769,0.00517800052052443,0.00366177928977678,0.00393450635705109,0.0103257277717593,0.00111703262648664,0.00159877560239868,0.0147059234594521,0.00128714536777017,9.83145716915129e-05,0.000187725512977123,0.0065255108119399,0.0171370752204497,0.00714554329697558,0.0135241631758504,0.0308746927724143,0.00505213326151135,0.0745420713144489,0.153615253810563,0.0246414607058997,0.000782181569223121,0.00103420460719292,0.0376679825065868,0.00432704005130067,8.02450609711649e-05,0.00456472760022276,0.0850365629891034,0.0181602209186275,0.0025073982019269,0.00165456066198528,0.00565359272778304,0.0717037845879295,0.00420285564723265,0.00205887419455276,2.54310092914243,0,0.146290703901485,0.895287936810744,0.162615440014408,0.030785943431,0.0296791735256859,0.00273148127793517,0.00957270112330287,0.131378689065697,0.006455520545124,0.0016574930154321,0.00402350005772352,0.0514271076271505,0.00757223729787506,0.00146662084042182,0.00827531973943799,0.0863719747426128,0.0165054935698335,0.0614926038575689,0.00900849396240454,0.0117333788782229,0.150960200958085,0.0230737157840825,0.0388028011749656,0.0124373182153368,0.00223703003057714,0.105999428774235,0.0102240257861661,0.729766188573412,0.0405436722769304,0.00966775647624597,0.727340125410806,0.476420832415392,0.0558120267680225,0.0111025131423685,0.0396440777300245,0.152326026029988,0.0112404198100528,0.000496162591826033,0.0276765187423714,0.323576001036837
0.000113784163198328,0.00619396513222683,0.0160213742058148,0.00484006767264147,0,0.000394691602364731,0.016362073005231,0.000582734896720505,0.0108646284189981,0.00538090412136469,0.00317112201528747,0.00151997846175663,0.0150037088735415,0.000744641267497301,0.000972287258643434,0.0165364912583924,0.00502744982526827,7.37792982923984e-05,0.0009586935424495,0.00392996519831922,0.00800762294018023,0.0123383054674615,0.0340754255427604,0.0631869915366883,0.00309527591375434,0.038503185647822,0.223575097856501,0.0483688139515669,0.00154404635105724,0.00296097562313003,0.0127631387309946,0.000752019611194613,0.000592651783959103,0.00857453470196415,0.0131206207314709,0.0418284430314142,0.00970499515669753,0.00300283361600475,0.00521532084848378,0.00630684079533827,0.00287963416981831,0.00347969584384647,0.187851536691742,0.146290703901485,0,0.180967146248779,0.0394865743591931,0.0588166372312984,0.214120021921253,0.0304007935223316,0.0168464551061751,0.0860690131517999,0.0272197431354479,0.000725381395209933,0.0380139967329696,0.422877990491579,0.0784547940297986,0.00360051463042281,0.247243216153851,0.381441347851419,0.0208847760181687,0.400663654876004,0.169651599639898,0.00521857017867272,0.0848753242722212,0.0530819426470916,0.408436426647591,0.0879447883432532,0.0385348542733084,0.406057108195254,0.010974602768768,1.27372727698438,0.11359427535366,0.00589241177468283,0.730752807671364,0.833182616646929,0.284916087303764,0.200365711025724,0.443424290930678,0.110928643432731,0.0777907466332069,0.0235376338453033,0.167860803746265,0.0264778080800342
4.1003742229414e-05,0.00807464763630561,0.0213552190868012,0.000427937709098196,0.0001387566121768,0.000716765739981796,0.00259116980192006,0.000253998093396879,0.00509635907446118,0.000641808386441302,0.0016090309952189,0.00015068138324275,0.00605271133444118,0.000348052911619306,0.00469409574998732,0.0283653233418963,0.00538652760092275,0.000486905700960588,0.00104461792244368,0.000178218813269806,0.00972340798734392,0.0179537256936801,0.0485731614591785,0.0274897189483178,0.00180229680797196,0.0477683155947511,0.280590657400413,0.020595883383442,0.000461936312680864,0.00275728896850226,0.00896786435113523,0.000425601437319803,7.23557384303568e-05,0.00747725543635125,0.292462804764014,0.0200450541286764,0.0087596191168173,0.0023334904867914,0.0206966886767005,0.00274345434644237,0.000993870012633421,0.00171801980191698,0.342121070152385,0.895287936810744,0.180967146248779,0,0.340780346094208,0.269706904948328,0.128383244621333,0.0146313138551884,0.0205747690414832,0.157855110751222,0.00218460808987406,0.00346289186083446,0.00351466000933549,0.219640705137997,0.01926970183112,0.00100815835729559,0.0163849677431389,0.19788544080933,0.00268934018390107,0.256962954704117,0.048537075632297,0.0227854907474266,0.155072739123562,0.0699532117504482,0.102491938399741,0.0643388254090171,0.00154882165709324,0.398630045069116,0.0196920129672369,1.89863527130212,0.0578359140266425,0.00550152310591178,0.648123786906107,1.32470757309783,0.127740037905583,0.0766789260648423,0.270558191045099,0.0213443039863531,0.00702821509872322,0.00552541201170952,0.0392790198418089,0.475653079012789
0,0.000363626507209539,0.00123055353879318,0.0335439551017004,0.000829987797192762,0.0121454005187907,0.0135642792846436,0.000873355257390975,0.0254640351057321,0.0190964901439042,0.000384693970428229,0.0217719508982708,0.000902887469914773,0.00152232536128206,0.00512017556874647,0.0235105697648499,0.000576903676566124,0,0.000115316275842619,0.0251434735211619,0.0199179858803493,0.00704941430673578,0.0217199573706937,0.0653712814351658,0.000279402880510712,0.00170271252369218,0.0308095132329663,0.0519629888969997,0.00161480247592363,0.00376622883383625,0,0.00127221627833748,0.000157364659579182,0.00579668123737085,0.0160348848057505,0.0678196089770741,0.00284337517091167,0.00158880839842766,0.00188093243226865,0.0338482200747125,0.00308461180985312,0.0367799542767244,0.684659715325272,0.162615440014408,0.0394865743591931,0.340780346094208,0,0.204104414622278,0.0445956115196808,0.00287044075476494,0.0117476004149538,0.0044647821631156,0.0809576475657026,0.729064167807397,0.445696539921252,0.0649848561930032,0.04679362335068,0.0878612123719591,0.0816573962518404,0.183005609496145,0.420612338450236,0.115677052783471,0.0267650810026086,0.318804499314637,0.0159083833776568,0.00197778499094202,0.00504606107581702,0.00152324411952217,0.0432719902322364,0.0304728892187915,0.0277429066302853,0.0811849377689068,0.197567970022303,0.00325947123097701,0.0189193365250225,0.0497475059584598,0.080404710546307,0.0263224083370769,0.0248345713316014,0.00130691644604724,0.111511758092868,0.000871227654043362,0.0328829384629074,0.0317084616374919
0,5.95030713023186e-05,0.000316610495832467,0.00320603015843961,6.64848754898071e-05,0.000297832175406361,0.00784314372101159,6.18528063052655e-05,0.00470062413379247,0.00244856045915844,0,0.00069051022491367,0.000111378865925789,0.000312688836001897,0.000875223369308855,0.00084249142531557,0.000303146110522842,0,0,0.00167330738406551,0.0012800975083138,0.000518381640061069,0.00170549276041124,0.0304420358238913,0,0.00104050078213649,0.00493717031927705,0.0241669183433361,0.000627282119613218,0.000696977814386844,3.18774373272658e-05,0.000198952517877388,7.09192389349941e-05,0.00142013900952473,0.0180235370674667,0.0172295747571158,0.00132711728300286,0.000681741149754598,0.00139541921449049,0.00481826919906378,0.00131566664304743,0.00174122860120332,0.488056088935729,0.030785943431,0.0588166372312984,0.269706904948328,0.204104414622278,0,0.101724289522889,0.0033178772631496,0.00050800074126749,0.00228619938597078,0.0156051192974094,0.040516568295745,0.117664884204282,0.0818415788385449,0.0333955346489226,0.000800859201322784,0.104703100214915,0.190867194720198,0.00675308501141323,0.418404614477345,0.0297715596355514,0.00465511535485132,0.0043657758869819,0.000697942796877907,0.00161842556940379,0.00038392364260261,0.0170811606605816,0.00561479686968191,0.000148561162146521,0.0172575208500996,0.0325365831938355,0.000165684693657589,0.0062121549438077,0.0276883197784343,0.0685079947998615,0.0135404754393215,0.0176427889132895,0.000290428164188862,0.95556668974758,0.000603285415620589,0.0120951040601207,0.0245756599331544
0,0.000332977642059445,0.00013824645336957,0.000178519943677282,0,5.65071862193584e-05,0.00113535352259745,0,0.000269921956121779,0.000489806371362948,0.00122869128262725,0,0.00923909283100381,0,0.000132494788283015,0.000375023787058496,0,0,0.000124799910586166,0.000202840546596122,0.000485310849766874,0.000276799480955458,0.00059988087528069,0.00514825989751554,0.000858082940430735,0.00339541742871509,0.00534930218542407,0.00281918267844758,0,0.000176735271412182,0.00393173179706197,0.000124822147813797,0,0.000174182024967098,0.0126706237503121,0.00211215418963745,0.00343359578025656,0,0.00039420599074645,0.000222515447708702,0.000186337611217975,0.000798388654380372,0.208827662621177,0.0296791735256859,0.214120021921253,0.128383244621333,0.0445956115196808,0.101724289522889,0,0.00355288048494658,0.00679061799826157,0.00145036546937313,0.00484272693091135,0.00030974255926323,0.0309555413531293,0.0228653421216901,0.0155937924733056,0.00138251857524076,0.0337313908069304,0.298949270782947,0.0142699122468973,0.212528465142398,0.0260024561876765,0.00147565606932406,0.00347706506739964,0.000465728144985437,0.00829414913695881,0.000332260096849966,0.00725252185213595,0.00408211160907962,0.00203449165772102,0.015903645564218,0.00772620303224533,0.00372365926700206,0.0179739217721155,0.0161606087855628,0.0164550937288447,0.0175731360240241,0.00903919345805685,0.0761139052874433,0.0412861732035683,0.000454623523760819,0.0845232258098459,0.0534226528192173
0,9.5555988934851e-05,0.000315431878493786,5.40581267296314e-05,0,0,0.000205633364904499,0,0.000372292842989016,2.26818817097425e-05,2.93707962767601e-05,0,9.32009140713213e-05,0,3.92769537450313e-05,2.98338395729542e-05,0.000165114677977681,0,4.00169883529186e-05,3.99343225371838e-05,7.7419743431997e-05,0.000354175221549296,0.000322142789667463,0.00157086258036103,0,4.77398724057913e-05,0.00312551853370714,0.00145437933708465,0,0,0,0,0,0.000122277377001786,0.000980453172102644,0.000704594825212597,5.42750070729017e-05,0,0.000211297182162094,0.000251689015638113,0.000148022875710297,0.000115993633500051,0.0180940191327473,0.00273148127793517,0.0304007935223316,0.0146313138551884,0.00287044075476494,0.0033178772631496,0.00355288048494658,0,0.000230794830317831,0.0053899756128097,0.000780382011182285,0,0.00909724651659008,0.658988980443669,0.0547341189439038,0,0.022953339518721,0.0131998723974268,0.0014447760155453,0.00477125571131945,0.541972030504646,0.0015401752293304,0.000547497004665112,0.00631090684315102,0.0102379877583185,0.00566862641226425,0.00181544163130774,0.00525596240032818,4.44546896922112e-05,0.0148510092578446,0.00218875966785457,0.00012935231497972,0.0209409565777825,0.0153323416939563,0.00676784638417943,0.625423524329807,0.22642844648368,0.00119870424834459,0.00882598180112825,0.00556924936231428,0.0503893417448922,0.00712136013098028
0.000165997162125206,0.161591018709391,0.0280222054624383,0.00271632660730491,0,6.00464281036377e-05,0.000842256515724208,0.000315344252036119,0.00575841059709978,4.93426467668295e-05,0.00465623199785278,0.000179629458523106,0.0315482162501765,0.000319268385450268,0.00027360902013073,0.010193474145363,0.0146719878985637,0.000547758034144092,0.00252142163830004,3.84339641611576e-05,0.00730045291811515,0.0680756351722349,0.039356202317564,0.0138130725500969,0.0212944775817119,0.068649669322452,0.844246560988848,0.00451146712238624,0.000384266820080996,0.00195714389653366,0.0160632971355521,0.000107543744946098,0.000116027066340208,0.0143010425638103,0.00396038784703238,0.0346751101175282,0.00902755687968999,0.00241549011738174,0.0112200649256268,0.00121111690441575,0.000444165445309639,0.000899686933808756,0.0597453448232221,0.00957270112330287,0.0168464551061751,0.0205747690414832,0.0117476004149538,0.00050800074126749,0.00679061799826157,0.000230794830317831,0,0.0169683672725174,0.000243493449975443,0.0024508048926497,0.000502996273593879,0.00540621332420411,0.000297097446009636,0.183311336930692,0.000455965761434627,0.00029683709411931,0.000879272190585063,0.0703071390688742,0.000815638975818303,0.0104297803489661,0.0758689964163697,0.0116966985462216,0.00102903486948681,0.00131512291857727,0.000107043492022991,0.00691397717827322,0.613582814259654,0.0352930612638915,0.259044816657757,0.361538600912938,0.0118235474001976,1.87350730292662,0.00278383246067312,0.000601223467148566,0.00458202784184976,0.00128348784046662,0.000276339579206657,0.000104641378647137,0.0059591970587172,0.00665589327149457
8.46680151324034e-05,0.0186085162552308,0.108836194685745,0.000259624522005558,0,0.000129400075354958,0.00187498380448029,0.000236234619826841,0.00148711388170938,1.41837274765134e-05,0.000378181448357463,8.47136041440012e-05,6.55481977247713e-05,0.000902152024430036,8.4387291308212e-05,0.00607622040559938,0.0328893265204123,0.0013371110842535,0.00558516960994971,6.20837446881294e-05,0.00764345251600377,0.0233122829431753,0.0884490801278533,0.00842829764579971,2.89741316440344e-05,0.0438093348645061,0.582078909791488,0.00833615621281207,0.000918798880023193,0.0039124276081667,0.000157564846601987,0.000139683832575202,9.05445933022499e-05,0.0313748310136418,0.00957963712480732,0.0561441582982004,0.0080544693657471,0.00341049264052591,0.0185407683602657,0.000985266486627172,0.000227634518338251,0.000860035533408951,0.220852713571984,0.131378689065697,0.0860690131517999,0.157855110751222,0.0044647821631156,0.00228619938597078,0.00145036546937313,0.0053899756128097,0.0169683672725174,0,0.000359260576368427,0.000117138377180958,0.0014103481114264,0.334157345251268,0.013901522714946,0.000449481700012279,0.00353044092587907,0.00171097586746988,9.03399692287446e-05,0.00178742418169377,0.0317470805602559,0.000990424605227852,0.00816062783266509,0.843644277470824,0.0204183285801031,0.115539184328321,0.000339247004127002,0.133518165833935,0.00557178095672192,2.80984895610885,0.00638221006888103,0.000832921896585345,5.12079840317031,1.44677346845742,0.120531803120796,0.0107281627494588,0.0756811512146719,0.000161061610222578,0.000202024077293157,0.000912554842831563,0.0617373455509672,0.0284363890381538
0,0,8.61611799038884e-05,0.287880910665075,0.00261617308695717,0.0284177265776876,0.0196274031489486,0.00202737273615461,0.146384746900405,0.101111975352032,0.000256207700371313,0.0935889151633207,9.58785942827225e-05,0.00143963497910857,0.0109132738867144,0.00177633070025761,0,6.47961243684766e-05,2.45491966909647e-05,0.137391673371605,0.00223003921561553,0.000502957785788369,0.00101448665417626,0.0945780988688783,0,0.000110389973410106,0.00117130484620621,0.0880772841132696,0.00219049277408316,0.00129757844666498,4.83726343349934e-05,0.00176582533304829,0.000143588015623427,0.00750976149500205,0.000723032470618415,0.0294665948828573,0.00086177624326022,0.00182979847402289,0.00131824651179671,0.0519983318287712,0.00434823869337273,0.00633184430944655,0.0499664224825836,0.006455520545124,0.0272197431354479,0.00218460808987406,0.0809576475657026,0.0156051192974094,0.00484272693091135,0.000780382011182285,0.000243493449975443,0.000359260576368427,0,0.00765929436355204,0.0373255391993579,0.0200444335806677,0.00684373200915068,0.384294563445999,0.375279338872301,0.00988609219332058,0.871848511303938,0.0088672407093848,0.00740829128130276,0.036069718935989,4.19138438894749e-05,0.000257081025522208,0.00262380858517335,0.000581633986480594,2.22548426541554,0.000146623672465396,0.00109975821215214,0.000609087973004937,0.19590620121457,0,0.00310644948732434,0.00228989988625474,0.38995643920998,0.0102095135138537,0.00199361800288825,0.000318874192476153,0.0105306192752615,0.00022077202172792,0.0184439943691516,0.00507181826485477
0,8.43352093803404e-05,7.35271544646265e-05,0.00274787346799278,0,0.00101987374191778,0.000741431293274333,6.22369644224167e-05,0.00363472856089976,0.00116802592541277,0,0.00130807597540555,0,3.6668641672039e-05,0.00015191752246821,0.00112899236074212,4.99394425982952e-05,0,6.8563278586292e-05,0.00284545041513605,0.00138218359235015,0.000593853695332718,0.000992407839842966,0.00396666030637307,0,0.000232654788072252,0.00107049687724242,0.0034501760146403,9.69904749139311e-05,0.000312112841372108,0,0.000158724641605854,0,0.000205259909608126,0.0332451669045279,0.00238826468035526,0.00049335545945735,0.000119426432366752,0.000964038047979072,0.00180749356645059,0.000292471740768528,0.000509624062734461,0.00532946639550562,0.0016574930154321,0.000725381395209933,0.00346289186083446,0.729064167807397,0.040516568295745,0.00030974255926323,0,0.0024508048926497,0.000117138377180958,0.00765929436355204,0,0.0500318438711318,0.00371112574220488,0.000925280150242284,0.030729079944797,0.00088119858282702,0.00179558618939338,0.0489055680306757,0.00138535426065631,0.000640581694957638,0.134090025201769,0.00291178713740673,7.58190133867266e-05,2.64926114228726e-05,0.000124746870024347,0.0016773795860002,0.00508771110287418,0.00578834366876106,0.0147587327729685,0.0483521734002432,0.000616459637064099,0.000171362551630068,0.00383177286208084,0.00841935728315893,0.000798343359888842,0.00276775773052454,0,0.031063571112012,3.4056652910614e-05,0.000735918220242476,0.0319694420278681
0,2.79391111257792e-05,0.000100166958547711,0.0134944966044265,8.4982976433277e-05,0.00188231925219591,0.0029178045596931,0.000230213162808037,0.00480972903144658,0.00568781708581037,0.000175743859113693,0.00764939040632195,0.00119516476776431,0.000122566062492656,0.00107274082756677,0.00106887414481559,0,0,0,0.00811839946829235,0.00112024297030342,0.000205219953052211,0.000403084203877974,0.0104716299066321,0.000178640881702137,2.81682727633953e-05,0.00160934068210809,0.0130764574953732,0.000240359760300064,0.00025866997668972,0.000315236193970585,0.00024569516265707,9.18521007076264e-05,0.000713328224944066,0.00679170356650835,0.00543900556973763,0.00144369158880436,0.000182076279275322,0,0.00712995960877931,0.00105211032433105,0.000936169742942617,0.0305050562039952,0.00402350005772352,0.0380139967329696,0.00351466000933549,0.445696539921252,0.117664884204282,0.0309555413531293,0.00909724651659008,0.000502996273593879,0.0014103481114264,0.0373255391993579,0.0500318438711318,0,0.0735928471196319,0.537096463756473,0.0181399979734171,1.25544410090182,0.0879545406187986,0.810526011590746,0.0567186223514688,0.179807858281422,0.0948720092035071,5.12200428042412e-05,0.000770371485811685,0.0329204664429145,0.00336457263264592,0.0611010942731203,0.000854222756370732,0.0013313933178493,0.00334698501065619,0.0290423177194121,0.000442128592642379,0.0273962384942775,0.00500194400622125,0.0239353575587194,0.122002680126547,0.0122369995285864,0.00647009963114262,0.124429412253953,0.00113684675859275,0.162033877786876,0.121521024711644
2.82462455077172e-05,0.00390807877103934,0.00895002404055182,0.0811776708654431,0.000583998453261852,0.00708393217999814,0.0707256844021004,0.00282419244940739,0.0420975974894129,0.0631937485287028,0.000356029444824743,0.0123037555569607,0.000436696058336878,0.00287744518309858,0.0069583494100462,0.00746388383833788,0.00366453076747742,0,0.000229858450922799,0.0482907380405226,0.00457384357189793,0.00453516916001315,0.0148382434385248,0.189687283423959,8.8085907048726e-05,0.00460839899165654,0.0883093021066056,0.175528722363876,0.00474458202972865,0.00442916055183571,3.0767227568078e-05,0.00585522539753044,0.00072709931151788,0.0153637024410608,0.02111515530377,0.0891056394518104,0.00587392912738059,0.00478573602531702,0.00539405342313799,0.0322455952451704,0.0132928045667483,0.0107819107908309,0.518145482909645,0.0514271076271505,0.422877990491579,0.219640705137997,0.0649848561930032,0.0818415788385449,0.0228653421216901,0.658988980443669,0.00540621332420411,0.334157345251268,0.0200444335806677,0.00371112574220488,0.0735928471196319,0,1.09253599358917,0.0275598823756091,0.826293511822198,0.0873801135114364,0.00511033255984576,0.0669354075696556,2.03850997696285,0.0543567323185868,0.00916541250300414,0.274425538304776,0.0659369854702485,0.0878082902938313,0.0118719645667369,0.486914599595703,0.00234088198379345,0.808209237422975,0.452606371274311,0.000525306459427786,0.374047140756547,0.37182486257207,6.97105487187276,0.481452096987781,1.11462604572067,0.00417570404619477,0.0435316156185524,0.0452058209481066,0.30061091472957,0.154424605679961
0,0.000193073558522415,0.000284593534916568,0.0161278980373896,7.56502938119888e-05,0.00167889329210272,0.00685809421097612,0.000112074614725256,0.00556992292393527,0.00946185772181055,0.000141438598541093,0.00330891438416083,0.000278247243437218,0.000183111588538742,0.000817753246839167,0.000668451593867396,7.57753223933456e-05,0,0,0.0087296008672573,0.000655254790627026,0.000168317052427912,0.000919747013271406,0.0214479316942995,0,0.00012629608408227,0.00307297205143955,0.0212105004711976,0.000302879013545466,0.000205411781864977,0,0.000170453604950667,4.32928137981892e-05,0.00047655454484396,0.0019578544329355,0.00783829763776079,0.000564980637971163,0.000858593091538097,0.000570568378577685,0.00418022967236173,0.000803821825850198,0.00119212733610206,0.103618606569803,0.00757223729787506,0.0784547940297986,0.01926970183112,0.04679362335068,0.0333955346489226,0.0155937924733056,0.0547341189439038,0.000297097446009636,0.013901522714946,0.00684373200915068,0.000925280150242284,0.537096463756473,1.09253599358917,0,0.00337251920950298,0.184520381274289,0.0518046894826983,0.0413305887009168,0.0341148947006869,1.24836889994635,0.00792058605779026,0.000560031944313598,0.00854467758568099,0.0255830288861938,0.00671847359434231,0.0106696939075129,0.0111626783717827,0.000133953923474336,0.0306368790072058,0.019805879734652,0.000237448082932019,0.0371159954356843,0.0197988146024599,0.0438104445910984,0.242781865010932,0.0568493734923997,0.00378428336060751,0.0682225684488159,0.00594013421265557,0.157352313457696,0.0201500115408314
0,0.00335638183320343,0.00105868434527199,0.136260708232673,0.00259866884302125,0.0097750070409015,0.0164799403946544,0.00183215636318929,0.218179866525376,0.0344478417588584,0.000438325362603665,0.0299324743014345,0.00138486962114675,0.000985202082980633,0.0100615941821595,0.0268018036261516,0.00063144045808053,0.000319252227270842,0.000171142708761406,0.0406611720109853,0.0290771336604581,0.0222945760104235,0.0152113109280047,0.226293225879441,0.000670123058778188,0.00216698466925879,0.0326585063498188,0.126614045647528,0.00272388755536945,0.00332791829925928,0.00105827063889964,0.00200819866160553,0.00040221257462368,0.00307776220860185,0.00422496551322098,0.0338861179834751,0.00360979235713935,0.00160616847190275,0.0016969860314091,0.021314099242066,0.00191435253106356,0.00299507952629943,0.033738840083765,0.00146662084042182,0.00360051463042281,0.00100815835729559,0.0878612123719591,0.000800859201322784,0.00138251857524076,0,0.183311336930692,0.000449481700012279,0.384294563445999,0.030729079944797,0.0181399979734171,0.0275598823756091,0.00337251920950298,0,0.041707373893155,0.00142578499965584,0.143235005288421,0.00684961144204776,0.00112397479366286,0.13032748806919,0.00495117280815096,0.000216057798769069,0.000160112809010553,0.000153116417417335,0.0496210534014476,0.000313583936388159,0.632629960544061,0.00111190483382814,1.36687268454088,0.0576079032252303,0.000301786374892044,0.0974838377383146,0.182913107909388,0.000995607654086064,0.000810998652371977,0.000412593259745836,0.00193403279898627,0.000213430350591517,0.00158022136939516,0.000977352815169095
0,0.00016026725302434,0.000262634921345472,0.0990053281583033,0.000829486088994027,0.0100394769858939,0.0203393483134275,0.000762413004953959,0.0416992248655131,0.0503203640534704,0.000245929739229011,0.0275893322745863,0.00107917084744406,0.00062374865840714,0.00646641441317776,0.00122186494076149,0,0,0,0.0463252952691562,0.00118805494552052,0.000184140959276605,0.00105516678429966,0.0683950374719178,0.000147567074142838,8.46971456696032e-05,0.0021374283118643,0.0809578222940641,0.00052936816836319,0.00128206982258678,0.000195099779592705,0.00116112463492706,0.000151468181092572,0.00398358928716695,0.00240333468705325,0.0246997401117677,0.00144154657219834,0.00113358039436404,0.000790853993675638,0.0239577981014455,0.00381142895767093,0.003255443776843,0.189778887673517,0.00827531973943799,0.247243216153851,0.0163849677431389,0.0816573962518404,0.104703100214915,0.0337313908069304,0.022953339518721,0.000455965761434627,0.00353044092587907,0.375279338872301,0.00088119858282702,1.25544410090182,0.826293511822198,0.184520381274289,0.041707373893155,0,0.102621321057988,0.10153219004618,0.0805414916834139,0.18002748786558,0.021938622574876,0.000439917208922696,0.00340783850652022,0.0530233595814085,0.0108507672343081,0.279995532554542,0.00345743768604133,0.000299884901357818,0.0110615134406464,0.0898714673726808,0.000482536332127047,0.0656363904781183,0.0232297363474315,0.841566733893621,0.164395023581021,0.0631950526703021,0.00711742955662402,0.0665556731882021,0.0043443223637779,0.173599399268987,0.0369175561142132
0,0.0124372155221565,0.000149035068035817,0.000876011324064302,0,0.000915097294057414,0.00257486679754401,6.00172032430172e-05,0.00173225620902386,0.00103851307389629,0.0685182589589849,0.000403598043223572,0.381908619191088,3.12961894604444e-05,3.9832857486248e-05,0.00136656844633069,0.000135790373522401,0,0,0.00123897683584242,0.000862223201525763,0.00337754302887754,0.000747045288516214,0.0143126564545071,0.0501326614995838,0.0235858133591722,0.0569156892305968,0.00848250370822711,0.000338446762302303,0.000523303141623974,0.143382024287666,0.000205077195517731,9.10185049664496e-05,0.00184952853893674,0.00539520662031484,0.00542514179404092,0.00859434374830541,0.000153872590954971,0.000416763363616133,0.00570578313528822,0.00024016615474205,0.00166046742557466,0.194477796033491,0.0863719747426128,0.381441347851419,0.19788544080933,0.183005609496145,0.190867194720198,0.298949270782947,0.0131998723974268,0.00029683709411931,0.00171097586746988,0.00988609219332058,0.00179558618939338,0.0879545406187986,0.0873801135114364,0.0518046894826983,0.00142578499965584,0.102621321057988,0,0.0397021325758903,0.234635167825419,0.123012605756324,0.00583624709027818,0.00813781182305138,0.00319255993277779,0.403462865382492,0.075698736547875,0.0211093522920932,0.0215208927099693,0.00048677092049253,0.0522231767511971,0.0218359470175855,0.0264015484222762,0.042323720520174,0.0219507748290077,0.0482190560465852,0.0626518392887063,0.0491386498247226,0.0265594484346407,0.0366827032227739,0.00302301127249853,1.67766764845023,0.0275306535822795
2.43170513533115e-05,0,0.000115147409970331,0.0449215049300178,0.000717718240981863,0.0124302010146916,0.00566265843662488,0.000627426451771331,0.0210813997292927,0.0222831125020586,8.45338275544169e-05,0.0645178735407497,0.00024132498629955,0.000685264816724682,0.0048949678437958,0.00470676422849965,0.000113460393244958,0,2.81671139328003e-05,0.0322497995980672,0.00546768219376352,0.000939425182979247,0.00377396292697642,0.0231581763646885,2.57613854674816e-05,3.80732983506203e-05,0.00356102138537464,0.0282557616339916,0.00100160614623942,0.00201411288059506,5.31200283383846e-05,0.00164944278291077,7.70257968537569e-05,0.00206648700317388,0.00704045000327087,0.0208531737723083,0.00100899643821165,0.000717823750390075,0.000377963522756696,0.0251338019383406,0.00138359592387521,0.00708278859129788,0.0413938919877583,0.0165054935698335,0.0208847760181687,0.00268934018390107,0.420612338450236,0.00675308501141323,0.0142699122468973,0.0014447760155453,0.000879272190585063,9.03399692287446e-05,0.871848511303938,0.0489055680306757,0.810526011590746,0.00511033255984576,0.0413305887009168,0.143235005288421,0.10153219004618,0.0397021325758903,0,0.0293964019727597,0.0342802908994254,0.233046998772311,5.8826470157218e-05,0.000161323305740404,0.00912138403197478,0.000582926827556563,0.44524497253599,0.000200137664706731,0.00241070645891061,0.000680314284722901,0.0865534073184418,0.000316916712004781,0.00955318741321605,0.0028373084992875,0.189672608131901,0.0411892376691594,0.00127951828743803,0.00209723404937989,0.0482439340595325,0.000122434625693607,0.0661565351210826,0.0994817505040612
0,0.0211982125982744,0.00010229041166482,0.00389590821816409,0.000231515742295933,0.00783751360993962,0.00549725763336346,0.00465113546474583,0.0040772563360327,0.00506710601498787,0.128710375143005,0.0038136555640357,0.713050463470096,0.00194496836569176,0.000968423205398228,0.00346132276763441,0,0.000249182311063671,5.57658734328747e-05,0.00537186796847792,0.00499377059116266,0.0069229577457908,0.00281148649562259,0.0212657333431933,0.17101700797553,0.105285684402059,0.218875111508804,0.0172586292292145,0.00280011534143615,0.00198722306747346,0.373574060945992,0.009212663637644,0.000139883811701489,0.0059611095103426,0.00442222724721108,0.013894934722589,0.0431821282190291,0.00192635747511199,0.000750272025358489,0.110198691815627,0.00428377842583022,0.0134742476240271,0.196588687694519,0.0614926038575689,0.400663654876004,0.256962954704117,0.115677052783471,0.418404614477345,0.212528465142398,0.00477125571131945,0.0703071390688742,0.00178742418169377,0.0088672407093848,0.00138535426065631,0.0567186223514688,0.0669354075696556,0.0341148947006869,0.00684961144204776,0.0805414916834139,0.234635167825419,0.0293964019727597,0,0.0505192133314766,0.00494620780809145,0.010661689697121,0.000973903263307926,0.000475195421352911,0.000634280757643819,0.0155334047099178,0.0110993399773791,0.0202266309442654,0.024367238194692,0.035009795379243,0.591202880916616,0.0128997138927005,0.0688593871686605,0.0527545732850446,0.0357468745918193,0.0270350595162083,0.0154961543410619,0.109448494427043,0.000827428479399344,0.308214851010635,0.0177822230621458
0,0.00043287151505506,0.00107210029839263,0.00391870661047282,3.11909610975266e-05,0.000479229816920686,0.00386763774501207,5.51278082174778e-05,0.00330046710201323,0.00170423352927246,9.59277156101704e-05,0.000342228796520949,0.00135506698722625,0,0.000409036989596701,0.00082533223570161,0.000326459620355773,0,6.43001564236164e-05,0.00230560492634389,0.000334217015230751,0.000716644318790028,0.00184510404287631,0.0145028239989165,0.000299805353989864,0.000491459912898875,0.00959989147779181,0.0111529107715693,0.000169626309628988,0.000168368064073706,0.000195334479362583,0.000160290194790173,3.9008224394989e-05,0.000963409549853467,0.00206753904425712,0.00543788229329724,0.000682800985032318,0.000551518466374469,0.000682321539085794,0.00171553793712659,0.000486496893631196,0.000830511675245259,0.110180274867474,0.00900849396240454,0.169651599639898,0.048537075632297,0.0267650810026086,0.0297715596355514,0.0260024561876765,0.541972030504646,0.000815638975818303,0.0317470805602559,0.00740829128130276,0.000640581694957638,0.179807858281422,2.03850997696285,1.24836889994635,0.00112397479366286,0.18002748786558,0.123012605756324,0.0342802908994254,0.0505192133314766,0,0.010525810619159,0.00162650438769643,0.0202705283731141,0.0723725059544793,0.0185912561241572,0.0177881409270242,0.019175568813007,0.000207838613751912,0.0639188397821838,0.01315761321817,0.000714787951100495,0.105782149548769,0.0608205391473293,0.0469784226277578,1.15241347441364,0.283697009646066,0.00983379042643018,0.116783966599375,0.0173628838144636,0.381958426757994,0.0279572224756739
0,0.000658126736660384,0.000496959842250824,0.00774500308748244,0.000213504119206238,0.00322643877256594,0.00719255483665251,0.000515875368604374,0.0153495170667743,0.00626479441741813,8.65687340792658e-05,0.0046570705831104,2.49641504424333e-05,0.000615290351969147,0.00133463140237656,0.00555503464381921,0.000304874138686467,0.000155655553848696,0.000360321572401714,0.00657406184458756,0.00533250064904608,0.00331859061385431,0.00291630932750623,0.0438983664908935,0,0.00118115351258719,0.00749641892742757,0.0287303397393566,0.000879610890588429,0.00178738052342484,0,5.44115277118206e-05,0.000106971736924553,0.00129336863648458,0.0443568207563324,0.017920371956224,0.00304346073444085,0.0011600689344801,0.00296787178165169,0.00654790688406065,0.00170373129555753,0.00304791784523012,0.0501851350467478,0.0117333788782229,0.00521857017867272,0.0227854907474266,0.318804499314637,0.00465511535485132,0.00147565606932406,0.0015401752293304,0.0104297803489661,0.000990424605227852,0.036069718935989,0.134090025201769,0.0948720092035071,0.0543567323185868,0.00792058605779026,0.13032748806919,0.021938622574876,0.00583624709027818,0.233046998772311,0.00494620780809145,0.010525810619159,0,0.0146913491627532,0.000636608453690815,0.00109647024593517,0.000339984081984401,0.0123065425214421,0.0252571577477337,0.0325692944155508,0.0483325734650753,0.265616798540024,0.00374580427327695,0.00273340971064296,0.0184308301402158,0.0713412998618757,0.0119753247734626,0.0292209990004127,9.80673750308988e-05,0.00662551367661042,0.000597585503292417,0.00549427299394219,0.122225277783854
0.000131113504563046,0.00498967966699147,0.00653193947086504,0.00111634996939294,0.000810326819372034,0.00152230381319289,0.00856585502808303,0.000418125738377738,0.152865038302258,0.00130326290727689,3.87279914375782e-05,0.000668444434912279,0.00118902488865351,0.00128752852490408,0.00235398039615641,0.910007286177327,0.00482235252731216,0.000624847599405027,0.000754104403259108,0.00127606526101005,0.265400295536635,0.204316046735357,0.423327973416623,0.293511101756076,0.00059780948099184,0.00580366039857759,0.447231689167544,0.129819946910126,0.00215022699519632,0.0131009407234188,0.000716719710152575,0.000749531482559108,0.000740769631804059,0.011349704934739,0.0314973922406155,0.0649214771817796,0.00960092105257625,0.00527751699781465,0.00872104403711916,0.0137545651452719,0.00225234348024859,0.00575859276449933,0.494367441969084,0.150960200958085,0.0848753242722212,0.155072739123562,0.0159083833776568,0.0043657758869819,0.00347706506739964,0.000547497004665112,0.0758689964163697,0.00816062783266509,4.19138438894749e-05,0.00291178713740673,5.12200428042412e-05,0.00916541250300414,0.000560031944313598,0.00495117280815096,0.000439917208922696,0.00813781182305138,5.8826470157218e-05,0.010661689697121,0.00162650438769643,0.0146913491627532,0,0.00323465474481189,0.00320405595384829,0.00236527954884853,0,1.05169547003304,1.01410728255498,0.386721478451117,0.364250271614183,0.0181301217318729,0.016116624057501,0.535378105685745,0.0796579648462997,0.00722730035660282,0.028261574578502,0.000377919485269118,0.00121318985985346,0.00260682800946844,0.0212421328861154,0.142666204985036
0,0.00755962816226897,0.0187187008057058,0,0,0,0.000111066992273211,0,0.000383281706277037,0,0.000103475425671387,0,0.00037047186775682,2.4862090576458e-05,0.000178778651645136,0.000641657082049942,0.00276626414611008,2.28835317080498e-05,0.000404922526919675,2.83713722624302e-05,0.000818359419188621,0.00164439392355552,0.00601656214339578,0.00214709296095171,0.000442974379204416,0.0422881550534665,0.155018188349457,0.00130822046156109,0.000102125703722906,0.000345166751623965,0.000357253826347089,2.14017030717373e-05,0,0.00275102272680745,0.00329175892128446,0.00553982622423899,0.000795159728849744,0.000124136797690201,0.00201922897907438,0.000263031849698782,0.00010738023818407,3.0110259169221e-05,0.0645302650356502,0.0230737157840825,0.0530819426470916,0.0699532117504482,0.00197778499094202,0.000697942796877907,0.000465728144985437,0.00631090684315102,0.0116966985462216,0.843644277470824,0.000257081025522208,7.58190133867266e-05,0.000770371485811685,0.274425538304776,0.00854467758568099,0.000216057798769069,0.00340783850652022,0.00319255993277779,0.000161323305740404,0.000973903263307926,0.0202705283731141,0.000636608453690815,0.00323465474481189,0,0.102611603836105,0.762893063327055,0.000209460768688416,0.296574719711553,0.00174941084608905,1.13812478417163,0.00261018979434929,0.00186836350731425,1.03430751625073,1.28864764251898,0.0508606893096787,0.0223928677250478,0.379972850943187,0.000139859857402611,0.000308507447970557,0.00217198991269441,0.0974475384209585,0.012224134938208
0,0.000405080279953051,0.00136485339629974,0,0,0,0,0,0.000325132280007506,0,0,0,0,0,0,0.000194537615856314,0.000200048026657749,0,5.11624131192684e-05,0,8.9329041607046e-05,0.000617660868924094,0.00128967256940138,0.000589714516069579,9.35702422368049e-05,0.0018482187177201,0.0134953381098603,8.88391661851645e-05,0,0,6.82848050494193e-05,0,0,0.000385314522286892,0.00251784991835962,0.000895954382811498,0,3.05601048864126e-05,0.000472409119060421,0,0,3.87304823458672e-05,0.0790015011085412,0.0388028011749656,0.408436426647591,0.102491938399741,0.00504606107581702,0.00161842556940379,0.00829414913695881,0.0102379877583185,0.00102903486948681,0.0204183285801031,0.00262380858517335,2.64926114228726e-05,0.0329204664429145,0.0659369854702485,0.0255830288861938,0.000160112809010553,0.0530233595814085,0.403462865382492,0.00912138403197478,0.000475195421352911,0.0723725059544793,0.00109647024593517,0.00320405595384829,0.102611603836105,0,0.237309631369484,0.00837583185144349,0.0420205770824689,0.000338250744759679,0.11328552150789,0.00763119382077947,9.18549111605647e-05,0.0927682082863665,0.0680052209447435,0.0251865838422409,0.0392256561664505,0.107868394680961,4.31155050172806e-05,0.00191121128396473,0.0042006995370374,0.688172235513487,0.0123324528108661
0,0.00112230628165262,0.00249979994798706,0,0,0,0,0,0.000651253754750633,0,0.000102000985061359,0,0.000114491569602585,0,0,0.00049089098867569,0.000312669330303526,0,0,0,0.000168834027546,0.000767866036316226,0.00176485267956068,0.000759969878214884,0.000109122380211353,0.0159672216805909,0.0420703956717409,0.000261394782036996,0,2.85835499094486e-05,0.000287269261285686,0,0,0.000612515360787249,0.00170977357495265,0.000982646122331003,0.00020054416592474,9.048269596374e-05,0.000550712243674922,0.000127599531730628,0,0,0.0657310205796953,0.0124373182153368,0.0879447883432532,0.0643388254090171,0.00152324411952217,0.00038392364260261,0.000332260096849966,0.00566862641226425,0.00131512291857727,0.115539184328321,0.000581633986480594,0.000124746870024347,0.00336457263264592,0.0878082902938313,0.00671847359434231,0.000153116417417335,0.0108507672343081,0.075698736547875,0.000582926827556563,0.000634280757643819,0.0185912561241572,0.000339984081984401,0.00236527954884853,0.762893063327055,0.237309631369484,0,0.00170511531080675,0.0663246619992078,0.000340382794782829,0.216723295976308,0.00472475618226871,0.000217554328384209,0.726998508245841,0.258507457748001,0.0193776893254103,0.0195079134063171,0.154648728939671,3.84500915410995e-05,0.00027369022489593,0.00351412362476742,0.436283269173163,0.00691111645865185
0,0,0,0.0378690792479835,0.000455056189140701,0.00663901356410056,0.0052371525354553,0.000384970647970176,0.0230379070620858,0.0163094605620179,0,0.0471458197400154,0.000102100605993175,0.000691753063026954,0.00391102411416864,0.000654387944917628,0,0,0,0.025991155202415,0.000723696195654128,0.000192717795604777,0.000335370971807385,0.0226460987149401,4.48746040856123e-05,0,0.000312531327439427,0.0222404118526194,0.000699455359549572,0.000362662483352423,2.47481286347866e-05,0.00061315333552916,6.04924084855557e-05,0.00142865201584675,0.000441953349351883,0.00742652973681911,0.000684248006401489,0.000509980863209725,0.000270397638756323,0.0122634553327006,0.00119207257654403,0.00102555205033271,0.0277660137931986,0.00223703003057714,0.0385348542733084,0.00154882165709324,0.0432719902322364,0.0170811606605816,0.00725252185213595,0.00181544163130774,0.000107043492022991,0.000339247004127002,2.22548426541554,0.0016773795860002,0.0611010942731203,0.0118719645667369,0.0106696939075129,0.0496210534014476,0.279995532554542,0.0211093522920932,0.44524497253599,0.0155334047099178,0.0177881409270242,0.0123065425214421,0,0.000209460768688416,0.00837583185144349,0.00170511531080675,0,0.0001418850274405,0.000172961949597645,0.00100201582942915,0.0182804810853331,0.000126731663863349,0.00987223175166806,0.00253492682522642,0.422962732394674,0.0216435720375652,0.00491584174958067,0.00110534309803147,0.0159418919460453,0.000206535220002651,0.0297411598881797,0.00352667105745671
0,0.00250744473609767,0.00434515315869098,0.000476257297096467,0.000121841729846835,0.00100253998275204,0.00175812584120371,3.26287503212929e-05,0.0629457518928722,0.000503245787915683,0.000125696036980248,0.000465072639562083,0.000152979790905189,0.000340829437353659,0.00180637876564329,0.0951689416643793,0.00183021575698536,5.05137798308373e-05,6.05448965816259e-05,0.00100276348305945,0.158236375624497,0.055110975202102,0.0457836961058549,0.160264081826667,0.000122075973399353,0.00462373405871601,0.066678434904419,0.106539238999542,0.000961708898581412,0.00617910511256254,0,0.000219965132989526,0.000142773783133006,0.00278528906068189,0.0435888007976686,0.0222414195809447,0.00264151244056671,0.000725705136288783,0.00452615401044967,0.00601175698880961,0.000994399369144179,0.00256984610239212,0.680146755115112,0.105999428774235,0.406057108195254,0.398630045069116,0.0304728892187915,0.00561479686968191,0.00408211160907962,0.00525596240032818,0.00691397717827322,0.133518165833935,0.000146623672465396,0.00508771110287418,0.000854222756370732,0.486914599595703,0.0111626783717827,0.000313583936388159,0.00345743768604133,0.0215208927099693,0.000200137664706731,0.0110993399773791,0.019175568813007,0.0252571577477337,1.05169547003304,0.296574719711553,0.0420205770824689,0.0663246619992078,0.0001418850274405,0,0.0296149989060351,2.19206560493537,0.222370846091677,0.00118307477286508,0.18372647409309,0.298969764420974,2.15539972471236,0.0319500292823405,1.55190665630286,0.000745872983146837,0.000707474047624114,0.0095091808868192,0.415218409019084,0.235982717472801
9.5418463462758e-05,0.0219766646868239,0.0076141250334267,0.0104580056565995,0.00050995193479414,6.19148480163574e-05,0.00352379220463901,0.000446811425151873,0.132185923149083,0.000156717964733291,0.000765405298047064,0.000484743973709393,0.00470549927635667,0.000845587168101381,0.00125232067389564,0.257242570555361,0.00750023366492355,0.000762953761123827,0.00188390690978508,0.000223430844955087,0.111647744276036,0.149801869795955,0.15089589729437,0.199061008691075,0.00698924117917881,0.0164609232704272,0.408933175151481,0.0519506185132207,0.00158326615058434,0.00606986080681786,0.0038256987475688,4.99587615747929e-05,0.000322507813605023,0.0147100454237285,0.00572373015645969,0.0407677319106812,0.00596258601644304,0.00320102063965058,0.0104231096291944,0.00282633976634989,0.000537401936635208,0.00147915019381385,0.040293191613608,0.0102240257861661,0.010974602768768,0.0196920129672369,0.0277429066302853,0.000148561162146521,0.00203449165772102,4.44546896922112e-05,0.613582814259654,0.00557178095672192,0.00109975821215214,0.00578834366876106,0.0013313933178493,0.00234088198379345,0.000133953923474336,0.632629960544061,0.000299884901357818,0.00048677092049253,0.00241070645891061,0.0202266309442654,0.000207838613751912,0.0325692944155508,1.01410728255498,0.00174941084608905,0.000338250744759679,0.000340382794782829,0.000172961949597645,0.0296149989060351,0,0.0860083011044926,1.16271835193362,0.176888827838731,0.00252352156061118,0.920405929828115,0.0142516140365316,0.000674933075832937,0.00170134992178438,0.000606650738592196,0.000406391625744152,0.0001054478631423,0.00211228063307011,0.00793601629718109
0.000250315986179924,0.0189247028231121,0.0424327874237768,0.000804453940990231,0.00080593362713742,0.00138487153071478,0.00598615801864743,0.00101453124605455,0.0554185671527278,0.00101437663649354,0.000510060279679871,0.000792137346585488,0.000270449293341351,0.000822137776718831,0.00481880276932898,0.554808312010617,0.0218494687207354,0.000938706155544589,0.00380314985610709,0.00118940873492589,0.201308049616617,0.144620407503874,0.437486020156119,0.170396595757878,0.000536144103023028,0.0295255904479579,1.04621766318738,0.0823946516894407,0.00177022162063107,0.00987427726284033,0.000285629131000185,0.00145787483022652,0.000195329178001356,0.0372860476559813,0.142549744510279,0.0761841260056257,0.0115092793398903,0.00839449954878453,0.0256470626424783,0.0158594587915394,0.00172387436615546,0.00384397219129923,2.5526483610772,0.729766188573412,1.27372727698438,1.89863527130212,0.0811849377689068,0.0172575208500996,0.015903645564218,0.0148510092578446,0.0352930612638915,2.80984895610885,0.000609087973004937,0.0147587327729685,0.00334698501065619,0.808209237422975,0.0306368790072058,0.00111190483382814,0.0110615134406464,0.0522231767511971,0.000680314284722901,0.024367238194692,0.0639188397821838,0.0483325734650753,0.386721478451117,1.13812478417163,0.11328552150789,0.216723295976308,0.00100201582942915,2.19206560493537,0.0860083011044926,0,0.30455754900146,0.00384033453928785,0.908610415625688,3.79971429200687,1.00874138027143,0.0574659070963502,1.16521812445081,0.00259654687212932,0.00249463353662524,0.0110939949232338,0.671999031199914,0.654429649792794
8.87331755350112e-05,0.00489653473290775,0.00419378377464402,0.269140339761591,0.00178276087990723,0.0197971870864881,0.214147701308028,0.0100080001112591,0.51895113448473,0.173605443828506,0.00280601844373684,0.0388320913535923,0.00228457039162381,0.0121137732502743,0.0243813101595026,0.0868097554105627,0.00248584794716771,0.000560079745113158,0.000463339662306332,0.122600453472044,0.0956718041661879,0.050151642915659,0.0423895214921535,1.16524652722315,0.00101212500939774,0.00475058861059656,0.075446111366513,0.762455745404029,0.0230050176191549,0.0262049101449211,0.00105471987223335,0.0190631840474753,0.00445699751839693,0.0340500375529152,0.0407614267268885,0.344348887891676,0.0322514381075298,0.0180009443541138,0.018788330477935,0.0840646221226343,0.0353192238241912,0.0396002090544193,0.326509849985337,0.0405436722769304,0.11359427535366,0.0578359140266425,0.197567970022303,0.0325365831938355,0.00772620303224533,0.00218875966785457,0.259044816657757,0.00638221006888103,0.19590620121457,0.0483521734002432,0.0290423177194121,0.452606371274311,0.019805879734652,1.36687268454088,0.0898714673726808,0.0218359470175855,0.0865534073184418,0.035009795379243,0.01315761321817,0.265616798540024,0.364250271614183,0.00261018979434929,0.00763119382077947,0.00472475618226871,0.0182804810853331,0.222370846091677,1.16271835193362,0.30455754900146,0,0.0839142443260578,0.0194546212723857,0.322122800598137,1.22169189872169,0.0640553547097233,0.0321276379616773,0.000906059705144693,0.0112882349178988,0.0218243112669549,0.0835875942262921,0.135544643440829
0,0.0138670757844458,0.00043338002801485,0.00102574156340926,0,0,5.22604763318539e-05,0,0.0012164838954938,0,0.0111575264881526,4.37909800562382e-05,0.18109755669929,0,0,0.00074753250555761,7.73954195393084e-05,0,0,0,0.000309621763685989,0.00446227830171855,0.000445343075139856,0.00136152015291596,0.204225530077187,0.0894790360405169,0.274095932648001,6.05856385243893e-05,0,0,0.126699200200188,0,0,0.00085381583743472,0.000138802884551955,0.00125381497824805,0.00312359686918602,0.000122082450915885,9.76077196779731e-05,0,0,0.0013811448335445,0.0119536740142114,0.00966775647624597,0.00589241177468283,0.00550152310591178,0.00325947123097701,0.000165684693657589,0.00372365926700206,0.00012935231497972,0.361538600912938,0.000832921896585345,0,0.000616459637064099,0.000442128592642379,0.000525306459427786,0.000237448082932019,0.0576079032252303,0.000482536332127047,0.0264015484222762,0.000316916712004781,0.591202880916616,0.000714787951100495,0.00374580427327695,0.0181301217318729,0.00186836350731425,9.18549111605647e-05,0.000217554328384209,0.000126731663863349,0.00118307477286508,0.176888827838731,0.00384033453928785,0.0839142443260578,0,0.0176539476954072,0.511441617127614,0.000745169601850175,0.000331971648130131,0.000735801403573607,0.0324968811071094,0.000224103266995168,3.30635081411361e-05,0.012887213471574,0.000937697757330537
2.53681819267989e-05,0.015465976403876,0.0169652342315562,0.000243428563161993,0,3.8782521924448e-05,0.00021070898323667,0,0.00125745090356333,0.000171172083769512,0.027318472293222,0.000137524567357778,0.0735668367068596,2.33487001686573e-05,0.000731427976908014,0.00216419465177851,0.00441361407326639,0.000182506598119497,0.000502672070522761,0.000360587033156491,0.000955514562132526,0.00474061087127695,0.00910985214297986,0.0053865691321023,0.0315373148477988,0.578082231297154,0.918152616600114,0.00226297672114163,0.000393415346811032,0.000242815193358064,0.261396847596707,2.52164097682714e-05,0,0.00551126986546172,0.031093086294346,0.010353462890201,0.00887367782854322,0.00096225921799114,0.00470369125038264,0.00177381332751181,0.000205727861572123,0.00212443715100538,1.15104410129889,0.727340125410806,0.730752807671364,0.648123786906107,0.0189193365250225,0.0062121549438077,0.0179739217721155,0.0209409565777825,0.0118235474001976,5.12079840317031,0.00310644948732434,0.000171362551630068,0.0273962384942775,0.374047140756547,0.0371159954356843,0.000301786374892044,0.0656363904781183,0.042323720520174,0.00955318741321605,0.0128997138927005,0.105782149548769,0.00273340971064296,0.016116624057501,1.03430751625073,0.0927682082863665,0.726998508245841,0.00987223175166806,0.18372647409309,0.00252352156061118,0.908610415625688,0.0194546212723857,0.0176539476954072,0,1.37053136231489,0.0902549344283292,0.065842677583251,0.291621222125606,0.0185338791778272,0.00400300843706217,0.00832587996874101,0.421785591525519,0.111128798770568
0.000407514026324201,0.47135726495315,0.494354622355577,0.00207973406924758,0.000517939111146355,0.00127961339817038,0.0100401720166804,0.00152408965006349,0.0203951811353143,0.000268096385991525,0.0260425219162132,0.000840577127646088,0.0985096977815651,0.00364236432091155,0.00260206589331157,0.171387152294622,0.146693180639435,0.00666833195890482,0.0258732139712281,0.000618382483515429,0.0764207668648746,0.268270204216834,0.600126251041146,0.115378915098355,0.187166028347345,1.92502255965174,8.17363806683903,0.0637143245771553,0.0059032396644664,0.0200302158476731,0.343130595694937,0.000694028727195236,0.00063931133173027,0.160261361962712,0.0909907853324487,0.297560637828643,0.0730790853829594,0.0306481867221545,0.108464388126188,0.0123896650126798,0.00278594937082479,0.00808821770812048,2.53692005409323,0.476420832415392,0.833182616646929,1.32470757309783,0.0497475059584598,0.0276883197784343,0.0161606087855628,0.0153323416939563,1.87350730292662,1.44677346845742,0.00228989988625474,0.00383177286208084,0.00500194400622125,0.37182486257207,0.0197988146024599,0.0974838377383146,0.0232297363474315,0.0219507748290077,0.0028373084992875,0.0688593871686605,0.0608205391473293,0.0184308301402158,0.535378105685745,1.28864764251898,0.0680052209447435,0.258507457748001,0.00253492682522642,0.298969764420974,0.920405929828115,3.79971429200687,0.322122800598137,0.511441617127614,1.37053136231489,0,0.16307861577726,0.0568173175451117,0.390081700057948,0.00980517246002206,0.00229910352096198,0.00855849973202475,0.356984789610494,0.307160552200076
0.000194810845780992,0.00161496105091825,0.00446822341644073,0.205740505307099,0.00214611629583128,0.0203328835729066,0.133501916609308,0.00514187282751904,0.183544810222758,0.126844282148646,0.000809311393100666,0.0560257934663068,0.000241037518350792,0.00598971038111201,0.0184873480504306,0.0269111514027637,0.00133490752360282,0,0,0.115253194610434,0.0422420571323657,0.0169648508800006,0.0186983982091791,0.521537842996756,5.03904817955017e-05,0.00160086200758617,0.0399281795761996,0.44693342020059,0.0126968488970888,0.0203289977540509,5.03069112449169e-05,0.00852897641670198,0.00251298166718001,0.0239728003204036,0.0346735998320934,0.218160543179201,0.0180718335308272,0.0104077759076874,0.00890560048336328,0.0698377412866126,0.0219462502942975,0.0218077415159455,0.476817438151804,0.0558120267680225,0.284916087303764,0.127740037905583,0.080404710546307,0.0685079947998615,0.0164550937288447,0.00676784638417943,0.00278383246067312,0.120531803120796,0.38995643920998,0.00841935728315893,0.0239353575587194,6.97105487187276,0.0438104445910984,0.182913107909388,0.841566733893621,0.0482190560465852,0.189672608131901,0.0527545732850446,0.0469784226277578,0.0713412998618757,0.0796579648462997,0.0508606893096787,0.0251865838422409,0.0193776893254103,0.422962732394674,2.15539972471236,0.0142516140365316,1.00874138027143,1.22169189872169,0.000745169601850175,0.0902549344283292,0.16307861577726,0,0.162390385609291,0.941396412093998,0.00144616156306886,0.0233130548071251,0.060786542790184,0.220545373024074,0.206750369087662
0,0.00012283096500678,0.00055517677906487,0.000833377403632735,0.000167315333852005,0.000437470062850928,0.00336550467508857,0.00014017832021985,0.00429015415776658,0.00108140168681295,0,0.000606716584039593,0.000319015438910937,3.49360282351971e-05,0.000412063626039719,0.00123466848656209,0.000238835630497098,0,0,0.000975244165054109,0.000976498862893796,0.000613021165317392,0.00101397572345695,0.0205227896142951,0.000138045394336367,0.000429824302631593,0.0063925824342925,0.0153840674546672,0.000296974787063599,0.00050520067930541,0.000153970608388639,0,6.28544421075583e-05,0.000723042451576282,0.0039308435168365,0.00892799767774024,0.000653995626862119,0.000163853893389917,0.000175710695769024,0.00159331977020831,0.000504753293697024,0.00083285530617542,0.128492707305047,0.0111025131423685,0.200365711025724,0.0766789260648423,0.0263224083370769,0.0135404754393215,0.0175731360240241,0.625423524329807,0.000601223467148566,0.0107281627494588,0.0102095135138537,0.000798343359888842,0.122002680126547,0.481452096987781,0.242781865010932,0.000995607654086064,0.164395023581021,0.0626518392887063,0.0411892376691594,0.0357468745918193,1.15241347441364,0.0119753247734626,0.00722730035660282,0.0223928677250478,0.0392256561664505,0.0195079134063171,0.0216435720375652,0.0319500292823405,0.000674933075832937,0.0574659070963502,0.0640553547097233,0.000331971648130131,0.065842677583251,0.0568173175451117,0.162390385609291,0,1.0488138199234,0.0030158525021744,0.0540644882899551,0.2100266802023,0.610536344669697,0.0391203381674086
0,0.00219101687350695,0.00523134299043796,0.000388114097232127,0.000144350830299854,8.73861004172084e-05,0.00124392432062023,6.32956889937401e-05,0.00857051887463541,6.20333682816982e-05,2.3847378468132e-05,0.000151449518530083,0.000152211959762764,0.000176678652335286,0.000853212032795622,0.00813162740596141,0.00205163895680909,0,0,0.000418411374719668,0.0130780452973349,0.00731464870262724,0.00859719518188229,0.0395498529063489,9.35187262494563e-05,0.00648006857720944,0.0506057821444795,0.0276851374313487,0.00057149653643539,0.00164138446552484,0.00012502801060406,8.84687119135383e-05,4.37598687272072e-05,0.00167671291768877,0.027745027960163,0.00952555401969593,0.00132146535434618,0.000426087512855315,0.00248578703156276,0.00142417209611442,0.000209485288927818,0.000341818300994825,0.292871932700638,0.0396440777300245,0.443424290930678,0.270558191045099,0.0248345713316014,0.0176427889132895,0.00903919345805685,0.22642844648368,0.00458202784184976,0.0756811512146719,0.00199361800288825,0.00276775773052454,0.0122369995285864,1.11462604572067,0.0568493734923997,0.000810998652371977,0.0631950526703021,0.0491386498247226,0.00127951828743803,0.0270350595162083,0.283697009646066,0.0292209990004127,0.028261574578502,0.379972850943187,0.107868394680961,0.154648728939671,0.00491584174958067,1.55190665630286,0.00170134992178438,1.16521812445081,0.0321276379616773,0.000735801403573607,0.291621222125606,0.390081700057948,0.941396412093998,1.0488138199234,0,0.00239959371432202,0.00938297126458912,0.146955216605135,1.04364328673783,0.177188847591781
0,0.00721290739571748,5.55941605332613e-05,0,0,0,5.1807862511015e-05,0,0.000689548559142063,1.87833099425554e-05,0.0666188851237734,0,0.288549434793652,0,8.09395662414552e-05,0.000400377533652019,0,0,0,0,0,0.00226784763840158,2.72102451808691e-05,0.000478660871522856,0.0515321290983829,0.107434019756456,0.134647252339075,0,5.21419560665131e-05,3.26667838344097e-05,0.320558597012569,0,0,0.000529606025080204,0.000666311784299184,0.000283615164274693,0.00484708273834698,0.00037983593697753,5.13992457534313e-05,0,0,0.0016683460029454,0.0138507055082212,0.152326026029988,0.110928643432731,0.0213443039863531,0.00130691644604724,0.000290428164188862,0.0761139052874433,0.00119870424834459,0.00128348784046662,0.000161061610222578,0.000318874192476153,0,0.00647009963114262,0.00417570404619477,0.00378428336060751,0.000412593259745836,0.00711742955662402,0.0265594484346407,0.00209723404937989,0.0154961543410619,0.00983379042643018,9.80673750308988e-05,0.000377919485269118,0.000139859857402611,4.31155050172806e-05,3.84500915410995e-05,0.00110534309803147,0.000745872983146837,0.000606650738592196,0.00259654687212932,0.000906059705144693,0.0324968811071094,0.0185338791778272,0.00980517246002206,0.00144616156306886,0.0030158525021744,0.00239959371432202,0,0.000675848908122037,0.000355851897347832,0.0707916482812147,0.00237907326341844
0,2.26913448512793e-05,0,0.00060178052779541,0,0.000261708857852697,0.0015177427522193,7.70338528438567e-05,0.00114816440060027,0.000515262541641355,0.000118292264458752,0.000416384753256083,0.000124913982251,3.40907825891018e-05,9.54676868134977e-05,0.000618393912049055,0,0,0,0.000974568387795213,0.000203674798751307,0.000161072501690197,0.000545519652751493,0.0101905994350759,2.67194996735573e-05,5.50662977974892e-05,0.00133094837502501,0.00573834573409224,0,0.000115163837645245,0,0,2.7502206966877e-05,0.000467277582339621,0.000346343638416624,0.00581793739747975,0.000506082362666345,4.19878165507794e-05,0,0.000968450010574364,0,0.00135740013093202,0.236737542874661,0.0112404198100528,0.0777907466332069,0.00702821509872322,0.111511758092868,0.95556668974758,0.0412861732035683,0.00882598180112825,0.000276339579206657,0.000202024077293157,0.0105306192752615,0.031063571112012,0.124429412253953,0.0435316156185524,0.0682225684488159,0.00193403279898627,0.0665556731882021,0.0366827032227739,0.0482439340595325,0.109448494427043,0.116783966599375,0.00662551367661042,0.00121318985985346,0.000308507447970557,0.00191121128396473,0.00027369022489593,0.0159418919460453,0.000707474047624114,0.000406391625744152,0.00249463353662524,0.0112882349178988,0.000224103266995168,0.00400300843706217,0.00229910352096198,0.0233130548071251,0.0540644882899551,0.00938297126458912,0.000675848908122037,0,0.000493185688850212,0.500428429744783,0.00205336365092854
0,0,2.99599557610989e-05,0.000323229068227387,0,8.75409120998383e-05,0.000726907147760722,0,0.000305541981228233,0,0,0,0,4.35724654153347e-05,0.00011711351814723,0.00059939528098712,0,0,0,0.000403327812398672,0.000358981194246769,0.000261964324174833,0.000298921408791805,0.00347713793897939,0,0.000157857464802003,0.000940292800600721,0.00425759466586054,9.40855792073252e-05,0.000278885083431387,0,0.00010784574928894,2.37078972287893e-05,0.000100473469240093,0.000995932226750996,0.00197005408554847,0.000595620211301851,0,0.000144320400409412,0.00015378951704607,0,3.7003270368576e-05,0.00368259430694775,0.000496162591826033,0.0235376338453033,0.00552541201170952,0.000871227654043362,0.000603285415620589,0.000454623523760819,0.00556924936231428,0.000104641378647137,0.000912554842831563,0.00022077202172792,3.4056652910614e-05,0.00113684675859275,0.0452058209481066,0.00594013421265557,0.000213430350591517,0.0043443223637779,0.00302301127249853,0.000122434625693607,0.000827428479399344,0.0173628838144636,0.000597585503292417,0.00260682800946844,0.00217198991269441,0.0042006995370374,0.00351412362476742,0.000206535220002651,0.0095091808868192,0.0001054478631423,0.0110939949232338,0.0218243112669549,3.30635081411361e-05,0.00832587996874101,0.00855849973202475,0.060786542790184,0.2100266802023,0.146955216605135,0.000355851897347832,0.000493185688850212,0,0.0910281617886184,0.00182810387869942
0,0.00331083679556945,0.00848384589007688,0.00284942069772742,0,0.000372173077269531,0.00630751243199151,0.000147543564511514,0.00510718979972227,0.0027997948189034,0.00827987972820454,0.00063778525000999,0.0553969830262358,0.000173684311076474,0.000860973139008449,0.00387212523371766,0.0012468225540134,0.000218786840970397,0.000282225628217912,0.00254586156804571,0.00368942928229394,0.0035887491311898,0.00771417140044378,0.0263575380074444,0.00621778518192758,0.0144191097879874,0.0743708720443595,0.0209159092591078,0.000795933434993789,0.00133448200947818,0.00888696737673056,0.000312170382508564,7.73067054748533e-05,0.00262179175602078,0.00210285938845682,0.0186926750220658,0.0159978877222284,0.00100579515521815,0.00145142172421081,0.00266543021318106,0.000815103992626761,0.00344588709790957,0.127556846658028,0.0276765187423714,0.167860803746265,0.0392790198418089,0.0328829384629074,0.0120951040601207,0.0845232258098459,0.0503893417448922,0.0059591970587172,0.0617373455509672,0.0184439943691516,0.000735918220242476,0.162033877786876,0.30061091472957,0.157352313457696,0.00158022136939516,0.173599399268987,1.67766764845023,0.0661565351210826,0.308214851010635,0.381958426757994,0.00549427299394219,0.0212421328861154,0.0974475384209585,0.688172235513487,0.436283269173163,0.0297411598881797,0.415218409019084,0.00211228063307011,0.671999031199914,0.0835875942262921,0.012887213471574,0.421785591525519,0.356984789610494,0.220545373024074,0.610536344669697,1.04364328673783,0.0707916482812147,0.500428429744783,0.0910281617886184,0,0.0116353382968183
0.000428986958978176,0.00319692307626557,0.0178023240279237,0.00164442170661528,0.00786245155387087,0.0156847525939997,0.0210951316254477,0.00127466284884389,0.0122474351330389,0.00652744040732824,0.00121995777894752,0.0466637523492858,0.000770315116980598,0.00227558639766362,0.0778173132673404,0.0267108477865858,0.00539424504501672,0.00846168466402361,0.00435081559382172,0.00198314944683752,0.0722605792716024,0.00867419462785224,0.162045439401223,0.0601378996940421,0.000110957426957917,0.0462665529316402,0.131456238671305,0.06783557489457,0.00433698503151884,0.0360211869585973,0.000801256028615284,0.00183163900307765,0.00122191022947812,0.00760713411836677,18.6856968788801,0.114871726593386,0.11242292624282,0.00260551455583763,0.215167533426368,0.00819062979314785,0.0168485169044996,0.039283073448555,0.699464977183243,0.323576001036837,0.0264778080800342,0.475653079012789,0.0317084616374919,0.0245756599331544,0.0534226528192173,0.00712136013098028,0.00665589327149457,0.0284363890381538,0.00507181826485477,0.0319694420278681,0.121521024711644,0.154424605679961,0.0201500115408314,0.000977352815169095,0.0369175561142132,0.0275306535822795,0.0994817505040612,0.0177822230621458,0.0279572224756739,0.122225277783854,0.142666204985036,0.012224134938208,0.0123324528108661,0.00691111645865185,0.00352667105745671,0.235982717472801,0.00793601629718109,0.654429649792794,0.135544643440829,0.000937697757330537,0.111128798770568,0.307160552200076,0.206750369087662,0.0391203381674086,0.177188847591781,0.00237907326341844,0.00205336365092854,0.00182810387869942,0.0116353382968183,0
