"Predictor","Test_Statistic","p_value","functional_ve","semi_partial_r"
"Group",2118.11762339279,0,0.00624469568073564,0.12113807317604
"age_at_5y_mri",69.9782166528726,5.2263321837795e-14,0.00416478458340158,0.0192308757572451
"eTIV",29687.7876510288,0,0.414657355357671,0.455023176661903
"sex",466.66803305058,4.74809984090519e-82,0.124803161842576,0.0498275893183042
"Rel_Motion",8926.44090660069,0,0.13781493484404,0.249356157619425
