"Predictor","Test_Statistic","p_value","functional_ve","semi_partial_r"
"Group",19.9361464659276,1.04777760328263e-43,0.0255504680132501,0.159845137596519
