"Predictor","Test_Statistic","p_value","functional_ve","semi_partial_r"
"Group",36.311456009309,2.87398179098327e-06,0.00381165834145226,0.061738629248245
