"Predictor","Test_Statistic","p_value","functional_ve","semi_partial_r"
"eTIV",912.195894872377,2.60148804111741e-190,0.00719751662097382,0.0718723544702803
"sex",130.706624806335,1.13017946193429e-25,0.00757108747528809,0.0273112100451558
"sriskscore",412.189597759752,7.28852056440455e-81,0.00134227399170898,0.0482422703059182
"age_at_5y_mri",72.076019564578,1.24605571418604e-12,0.000604802229997383,0.0203779283747088
"Rel_Motion",375.588784908112,7.34464653022856e-72,0.00321539842019289,0.0457770562165372
"anyrop",2112.79205066209,0,0.0152742635589505,0.111528279596001
