0,0,0.0423928496288956,0.000603861197694463,0.00029210269918896,0.00876972608093885,0.562609455674689,0.480131530608919,0.0010116571017145,0.0151434870144871,0.00303348321917626,0.00236986481142286,0.000253447258924165,1.13517711399903,0.000530147209864643,0,0.122811129086205,0.00397773175151839,0.0186006167017038,0.000918446565096724,0.0157239831935246,0,0.083187231501831,0.00836255161241002,0.000452100580372006,0.0497321404367924,0.0170936529596284,0.021713406585444,0.902212949025121,0.627780329218947,7.75775106221556e-05,0.00076965991152575,0.0017753645920316,0.0147729359325168,0.00102582422491428,0.00869515588083124,0.000411392658041644,0.00841784658606812,0.00276142537287357,0.00238949350982719,0.00092759930481226,0.000264313575290746,0.000405611010983091,8.32819619510532e-05,6.13666580820382e-05,4.93894310004055e-05,0.00011908676868332,0,0,0,0,0,0.000161541347739023,0,0,0.000183717515889525,0,0.00063728654060128,0.000103100142722279,0,0,0,0,0,0,0,0,0,0.000190323855280841,0,0,5.65818722885728e-05,0.00171596789451086,0,0,0.000673812223064223,0.000814255956020048,0.0001179786128632,0,0,0,0,0,0
0,0,0.00610547280759885,0.000677245432868141,0.000295741232672354,0.000247137144077569,0.000821635007437116,0.00144574938461281,0.199558007110063,0.000357087899764636,0.0431383256645818,0.00152911192390704,0.13852546869401,0.00218989189913888,0.00301587434413144,0.012545829216481,0.00746526445655003,0.000882561946418026,0.000433619270371875,4.43514908976227e-05,0.00361205374265694,0.362275186826083,0.00332854587295592,0.270018680977862,0.650298484612663,0.0487939207586587,2.63839276879762,0.00960263718802987,0.00107768082567399,0.000147738900089034,0.0041359891044839,0.000404100160462963,4.02609146253109e-05,0.0145754332784115,0.00165353560146525,0.0310211586064005,0.0323001660870307,0.0265639695704415,0.0213814336840036,0.00141653507595927,0.000193604412436191,0.104225813716345,0.0136409942802059,0.0116351656376041,0.0128698249369442,0.00798490796942752,0.000308927098566642,0.000176504534232748,0.00767963845658958,0,0.270226033132082,0.00606115488481596,0.000214448022172913,0,0,0.000430807725411501,3.59975053656518e-05,0.00578049804601372,0.000230531237470534,0.00270510805583898,0.000263535582827464,0.0096715914588101,5.80269680270255e-05,0.000491342898597955,0.00521636630824237,0.00611231858016257,0.00104070754879071,0.00272440295591863,0.00018917588549513,0.000460701901064461,0.00909856095703387,0.00132427866106525,0.012670929998143,0.044501039806353,0.0681202856987666,1.1808824933738,0.00203555940738145,0,0.00028191710855962,0.00435654117909606,0.000115261379717362,0,0.00490960678661122,0.00115851324065927
0.0423928496288956,0.00610547280759885,0,0.00285025090615658,0.00115568490497431,0.00737425229141934,0.350601017572698,0.158344630205164,0.00181265158824252,0.018895934427285,0.00218206471725706,0.00272838466183676,0.000154180223140677,0.161552106454474,0.00396720222039067,0.00658157095770661,1.74033588488045,0.0115496738978876,0.0541641970063131,0.00127208369093544,0.208209188917935,0.00476322138533772,4.1833787492597,0.0299220265739786,0.000570805984122669,2.46959828780158,1.54545431623968,0.330237396857808,0.0795611755136358,0.0808584248950957,0,0.00103007750800157,0.00649105213478684,0.2569455714904,0.086139133193285,0.698214324084165,0.0631504190017768,0.534790432523068,0.507333038132794,0.00494835868820199,0.00908338673705424,0.000261444548234158,0.0526845812182479,0.00643626357108912,0.0307988288218234,0.0325249547446798,0.00136549505486012,0.000935465841954998,0,4.97190956492543e-05,0.0219731600122211,0.117531736702383,7.16155606239736e-05,0,0,0.00270110674562978,0.000373600769329428,0.000881183765557372,0,0.000116575403262037,0.000106654490563512,6.21129225830555e-05,0.000152584728273714,0.000490153253359079,0.0196986447813206,0.0234927843126646,0.00090345171464604,0.00416661109510918,0,0.00342312514165144,0.0166030015876626,0.0567382257984554,0.00472305420114544,4.16305107746482e-05,0.0240644179040282,1.32129904059706,0.00313068998558227,5.50416273328662e-05,0.000376894239554736,0,0,0,0.0116745413988869,0.0385233548483959
0.000603861197694463,0.000677245432868141,0.00285025090615658,0,0.00249173580546956,0.0061084484381551,0.0163830407647074,0.0143842790249918,0.5815267980118,0.568732046420654,0.00165291502204498,0.314005706977806,0.000435730306622488,0.010490659202861,0.0343583691839675,0,0.000673595682455329,0.00085924508108441,7.98817122114897e-05,1.49862624252281,0.000359623069825003,0.000929189119208549,0.00291230789877203,0.673541608740195,0.00744552039125323,0.00109167549725136,0.00193937472566383,0.589956315444898,0.00741065357957515,0.000369782679634943,0,0.00111096402080265,8.67724431670606e-05,0.00463527064219885,0.00526119782291404,0.0185430297514693,0.000186211663884198,0.0090539768601962,0.00151881575078168,0.0291257748697637,0.00729074591887396,0.00168339634501475,0.0107511706604473,0,0.00546144992216753,0.00128724447246825,0.0885262783778669,0.00097259615318323,0.000215052197567308,0,7.99642443833143e-05,0,0.174397411983777,0.00194826619839785,0.00843751993883912,0.00723799549472006,0.00465941447472038,0.0847186344342342,0.0825620874553385,0.000729239727703634,0.0525250162796045,0,0.000975804168327859,0.0453246639732755,6.69543850726664e-05,0,0,0,0.133358609935888,0,0.000223994122481716,6.04117682946444e-05,0.0890165376240083,0,0,4.3306286960268e-05,0.130547896529749,0.00124021661314411,0,0,0.000202659058690518,0,0.0017755298403905,0.000718697624867565
0.00029210269918896,0.000295741232672354,0.00115568490497431,0.00249173580546956,0,0.300335735965966,0.0128532276897214,0.0273800733702378,0.0317519967092098,0.0390276879380081,0.000392297758533746,0.055809788730894,0.000181050702921427,0.00204441826141273,0.321349340393526,0.00242332038200413,0.00109795711373662,0.000163656856360209,0,0.0035864799969883,0.0229785363481875,0.00073052050316009,0.0313042407341586,0.0180581138093993,0.00556670300594593,0.00139203761413654,0.00527035716584338,0.0262171110889378,0.000837260275456584,0.0036065933328823,0,0.20863428034837,0.000177173997703481,0.0281803326331797,0.124277089900172,0.0666242026449153,0.00189278700947596,0.0037568439237529,0.00697576988443495,0.857402527895899,0.679895958486695,0.00161970302214877,0.00271356420983647,0.00118061926433105,0.000344566192901563,0.0059396596712392,0.0071360771352519,0.000830166605019086,0,0,0,0.000252606935962939,0.00186052600837808,0,0.000721783264539012,0.000431045225090367,0,0.000446762130036065,0.00111247464463733,0.000189866841413361,0.00273667167115252,0,0.000135404894111908,0.00409868962457194,0.000859929428455067,0,0.000177144427253318,0,0.00140809188036882,0.000394595735607326,0.000388308825350094,0.00303663179472915,0.00618974040588491,0,0.000349202790416372,0.0025756348478843,0.00355741560742349,0,0.000107897398882354,0,0,5.71327019294858e-05,0,0.0817391584553497
0.00876972608093885,0.000247137144077569,0.00737425229141934,0.0061084484381551,0.300335735965966,0,0.254402762130386,1.1074026060772,0.0248626670057445,2.16789269839029,0.0310259652953422,0.986225274663672,0.00447751309597991,0.0702100420634929,0.46590947715636,0.000238436833849656,0.00832232061493027,0.0117815646400045,0.00259185252765678,0.030681358672424,0.00651703106336167,0.000460488072680297,0.0180922426372625,0.0252408308144938,0.0287104539475653,0.0193968514125107,0.0045321791881965,0.0537814750598834,0.0223238256171774,0.0220869908387382,0.00127803009031179,0.113160194589666,0.00030816007234534,0.0289188226420143,0.328739170055662,0.341090004923206,0.00326763181237543,0.0253488219944801,0.0167331455845312,0.651210486425091,0.131548236853773,0.00822215014428953,0.00831553857831428,0.000485143302242088,0.000472667473847103,0.00192338732630538,0.0181219496614083,0.000876324152230478,0.000928524424132919,0,0.000198263873178745,0,0.00590471490910226,0.00019538248776483,0.000871379721209049,0.000528661065391621,0.000520030475607306,0.0033021036979972,0.00346154374095861,0.000510536398275716,0.0137068306873113,0.000469983800815338,7.30247440534532e-05,0.0074133204485479,0.000393947137865495,8.19602150997698e-05,0,0,0.00427816679711301,0,0,0.000337233409318179,0.00837745583135112,0.000131990179173779,0.00021729685822317,0.000172787884943461,0.00536195699566708,0.000515876936784679,0,0.000143521395966339,0,0,0,0.0139288762216692
0.562609455674689,0.000821635007437116,0.350601017572698,0.0163830407647074,0.0128532276897214,0.254402762130386,0,2.0729879783737,0.0665074685245022,2.20955104862634,0.04668225508256,0.0171776340061712,0.00471011844130789,3.09061414493724,0.0427460490144637,0.000323031304553205,0.0896451361380664,0.0318367306288012,0.0150815052947753,0.00790522203610464,0.211683461318904,0.00176771809445435,0.794905235941911,0.548689845724808,0.0121494067161773,0.109698200718077,0.0482608574751726,4.59833671525339,0.747150023457052,1.97638940193207,0.00179368582210108,0.0200841758698449,0.0275510795795543,0.114137063678232,0.129700389367917,0.313040996966057,0.00475346946530834,0.173156080248902,0.0601185161802166,0.0837083969301455,0.0776069368523687,0.00693954932858767,0.0429913570416501,0.00044832499819963,0.0165606064481987,0.00666458826572883,0.0502794211276448,0.00263759216557417,0.000719535523627925,7.55695575795293e-05,0.000183896573392627,0.000415112808954402,0.0366706177733971,0.000141910755844462,0.00280969724994181,0.0184023181243162,0.00679562935026207,0.015879485296861,0.0308210588557704,0.000584998786783552,0.00844671510873702,0.000161462359860874,0.00271595952564206,0.00795454650705589,0.00218370687465708,4.7705771494919e-05,0,0,0.024955543114652,0.000291001069242898,0.000938792328249299,0.0024501073241964,0.128546588576391,0,0,0.0134056535162253,0.131192980924468,0.00702584908725548,0,9.57356125084162e-05,0,9.75769757476625e-05,0.00578174231711215,0.00892503303210518
0.480131530608919,0.00144574938461281,0.158344630205164,0.0143842790249918,0.0273800733702378,1.1074026060772,2.0729879783737,0,0.0247129034312273,1.5297919856226,0.127775331447189,0.434370976974483,0.0189847895176837,2.74493854018615,0.0554028373235144,0.000680302299488831,0.262422324865922,0.0614211213707841,0.0459418807122567,0.0598358370485169,0.0598744556937329,0.00112192463564933,0.329707750492109,0.0889830855108833,0.0364457286887602,0.166448867576712,0.0493239779610654,0.259503230494166,0.493281649917298,0.757639406090138,0.00541790320461888,0.0827383823562013,0.00402637249381692,0.127163476336464,0.0436963285158562,0.341048416229229,0.00870413219526178,0.0658061352210827,0.0321005599212983,0.233260023874993,0.0627658498089537,0.0171642422378829,0.00886693135922156,0.000860773063690743,0.00224494879173659,0.000755821730248261,0.00991702402431552,0.00123797453136861,0.00104748463566324,0.000177463002983356,8.28300951767206e-05,0,0.0057995355300976,0,0.000151329309584948,0.00219231332377447,0.000186266316412624,0.00659009216242744,0.00331082460993214,0.00143085538518516,0.00483023403923845,0.00142706320697099,0,0.00178889128883329,0.000316896604241192,0,0,0,0.00519601998504339,0,0.000351828255958485,0.000105985643143824,0.0312428104281361,0.000236281369917834,0,0.00137285592877103,0.019992653137076,0.000120807823287308,0,0.000416605593977651,0,3.63166118063301e-05,0.000281892263834357,0.00333358074347103
0.0010116571017145,0.199558007110063,0.00181265158824252,0.5815267980118,0.0317519967092098,0.0248626670057445,0.0665074685245022,0.0247129034312273,0,0.17691736517263,0.0575176674031441,0.411403842915073,0.12859849983768,0.0246935392080704,0.23013092008484,0.00680826350377563,0.00120526532780001,0.00259483514545866,0.000857542630688604,0.134694000816361,0.00761532528236366,0.535369822957152,0.00299932886653146,3.32654806401249,0.162190718539575,0.00677334741601461,0.316182799035037,0.521735341251234,0.0365956480815215,0.00164557879017587,0.00227378793330436,0.00406822831126014,0.00256588653348701,0.01860972580047,0.0307444721445778,0.0856198707146461,0.00662216484925522,0.028249514405477,0.00802216581122274,0.237921886525898,0.0139629884294886,0.0455070077780081,0.0646595074852385,0.00318306205305276,0.0178209640048576,0.00914322885814879,0.0545523326333123,0.00268466888494678,0.00346104675577917,0.000426139117244339,0.0028824303751655,0.00023873011415042,0.141290552666029,0.00220625083861592,0.00870724756806354,0.0168531194747201,0.0115365221788226,0.140499427117227,0.0753261417171249,0.00229502671711794,0.0415088906600557,0.00480362584785719,0.00832618619122609,0.0425835434214955,0.0394586027309578,0.000336571631817627,0.00135463498967818,0.000302810018381274,0.0638364764447948,0.00689745906505194,0.050103516552457,0.00352207064412649,0.505569946325666,0.00181920406450415,0.00223179484582048,0.0108834739615659,0.185781307697534,0.0177363671232876,0.000268713619871801,0.000242331247201538,0.00173384166350439,0.000353029006117499,0.00897591630154945,0.0248439593436558
0.0151434870144871,0.000357087899764636,0.018895934427285,0.568732046420654,0.0390276879380081,2.16789269839029,2.20955104862634,1.5297919856226,0.17691736517263,0,0.0959744037636326,0.491456837814787,0.0144612856909813,0.869513388426197,0.111341354712671,8.31025017479181e-05,0.00957559175775306,0.045070917014852,0.00992526220025169,0.589227941343585,0.003468643822594,0.000529557456998611,0.0222216394755211,0.117458998283387,0.0265211082910206,0.0647926593873375,0.0131684032393586,1.05967320740324,0.135944205699785,0.0114145411916621,0.00159357440917132,0.0410157898584672,0.000772276176305502,0.124930053923787,0.254172473510352,0.529484540828886,0.00648323748994383,0.179052575719621,0.0369752783664475,0.230277890163892,0.133440665958926,0.0127698564537066,0.0191350022014134,0.000239248906470102,0.00505271646846355,0.00151455877938878,0.074274582983888,0.00177253359212589,0.000873295397272411,9.1643521443924e-05,6.46765056643486e-05,0,0.139147223307658,0.0018151866062903,0.00530903696812677,0.0114429518870627,0.0049686619758351,0.0721978663182782,0.0779604277234223,0.000544909830406443,0.055456362430524,0.000108490536028802,0.000937227403915359,0.0372054388798671,0.00024932132505551,0,9.08014276693049e-05,0,0.105553631142628,0,0.000226808769032416,0.000169874214187765,0.106717867182803,0.000125258685412362,0,0.000425956955484023,0.14299143835085,0.000950651081514364,0,3.52273108818322e-05,5.38328658433795e-05,0,0.00141386575078301,0.0117944174703041
0.00303348321917626,0.0431383256645818,0.00218206471725706,0.00165291502204498,0.000392297758533746,0.0310259652953422,0.04668225508256,0.127775331447189,0.0575176674031441,0.0959744037636326,0,0.0828515728416608,0.842017024126935,0.270065525619338,0.00247258437861122,0.00104789473631023,0.0244587481003,1.20610145382682,0.0820648595571183,0.0140184180303018,0.00565356560591657,0.0412012842442521,0.00986644931377126,0.0396767470514003,0.114691724287239,0.637091081525836,0.103791447080048,0.025393033343099,0.161813934607826,0.0120145713865921,0.138712977838734,0.0637618386657543,0.0018534028794997,1.28101988889799,0.0104363769504488,0.125947452943934,0.332101876740465,0.632798002237097,0.0632899916732245,0.0169021860283006,0.00586473555914031,0.207695673528825,0.00161095460660159,0.0859343013252254,0.00889550915380116,0.000906125080157076,0.000738201614272034,7.84172548687637e-05,0.0864401104251377,0,0.00533513505857517,7.88263874355376e-05,0,0,0,0,0.000251303585302603,0.00219691675320768,0.000120294119389244,0.0972607103877253,0.000457427136389068,0.365661099828393,0.00021274055002768,0.000141836872389257,0.000133660056203937,0,0,0,0.000311752871372581,0,0.00204483283443029,0,0.00158950332784766,0.0265673174718437,0.0443420006259398,0.0986341160127104,0.000134107183918932,0.00108993174476665,0,0.0505146090656291,0.00145066147962159,0,0.00785367217276073,0.00160390451044126
0.00236986481142286,0.00152911192390704,0.00272838466183676,0.314005706977806,0.055809788730894,0.986225274663672,0.0171776340061712,0.434370976974483,0.411403842915073,0.491456837814787,0.0828515728416608,0,0.01266747061017,0.228519117133279,0.297617448554106,0.000168193264240122,0.00496812413660389,0.0419371336449566,0.00862652280466476,1.72609418010894,0.00123355828277824,0.00165542277916728,0.00295678881372686,0.260393843305,0.0256870312873252,0.0642074682592835,0.0122343995158858,0.0715962601741008,0.0495269854459594,0.00278307048102124,0.00278191521996472,0.0244041581690607,8.61769431581617e-05,0.0516487712032594,0.627135997470591,0.225743893358424,0.00554026408459012,0.0688847457447727,0.0159971724055706,0.467089318105534,0.0501572816900219,0.00950882843117782,0.0115262392761301,0.000196970824705365,0.00222664501377984,0.00113514759261693,0.102886179849638,0.00199729619161578,0.00109589162792692,0,8.0089350749439e-05,0,0.0518375815518001,0.00323510928027416,0.00726890251429575,0.00176049799754134,0.0045170773128779,0.0287622254319391,0.0301335425132035,0.00138179747498739,0.1444521369528,0.000225991197289655,0.00195977854696035,0.0560182344077217,0,0,0.000160015146613634,0,0.0415955756239743,0,0.000254339548857963,5.98617760564506e-05,0.0218397187634805,0.000177613916821182,0.000246393839821833,0.000195728940471378,0.0292846952643344,0.000676645249804544,0,0.000165402067632449,0.00047095985502305,0,0.00111831730208445,0.0760551634160962
0.000253447258924165,0.13852546869401,0.000154180223140677,0.000435730306622488,0.000181050702921427,0.00447751309597991,0.00471011844130789,0.0189847895176837,0.12859849983768,0.0144612856909813,0.842017024126935,0.01266747061017,0,0.0228660404002763,0.00080023621569885,0.00110288638083493,0.000647827480674339,0.00447362369104302,0,0.00178604641311119,0.00112887122189965,0.107824477874895,0.000792717624719745,0.0853084886980019,0.845584014255689,0.0303123842837628,0.463881800516799,0.00585525017586243,0.0105301405355579,0.00189401436717297,0.246683164725525,0.00522255331955546,0.00038751447686491,0.173311479045012,0.00103041134632957,0.0196885564547504,0.178565474324467,0.252121656174722,0.00242502532327298,0.00514808522124118,0.00127211953923911,0.546833367187798,0.00191146037538955,0.242302989977521,0.0184138484877048,0.00116978806287403,0.0010611532375563,0,0.238467972915126,0.000150564112848568,0.019363756462313,0,6.84404922092616e-05,0,0,0,0.000756171172535855,0.0076437820589159,5.08261153752386e-05,0.379087011465841,0.000356369746926242,1.2718571330992,0.000494491970191943,0.000115973161361182,0.00032606784949007,0,0,0,0,0,0.0088188750760171,0,0.00372512553028135,0.183374904927965,0.0668440265391914,0.209195183290608,0.000357256145705241,0.00413408740291177,0,0.119330454392083,0.00400678367071659,0,0.0286741909562019,0.000219412238833749
1.13517711399903,0.00218989189913888,0.161552106454474,0.010490659202861,0.00204441826141273,0.0702100420634929,3.09061414493724,2.74493854018615,0.0246935392080704,0.869513388426197,0.270065525619338,0.228519117133279,0.0228660404002763,0,0.00636951053603334,0.000286171583745682,0.314960773982551,0.158679235391378,0.0828040544643598,0.0393143987851031,0.0561099711688913,0.00141949758009456,0.326792397247671,0.0984240635627481,0.0174654998102974,0.365468303925615,0.100936716797404,0.257314754347001,2.27966956823176,1.03624429371346,0.00582331174282538,0.0415379556016662,0.0119551716808221,0.204089905856356,0.022497789420889,0.18119696989422,0.00962552849810267,0.064007843273325,0.019616289722838,0.0265714741629275,0.0234130604882021,0.0109139775423799,0.00846223328788327,0.000877716291581044,0.00083700569169549,0.000613921913976902,0.00814827655923573,4.28512865929574e-05,0.00146768872514013,5.66321644557059e-05,0.000149805650003481,0.000200778065500927,0.00180083350768086,0,0.000136634873359466,0.00198324292585005,0.000194392829763261,0.00469784585908691,0.00111490026695407,0.000744460591548115,0.0038122930968544,0.00152868153624577,9.58982979882892e-05,0.000825327910758847,0.00099296744645119,0.000123801959376907,0,0,0.00491051369642306,0,0.000347300680810439,0.000417120084607568,0.0373007893831326,0.000348639087708816,0.000627676288310274,0.00579975832989179,0.0169091107087359,0.000403654616879228,0,0.000732004978161448,0,0,0.000778163373443109,0.00270156086325729
0.000530147209864643,0.00301587434413144,0.00396720222039067,0.0343583691839675,0.321349340393526,0.46590947715636,0.0427460490144637,0.0554028373235144,0.23013092008484,0.111341354712671,0.00247258437861122,0.297617448554106,0.00080023621569885,0.00636951053603334,0,0.007923721379599,0.00339466733301368,0.00170000481716768,0.00074870477521477,0.0207000167428239,0.0657517945398292,0.00675970516030455,0.0719340102928994,0.140701789385992,0.00827675126045565,0.00427955763502241,0.0188023691012699,0.129784598745379,0.00268278236329911,0.0128131311620503,0,0.0257924697864668,0.000839406911990315,0.00350761890001011,0.309496415422045,0.0322300501199942,0.00630516929548188,0.00472397188251647,0.0132552969112371,0.638804744493364,0.0432445255788132,0.00155611461997637,0.0125426924125702,0.00225221409239512,0.00185231517070713,0.0117554145265789,0.0400964762215262,0.00109492135286473,7.51476772898317e-05,0,0,8.84187609117985e-05,0.013738853127309,0.000603236233910906,0.00212335582072647,0.00247276496157406,0.0018717673691536,0.006985980071769,0.00764345274629622,0.00031843578510873,0.0141300245125132,7.92480383728981e-05,0.000407288915345049,0.0152862955807227,0.00420826558120372,7.00545406135439e-05,0.000406697421001387,0,0.0101261469919291,0.00113665171724642,0.00137307757380287,0.00539459836961541,0.0316011554854002,9.3706996420348e-05,0.000517775552767801,0.00535097731790755,0.0286019229468503,0.000337439709078532,0.000516557553179526,0,0.000220861932286495,0,0.00125566178890808,0.170902700417249
0,0.012545829216481,0.00658157095770661,0,0.00242332038200413,0.000238436833849656,0.000323031304553205,0.000680302299488831,0.00680826350377563,8.31025017479181e-05,0.00104789473631023,0.000168193264240122,0.00110288638083493,0.000286171583745682,0.007923721379599,0,0.00246995611283709,0.000927969796844008,0.000768003883643112,7.65399899880945e-05,1.21210740349742,1.11121755254058,0.875896703807412,0.381510648927452,0.00281843576866895,0.00828744594660121,0.642530455513492,0.282713196420926,0.000377902933800286,0.001047287115297,8.1218009601742e-05,0.000261912432335663,0.000133821704264519,0.006573824305164,0.128496940883992,0.691344883257995,0.0893723477458982,0.0743602807966795,0.137954769097368,0.0033618409357346,0.0061568748053575,0.00225802331507187,0.106354485841573,0.025139850183391,0.0134769661957529,0.0272699769358134,0.00434875101628159,0.000495017485735368,0,0,0.000826722762334144,0.00153957265466741,0.000354575934293634,7.3095917950815e-05,5.37690312208057e-05,0.0015801379598474,0.000284326265512064,0.000872218606717836,0.000202286611830133,0.000248584928038764,5.6379636864984e-05,0,0.000418998749604249,0.00205056450401445,0.948271577773609,0.000769319461983281,3.29370491141975e-05,3.60350258078724e-05,0.0001790380241539,0.0858823812178703,0.249755637703334,0.35351107170606,0.146787449543944,5.1467768541652e-05,0.000605346147401822,0.211742629613501,0.114589938136059,0.000553816752420563,0.000103824464071786,0,0,0,0.00251665301140499,0.0238738284880767
0.122811129086205,0.00746526445655003,1.74033588488045,0.000673595682455329,0.00109795711373662,0.00832232061493027,0.0896451361380664,0.262422324865922,0.00120526532780001,0.00957559175775306,0.0244587481003,0.00496812413660389,0.000647827480674339,0.314960773982551,0.00339466733301368,0.00246995611283709,0,0.172690223923417,1.30580291461411,0.00136370252233358,0.31414197359132,0.00291197326837839,1.92632951410928,0.00759766435500586,0.000273171226555699,2.6497599705348,1.70535218751472,0.0784752058704962,0.540885759257978,0.526392118638116,3.79751652315646e-05,0.00251422363944422,0.0507598125854895,0.696616971857969,0.0165068514821433,0.0654833636367162,0.00994498221822266,0.132433730395098,0.0644260258726376,0.00604498498500246,0.00839189079807735,0.000828974586250209,0.0042499621347839,0.000484691662153205,0.0025306432506151,0.00153497847666742,0,0,0,0,0.00699055193058633,0.0153858045058821,0,0,0,6.10327210791886e-05,0,0.00016288692056449,0,0,5.10903559364796e-05,0,0,0.000168556110304999,0.00194333043742814,0.00215465210988977,0,0.000242737438191244,0,0.000111800634298551,0.00197104366437099,0.00294096185966266,0.00104770350979882,0,0.00770126250165866,0.199940221934474,0.000153524664822105,0,0,0,0,0,0.00114101343331831,0.00111774041161751
0.00397773175151839,0.000882561946418026,0.0115496738978876,0.00085924508108441,0.000163656856360209,0.0117815646400045,0.0318367306288012,0.0614211213707841,0.00259483514545866,0.045070917014852,1.20610145382682,0.0419371336449566,0.00447362369104302,0.158679235391378,0.00170000481716768,0.000927969796844008,0.172690223923417,0,0.62516182249343,0.00678143925982591,0.0130396977190133,0.000530477162537357,0.0282195530749263,0.00635500242991356,0.00234522169753162,1.21629609444336,0.06911891161407,0.0166435910148414,0.103280396916536,0.0150893457897602,0.00426391530425581,0.0244230597778861,0.00441209141123781,0.515538646625133,0.0223465422327752,0.276224774402734,0.176609752209617,0.579201349984685,0.253605119044217,0.00830781253547937,0.00345829100744202,0.00393412109533856,0.00189806475878231,0.000950771648837731,0.000372452620862245,0.00195277197440632,0,0.000275085374492442,0,0,0.000641630295184899,0.000514912707556767,0,0,0,0,0,0.000366068897249871,0,0.00111987622058741,0.000969121193253294,0.000955963711044167,0,0.000524472347654122,4.22599682638794e-05,0.000152223567681825,0,4.26450721730083e-05,0,0,0,0,3.74507724478364e-05,0.000210123773205501,0.00532210072790353,0.0243942384697961,0,0,0,0.00106670610832546,0,0,0,0.0127430319057316
0.0186006167017038,0.000433619270371875,0.0541641970063131,7.98817122114897e-05,0,0.00259185252765678,0.0150815052947753,0.0459418807122567,0.000857542630688604,0.00992526220025169,0.0820648595571183,0.00862652280466476,0,0.0828040544643598,0.00074870477521477,0.000768003883643112,1.30580291461411,0.62516182249343,0,0.00160845510883031,0.0216665601624867,0.000123832145878115,0.0791748475110804,0.00296922901516986,0.000408562082171064,2.80344090875081,0.120216191102891,0.0100388895845786,0.115104844712441,0.0444435891260763,7.0238390513736e-05,0.0031375327125603,0.0100712605454543,0.358126383819859,0.00615000680695217,0.0752814776083241,0.0203251621069343,0.114778313968596,0.0620174770585834,0.00176077590323486,0.00146416120618857,0.000110299992624313,0.000320891719270396,3.27160041320771e-05,0.000349624857388204,0.000352614262419128,0.000177178979449594,0,0,0,0.000440853648468196,0.000371208331095606,0,0,0,0,0,0,0,0,0,0,0,0.000229049421356153,0.000189128921603772,8.42767590451062e-05,0,0,0,0,0,4.01577140742689e-05,0,0,0.00081801869979532,0.0118586923773592,0,0,0,0,0,0,0.000155474279697585,0.00240471013065344
0.000918446565096724,4.43514908976227e-05,0.00127208369093544,1.49862624252281,0.0035864799969883,0.030681358672424,0.00790522203610464,0.0598358370485169,0.134694000816361,0.589227941343585,0.0140184180303018,1.72609418010894,0.00178604641311119,0.0393143987851031,0.0207000167428239,7.65399899880945e-05,0.00136370252233358,0.00678143925982591,0.00160845510883031,0,0.00038009507010406,0.000633088307408678,0.00131144732321329,0.09438926974982,0.0126226707247857,0.0106299372205607,0.00187998500738805,0.186546120935472,0.0144939772877577,0.000832705743408263,0.000277941413806218,0.00521350868746422,3.99482887216001e-05,0.0105999181092224,0.0135588304802373,0.0734086634591026,0.00128984381317904,0.0166725282445365,0.00520441774220222,0.0330689221609992,0.0131470974526599,0.00281681300220898,0.0113381741733394,4.38780676704884e-05,0.00274022613100304,0.00146135994474694,0.0666250881182843,0.00243327814575607,4.2220842355299e-05,0,5.06247973609984e-05,0,0.14152924323557,0.00110166767185454,0.00697558910412243,0.00813019333021999,0.0049170405812309,0.0458630463668284,0.0620985011161145,0.000701700525846917,0.055963325386043,0,0.00109812028459005,0.0394663585522601,0.000207794636216724,0,0,0,0.0850215323772342,0,0.000347073477984756,0,0.0629721507800742,0,0,0,0.0898520606035154,0.00110660505695882,0,3.94373503860205e-05,9.34441693095561e-05,0.000106603894371188,0.00153014306534587,0.000430064973201507
0.0157239831935246,0.00361205374265694,0.208209188917935,0.000359623069825003,0.0229785363481875,0.00651703106336167,0.211683461318904,0.0598744556937329,0.00761532528236366,0.003468643822594,0.00565356560591657,0.00123355828277824,0.00112887122189965,0.0561099711688913,0.0657517945398292,1.21210740349742,0.31414197359132,0.0130396977190133,0.0216665601624867,0.00038009507010406,0,0.0839189771971753,6.19315191529343,0.134671662389433,0.00254391317680783,0.117399613808213,0.215589862053376,0.731847682597508,0.0740973127542109,2.06248592437602,0.000287423220787773,0.00566293886523737,0.0297043224553437,0.935329303550958,0.589087981688072,1.30258259114563,0.0704176940185539,1.01816131320365,0.658258669528242,0.0343734844363945,0.0527572682596531,0.00386467303431032,0.0311644958697765,0.00363490950845122,0.00382389861580352,0.0106845173589887,0.0029457975110041,0,0,0,0.000642643003096348,0.000304273982349786,0.000271500629465878,7.96600138418973e-05,0,0.000320034794933605,0,0.000942538614660938,5.85725919032633e-05,3.55881087770015e-05,0.00012814083622303,0,0,0.00397654250097889,0.199182034232184,7.92846334051072e-05,0,0,0.000220768300528309,0.0553359947930432,0.0693492395333605,0.0441844161100579,0.109720177667054,0,0,0.0312059525288128,0.0915400231935485,0.000409915138283253,0,0,0,0,0.00072636121186082,0.0508806939402029
0,0.362275186826083,0.00476322138533772,0.000929189119208549,0.00073052050316009,0.000460488072680297,0.00176771809445435,0.00112192463564933,0.535369822957152,0.000529557456998611,0.0412012842442521,0.00165542277916728,0.107824477874895,0.00141949758009456,0.00675970516030455,1.11121755254058,0.00291197326837839,0.000530477162537357,0.000123832145878115,0.000633088307408678,0.0839189771971753,0,0.160533774626369,1.69794085002248,0.145158195965118,0.00513348485681035,1.85504829433763,0.129257354344037,0.00155323241582795,0.000227091109760075,0.00163058085680307,0.00036600301445759,0.000311914151402667,0.0142012174541196,0.0162112500530548,0.0983896960324392,0.00854284899424574,0.037129710591802,0.0299092929295546,0.00269735127979088,0.00159019319567574,0.0456257442856693,0.0511215577591489,0.0106431691356039,0.0119277089119652,0.0159270234277988,0.003606600602818,0.00107648523860945,0.00206357095770958,5.38209288542986e-05,0.00711914446290288,0.00164056155845562,0.000844823894166618,0,0.000271693093413151,0.0017556482143623,0.000275941754784155,0.00935607706509677,0.000721251564483148,0.00139261904898002,0.000288450060536832,0.00426846829750996,5.31395763984621e-05,0.000833924233703864,0.289226344538553,0.00133125129480716,3.84428893198103e-05,0.000458762729720983,0.000575857805375624,0.0225610163451099,0.313425753825097,0.0928417164765574,0.107449882887187,0.00114826255130262,0.00287768015756964,0.320659226529065,0.049794582058611,0.000725347050495606,7.20179939689934e-05,0.000776001610322678,8.55012925081015e-05,0,0.00253963419292435,0.0111591877667959
0.083187231501831,0.00332854587295592,4.1833787492597,0.00291230789877203,0.0313042407341586,0.0180922426372625,0.794905235941911,0.329707750492109,0.00299932886653146,0.0222216394755211,0.00986644931377126,0.00295678881372686,0.000792717624719745,0.326792397247671,0.0719340102928994,0.875896703807412,1.92632951410928,0.0282195530749263,0.0791748475110804,0.00131144732321329,6.19315191529343,0.160533774626369,0,0.141524277144086,0.00234203248127797,0.813863760149957,2.31870543043374,1.04449099833497,0.206454655278592,1.02235521061033,0.000224156093235701,0.00554841440524673,0.0279272439666346,1.3177642771959,1.0735165710808,3.56714301586721,0.295224184017149,2.06655521098831,2.09708790531596,0.0414361679490282,0.0502227649612003,0.00541754912728057,0.128952577626698,0.0238316047014775,0.031643480608396,0.0722362877658214,0.00638972657377039,0.00187352971251206,0,0,0.00147525951777792,0.011557521025422,5.03068830190957e-05,0.000222025735384131,0.000133629226982808,0.00478830110607221,0.000402630668036372,0.00033548122146787,0.000305658825095767,0.00072313731540029,0.000370090161112395,3.480846551027e-05,0.000596835575562013,0.00724499401060653,0.683007919808448,0.00298174468419931,0.000350625268280741,0.000373802106011882,0.000151752734002591,0.0435441647397953,0.132942218260969,0.428130943198699,0.0779038830408819,3.91757153740049e-05,0.00138952269108714,0.720979873605918,0.0623358321756747,8.30654053408325e-05,8.14064145460248e-05,5.08194588236869e-05,0,4.5874654437989e-05,0.0059031612123653,0.172142902501189
0.00836255161241002,0.270018680977862,0.0299220265739786,0.673541608740195,0.0180581138093993,0.0252408308144938,0.548689845724808,0.0889830855108833,3.32654806401249,0.117458998283387,0.0396767470514003,0.260393843305,0.0853084886980019,0.0984240635627481,0.140701789385992,0.381510648927452,0.00759766435500586,0.00635500242991356,0.00296922901516986,0.09438926974982,0.134671662389433,1.69794085002248,0.141524277144086,0,0.165316696510727,0.0255524651320431,0.689736711543313,1.61119978917838,0.219973684743644,0.0188765021531561,0.00109913155504906,0.0119696566516916,0.0385626571289236,0.0667697728079727,0.266634859522188,0.652174750287873,0.0386019903373472,0.130071935014963,0.0726053021017926,0.115298557333843,0.0660006478074355,0.031941777276808,0.565983209408166,0.00893840830035973,0.153845411217334,0.0704032625001134,0.23985869130262,0.0225005659682828,0.00226079205381872,0.00160253917864526,0.00490096784413481,0.000543328747400289,0.226219666268249,0.00149295080498462,0.021888310896418,0.0946781186807393,0.0471527480802333,0.276857558983643,0.168326630186623,0.00347716092830853,0.0486726664690446,0.00191502211050955,0.0328671357052779,0.0551614486477463,0.332712905044015,0.000135371544681958,0.000461230758218101,0.000156361051840854,0.125820919819591,0.0478539342327933,0.199682605412756,0.053827522515306,2.18852443373408,0.000555338598518434,0.000586256458992374,0.0714109075840648,1.16370847452852,0.0885959880979091,0.000449242346209702,0,0.00366198263168936,0.00403087457085223,0.0655787976082311,0.0817394984008505
0.000452100580372006,0.650298484612663,0.000570805984122669,0.00744552039125323,0.00556670300594593,0.0287104539475653,0.0121494067161773,0.0364457286887602,0.162190718539575,0.0265211082910206,0.114691724287239,0.0256870312873252,0.845584014255689,0.0174654998102974,0.00827675126045565,0.00281843576866895,0.000273171226555699,0.00234522169753162,0.000408562082171064,0.0126226707247857,0.00254391317680783,0.145158195965118,0.00234203248127797,0.165316696510727,0,0.0245544715518008,1.27537529944915,0.0325931059915892,0.00363053337251786,0.00187680543726699,0.026238584337512,0.0166800871588567,0.000370965308292437,0.0499292965675186,0.00344793128505106,0.0967408659782022,0.035073825524267,0.35614404687841,0.0476429480654645,0.287284693402936,0.049726906339103,0.547017481544569,0.0235182600688807,0.0267237042511495,0.0296407621995035,0.00833249242041739,0.111912372453006,0.00625529692846613,0.0604008145443665,7.93652427509427e-05,0.0257158748799284,0,0.00855464980137615,0.000265930951970803,0.00467303670743803,0.00342989330511792,0.0100954681352587,0.00476993973134307,0.0116422393250525,0.0447730308231183,0.00410785073831467,0.136527571991303,0.00259260459530531,0.00404222259113207,0.00418550845024885,0.000858725755387199,0.00089202926153214,0.000314639691903508,0.0099374208903691,0.00049103826002273,0.00457375488376258,0.00103339005714106,0.0268702376966898,0.0847396080734117,0.0487073237060242,0.402162129408634,0.0358983220994761,0.00333594893436242,0,0.01989160073736,0.00343114675831049,0.000111167013797712,0.0111754395027235,0.00313951757568974
0.0497321404367924,0.0487939207586587,2.46959828780158,0.00109167549725136,0.00139203761413654,0.0193968514125107,0.109698200718077,0.166448867576712,0.00677334741601461,0.0647926593873375,0.637091081525836,0.0642074682592835,0.0303123842837628,0.365468303925615,0.00427955763502241,0.00828744594660121,2.6497599705348,1.21629609444336,2.80344090875081,0.0106299372205607,0.117399613808213,0.00513348485681035,0.813863760149957,0.0255524651320431,0.0245544715518008,0,2.72292739437182,0.078632341434512,0.324094670526105,0.136232919814201,0.0451315930850464,0.0238481369086446,0.0299348133561388,1.08004314557891,0.118034759638105,1.64503750141617,0.97306414704316,1.51684710425459,1.17413881467476,0.0148786712215833,0.0122443891596127,0.010710197350794,0.0449441954188918,0.0438587119360348,0.0444274052837742,0.0374771559459332,0.00183279344116607,0.00034652002946018,0.00667441325847958,6.05991438202977e-05,0.0393841217942464,0.0536242801709521,0,0,5.1382758831209e-05,0.000349873181964004,7.6135177779299e-05,0.00202383425451964,0,0.0283850001516214,0.000236196893584919,0.136751600063265,4.68284774703264e-05,0.00272528017527036,0.00243437664477605,0.0223738837035815,0.00248836909450897,0.0079032855316488,0,0.000490725455437547,0.00889001351977456,0.00317706577220998,0.0023442686052265,0.040727951184589,0.445647621364225,2.03738491170132,0.000324567586513877,0.000288936676857125,0.000761824894328046,0.104609973688595,0.000229387945405746,0,0.0158675873963522,0.0564648940972697
0.0170936529596284,2.63839276879762,1.54545431623968,0.00193937472566383,0.00527035716584338,0.0045321791881965,0.0482608574751726,0.0493239779610654,0.316182799035037,0.0131684032393586,0.103791447080048,0.0122343995158858,0.463881800516799,0.100936716797404,0.0188023691012699,0.642530455513492,1.70535218751472,0.06911891161407,0.120216191102891,0.00187998500738805,0.215589862053376,1.85504829433763,2.31870543043374,0.689736711543313,1.27537529944915,2.72292739437182,0,0.26602788148357,0.0926956936253243,0.0596659682494445,0.0703543201141545,0.00502135147494084,0.0168206426277375,0.697865856918701,0.433878675079092,3.90729462702586,0.83666548869345,2.00530180149387,2.23430209644349,0.0146804530828607,0.0244353272956875,0.0213992925450952,0.391052084852437,0.164122351187741,0.245541680866561,0.248082275389724,0.00976929685853209,0.00247798940779712,0.0166464036612263,0.000169031728380662,0.577687677844096,0.276918098101156,0.000209102107218465,0.000121483580612874,6.47546294709027e-05,0.0210050250473518,0.00127933359831849,0.0180821359545047,0.000244503141828117,0.0824431062314005,0.000827364772863501,0.467323776020364,0.00315313154372259,0.00707863346355593,0.372367179668051,0.13012558753253,0.00945325851473837,0.0415662412893756,0.000317560403242576,0.0370922799356877,0.41297425585312,0.565695996567477,0.0860381809031972,0.20860990514201,1.51015217179192,13.7638336424048,0.0537513134940749,0.00121913400227079,0.00377948030070228,0.191989722557423,0.00068672178606447,0,0.0710343843179151,0.161723166414911
0.021713406585444,0.00960263718802987,0.330237396857808,0.589956315444898,0.0262171110889378,0.0537814750598834,4.59833671525339,0.259503230494166,0.521735341251234,1.05967320740324,0.025393033343099,0.0715962601741008,0.00585525017586243,0.257314754347001,0.129784598745379,0.282713196420926,0.0784752058704962,0.0166435910148414,0.0100388895845786,0.186546120935472,0.731847682597508,0.129257354344037,1.04449099833497,1.61119978917838,0.0325931059915892,0.078632341434512,0.26602788148357,0,0.613595900715935,4.02916317349642,0.00056523076216819,0.0225718751515209,0.19198083294351,0.300133264205461,0.652758148896735,1.34651492312838,0.0577108674727438,0.482441813024767,0.274506205212683,0.133350698373681,0.149785940381038,0.0126356145012876,0.306226468684525,0.00353165702243934,0.0800156553231472,0.0380560215898672,0.192099937398991,0.0103917750521361,0.000921104606671369,0.000539566406325052,0.00223657564461693,0.00132572352745137,0.226008539177244,0.00170448669786289,0.0110415651860996,0.0601086844722427,0.0177468179598948,0.140429778034209,0.142229675002956,0.00170348160658255,0.0555111450417285,0.000230696533833408,0.00964337707300861,0.0590235316087804,0.165094064802465,0.000256806070563564,0,4.58746491042137e-05,0.138351967733981,0.0351776806602136,0.0876940109587775,0.0349640776707255,0.99331340877577,0,0,0.0658068609318807,0.677864902988501,0.0359691855657826,0.000290404657158425,6.1891402894935e-05,0,0.00105880476296524,0.025961935076105,0.0475552227326758
0.902212949025121,0.00107768082567399,0.0795611755136358,0.00741065357957515,0.000837260275456584,0.0223238256171774,0.747150023457052,0.493281649917298,0.0365956480815215,0.135944205699785,0.161813934607826,0.0495269854459594,0.0105301405355579,2.27966956823176,0.00268278236329911,0.000377902933800286,0.540885759257978,0.103280396916536,0.115104844712441,0.0144939772877577,0.0740973127542109,0.00155323241582795,0.206454655278592,0.219973684743644,0.00363053337251786,0.324094670526105,0.0926956936253243,0.613595900715935,0,2.06182452691496,0.00384122082709582,0.0351504957037091,0.356262276808097,0.574365849925113,0.0106334238614585,0.0506116553067343,0.00369803035988307,0.107412430634616,0.0189336103810578,0.00911110906608461,0.0133729851000362,0.0035509771646105,0.0118318517613863,0.000114187296053744,0.0038292642257232,0.000658597530397743,0.00848744161660735,0.000262627126220787,0.000640031106678551,4.72175070380628e-05,0.000133318235881222,6.05425311294556e-05,0.00302061310744489,3.43894041208089e-05,0.00027296988453947,0.00404853751971086,0.000380399634006432,0.00588177109601253,0.00278874886085656,0.000278521483203226,0.00203748629504046,0.000856179581748426,0.000495677663103336,0.00172202635917277,0.000874409025545969,0,0,0,0.00361641030096813,0.000109739447511724,0.00086507830308305,0.000258733238245771,0.063163181216568,0.000131970577549618,0,0.00419544892456822,0.0361065783392739,0.00102102226969819,0,6.22290442047179e-05,0,0.000101830037483275,0.00178020656923053,0.000459870562847698
0.627780329218947,0.000147738900089034,0.0808584248950957,0.000369782679634943,0.0036065933328823,0.0220869908387382,1.97638940193207,0.757639406090138,0.00164557879017587,0.0114145411916621,0.0120145713865921,0.00278307048102124,0.00189401436717297,1.03624429371346,0.0128131311620503,0.001047287115297,0.526392118638116,0.0150893457897602,0.0444435891260763,0.000832705743408263,2.06248592437602,0.000227091109760075,1.02235521061033,0.0188765021531561,0.00187680543726699,0.136232919814201,0.0596659682494445,4.02916317349642,2.06182452691496,0,0.00023849744687196,0.00437139406845073,0.216752967026499,0.73301981044092,0.0623137289762369,0.0691456407568064,0.00212375383237178,0.281644796934957,0.0792285845903204,0.0168019326547907,0.0267782763649126,0.00151363683099752,0.00163634732927094,0,0,0.00113023324942187,0.000459715627343309,0,5.014491226511e-05,0,0.000150103135986054,0.000171550571754891,0,0.000124056999175787,0,0,0,0.000176613207237228,7.67652139831483e-05,0,0.000118195777523803,9.24534792224707e-05,0,0.0008529276322968,0.000711749129125691,0,0,0,0,0,0.000280051327297133,0.00018794725302583,0.00138592735051598,0,0,0.00412539046096295,0.000427561331086832,6.36010458867073e-05,0,0,0,0,0,0.00499357462939332
7.75775106221556e-05,0.0041359891044839,0,0,0,0.00127803009031179,0.00179368582210108,0.00541790320461888,0.00227378793330436,0.00159357440917132,0.138712977838734,0.00278191521996472,0.246683164725525,0.00582331174282538,0,8.1218009601742e-05,3.79751652315646e-05,0.00426391530425581,7.0238390513736e-05,0.000277941413806218,0.000287423220787773,0.00163058085680307,0.000224156093235701,0.00109913155504906,0.026238584337512,0.0451315930850464,0.0703543201141545,0.00056523076216819,0.00384122082709582,0.00023849744687196,0,0.00204330742270364,0,0.0208286014558259,0.000428605014898232,0.0106784021056213,0.0837519161067455,0.0544254335293106,0.00624995457647357,0.000646239314414611,9.91567253099947e-05,0.0142210005119806,0.000414248702689195,0.0249975580092761,0.00379522129031026,0.000478628815794903,0,0.000104094267760646,0.00715081731660108,0,0.00268893506776958,0,0,0,0,0,3.91098672512621e-05,0.00136043361414345,0,0.0445292640836407,5.8494180072844e-05,0.261520530628612,0,0,0,0,0,0,0,0,0.00130689572740826,0,0,0.0239755962937369,0.0671482535203135,0.155622026865026,0,0.000221135410946524,0,0.0646891041215711,0.000432228107102186,0,0.00424964992491467,6.37928217769682e-05
0.00076965991152575,0.000404100160462963,0.00103007750800157,0.00111096402080265,0.20863428034837,0.113160194589666,0.0200841758698449,0.0827383823562013,0.00406822831126014,0.0410157898584672,0.0637618386657543,0.0244041581690607,0.00522255331955546,0.0415379556016662,0.0257924697864668,0.000261912432335663,0.00251422363944422,0.0244230597778861,0.0031375327125603,0.00521350868746422,0.00566293886523737,0.00036600301445759,0.00554841440524673,0.0119696566516916,0.0166800871588567,0.0238481369086446,0.00502135147494084,0.0225718751515209,0.0351504957037091,0.00437139406845073,0.00204330742270364,0,0.000148809151435113,1.02963913648144,0.0214607179867146,0.134834477130684,0.00304952450566639,0.0235235140188817,0.0173256332264967,0.0510471911012398,0.645017414436489,0.00538532934559806,0.00195660687882738,0.000365860981355607,0,0.000332353138279616,0.00141863967967689,0.000834236568916822,0.000132659653312063,0,0,0,0,0,0,0,4.53055566167354e-05,0.000562784268788773,0,0.000519840865229809,0.000168564705683866,0.000365039249268127,0,0.000269779132158541,0.000201250093945825,0,0,0,0.000176238474854135,5.31991333332598e-05,0.000291715893805516,0.000151870845122433,0.00206738397765066,0,0,0,0.000230780210100031,0,0,0.000147143232066214,0,0,0,0.00286999501945735
0.0017753645920316,4.02609146253109e-05,0.00649105213478684,8.67724431670606e-05,0.000177173997703481,0.00030816007234534,0.0275510795795543,0.00402637249381692,0.00256588653348701,0.000772276176305502,0.0018534028794997,8.61769431581617e-05,0.00038751447686491,0.0119551716808221,0.000839406911990315,0.000133821704264519,0.0507598125854895,0.00441209141123781,0.0100712605454543,3.99482887216001e-05,0.0297043224553437,0.000311914151402667,0.0279272439666346,0.0385626571289236,0.000370965308292437,0.0299348133561388,0.0168206426277375,0.19198083294351,0.356262276808097,0.216752967026499,0,0.000148809151435113,0,0.152129326574482,0.00532494386214801,0.00311424274545543,0.000352763096084595,0.0567546910027374,0.00845495176188034,0.000901909346847772,0.00274234092223145,0.00031369455225733,0.00324446475145439,0.0001662215835363,0.00159095467477075,0.000338666717413258,0.00137447877790453,0.000149815005445326,0,0,0,0.000349081623043293,0.000731694371091681,0,8.14672355855644e-05,0.000712576138983813,6.70577483038545e-05,0.000302530680569097,0.000328750607779375,7.73767953245223e-05,0.000137133725360257,0,6.5659995154804e-05,0.000640799367668832,0.000357701894639325,0,0,0,0.00021783144651835,3.7868337713331e-05,0.000210783395860839,0,0.0119818406372382,0,4.04703133091032e-05,0.000877912073136541,0.00564649931641449,0.000599309833908659,0,0,0,0,0.000217028254633748,0.00106056168454111
0.0147729359325168,0.0145754332784115,0.2569455714904,0.00463527064219885,0.0281803326331797,0.0289188226420143,0.114137063678232,0.127163476336464,0.01860972580047,0.124930053923787,1.28101988889799,0.0516487712032594,0.173311479045012,0.204089905856356,0.00350761890001011,0.006573824305164,0.696616971857969,0.515538646625133,0.358126383819859,0.0105999181092224,0.935329303550958,0.0142012174541196,1.3177642771959,0.0667697728079727,0.0499292965675186,1.08004314557891,0.697865856918701,0.300133264205461,0.574365849925113,0.73301981044092,0.0208286014558259,1.02963913648144,0.152129326574482,0,0.0195344871741356,0.102081335156088,0.0255831080550695,0.197812584084277,0.0461248600816511,0.0101714240715196,0.0161279138679443,0.049576064603251,0.0144061148796111,0.00983066582347195,0.00539003914651173,0.00306613325517565,0.00782068683431202,0.000421862013516643,0.0155691890475153,0,0.00438305882697502,0.00376909698168947,0.00227234991281881,0,0.000205448055115888,0.0023899839211286,0.000260906909019518,0.00332031840724053,0.0024322386649596,0.00786387084714085,0.0016478091509802,0.0177251182098863,0.000203016624317867,0.00132432146461189,0.00603234389224725,0.000647729907256219,0,0.000142599607588345,0.00127374116693807,0.000768328822567061,0.00421866744842007,0.00885520996667132,0.0403744408052522,0.00292993504199719,0.00649589559477529,0.0972356905999569,0.0272102609585043,0.00136030332334775,0,0.00295431077640044,9.72388623987677e-05,0.000148010247905838,0.00251922497651413,0.00316821988191952
0.00102582422491428,0.00165353560146525,0.086139133193285,0.00526119782291404,0.124277089900172,0.328739170055662,0.129700389367917,0.0436963285158562,0.0307444721445778,0.254172473510352,0.0104363769504488,0.627135997470591,0.00103041134632957,0.022497789420889,0.309496415422045,0.128496940883992,0.0165068514821433,0.0223465422327752,0.00615000680695217,0.0135588304802373,0.589087981688072,0.0162112500530548,1.0735165710808,0.266634859522188,0.00344793128505106,0.118034759638105,0.433878675079092,0.652758148896735,0.0106334238614585,0.0623137289762369,0.000428605014898232,0.0214607179867146,0.00532494386214801,0.0195344871741356,0,1.16863798898331,0.39070412018861,0.0602898695729668,0.711192478255772,0.0513370793076059,0.100559299202485,0.0095571687352492,0.275565358932562,0.171570806175484,0.0602821265767272,0.803908785453106,0.0419101589245387,0.0197395567445575,0.00242436954093585,0.000258712065824789,0.000600168758411181,0.0238344900045494,0.000713571504124933,0.00337396759386452,0.0185294561014439,0.0182060946602027,0.00394002586726571,0.00794440176514455,0.00516207655387523,0.00633874124520299,0.0298063865815566,0.000493476872749167,0.00190028369997376,0.0985882068140765,0.0563735670100451,0.00251097316478146,0.0044317212857396,0.000834181193661845,0.00252017583130052,0.0463872485907671,0.01208342642515,0.210472592433469,0.0481894593512317,8.6546520447445e-05,0.0471919259984565,0.163252724634464,0.0828159212449567,0.00431894366915644,0.00489983419020195,0.000328033985734487,0.00162885023340623,0.00056148637458055,0.00233841567759508,24.1301570767996
0.00869515588083124,0.0310211586064005,0.698214324084165,0.0185430297514693,0.0666242026449153,0.341090004923206,0.313040996966057,0.341048416229229,0.0856198707146461,0.529484540828886,0.125947452943934,0.225743893358424,0.0196885564547504,0.18119696989422,0.0322300501199942,0.691344883257995,0.0654833636367162,0.276224774402734,0.0752814776083241,0.0734086634591026,1.30258259114563,0.0983896960324392,3.56714301586721,0.652174750287873,0.0967408659782022,1.64503750141617,3.90729462702586,1.34651492312838,0.0506116553067343,0.0691456407568064,0.0106784021056213,0.134834477130684,0.00311424274545543,0.102081335156088,1.16863798898331,0,4.52564166721138,0.597622628712049,0.720403565453895,1.09405748561132,0.260866584982329,0.330968043104721,0.569289519022659,0.0329649671367761,0.0717985272803147,0.0721355705458779,0.0910186531642811,0.00848420254555614,0.00222071206351786,0.000728120906999838,0.0151353210392,0.0287423446139778,0.014291761681811,0.000358005493128371,0.00197863919505853,0.0262753382948895,0.00393280408754661,0.0263344660581268,0.0175241883451408,0.00387868881430337,0.0080721117603354,0.00125992809174083,0.00307435675789601,0.0129555601074978,0.296195785146553,0.00392162345446955,0.00105156264022721,0.00118737371199439,0.0130807139442226,0.0412087135424992,0.117152666887897,0.18895176524753,0.646089887654669,0.00122315212720656,0.023431604323383,0.740400373284556,0.383241715582357,0.0162891003009423,0.00118516816391267,0.000654998613530255,0.000375124612926143,0.00120469688603311,0.0203405109973869,0.241488206543128
0.000411392658041644,0.0323001660870307,0.0631504190017768,0.000186211663884198,0.00189278700947596,0.00326763181237543,0.00475346946530834,0.00870413219526178,0.00662216484925522,0.00648323748994383,0.332101876740465,0.00554026408459012,0.178565474324467,0.00962552849810267,0.00630516929548188,0.0893723477458982,0.00994498221822266,0.176609752209617,0.0203251621069343,0.00128984381317904,0.0704176940185539,0.00854284899424574,0.295224184017149,0.0386019903373472,0.035073825524267,0.97306414704316,0.83666548869345,0.0577108674727438,0.00369803035988307,0.00212375383237178,0.0837519161067455,0.00304952450566639,0.000352763096084595,0.0255831080550695,0.39070412018861,4.52564166721138,0,0.714436474477738,2.25793719117578,0.0173268925201732,0.034372946461152,0.116861457172032,0.0225082863599829,0.0248555083325876,0.0080061586022229,0.0341309227247637,0.00298048520384067,0.00148616132241834,0.0290741201203958,0,0.00824578836158322,0.00343918039196525,0.000178342910557836,0,0.000381956309656895,0.000705359479688978,0.000190905519476658,0.00107915901215429,0.000687067910743839,0.0285254616087125,7.50776448203802e-05,0.083599942370431,0.000322405114001333,0.00324215818166882,0.0279736161636315,0.00150481330255994,0.000335871573811877,6.09746095974922e-05,0.000279792164489961,0.00304727812220111,0.0108547601317146,0.018922055362293,0.0148157703723805,0.0104681087316963,0.0392878905753394,0.237437840183882,0.00947359665325923,0.000400758520913085,0.000224092605308521,0.0184630193965987,0.000371262911618066,0,0.00448931900753327,0.215644372100663
0.00841784658606812,0.0265639695704415,0.534790432523068,0.0090539768601962,0.0037568439237529,0.0253488219944801,0.173156080248902,0.0658061352210827,0.028249514405477,0.179052575719621,0.632798002237097,0.0688847457447727,0.252121656174722,0.064007843273325,0.00472397188251647,0.0743602807966795,0.132433730395098,0.579201349984685,0.114778313968596,0.0166725282445365,1.01816131320365,0.037129710591802,2.06655521098831,0.130071935014963,0.35614404687841,1.51684710425459,2.00530180149387,0.482441813024767,0.107412430634616,0.281644796934957,0.0544254335293106,0.0235235140188817,0.0567546910027374,0.197812584084277,0.0602898695729668,0.597622628712049,0.714436474477738,0,0.403151078588804,0.0462526930763669,0.108282004512862,0.470124180348307,0.0477546192250349,0.013090300711901,0.016854646753268,0.0172610585239342,0.0213237495577172,0.00129889190155666,0.0146920537267392,0,0.0106939751426463,0.0125561723588315,0.00520840644603353,0,0.000408837352979588,0.0062878728249891,0.00179435879252907,0.00599763189606362,0.00540448594888532,0.00828482962581681,0.00208706000530996,0.0269399543186372,0.00063360413948308,0.00332715554175518,0.0375189801954275,0.0018314784868776,9.74872349785449e-05,0.000249272107644096,0.00751311784560965,0.00294828642123145,0.0185267455195158,0.0535428972756881,0.0798053043897862,0.00398788881978441,0.0226858278148,0.418660479927734,0.054752747740739,0.00243490336841957,0.000134144128313422,0.00827980386005611,0.000101463180419386,0.000425935495039177,0.00407453347903016,0.0201693995686854
0.00276142537287357,0.0213814336840036,0.507333038132794,0.00151881575078168,0.00697576988443495,0.0167331455845312,0.0601185161802166,0.0321005599212983,0.00802216581122274,0.0369752783664475,0.0632899916732245,0.0159971724055706,0.00242502532327298,0.019616289722838,0.0132552969112371,0.137954769097368,0.0644260258726376,0.253605119044217,0.0620174770585834,0.00520441774220222,0.658258669528242,0.0299092929295546,2.09708790531596,0.0726053021017926,0.0476429480654645,1.17413881467476,2.23430209644349,0.274506205212683,0.0189336103810578,0.0792285845903204,0.00624995457647357,0.0173256332264967,0.00845495176188034,0.0461248600816511,0.711192478255772,0.720403565453895,2.25793719117578,0.403151078588804,0,0.0547183751300097,0.0925199205330302,0.0282933800001139,0.0436583666717284,0.0197242648134911,0.0136240405554458,0.0798697577222921,0.0111176919045113,0.00261115246815407,0.000112765535582149,0,0.0087461438949545,0.0154839022661146,0.00187287916260847,0.000399784677555227,0.000647343173878741,0.00375731329331083,0.000715079117043465,0.00178231865623487,0.00120204044192417,0.0014287424581112,0.000815127625578606,0.00066999664024412,0.000552844938564199,0.00517704546884361,0.0562239540746763,0.00270229504942417,0.000555287631628728,0.000577567741725036,0.00180068175377343,0.00944710739439919,0.0180164530881214,0.0739595114722046,0.036569613294985,0.000775006215845794,0.0162629387252335,0.345141591074189,0.0321625016536968,0.00121691847469552,0.00112591777718168,0.00137627471604659,0.000454336610979462,0,0.00171382034323467,0.413644361499729
0.00238949350982719,0.00141653507595927,0.00494835868820199,0.0291257748697637,0.857402527895899,0.651210486425091,0.0837083969301455,0.233260023874993,0.237921886525898,0.230277890163892,0.0169021860283006,0.467089318105534,0.00514808522124118,0.0265714741629275,0.638804744493364,0.0033618409357346,0.00604498498500246,0.00830781253547937,0.00176077590323486,0.0330689221609992,0.0343734844363945,0.00269735127979088,0.0414361679490282,0.115298557333843,0.287284693402936,0.0148786712215833,0.0146804530828607,0.133350698373681,0.00911110906608461,0.0168019326547907,0.000646239314414611,0.0510471911012398,0.000901909346847772,0.0101714240715196,0.0513370793076059,1.09405748561132,0.0173268925201732,0.0462526930763669,0.0547183751300097,0,0.310382561606781,0.0595267035728501,0.0902010811174953,0.00111401147864374,0.0167461438028773,0.0135482654368338,0.154338730586366,0.029587167545398,0.00666100815308611,0,0,0,0.0312854641676939,0.00180325614041656,0.00523459458127624,0.00661451367129015,0.00539907432715317,0.017814015005074,0.020381242447,0.0138604818746168,0.0504913906937899,0.0001109700054739,0.00171357016250507,0.0531434526236403,0.00290396391140182,0,0.000397620860931313,0,0.0240238974905679,0.000729321459809166,0.00196795296027991,0.00251434455346298,0.0919063473359475,0.000109840909252023,0.000599508410362405,0.00208421626568199,0.0773627128963401,0.00296366050577156,0,0,0.000498441865474308,5.60926797548175e-05,0.00448164776390559,0.0154391557398182
0.00092759930481226,0.000193604412436191,0.00908338673705424,0.00729074591887396,0.679895958486695,0.131548236853773,0.0776069368523687,0.0627658498089537,0.0139629884294886,0.133440665958926,0.00586473555914031,0.0501572816900219,0.00127211953923911,0.0234130604882021,0.0432445255788132,0.0061568748053575,0.00839189079807735,0.00345829100744202,0.00146416120618857,0.0131470974526599,0.0527572682596531,0.00159019319567574,0.0502227649612003,0.0660006478074355,0.049726906339103,0.0122443891596127,0.0244353272956875,0.149785940381038,0.0133729851000362,0.0267782763649126,9.91567253099947e-05,0.645017414436489,0.00274234092223145,0.0161279138679443,0.100559299202485,0.260866584982329,0.034372946461152,0.108282004512862,0.0925199205330302,0.310382561606781,0,0.0273492588623275,0.0212697067144755,0.00119041475863759,0.00518201291510538,0.00499192549008146,0.0162190292549611,0.000735436345146007,7.53496193557799e-05,3.52456297330379e-05,0.000134771390954125,0.000347479159598923,0.00316907989184531,0,0.000108763657325888,0.00259466634480542,0.000517495761584726,0.00288360602991181,0.00361808230350773,0.000205123044185972,0.000785610342487728,0.000103479470152778,0,0.00204401331585955,0.00274768039665225,0,0,0,0.00245937870307554,0.000433062757593399,0.00183600961698688,0.00260804083432878,0.0580351386480308,0,0.000723703655659723,0.00369292094719151,0.0381602859090513,0.00114251351494614,8.4599196428448e-05,0,0,6.6595304653138e-05,0.00201346065631228,0.0275466937388168
0.000264313575290746,0.104225813716345,0.000261444548234158,0.00168339634501475,0.00161970302214877,0.00822215014428953,0.00693954932858767,0.0171642422378829,0.0455070077780081,0.0127698564537066,0.207695673528825,0.00950882843117782,0.546833367187798,0.0109139775423799,0.00155611461997637,0.00225802331507187,0.000828974586250209,0.00393412109533856,0.000110299992624313,0.00281681300220898,0.00386467303431032,0.0456257442856693,0.00541754912728057,0.031941777276808,0.547017481544569,0.010710197350794,0.0213992925450952,0.0126356145012876,0.0035509771646105,0.00151363683099752,0.0142210005119806,0.00538532934559806,0.00031369455225733,0.049576064603251,0.0095571687352492,0.330968043104721,0.116861457172032,0.470124180348307,0.0282933800001139,0.0595267035728501,0.0273492588623275,0,0.0038560308595661,0.0215935548253746,0.0038007790014805,0.000111721033036244,0.00744037206067033,0,0.098727447025977,0,0.00416754263896216,0,0.000937904748039071,9.94890435120463e-05,0.000302283516089421,0.000306238670474213,0.00111554492036908,0.00158330009652394,0.000988656878617374,0.0342824393752047,0.000229894563383347,0.0626152035559658,0.000351012588373501,0.000616580326248932,0.000485126239494962,0,0,0,0.0015204610124389,0,0.00183241012940543,0.000488890791420054,0.00354553017194758,0.0111657128327863,0.00206049339070702,0.00544252774363769,0.00304031297441281,0.00064135930206415,0,0.00480282534152844,0.000603867891582441,0,0.00676127867735047,0.00263058780120311
0.000405611010983091,0.0136409942802059,0.0526845812182479,0.0107511706604473,0.00271356420983647,0.00831553857831428,0.0429913570416501,0.00886693135922156,0.0646595074852385,0.0191350022014134,0.00161095460660159,0.0115262392761301,0.00191146037538955,0.00846223328788327,0.0125426924125702,0.106354485841573,0.0042499621347839,0.00189806475878231,0.000320891719270396,0.0113381741733394,0.0311644958697765,0.0511215577591489,0.128952577626698,0.565983209408166,0.0235182600688807,0.0449441954188918,0.391052084852437,0.306226468684525,0.0118318517613863,0.00163634732927094,0.000414248702689195,0.00195660687882738,0.00324446475145439,0.0144061148796111,0.275565358932562,0.569289519022659,0.0225082863599829,0.0477546192250349,0.0436583666717284,0.0902010811174953,0.0212697067144755,0.0038560308595661,0,3.63875850941629,0.643991453978954,0.856799282407888,1.30792363710731,0.183323143433752,0.0579281871541914,0.00563948425249021,0.0129170841914415,0.507415739625314,0.0352588934480494,0.0246841371356955,0.121993389145506,0.457772923928502,0.400331034606882,0.0677473070263165,0.327645031354313,0.219103963690536,0.0924832199454086,0.0154481810796443,0.18413730780085,0.0709281440550071,1.23105739548116,0.0698555915155885,0.187111562429768,0.0514557234422798,0.0626381086378463,0.817912801938117,0.0595127536383129,3.08583332332558,0.673715819561708,0.00273934527668344,1.69039205540208,4.17218644757847,1.69522044920618,0.121831109829954,0.031395806294476,0.0295903102164617,0.0794194720976379,0.00333530799858879,0.143481216042424,1.0853431803678
8.32819619510532e-05,0.0116351656376041,0.00643626357108912,0,0.00118061926433105,0.000485143302242088,0.00044832499819963,0.000860773063690743,0.00318306205305276,0.000239248906470102,0.0859343013252254,0.000196970824705365,0.242302989977521,0.000877716291581044,0.00225221409239512,0.025139850183391,0.000484691662153205,0.000950771648837731,3.27160041320771e-05,4.38780676704884e-05,0.00363490950845122,0.0106431691356039,0.0238316047014775,0.00893840830035973,0.0267237042511495,0.0438587119360348,0.164122351187741,0.00353165702243934,0.000114187296053744,0,0.0249975580092761,0.000365860981355607,0.0001662215835363,0.00983066582347195,0.171570806175484,0.0329649671367761,0.0248555083325876,0.013090300711901,0.0197242648134911,0.00111401147864374,0.00119041475863759,0.0215935548253746,3.63875850941629,0,1.23824247177508,3.33264869097056,0.0636336161240947,0.0844552340092725,0.214010593698916,0.000467819165456918,0.00658465202633264,0.053263165924237,0.000721832903318674,0.000624698876273072,0.0087987174617876,0.0161286509983551,0.0221369734522222,0.00304234318529969,0.0103000679467571,0.336691094569464,0.00625783087975884,0.284481487301507,0.010600333869005,0.0179960639373738,0.236433288214888,0.00782724191078911,0.0175638690703592,0.00655669075217031,0.00244531472708904,0.0492152088899576,0.0145338135405295,0.405320255278179,0.0307095826270182,0.00957291762684521,0.457926772886861,0.728392159270059,0.0717559989111449,0.0110844446776962,0.00250646221501097,0.109863706511637,0.0159772639133163,5.47987325403034e-05,0.0473350354749585,0.350165352506148
6.13666580820382e-05,0.0128698249369442,0.0307988288218234,0.00546144992216753,0.000344566192901563,0.000472667473847103,0.0165606064481987,0.00224494879173659,0.0178209640048576,0.00505271646846355,0.00889550915380116,0.00222664501377984,0.0184138484877048,0.00083700569169549,0.00185231517070713,0.0134769661957529,0.0025306432506151,0.000372452620862245,0.000349624857388204,0.00274022613100304,0.00382389861580352,0.0119277089119652,0.031643480608396,0.153845411217334,0.0296407621995035,0.0444274052837742,0.245541680866561,0.0800156553231472,0.0038292642257232,0,0.00379522129031026,0,0.00159095467477075,0.00539003914651173,0.0602821265767272,0.0717985272803147,0.0080061586022229,0.016854646753268,0.0136240405554458,0.0167461438028773,0.00518201291510538,0.0038007790014805,0.643991453978954,1.23824247177508,0,0.583996264417395,0.0617677138009099,0.0585608281552036,0.378397429378777,0.0290761419945919,0.0075888201688566,0.346637576223928,0.0177312449255367,0.0144982504418248,0.0724563753992841,0.481097127254133,0.193476415987931,0.0214898117520467,0.252521003666719,0.687125942820289,0.052910997576099,0.171263053376885,0.233236055862372,0.00934668812447661,0.140284261790285,0.0920020565329346,0.716029107144879,0.172986380683852,0.027971023628818,0.782138867009174,0.0102898957439036,1.5146144102196,0.161880471926341,0.00375787932154441,1.69977521488452,2.03928522671855,0.842739570860067,0.255932498770057,0.275080155355993,0.0995564028000018,0.111194970583503,0.0180495054747923,0.200768452892441,0.100006571366957
4.93894310004055e-05,0.00798490796942752,0.0325249547446798,0.00128724447246825,0.0059396596712392,0.00192338732630538,0.00666458826572883,0.000755821730248261,0.00914322885814879,0.00151455877938878,0.000906125080157076,0.00113514759261693,0.00116978806287403,0.000613921913976902,0.0117554145265789,0.0272699769358134,0.00153497847666742,0.00195277197440632,0.000352614262419128,0.00146135994474694,0.0106845173589887,0.0159270234277988,0.0722362877658214,0.0704032625001134,0.00833249242041739,0.0374771559459332,0.248082275389724,0.0380560215898672,0.000658597530397743,0.00113023324942187,0.000478628815794903,0.000332353138279616,0.000338666717413258,0.00306613325517565,0.803908785453106,0.0721355705458779,0.0341309227247637,0.0172610585239342,0.0798697577222921,0.0135482654368338,0.00499192549008146,0.000111721033036244,0.856799282407888,3.33264869097056,0.583996264417395,0,0.283595189016169,0.129587254588407,0.0286538577834259,0.0153743405159932,0.00700285421660185,0.351629430697458,0.00458868433946143,0.0119105905068932,0.0539861925157962,0.23575713907019,0.129007871306916,0.0128944944236873,0.0476883725039316,0.144781551130228,0.0167559325712932,0.0131904029155519,0.138569725014355,0.0242344019459828,0.266261914921895,0.0690287208503327,0.230992986108997,0.0568220873737657,0.00698502060293553,0.615159683859313,0.0152941278376917,1.94448280665839,0.142259370908847,0.00101803142454793,1.3296148030606,2.15390742581571,0.580503921764485,0.109890407204016,0.113260485283601,0.0281367929482137,0.0656728440887806,0.00511660264997616,0.0732622589789149,0.923108364979762
0.00011908676868332,0.000308927098566642,0.00136549505486012,0.0885262783778669,0.0071360771352519,0.0181219496614083,0.0502794211276448,0.00991702402431552,0.0545523326333123,0.074274582983888,0.000738201614272034,0.102886179849638,0.0010611532375563,0.00814827655923573,0.0400964762215262,0.00434875101628159,0,0,0.000177178979449594,0.0666250881182843,0.0029457975110041,0.003606600602818,0.00638972657377039,0.23985869130262,0.111912372453006,0.00183279344116607,0.00976929685853209,0.192099937398991,0.00848744161660735,0.000459715627343309,0,0.00141863967967689,0.00137447877790453,0.00782068683431202,0.0419101589245387,0.0910186531642811,0.00298048520384067,0.0213237495577172,0.0111176919045113,0.154338730586366,0.0162190292549611,0.00744037206067033,1.30792363710731,0.0636336161240947,0.0617677138009099,0.283595189016169,0,0.233480473541119,0.0277354201444021,0.00566804850461437,0.020945289884453,0.0112270336710718,0.123509014823963,1.47581984449375,0.719577647888944,0.209548441043679,0.300912870767818,0.136667154991607,0.324523556022911,0.0696986549573955,0.268020043563115,0.00521836435379741,0.0712533390081703,0.821803451647482,0.0408572840609159,0.00337504751001142,0.0185728128219163,0.00251088709898351,0.0890504869836677,0.0598722499242995,0.0180024450127668,0.179939635641401,0.282626209119956,0.00727509024033472,0.0256196672896459,0.121279837741714,0.311493435844144,0.0381137673105905,0.016460610146656,0.000499353487676615,0.0337559992778392,0.00148243669913501,0.0206671697731736,0.0601382933549234
0,0.000176504534232748,0.000935465841954998,0.00097259615318323,0.000830166605019086,0.000876324152230478,0.00263759216557417,0.00123797453136861,0.00268466888494678,0.00177253359212589,7.84172548687637e-05,0.00199729619161578,0,4.28512865929574e-05,0.00109492135286473,0.000495017485735368,0,0.000275085374492442,0,0.00243327814575607,0,0.00107648523860945,0.00187352971251206,0.0225005659682828,0.00625529692846613,0.00034652002946018,0.00247798940779712,0.0103917750521361,0.000262627126220787,0,0.000104094267760646,0.000834236568916822,0.000149815005445326,0.000421862013516643,0.0197395567445575,0.00848420254555614,0.00148616132241834,0.00129889190155666,0.00261115246815407,0.029587167545398,0.000735436345146007,0,0.183323143433752,0.0844552340092725,0.0585608281552036,0.129587254588407,0.233480473541119,0,0.0437114771790516,0.000264728036299026,0,0.00225479243403262,0.00538640215448939,0.754921201834502,0.136513830506037,0.0251319210117251,0.0371770136605963,0.00465382487557464,0.0318696501831324,0.0728464224193249,0.00789200225006645,0.00178227043357255,0.00524094437141027,0.0172178398388991,0.00417448435547565,0.0003845475536968,0.00270649369598437,0.000505381872512821,0.00721826560393108,0.00305777890428007,0.000255330894999409,0.0188125842383475,0.017062500034344,0,0.0102739884205135,0.0191035358768279,0.0412643876169023,0.00687519465492317,0.00121325703264728,0.0019252262146729,0.321766801861086,0.000296432033911103,0.0781447863270981,0.0426562993566091
0,0.00767963845658958,0,0.000215052197567308,0,0.000928524424132919,0.000719535523627925,0.00104748463566324,0.00346104675577917,0.000873295397272411,0.0864401104251377,0.00109589162792692,0.238467972915126,0.00146768872514013,7.51476772898317e-05,0,0,0,0,4.2220842355299e-05,0,0.00206357095770958,0,0.00226079205381872,0.0604008145443665,0.00667441325847958,0.0166464036612263,0.000921104606671369,0.000640031106678551,5.014491226511e-05,0.00715081731660108,0.000132659653312063,0,0.0155691890475153,0.00242436954093585,0.00222071206351786,0.0290741201203958,0.0146920537267392,0.000112765535582149,0.00666100815308611,7.53496193557799e-05,0.098727447025977,0.0579281871541914,0.214010593698916,0.378397429378777,0.0286538577834259,0.0277354201444021,0.0437114771790516,0,6.58617745406062e-05,0.0865802657021925,0.000439164825868237,0.000269029006004221,0.00156324168251402,0.011959510608339,0.00215963625353506,0.0186876370427447,0.058327494858892,0.00371320433450905,0.568013105876992,0.00205471601600247,0.516183840291573,0.00251449991566939,0.00808806586093478,0.00162875531354131,0.000420702442769695,0.00247975205251387,0.0005393092890207,0.00149275930911756,0.000974239505348908,0.0638455164951731,0.00223884137901893,0.0315377902617201,0.158235520809858,0.0292156743907024,0.0642604949756639,0.00397340316619168,0.00839977441130165,0.000108621746900737,0.0400378052374703,0.0281423448722377,0,0.127995267361414,0.00392864979932855
0,0,4.97190956492543e-05,0,0,0,7.55695575795293e-05,0.000177463002983356,0.000426139117244339,9.1643521443924e-05,0,0,0.000150564112848568,5.66321644557059e-05,0,0,0,0,0,0,0,5.38209288542986e-05,0,0.00160253917864526,7.93652427509427e-05,6.05991438202977e-05,0.000169031728380662,0.000539566406325052,4.72175070380628e-05,0,0,0,0,0,0.000258712065824789,0.000728120906999838,0,0,0,0,3.52456297330379e-05,0,0.00563948425249021,0.000467819165456918,0.0290761419945919,0.0153743405159932,0.00566804850461437,0.000264728036299026,6.58617745406062e-05,0,0,0.00654708338011796,0.000239600044898236,0,0.00255865128598532,0.523875376520661,0.0621901978953046,0.00103365459639371,0.00674528531749813,0.00231700718905335,0.00176545056790385,0.000128309191506028,0.803721874189921,0.000515524712933275,0.000530939219489366,0.0245934451277592,0.00384709271096459,0.00468413356824052,0.000478092571362498,0.006205522241544,0,0.0183112525520936,0.00382112098832017,0,0.0145492560000683,0.0082640159865634,0.0337419254957069,0.397749127044583,0.643757996805711,0,0.000783993051148075,0.00254099811660368,0.0584080310359981,0.00186936204185182
0,0.270226033132082,0.0219731600122211,7.99642443833143e-05,0,0.000198263873178745,0.000183896573392627,8.28300951767206e-05,0.0028824303751655,6.46765056643486e-05,0.00533513505857517,8.0089350749439e-05,0.019363756462313,0.000149805650003481,0,0.000826722762334144,0.00699055193058633,0.000641630295184899,0.000440853648468196,5.06247973609984e-05,0.000642643003096348,0.00711914446290288,0.00147525951777792,0.00490096784413481,0.0257158748799284,0.0393841217942464,0.577687677844096,0.00223657564461693,0.000133318235881222,0.000150103135986054,0.00268893506776958,0,0,0.00438305882697502,0.000600168758411181,0.0151353210392,0.00824578836158322,0.0106939751426463,0.0087461438949545,0,0.000134771390954125,0.00416754263896216,0.0129170841914415,0.00658465202633264,0.0075888201688566,0.00700285421660185,0.020945289884453,0,0.0865802657021925,0,0,0.00314604755142034,0.000361859876496762,0.000400067164961707,0.000155235201221237,0.000405358816753325,0,0.217286872691784,0.000630393068085215,0.0103995851819383,0.00048026811429137,0.0657424129971554,0,0.0112726288543532,0.0166875611141374,0.00607299185494278,7.89501843598306e-05,0.00181070742981916,0.000170144252562737,0.001308137190274,0.443151519503657,0.00114105037237902,0.298185063679171,0.0930943667201088,0.0165622471921483,1.91574634322504,0.00465181888002754,0.000511579074003586,8.88767348588287e-05,0.000379942569468087,0.000494752754466802,0,0.00480366430704387,0.00074255607640953
0,0.00606115488481596,0.117531736702383,0,0.000252606935962939,0,0.000415112808954402,0,0.00023873011415042,0,7.88263874355376e-05,0,0,0.000200778065500927,8.84187609117985e-05,0.00153957265466741,0.0153858045058821,0.000514912707556767,0.000371208331095606,0,0.000304273982349786,0.00164056155845562,0.011557521025422,0.000543328747400289,0,0.0536242801709521,0.276918098101156,0.00132572352745137,6.05425311294556e-05,0.000171550571754891,0,0,0.000349081623043293,0.00376909698168947,0.0238344900045494,0.0287423446139778,0.00343918039196525,0.0125561723588315,0.0154839022661146,0,0.000347479159598923,0,0.507415739625314,0.053263165924237,0.346637576223928,0.351629430697458,0.0112270336710718,0.00225479243403262,0.000439164825868237,0.00654708338011796,0.00314604755142034,0,0.00066875629747119,8.09437762125105e-05,0.00423310534605582,0.346049695014311,0.119974962147024,0.000600659361728499,0.0105208038712694,0.00711446731536149,0.00174890473827471,0,0.149372319407695,0.00184886506083622,0.00883710526120941,2.93783333437911,0.0696670469757391,0.383180320828613,0.00153989437732487,0.274037396327886,0.00111590391011443,3.4225758589307,0.00519730808110643,0.000102127235441982,2.8754162225674,1.38000698378733,0.191791235436413,0.0279206739129165,0.0511021309814754,8.38741710206032e-05,0.000513922070807433,0.000665341153164151,0.1799202431279,0.0544597815620034
0.000161541347739023,0.000214448022172913,7.16155606239736e-05,0.174397411983777,0.00186052600837808,0.00590471490910226,0.0366706177733971,0.0057995355300976,0.141290552666029,0.139147223307658,0,0.0518375815518001,6.84404922092616e-05,0.00180083350768086,0.013738853127309,0.000354575934293634,0,0,0,0.14152924323557,0.000271500629465878,0.000844823894166618,5.03068830190957e-05,0.226219666268249,0.00855464980137615,0,0.000209102107218465,0.226008539177244,0.00302061310744489,0,0,0,0.000731694371091681,0.00227234991281881,0.000713571504124933,0.014291761681811,0.000178342910557836,0.00520840644603353,0.00187287916260847,0.0312854641676939,0.00316907989184531,0.000937904748039071,0.0352588934480494,0.000721832903318674,0.0177312449255367,0.00458868433946143,0.123509014823963,0.00538640215448939,0.000269029006004221,0.000239600044898236,0.000361859876496762,0.00066875629747119,0,0.00589989484038531,0.0221508532236124,0.00967994826324228,0.0255621793769508,0.462988114622001,1.48530428769107,0.00445311194080367,0.303479996515985,0,0.0179590772567133,0.0793774770846612,9.17212318828942e-05,0.000169976590670526,0.00250727341022538,0.0007262579419707,2.92117154830732,9.68990555762198e-05,0.000668221751846212,0.000208205902293611,1.11222813852954,0,0.00172300028787103,0.000541238131508344,0.387775317720456,0.0150271267197153,0.000135053238307571,0,0.00187078838670327,7.59033719055474e-05,0.00958789504385143,0.0079508064238249
0,0,0,0.00194826619839785,0,0.00019538248776483,0.000141910755844462,0,0.00220625083861592,0.0018151866062903,0,0.00323510928027416,0,0,0.000603236233910906,7.3095917950815e-05,0,0,0,0.00110166767185454,7.96600138418973e-05,0,0.000222025735384131,0.00149295080498462,0.000265930951970803,0,0.000121483580612874,0.00170448669786289,3.43894041208089e-05,0.000124056999175787,0,0,0,0,0.00337396759386452,0.000358005493128371,0,0,0.000399784677555227,0.00180325614041656,0,9.94890435120463e-05,0.0246841371356955,0.000624698876273072,0.0144982504418248,0.0119105905068932,1.47581984449375,0.754921201834502,0.00156324168251402,0,0.000400067164961707,8.09437762125105e-05,0.00589989484038531,0,0.15887061881712,0.00342469295955846,0.00261348976315214,0.0304009224999058,0.0104736862098377,0.00433953763954175,0.0179226906364395,4.33847014575749e-05,0.000361116212211195,0.323179392332868,0,5.30763924964726e-05,0.000420863922816354,0,0.0041480117379945,0,0.000704874511505246,4.44466401148766e-05,0.0152127126437516,0.000319183172369444,0.000985773637049662,0.00101078819238464,0.00624851651598471,0.000399817997649413,4.08735307190895e-05,0.000125538028558314,0.0105684687327079,0,0.100190123351798,0.00358163492619971
0,0,0,0.00843751993883912,0.000721783264539012,0.000871379721209049,0.00280969724994181,0.000151329309584948,0.00870724756806354,0.00530903696812677,0,0.00726890251429575,0,0.000136634873359466,0.00212335582072647,5.37690312208057e-05,0,0,0,0.00697558910412243,0,0.000271693093413151,0.000133629226982808,0.021888310896418,0.00467303670743803,5.1382758831209e-05,6.47546294709027e-05,0.0110415651860996,0.00027296988453947,0,0,0,8.14672355855644e-05,0.000205448055115888,0.0185294561014439,0.00197863919505853,0.000381956309656895,0.000408837352979588,0.000647343173878741,0.00523459458127624,0.000108763657325888,0.000302283516089421,0.121993389145506,0.0087987174617876,0.0724563753992841,0.0539861925157962,0.719577647888944,0.136513830506037,0.011959510608339,0.00255865128598532,0.000155235201221237,0.00423310534605582,0.0221508532236124,0.15887061881712,0,0.265132138102291,1.16518729030096,0.0250321773657838,3.39261836013754,0.0217444680711518,0.538155996137924,0.000758156523705723,0.0625001652373976,0.322777559314924,5.55848350089014e-05,0.00205883507730168,0.012254708902691,0.00141863087894767,0.0601314056695536,0.000617379229778207,0.000125899570515135,0.00344519563171228,0.0208460286784859,0.000117516206548912,0.0133595090660991,0.00286236565129941,0.0932284100347354,0.031394940806763,0.0043943829279396,0.000631065715819791,0.0163100211597464,0.000102675563542289,0.0286728831171697,0.210024217324451
0.000183717515889525,0.000430807725411501,0.00270110674562978,0.00723799549472006,0.000431045225090367,0.000528661065391621,0.0184023181243162,0.00219231332377447,0.0168531194747201,0.0114429518870627,0,0.00176049799754134,0,0.00198324292585005,0.00247276496157406,0.0015801379598474,6.10327210791886e-05,0,0,0.00813019333021999,0.000320034794933605,0.0017556482143623,0.00478830110607221,0.0946781186807393,0.00342989330511792,0.000349873181964004,0.0210050250473518,0.0601086844722427,0.00404853751971086,0,0,0,0.000712576138983813,0.0023899839211286,0.0182060946602027,0.0262753382948895,0.000705359479688978,0.0062878728249891,0.00375731329331083,0.00661451367129015,0.00259466634480542,0.000306238670474213,0.457772923928502,0.0161286509983551,0.481097127254133,0.23575713907019,0.209548441043679,0.0251319210117251,0.00215963625353506,0.523875376520661,0.000405358816753325,0.346049695014311,0.00967994826324228,0.00342469295955846,0.265132138102291,0,2.50825903785033,0.0326062361782034,2.21823440035843,0.0434800277054974,0.038507519341623,0.00079525948866809,4.34763530983583,0.0441852751172339,0.00397285831037908,0.5300614667681,0.0877756682501108,0.117706170377027,0.00809983175583908,0.135837565543743,0.00082855649560785,0.65911303704518,0.271913274547693,0,0.235274784391009,0.203726513951584,4.22970289342173,0.97373523899283,1.81297950905888,0.000692085625170753,0.0214529559942342,0.0357661644584267,0.439500904483204,0.217770518699296
0,3.59975053656518e-05,0.000373600769329428,0.00465941447472038,0,0.000520030475607306,0.00679562935026207,0.000186266316412624,0.0115365221788226,0.0049686619758351,0.000251303585302603,0.0045170773128779,0.000756171172535855,0.000194392829763261,0.0018717673691536,0.000284326265512064,0,0,0,0.0049170405812309,0,0.000275941754784155,0.000402630668036372,0.0471527480802333,0.0100954681352587,7.6135177779299e-05,0.00127933359831849,0.0177468179598948,0.000380399634006432,0,3.91098672512621e-05,4.53055566167354e-05,6.70577483038545e-05,0.000260906909019518,0.00394002586726571,0.00393280408754661,0.000190905519476658,0.00179435879252907,0.000715079117043465,0.00539907432715317,0.000517495761584726,0.00111554492036908,0.400331034606882,0.0221369734522222,0.193476415987931,0.129007871306916,0.300912870767818,0.0371770136605963,0.0186876370427447,0.0621901978953046,0,0.119974962147024,0.0255621793769508,0.00261348976315214,1.16518729030096,2.50825903785033,0,0.032137521535882,1.58502768383322,0.127385954130639,0.274184887292765,0.00744927984675605,1.28665904568601,0.0443867441493206,0.00148428571900867,0.0631696844700844,0.0740619818454118,0.0138914771361708,0.071487706550178,0.0113937739429191,8.56032769583792e-05,0.0903975975285482,0.0475368200158544,0.00014417832506516,0.0957269673627595,0.0399881051273941,0.26473769365122,0.185650830361046,0.158235986171084,0.00810004171190239,0.200292961364596,0.00199193580612899,0.125743147000785,0.0467105925292247
0.00063728654060128,0.00578049804601372,0.000881183765557372,0.0847186344342342,0.000446762130036065,0.0033021036979972,0.015879485296861,0.00659009216242744,0.140499427117227,0.0721978663182782,0.00219691675320768,0.0287622254319391,0.0076437820589159,0.00469784585908691,0.006985980071769,0.000872218606717836,0.00016288692056449,0.000366068897249871,0,0.0458630463668284,0.000942538614660938,0.00935607706509677,0.00033548122146787,0.276857558983643,0.00476993973134307,0.00202383425451964,0.0180821359545047,0.140429778034209,0.00588177109601253,0.000176613207237228,0.00136043361414345,0.000562784268788773,0.000302530680569097,0.00332031840724053,0.00794440176514455,0.0263344660581268,0.00107915901215429,0.00599763189606362,0.00178231865623487,0.017814015005074,0.00288360602991181,0.00158330009652394,0.0677473070263165,0.00304234318529969,0.0214898117520467,0.0128944944236873,0.136667154991607,0.00465382487557464,0.058327494858892,0.00103365459639371,0.217286872691784,0.000600659361728499,0.462988114622001,0.0304009224999058,0.0250321773657838,0.0326062361782034,0.032137521535882,0,0.127924728575343,0.0220992404777248,0.170243553574669,0.0430252212369195,0.0169300945647599,0.206250534045415,0.0072894739708156,0.000568613826483795,0.00338153428749601,0.00128152281704719,0.148725123342005,0.000737899157210898,0.497986805211367,0.00103737005625112,3.28773458574357,0.0710448873281786,0.00617179157733872,0.362042456686415,0.346421921765791,0.0302351269863397,0.00069520243275806,0.000110008805830347,0.00505687793861001,0.000833430224771029,0.0132266929838255,0.0314286723403737
0.000103100142722279,0.000230531237470534,0,0.0825620874553385,0.00111247464463733,0.00346154374095861,0.0308210588557704,0.00331082460993214,0.0753261417171249,0.0779604277234223,0.000120294119389244,0.0301335425132035,5.08261153752386e-05,0.00111490026695407,0.00764345274629622,0.000202286611830133,0,0,0,0.0620985011161145,5.85725919032633e-05,0.000721251564483148,0.000305658825095767,0.168326630186623,0.0116422393250525,0,0.000244503141828117,0.142229675002956,0.00278874886085656,7.67652139831483e-05,0,0,0.000328750607779375,0.0024322386649596,0.00516207655387523,0.0175241883451408,0.000687067910743839,0.00540448594888532,0.00120204044192417,0.020381242447,0.00361808230350773,0.000988656878617374,0.327645031354313,0.0103000679467571,0.252521003666719,0.0476883725039316,0.324523556022911,0.0318696501831324,0.00371320433450905,0.00674528531749813,0.000630393068085215,0.0105208038712694,1.48530428769107,0.0104736862098377,3.39261836013754,2.21823440035843,1.58502768383322,0.127924728575343,0,0.101122616083405,1.10164056149355,0.00230475054948669,0.957169577432441,0.178274117033709,0.000648344302164054,0.00697494378398551,0.118132750488145,0.0256502665317196,1.38086488093272,0.00166366068841468,0.000196028290608412,0.00820860185369861,0.222053057869364,0.000176117744850629,0.101007688408672,0.0205866738234006,1.37530350290133,0.380363809832761,0.00319787271757542,0.00154218028939876,0.047306654037982,0.000340532512010184,0.22807099760277,0.119223910854714
0,0.00270510805583898,0.000116575403262037,0.000729239727703634,0.000189866841413361,0.000510536398275716,0.000584998786783552,0.00143085538518516,0.00229502671711794,0.000544909830406443,0.0972607103877253,0.00138179747498739,0.379087011465841,0.000744460591548115,0.00031843578510873,0.000248584928038764,0,0.00111987622058741,0,0.000701700525846917,3.55881087770015e-05,0.00139261904898002,0.00072313731540029,0.00347716092830853,0.0447730308231183,0.0283850001516214,0.0824431062314005,0.00170348160658255,0.000278521483203226,0,0.0445292640836407,0.000519840865229809,7.73767953245223e-05,0.00786387084714085,0.00633874124520299,0.00387868881430337,0.0285254616087125,0.00828482962581681,0.0014287424581112,0.0138604818746168,0.000205123044185972,0.0342824393752047,0.219103963690536,0.336691094569464,0.687125942820289,0.144781551130228,0.0696986549573955,0.0728464224193249,0.568013105876992,0.00231700718905335,0.0103995851819383,0.00711446731536149,0.00445311194080367,0.00433953763954175,0.0217444680711518,0.0434800277054974,0.127385954130639,0.0220992404777248,0.101122616083405,0,0.0473479022530803,0.598490834167576,0.136039326418678,0.0233971539115405,0.00220593960482756,0.0323602884633468,0.998265942903282,0.0809196861071074,0.0142557429800224,0.0136694478004883,0.014494697603442,0.0315437386905979,0.0193198941959518,0.0295542546289501,0.387234389382617,0.0643827502775537,0.0356970969862668,0.411028324565522,0.0157797984182899,0.101985705106993,0.358567811489222,0.000560102905281704,0.859226948285952,0.0196028103419568
0,0.000263535582827464,0.000106654490563512,0.0525250162796045,0.00273667167115252,0.0137068306873113,0.00844671510873702,0.00483023403923845,0.0415088906600557,0.055456362430524,0.000457427136389068,0.1444521369528,0.000356369746926242,0.0038122930968544,0.0141300245125132,5.6379636864984e-05,5.10903559364796e-05,0.000969121193253294,0,0.055963325386043,0.00012814083622303,0.000288450060536832,0.000370090161112395,0.0486726664690446,0.00410785073831467,0.000236196893584919,0.000827364772863501,0.0555111450417285,0.00203748629504046,0.000118195777523803,5.8494180072844e-05,0.000168564705683866,0.000137133725360257,0.0016478091509802,0.0298063865815566,0.0080721117603354,7.50776448203802e-05,0.00208706000530996,0.000815127625578606,0.0504913906937899,0.000785610342487728,0.000229894563383347,0.0924832199454086,0.00625783087975884,0.052910997576099,0.0167559325712932,0.268020043563115,0.00789200225006645,0.00205471601600247,0.00176545056790385,0.00048026811429137,0.00174890473827471,0.303479996515985,0.0179226906364395,0.538155996137924,0.038507519341623,0.274184887292765,0.170243553574669,1.10164056149355,0.0473479022530803,0,0.00113053732795068,0.20335800703899,0.464762485891728,0.00121025505324113,0.00200598908789606,0.0590998457267197,0.00956804627387895,2.81131016852714,0.00318406933118097,0.000294220277314955,0.00646079163811441,0.0653600039486519,0.000121523381244028,0.0561809115242354,0.0148225476165994,0.0448285324619003,0.117332163136685,0.00249666488855262,0.00168297032571543,0.0189558741431328,0,0.0592436813887256,0.148820781774785
0,0.0096715914588101,6.21129225830555e-05,0,0,0.000469983800815338,0.000161462359860874,0.00142706320697099,0.00480362584785719,0.000108490536028802,0.365661099828393,0.000225991197289655,1.2718571330992,0.00152868153624577,7.92480383728981e-05,0,0,0.000955963711044167,0,0,0,0.00426846829750996,3.480846551027e-05,0.00191502211050955,0.136527571991303,0.136751600063265,0.467323776020364,0.000230696533833408,0.000856179581748426,9.24534792224707e-05,0.261520530628612,0.000365039249268127,0,0.0177251182098863,0.000493476872749167,0.00125992809174083,0.083599942370431,0.0269399543186372,0.00066999664024412,0.0001109700054739,0.000103479470152778,0.0626152035559658,0.0154481810796443,0.284481487301507,0.171263053376885,0.0131904029155519,0.00521836435379741,0.00178227043357255,0.516183840291573,0.000128309191506028,0.0657424129971554,0,0,4.33847014575749e-05,0.000758156523705723,0.00079525948866809,0.00744927984675605,0.0430252212369195,0.00230475054948669,0.598490834167576,0.00113053732795068,0,0.00518196436708276,0.00225401751915767,0.000879091933564663,0,0.00138640026436758,5.81609684634328e-05,0.000325748383019561,5.41789265174449e-05,0.049249033804639,0,0.0300067376276754,0.599271457742201,0.0279594084130654,0.33632818692615,0.000662766654511744,0.0320939133332387,0.000164315297584322,0.0704740964813102,0.0418400354475465,0,0.202016174027398,0.000235617426904517
0,5.80269680270255e-05,0.000152584728273714,0.000975804168327859,0.000135404894111908,7.30247440534532e-05,0.00271595952564206,0,0.00832618619122609,0.000937227403915359,0.00021274055002768,0.00195977854696035,0.000494491970191943,9.58982979882892e-05,0.000407288915345049,0.000418998749604249,0,0,0,0.00109812028459005,0,5.31395763984621e-05,0.000596835575562013,0.0328671357052779,0.00259260459530531,4.68284774703264e-05,0.00315313154372259,0.00964337707300861,0.000495677663103336,0,0,0,6.5659995154804e-05,0.000203016624317867,0.00190028369997376,0.00307435675789601,0.000322405114001333,0.00063360413948308,0.000552844938564199,0.00171357016250507,0,0.000351012588373501,0.18413730780085,0.010600333869005,0.233236055862372,0.138569725014355,0.0712533390081703,0.00524094437141027,0.00251449991566939,0.803721874189921,0,0.149372319407695,0.0179590772567133,0.000361116212211195,0.0625001652373976,4.34763530983583,1.28665904568601,0.0169300945647599,0.957169577432441,0.136039326418678,0.20335800703899,0.00518196436708276,0,0.0127463811859146,0.00144561314665767,0.149631074570424,0.100034029767452,0.0328792518452029,0.0590540482680113,0.021448074741781,3.72774087498486e-05,0.144213881448641,0.0395743801961038,0,0.138038777260825,0.0602098322638629,0.277134387211879,1.11783575439213,0.643570775476834,0.00811684563491676,0.154337384674846,0.0062850776413844,0.327097750087413,0.0199697003925795
0,0.000491342898597955,0.000490153253359079,0.0453246639732755,0.00409868962457194,0.0074133204485479,0.00795454650705589,0.00178889128883329,0.0425835434214955,0.0372054388798671,0.000141836872389257,0.0560182344077217,0.000115973161361182,0.000825327910758847,0.0152862955807227,0.00205056450401445,0.000168556110304999,0.000524472347654122,0.000229049421356153,0.0394663585522601,0.00397654250097889,0.000833924233703864,0.00724499401060653,0.0551614486477463,0.00404222259113207,0.00272528017527036,0.00707863346355593,0.0590235316087804,0.00172202635917277,0.0008529276322968,0,0.000269779132158541,0.000640799367668832,0.00132432146461189,0.0985882068140765,0.0129555601074978,0.00324215818166882,0.00332715554175518,0.00517704546884361,0.0531434526236403,0.00204401331585955,0.000616580326248932,0.0709281440550071,0.0179960639373738,0.00934668812447661,0.0242344019459828,0.821803451647482,0.0172178398388991,0.00808806586093478,0.000515524712933275,0.0112726288543532,0.00184886506083622,0.0793774770846612,0.323179392332868,0.322777559314924,0.0441852751172339,0.0443867441493206,0.206250534045415,0.178274117033709,0.0233971539115405,0.464762485891728,0.00225401751915767,0.0127463811859146,0,0.0183113382578618,0.000557352400045657,0.00180075801609241,0.000279379578303691,0.0595340419302287,0.0340331009340644,0.00846320514440984,0.0566312739899233,0.245531771288135,0.00370186619771481,0.00267768343414287,0.03884285190544,0.146663259344398,0.0117531285184971,0.00409336338858139,7.8126302760911e-05,0.0110956616151147,0.000421417430012458,0.00656201476130968,0.223553519216661
0,0.00521636630824237,0.0196986447813206,6.69543850726664e-05,0.000859929428455067,0.000393947137865495,0.00218370687465708,0.000316896604241192,0.0394586027309578,0.00024932132505551,0.000133660056203937,0,0.00032606784949007,0.00099296744645119,0.00420826558120372,0.948271577773609,0.00194333043742814,4.22599682638794e-05,0.000189128921603772,0.000207794636216724,0.199182034232184,0.289226344538553,0.683007919808448,0.332712905044015,0.00418550845024885,0.00243437664477605,0.372367179668051,0.165094064802465,0.000874409025545969,0.000711749129125691,0,0.000201250093945825,0.000357701894639325,0.00603234389224725,0.0563735670100451,0.296195785146553,0.0279736161636315,0.0375189801954275,0.0562239540746763,0.00290396391140182,0.00274768039665225,0.000485126239494962,1.23105739548116,0.236433288214888,0.140284261790285,0.266261914921895,0.0408572840609159,0.00417448435547565,0.00162875531354131,0.000530939219489366,0.0166875611141374,0.00883710526120941,9.17212318828942e-05,0,5.55848350089014e-05,0.00397285831037908,0.00148428571900867,0.0072894739708156,0.000648344302164054,0.00220593960482756,0.00121025505324113,0.000879091933564663,0.00144561314665767,0.0183113382578618,0,0.0129600961633485,0.00316740448369019,0.00224003611267942,6.03346792404949e-05,1.23397650792241,0.728829600862476,0.633675800338123,0.453362250597431,0.00128320456972801,0.0120769915773016,1.00544842353679,0.418522172870486,0.00489782348759817,0.00476714095277383,0,0.000248902180992532,0.00067515966271104,0.0241817610109011,0.191964365987083
0,0.00611231858016257,0.0234927843126646,0,0,8.19602150997698e-05,4.7705771494919e-05,0,0.000336571631817627,0,0,0,0,0.000123801959376907,7.00545406135439e-05,0.000769319461983281,0.00215465210988977,0.000152223567681825,8.42767590451062e-05,0,7.92846334051072e-05,0.00133125129480716,0.00298174468419931,0.000135371544681958,0.000858725755387199,0.0223738837035815,0.13012558753253,0.000256806070563564,0,0,0,0,0,0.000647729907256219,0.00251097316478146,0.00392162345446955,0.00150481330255994,0.0018314784868776,0.00270229504942417,0,0,0,0.0698555915155885,0.00782724191078911,0.0920020565329346,0.0690287208503327,0.00337504751001142,0.0003845475536968,0.000420702442769695,0.0245934451277592,0.00607299185494278,2.93783333437911,0.000169976590670526,5.30763924964726e-05,0.00205883507730168,0.5300614667681,0.0631696844700844,0.000568613826483795,0.00697494378398551,0.0323602884633468,0.00200598908789606,0,0.149631074570424,0.000557352400045657,0.0129600961633485,0,0.285047838791204,1.38254311587407,0.000787590919928721,0.436525446623922,0.00296045021577179,2.22894965089859,0.00322252009848688,0.000286474238156503,2.43458560397009,1.88728233906861,0.203286015633891,0.0598809452581151,0.90750288695873,0,0.000338596106229189,0.00198933659076193,0.455479059371679,0.00695839338864473
0,0.00104070754879071,0.00090345171464604,0,0.000177144427253318,0,0,0,0.00135463498967818,9.08014276693049e-05,0,0.000160015146613634,0,0,0.000406697421001387,3.29370491141975e-05,0,0,0,0,0,3.84428893198103e-05,0.000350625268280741,0.000461230758218101,0.00089202926153214,0.00248836909450897,0.00945325851473837,0,0,0,0,0,0,0,0.0044317212857396,0.00105156264022721,0.000335871573811877,9.74872349785449e-05,0.000555287631628728,0.000397620860931313,0,0,0.187111562429768,0.0175638690703592,0.716029107144879,0.230992986108997,0.0185728128219163,0.00270649369598437,0.00247975205251387,0.00384709271096459,7.89501843598306e-05,0.0696670469757391,0.00250727341022538,0.000420863922816354,0.012254708902691,0.0877756682501108,0.0740619818454118,0.00338153428749601,0.118132750488145,0.998265942903282,0.0590998457267197,0.00138640026436758,0.100034029767452,0.00180075801609241,0.00316740448369019,0.285047838791204,0,0.942088961406014,0.0152642833088191,0.0304897432967964,9.515426300534e-05,0.098552197129035,0.00501790181310706,0,1.17313978458197,0.132940810912358,0.0446428074783417,0.114992463592711,0.063360907927905,0.000929867660764817,0.0676029652370403,0.00091808885545744,0.260560345789145,0.014596699492498
0,0.00272440295591863,0.00416661109510918,0,0,0,0,0,0.000302810018381274,0,0,0,0,0,0,3.60350258078724e-05,0.000242737438191244,4.26450721730083e-05,0,0,0,0.000458762729720983,0.000373802106011882,0.000156361051840854,0.000314639691903508,0.0079032855316488,0.0415662412893756,4.58746491042137e-05,0,0,0,0,0,0.000142599607588345,0.000834181193661845,0.00118737371199439,6.09746095974922e-05,0.000249272107644096,0.000577567741725036,0,0,0,0.0514557234422798,0.00655669075217031,0.172986380683852,0.0568220873737657,0.00251088709898351,0.000505381872512821,0.0005393092890207,0.00468413356824052,0.00181070742981916,0.383180320828613,0.0007262579419707,0,0.00141863087894767,0.117706170377027,0.0138914771361708,0.00128152281704719,0.0256502665317196,0.0809196861071074,0.00956804627387895,5.81609684634328e-05,0.0328792518452029,0.000279379578303691,0.00224003611267942,1.38254311587407,0.942088961406014,0,0.00372315661780689,0.0456111827244537,0.000985050918499627,0.253088236032071,0.00275029681877836,0,2.73248569326071,0.540193580953128,0.0459178699814304,0.0198077406528399,0.131476670118527,7.45648876674294e-05,0.00196925195591272,0.000516458680987125,0.224726302702398,0.00384115813656804
0.000190323855280841,0.00018917588549513,0,0.133358609935888,0.00140809188036882,0.00427816679711301,0.024955543114652,0.00519601998504339,0.0638364764447948,0.105553631142628,0.000311752871372581,0.0415955756239743,0,0.00491051369642306,0.0101261469919291,0.0001790380241539,0,0,0,0.0850215323772342,0.000220768300528309,0.000575857805375624,0.000151752734002591,0.125820919819591,0.0099374208903691,0,0.000317560403242576,0.138351967733981,0.00361641030096813,0,0,0.000176238474854135,0.00021783144651835,0.00127374116693807,0.00252017583130052,0.0130807139442226,0.000279792164489961,0.00751311784560965,0.00180068175377343,0.0240238974905679,0.00245937870307554,0.0015204610124389,0.0626381086378463,0.00244531472708904,0.027971023628818,0.00698502060293553,0.0890504869836677,0.00721826560393108,0.00149275930911756,0.000478092571362498,0.000170144252562737,0.00153989437732487,2.92117154830732,0.0041480117379945,0.0601314056695536,0.00809983175583908,0.071487706550178,0.148725123342005,1.38086488093272,0.0142557429800224,2.81131016852714,0.000325748383019561,0.0590540482680113,0.0595340419302287,6.03346792404949e-05,0.000787590919928721,0.0152642833088191,0.00372315661780689,0,0.000224042297140062,7.94915305482924e-05,0.00139764079840794,0.172285092285487,0,0.0159444927312789,0.00498406214787012,0.105024371318291,0.0421335835838355,0.00115553062819117,0.000397051603096801,0.006925001557848,0,0.0197160372784366,0.0169950342842338
0,0.000460701901064461,0.00342312514165144,0,0.000394595735607326,0,0.000291001069242898,0,0.00689745906505194,0,0,0,0,0,0.00113665171724642,0.0858823812178703,0.000111800634298551,0,0,0,0.0553359947930432,0.0225610163451099,0.0435441647397953,0.0478539342327933,0.00049103826002273,0.000490725455437547,0.0370922799356877,0.0351776806602136,0.000109739447511724,0,0,5.31991333332598e-05,3.7868337713331e-05,0.000768328822567061,0.0463872485907671,0.0412087135424992,0.00304727812220111,0.00294828642123145,0.00944710739439919,0.000729321459809166,0.000433062757593399,0,0.817912801938117,0.0492152088899576,0.782138867009174,0.615159683859313,0.0598722499242995,0.00305777890428007,0.000974239505348908,0.006205522241544,0.001308137190274,0.274037396327886,9.68990555762198e-05,0,0.000617379229778207,0.135837565543743,0.0113937739429191,0.000737899157210898,0.00166366068841468,0.0136694478004883,0.00318406933118097,5.41789265174449e-05,0.021448074741781,0.0340331009340644,1.23397650792241,0.436525446623922,0.0304897432967964,0.0456111827244537,0.000224042297140062,0,0.030351683465367,5.76147698556269,0.0332123639957065,4.70107805756867e-05,0.109907677451002,0.187307288527337,0.860562411839115,0.066466422107458,2.12020898356028,0,0.00045468505318419,0.0173314688380266,0.834035092780146,0.252498065472762
0,0.00909856095703387,0.0166030015876626,0.000223994122481716,0.000388308825350094,0,0.000938792328249299,0.000351828255958485,0.050103516552457,0.000226808769032416,0.00204483283443029,0.000254339548857963,0.0088188750760171,0.000347300680810439,0.00137307757380287,0.249755637703334,0.00197104366437099,0,0,0.000347073477984756,0.0693492395333605,0.313425753825097,0.132942218260969,0.199682605412756,0.00457375488376258,0.00889001351977456,0.41297425585312,0.0876940109587775,0.00086507830308305,0.000280051327297133,0.00130689572740826,0.000291715893805516,0.000210783395860839,0.00421866744842007,0.01208342642515,0.117152666887897,0.0108547601317146,0.0185267455195158,0.0180164530881214,0.00196795296027991,0.00183600961698688,0.00183241012940543,0.0595127536383129,0.0145338135405295,0.0102898957439036,0.0152941278376917,0.0180024450127668,0.000255330894999409,0.0638455164951731,0,0.443151519503657,0.00111590391011443,0.000668221751846212,0.000704874511505246,0.000125899570515135,0.00082855649560785,8.56032769583792e-05,0.497986805211367,0.000196028290608412,0.014494697603442,0.000294220277314955,0.049249033804639,3.72774087498486e-05,0.00846320514440984,0.728829600862476,0.00296045021577179,9.515426300534e-05,0.000985050918499627,7.94915305482924e-05,0.030351683465367,0,0.0493466155301136,1.53761158469345,0.068261562983456,0.00212197282346673,1.39973905299414,0.0662262554102745,0.000729077994302648,0.000230606995747751,0.000109936159811008,0.000203001113699347,0,0.00514617812722225,0.00988431810101869
5.65818722885728e-05,0.00132427866106525,0.0567382257984554,6.04117682946444e-05,0.00303663179472915,0.000337233409318179,0.0024501073241964,0.000105985643143824,0.00352207064412649,0.000169874214187765,0,5.98617760564506e-05,0,0.000417120084607568,0.00539459836961541,0.35351107170606,0.00294096185966266,0,4.01577140742689e-05,0,0.0441844161100579,0.0928417164765574,0.428130943198699,0.053827522515306,0.00103339005714106,0.00317706577220998,0.565695996567477,0.0349640776707255,0.000258733238245771,0.00018794725302583,0,0.000151870845122433,0,0.00885520996667132,0.210472592433469,0.18895176524753,0.018922055362293,0.0535428972756881,0.0739595114722046,0.00251434455346298,0.00260804083432878,0.000488890791420054,3.08583332332558,0.405320255278179,1.5146144102196,1.94448280665839,0.179939635641401,0.0188125842383475,0.00223884137901893,0.0183112525520936,0.00114105037237902,3.4225758589307,0.000208205902293611,4.44466401148766e-05,0.00344519563171228,0.65911303704518,0.0903975975285482,0.00103737005625112,0.00820860185369861,0.0315437386905979,0.00646079163811441,0,0.144213881448641,0.0566312739899233,0.633675800338123,2.22894965089859,0.098552197129035,0.253088236032071,0.00139764079840794,5.76147698556269,0.0493466155301136,0,0.139413876538143,3.3819127535218e-05,0.514690682592113,2.78427110243359,1.42607108670673,0.0680764245071611,1.10184638236622,0.000308743278002214,0.00145154885181458,0.00381921096072483,0.789472215687382,0.651415431545201
0.00171596789451086,0.012670929998143,0.00472305420114544,0.0890165376240083,0.00618974040588491,0.00837745583135112,0.128546588576391,0.0312428104281361,0.505569946325666,0.106717867182803,0.00158950332784766,0.0218397187634805,0.00372512553028135,0.0373007893831326,0.0316011554854002,0.146787449543944,0.00104770350979882,3.74507724478364e-05,0,0.0629721507800742,0.109720177667054,0.107449882887187,0.0779038830408819,2.18852443373408,0.0268702376966898,0.0023442686052265,0.0860381809031972,0.99331340877577,0.063163181216568,0.00138592735051598,0,0.00206738397765066,0.0119818406372382,0.0403744408052522,0.0481894593512317,0.646089887654669,0.0148157703723805,0.0798053043897862,0.036569613294985,0.0919063473359475,0.0580351386480308,0.00354553017194758,0.673715819561708,0.0307095826270182,0.161880471926341,0.142259370908847,0.282626209119956,0.017062500034344,0.0315377902617201,0.00382112098832017,0.298185063679171,0.00519730808110643,1.11222813852954,0.0152127126437516,0.0208460286784859,0.271913274547693,0.0475368200158544,3.28773458574357,0.222053057869364,0.0193198941959518,0.0653600039486519,0.0300067376276754,0.0395743801961038,0.245531771288135,0.453362250597431,0.00322252009848688,0.00501790181310706,0.00275029681877836,0.172285092285487,0.0332123639957065,1.53761158469345,0.139413876538143,0,0.0505679207096182,0.0102583990994726,0.59991590963918,1.66271287621639,0.159000921272452,0.00524735215034917,0.000248150102676457,0.00531467487794214,0.0151059920010401,0.0932022672365823,0.215050215144381
0,0.044501039806353,4.16305107746482e-05,0,0,0.000131990179173779,0,0.000236281369917834,0.00181920406450415,0.000125258685412362,0.0265673174718437,0.000177613916821182,0.183374904927965,0.000348639087708816,9.3706996420348e-05,5.1467768541652e-05,0,0.000210123773205501,0,0,0,0.00114826255130262,3.91757153740049e-05,0.000555338598518434,0.0847396080734117,0.040727951184589,0.20860990514201,0,0.000131970577549618,0,0.0239755962937369,0,0,0.00292993504199719,8.6546520447445e-05,0.00122315212720656,0.0104681087316963,0.00398788881978441,0.000775006215845794,0.000109840909252023,0,0.0111657128327863,0.00273934527668344,0.00957291762684521,0.00375787932154441,0.00101803142454793,0.00727509024033472,0,0.158235520809858,0,0.0930943667201088,0.000102127235441982,0,0.000319183172369444,0.000117516206548912,0,0.00014417832506516,0.0710448873281786,0.000176117744850629,0.0295542546289501,0.000121523381244028,0.599271457742201,0,0.00370186619771481,0.00128320456972801,0.000286474238156503,0,0,0,4.70107805756867e-05,0.068261562983456,3.3819127535218e-05,0.0505679207096182,0,0.00515373981510564,0.890322450174992,0.000372053321110204,0.000483247278473753,0,0.00453708028229377,0.000677668907956648,0,0.00654309658844508,0.000177318177650013
0,0.0681202856987666,0.0240644179040282,0,0.000349202790416372,0.00021729685822317,0,0,0.00223179484582048,0,0.0443420006259398,0.000246393839821833,0.0668440265391914,0.000627676288310274,0.000517775552767801,0.000605346147401822,0.00770126250165866,0.00532210072790353,0.00081801869979532,0,0,0.00287768015756964,0.00138952269108714,0.000586256458992374,0.0487073237060242,0.445647621364225,1.51015217179192,0,0,0,0.0671482535203135,0,4.04703133091032e-05,0.00649589559477529,0.0471919259984565,0.023431604323383,0.0392878905753394,0.0226858278148,0.0162629387252335,0.000599508410362405,0.000723703655659723,0.00206049339070702,1.69039205540208,0.457926772886861,1.69977521488452,1.3296148030606,0.0256196672896459,0.0102739884205135,0.0292156743907024,0.0145492560000683,0.0165622471921483,2.8754162225674,0.00172300028787103,0.000985773637049662,0.0133595090660991,0.235274784391009,0.0957269673627595,0.00617179157733872,0.101007688408672,0.387234389382617,0.0561809115242354,0.0279594084130654,0.138038777260825,0.00267768343414287,0.0120769915773016,2.43458560397009,1.17313978458197,2.73248569326071,0.0159444927312789,0.109907677451002,0.00212197282346673,0.514690682592113,0.0102583990994726,0.00515373981510564,0,3.33275974962872,0.103515185506764,0.130871160885613,0.183994970583003,0.0792573156535996,0.0822516713107251,0.00202725833023339,0.526527473176056,0.117069791863664
0.000673812223064223,1.1808824933738,1.32129904059706,4.3306286960268e-05,0.0025756348478843,0.000172787884943461,0.0134056535162253,0.00137285592877103,0.0108834739615659,0.000425956955484023,0.0986341160127104,0.000195728940471378,0.209195183290608,0.00579975832989179,0.00535097731790755,0.211742629613501,0.199940221934474,0.0243942384697961,0.0118586923773592,0,0.0312059525288128,0.320659226529065,0.720979873605918,0.0714109075840648,0.402162129408634,2.03738491170132,13.7638336424048,0.0658068609318807,0.00419544892456822,0.00412539046096295,0.155622026865026,0,0.000877912073136541,0.0972356905999569,0.163252724634464,0.740400373284556,0.237437840183882,0.418660479927734,0.345141591074189,0.00208421626568199,0.00369292094719151,0.00544252774363769,4.17218644757847,0.728392159270059,2.03928522671855,2.15390742581571,0.121279837741714,0.0191035358768279,0.0642604949756639,0.0082640159865634,1.91574634322504,1.38000698378733,0.000541238131508344,0.00101078819238464,0.00286236565129941,0.203726513951584,0.0399881051273941,0.362042456686415,0.0205866738234006,0.0643827502775537,0.0148225476165994,0.33632818692615,0.0602098322638629,0.03884285190544,1.00544842353679,1.88728233906861,0.132940810912358,0.540193580953128,0.00498406214787012,0.187307288527337,1.39973905299414,2.78427110243359,0.59991590963918,0.890322450174992,3.33275974962872,0,0.319119787045432,0.0354227954180527,0.143241690841061,0.130289513181828,0.00575892263964143,0.00149251018447547,0.593190280441024,0.367490406209959
0.000814255956020048,0.00203555940738145,0.00313068998558227,0.130547896529749,0.00355741560742349,0.00536195699566708,0.131192980924468,0.019992653137076,0.185781307697534,0.14299143835085,0.000134107183918932,0.0292846952643344,0.000357256145705241,0.0169091107087359,0.0286019229468503,0.114589938136059,0.000153524664822105,0,0,0.0898520606035154,0.0915400231935485,0.049794582058611,0.0623358321756747,1.16370847452852,0.0358983220994761,0.000324567586513877,0.0537513134940749,0.677864902988501,0.0361065783392739,0.000427561331086832,0,0.000230780210100031,0.00564649931641449,0.0272102609585043,0.0828159212449567,0.383241715582357,0.00947359665325923,0.054752747740739,0.0321625016536968,0.0773627128963401,0.0381602859090513,0.00304031297441281,1.69522044920618,0.0717559989111449,0.842739570860067,0.580503921764485,0.311493435844144,0.0412643876169023,0.00397340316619168,0.0337419254957069,0.00465181888002754,0.191791235436413,0.387775317720456,0.00624851651598471,0.0932284100347354,4.22970289342173,0.26473769365122,0.346421921765791,1.37530350290133,0.0356970969862668,0.0448285324619003,0.000662766654511744,0.277134387211879,0.146663259344398,0.418522172870486,0.203286015633891,0.0446428074783417,0.0459178699814304,0.105024371318291,0.860562411839115,0.0662262554102745,1.42607108670673,1.66271287621639,0.000372053321110204,0.103515185506764,0.319119787045432,0,1.09348404876388,2.11317834741772,0.000298565744040439,0.0202100875133604,0.148030866342251,0.759506371370732,0.682531750876475
0.0001179786128632,0,5.50416273328662e-05,0.00124021661314411,0,0.000515876936784679,0.00702584908725548,0.000120807823287308,0.0177363671232876,0.000950651081514364,0.00108993174476665,0.000676645249804544,0.00413408740291177,0.000403654616879228,0.000337439709078532,0.000553816752420563,0,0,0,0.00110660505695882,0.000409915138283253,0.000725347050495606,8.30654053408325e-05,0.0885959880979091,0.00333594893436242,0.000288936676857125,0.00121913400227079,0.0359691855657826,0.00102102226969819,6.36010458867073e-05,0.000221135410946524,0,0.000599309833908659,0.00136030332334775,0.00431894366915644,0.0162891003009423,0.000400758520913085,0.00243490336841957,0.00121691847469552,0.00296366050577156,0.00114251351494614,0.00064135930206415,0.121831109829954,0.0110844446776962,0.255932498770057,0.109890407204016,0.0381137673105905,0.00687519465492317,0.00839977441130165,0.397749127044583,0.000511579074003586,0.0279206739129165,0.0150271267197153,0.000399817997649413,0.031394940806763,0.97373523899283,0.185650830361046,0.0302351269863397,0.380363809832761,0.411028324565522,0.117332163136685,0.0320939133332387,1.11783575439213,0.0117531285184971,0.00489782348759817,0.0598809452581151,0.114992463592711,0.0198077406528399,0.0421335835838355,0.066466422107458,0.000729077994302648,0.0680764245071611,0.159000921272452,0.000483247278473753,0.130871160885613,0.0354227954180527,1.09348404876388,0,1.33217636636653,0.0152690206800172,0.0183504662332801,0.631990732334597,1.08051877818245,0.0344214579154046
0,0.00028191710855962,0.000376894239554736,0,0.000107897398882354,0,0,0,0.000268713619871801,0,0,0,0,0,0.000516557553179526,0.000103824464071786,0,0,0,0,0,7.20179939689934e-05,8.14064145460248e-05,0.000449242346209702,0,0.000761824894328046,0.00377948030070228,0.000290404657158425,0,0,0,0,0,0,0.00489983419020195,0.00118516816391267,0.000224092605308521,0.000134144128313422,0.00112591777718168,0,8.4599196428448e-05,0,0.031395806294476,0.00250646221501097,0.275080155355993,0.113260485283601,0.016460610146656,0.00121325703264728,0.000108621746900737,0.643757996805711,8.88767348588287e-05,0.0511021309814754,0.000135053238307571,4.08735307190895e-05,0.0043943829279396,1.81297950905888,0.158235986171084,0.00069520243275806,0.00319787271757542,0.0157797984182899,0.00249666488855262,0.000164315297584322,0.643570775476834,0.00409336338858139,0.00476714095277383,0.90750288695873,0.063360907927905,0.131476670118527,0.00115553062819117,2.12020898356028,0.000230606995747751,1.10184638236622,0.00524735215034917,0,0.183994970583003,0.143241690841061,2.11317834741772,1.33217636636653,0,7.32684975838363e-05,0.00194603844847652,0.109435558742626,1.21215801325353,0.0282740641943021
0,0.00435654117909606,0,0,0,0.000143521395966339,9.57356125084162e-05,0.000416605593977651,0.000242331247201538,3.52273108818322e-05,0.0505146090656291,0.000165402067632449,0.119330454392083,0.000732004978161448,0,0,0,0.00106670610832546,0,3.94373503860205e-05,0,0.000776001610322678,5.08194588236869e-05,0,0.01989160073736,0.104609973688595,0.191989722557423,6.1891402894935e-05,6.22290442047179e-05,0,0.0646891041215711,0.000147143232066214,0,0.00295431077640044,0.000328033985734487,0.000654998613530255,0.0184630193965987,0.00827980386005611,0.00137627471604659,0,0,0.00480282534152844,0.0295903102164617,0.109863706511637,0.0995564028000018,0.0281367929482137,0.000499353487676615,0.0019252262146729,0.0400378052374703,0,0.000379942569468087,8.38741710206032e-05,0,0.000125538028558314,0.000631065715819791,0.000692085625170753,0.00810004171190239,0.000110008805830347,0.00154218028939876,0.101985705106993,0.00168297032571543,0.0704740964813102,0.00811684563491676,7.8126302760911e-05,0,0,0.000929867660764817,7.45648876674294e-05,0.000397051603096801,0,0.000109936159811008,0.000308743278002214,0.000248150102676457,0.00453708028229377,0.0792573156535996,0.130289513181828,0.000298565744040439,0.0152690206800172,7.32684975838363e-05,0,0.0192522072381793,0,0.0357931614046862,0.00145321593661338
0,0.000115261379717362,0,0.000202659058690518,0,0,0,0,0.00173384166350439,5.38328658433795e-05,0.00145066147962159,0.00047095985502305,0.00400678367071659,0,0.000220861932286495,0,0,0,0,9.34441693095561e-05,0,8.55012925081015e-05,0,0.00366198263168936,0.00343114675831049,0.000229387945405746,0.00068672178606447,0,0,0,0.000432228107102186,0,0,9.72388623987677e-05,0.00162885023340623,0.000375124612926143,0.000371262911618066,0.000101463180419386,0.000454336610979462,0.000498441865474308,0,0.000603867891582441,0.0794194720976379,0.0159772639133163,0.111194970583503,0.0656728440887806,0.0337559992778392,0.321766801861086,0.0281423448722377,0.000783993051148075,0.000494752754466802,0.000513922070807433,0.00187078838670327,0.0105684687327079,0.0163100211597464,0.0214529559942342,0.200292961364596,0.00505687793861001,0.047306654037982,0.358567811489222,0.0189558741431328,0.0418400354475465,0.154337384674846,0.0110956616151147,0.000248902180992532,0.000338596106229189,0.0676029652370403,0.00196925195591272,0.006925001557848,0.00045468505318419,0.000203001113699347,0.00145154885181458,0.00531467487794214,0.000677668907956648,0.0822516713107251,0.00575892263964143,0.0202100875133604,0.0183504662332801,0.00194603844847652,0.0192522072381793,0,0.000197830855966258,0.840633554201371,0.00912557223781454
0,0,0,0,5.71327019294858e-05,0,9.75769757476625e-05,3.63166118063301e-05,0.000353029006117499,0,0,0,0,0,0,0,0,0,0,0.000106603894371188,0,0,4.5874654437989e-05,0.00403087457085223,0.000111167013797712,0,0,0.00105880476296524,0.000101830037483275,0,0,0,0,0.000148010247905838,0.00056148637458055,0.00120469688603311,0,0.000425935495039177,0,5.60926797548175e-05,6.6595304653138e-05,0,0.00333530799858879,5.47987325403034e-05,0.0180495054747923,0.00511660264997616,0.00148243669913501,0.000296432033911103,0,0.00254099811660368,0,0.000665341153164151,7.59033719055474e-05,0,0.000102675563542289,0.0357661644584267,0.00199193580612899,0.000833430224771029,0.000340532512010184,0.000560102905281704,0,0,0.0062850776413844,0.000421417430012458,0.00067515966271104,0.00198933659076193,0.00091808885545744,0.000516458680987125,0,0.0173314688380266,0,0.00381921096072483,0.0151059920010401,0,0.00202725833023339,0.00149251018447547,0.148030866342251,0.631990732334597,0.109435558742626,0,0.000197830855966258,0,0.0780156396875357,0.00338252800450057
0,0.00490960678661122,0.0116745413988869,0.0017755298403905,0,0,0.00578174231711215,0.000281892263834357,0.00897591630154945,0.00141386575078301,0.00785367217276073,0.00111831730208445,0.0286741909562019,0.000778163373443109,0.00125566178890808,0.00251665301140499,0.00114101343331831,0,0.000155474279697585,0.00153014306534587,0.00072636121186082,0.00253963419292435,0.0059031612123653,0.0655787976082311,0.0111754395027235,0.0158675873963522,0.0710343843179151,0.025961935076105,0.00178020656923053,0,0.00424964992491467,0,0.000217028254633748,0.00251922497651413,0.00233841567759508,0.0203405109973869,0.00448931900753327,0.00407453347903016,0.00171382034323467,0.00448164776390559,0.00201346065631228,0.00676127867735047,0.143481216042424,0.0473350354749585,0.200768452892441,0.0732622589789149,0.0206671697731736,0.0781447863270981,0.127995267361414,0.0584080310359981,0.00480366430704387,0.1799202431279,0.00958789504385143,0.100190123351798,0.0286728831171697,0.439500904483204,0.125743147000785,0.0132266929838255,0.22807099760277,0.859226948285952,0.0592436813887256,0.202016174027398,0.327097750087413,0.00656201476130968,0.0241817610109011,0.455479059371679,0.260560345789145,0.224726302702398,0.0197160372784366,0.834035092780146,0.00514617812722225,0.789472215687382,0.0932022672365823,0.00654309658844508,0.526527473176056,0.593190280441024,0.759506371370732,1.08051877818245,1.21215801325353,0.0357931614046862,0.840633554201371,0.0780156396875357,0,0.0186238048897088
0,0.00115851324065927,0.0385233548483959,0.000718697624867565,0.0817391584553497,0.0139288762216692,0.00892503303210518,0.00333358074347103,0.0248439593436558,0.0117944174703041,0.00160390451044126,0.0760551634160962,0.000219412238833749,0.00270156086325729,0.170902700417249,0.0238738284880767,0.00111774041161751,0.0127430319057316,0.00240471013065344,0.000430064973201507,0.0508806939402029,0.0111591877667959,0.172142902501189,0.0817394984008505,0.00313951757568974,0.0564648940972697,0.161723166414911,0.0475552227326758,0.000459870562847698,0.00499357462939332,6.37928217769682e-05,0.00286999501945735,0.00106056168454111,0.00316821988191952,24.1301570767996,0.241488206543128,0.215644372100663,0.0201693995686854,0.413644361499729,0.0154391557398182,0.0275466937388168,0.00263058780120311,1.0853431803678,0.350165352506148,0.100006571366957,0.923108364979762,0.0601382933549234,0.0426562993566091,0.00392864979932855,0.00186936204185182,0.00074255607640953,0.0544597815620034,0.0079508064238249,0.00358163492619971,0.210024217324451,0.217770518699296,0.0467105925292247,0.0314286723403737,0.119223910854714,0.0196028103419568,0.148820781774785,0.000235617426904517,0.0199697003925795,0.223553519216661,0.191964365987083,0.00695839338864473,0.014596699492498,0.00384115813656804,0.0169950342842338,0.252498065472762,0.00988431810101869,0.651415431545201,0.215050215144381,0.000177318177650013,0.117069791863664,0.367490406209959,0.682531750876475,0.0344214579154046,0.0282740641943021,0.00145321593661338,0.00912557223781454,0.00338252800450057,0.0186238048897088,0
