"Predictor","Test_Statistic","p_value","functional_ve","semi_partial_r"
"Group",271.717116805982,2.8793965777258e-62,0.00624469568073564,0.056228239444682
"sex",10378.4555085135,0,0.124803161842576,0.348884069527074
