"Predictor","Test_Statistic","p_value","functional_ve","semi_partial_r"
"sepsis2",42.6997259932302,5.27713976083816e-53,0.0119239136133953,0.044534025142072
"eTIV",3065.92177368034,0,0.410235239834168,0.42202786737067
"sex",146.841202356436,4.45551517927644e-35,0.0912809168098281,0.0343108478299082
"sriskscore",193.625312534039,7.31156280074231e-130,0.0589709884589863,0.0682833871397668
"age_at_5y_mri",96.7339266997985,1.3735718519637e-63,0.0155214993674209,0.0476974664926737
"Rel_Motion",1776.08519330459,0,0.211531754750531,0.254504384678831
