0,0,100.20590993762,2.96609103679657,0,61.7106741070747,4818.19547206163,754.222193270922,7.12424570322037,54.6047404110432,32.5252233743668,16.1846015453339,5.27583754062653,11756.1388376653,4.91562288999557,15.0890895724297,494.462857156992,15.1253939568996,65.8110788166523,8.07405158877373,231.840897113085,1.21395653486252,814.918496549129,79.5956577956676,0,370.64245262742,77.2309854626656,158.660297900438,3160.66545519233,10511.0146895945,0,8.1211713552475,71.0186723172665,471.140075087547,44.996439486742,162.612726300955,14.0990735292435,277.689653843641,86.1393116414547,32.8852691948414,47.0971367061138,7.66761094331741,31.7009226679802,5.68583586812019,0.815890789031982,1.01825177669525,7.28323322534561,1.35986995697021,0,0,0,1.62510466575623,0,0,0,2.12044081091881,0,2.19810318946838,0,0,0,0,0.396873354911804,0,24.7937658429146,0,0,0,0,9.23034006357193,6.83986520767212,3.29581516981125,22.218020349741,0,0.259252279996872,5.09042301774025,23.3370037972927,2.29542452096939,1.18718141317368,0,0,0,9.88077414035797,6.69366723299026
0,0,18.6667004227638,0.575612127780914,2.86999160051346,4.29219454526901,0.408507883548737,2.09353989362717,1040.78636148572,5.27201282978058,255.450176656246,1.445856153965,3302.28303331137,0.844566822052002,19.3739982545376,2171.00184252858,91.6331070959568,2.25258934497833,34.4900188446045,1.38792043924332,34.2097513377666,2807.9185256958,118.336886256933,2077.56455883384,4254.84665828943,168.675918757915,18270.7217930257,29.6899889111519,0.86107063293457,2.98998841643333,169.512337267399,2.25421619415283,0,52.947905421257,10.1554968953133,131.838118553162,66.5702202916145,59.7934244275093,62.2037060260773,20.0349899530411,0.538407206535339,169.30706179142,269.45475512743,106.129912167788,106.127537608147,99.6831216216087,4.80469369888306,2.54081720113754,82.8829470872879,0,2576.47508555651,59.147548854351,1.37591105699539,0,0,5.10507568717003,0.325735688209534,4.83167350292206,2.38319298624992,145.997748017311,0.888480484485626,230.335005760193,4.86995553970337,0,59.9475390315056,73.7980252504349,6.85908523201942,130.361239552498,0,17.6965090930462,45.2788704633713,38.5061880946159,42.7228862047195,92.657793879509,307.290861874819,6475.72793528438,28.4466292560101,5.08543625473976,5.81834670901299,20.3835146427155,0,0,89.0143176317215,15.6834756731987
100.20590993762,18.6667004227638,0,2.10390216112137,2.74951708316803,42.6091747283936,1044.24215602875,347.906800746918,4.83670330047607,13.6385674476624,111.385815531015,10.4548453688622,1.75951862335205,741.2051422894,8.32775419950485,256.714120537043,19710.3370199203,101.314725250006,750.978210061789,3.60639518499374,4299.62897571921,25.5605414509773,38096.5915993154,53.9875239729881,2.58109402656555,56271.3119075298,17331.3584598601,1489.97481030226,221.608276039362,821.192786902189,0,2.66315311193466,3.97676831483841,1949.5064496696,384.625430583954,5239.7616211772,2332.71723923087,2199.6712795496,3318.10570752621,93.9449505209923,34.1352757811546,32.5230105519295,1036.28042843938,541.631261736155,532.50787961483,393.301195949316,33.219675719738,9.66004878282547,0,0,62.0496136248112,748.923970401287,0,0,2.05034399032593,45.4289762377739,1.88024252653122,3.32549721002579,0.372272580862045,34.776716709137,0,0,19.2935937345028,0,314.054371714592,650.469795316458,47.3579912483692,365.89833971858,0,127.264727413654,45.5391380786896,691.670314878225,22.1502748429775,2.44547480344772,741.853268712759,9746.84161835909,42.8456799536943,4.82948863506317,47.3431570231915,0,0,0,293.182337790728,187.551559448242
2.96609103679657,0.575612127780914,2.10390216112137,0,50.37327465415,823.645013809204,104.551646500826,434.9554515481,1961.28538653255,6313.9751316011,104.383965432644,8857.56420254707,4.93825590610504,369.339978694916,392.852130830288,0,0.425856500864029,29.3665334880352,12.9117264449596,26278.6480267346,1.07649302482605,2.29117357730865,0,1505.41677644849,3.42788296937943,56.1868376731873,27.4549994170666,5379.42726758122,326.944429904222,24.0973981022835,0.482992082834244,28.166756182909,4.75544393062592,188.104333758354,79.7984653115273,520.096136331558,19.8555857241154,126.757836610079,25.7981123030186,663.235240727663,140.825942009687,46.9917019605637,230.374191433191,0,79.0971055030823,9.46727561950684,1024.06531241536,79.0520768761635,0,0,2.66242191195488,0,1180.22651404142,62.4593177139759,142.549228340387,62.3097967505455,111.569703757763,715.935809761286,1111.84291562438,0,450.281343996525,4.80742609500885,75.2423387467861,425.519097179174,4.42866379022598,0,0,0,378.578188091516,2.94836676120758,19.2359082698822,0.551403820514679,934.916275888681,0,0,3.62865537405014,1142.99092757702,109.866136670113,2.62245941162109,0,0.412928253412247,0.671151399612427,195.411873191595,14.2711765766144
0,2.86999160051346,2.74951708316803,50.37327465415,0,839.89582028985,10.4428803324699,64.4477578401566,363.893371105194,58.4996072351933,18.4127654135227,380.080785423517,2.25118798017502,42.1270079016685,2256.46565520763,6.70368039608002,3.30098116397858,7.96585381031036,6.15734738111496,31.7432871460915,4.36422854661942,8.99702870845795,7.69770753383636,327.480254530907,2.67506986856461,18.1006473302841,62.8180949389935,112.076964646578,48.2451525628567,6.05736416578293,0.541683077812195,1112.31030324101,0.671833992004395,68.242490619421,1275.56963476539,230.998831033707,25.6938976049423,18.7327685058117,68.7389158010483,9465.96148666739,294.30938026309,25.6138114333153,36.0334878563881,8.59148466587067,8.76674604415894,23.7187398672104,141.674777626991,9.46287095546722,0,0,0,1.27350187301636,34.967206299305,10.7632273435593,22.8926230669022,5.15169233083725,14.522046148777,20.5220281481743,45.0342777073383,0,44.7024240195751,0,2.52873659133911,57.4334990382195,6.66953039169312,0,0,1.34177815914154,17.5547117590904,6.10374671220779,3.26663684844971,1.31655699014664,37.004015058279,0,0.796913981437683,17.1093792021275,31.9291266798973,0,2.67513489723206,0,0,0,34.0843151807785,1498.33014905453
61.7106741070747,4.29219454526901,42.6091747283936,823.645013809204,839.89582028985,0,3262.72892698646,14922.3842594922,364.962936550379,21599.5837088823,926.703301072121,11045.449524641,44.4647842943668,1924.42653429508,3070.97441786528,8.10110351443291,25.0239003002644,252.788946777582,119.199064642191,669.810275346041,32.3697466552258,4.71954840421677,147.508252948523,345.791188031435,4.351149559021,462.123938679695,178.868323385715,3679.10573285818,702.425937145948,537.146573364735,11.170227766037,281.079079836607,4.29848736524582,757.005490332842,6013.54805079103,2772.59185039997,143.370753109455,533.432987213135,223.081807762384,6706.3048145473,4096.23118317127,377.8089402318,351.856828063726,12.6371824145317,85.9523985981941,14.3530144095421,967.78050506115,38.2205983400345,2.7252813577652,0,1.52977603673935,4.31861934065819,263.003311485052,47.9109063148499,94.8475482165813,46.5770864486694,54.4320041239262,179.537647157907,315.48763525486,7.1463631093502,269.91612136364,1.98557543754578,53.171136200428,387.835597485304,17.2555600404739,1.4757924079895,0,0.940688490867615,99.7147348225117,6.9600647687912,3.48602706193924,1.55785518884659,638.403065651655,1.31057190895081,4.64157700538635,26.3839587271214,504.783453941345,64.7269084751606,4.76790118217468,0.39387571811676,2.8823416531086,13.4785883426666,359.809345126152,385.983220458031
4818.19547206163,0.408507883548737,1044.24215602875,104.551646500826,10.4428803324699,3262.72892698646,0,19215.7484770268,243.14457654953,16289.6587095559,563.227572709322,629.534637361765,22.4582259654999,51593.6202377975,256.524630606174,6.10708999633789,100.811542719603,213.036870330572,149.332971692085,89.4063596129417,542.151935428381,1.14783692359924,2028.06098353863,4709.52776417136,1.33014813065529,517.115746676922,366.561411499977,78881.1916174889,5312.64902824163,5609.80616316199,5.49559906125069,145.156253218651,169.046093970537,1927.28029415011,681.268135339022,3379.31968340278,216.441296815872,1681.2324078083,886.741178333759,1130.62095156312,1056.95398953557,239.541095077991,249.856771945953,10.351184874773,62.0808807909489,18.8861144185066,148.22529399395,28.6442906856537,1.0400165617466,0,0.601724684238434,0.548136532306671,35.7435674667358,0,11.5151172876358,36.0789865255356,19.9962632358074,70.3708928525448,72.0356042683125,0.504659354686737,21.0077680945396,0.508396923542023,13.4885544478893,31.4671900868416,45.4836295545101,0.89359974861145,0,0,24.714683175087,15.8834993541241,6.2606086730957,49.8485539853573,450.405087798834,0,0,121.90658313036,355.10532310605,53.6441079378128,12.6820419430733,0,1.62090361118317,1.08107686042786,164.290230304003,122.987338334322
754.222193270922,2.09353989362717,347.906800746918,434.9554515481,64.4477578401566,14922.3842594922,19215.7484770268,0,229.727535068989,15372.0053219497,815.491295397282,5653.0491104126,41.6090330779552,15641.4787269235,540.146802872419,37.400336176157,366.086006700993,206.979245692492,150.613312661648,669.260191053152,320.638854324818,2.07769119739532,1669.70360353589,400.361718609929,3.92191880941391,782.715176820755,181.304054558277,3669.39119145274,1315.81233739853,5176.74565985799,8.87163105607033,274.09765073657,31.127301543951,1127.79010748863,481.307014614344,1799.10460045934,125.981984555721,1064.36754408479,515.551579326391,1473.26498875022,735.427946835756,264.175743192434,641.909545183182,4.82449966669083,199.925180077553,16.4024213552475,842.34690374136,92.7049697637558,2.28212141990662,1.55670595169067,3.10616624355316,0.393588244915009,221.700306117535,28.405552983284,47.1419898867607,106.26212066412,52.5056511163712,145.698783874512,224.103091955185,2.29530972242355,111.639834195375,0.420184254646301,21.1041598320007,204.857317328453,38.3355551362038,0,0,0.8564133644104,74.3681980073452,9.81878560781479,4.49144598841667,6.42736020684242,1360.96932026744,1.07685375213623,6.13771295547485,25.9270678460598,922.98782786727,83.3077774643898,8.99564105272293,0,0,14.2735773921013,358.555347889662,56.6630195379257
7.12424570322037,1040.78636148572,4.83670330047607,1961.28538653255,363.893371105194,364.962936550379,243.14457654953,229.727535068989,0,2032.34507617354,94.9033844769001,1485.72988444567,540.287856787443,208.116501122713,4717.18548420072,162.737071067095,5.67586302757263,22.7886344492435,18.6655986607075,461.685811281204,23.740751594305,6378.70271199942,30.1137973368168,42601.6509111226,1032.56957086921,70.979634732008,3825.59573933482,6158.32734394073,425.563289612532,224.168618023396,84.7672423422337,59.480834454298,53.6089904010296,300.501437336206,199.433243960142,1127.5056849122,67.9208314716816,227.603038907051,69.9245206415653,1666.56182393432,172.959316194057,67.6950347721577,1019.75966268778,75.9001155793667,288.460169613361,97.8921813964844,578.691501587629,67.5003364980221,1.81717783212662,9.22073152661324,9.75755923986435,9.47051480412483,1220.79358744621,51.7229600548744,94.7013449072838,169.430960804224,161.139936476946,5243.9031303525,1419.40352424979,39.3218190670013,333.88916733861,9.42776957154274,215.2641505301,222.194605946541,810.392179280519,1.36235409975052,26.2069225907326,2.54081511497498,305.803731054068,54.1627579927444,914.697605907917,69.9237666428089,5363.19631794095,5.48774033784866,75.1301778554916,137.944703042507,3026.79153588414,478.147883027792,89.2560320496559,2.23391616344452,8.67362406849861,31.9603348374367,280.54309874773,302.168332278728
54.6047404110432,5.27201282978058,13.6385674476624,6313.9751316011,58.4996072351933,21599.5837088823,16289.6587095559,15372.0053219497,2032.34507617354,0,889.266201585531,6681.47740116715,37.5077404677868,6210.61769381166,556.454880863428,1.9918158352375,4.79381251335144,333.015024423599,209.31987658143,7444.88455507159,11.6258841454983,2.02705258131027,24.2075819373131,412.628546148539,6.76791524887085,540.809601485729,198.162294626236,10928.6263386607,2321.34729909897,246.828864961863,6.65802881121635,197.443088173866,6.13412126898766,1701.93588238955,1214.44202923775,4432.89822697639,194.213178277016,945.662074774504,188.017540127039,2741.71172741055,858.842257738113,426.429511457682,899.756785780191,10.284436404705,313.143985301256,14.8543848991394,2940.58768975735,169.101377218962,2.76689952611923,1.88144552707672,0,0,1941.33399581909,153.489620000124,309.459640175104,236.640373319387,274.777307629585,995.276945799589,2622.02676969767,0.538148045539856,1109.29148060083,1.6105343401432,108.501654028893,1112.66375899315,34.4662224650383,0,0.667949497699738,1.85063976049423,778.84938660264,11.9432246088982,3.02499437332153,8.40091502666473,2948.9272415936,1.84444379806519,28.3268519937992,27.8374871015549,3222.55263990164,134.855584919453,5.14630097150803,3.34046876430511,0,7.00824081897736,774.41015407443,104.777110308409
32.5252233743668,255.450176656246,111.385815531015,104.383965432644,18.4127654135227,926.703301072121,563.227572709322,815.491295397282,94.9033844769001,889.266201585531,0,851.967454910278,3967.38007777929,1325.12506076694,243.459279179573,90.4541449248791,161.961421012878,13380.8674134612,3089.15637257695,126.069777458906,124.716598600149,50.7552318274975,435.862927079201,224.901132404804,1016.08755922318,3061.2618342638,1321.92421367764,625.892657786608,2780.45195636153,301.29456615448,271.979016244411,526.290491372347,5.55467328429222,6774.3690404892,505.618909627199,3188.54044267535,7217.15541768074,8409.57176235318,2138.50257179141,832.372664660215,578.118012934923,6911.08648699522,79.0298680365086,2005.93013650179,141.624593019485,41.1781192719936,33.3036127686501,0,1324.76273810863,0,86.9774824678898,8.63350456953049,3.2877704501152,0,4.5240473151207,0.857425689697266,0,55.4495365917683,0.655768632888794,2274.63231301308,5.14824199676514,7556.51356422901,0,6.12274214625359,74.8622224628925,1.17109167575836,7.57021728157997,4.20733600854874,1.09130561351776,1.48358058929443,44.3579442203045,52.5017243623734,97.3985373973846,440.610452592373,2473.25220197439,2296.01353430748,31.7259809374809,0,2.37645986676216,3657.35947826505,0,2.33882009983063,1745.04736506939,162.671843856573
16.1846015453339,1.445856153965,10.4548453688622,8857.56420254707,380.080785423517,11045.449524641,629.534637361765,5653.0491104126,1485.72988444567,6681.47740116715,851.967454910278,0,43.8420630991459,3246.84367731214,4717.59661585093,0.477510184049606,5.0264356136322,266.252934426069,184.846545964479,15532.8960556686,6.92175489664078,1.88878428936005,16.5220749974251,725.813605219126,4.8941325545311,555.941274493933,242.777238279581,5642.87253269553,1407.7105012536,160.620903074741,9.53723984956741,214.555814027786,3.21062499284744,1207.16062235832,6446.9833163321,1848.6539157033,115.783461540937,632.638499081135,113.242906957865,3531.57984019816,416.190847992897,268.15112632513,464.698909282684,10.8864048719406,160.302420407534,18.4451254010201,1697.50024241209,88.1714482605457,1.44549888372421,0,1.33404970169067,0,1066.02760857344,91.7546229362488,270.74745029211,117.130663067102,122.294701695442,435.484997719526,1079.62639641762,2.21281319856644,1188.80040162802,0.585397362709045,77.6107148230076,663.521352678537,12.6127379536629,0,2.42973178625107,0,474.312822133303,5.06502997875214,2.93444573879242,4.96567568182945,1052.02819082141,0,20.5856940150261,19.0936538279057,1155.93247562647,78.7119878232479,4.72290998697281,3.11383330821991,3.37954553961754,4.59653449058533,351.122407734394,2436.22857123613
5.27583754062653,3302.28303331137,1.75951862335205,4.93825590610504,2.25118798017502,44.4647842943668,22.4582259654999,41.6090330779552,540.287856787443,37.5077404677868,3967.38007777929,43.8420630991459,0,39.1981716156006,17.0025066435337,220.862036734819,2.2456693649292,0.379421174526215,0.560477435588837,3.25698462128639,11.061788469553,824.822702586651,35.0581853687763,554.276372879744,6293.60187754035,93.0348917841911,776.885061889887,29.3759935498238,42.3518556654453,15.1382895410061,812.062680244446,18.9122407436371,0,259.240495622158,5.96598318219185,45.0018418729305,2308.77365088463,429.181194037199,28.3823429346085,46.2893994450569,18.3089964687824,4712.16959893703,74.6164253950119,2288.58441916108,153.43526211381,38.9618985950947,6.58080860972404,1.36524605751038,3104.22453007102,0,258.375190794468,0,0,0,0,0,0,57.0194035768509,0,4442.75943958759,0.718988835811615,13394.887244314,0,0.988168478012085,71.1428261101246,0,6.57068240642548,13.3683321475983,0,3.19062900543213,78.2250864505768,6.04625311493874,112.477375984192,1488.07841220498,1992.00090655684,3455.23414501548,11.2901502847672,3.27415624260902,0,3564.46163484454,0.602963626384735,0,1549.23943907022,0.472018420696259
11756.1388376653,0.844566822052002,741.2051422894,369.339978694916,42.1270079016685,1924.42653429508,51593.6202377975,15641.4787269235,208.116501122713,6210.61769381166,1325.12506076694,3246.84367731214,39.1981716156006,0,416.432743251324,94.8546048402786,1975.52401506901,448.348779886961,470.263930946589,492.539064377546,1198.11159518361,8.77779212594032,4554.72982001305,827.063221901655,4.98948383331299,2214.86129662395,518.83188572526,4600.7206390202,15917.5215299428,23362.5762840211,17.8973160684109,162.3323392272,377.102054148912,3278.99426680803,241.12728998065,1898.64330011606,151.748857498169,2320.35408329964,920.733508735895,843.920762300491,559.638798415661,257.095502763987,564.023895591497,12.1082495450974,125.046313494444,10.4180755019188,543.578822433949,30.9519127905369,6.57624864578247,0,3.17244529724121,2.32426834106445,75.5871481001377,2.54828494787216,24.6466450989246,66.4245693087578,11.4788001179695,163.681880444288,56.3574095964432,5.44678550958633,63.9231784343719,3.11887496709824,11.0011263489723,131.230824440718,135.92319715023,0,0,5.65289783477783,27.4944901168346,34.3911733329296,24.2880815267563,29.0450128912926,1072.16815125942,0.66802179813385,32.6296615600586,49.8775050938129,687.854296028614,28.5286626517773,8.11067625880241,0.50924676656723,0,14.0778928101063,251.154872983694,48.7869555056095
4.91562288999557,19.3739982545376,8.32775419950485,392.852130830288,2256.46565520763,3070.97441786528,256.524630606174,540.146802872419,4717.18548420072,556.454880863428,243.459279179573,4717.59661585093,17.0025066435337,416.432743251324,0,51.4678092002869,10.2949896454811,49.7507827877998,27.2888328135014,340.166567265987,161.252017885447,52.2531597018242,283.515778243542,2914.91361653805,26.3132069706917,126.618036925793,229.163215726614,1580.39325705171,310.605817914009,218.531588703394,8.67319589853287,198.334855794907,12.8628843426704,265.673037409782,2078.84157761931,992.164559483528,159.616461277008,200.030560940504,163.225725293159,6404.39354556799,213.880317777395,154.392251819372,406.069951951504,25.1382722854614,96.4460539221764,37.9081036448479,962.973960459232,33.4051392674446,3.95066767930984,0,0,0.583691895008087,196.299458831549,33.0227982997894,100.345584750175,43.6047811508179,49.1916204690933,180.06717723608,288.984517633915,3.60795611143112,194.430826187134,0,71.8056310713291,315.21928280592,44.7296668887138,0,3.60247564315796,0,98.3632645905018,12.0354813635349,12.8807648420334,19.0967998504639,569.356164783239,0,4.59975296258926,23.0609384477139,408.373663574457,81.589123994112,20.5754225850105,0.467167168855667,3.16677582263947,7.13860017061234,224.466172516346,1467.36211192608
15.0890895724297,2171.00184252858,256.714120537043,0,6.70368039608002,8.10110351443291,6.10708999633789,37.400336176157,162.737071067095,1.9918158352375,90.4541449248791,0.477510184049606,220.862036734819,94.8546048402786,51.4678092002869,0,230.513463973999,23.1151191592216,70.6067483723164,0,6247.22755363584,11278.0756285489,5184.28387263417,3432.21771273017,621.222941756248,272.389763772488,13940.8502944708,926.051026850939,40.2787325680256,248.437953561544,38.066786468029,1.50216653943062,1.76243758201599,686.636336475611,1070.91266989708,8273.11604443192,1618.19049140811,2994.53737193346,4020.38466674089,386.468309819698,93.2354260087013,170.070915400982,4823.68549990654,615.585587710142,868.742210388184,1292.09210252762,217.225995689631,41.4067870378494,1.17659813165665,4.69732177257538,18.7290886938572,67.2710267007351,6.90380656719208,11.8835740089417,2.88723438978195,131.296804308891,28.050489127636,296.495431184769,6.84991782903671,4.52266874909401,3.19086891412735,1.76632019877434,64.7071814835072,45.1267120540142,14143.132727325,9.35689553618431,2.2931877374649,11.7217781543732,0.936855286359787,721.19451020658,2910.95507514477,3916.74669274688,1418.79916754365,3.80981355905533,29.1928423941135,1552.89250400662,1592.47694449127,59.5876257717609,197.397197514772,0,0,3.99456876516342,616.763009548187,870.710471987724
494.462857156992,91.6331070959568,19710.3370199203,0.425856500864029,3.30098116397858,25.0239003002644,100.811542719603,366.086006700993,5.67586302757263,4.79381251335144,161.961421012878,5.0264356136322,2.2456693649292,1975.52401506901,10.2949896454811,230.513463973999,0,110.376466482878,7214.83535388112,0,5177.32538056374,35.3736694455147,13830.2458741963,57.6742520034313,2.88243708014488,16637.4803340137,31062.0370579362,374.151645511389,1960.10410639644,8100.38376069069,0,7.31659388542175,86.4220871925354,923.870090842247,168.954240471125,3079.99689817429,2712.70440113544,822.14305382967,1355.29205426574,67.812904804945,49.428839802742,18.5072830617428,775.433007150888,715.574008971453,410.24691554904,291.137780040503,17.7036324739456,5.87890666723251,0,0.524239063262939,99.7644613683224,454.026684254408,0,0.578819692134857,0,15.5853487551212,0,2.93357014656067,0,24.5675257742405,0,0,4.34040296077728,1.81613612174988,136.558234721422,573.361316949129,34.27688190341,448.336686491966,0,32.3017468750477,19.5832504034042,245.626873493195,7.59251880645752,7.96119067072868,1425.06134998798,7218.00953617692,16.8850973248482,2.23595005273819,19.199481010437,0,0,0,250.031790047884,93.6980617642403
15.1253939568996,2.25258934497833,101.314725250006,29.3665334880352,7.96585381031036,252.788946777582,213.036870330572,206.979245692492,22.7886344492435,333.015024423599,13380.8674134612,266.252934426069,0.379421174526215,448.348779886961,49.7507827877998,23.1151191592216,110.376466482878,0,4357.43212690949,43.648485481739,73.0835979878902,3.95491254329681,186.11054867506,69.3998544812202,0.850646555423737,1633.04653319716,755.344709932804,205.902389079332,1126.33405905962,157.739644795656,0,107.112310618162,4.77563941478729,2259.09860739112,272.07813051343,2991.08768939972,1229.98723357916,2936.56999653578,2164.79692193866,261.133455902338,104.435515135527,36.2455656826496,15.6712855994701,10.9521262645721,10.1926907896996,6.42160594463348,1.80882823467255,1.1879631280899,0,0,5.02590128779411,5.31296122074127,1.36044481396675,0,0,0,0,11.3145489096642,0,0.619166791439056,0,0,0,0,12.3020317256451,6.15140861272812,0,6.08012509346008,0,0,1.79475682973862,9.93073102831841,3.602075278759,0,91.5801993906498,179.737625837326,0,0,0.691899359226227,1.95115572214127,0,0,15.880930185318,121.454547345638
65.8110788166523,34.4900188446045,750.978210061789,12.9117264449596,6.15734738111496,119.199064642191,149.332971692085,150.613312661648,18.6655986607075,209.31987658143,3089.15637257695,184.846545964479,0.560477435588837,470.263930946589,27.2888328135014,70.6067483723164,7214.83535388112,4357.43212690949,0,23.6456775665283,570.748097836971,16.6012435555458,1004.98286056519,57.8510218560696,8.50170680880547,9527.71449524164,9496.09040889144,192.132299721241,929.685126364231,601.683771967888,0,40.902871876955,8.10404127836227,3599.89877507091,336.038387089968,5521.14238664508,8790.46858599782,1978.9007961452,3188.1351287961,155.002911329269,58.3522607088089,27.560995310545,264.379555284977,246.793207794428,155.386445254087,115.519783824682,8.15472242236137,2.07099151611328,1.26730042695999,0,91.9428796172142,68.0413503646851,0.496498137712479,0,0,2.52142921090126,0,8.92267620563507,0,10.5625732243061,0,2.84632951021194,0.550309538841248,1.22170042991638,44.6320029199123,99.8339697420597,28.9511182308197,263.557605952024,0,5.23317092657089,4.6856646835804,69.7263931334019,10.4466006159782,8.82921659946442,1852.73164218664,3126.98192828894,2.48263174295425,3.49214550852776,0.363254725933075,40.1316258907318,0,0,79.6127732396126,133.06734880805
8.07405158877373,1.38792043924332,3.60639518499374,26278.6480267346,31.7432871460915,669.810275346041,89.4063596129417,669.260191053152,461.685811281204,7444.88455507159,126.069777458906,15532.8960556686,3.25698462128639,492.539064377546,340.166567265987,0,0,43.648485481739,23.6456775665283,0,0.399710118770599,1.39189279079437,0,264.464924693108,3.87524545192719,76.6733067035675,36.3215534687042,4999.47296622396,239.633795917034,31.1688099503517,0.775335848331451,27.3637848198414,2.30705237388611,203.116126090288,21.7760512828827,503.131446868181,21.1804067492485,103.450415998697,16.8492359519005,457.293363064528,65.9133829474449,61.9981434941292,244.83640229702,0,88.6071899533272,4.82730567455292,684.175562083721,54.7086880505085,0,0,0,0,634.906902521849,38.910201728344,70.8272615373135,62.5244677662849,88.1761180758476,191.574287623167,701.036228686571,0.618407547473907,276.957859843969,0,59.5591802000999,293.809691131115,4.8117755651474,0,0,0,202.167610377073,6.29405277967453,0,1.09212189912796,511.01834911108,0,0,1.57046365737915,723.273524612188,54.9264508485794,0,0.519382357597351,0.905733436346054,3.18251121044159,193.199720561504,4.10261249542236
231.840897113085,34.2097513377666,4299.62897571921,1.07649302482605,4.36422854661942,32.3697466552258,542.151935428381,320.638854324818,23.740751594305,11.6258841454983,124.716598600149,6.92175489664078,11.061788469553,1198.11159518361,161.252017885447,6247.22755363584,5177.32538056374,73.0835979878902,570.748097836971,0.399710118770599,0,430.745016157627,77641.7267258465,4708.71472346783,14.9884424507618,3390.99899104238,2405.49165722728,33587.8689598441,1778.05013987422,39519.8528163731,0.984057068824768,5.60688814520836,266.012468785048,13879.2296934128,2009.10060119629,8987.43512165546,939.706637829542,12319.6421665549,6734.0223723352,462.533684462309,353.555093437433,275.975456207991,1882.97168710828,171.412861227989,193.664315074682,167.415667057037,79.5930201411247,20.543815433979,3.68344390392303,5.01035130023956,1.96345686912537,9.71397107839584,4.63451772928238,3.95686995983124,2.78593388199806,126.122619569302,38.2606812417507,108.943410873413,3.91405719518661,0,5.19554769992828,0,78.8335647881031,14.5848336815834,2773.16779130697,1.93411907553673,0,4.66472309827805,0.518912136554718,613.575590282679,387.019288301468,463.224820226431,701.08239158988,0.517798662185669,8.43301883339882,391.463488638401,1338.26612439752,65.3734518885612,203.70690497756,0,0,6.95734280347824,456.810460031033,575.951179772615
1.21395653486252,2807.9185256958,25.5605414509773,2.29117357730865,8.99702870845795,4.71954840421677,1.14783692359924,2.07769119739532,6378.70271199942,2.02705258131027,50.7552318274975,1.88878428936005,824.822702586651,8.77779212594032,52.2531597018242,11278.0756285489,35.3736694455147,3.95491254329681,16.6012435555458,1.39189279079437,430.745016157627,0,757.645756393671,13651.3658272624,1485.4329945147,58.3618071675301,19364.5914809406,146.972479373217,10.4284378886223,19.6146232485771,110.457071095705,0,1.45873633027077,63.5927416086197,48.677158921957,323.823087543249,93.5117672383785,115.72039526701,123.177559614182,40.4463672041893,8.24074140191078,27.4147857427597,1197.14161077142,129.148957133293,216.102900207043,316.324640244246,58.2722899913788,8.70713794231415,7.96248143911362,0.933874636888504,278.268056511879,39.5690641701221,4.12605130672455,6.74603462219238,2.19876039028168,39.3438546359539,14.223993986845,316.831322729588,4.82850033044815,15.5627526044846,1.96900236606598,23.2680749595165,17.078575193882,25.4479551315308,2923.13537067175,23.3511469364166,2.07710510492325,25.355296432972,1.516481757164,193.91964507103,2575.4164198637,450.915310412645,990.310286790133,8.5140580534935,55.9779817163944,2645.90226373076,746.970430225134,28.7350991070271,52.6253492534161,3.16082817316055,0,2.09925955533981,50.7629923522472,197.686993539333
814.918496549129,118.336886256933,38096.5915993154,0,7.69770753383636,147.508252948523,2028.06098353863,1669.70360353589,30.1137973368168,24.2075819373131,435.862927079201,16.5220749974251,35.0581853687763,4554.72982001305,283.515778243542,5184.28387263417,13830.2458741963,186.11054867506,1004.98286056519,0,77641.7267258465,757.645756393671,0,714.801829487085,42.7712042629719,21160.8390662372,39798.5729313493,11476.9204987884,2044.78616392612,14204.4062154293,3.42236462235451,23.3798542618752,111.968811929226,9931.28078377247,3939.18613234162,22551.7870212495,8122.3419739902,18955.5202031434,19493.5606782734,1490.65167292953,396.360266566277,366.886405915022,3709.89797818661,536.250318348408,1201.45618543029,1432.29052394629,171.33241891861,26.1374399065971,0.948455452919006,1.66229084134102,11.1096424758434,168.796107858419,2.21375277638435,6.83874773979187,3.65011793375015,243.046980455518,18.815471470356,124.829611033201,2.24171888828278,9.54354962706566,4.67547011375427,1.19029438495636,75.0507405549288,24.5036589503288,9279.226123631,93.9940653145313,14.6166996359825,42.5732722878456,1.25654947757721,488.249924719334,1132.60279920697,5974.87216508389,638.010031878948,3.48713880777359,95.3003301024437,9351.47112059593,871.470421209931,23.1745310127735,209.482121944427,0.673229455947876,0,4.57185840606689,1221.17430537939,1495.84989893436
79.5956577956676,2077.56455883384,53.9875239729881,1505.41677644849,327.480254530907,345.791188031435,4709.52776417136,400.361718609929,42601.6509111226,412.628546148539,224.901132404804,725.813605219126,554.276372879744,827.063221901655,2914.91361653805,3432.21771273017,57.6742520034313,69.3998544812202,57.8510218560696,264.464924693108,4708.71472346783,13651.3658272624,714.801829487085,0,1363.18508264422,253.167583942413,5680.7160859704,11043.4228298962,3028.62896257639,4178.60018157959,87.342388510704,89.7036162614822,430.53163638711,1551.32532837987,1705.26869049668,8306.25317642093,675.955293029547,1771.75309348106,940.404620230198,1985.6151753962,998.59701192379,468.303713262081,11651.863858372,517.172332167625,2927.06459078193,536.700282812119,4262.07156077027,951.273454338312,11.0975784957409,64.061331152916,49.7395279109478,20.3822214007378,1478.78135454655,80.7928977012634,263.172396421432,1143.29490509629,902.111347645521,6731.66906267405,2395.86676543951,46.9823343753815,586.601786136627,25.75827267766,1275.34122243524,607.486780941486,3284.71984270215,3.8026040494442,6.41059818863869,6.24940571188927,492.283808201551,679.540993571281,3543.51995292306,321.664451241493,21801.5225654542,18.7248111069202,13.2913985550404,292.202497333288,13336.1991764009,3050.08644101024,784.102366358042,0,40.0644800662994,273.514158934355,2530.12987434864,1532.61759588122
0,4254.84665828943,2.58109402656555,3.42788296937943,2.67506986856461,4.351149559021,1.33014813065529,3.92191880941391,1032.56957086921,6.76791524887085,1016.08755922318,4.8941325545311,6293.60187754035,4.98948383331299,26.3132069706917,621.222941756248,2.88243708014488,0.850646555423737,8.50170680880547,3.87524545192719,14.9884424507618,1485.4329945147,42.7712042629719,1363.18508264422,0,470.124386608601,7502.32427617908,18.8561114668846,1.6424911916256,1.03146743774414,645.042938172817,1.79146158695221,0,60.0614356100559,2.35713523626328,33.8305401802063,116.66047680378,23.7540920376778,10.7885672152042,16.8526463210583,1.34655725955963,296.553381919861,93.8476386070251,203.260161489248,52.0979897379875,42.6996824145317,2.86289167404175,0,160.397880673409,0,872.218101203442,2.50157687067986,0,0,0,0,0,16.0994976460934,0,377.432253926992,0,2261.08216950297,1.85157006978989,0,41.1955553293228,7.62773215770721,1.9006062746048,45.4831168055534,0,10.4804832041264,45.3784648478031,5.49293005466461,50.611861884594,1826.26861768961,772.228102505207,3916.87791770697,17.1080583930016,1.37277448177338,0,527.778146743774,0,1.09636378288269,105.248030036688,5.11128962039948
370.64245262742,168.675918757915,56271.3119075298,56.1868376731873,18.1006473302841,462.123938679695,517.115746676922,782.715176820755,70.979634732008,540.809601485729,3061.2618342638,555.941274493933,93.0348917841911,2214.86129662395,126.618036925793,272.389763772488,16637.4803340137,1633.04653319716,9527.71449524164,76.6733067035675,3390.99899104238,58.3618071675301,21160.8390662372,253.167583942413,470.124386608601,0,26154.0597140491,759.942933350801,2450.09842178226,2566.76121664047,388.639973312616,161.275995284319,28.9640913307667,4697.66942676902,1257.28600245714,15870.8055041134,14582.7460395098,8289.68567630649,8274.61234948039,757.937937945127,394.025006890297,230.774677991867,1307.94045966864,2270.67533415556,706.618307232857,578.542637944221,34.2852747738361,16.4868424534798,91.2166382074356,0,833.265258520842,300.740388602018,0.566428184509277,0,0.874683141708374,2.2693504691124,0,31.2499158680439,0,494.068359524012,1.23105561733246,1439.35025626421,3.29866543412209,0,116.08425962925,459.238046258688,172.754643470049,975.714234679937,0,29.0217976570129,29.6832079589367,133.741207301617,15.0395674705505,660.739172369242,18687.6329346895,25016.6362528801,4.76071017980576,14.4941432476044,18.3084572851658,2986.42365473509,0,0,403.042802631855,541.2102201581
77.2309854626656,18270.7217930257,17331.3584598601,27.4549994170666,62.8180949389935,178.868323385715,366.561411499977,181.304054558277,3825.59573933482,198.162294626236,1321.92421367764,242.777238279581,776.885061889887,518.83188572526,229.163215726614,13940.8502944708,31062.0370579362,755.344709932804,9496.09040889144,36.3215534687042,2405.49165722728,19364.5914809406,39798.5729313493,5680.7160859704,7502.32427617908,26154.0597140491,0,2061.06074786186,930.951424270868,657.939586669207,87.4899817705154,23.9823643565178,7.43855065107346,12941.0259757042,2865.65444853902,43862.7745542228,13170.9093065858,15853.7092574835,22148.0038612485,912.002728790045,274.396033495665,186.04775044322,11747.9309204519,4881.88768717647,5871.51756587625,4952.70434316993,292.33001768589,82.356121391058,85.7700647413731,6.47492998838425,10735.3710065484,3869.365819484,3.10655429959297,19.2664973139763,4.21072149276733,539.502769783139,33.9801000207663,390.228506058455,6.05349904298782,686.963000744581,12.4358984827995,1221.02795776725,221.490260124207,36.1320384442806,5396.22225138545,4707.0684016943,597.156303346157,4887.46040523052,4.18081039190292,904.60657428205,2777.10302820802,7486.23471568525,1076.8588744998,1962.27938529849,29786.4362758994,161727.760024384,674.062559321523,76.6374396681786,459.357902020216,1791.63749858737,0,2.03583443164825,2523.11866492033,1696.85484492779
158.660297900438,29.6899889111519,1489.97481030226,5379.42726758122,112.076964646578,3679.10573285818,78881.1916174889,3669.39119145274,6158.32734394073,10928.6263386607,625.892657786608,5642.87253269553,29.3759935498238,4600.7206390202,1580.39325705171,926.051026850939,374.151645511389,205.902389079332,192.132299721241,4999.47296622396,33587.8689598441,146.972479373217,11476.9204987884,11043.4228298962,18.8561114668846,759.942933350801,2061.06074786186,0,6397.35849896073,24973.2702663839,8.59231862425804,169.168613523245,620.80504155159,5375.23524987698,2747.63694965839,11968.1640935838,922.559767335653,6226.2679695189,2883.72727945447,3288.70192393661,2482.16403830051,777.138070940971,4928.88320627809,274.181437432766,993.304935902357,218.212418705225,3482.25205430388,478.632557749748,5.57926368713379,29.7224454879761,8.17440873384476,12.3783828616142,2341.69425594807,120.70917737484,273.684948325157,749.357868283987,614.374898165464,2188.44885572791,3605.88919106126,1.20449864864349,1071.59683272243,2.05425873398781,509.84647294879,906.86333528161,1150.15230667591,4.98302620649338,0.477021872997284,2.17688617110252,867.69351631403,364.950132906437,292.19334974885,261.295220583677,7574.01935172081,1.52781838178635,5.70608788728714,374.524533569813,7450.22976604104,918.942239999771,472.067483156919,0.893521249294281,5.36142098903656,71.1537727713585,1505.94938597083,747.995725035667
3160.66545519233,0.86107063293457,221.608276039362,326.944429904222,48.2451525628567,702.425937145948,5312.64902824163,1315.81233739853,425.563289612532,2321.34729909897,2780.45195636153,1407.7105012536,42.3518556654453,15917.5215299428,310.605817914009,40.2787325680256,1960.10410639644,1126.33405905962,929.685126364231,239.633795917034,1778.05013987422,10.4284378886223,2044.78616392612,3028.62896257639,1.6424911916256,2450.09842178226,930.951424270868,6397.35849896073,0,30359.526533246,15.3517314791679,398.766214936972,5624.52026769519,11958.4409278929,261.47979131341,1880.13850820065,179.654806494713,2753.56493842602,554.916283071041,557.570117682219,1392.97010940313,275.397248983383,557.778823316097,15.6276671588421,121.817023336887,15.9128192663193,325.377962708473,16.464160323143,1.88187992572784,2.88228383660316,1.15253269672394,4.34068608283997,22.6014099121094,1.76293194293976,11.7978947162628,33.1913016438484,7.60349524021149,192.590009868145,24.5280812382698,3.25361752510071,21.0630620419979,6.14778101444244,9.10257917642593,60.0986723005772,56.5542002618313,7.36212158203125,3.81319451332092,14.1437610983849,7.49789467453957,23.0935660302639,14.7278114557266,8.2023161649704,1115.34903329611,1.8138974905014,50.4003808498383,161.417083531618,519.859783470631,41.3165377080441,17.5014175474644,2.39407420158386,0,12.9612949490547,218.941710323095,50.7752930521965
10511.0146895945,2.98998841643333,821.192786902189,24.0973981022835,6.05736416578293,537.146573364735,5609.80616316199,5176.74565985799,224.168618023396,246.828864961863,301.29456615448,160.620903074741,15.1382895410061,23362.5762840211,218.531588703394,248.437953561544,8100.38376069069,157.739644795656,601.683771967888,31.1688099503517,39519.8528163731,19.6146232485771,14204.4062154293,4178.60018157959,1.03146743774414,2566.76121664047,657.939586669207,24973.2702663839,30359.526533246,0,4.11494189500809,84.5205976366997,2631.97677403688,8620.66219973564,1346.68957808614,4378.38738748431,349.164388686419,5325.08557650447,1581.51834833622,416.213805019855,1009.29674762487,256.465293705463,1603.91994434595,85.3708424568176,205.617248773575,71.8286427855492,185.77334100008,44.3070515990257,0.826776027679443,7.42720165848732,0.854104816913605,2.38990741968155,5.47817975282669,0,0.997509658336639,102.740468263626,48.6279642879963,116.422126114368,3.98260360956192,0,4.01564675569534,0,57.878596663475,18.5109556913376,805.448412537575,1.04592388868332,0,1.87981793284416,0,225.287540853024,166.23211851716,95.5330693721771,821.832451283932,0,3.95353391766548,44.7694497108459,991.838215082884,105.24271517992,60.6339410245419,0,0,17.0631475746632,307.367218494415,367.585561990738
0,169.512337267399,0,0.482992082834244,0.541683077812195,11.170227766037,5.49559906125069,8.87163105607033,84.7672423422337,6.65802881121635,271.979016244411,9.53723984956741,812.062680244446,17.8973160684109,8.67319589853287,38.066786468029,0,0,0,0.775335848331451,0.984057068824768,110.457071095705,3.42236462235451,87.342388510704,645.042938172817,388.639973312616,87.4899817705154,8.59231862425804,15.3517314791679,4.11494189500809,0,7.58732157945633,0,32.186421662569,9.6855585873127,90.0264432132244,494.070938140154,184.162457853556,37.1877293288708,11.2083802819252,8.26429802179337,74.5684920847416,19.9653719067574,775.854743301868,93.8059809505939,23.5651752948761,0,0,128.01040276885,0,42.8791502416134,0,0,0,0,0,0,2.40556752681732,0,476.384660184383,0,2377.31090798974,0,0,3.87328040599823,0,5.46133118867874,5.48179775476456,0,0,8.07806587219238,0,2.91521030664444,375.535663187504,3202.55740618706,4137.23863893747,0,0,0,2321.5881985724,0,0,32.169248342514,3.99734568595886
8.1211713552475,2.25421619415283,2.66315311193466,28.166756182909,1112.31030324101,281.079079836607,145.156253218651,274.09765073657,59.480834454298,197.443088173866,526.290491372347,214.555814027786,18.9122407436371,162.3323392272,198.334855794907,1.50216653943062,7.31659388542175,107.112310618162,40.902871876955,27.3637848198414,5.60688814520836,0,23.3798542618752,89.7036162614822,1.79146158695221,161.275995284319,23.9823643565178,169.168613523245,398.766214936972,84.5205976366997,7.58732157945633,0,0,4836.77043807507,59.8846402168274,467.228378653526,40.6435462832451,168.480911791325,52.9773617684841,1010.9805496037,9431.12938579917,98.5768041908741,11.822455227375,0,0,0.647773444652557,43.5383064448833,0,0,0,0,0,9.31571713089943,0.722954452037811,4.36683517694473,0.328023135662079,0,4.86515134572983,3.35039210319519,2.40146684646606,12.1596891283989,0,0,17.4228616654873,0.939405977725983,0,0,0,0.501549899578094,0,0,0,50.57990193367,0,2.42971658706665,6.26969945430756,19.7638063132763,0,0,0,0,0,59.1120964586735,12.307546377182
71.0186723172665,0,3.97676831483841,4.75544393062592,0.671833992004395,4.29848736524582,169.046093970537,31.127301543951,53.6089904010296,6.13412126898766,5.55467328429222,3.21062499284744,0,377.102054148912,12.8628843426704,1.76243758201599,86.4220871925354,4.77563941478729,8.10404127836227,2.30705237388611,266.012468785048,1.45873633027077,111.968811929226,430.53163638711,0,28.9640913307667,7.43855065107346,620.80504155159,5624.52026769519,2631.97677403688,0,0,0,1225.00216436386,14.2852334976196,97.9728762805462,9.69392561912537,314.310228258371,33.6752992272377,14.9033675193787,41.5710428953171,5.29395997524261,82.8233626782894,0.496097058057785,34.5933356583118,3.81340029835701,45.1267719864845,3.83098137378693,0,0,2.4499306678772,0,3.97160398960114,0,0.626874029636383,14.0615283548832,3.48346984386444,15.3695373833179,4.02372199296951,0,1.64239394664764,0,6.75961121916771,6.25175505876541,1.90620875358582,0,0,0,0,0,3.24322164058685,0.56649261713028,150.029494971037,0,0,0,63.8131958246231,31.0302368700504,1.6861806511879,0,0,2.97572016716003,25.3948307931423,15.0046503543854
471.140075087547,52.947905421257,1949.5064496696,188.104333758354,68.242490619421,757.005490332842,1927.28029415011,1127.79010748863,300.501437336206,1701.93588238955,6774.3690404892,1207.16062235832,259.240495622158,3278.99426680803,265.673037409782,686.636336475611,923.870090842247,2259.09860739112,3599.89877507091,203.116126090288,13879.2296934128,63.5927416086197,9931.28078377247,1551.32532837987,60.0614356100559,4697.66942676902,12941.0259757042,5375.23524987698,11958.4409278929,8620.66219973564,32.186421662569,4836.77043807507,1225.00216436386,0,316.128061205149,3039.65644797683,1774.10628542304,1841.06389170885,1294.18119475245,609.904995828867,547.959144562483,573.303668230772,1462.52743974328,283.301600337029,521.525377362967,223.220451891422,642.478992551565,82.6474808454514,15.617224752903,0.91072940826416,82.5292980074883,202.585056185722,64.8497948348522,5.38811671733856,15.4189675450325,90.0071978867054,39.1622079610825,160.989541292191,87.1605881750584,25.3730395436287,40.8415952324867,33.7725387215614,26.9227326512337,111.037764936686,389.079473853111,229.405932188034,21.589516967535,219.866551607847,27.6329312026501,45.40382578969,74.4814170002937,433.38239595294,1289.24219217896,13.8639678955078,805.731244504452,4225.79129749537,760.818843632936,129.615554690361,31.3188331127167,4.06368154287338,0,28.7293404638767,558.43501996994,149.517918020487
44.996439486742,10.1554968953133,384.625430583954,79.7984653115273,1275.56963476539,6013.54805079103,681.268135339022,481.307014614344,199.433243960142,1214.44202923775,505.618909627199,6446.9833163321,5.96598318219185,241.12728998065,2078.84157761931,1070.91266989708,168.954240471125,272.07813051343,336.038387089968,21.7760512828827,2009.10060119629,48.677158921957,3939.18613234162,1705.26869049668,2.35713523626328,1257.28600245714,2865.65444853902,2747.63694965839,261.47979131341,1346.68957808614,9.6855585873127,59.8846402168274,14.2852334976196,316.128061205149,0,11165.4683949649,3699.67933368683,526.221601307392,5674.93723410368,796.192521631718,870.33623868227,309.116802990437,3203.05804282427,1074.15970230103,503.001999825239,2898.73598581553,224.085930854082,176.561004370451,21.2218881845474,5.23047903180122,21.9964098930359,83.8055532872677,8.12043383717537,106.109996676445,519.37633895874,41.7443082332611,199.013727009296,157.155157715082,222.56968575716,63.8141762018204,1174.84242492914,8.77069801092148,18.7932482659817,405.237721651793,710.710945606232,8.50237184762955,42.0160577893257,82.1748988330364,1.03081566095352,135.43906763196,63.0839224159718,844.268671035767,353.840976059437,0,247.692029327154,1008.95148539543,426.054179877043,19.8195164203644,99.0814232230186,14.5464496910572,3.30875062942505,7.74444454908371,264.245703667402,330783.927083075
162.612726300955,131.838118553162,5239.7616211772,520.096136331558,230.998831033707,2772.59185039997,3379.31968340278,1799.10460045934,1127.5056849122,4432.89822697639,3188.54044267535,1848.6539157033,45.0018418729305,1898.64330011606,992.164559483528,8273.11604443192,3079.99689817429,2991.08768939972,5521.14238664508,503.131446868181,8987.43512165546,323.823087543249,22551.7870212495,8306.25317642093,33.8305401802063,15870.8055041134,43862.7745542228,11968.1640935838,1880.13850820065,4378.38738748431,90.0264432132244,467.228378653526,97.9728762805462,3039.65644797683,11165.4683949649,0,34340.2117484212,6068.93056926131,11742.6149789095,20483.9323112369,2844.64936378598,3659.52837893367,10145.6229576468,860.139066666365,2139.12934720516,894.946982502937,2965.74117463827,632.434521347284,10.5391672849655,32.4462845027447,278.390916854143,306.327469050884,167.037885606289,31.5644731223583,57.3175650537014,741.673126131296,272.677836716175,1127.43214035034,225.107460439205,28.937543451786,95.8665671944618,8.2673197388649,450.71013712883,287.256716430187,3248.6422354877,312.67980876565,38.7849406301975,344.159575343132,63.9309055805206,388.208409458399,661.811777979136,1614.87687119842,8176.58245825768,29.1487179994583,1609.35595735908,8992.70564493537,5676.78212106228,1289.57247856259,522.331561207771,13.6336240470409,4.91399291157722,157.975806564093,2568.56367200613,3497.6125062108
14.0990735292435,66.5702202916145,2332.71723923087,19.8555857241154,25.6938976049423,143.370753109455,216.441296815872,125.981984555721,67.9208314716816,194.213178277016,7217.15541768074,115.783461540937,2308.77365088463,151.748857498169,159.616461277008,1618.19049140811,2712.70440113544,1229.98723357916,8790.46858599782,21.1804067492485,939.706637829542,93.5117672383785,8122.3419739902,675.955293029547,116.66047680378,14582.7460395098,13170.9093065858,922.559767335653,179.654806494713,349.164388686419,494.070938140154,40.6435462832451,9.69392561912537,1774.10628542304,3699.67933368683,34340.2117484212,0,6727.69746255875,17891.6309045255,1951.41984641552,735.261371403933,3245.16787940264,668.48849850893,427.697892993689,192.043946504593,258.668286085129,53.5155886411667,15.5473525524139,296.780285775661,0,153.49968162179,76.6830208003521,2.94139569997787,0.876610338687897,1.22195816040039,20.8679552674294,3.14238160848618,69.597646176815,4.61772063374519,593.056034594774,6.08725261688232,1116.9342366755,5.41454580426216,10.692489027977,566.681750327349,77.763307094574,12.6411938667297,120.293415784836,0,29.9674174189568,90.5720024704933,381.181059598923,215.72248005867,83.7645611166954,1047.41053441167,3248.09403347969,137.79200437665,12.9621821045876,22.1520589888096,393.325571209192,0,1.87369710206985,677.084456801414,1605.0798547864
277.689653843641,59.7934244275093,2199.6712795496,126.757836610079,18.7327685058117,533.432987213135,1681.2324078083,1064.36754408479,227.603038907051,945.662074774504,8409.57176235318,632.638499081135,429.181194037199,2320.35408329964,200.030560940504,2994.53737193346,822.14305382967,2936.56999653578,1978.9007961452,103.450415998697,12319.6421665549,115.72039526701,18955.5202031434,1771.75309348106,23.7540920376778,8289.68567630649,15853.7092574835,6226.2679695189,2753.56493842602,5325.08557650447,184.162457853556,168.480911791325,314.310228258371,1841.06389170885,526.221601307392,6068.93056926131,6727.69746255875,0,19576.2064294815,928.189985662699,1653.65894728899,3708.23305648565,1225.32202392817,311.024058550596,483.226674497128,340.348643392324,339.821178555489,52.2724128961563,11.3972358107567,3.02398651838303,84.9468713998795,187.517094939947,13.6244903802872,3.49217867851257,7.47528594732285,83.7954466938972,27.7496416866779,161.325937747955,12.2297928333282,22.6985907554626,14.6668611466885,30.9423772096634,30.5847744047642,41.4010523855686,1194.20360898972,213.21475443244,15.8581782281399,193.314711511135,5.50835773348808,46.5261753201485,160.448034524918,903.788339436054,1028.39941132069,7.22667872905731,708.796262592077,5155.5670902431,542.184277504683,90.3208032548428,41.9009264707565,26.8764686882496,0,9.61092689633369,1908.86433658004,247.297099232674
86.1393116414547,62.2037060260773,3318.10570752621,25.7981123030186,68.7389158010483,223.081807762384,886.741178333759,515.551579326391,69.9245206415653,188.017540127039,2138.50257179141,113.242906957865,28.3823429346085,920.733508735895,163.225725293159,4020.38466674089,1355.29205426574,2164.79692193866,3188.1351287961,16.8492359519005,6734.0223723352,123.177559614182,19493.5606782734,940.404620230198,10.7885672152042,8274.61234948039,22148.0038612485,2883.72727945447,554.916283071041,1581.51834833622,37.1877293288708,52.9773617684841,33.6752992272377,1294.18119475245,5674.93723410368,11742.6149789095,17891.6309045255,19576.2064294815,0,1741.3339073956,2762.73742100596,1605.05984809995,949.966101139784,294.036531567574,370.613371968269,449.829570114613,89.6829884052277,39.0114489793777,3.38921928405762,0.649601101875305,87.7804859280586,113.09895208478,4.12963449954987,1.79408442974091,1.03199708461761,44.8079189658165,8.53680914640427,54.8243829011917,4.49620366096497,12.2394894361496,3.39188301563263,3.28961843252182,15.408212274313,16.6661673784256,1310.21213144064,105.841629207134,17.3460042774677,122.414312213659,1.18163418769836,61.7117089033127,156.513511478901,906.354489177465,299.887972027063,6.24009168148041,667.690911620855,3609.59132647514,227.039188832045,23.8922617733479,30.8321567773819,7.59585097432137,0,8.36388283967972,471.181639254093,2345.10327079892
32.8852691948414,20.0349899530411,93.9449505209923,663.235240727663,9465.96148666739,6706.3048145473,1130.62095156312,1473.26498875022,1666.56182393432,2741.71172741055,832.372664660215,3531.57984019816,46.2893994450569,843.920762300491,6404.39354556799,386.468309819698,67.812904804945,261.133455902338,155.002911329269,457.293363064528,462.533684462309,40.4463672041893,1490.65167292953,1985.6151753962,16.8526463210583,757.937937945127,912.002728790045,3288.70192393661,557.570117682219,416.213805019855,11.2083802819252,1010.9805496037,14.9033675193787,609.904995828867,796.192521631718,20483.9323112369,1951.41984641552,928.189985662699,1741.3339073956,0,1393.58958566189,3630.06315818429,3956.74849203229,71.7546055912971,1199.123052001,155.521547198296,4424.55051442981,487.780431896448,4.56255912780762,6.45812606811523,4.26732924580574,4.50224679708481,616.099337279797,198.304823964834,341.659018188715,259.914194405079,336.307228952646,573.387313216925,1136.74729707837,18.3801170289516,695.635910332203,2.35650992393494,464.11747738719,1066.76133537292,253.962334185839,3.41400110721588,7.38381749391556,2.29277956485748,273.155070632696,64.6493901610374,31.100539624691,92.6991604268551,3460.57044395804,0,30.2153335213661,169.891334950924,2726.0313564837,928.772564023733,58.7640942633152,0.523760378360748,20.0965380966663,66.1727747619152,4730.5975202024,492.836666554213
47.0971367061138,0.538407206535339,34.1352757811546,140.825942009687,294.30938026309,4096.23118317127,1056.95398953557,735.427946835756,172.959316194057,858.842257738113,578.118012934923,416.190847992897,18.3089964687824,559.638798415661,213.880317777395,93.2354260087013,49.428839802742,104.435515135527,58.3522607088089,65.9133829474449,353.555093437433,8.24074140191078,396.360266566277,998.59701192379,1.34655725955963,394.025006890297,274.396033495665,2482.16403830051,1392.97010940313,1009.29674762487,8.26429802179337,9431.12938579917,41.5710428953171,547.959144562483,870.33623868227,2844.64936378598,735.261371403933,1653.65894728899,2762.73742100596,1393.58958566189,0,670.883408010006,863.204858213663,25.6172664761543,176.539073228836,30.2222250699997,438.32236468792,79.2766997516155,2.74913936853409,3.28572955727577,3.05299025774002,1.71008533239365,24.1454603970051,4.6769403219223,7.97948825359344,65.4905058443546,10.866722792387,117.872182935476,33.9046712517738,2.40987211465836,19.1311801671982,0,25.2156900763512,38.1870836913586,43.6969697773457,6.21129757165909,0.880431354045868,0.652787566184998,8.72877806425095,8.983911216259,11.9663858413696,15.8578333854675,965.355629295111,0,16.5641192793846,56.3624548316002,537.786988705397,101.018408626318,20.0698385834694,0,0,20.513006657362,429.338514775038,224.166709601879
7.66761094331741,169.30706179142,32.5230105519295,46.9917019605637,25.6138114333153,377.8089402318,239.541095077991,264.175743192434,67.6950347721577,426.429511457682,6911.08648699522,268.15112632513,4712.16959893703,257.095502763987,154.392251819372,170.070915400982,18.5072830617428,36.2455656826496,27.560995310545,61.9981434941292,275.975456207991,27.4147857427597,366.886405915022,468.303713262081,296.553381919861,230.774677991867,186.04775044322,777.138070940971,275.397248983383,256.465293705463,74.5684920847416,98.5768041908741,5.29395997524261,573.303668230772,309.116802990437,3659.52837893367,3245.16787940264,3708.23305648565,1605.05984809995,3630.06315818429,670.883408010006,0,380.044325739145,41.3220166563988,27.542793571949,14.5996024608612,332.918864488602,6.70441913604736,123.071768939495,1.49844777584076,3.99006921052933,1.19812202453613,7.29237350821495,2.24774169921875,3.25575715303421,15.0550031661987,3.18291473388672,38.3172309696674,15.1546702086926,123.969880342484,10.3182665109634,175.255430519581,9.64456647634506,16.4398267269135,58.9920798242092,0.853374123573303,0.908205211162567,2.50791352987289,1.34178638458252,10.8384153842926,17.0432664752007,17.1557618677616,236.688777178526,25.9171666502953,20.0348434448242,61.9284664988518,140.591701298952,19.4050752520561,6.79848849773407,22.0434831380844,0,3.97513866424561,366.274874389172,115.734985947609
31.7009226679802,269.45475512743,1036.28042843938,230.374191433191,36.0334878563881,351.856828063726,249.856771945953,641.909545183182,1019.75966268778,899.756785780191,79.0298680365086,464.698909282684,74.6164253950119,564.023895591497,406.069951951504,4823.68549990654,775.433007150888,15.6712855994701,264.379555284977,244.83640229702,1882.97168710828,1197.14161077142,3709.89797818661,11651.863858372,93.8476386070251,1307.94045966864,11747.9309204519,4928.88320627809,557.778823316097,1603.91994434595,19.9653719067574,11.822455227375,82.8233626782894,1462.52743974328,3203.05804282427,10145.6229576468,668.48849850893,1225.32202392817,949.966101139784,3956.74849203229,863.204858213663,380.044325739145,0,30448.6847229004,6588.85251793265,7331.44458863139,17179.4266454577,1513.31126108766,512.051336497068,97.9060832560062,408.127608448267,3413.20112961531,402.627241402864,150.628026872873,515.881463855505,1546.55068150163,512.540816187859,787.036022782326,3179.36715006828,1737.22959092259,1062.5876750052,130.087019652128,1617.40915068984,692.917639762163,19419.0221560895,536.953672707081,2787.46454778314,2757.24774184823,286.643365651369,3543.59444463253,1116.69051703811,17469.4724490643,3522.96932244301,50.7427588403225,17384.8011698425,42429.887177825,12703.5785677135,1295.75041595101,1346.85343122482,415.337947934866,121.390514642,16.3990003764629,6425.45821371675,13427.1264250875
5.68583586812019,106.129912167788,541.631261736155,0,8.59148466587067,12.6371824145317,10.351184874773,4.82449966669083,75.9001155793667,10.284436404705,2005.93013650179,10.8864048719406,2288.58441916108,12.1082495450974,25.1382722854614,615.585587710142,715.574008971453,10.9521262645721,246.793207794428,0,171.412861227989,129.148957133293,536.250318348408,517.172332167625,203.260161489248,2270.67533415556,4881.88768717647,274.181437432766,15.6276671588421,85.3708424568176,775.854743301868,0,0.496097058057785,283.301600337029,1074.15970230103,860.139066666365,427.697892993689,311.024058550596,294.036531567574,71.7546055912971,25.6172664761543,41.3220166563988,30448.6847229004,0,4814.74049419165,15810.937412113,2024.04427874088,543.607888430357,1066.80721318722,11.4411251246929,153.148106068373,1442.23406410217,15.3745831549168,10.6847017109394,17.3903158307076,162.201043635607,40.28557908535,52.7689231932163,193.732265502214,3666.58609285951,55.2000894248486,3523.06253793836,140.394139945507,42.5200014710426,1997.47452756763,1452.57894426584,1075.06519633532,1304.21306443214,18.3810335695744,479.695088595152,185.211930602789,2403.64155244827,265.222227782011,83.2051326930523,14993.3045562804,12437.7760543823,982.954023003578,138.965035736561,152.56394302845,1976.99443346262,8.71595725417137,1.83318734169006,2692.80776724219,4356.13420417905
0.815890789031982,106.127537608147,532.50787961483,79.0971055030823,8.76674604415894,85.9523985981941,62.0808807909489,199.925180077553,288.460169613361,313.143985301256,141.624593019485,160.302420407534,153.43526211381,125.046313494444,96.4460539221764,868.742210388184,410.24691554904,10.1926907896996,155.386445254087,88.6071899533272,193.664315074682,216.102900207043,1201.45618543029,2927.06459078193,52.0979897379875,706.618307232857,5871.51756587625,993.304935902357,121.817023336887,205.617248773575,93.8059809505939,0,34.5933356583118,521.525377362967,503.001999825239,2139.12934720516,192.043946504593,483.226674497128,370.613371968269,1199.123052001,176.539073228836,27.542793571949,6588.85251793265,4814.74049419165,0,14010.8547684252,1397.15926629305,1536.74079811573,369.106510967016,264.517243504524,145.640297591686,1708.31354430318,272.701827853918,35.327667593956,208.615089535713,2728.26696574688,664.87446013093,357.746999561787,1633.78889295459,4519.73266783357,632.659704208374,405.909307569265,2626.77419385314,209.784534960985,7662.87491041422,416.36884316802,3502.9128755033,2076.46859651804,160.764024108648,12546.8635563403,250.853688746691,19147.9560253918,1695.75689390302,20.4441726207733,8841.01638513803,18821.4341349006,8886.17245307565,3222.03972533345,5732.98123770952,922.992596030235,268.793277919292,118.32069426775,7748.2435438931,1409.8314858377
1.01825177669525,99.6831216216087,393.301195949316,9.46727561950684,23.7187398672104,14.3530144095421,18.8861144185066,16.4024213552475,97.8921813964844,14.8543848991394,41.1781192719936,18.4451254010201,38.9618985950947,10.4180755019188,37.9081036448479,1292.09210252762,291.137780040503,6.42160594463348,115.519783824682,4.82730567455292,167.415667057037,316.324640244246,1432.29052394629,536.700282812119,42.6996824145317,578.542637944221,4952.70434316993,218.212418705225,15.9128192663193,71.8286427855492,23.5651752948761,0.647773444652557,3.81340029835701,223.220451891422,2898.73598581553,894.946982502937,258.668286085129,340.348643392324,449.829570114613,155.521547198296,30.2222250699997,14.5996024608612,7331.44458863139,15810.937412113,14010.8547684252,0,4090.96555972099,3873.62156778574,196.285839289427,78.9861040711403,150.552183926105,1907.28156727552,28.0687585473061,11.7446828484535,64.3506914377213,893.777548611164,286.209667295218,53.7332634925842,263.420866280794,1199.21779710054,137.531210690737,81.2500051856041,1004.45178756118,64.6205392181873,9054.30608120561,453.031997233629,1830.1455745101,2505.79140356183,15.9328122437,4958.45945891738,259.51215800643,19069.2956132591,295.443404614925,14.047823369503,7615.47626888752,18129.1460283995,2066.12236189842,443.800126224756,1665.93218436837,231.673095911741,40.8091528713703,12.6329779326916,2859.82778307796,7752.04463723302
7.28323322534561,4.80469369888306,33.219675719738,1024.06531241536,141.674777626991,967.78050506115,148.22529399395,842.34690374136,578.691501587629,2940.58768975735,33.3036127686501,1697.50024241209,6.58080860972404,543.578822433949,962.973960459232,217.225995689631,17.7036324739456,1.80882823467255,8.15472242236137,684.175562083721,79.5930201411247,58.2722899913788,171.33241891861,4262.07156077027,2.86289167404175,34.2852747738361,292.33001768589,3482.25205430388,325.377962708473,185.77334100008,0,43.5383064448833,45.1267719864845,642.478992551565,224.085930854082,2965.74117463827,53.5155886411667,339.821178555489,89.6829884052277,4424.55051442981,438.32236468792,332.918864488602,17179.4266454577,2024.04427874088,1397.15926629305,4090.96555972099,0,719.564249366522,153.931390583515,51.2288430333138,34.0407359004021,96.8829072713852,955.451740294695,13478.7192873955,2019.36657491326,913.204771995544,667.411272168159,3487.98590907454,3221.07180079818,412.161861360073,3294.62619814277,36.3691883683205,1458.28209275007,4878.14343038201,1031.80622568727,18.2819637954235,260.152134358883,85.6507746577263,592.749249011278,485.532920390368,222.873247772455,1526.36984282732,2982.70027601719,17.6398437321186,729.881447523832,1483.31529545784,4255.4632807672,757.20497572422,337.999754458666,83.4403510987759,247.311794281006,13.760890930891,9932.62162435055,688.28069549799
1.35986995697021,2.54081720113754,9.66004878282547,79.0520768761635,9.46287095546722,38.2205983400345,28.6442906856537,92.7049697637558,67.5003364980221,169.101377218962,0,88.1714482605457,1.36524605751038,30.9519127905369,33.4051392674446,41.4067870378494,5.87890666723251,1.1879631280899,2.07099151611328,54.7086880505085,20.543815433979,8.70713794231415,26.1374399065971,951.273454338312,0,16.4868424534798,82.356121391058,478.632557749748,16.464160323143,44.3070515990257,0,0,3.83098137378693,82.6474808454514,176.561004370451,632.434521347284,15.5473525524139,52.2724128961563,39.0114489793777,487.780431896448,79.2766997516155,6.70441913604736,1513.31126108766,543.607888430357,1536.74079811573,3873.62156778574,719.564249366522,0,60.4947591423988,21.5684891939163,1.05726993083954,33.6908015608788,124.730472773314,3179.40684813261,1728.67698863149,328.122321814299,505.040935903788,113.104258149862,754.718723118305,134.259057939053,246.271836787462,17.0319891273975,1970.61392003298,137.420042097569,127.156698197126,7.12226003408432,65.0816562473774,54.2095342278481,75.0461539030075,68.1943210661411,19.6098936796188,194.260766148567,417.243292510509,0.549729824066162,267.48414042592,352.521432876587,1462.07910916209,1018.16185191274,109.282110750675,25.8295961618423,11673.7577776611,3.68896698951721,1007.94296962023,668.689428567886
0,82.8829470872879,0,0,0,2.7252813577652,1.0400165617466,2.28212141990662,1.81717783212662,2.76689952611923,1324.76273810863,1.44549888372421,3104.22453007102,6.57624864578247,3.95066767930984,1.17659813165665,0,0,1.26730042695999,0,3.68344390392303,7.96248143911362,0.948455452919006,11.0975784957409,160.397880673409,91.2166382074356,85.7700647413731,5.57926368713379,1.88187992572784,0.826776027679443,128.01040276885,0,0,15.617224752903,21.2218881845474,10.5391672849655,296.780285775661,11.3972358107567,3.38921928405762,4.56255912780762,2.74913936853409,123.071768939495,512.051336497068,1066.80721318722,369.106510967016,196.285839289427,153.931390583515,60.4947591423988,0,0.76000440120697,69.5233443975449,0,2.94557264447212,0.720319986343384,1.0744481086731,6.39065957069397,1.13094860315323,23.1798082888126,19.1776587963104,5459.71108645201,2.54795590043068,3718.66198432446,16.249030828476,5.75507840514183,51.7545006275177,0,13.6517310142517,3.23644196987152,0.36880686879158,2.22254905104637,48.5490012764931,9.8707332611084,58.7230387032032,202.430953025818,311.204174786806,109.137696713209,43.2228419184685,23.6485593616962,0.472982883453369,666.843056052923,3.72725075483322,0,2663.99363160133,61.9254602789879
0,0,0,0,0,0,0,1.55670595169067,9.22073152661324,1.88144552707672,0,0,0,0,0,4.69732177257538,0.524239063262939,0,0,0,5.01035130023956,0.933874636888504,1.66229084134102,64.061331152916,0,0,6.47492998838425,29.7224454879761,2.88228383660316,7.42720165848732,0,0,0,0.91072940826416,5.23047903180122,32.4462845027447,0,3.02398651838303,0.649601101875305,6.45812606811523,3.28572955727577,1.49844777584076,97.9060832560062,11.4411251246929,264.517243504524,78.9861040711403,51.2288430333138,21.5684891939163,0.76000440120697,0,3.54455676674843,24.4290885329247,4.06191289424896,0,20.1043411493301,5023.1310428679,661.273946136236,13.3573197424412,67.5976019799709,58.8996957540512,26.5525582432747,1.42658197879791,9098.86801870167,0,19.8260380327702,138.45041641593,38.4549706876278,60.6135950088501,4.41560703516006,178.135469585657,14.5164493322372,118.498639732599,105.379909813404,0,123.362212568521,68.0568073391914,405.82322242856,6315.50707256794,1630.34446980059,7.26763340830803,2.5114774107933,61.5166718959808,567.877361893654,35.7259405553341
0,2576.47508555651,62.0496136248112,2.66242191195488,0,1.52977603673935,0.601724684238434,3.10616624355316,9.75755923986435,0,86.9774824678898,1.33404970169067,258.375190794468,3.17244529724121,0,18.7290886938572,99.7644613683224,5.02590128779411,91.9428796172142,0,1.96345686912537,278.268056511879,11.1096424758434,49.7395279109478,872.218101203442,833.265258520842,10735.3710065484,8.17440873384476,1.15253269672394,0.854104816913605,42.8791502416134,0,2.4499306678772,82.5292980074883,21.9964098930359,278.390916854143,153.49968162179,84.9468713998795,87.7804859280586,4.26732924580574,3.05299025774002,3.99006921052933,408.127608448267,153.148106068373,145.640297591686,150.552183926105,34.0407359004021,1.05726993083954,69.5233443975449,3.54455676674843,0,63.1672374606133,4.19277119636536,10.239062666893,0,10.033190459013,1.28825053572655,465.534875512123,11.6363603174686,486.266662895679,6.54799419641495,616.092921048403,10.4082691967487,41.1755957007408,989.148311793804,102.485421061516,11.8511566519737,182.323089003563,3.29758283495903,28.7395176887512,860.518601596355,70.6329275071621,1386.10433515906,791.008360058069,345.766272991896,18280.6447293162,184.636832624674,14.3012627661228,25.7472425401211,3.31611421704292,0,1.73429489135742,164.130969405174,28.3064830005169
1.62510466575623,59.147548854351,748.923970401287,0,1.27350187301636,4.31861934065819,0.548136532306671,0.393588244915009,9.47051480412483,0,8.63350456953049,0,0,2.32426834106445,0.583691895008087,67.2710267007351,454.026684254408,5.31296122074127,68.0413503646851,0,9.71397107839584,39.5690641701221,168.796107858419,20.3822214007378,2.50157687067986,300.740388602018,3869.365819484,12.3783828616142,4.34068608283997,2.38990741968155,0,0,0,202.585056185722,83.8055532872677,306.327469050884,76.6830208003521,187.517094939947,113.09895208478,4.50224679708481,1.71008533239365,1.19812202453613,3413.20112961531,1442.23406410217,1708.31354430318,1907.28156727552,96.8829072713852,33.6908015608788,0,24.4290885329247,63.1672374606133,0,1.19131934642792,0,23.7673672437668,2377.09524327517,377.479485183954,4.88999444246292,19.2563044726849,200.894380033016,1.69690197706223,0,1221.30190849304,3.82838940620422,266.11521294713,18305.7862969637,267.096733063459,4361.9795935154,1.80237871408463,6651.61896699667,46.2352624535561,40281.68733114,27.8251289129257,0,37675.7078132927,12189.0895687938,1140.52703404427,83.8513239324093,2185.98638287187,0.815394759178162,0,0,1467.44477525353,421.221221864223
0,1.37591105699539,0,1180.22651404142,34.967206299305,263.003311485052,35.7435674667358,221.700306117535,1220.79358744621,1941.33399581909,3.2877704501152,1066.02760857344,0,75.5871481001377,196.299458831549,6.90380656719208,0,1.36044481396675,0.496498137712479,634.906902521849,4.63451772928238,4.12605130672455,2.21375277638435,1478.78135454655,0,0.566428184509277,3.10655429959297,2341.69425594807,22.6014099121094,5.47817975282669,0,9.31571713089943,3.97160398960114,64.8497948348522,8.12043383717537,167.037885606289,2.94139569997787,13.6244903802872,4.12963449954987,616.099337279797,24.1454603970051,7.29237350821495,402.627241402864,15.3745831549168,272.701827853918,28.0687585473061,955.451740294695,124.730472773314,2.94557264447212,4.06191289424896,4.19277119636536,1.19131934642792,0,101.75001296401,372.598537713289,51.7271901965141,469.558597832918,3104.1180048883,3833.11818179488,76.9799167811871,16609.6507768631,2.06395760178566,488.567041158676,565.113701552153,1.50685119628906,0,42.1934700608253,10.8297491967678,22195.8243157566,2.34314566850662,23.4881602227688,4.4622158408165,2473.53435057402,1.29488402605057,96.2896786928177,37.7066096663475,4532.93143829703,484.479617595673,4.64931118488312,6.21055987477303,16.4700812250376,1.12255236506462,380.265067994595,93.6543219387531
0,0,0,62.4593177139759,10.7632273435593,47.9109063148499,0,28.405552983284,51.7229600548744,153.489620000124,0,91.7546229362488,0,2.54828494787216,33.0227982997894,11.8835740089417,0.578819692134857,0,0,38.910201728344,3.95686995983124,6.74603462219238,6.83874773979187,80.7928977012634,0,0,19.2664973139763,120.70917737484,1.76293194293976,0,0,0.722954452037811,0,5.38811671733856,106.109996676445,31.5644731223583,0.876610338687897,3.49217867851257,1.79408442974091,198.304823964834,4.6769403219223,2.24774169921875,150.628026872873,10.6847017109394,35.327667593956,11.7446828484535,13478.7192873955,3179.40684813261,0.720319986343384,0,10.239062666893,0,101.75001296401,0,184.284298658371,21.5171990096569,30.4855132699013,1190.46523612738,91.2756671607494,10.0225468575954,382.513262212276,3.47725284099579,71.0015115737915,4217.85448503494,1.77171987295151,0,0.659577131271362,0,39.3941323161125,1.30656313896179,97.5368282794952,0.785779178142548,988.307524442673,5.87122803926468,12.2103351652622,22.4416669011116,194.463362127542,51.5944326519966,1.09613537788391,1.00857657194138,57.4100955426693,2.38507306575775,113.967157751322,94.1005555391312
0,0,2.05034399032593,142.549228340387,22.8926230669022,94.8475482165813,11.5151172876358,47.1419898867607,94.7013449072838,309.459640175104,4.5240473151207,270.74745029211,0,24.6466450989246,100.345584750175,2.88723438978195,0,0,0,70.8272615373135,2.78593388199806,2.19876039028168,3.65011793375015,263.172396421432,0,0.874683141708374,4.21072149276733,273.684948325157,11.7978947162628,0.997509658336639,0,4.36683517694473,0.626874029636383,15.4189675450325,519.37633895874,57.3175650537014,1.22195816040039,7.47528594732285,1.03199708461761,341.659018188715,7.97948825359344,3.25575715303421,515.881463855505,17.3903158307076,208.615089535713,64.3506914377213,2019.36657491326,1728.67698863149,1.0744481086731,20.1043411493301,0,23.7673672437668,372.598537713289,184.284298658371,0,1402.57148951292,8429.41246426105,426.850093513727,37804.3961677849,102.050622403622,9863.2569822669,3.26092374324799,432.520331948996,1581.86620339751,2.98107463121414,8.18403479456902,67.0090367794037,17.7486951053143,592.586740940809,9.62072497606277,3.76994729042053,45.9320673644543,313.372840702534,0,174.94743642211,49.4262989461422,1935.95862171054,245.973520815372,31.390140235424,19.5940079092979,57.4413455724716,0,445.296055197716,5134.67894250154
2.12044081091881,5.10507568717003,45.4289762377739,62.3097967505455,5.15169233083725,46.5770864486694,36.0789865255356,106.26212066412,169.430960804224,236.640373319387,0.857425689697266,117.130663067102,0,66.4245693087578,43.6047811508179,131.296804308891,15.5853487551212,0,2.52142921090126,62.5244677662849,126.122619569302,39.3438546359539,243.046980455518,1143.29490509629,0,2.2693504691124,539.502769783139,749.357868283987,33.1913016438484,102.740468263626,0,0.328023135662079,14.0615283548832,90.0071978867054,41.7443082332611,741.673126131296,20.8679552674294,83.7954466938972,44.8079189658165,259.914194405079,65.4905058443546,15.0550031661987,1546.55068150163,162.201043635607,2728.26696574688,893.777548611164,913.204771995544,328.122321814299,6.39065957069397,5023.1310428679,10.033190459013,2377.09524327517,51.7271901965141,21.5171990096569,1402.57148951292,0,23105.981951803,235.466910898685,15736.5692193806,357.691634088755,144.349549084902,13.7673342823982,81754.7284709215,88.1665018200874,117.833754211664,1144.78198102117,291.508413225412,387.785874545574,50.8199323713779,1562.55367144942,111.358563989401,7754.32488742471,3474.74682280421,2.79023805260658,1708.58198857307,2489.59076887369,103200.921590865,4509.10633900762,16607.8045676649,42.2904405593872,28.8956925272942,73.0447390377522,2570.39106482267,579.360668390989
0,0.325735688209534,1.88024252653122,111.569703757763,14.522046148777,54.4320041239262,19.9962632358074,52.5056511163712,161.139936476946,274.777307629585,0,122.294701695442,0,11.4788001179695,49.1916204690933,28.050489127636,0,0,0,88.1761180758476,38.2606812417507,14.223993986845,18.815471470356,902.111347645521,0,0,33.9801000207663,614.374898165464,7.60349524021149,48.6279642879963,0,0,3.48346984386444,39.1622079610825,199.013727009296,272.677836716175,3.14238160848618,27.7496416866779,8.53680914640427,336.307228952646,10.866722792387,3.18291473388672,512.540816187859,40.28557908535,664.87446013093,286.209667295218,667.411272168159,505.040935903788,1.13094860315323,661.273946136236,1.28825053572655,377.479485183954,469.558597832918,30.4855132699013,8429.41246426105,23105.981951803,0,274.422137081623,16428.4091783166,128.054538339376,1342.37122276425,7.83316552639008,14308.3197490871,182.242495387793,24.0939035415649,180.077663242817,56.2902344465256,65.8364112973213,336.208017557859,253.410936772823,22.7471451759338,919.538507729769,1292.31564849615,0,246.844717860222,304.765675753355,7863.93400099874,802.771628916264,765.604535520077,13.5168345570564,21.9685823917389,15.2159492969513,1056.64804591238,855.803399324417
2.19810318946838,4.83167350292206,3.32549721002579,715.935809761286,20.5220281481743,179.537647157907,70.3708928525448,145.698783874512,5243.9031303525,995.276945799589,55.4495365917683,435.484997719526,57.0194035768509,163.681880444288,180.06717723608,296.495431184769,2.93357014656067,11.3145489096642,8.92267620563507,191.574287623167,108.943410873413,316.831322729588,124.829611033201,6731.66906267405,16.0994976460934,31.2499158680439,390.228506058455,2188.44885572791,192.590009868145,116.422126114368,2.40556752681732,4.86515134572983,15.3695373833179,160.989541292191,157.155157715082,1127.43214035034,69.597646176815,161.325937747955,54.8243829011917,573.387313216925,117.872182935476,38.3172309696674,787.036022782326,52.7689231932163,357.746999561787,53.7332634925842,3487.98590907454,113.104258149862,23.1798082888126,13.3573197424412,465.534875512123,4.88999444246292,3104.1180048883,1190.46523612738,426.850093513727,235.466910898685,274.422137081623,0,2167.43776148558,298.180934458971,2669.78060826659,274.348980605602,312.105376243591,3955.52599304914,15.461961388588,4.15405538678169,48.8848301768303,7.29834166169167,871.535923600197,1.39280697703362,7261.40762802958,5.86636385321617,31853.1558826566,221.714057207108,110.789031594992,990.061750799417,4939.25922253728,874.29963517189,91.1963591873646,7.22399172186852,12.1682020127773,46.0624099075794,458.945169240236,353.560827732086
0,2.38319298624992,0.372272580862045,1111.84291562438,45.0342777073383,315.48763525486,72.0356042683125,224.103091955185,1419.40352424979,2622.02676969767,0.655768632888794,1079.62639641762,0,56.3574095964432,288.984517633915,6.84991782903671,0,0,0,701.036228686571,3.91405719518661,4.82850033044815,2.24171888828278,2395.86676543951,0,0,6.05349904298782,3605.88919106126,24.5280812382698,3.98260360956192,0,3.35039210319519,4.02372199296951,87.1605881750584,222.56968575716,225.107460439205,4.61772063374519,12.2297928333282,4.49620366096497,1136.74729707837,33.9046712517738,15.1546702086926,3179.36715006828,193.732265502214,1633.78889295459,263.420866280794,3221.07180079818,754.718723118305,19.1776587963104,67.5976019799709,11.6363603174686,19.2563044726849,3833.11818179488,91.2756671607494,37804.3961677849,15736.5692193806,16428.4091783166,2167.43776148558,0,1005.64371296763,4085.29408127069,18.1442283689976,6209.39257803559,671.758183062077,5.3666478395462,2.18154358863831,700.534341365099,134.655250549316,5434.20907655358,12.2778233587742,22.7046724557877,34.5790642499924,1012.90859389305,3.34874507784843,1317.5834878087,339.585690021515,16831.2961842418,4168.70511087775,62.5144729316235,80.6090633571148,148.848814100027,3.01798966526985,3124.61713299155,7749.37537115812
0,145.997748017311,34.776716709137,0,0,7.1463631093502,0.504659354686737,2.29530972242355,39.3218190670013,0.538148045539856,2274.63231301308,2.21281319856644,4442.75943958759,5.44678550958633,3.60795611143112,4.52266874909401,24.5675257742405,0.619166791439056,10.5625732243061,0.618407547473907,0,15.5627526044846,9.54354962706566,46.9823343753815,377.432253926992,494.068359524012,686.963000744581,1.20449864864349,3.25361752510071,0,476.384660184383,2.40146684646606,0,25.3730395436287,63.8141762018204,28.937543451786,593.056034594774,22.6985907554626,12.2394894361496,18.3801170289516,2.40987211465836,123.969880342484,1737.22959092259,3666.58609285951,4519.73266783357,1199.21779710054,412.161861360073,134.259057939053,5459.71108645201,58.8996957540512,486.266662895679,200.894380033016,76.9799167811871,10.0225468575954,102.050622403622,357.691634088755,128.054538339376,298.180934458971,1005.64371296763,0,452.672229170799,3463.29623359442,1119.21898943186,136.814275592566,474.998615413904,120.073010951281,5649.38864430785,282.23363032937,116.156588166952,368.38685977459,456.129641979933,622.866154074669,706.025672733784,489.439447909594,2756.12413671613,1286.12375214696,564.201232016087,4038.80382728577,441.977160513401,1896.10902810097,693.730806946754,6.83648788928986,8800.79018872976,219.767821371555
0,0.888480484485626,0,450.281343996525,44.7024240195751,269.91612136364,21.0077680945396,111.639834195375,333.88916733861,1109.29148060083,5.14824199676514,1188.80040162802,0.718988835811615,63.9231784343719,194.430826187134,3.19086891412735,0,0,0,276.957859843969,5.19554769992828,1.96900236606598,4.67547011375427,586.601786136627,0,1.23105561733246,12.4358984827995,1071.59683272243,21.0630620419979,4.01564675569534,0,12.1596891283989,1.64239394664764,40.8415952324867,1174.84242492914,95.8665671944618,6.08725261688232,14.6668611466885,3.39188301563263,695.635910332203,19.1311801671982,10.3182665109634,1062.5876750052,55.2000894248486,632.659704208374,137.531210690737,3294.62619814277,246.271836787462,2.54795590043068,26.5525582432747,6.54799419641495,1.69690197706223,16609.6507768631,382.513262212276,9863.2569822669,144.349549084902,1342.37122276425,2669.78060826659,4085.29408127069,452.672229170799,0,16.4222770929337,1750.62192696333,2925.52930748463,1.53397309780121,0,250.868714809418,39.1933420598507,19712.5072186887,4.60046887397766,36.4470273554325,9.8923225402832,1010.23523971438,1.2116876244545,622.370324641466,125.321583300829,1524.030344069,1147.18763121963,16.59720531106,54.7353684902191,89.3279256522655,1.08736884593964,1238.52728113532,3804.27564924955
0,230.335005760193,0,4.80742609500885,0,1.98557543754578,0.508396923542023,0.420184254646301,9.42776957154274,1.6105343401432,7556.51356422901,0.585397362709045,13394.887244314,3.11887496709824,0,1.76632019877434,0,0,2.84632951021194,0,0,23.2680749595165,1.19029438495636,25.75827267766,2261.08216950297,1439.35025626421,1221.02795776725,2.05425873398781,6.14778101444244,0,2377.31090798974,0,0,33.7725387215614,8.77069801092148,8.2673197388649,1116.9342366755,30.9423772096634,3.28961843252182,2.35650992393494,0,175.255430519581,130.087019652128,3523.06253793836,405.909307569265,81.2500051856041,36.3691883683205,17.0319891273975,3718.66198432446,1.42658197879791,616.092921048403,0,2.06395760178566,3.47725284099579,3.26092374324799,13.7673342823982,7.83316552639008,274.348980605602,18.1442283689976,3463.29623359442,16.4222770929337,0,51.8733329772949,25.8873404562473,430.718994438648,0,0,0,2.14411902427673,8.89020547270775,516.090583950281,13.9351563453674,613.002800554037,4284.23958754539,204.948686629534,884.630743592978,89.2646661996841,186.315456300974,6.92589262127876,461.072803616524,38.3285608291626,1.0756963789463,1287.11769384146,16.3431113660336
0.396873354911804,4.86995553970337,19.2935937345028,75.2423387467861,2.52873659133911,53.171136200428,13.4885544478893,21.1041598320007,215.2641505301,108.501654028893,0,77.6107148230076,0,11.0011263489723,71.8056310713291,64.7071814835072,4.34040296077728,0,0.550309538841248,59.5591802000999,78.8335647881031,17.078575193882,75.0507405549288,1275.34122243524,1.85157006978989,3.29866543412209,221.490260124207,509.84647294879,9.10257917642593,57.878596663475,0,0,6.75961121916771,26.9227326512337,18.7932482659817,450.71013712883,5.41454580426216,30.5847744047642,15.408212274313,464.11747738719,25.2156900763512,9.64456647634506,1617.40915068984,140.394139945507,2626.77419385314,1004.45178756118,1458.28209275007,1970.61392003298,16.249030828476,9098.86801870167,10.4082691967487,1221.30190849304,488.567041158676,71.0015115737915,432.520331948996,81754.7284709215,14308.3197490871,312.105376243591,6209.39257803559,1119.21898943186,1750.62192696333,51.8733329772949,0,373.676364213228,86.3180161714554,979.52230450511,581.030638664961,419.871497660875,462.700374960899,1120.51971963048,57.4180553257465,2578.46910828352,1405.11626133323,1.15422782301903,1892.19504094124,1033.68723709881,7552.9544069469,13624.4592396617,5081.80273613334,167.305880635977,8.6095284819603,81.4509525895119,4198.1875411123,222.309443920851
0,0,0,425.519097179174,57.4334990382195,387.835597485304,31.4671900868416,204.857317328453,222.194605946541,1112.66375899315,6.12274214625359,663.521352678537,0.988168478012085,131.230824440718,315.21928280592,45.1267120540142,1.81613612174988,0,1.22170042991638,293.809691131115,14.5848336815834,25.4479551315308,24.5036589503288,607.486780941486,0,0,36.1320384442806,906.86333528161,60.0986723005772,18.5109556913376,0,17.4228616654873,6.25175505876541,111.037764936686,405.237721651793,287.256716430187,10.692489027977,41.4010523855686,16.6661673784256,1066.76133537292,38.1870836913586,16.4398267269135,692.917639762163,42.5200014710426,209.784534960985,64.6205392181873,4878.14343038201,137.420042097569,5.75507840514183,0,41.1755957007408,3.82838940620422,565.113701552153,4217.85448503494,1581.86620339751,88.1665018200874,182.242495387793,3955.52599304914,671.758183062077,136.814275592566,2925.52930748463,25.8873404562473,373.676364213228,0,112.252973467112,0,63.799304485321,11.8587042689323,293.329977154732,46.7146263420582,346.65285885334,91.5984987318516,4272.86144241691,14.6922413110733,172.450349748135,144.557052820921,1032.49753579497,274.279490202665,36.1454627513885,21.1082358062267,50.4433670938015,4.22552898526192,817.568188250065,339.055847585201
24.7937658429146,59.9475390315056,314.054371714592,4.42866379022598,6.66953039169312,17.2555600404739,45.4836295545101,38.3355551362038,810.392179280519,34.4662224650383,74.8622224628925,12.6127379536629,71.1428261101246,135.92319715023,44.7296668887138,14143.132727325,136.558234721422,12.3020317256451,44.6320029199123,4.8117755651474,2773.16779130697,2923.13537067175,9279.226123631,3284.71984270215,41.1955553293228,116.08425962925,5396.22225138545,1150.15230667591,56.5542002618313,805.448412537575,3.87328040599823,0.939405977725983,1.90620875358582,389.079473853111,710.710945606232,3248.6422354877,566.681750327349,1194.20360898972,1310.21213144064,253.962334185839,43.6969697773457,58.9920798242092,19419.0221560895,1997.47452756763,7662.87491041422,9054.30608120561,1031.80622568727,127.156698197126,51.7545006275177,19.8260380327702,989.148311793804,266.11521294713,1.50685119628906,1.77171987295151,2.98107463121414,117.833754211664,24.0939035415649,15.461961388588,5.3666478395462,474.998615413904,1.53397309780121,430.718994438648,86.3180161714554,112.252973467112,0,91.5293665826321,38.7797600924969,87.6523124277592,0,1819.34228432178,19191.2051482499,3938.74086624384,2704.37189882994,304.380195170641,251.153955459595,13084.7823759913,2786.40951424837,136.446731835604,495.846997052431,4.07243931293488,0.942254424095154,5.53136104345322,1790.55170345306,5051.32899543643
0,73.7980252504349,650.469795316458,0,0,1.4757924079895,0.89359974861145,0,1.36235409975052,0,1.17109167575836,0,0,0,0,9.35689553618431,573.361316949129,6.15140861272812,99.8339697420597,0,1.93411907553673,23.3511469364166,93.9940653145313,3.8026040494442,7.62773215770721,459.238046258688,4707.0684016943,4.98302620649338,7.36212158203125,1.04592388868332,0,0,0,229.405932188034,8.50237184762955,312.67980876565,77.763307094574,213.21475443244,105.841629207134,3.41400110721588,6.21129757165909,0.853374123573303,536.953672707081,1452.57894426584,416.36884316802,453.031997233629,18.2819637954235,7.12226003408432,0,138.45041641593,102.485421061516,18305.7862969637,0,0,8.18403479456902,1144.78198102117,180.077663242817,4.15405538678169,2.18154358863831,120.073010951281,0,0,979.52230450511,0,91.5293665826321,0,115.67529630661,2750.25968021154,0,6661.37061157823,56.3457549214363,20486.4871692359,8.79640343785286,0,14915.1627474725,20823.3897900283,278.978211462498,451.150722712278,8232.95596173406,0,0,3.06660604476929,700.306998223066,44.2084192335606
0,6.85908523201942,47.3579912483692,0,0,0,0,0,26.2069225907326,0.667949497699738,7.57021728157997,2.42973178625107,6.57068240642548,0,3.60247564315796,2.2931877374649,34.27688190341,0,28.9511182308197,0,0,2.07710510492325,14.6166996359825,6.41059818863869,1.9006062746048,172.754643470049,597.156303346157,0.477021872997284,3.81319451332092,0,5.46133118867874,0,0,21.589516967535,42.0160577893257,38.7849406301975,12.6411938667297,15.8581782281399,17.3460042774677,7.38381749391556,0.880431354045868,0.908205211162567,2787.46454778314,1075.06519633532,3502.9128755033,1830.1455745101,260.152134358883,65.0816562473774,13.6517310142517,38.4549706876278,11.8511566519737,267.096733063459,42.1934700608253,0.659577131271362,67.0090367794037,291.508413225412,56.2902344465256,48.8848301768303,700.534341365099,5649.38864430785,250.868714809418,0,581.030638664961,63.799304485321,38.7797600924969,115.67529630661,0,2610.30044868588,69.3377484381199,327.194181531668,14.0638974010944,720.507963836193,135.709678560495,1.41822481155396,4985.35640272498,2789.56662791967,434.999695748091,1000.35451817513,437.581339746714,5.30886533856392,15.3354117870331,0.472580194473267,4143.49555659294,280.944442093372
0,130.361239552498,365.89833971858,0,1.34177815914154,0.940688490867615,0,0.8564133644104,2.54081511497498,1.85063976049423,4.20733600854874,0,13.3683321475983,5.65289783477783,0,11.7217781543732,448.336686491966,6.08012509346008,263.557605952024,0,4.66472309827805,25.355296432972,42.5732722878456,6.24940571188927,45.4831168055534,975.714234679937,4887.46040523052,2.17688617110252,14.1437610983849,1.87981793284416,5.48179775476456,0,0,219.866551607847,82.1748988330364,344.159575343132,120.293415784836,193.314711511135,122.414312213659,2.29277956485748,0.652787566184998,2.50791352987289,2757.24774184823,1304.21306443214,2076.46859651804,2505.79140356183,85.6507746577263,54.2095342278481,3.23644196987152,60.6135950088501,182.323089003563,4361.9795935154,10.8297491967678,0,17.7486951053143,387.785874545574,65.8364112973213,7.29834166169167,134.655250549316,282.23363032937,39.1933420598507,0,419.871497660875,11.8587042689323,87.6523124277592,2750.25968021154,2610.30044868588,0,11.589804649353,1833.86528110504,16.4353758692741,2869.36105015874,53.8430725932121,2.92662286758423,32588.7669200599,17080.0484844744,207.205617815256,377.860672384501,3343.17080649734,2.16329061985016,0,0.650980234146118,1807.2853795588,279.459774702787
0,0,0,378.578188091516,17.5547117590904,99.7147348225117,24.714683175087,74.3681980073452,305.803731054068,778.84938660264,1.09130561351776,474.312822133303,0,27.4944901168346,98.3632645905018,0.936855286359787,0,0,0,202.167610377073,0.518912136554718,1.516481757164,1.25654947757721,492.283808201551,0,0,4.18081039190292,867.69351631403,7.49789467453957,0,0,0.501549899578094,0,27.6329312026501,1.03081566095352,63.9309055805206,0,5.50835773348808,1.18163418769836,273.155070632696,8.72877806425095,1.34178638458252,286.643365651369,18.3810335695744,160.764024108648,15.9328122437,592.749249011278,75.0461539030075,0.36880686879158,4.41560703516006,3.29758283495903,1.80237871408463,22195.8243157566,39.3941323161125,592.586740940809,50.8199323713779,336.208017557859,871.535923600197,5434.20907655358,116.156588166952,19712.5072186887,2.14411902427673,462.700374960899,293.329977154732,0,0,69.3377484381199,11.589804649353,0,1.46947854757309,9.26177996397018,1.37157690525055,589.140756249428,1.00997388362885,134.930144488811,35.0268161296844,939.224428772926,319.517637997866,4.48787978291512,10.3998464047909,15.7713098376989,0,293.657172143459,13.6902507543564
9.23034006357193,17.6965090930462,127.264727413654,2.94836676120758,6.10374671220779,6.9600647687912,15.8834993541241,9.81878560781479,54.1627579927444,11.9432246088982,1.48358058929443,5.06502997875214,3.19062900543213,34.3911733329296,12.0354813635349,721.19451020658,32.3017468750477,0,5.23317092657089,6.29405277967453,613.575590282679,193.91964507103,488.249924719334,679.540993571281,10.4804832041264,29.0217976570129,904.60657428205,364.950132906437,23.0935660302639,225.287540853024,0,0,0,45.40382578969,135.43906763196,388.208409458399,29.9674174189568,46.5261753201485,61.7117089033127,64.6493901610374,8.983911216259,10.8384153842926,3543.59444463253,479.695088595152,12546.8635563403,4958.45945891738,485.532920390368,68.1943210661411,2.22254905104637,178.135469585657,28.7395176887512,6651.61896699667,2.34314566850662,1.30656313896179,9.62072497606277,1562.55367144942,253.410936772823,1.39280697703362,12.2778233587742,368.38685977459,4.60046887397766,8.89020547270775,1120.51971963048,46.7146263420582,1819.34228432178,6661.37061157823,327.194181531668,1833.86528110504,1.46947854757309,0,185.725325137377,64316.175041467,428.520726561546,5.07873499393463,4876.41888016462,4864.46606054902,15689.4817449301,1371.84556210041,23074.4765727967,2.02406722307205,2.06082409620285,56.0860536694527,14572.9235317409,1557.75571864843
6.83986520767212,45.2788704633713,45.5391380786896,19.2359082698822,3.26663684844971,3.48602706193924,6.2606086730957,4.49144598841667,914.697605907917,3.02499437332153,44.3579442203045,2.93444573879242,78.2250864505768,24.2880815267563,12.8807648420334,2910.95507514477,19.5832504034042,1.79475682973862,4.6856646835804,0,387.019288301468,2575.4164198637,1132.60279920697,3543.51995292306,45.3784648478031,29.6832079589367,2777.10302820802,292.19334974885,14.7278114557266,166.23211851716,8.07806587219238,0,3.24322164058685,74.4814170002937,63.0839224159718,661.811777979136,90.5720024704933,160.448034524918,156.513511478901,31.100539624691,11.9663858413696,17.0432664752007,1116.69051703811,185.211930602789,250.853688746691,259.51215800643,222.873247772455,19.6098936796188,48.5490012764931,14.5164493322372,860.518601596355,46.2352624535561,23.4881602227688,97.5368282794952,3.76994729042053,111.358563989401,22.7471451759338,7261.40762802958,22.7046724557877,456.129641979933,36.4470273554325,516.090583950281,57.4180553257465,346.65285885334,19191.2051482499,56.3457549214363,14.0638974010944,16.4353758692741,9.26177996397018,185.725325137377,0,227.402063310146,28339.0662747622,408.188049465418,39.0066070854664,9195.66127303243,2311.32978829741,189.621006220579,228.37720566988,0,1.84528261423111,16.8271074593067,168.591295748949,274.896015644073
3.29581516981125,38.5061880946159,691.670314878225,0.551403820514679,1.31655699014664,1.55785518884659,49.8485539853573,6.42736020684242,69.9237666428089,8.40091502666473,52.5017243623734,4.96567568182945,6.04625311493874,29.0450128912926,19.0967998504639,3916.74669274688,245.626873493195,9.93073102831841,69.7263931334019,1.09212189912796,463.224820226431,450.915310412645,5974.87216508389,321.664451241493,5.49293005466461,133.741207301617,7486.23471568525,261.295220583677,8.2023161649704,95.5330693721771,0,0,0.56649261713028,433.38239595294,844.268671035767,1614.87687119842,381.181059598923,903.788339436054,906.354489177465,92.6991604268551,15.8578333854675,17.1557618677616,17469.4724490643,2403.64155244827,19147.9560253918,19069.2956132591,1526.36984282732,194.260766148567,9.8707332611084,118.498639732599,70.6329275071621,40281.68733114,4.4622158408165,0.785779178142548,45.9320673644543,7754.32488742471,919.538507729769,5.86636385321617,34.5790642499924,622.866154074669,9.8923225402832,13.9351563453674,2578.46910828352,91.5984987318516,3938.74086624384,20486.4871692359,720.507963836193,2869.36105015874,1.37157690525055,64316.175041467,227.402063310146,0,50.7452253103256,6.30399146676064,16855.8601328433,30933.4674363434,8261.54566818476,535.289691746235,14208.8166701943,7.76293140649796,1.09165090322495,3.89124703407288,6566.47246518731,4694.33287447691
22.218020349741,42.7228862047195,22.1502748429775,934.916275888681,37.004015058279,638.403065651655,450.405087798834,1360.96932026744,5363.19631794095,2948.9272415936,97.3985373973846,1052.02819082141,112.477375984192,1072.16815125942,569.356164783239,1418.79916754365,7.59251880645752,3.602075278759,10.4466006159782,511.01834911108,701.08239158988,990.310286790133,638.010031878948,21801.5225654542,50.611861884594,15.0395674705505,1076.8588744998,7574.01935172081,1115.34903329611,821.832451283932,2.91521030664444,50.57990193367,150.029494971037,1289.24219217896,353.840976059437,8176.58245825768,215.72248005867,1028.39941132069,299.887972027063,3460.57044395804,965.355629295111,236.688777178526,3522.96932244301,265.222227782011,1695.75689390302,295.443404614925,2982.70027601719,417.243292510509,58.7230387032032,105.379909813404,1386.10433515906,27.8251289129257,2473.53435057402,988.307524442673,313.372840702534,3474.74682280421,1292.31564849615,31853.1558826566,1012.90859389305,706.025672733784,1010.23523971438,613.002800554037,1405.11626133323,4272.86144241691,2704.37189882994,8.79640343785286,135.709678560495,53.8430725932121,589.140756249428,428.520726561546,28339.0662747622,50.7452253103256,0,603.114117711782,380.830760896206,3373.33255434036,13623.0418279767,3740.20404469967,783.878594607115,20.8597132265568,27.8639240860939,221.803387254477,1873.71762755513,1491.58850693703
0,92.657793879509,2.44547480344772,0,0,1.31057190895081,0,1.07685375213623,5.48774033784866,1.84444379806519,440.610452592373,0,1488.07841220498,0.66802179813385,0,3.80981355905533,7.96119067072868,0,8.82921659946442,0,0.517798662185669,8.5140580534935,3.48713880777359,18.7248111069202,1826.26861768961,660.739172369242,1962.27938529849,1.52781838178635,1.8138974905014,0,375.535663187504,0,0,13.8639678955078,0,29.1487179994583,83.7645611166954,7.22667872905731,6.24009168148041,0,0,25.9171666502953,50.7427588403225,83.2051326930523,20.4441726207733,14.047823369503,17.6398437321186,0.549729824066162,202.430953025818,0,791.008360058069,0,1.29488402605057,5.87122803926468,0,2.79023805260658,0,221.714057207108,3.34874507784843,489.439447909594,1.2116876244545,4284.23958754539,1.15422782301903,14.6922413110733,304.380195170641,0,1.41822481155396,2.92662286758423,1.00997388362885,5.07873499393463,408.188049465418,6.30399146676064,603.114117711782,0,119.942091166973,5700.02170413733,69.7985641360283,6.46411487460136,3.06509187817574,190.577300697565,0.537145972251892,0.591497838497162,242.296932905912,8.51716786623001
0.259252279996872,307.290861874819,741.853268712759,0,0.796913981437683,4.64157700538635,0,6.13771295547485,75.1301778554916,28.3268519937992,2473.25220197439,20.5856940150261,1992.00090655684,32.6296615600586,4.59975296258926,29.1928423941135,1425.06134998798,91.5801993906498,1852.73164218664,0,8.43301883339882,55.9779817163944,95.3003301024437,13.2913985550404,772.228102505207,18687.6329346895,29786.4362758994,5.70608788728714,50.4003808498383,3.95353391766548,3202.55740618706,2.42971658706665,0,805.731244504452,247.692029327154,1609.35595735908,1047.41053441167,708.796262592077,667.690911620855,30.2153335213661,16.5641192793846,20.0348434448242,17384.8011698425,14993.3045562804,8841.01638513803,7615.47626888752,729.881447523832,267.48414042592,311.204174786806,123.362212568521,345.766272991896,37675.7078132927,96.2896786928177,12.2103351652622,174.94743642211,1708.58198857307,246.844717860222,110.789031594992,1317.5834878087,2756.12413671613,622.370324641466,204.948686629534,1892.19504094124,172.450349748135,251.153955459595,14915.1627474725,4985.35640272498,32588.7669200599,134.930144488811,4876.41888016462,39.0066070854664,16855.8601328433,380.830760896206,119.942091166973,0,42950.1509182751,1261.75614203513,2902.44865000248,4458.39644116163,100.649039834738,175.758004367352,3.16620033979416,6153.94238448143,1307.22440195084
5.09042301774025,6475.72793528438,9746.84161835909,3.62865537405014,17.1093792021275,26.3839587271214,121.90658313036,25.9270678460598,137.944703042507,27.8374871015549,2296.01353430748,19.0936538279057,3455.23414501548,49.8775050938129,23.0609384477139,1552.89250400662,7218.00953617692,179.737625837326,3126.98192828894,1.57046365737915,391.463488638401,2645.90226373076,9351.47112059593,292.202497333288,3916.87791770697,25016.6362528801,161727.760024384,374.524533569813,161.417083531618,44.7694497108459,4137.23863893747,6.26969945430756,0,4225.79129749537,1008.95148539543,8992.70564493537,3248.09403347969,5155.5670902431,3609.59132647514,169.891334950924,56.3624548316002,61.9284664988518,42429.887177825,12437.7760543823,18821.4341349006,18129.1460283995,1483.31529545784,352.521432876587,109.137696713209,68.0568073391914,18280.6447293162,12189.0895687938,37.7066096663475,22.4416669011116,49.4262989461422,2489.59076887369,304.765675753355,990.061750799417,339.585690021515,1286.12375214696,125.321583300829,884.630743592978,1033.68723709881,144.557052820921,13084.7823759913,20823.3897900283,2789.56662791967,17080.0484844744,35.0268161296844,4864.46606054902,9195.66127303243,30933.4674363434,3373.33255434036,5700.02170413733,42950.1509182751,0,5380.44270285964,686.491120129824,3220.08999238908,231.280249625444,9.44514784216881,12.540688842535,6545.57146337628,4746.41892656684
23.3370037972927,28.4466292560101,42.8456799536943,1142.99092757702,31.9291266798973,504.783453941345,355.10532310605,922.98782786727,3026.79153588414,3222.55263990164,31.7259809374809,1155.93247562647,11.2901502847672,687.854296028614,408.373663574457,1592.47694449127,16.8850973248482,0,2.48263174295425,723.273524612188,1338.26612439752,746.970430225134,871.470421209931,13336.1991764009,17.1080583930016,4.76071017980576,674.062559321523,7450.22976604104,519.859783470631,991.838215082884,0,19.7638063132763,63.8131958246231,760.818843632936,426.054179877043,5676.78212106228,137.79200437665,542.184277504683,227.039188832045,2726.0313564837,537.786988705397,140.591701298952,12703.5785677135,982.954023003578,8886.17245307565,2066.12236189842,4255.4632807672,1462.07910916209,43.2228419184685,405.82322242856,184.636832624674,1140.52703404427,4532.93143829703,194.463362127542,1935.95862171054,103200.921590865,7863.93400099874,4939.25922253728,16831.2961842418,564.201232016087,1524.030344069,89.2646661996841,7552.9544069469,1032.49753579497,2786.40951424837,278.978211462498,434.999695748091,207.205617815256,939.224428772926,15689.4817449301,2311.32978829741,8261.54566818476,13623.0418279767,69.7985641360283,1261.75614203513,5380.44270285964,0,14365.1177257001,57120.6110494137,35.2814212143421,79.4700066745281,1310.42695355415,9754.30332481861,5735.21648916602
2.29542452096939,5.08543625473976,4.82948863506317,109.866136670113,0,64.7269084751606,53.6441079378128,83.3077774643898,478.147883027792,134.855584919453,0,78.7119878232479,3.27415624260902,28.5286626517773,81.589123994112,59.5876257717609,2.23595005273819,0,3.49214550852776,54.9264508485794,65.3734518885612,28.7350991070271,23.1745310127735,3050.08644101024,1.37277448177338,14.4941432476044,76.6374396681786,918.942239999771,41.3165377080441,105.24271517992,0,0,31.0302368700504,129.615554690361,19.8195164203644,1289.57247856259,12.9621821045876,90.3208032548428,23.8922617733479,928.772564023733,101.018408626318,19.4050752520561,1295.75041595101,138.965035736561,3222.03972533345,443.800126224756,757.20497572422,1018.16185191274,23.6485593616962,6315.50707256794,14.3012627661228,83.8513239324093,484.479617595673,51.5944326519966,245.973520815372,4509.10633900762,802.771628916264,874.29963517189,4168.70511087775,4038.80382728577,1147.18763121963,186.315456300974,13624.4592396617,274.279490202665,136.446731835604,451.150722712278,1000.35451817513,377.860672384501,319.517637997866,1371.84556210041,189.621006220579,535.289691746235,3740.20404469967,6.46411487460136,2902.44865000248,686.491120129824,14365.1177257001,0,11956.95510602,513.897011637688,101.906922370195,1755.99549278617,14520.6409047246,266.719971776009
1.18718141317368,5.81834670901299,47.3431570231915,2.62245941162109,2.67513489723206,4.76790118217468,12.6820419430733,8.99564105272293,89.2560320496559,5.14630097150803,2.37645986676216,4.72290998697281,0,8.11067625880241,20.5754225850105,197.397197514772,19.199481010437,0.691899359226227,0.363254725933075,0,203.70690497756,52.6253492534161,209.482121944427,784.102366358042,0,18.3084572851658,459.357902020216,472.067483156919,17.5014175474644,60.6339410245419,0,0,1.6861806511879,31.3188331127167,99.0814232230186,522.331561207771,22.1520589888096,41.9009264707565,30.8321567773819,58.7640942633152,20.0698385834694,6.79848849773407,1346.85343122482,152.56394302845,5732.98123770952,1665.93218436837,337.999754458666,109.282110750675,0.472982883453369,1630.34446980059,25.7472425401211,2185.98638287187,4.64931118488312,1.09613537788391,31.390140235424,16607.8045676649,765.604535520077,91.1963591873646,62.5144729316235,441.977160513401,16.59720531106,6.92589262127876,5081.80273613334,36.1454627513885,495.846997052431,8232.95596173406,437.581339746714,3343.17080649734,4.48787978291512,23074.4765727967,228.37720566988,14208.8166701943,783.878594607115,3.06509187817574,4458.39644116163,3220.08999238908,57120.6110494137,11956.95510602,0,10.3051061630249,3.96064811944962,1372.43648606539,11906.9402446151,841.552939653397
0,20.3835146427155,0,0,0,0.39387571811676,0,0,2.23391616344452,3.34046876430511,3657.35947826505,3.11383330821991,3564.46163484454,0.50924676656723,0.467167168855667,0,0,1.95115572214127,40.1316258907318,0.519382357597351,0,3.16082817316055,0.673229455947876,0,527.778146743774,2986.42365473509,1791.63749858737,0.893521249294281,2.39407420158386,0,2321.5881985724,0,0,4.06368154287338,14.5464496910572,13.6336240470409,393.325571209192,26.8764686882496,7.59585097432137,0.523760378360748,0,22.0434831380844,415.337947934866,1976.99443346262,922.992596030235,231.673095911741,83.4403510987759,25.8295961618423,666.843056052923,7.26763340830803,3.31611421704292,0.815394759178162,6.21055987477303,1.00857657194138,19.5940079092979,42.2904405593872,13.5168345570564,7.22399172186852,80.6090633571148,1896.10902810097,54.7353684902191,461.072803616524,167.305880635977,21.1082358062267,4.07243931293488,0,5.30886533856392,2.16329061985016,10.3998464047909,2.02406722307205,0,7.76293140649796,20.8597132265568,190.577300697565,100.649039834738,231.280249625444,35.2814212143421,513.897011637688,10.3051061630249,0,91.2482900321484,0,606.855213731527,55.2232434153557
0,0,0,0.412928253412247,0,2.8823416531086,1.62090361118317,0,8.67362406849861,0,0,3.37954553961754,0.602963626384735,0,3.16677582263947,0,0,0,0,0.905733436346054,0,0,0,40.0644800662994,0,0,0,5.36142098903656,0,0,0,0,0,0,3.30875062942505,4.91399291157722,0,0,0,20.0965380966663,0,0,121.390514642,8.71595725417137,268.793277919292,40.8091528713703,247.311794281006,11673.7577776611,3.72725075483322,2.5114774107933,0,0,16.4700812250376,57.4100955426693,57.4413455724716,28.8956925272942,21.9685823917389,12.1682020127773,148.848814100027,693.730806946754,89.3279256522655,38.3285608291626,8.6095284819603,50.4433670938015,0.942254424095154,0,15.3354117870331,0,15.7713098376989,2.06082409620285,1.84528261423111,1.09165090322495,27.8639240860939,0.537145972251892,175.758004367352,9.44514784216881,79.4700066745281,101.906922370195,3.96064811944962,91.2482900321484,0,0,4775.5743919313,20.247868001461
0,0,0,0.671151399612427,0,13.4785883426666,1.08107686042786,14.2735773921013,31.9603348374367,7.00824081897736,2.33882009983063,4.59653449058533,0,14.0778928101063,7.13860017061234,3.99456876516342,0,0,0,3.18251121044159,6.95734280347824,2.09925955533981,4.57185840606689,273.514158934355,1.09636378288269,0,2.03583443164825,71.1537727713585,12.9612949490547,17.0631475746632,0,0,2.97572016716003,28.7293404638767,7.74444454908371,157.975806564093,1.87369710206985,9.61092689633369,8.36388283967972,66.1727747619152,20.513006657362,3.97513866424561,16.3990003764629,1.83318734169006,118.32069426775,12.6329779326916,13.760890930891,3.68896698951721,0,61.5166718959808,1.73429489135742,0,1.12255236506462,2.38507306575775,0,73.0447390377522,15.2159492969513,46.0624099075794,3.01798966526985,6.83648788928986,1.08736884593964,1.0756963789463,81.4509525895119,4.22552898526192,5.53136104345322,3.06660604476929,0.472580194473267,0.650980234146118,0,56.0860536694527,16.8271074593067,3.89124703407288,221.803387254477,0.591497838497162,3.16620033979416,12.540688842535,1310.42695355415,1755.99549278617,1372.43648606539,0,0,0,705.10772266984,3.01006776094437
9.88077414035797,89.0143176317215,293.182337790728,195.411873191595,34.0843151807785,359.809345126152,164.290230304003,358.555347889662,280.54309874773,774.41015407443,1745.04736506939,351.122407734394,1549.23943907022,251.154872983694,224.466172516346,616.763009548187,250.031790047884,15.880930185318,79.6127732396126,193.199720561504,456.810460031033,50.7629923522472,1221.17430537939,2530.12987434864,105.248030036688,403.042802631855,2523.11866492033,1505.94938597083,218.941710323095,307.367218494415,32.169248342514,59.1120964586735,25.3948307931423,558.43501996994,264.245703667402,2568.56367200613,677.084456801414,1908.86433658004,471.181639254093,4730.5975202024,429.338514775038,366.274874389172,6425.45821371675,2692.80776724219,7748.2435438931,2859.82778307796,9932.62162435055,1007.94296962023,2663.99363160133,567.877361893654,164.130969405174,1467.44477525353,380.265067994595,113.967157751322,445.296055197716,2570.39106482267,1056.64804591238,458.945169240236,3124.61713299155,8800.79018872976,1238.52728113532,1287.11769384146,4198.1875411123,817.568188250065,1790.55170345306,700.306998223066,4143.49555659294,1807.2853795588,293.657172143459,14572.9235317409,168.591295748949,6566.47246518731,1873.71762755513,242.296932905912,6153.94238448143,6545.57146337628,9754.30332481861,14520.6409047246,11906.9402446151,606.855213731527,4775.5743919313,705.10772266984,0,761.798353850842
6.69366723299026,15.6834756731987,187.551559448242,14.2711765766144,1498.33014905453,385.983220458031,122.987338334322,56.6630195379257,302.168332278728,104.777110308409,162.671843856573,2436.22857123613,0.472018420696259,48.7869555056095,1467.36211192608,870.710471987724,93.6980617642403,121.454547345638,133.06734880805,4.10261249542236,575.951179772615,197.686993539333,1495.84989893436,1532.61759588122,5.11128962039948,541.2102201581,1696.85484492779,747.995725035667,50.7752930521965,367.585561990738,3.99734568595886,12.307546377182,15.0046503543854,149.517918020487,330783.927083075,3497.6125062108,1605.0798547864,247.297099232674,2345.10327079892,492.836666554213,224.166709601879,115.734985947609,13427.1264250875,4356.13420417905,1409.8314858377,7752.04463723302,688.28069549799,668.689428567886,61.9254602789879,35.7259405553341,28.3064830005169,421.221221864223,93.6543219387531,94.1005555391312,5134.67894250154,579.360668390989,855.803399324417,353.560827732086,7749.37537115812,219.767821371555,3804.27564924955,16.3431113660336,222.309443920851,339.055847585201,5051.32899543643,44.2084192335606,280.944442093372,279.459774702787,13.6902507543564,1557.75571864843,274.896015644073,4694.33287447691,1491.58850693703,8.51716786623001,1307.22440195084,4746.41892656684,5735.21648916602,266.719971776009,841.552939653397,55.2232434153557,20.247868001461,3.01006776094437,761.798353850842,0
