"Predictor","Test_Statistic","p_value","functional_ve","semi_partial_r"
"bpd2",117.887094025248,0,0.0171680735794502,0.0249816145221869
"eTIV",168.423617775426,0,0.0785131537345134,0.0294345464013395
"sex",5.70480660963535,2.60086067721779e-12,0.0183502215762723,0.00541783859782816
"sriskscore",3.13643769151163,0.00108946912557159,0.0148783655370399,0.00284625187236486
"age_at_5y_mri",9.5927344895099,3.32676643029293e-14,0.000671113286466009,0.00540841120451237
"Rel_Motion",433.129249876193,0,0.0907951445524712,0.0400037025755158
