"Predictor","Test_Statistic","p_value","functional_ve","semi_partial_r"
"bw_z",3.61386397029298,0.00249026162752231,0.00059495316885259,0.0129513879702654
"eTIV",31.2531270821232,3.40123893491178e-59,0.00603181380263077,0.056968093013079
"sex",22.8408325111334,6.02546320644358e-46,0.00707038800343779,0.0507338227143936
"sriskscore",54.3467753771576,3.89116793849888e-87,0.00408097265146137,0.0680526830495509
"age_at_5y_mri",6.01993153206227,2.48293356333524e-07,0.000377443482554056,0.0208324607595419
"Rel_Motion",31.3150034204862,7.78499513082069e-73,0.00498153170174312,0.0633876898802712
