"Predictor","Test_Statistic","p_value","functional_ve","semi_partial_r"
"globalbrainscore2",547.374892465405,0,0.141147888553961,0.157554353484965
"eTIV",2894.42714000819,0,0.410235239834168,0.359582154932064
"sex",449.007247772205,6.54256651548393e-111,0.0912809168098281,0.0608209144898149
"sriskscore",200.248398965163,1.2010001763701e-106,0.0589709884589863,0.0601066933604257
"age_at_5y_mri",137.064627357235,3.57974893250127e-69,0.0155214993674209,0.0482454711348671
"Rel_Motion",1835.33050620826,0,0.211531754750531,0.238721314201926
