"Predictor","Test_Statistic","p_value","functional_ve","semi_partial_r"
"anyrop",203.992315177885,4.94790079426474e-294,0.0601489995300829,0.102821062939829
"eTIV",3077.39260898081,0,0.410235239834168,0.398580124752346
"sex",205.909723065236,1.11221745459652e-51,0.0912809168098281,0.0416973905168279
"sriskscore",197.635653693365,5.9721493148402e-153,0.0589709884589863,0.0735802959139825
"age_at_5y_mri",91.3927353738286,2.90054427234285e-48,0.0155214993674209,0.0409049016320475
"Rel_Motion",1808.8871157931,0,0.211531754750531,0.250213579670127
