"Predictor","Test_Statistic","p_value","functional_ve","semi_partial_r"
"globalbrainscore2",124.771944001286,7.85313380380357e-265,0.0166981968702152,0.116748017334428
"eTIV",79.8758742121527,5.44697194295242e-158,0.00603181380263077,0.0904758564462332
"sex",11.2963897514894,1.15350613702191e-21,0.00707038800343779,0.0355942430904361
"sriskscore",46.323551724793,3.14616424591766e-75,0.00408097265146137,0.0627755526133522
"age_at_5y_mri",6.1369552381371,1.15368105333739e-07,0.000377443482554056,0.0211419317257061
"Rel_Motion",25.1750940702052,2.66773220097328e-57,0.00498153170174312,0.0560449278886612
