"Predictor","Test_Statistic","p_value","functional_ve","semi_partial_r"
"Group",639.138021758845,6.41928261958422e-133,0.00381165834145226,0.0529402565520861
"eTIV",1254.75559574985,2.31743749904655e-265,0.00844150766604056,0.0736177257892055
