0,0,0.0551165662708531,0.00146458814979031,0.000110639969510603,0.0147481995254963,0.870530614045471,0.365892714563256,0.00228194603626402,0.045870030392999,0.00580649108255564,0.00290074983692663,0.00029155838420775,1.9996090808017,0.00109818984470486,0.000312889517958481,0.0156176625955278,0.00231815906464604,0.000738886254623696,0.00149440768054227,0.0613554804487235,0,0.0932029140841355,0.00372039676228579,0,0.011217734477285,0.0131157252424132,0.0273437262786937,0.849398887946738,1.52720953369534,0.00015249525744673,0.00292448598016979,0.00249767873871159,0.00683187601441485,0.0020102710378091,0.0204101667026009,0.00286544889350957,0.00905085322802508,0.00388543523544763,0.002156941139385,0.00226354853530647,0.00118283661112918,0.000982910075110485,8.58761674511582e-05,0.000616064017859286,0.000191713953901184,0.000402560489765852,0.000165416559859168,0.000462815935313973,6.71735479874909e-05,0,0.000832095750758228,0.000129096763993001,0,0,0.000926624944682313,9.37263079120756e-05,0.000870242448270655,0,0,5.66181317425072e-05,0,0.000100425055406546,0.000118727072289204,0.00031200904208799,0,0,0,0,0.000463074989951863,0.000145894503238613,0.000689991633947944,0.00387190839811366,0,6.32256844124675e-05,0.00202230589961225,0.00679998004147222,0.000296504249113507,0.00155402757445859,0,0,0,0.0001965269753613,0.000212386902182048
0,0,0.00504142264851654,0,0.000293571120307237,9.72001449820343e-05,0.000546090707263556,0.000253667492226055,0.218353478739301,0.000259690111780191,0.0482839944113501,0.000117774220680219,0.360192778893587,0.00039995423668823,0.00352799547745845,0.0357074639518663,0.0114564945565209,0.000505906580973396,0.000860180445942425,3.94243954984754e-05,0.00799542679670702,0.22695290232967,0.00461956164191194,0.358070566157757,0.208361308916301,0.0243948889695459,1.34890951941516,0.0152252794782021,8.17042387981683e-05,0.00194998276073015,0.0353185229713696,0.000157703340312529,0,0.00731585620751298,0.000403473252968531,0.0133768305494617,0.0156998602536043,0.00866034672743822,0.00203108973213689,0.00021344215964371,0.000394689098750114,0.0348298300421658,0.00699604034907363,0.0107314847238597,0.0040640563919833,0.00299217622466122,0.000272700019382227,0.000237077559118712,0.00590517146660716,0,0.179451745185932,0.0131959144375558,8.95400638859629e-05,0,0,0.000321946468500674,0,0.00639225047957272,0.000483873744626975,0.0101099377733322,0.000103973831042099,0.0276559454752845,0.000222273683270944,0,0.00610689984968836,0.00240170079953889,0.00320081576963853,0.00382905084372346,0.000266604426275325,0.00125955552123737,0.0062217553051895,0.00871231723389581,0.00627443493732671,0.019396025657245,0.0473662284790283,0.500093939373883,0.00261162454875891,0.000121293051986599,0.000383594009023094,0.0352417846765305,5.4435305419445e-05,0,0.00101155853595991,0.000823406297826501
0.0551165662708531,0.00504142264851654,0,0.0011099879050372,0.00531604872360976,0.00942802696109188,0.163227838087464,0.180663982050908,0.0106716851720106,0.0273493335754957,0.00649894618847861,0.00214038014263299,3.6735775409767e-05,0.235989732750319,0.00660807141458125,0.0138960128884561,0.945763872519348,0.00874509929358457,0.0383305968944759,0.000785503039399824,0.178789674518439,0.00214820014306769,3.23875504599436,0.0186928362492095,0.000219893599684751,2.3258235811755,3.79948797406024,0.109483473038576,0.171006745640436,0.260858044916397,0,0.00441796547497351,0.0164980876839743,0.0961352249249975,0.0290531780922364,0.27413247563958,0.288241271647041,0.185646924100108,0.0643420679007827,0.00787532499286519,0.00789120010899383,0.00188489924113388,0.0619578730868727,0.02965467802479,0.0302747675496985,0.026845234138809,0.000985539112149932,0.00151561165142332,0.000874026229253409,0.000288593209339625,0.0131403108288004,0.454092702688494,0,0.000143983776236141,0,0.00639429430201428,0.000651663857688642,0.00503426719236539,0,0.000817589658798444,5.87632930857241e-05,0,0.00363897521725663,0.000153848784017825,0.00841980934637515,0.0238656129440669,0.000834309840354953,0.00643234059085624,0,0.00841278011750093,0.00688158961651463,0.126158036213756,0.0182013008016136,0.000337584989578688,0.0969034641954177,1.12254902443456,0.0182088134424088,0.0010860349053375,0.00908358036654359,0,0,0,0.00883243746542956,0.0115822490964108
0.00146458814979031,0,0.0011099879050372,0,0.00358394615358872,0.00442520205425314,0.00737082464262686,0.0160759486669258,0.321014373367759,0.241988748968466,0.00300870006578186,0.467060583000973,0,0.0130983784429292,0.0263334859982629,0,0.000225900172080926,0.0010960610066401,0.000285302346329051,2.13508647542961,0.000748480010211739,0,0.00141034718762452,0.531428101353823,0,0.00064040966894213,0.000289657372357375,1.49700025372871,0.0109733355578319,0.004727527097606,0,0.00266370776063163,0.00028083777284618,0.00474746460029464,0.00114653497755756,0.0417361658506864,0.000894126543843895,0.0070944506685177,0.00160600966993454,0.0223274444251751,0.00439822631258371,0.0021217305302616,0.00527170226586432,4.75337192747951e-05,0.00282908303377517,0.000718367923095682,0.0114079368162502,0.000693392730693126,0.00130039386276001,0,0.000333466451369727,0,0.0885528276246714,0.000739308979013509,0.00911406618408703,0.0169847615745612,0.00240730942332772,0.101093916646342,0.095895609212693,0,0.0592316971716987,0,0.00263760777397651,0.00685404744180241,3.13268242681801e-05,0,0,0,0.0270089207608882,0.000124807717358553,0.000610549658389762,0,0.144340503179695,0,0,8.49500485951275e-05,0.188477449257601,0.00259254890123257,0.000823685970354784,0,0,0,0.00159240077924092,0.000244723930698276
0.000110639969510603,0.000293571120307237,0.00531604872360976,0.00358394615358872,0,0.213785760942283,0.0102173545293529,0.0272002073794555,0.0192574025700414,0.00553762536348323,0.00201535698963206,0.0533646611513641,6.44281864778996e-05,0.0115023601970484,0.366633396617098,0.0318131673825014,0.00706079673290544,0.000714254105742913,0.00137944365875261,0.00365206381919912,0.0903984842380144,0.000492526685314894,0.193955584396568,0.0162154076137538,5.66215577812433e-05,0.00543316786316507,0.0599411821993516,0.0265740769949557,0.00402907620943233,0.0349079606330378,0,0.131115882196797,0.0011106742601589,0.0556682533024801,0.114094911448818,0.0291362096931783,0.0302246657034203,0.00617191725853246,0.032858656309664,1.09168598092031,0.85689010684502,0.00250291011756848,0.00205858962288278,0.000983046920962878,0.00151690610965521,0.00407534264287636,0.0021013492885371,0.000270562005002445,0.00289710618039202,0,0.000173318956793546,0.00234204297792613,0.00402838462678673,0.000271175367805905,0.000961164929509762,0.00153300603611906,0.000684139536223203,0.00112723917889423,0.00423544306829125,0,0.00405800492185884,0,0.00025156119953357,0.000750805033227039,0.0022757356494132,0,0.000295583400673872,5.60403429093361e-05,0.00139001715418792,0.000975202474481833,0.000262180756156331,0.00485600216960747,0.00510365192666326,0,0.000422087543363094,0.00725272175813674,0.00885765072195099,0.000830179691681385,0.00138113292639672,0.00014533879332174,0.000210315703599966,0,0.000586740970518875,0.190325134356635
0.0147481995254963,9.72001449820343e-05,0.00942802696109188,0.00442520205425314,0.213785760942283,0,0.353406389489368,2.22525860538859,0.0130424918173705,1.88504999363674,0.0353351736456237,0.43705023150201,0.00247888183884392,0.312969985058175,0.474193566860631,4.06262809841662e-05,0.00398580284438776,0.00797295145180344,0.00425370442308036,0.0157184530253659,0.0190744332475972,0.000101774571528542,0.0126194334504393,0.00660306230735951,9.13635528973936e-05,0.015922289990527,0.0109760351999536,0.047305280704237,0.0671465236405724,0.0408919754888673,0.000922752290431808,0.503147709884001,0.00081695082857089,0.0264663213184551,0.113278655328683,0.137592249924112,0.00583423711729579,0.0338463017238892,0.00819201408697092,0.462882271088258,0.0335641719510877,0.0122598475713871,0.00616601344049055,4.51161047478318e-05,0.00479167113733132,0.0018604502378825,0.00291194593581917,0.0018253222263174,0.00615685137382561,0,3.36641199011117e-05,0,0.00424051814686452,0.000337705496067941,0.00113120279474124,0.00489676345742793,0.000943827519462893,0.00601178193470422,0.00466612037436503,0.000325263871247936,0.00335237296266694,0.000137151796582714,0.00148728651158629,0.000784267754057628,9.20038655971081e-05,0,0,0,0.00122867238238942,0.000255312173112526,0,0.000266289989372763,0.0219906299324066,0,0,0.00050305791286855,0.0299400544411115,0.00159167274064793,0.00138757673961443,0,0.00010587832254684,0,0.00113741292155625,0.0185410530126863
0.870530614045471,0.000546090707263556,0.163227838087464,0.00737082464262686,0.0102173545293529,0.353406389489368,0,1.20687877716771,0.420751812838184,1.40862501830828,0.0445688548250815,0.0149143046253141,0.00219510658628312,2.67063192660733,0.0715466499623942,0.00600807492058003,0.0152234553270377,0.0132549728444712,0.0072257849789454,0.00458436903959776,0.606395050810137,0.00196495427120565,0.311231498983138,0.973555234081706,0.000367895057768875,0.0374759657037356,0.076053829987362,9.52359469524486,0.297274349895802,1.90499435299503,0.00117782404569932,0.026344704259176,0.0118401046797214,0.0743613154611451,0.0259589627752953,0.368353766151822,0.0269526384828116,0.141875372728484,0.0543360480641987,0.0494023696881383,0.0320438735443526,0.0162487423728417,0.0676813185319145,0.000853365845795358,0.0389904754896305,0.0109171676861262,0.0303974040672833,0.00708547700449464,0.0167428049824191,0.000541327245410729,0.000367591019617689,0.00413641546137963,0.0563721527771496,0.00016189536410352,0.00783564448622689,0.13204427780033,0.0280859020532565,0.147407328215003,0.0699617002142285,0.00267649710157555,0.0186264202418152,0.000171560310524643,0.0334054574025745,0.00433417789097235,0.00790328503439118,3.13171814971835e-05,0,0,0.0177007390823388,0.00374730284652913,0.00421784059597518,0.0163252322584262,0.426928070233685,5.69042569118201e-05,0.000185346489340117,0.0248305423127211,0.637803254768305,0.0395652882157065,0.0168685391698161,0,0.00176833727252135,0.000441532500708181,0.0190387193726851,0.00383178077733561
0.365892714563256,0.000253667492226055,0.180663982050908,0.0160759486669258,0.0272002073794555,2.22525860538859,1.20687877716771,0,0.0486900208191574,1.08203665537134,0.0266744204634585,0.484180615586763,0.00199610212114042,2.42915855682287,0.0987944861269977,0.000980959101535593,0.0389668152687997,0.00643024647159248,0.00336799386028749,0.0657172618024344,0.181325317111962,0.000939400482282355,0.26444863218336,0.0292023055455631,9.82599383259651e-05,0.0456054690760774,0.0425833827638656,0.121589853520975,0.21005929002644,1.25841701573918,0.000466236081692377,0.0956209194221259,0.0028046487962682,0.0276167610365367,0.0175179133532741,0.266587357179335,0.0148145522610861,0.0416479652741189,0.0178500853383695,0.392024395414259,0.0526114633464121,0.023150089273829,0.0511210892849638,0.000442383589852047,0.0256346803890834,0.00718868701119173,0.0212971941858938,0.00443446919682912,0.0193478703800177,0.000453691085938361,5.7534733824271e-05,0.00146804692354911,0.015974873197635,0.000111806709951044,0.00232494632886432,0.0847902472457373,0.00416680734702069,0.0516696904261323,0.0224084813960158,4.91977929345191e-05,0.0114952196889347,0.000217331491035819,0.00617825242503821,0.00208662523295801,0.00121918283950077,0,0,0,0.00538939621858536,0.0013960475131582,0.00171209746070416,0.0019375953922466,0.255529961403366,0,0,0.00303578060456104,0.380253209307744,0.0106423764990206,0.011953686970438,0,0.00141199237249791,0.000204386447622562,0.00872846245484361,0.0027246667397492
0.00228194603626402,0.218353478739301,0.0106716851720106,0.321014373367759,0.0192574025700414,0.0130424918173705,0.420751812838184,0.0486900208191574,0,0.14197398444968,0.0182613072722622,0.533742822131242,0.0586479319812195,0.0398916036007048,0.185532369814322,0.0224004935464908,0.00261266949057342,0.00454275487991375,0.00187162218561466,0.12999065221269,0.0258612783927115,0.78344224339191,0.0172959124958155,3.03586355727463,0.0362388158217217,0.0125655115709704,0.605344697747053,0.801250402138917,0.0457814967346937,0.0807216989523846,0.0134307632968188,0.00752531446583618,0.00726089758137854,0.0230344703612499,0.0131016811509728,0.140545028512836,0.00991512191398411,0.0299814762600857,0.00844286596244705,0.064071912181618,0.0106053275091446,0.00803504361333883,0.0360097308651535,0.00239395292284923,0.0103446690776462,0.00511928347502863,0.00827503446348083,0.00213643073492783,0.00435766291201003,0.00057921375967626,0.00406526374358244,0.00110676681740709,0.031690091932522,0.000557576587911355,0.00417622807156787,0.0223829861025168,0.00844531797944279,0.345031669171847,0.0269090053220417,0.00482245500147936,0.0207561147706888,0.00453389445478134,0.0092126129660317,0.00492673773897182,0.0358770638524653,0.00102278326291791,0.0024996467486528,0.00144998437551482,0.0088791577364133,0.0237843984036224,0.0689816902916312,0.00938951681394902,0.463159030984989,0.00158415440587281,0.00639229836905314,0.0248567233796121,0.25549887985988,0.0204297134009649,0.0224835958610868,0.00378020005382497,0.00146028243673738,0.0015383105654603,0.0050676868812916,0.00510077334371783
0.045870030392999,0.000259690111780191,0.0273493335754957,0.241988748968466,0.00553762536348323,1.88504999363674,1.40862501830828,1.08203665537134,0.14197398444968,0,0.143446367365709,0.44223658061955,0.00743868359137784,0.713684304105157,0.0316508513742945,0.000220435468726823,0.0187746077890268,0.045292958371308,0.0241678483045561,0.18923404288084,0.0360121391103492,3.54087188750416e-05,0.0325154990369703,0.0708183417685767,0.000339589147177428,0.0748392938509573,0.0495900518807272,0.977235080847325,0.386557158609062,0.10535609789349,0.00237173403490628,0.0979705803526669,0.00453447377300034,0.145436259882786,0.0513894955985133,1.08573859463544,0.0274524030717121,0.207321064919345,0.0407491193377889,0.200129275556357,0.111676935271029,0.0386337381339209,0.0233523062990359,0.000401903258654196,0.0172890603566853,0.00400519171442265,0.0288016324385547,0.00435095288110629,0.0176447866208081,0.000300453662180227,0.000280083119454626,2.95912434431612e-05,0.174853600771067,0.0017450151384474,0.0164194032972634,0.0846242902617772,0.00798760910710596,0.121938526450636,0.194243742876979,0.000521477918986648,0.0734198269878654,0.000214784370636162,0.00428990665059378,0.0141127012626947,0.000607989107274872,0,3.42910367357523e-05,0,0.0576858911224447,0.000219923074877164,0.00290418839759304,0.000748349016505322,0.392330577976171,0.000284869534158516,0,0.00156144107459301,0.599478636054068,0.00685475683287939,0.00479087054874904,0,0.000139971029706869,0.000134765254993927,0.00852472049121675,0.00399611521294109
0.00580649108255564,0.0482839944113501,0.00649894618847861,0.00300870006578186,0.00201535698963206,0.0353351736456237,0.0445688548250815,0.0266744204634585,0.0182613072722622,0.143446367365709,0,0.110196664292204,0.805904745229006,0.255142732375285,0.00627019504818232,0.000899376950887758,0.0797994987394107,0.990412783875735,0.127069731468154,0.0249218846686793,0.00871261466392064,0.0110262020605443,0.0247581769300844,0.0109700675203352,0.0945066880799298,0.689102839655404,0.130121877798663,0.0191748120246731,0.415969461713802,0.0468569490379812,0.0934596592636289,0.136543020556161,0.000685735019407886,1.2498725340576,0.026744991320247,0.247337430815588,0.711548967155882,0.677836045013824,0.172744779643229,0.031522187913055,0.0260699599803848,0.257770579271076,0.00360946700565837,0.16407517117499,0.00726793127911549,0.0013341032583796,0.00133860579172828,0.00274110583868636,0.114797810764128,9.75857968447094e-05,0.0162172889969221,0.00110368655390909,0,0.000130984956346321,0,0.00226095213142003,0.000328473243862968,0.0176875836243869,8.91522942059159e-05,0.19194271502203,0.000752285569863266,0.498412731193697,0.000207611840587741,0.000475523823393279,0.000212037867113659,9.79891525883017e-05,0.00627796668731906,0.000632600949235916,0,0,0.00434521866538573,0.000532551098686603,0.0228155290555716,0.0562758388422296,0.0713473978895506,0.0923127572870865,0.00509471498934652,0.00157457174335854,0.00046701893690514,0.157425870172232,0.00115515930894549,0,0.00891044103283253,0.0105397158461074
0.00290074983692663,0.000117774220680219,0.00214038014263299,0.467060583000973,0.0533646611513641,0.43705023150201,0.0149143046253141,0.484180615586763,0.533742822131242,0.44223658061955,0.110196664292204,0,0.00450335997569238,0.290025804319378,0.408607976206138,0.000160933531876564,0.0106867544291406,0.029615269400329,0.0121892742053873,0.832346711041826,0.00194755674999558,0.000119030812873647,0.00695662518886736,0.070860430638365,0.000281988924542293,0.0426297561846179,0.0235156621877419,0.257874219783131,0.0941313407659683,0.010166939967234,0.00219170976002285,0.0454687811619225,0.000113288042779372,0.0535297581647513,0.205950287264729,0.218571257709062,0.0137202005662932,0.0620580611370691,0.0123394439492357,0.314819731944908,0.0406275057045487,0.0281967478638925,0.0115891200224576,0.000580325053513274,0.00819995581633123,0.00282448635674235,0.0207744510050664,0.00374029623272752,0.0166945688957148,0,0.000283271220068586,0.000245968955319602,0.0862992383373388,0.00203780876242406,0.0208979135035957,0.0149717476415615,0.00724319212148022,0.0519503043322784,0.11793068143274,0.0013411300423811,0.123470600735577,0.000361356082170049,0.00498057158157681,0.013538392089251,0.000111348408910161,9.53207295072909e-05,0.000597215244869912,0.000301996333969683,0.0282009538009394,0,0.000430191846035695,0.000225301508002341,0.0998241986980212,0.000120649399033156,0.000406158047582063,0.000264829746252367,0.138732370038211,0.00397798643351947,0.00227569462809495,0,0.000764338910293179,0.000132784232539391,0.00343472457534325,0.0335532187484228
0.00029155838420775,0.360192778893587,3.6735775409767e-05,0,6.44281864778996e-05,0.00247888183884392,0.00219510658628312,0.00199610212114042,0.0586479319812195,0.00743868359137784,0.805904745229006,0.00450335997569238,0,0.0111042451239009,0.000834098854809845,0.00269451844599843,0.000915055225274388,0.000927964107626219,0.000368497922632045,0.000731125582564014,0.00101252608629377,0.112849860901654,0.000833042439250583,0.0641621173715172,1.13629878860276,0.0158714109535273,0.32392798788095,0.00263548348251714,0.0120303526241412,0.00282354945578319,0.104631176389898,0.00694805819671459,0,0.0813818622331288,0.000879994466474367,0.0152451282255774,0.551720204289897,0.144065822413979,0.00969568310619723,0.00192019484443422,0.00352069043906208,0.442215468048573,0.00132221894122223,0.326809008107112,0.00869298647248036,0.00126535938366087,0.00021252090372529,0.00215184911559197,0.172763311293173,0,0.0514617609692352,0.000120364557958174,0,8.75018067467511e-05,0.000115385521062338,0.000190295938450718,0.000106489851695764,0.0148301687193325,0.000184997137939512,0.360791643068382,8.12681426703155e-05,1.22561883988915,0.000555063784195471,0,0.000207038887884367,7.63780326578558e-05,0.0120791356680109,0.000866104192913881,0,0,0.0140876847219186,0,0.00907880681691,0.240078880735577,0.166416933324971,0.25956816255064,0.000639286689578628,0.00216387281998258,0,0.427454776606796,0.00140854170274154,0,0.0101190271425649,0.000255834140032863
1.9996090808017,0.00039995423668823,0.235989732750319,0.0130983784429292,0.0115023601970484,0.312969985058175,2.67063192660733,2.42915855682287,0.0398916036007048,0.713684304105157,0.255142732375285,0.290025804319378,0.0111042451239009,0,0.0377666271949671,0.00124836394214241,0.102037598923745,0.0682601397072272,0.0287079536555367,0.0597818738899092,0.214419201429175,0.00104464301192707,0.405475036357278,0.0341451612767853,0.00058249664736192,0.137585694619874,0.129109543141614,0.139138445753633,1.60572701926579,2.5489383101658,0.00655779937620982,0.0338665531863013,0.010175049417007,0.103051374717985,0.0212521023717069,0.304919155412417,0.0309162000091577,0.0821633872555234,0.0260401576468461,0.109723678785524,0.0469605378766329,0.0434460291829522,0.0351143042039481,0.00153470289305555,0.0169930108324502,0.00536716524567948,0.0151403443454752,0.00687073473017011,0.0278784245922022,0.000152975052993548,0.000357494547801143,0.00270603959232664,0.00321706690022041,3.79470302267432e-05,0.0013000503474207,0.0552216154357294,0.00234739547180968,0.0411150876187166,0.00434101513568062,0.000905235624569481,0.00377768136043216,0.00141851561190943,0.00199237702246434,0.00125423786142842,0.00132118203102904,0,0,0,0.00213387182177043,0.0020047757279728,0.00115364213943028,0.00292753564254715,0.199068753770375,0.000137718181371453,0.000793450626267672,0.010524852478357,0.195634569163399,0.00638656260920245,0.0113520181647355,0.000123735908752012,0.00355906481266512,0.000212882157795682,0.00481352508244856,0.00264116371534097
0.00109818984470486,0.00352799547745845,0.00660807141458125,0.0263334859982629,0.366633396617098,0.474193566860631,0.0715466499623942,0.0987944861269977,0.185532369814322,0.0316508513742945,0.00627019504818232,0.408607976206138,0.000834098854809845,0.0377666271949671,0,0.0101334301263072,0.00693253485005146,0.00170838009876345,0.00072097687572026,0.0271552605419313,0.0773643777362357,0.00847351804205814,0.0633319812023231,0.165050698611122,0.000423603836262751,0.00486849597851983,0.0201222936262297,0.129720643051849,0.0181744021940698,0.0825922262505449,0.000516054089507827,0.0910655600612573,0.00366523476134488,0.00938724604190856,0.0970546162178133,0.0665693392700102,0.010743546867976,0.0108781086275282,0.00651179046667746,0.65189596810013,0.0105419962046224,0.0065081339477533,0.00556570996752086,0.00156441246351262,0.0038702821020266,0.0101518572713464,0.0066988830186982,0.000865526642670262,0.00417517910590035,0,0.000294551862766778,0.00127331708511726,0.0115782302001688,0.000173527553762352,0.00429875377100769,0.00706826259138302,0.00163985842866034,0.0077953442955024,0.0160017967337658,0.000341966785890907,0.0134303825186169,0,0.00136652700749605,0.00229142557983773,0.00230703294487335,0.000177303756175852,0.000459326032320583,0.000478032345901134,0.00390853735778521,0.0014367845452678,0,0.00289744836606373,0.0227078009160584,0,0.00116666615598526,0.00282078013881026,0.0311338978263025,0.00137992678383003,0.00267354269808742,0,0.000259995742315578,0.000222537343491423,0.00131435060093582,0.206672189814296
0.000312889517958481,0.0357074639518663,0.0138960128884561,0,0.0318131673825014,4.06262809841662e-05,0.00600807492058003,0.000980959101535593,0.0224004935464908,0.000220435468726823,0.000899376950887758,0.000160933531876564,0.00269451844599843,0.00124836394214241,0.0101334301263072,0,0.0156991314509886,0.00137126858076806,0.00169876406051971,0.000177810016397476,0.935971911446275,0.67303243509926,0.441763717556223,0.518671731684525,0.002175020117929,0.00463150572709248,0.740344691280724,0.220989059877326,0.000884194583544657,0.0428382944309053,0.000534980495248187,0.000211684156762362,0.000149918128379145,0.0258157622054543,0.119830122733879,0.897528675507449,0.14177859403184,0.170497883141333,0.189432268101782,0.0107276375906489,0.00329832743751366,0.000587414618736338,0.0650445438831652,0.00989085843689607,0.0178010525260891,0.0175182694200323,0.00324382544229324,0.000990148190477901,0.00580181004401031,0.000331760418118221,0.00228247750655471,0.0200666104840492,0.000117586506999171,0.00015079646230523,0,0.0103645824023667,0.0017080160298725,0.00886302321178362,0,0.000287074367016777,0,0,0.00135961047331384,0.00149195769289811,1.24890510206416,0.00247230039966639,3.17449672024369e-05,0.000290066826878843,0,0.303955215774883,0.346061332743548,0.715596156255744,0.185816889578877,6.86332120590866e-05,0.00150223226243252,0.424496098127376,0.158456075913222,0.0101729023335434,0.08766340423582,0,0,0.00201716503734215,0.00933393468093394,0.0294606998265513
0.0156176625955278,0.0114564945565209,0.945763872519348,0.000225900172080926,0.00706079673290544,0.00398580284438776,0.0152234553270377,0.0389668152687997,0.00261266949057342,0.0187746077890268,0.0797994987394107,0.0106867544291406,0.000915055225274388,0.102037598923745,0.00693253485005146,0.0156991314509886,0,0.199582842479788,0.739969639868742,0.00374291113132543,0.061352743022327,0.00276979296176635,1.03952973873463,0.00896079625585339,0.00142839874713551,2.43520997005042,3.1125154089449,0.0187494653185404,0.207485563145338,0.129516270126088,0.001090043244662,0.00321295773134274,0.0411765425665357,0.709831190473009,0.0557460361745474,0.683161085448478,0.485208150478565,0.420045792318483,0.158017781013758,0.0115033677580459,0.00664376879196411,0.000569225661131972,0.0242792260707043,0.0249330951821339,0.0116267546853451,0.0123717770182377,0.000661152590981281,0.00046806253832891,0.000806985227144814,0.000199225900374032,0.0200787870921733,0.182542322406279,5.29918010986328e-05,0.000360947013681114,0,0.000691043744172144,4.88476507033765e-05,0.00169525478888011,0,0.000417866071187506,0.000220700547080708,0.000890445900567162,0.000724855741341457,7.32184475165367e-05,0.0117119837845272,0.0116577837820217,0.00112633660266118,0.00661655835859892,0,0.0093134243997927,0.00304212470074992,0.0350660877459258,0.0040339592529048,0.00138544038999996,0.146146340987564,0.826941162551838,0.00752640634277291,0.000301875224304596,0.00440721171306811,0.000888710418931058,0,6.02804384738922e-05,0.00367063585511594,0.0245476685131459
0.00231815906464604,0.000505906580973396,0.00874509929358457,0.0010960610066401,0.000714254105742913,0.00797295145180344,0.0132549728444712,0.00643024647159248,0.00454275487991375,0.045292958371308,0.990412783875735,0.029615269400329,0.000927964107626219,0.0682601397072272,0.00170838009876345,0.00137126858076806,0.199582842479788,0,0.564304624407242,0.00694819478789275,0.00566874102133079,0.000100758941378772,0.0282336212679429,0.00178080677210723,0.000612964023809568,1.25276547687711,0.150656420489488,0.00518945798631705,0.105685207654067,0.0142054869674884,0.00306667984686337,0.0224123367887143,0.000510186017006225,0.273293822493574,0.0374740897518306,0.328471819188457,0.441260837556099,0.309841452099083,0.186905429079378,0.0105696497470399,0.00662412878095827,0.00264681395558156,0.00251552834423028,0.00547543775272311,0.00060166235842298,0.00125817099142841,6.63072802588642e-05,0.000107887482483828,0.00047982704063865,0,0.00197206643273584,0.0029831705735535,0,0.000340414951190341,0.000125664655967617,0,0,0.00339190740960689,0,0.00110739073712803,9.77589967748047e-05,0.00144112861762297,0,0.000186123092970461,0.000158472258142358,0.000390706821983185,0.0025100897999419,0.00316680056119041,0,0,0,0.000804747905895752,0.000199324638917637,0.00220274824236806,0.0494409079861676,0.0696410545734965,0,0,0,0.00530066762457371,0,0,0.000288197542077327,0.0187640146032514
0.000738886254623696,0.000860180445942425,0.0383305968944759,0.000285302346329051,0.00137944365875261,0.00425370442308036,0.0072257849789454,0.00336799386028749,0.00187162218561466,0.0241678483045561,0.127069731468154,0.0121892742053873,0.000368497922632045,0.0287079536555367,0.00072097687572026,0.00169876406051971,0.739969639868742,0.564304624407242,0,0.00305579780956398,0.00851508542210526,0.000412249107487476,0.0648325788421613,0.00149405297294026,0.000765299812288961,1.15192064133481,0.339356230797028,0.00376927954731129,0.0423688272247369,0.00934586457137654,0.00101748499856301,0.00506887745387943,0.00117382262547182,0.275145935932648,0.0222893917855618,0.262511103636399,0.261071855648645,0.226637859471304,0.0991089701898669,0.00424830878201884,0.00275604735121707,0.000955950270686981,0.00253655509132823,0.00610567056661591,0.00175348532221924,0.00252466906651306,0.000237077709242475,0,0.000257931269814238,0,0.00211095161458354,0.0118847270837088,0,0.000247748366921878,0,4.5294966488421e-05,0,0.000872590582303125,0,0.000181864280189586,4.52121142558873e-05,0.000259805412191802,0,0.000336711049453455,0.000285398629276818,0.00158779243544708,0.00203791199127666,0.00493578944322465,0,0.000386716765588391,0.000237035315364093,0.00214515746144531,0.00044761567643525,0.00145733247798495,0.0530464174935223,0.10611410662085,0,0,0,0.000575828299929473,0,0,0.00030830818571887,0.0143115407739912
0.00149440768054227,3.94243954984754e-05,0.000785503039399824,2.13508647542961,0.00365206381919912,0.0157184530253659,0.00458436903959776,0.0657172618024344,0.12999065221269,0.18923404288084,0.0249218846686793,0.832346711041826,0.000731125582564014,0.0597818738899092,0.0271552605419313,0.000177810016397476,0.00374291113132543,0.00694819478789275,0.00305579780956398,0,0.00134000305524928,0,0.00204113301188723,0.0680991660440519,5.79663610893905e-05,0.0103062235721873,0.0070224877837745,0.441064019234746,0.0360900605158209,0.00613146912620101,0.000405821971411365,0.0104561156581148,7.54964817939908e-05,0.0120499708913284,0.0022722113064201,0.106691839562408,0.00410337847545646,0.0172196457826088,0.00410866059882604,0.0445128319983983,0.0103808237856271,0.00737713957995553,0.0110766946977433,0.000121480899706721,0.00474800824133327,0.000964390003461947,0.0173210283220146,0.000839806490581996,0.00614273130367634,0.000266891763157868,0.00042973426344425,0,0.100493057887019,0.0012677370009281,0.0104723531314554,0.0298794399424146,0.00500075200596038,0.050035816391763,0.112038445334607,0,0.0659826325866865,4.67793902577997e-05,0.00212465392246952,0.00828134912468902,0,0,0,0,0.031102320048718,0.000248271229223231,0.000844842480680451,0,0.154475654954806,4.08425583919227e-05,0,0.000232190451581514,0.250228613490279,0.00461820239455315,0.00119530199571547,0,0.000281344263615012,3.61604019607127e-05,0.00360881562133112,5.33446455575108e-05
0.0613554804487235,0.00799542679670702,0.178789674518439,0.000748480010211739,0.0903984842380144,0.0190744332475972,0.606395050810137,0.181325317111962,0.0258612783927115,0.0360121391103492,0.00871261466392064,0.00194755674999558,0.00101252608629377,0.214419201429175,0.0773643777362357,0.935971911446275,0.061352743022327,0.00566874102133079,0.00851508542210526,0.00134000305524928,0,0.0718433478792044,3.72564140875649,0.149975000407702,0.000728049412619341,0.0214663204540625,0.313536368703562,2.6284241041616,0.123056806902822,4.3374972410929,8.69354702120781e-05,0.00531014039917418,0.0240248593636477,1.20901996288517,0.479347104283784,2.0352319397698,0.195435865607936,1.45231046175219,0.729669307244165,0.0579056841418889,0.023703747213322,0.00610006754834116,0.0905853853152182,0.00807490329000759,0.0208307495179557,0.0150690388419674,0.0103262550255439,0.00157940020075845,0.00573797852442879,0.000866525552785918,0.000224922233718815,0.0107705418683796,0.000825413701851618,0.000232059774207312,0.000395506329623842,0.0237374313506185,0.00673775581927938,0.0227249706914775,0.000340688294393539,0.000568744206181416,0.000481595627245295,0,0.00646535889977482,0.00246306685532474,0.304745744821151,0.00141370904577113,0,5.60330511837005e-05,0.00021814500634641,0.266743381146768,0.0859922061017365,0.166113750066957,0.310350923484084,0,0.000982874619094582,0.0497151984756731,0.335610265188642,0.0338916062835542,0.186530390382342,0,0.000649134513551003,0.00253897844808914,0.0127189482893856,0.0801675578476025
0,0.22695290232967,0.00214820014306769,0,0.000492526685314894,0.000101774571528542,0.00196495427120565,0.000939400482282355,0.78344224339191,3.54087188750416e-05,0.0110262020605443,0.000119030812873647,0.112849860901654,0.00104464301192707,0.00847351804205814,0.67303243509926,0.00276979296176635,0.000100758941378772,0.000412249107487476,0,0.0718433478792044,0,0.0345446952312756,2.43181503188599,0.0514692194126712,0.00777442843893051,1.18577442314274,0.0903458751854918,0.0010482182120257,0.00853320860405514,0.0217379082064841,0,0.000313290053519952,0.00388700304224427,0.00211863629184972,0.0328802289308916,0.00825370274800052,0.00788028166132032,0.00310781337459674,0.00108485276916899,0,0.00600452242133899,0.0196981628582393,0.00502480122963067,0.00448339881242635,0.00477888612048795,0.000434680433959097,0.000355388852922929,0.00123977700765617,9.61320090461256e-05,0.0118044707698401,0.0220171176458493,0.000293711893504506,0,0,0.00214132716890381,0.000490219642301005,0.0153331529053486,0.000245859348887861,0.00268470723077799,5.90738884284198e-05,0.00970711974625081,0.000689856951486207,0.000648142436747348,0.218527196328301,0.00113473429542091,0.000715888615744436,0.0012132006032389,0.000156492329446668,0.0332912946127547,0.215952356428279,0.0934831786924964,0.0639903563026287,0.00409984121109659,0.0168775968522116,0.418631884002181,0.0429392297114093,0.00388156060814196,0.00952716265175136,0.0139654412310263,0,0.000102151092649483,0.00255787209467977,0.0015720016459808
0.0932029140841355,0.00461956164191194,3.23875504599436,0.00141034718762452,0.193955584396568,0.0126194334504393,0.311231498983138,0.26444863218336,0.0172959124958155,0.0325154990369703,0.0247581769300844,0.00695662518886736,0.000833042439250583,0.405475036357278,0.0633319812023231,0.441763717556223,1.03952973873463,0.0282336212679429,0.0648325788421613,0.00204113301188723,3.72564140875649,0.0345446952312756,0,0.133848941846792,0.000215949904724935,0.480109169261395,3.94736580383681,0.641029142546769,0.469643560179962,1.64056395078791,0.000175852005771196,0.00681388598151969,0.0822154641300287,1.21580571351547,0.694725178828975,3.33894494664303,0.719851262483589,2.47280099949566,1.61225833262951,0.0702839835711767,0.0411773915700316,0.00737092174857453,0.101786625008373,0.0154647383272586,0.0368935752662553,0.0476071492735016,0.00622948282938614,0.00150289091971993,0.0115604971040941,0.000232357625114834,0.003241148974187,0.198348665635375,0.000537924789509335,0.000960191384948508,6.49907109413027e-05,0.0185310368383176,0.00185537874083329,0.006778551541738,0.000278952794749859,0.000358766870820317,0.000283763379379606,0.000103554278016782,0.00291629708543747,0.00163264561718933,0.555550641403257,0.00614447196726305,0.000297429499396336,0.00083119849319565,0,0.223843931616133,0.0901261396125144,0.666141404569232,0.105163995539925,0,0.0117317508887024,0.764963101309208,0.114153808172441,0.00680163286925362,0.0703835000641651,0,0.000141591907934547,0.000538155409098029,0.013097816351412,0.190421558726348
0.00372039676228579,0.358070566157757,0.0186928362492095,0.531428101353823,0.0162154076137538,0.00660306230735951,0.973555234081706,0.0292023055455631,3.03586355727463,0.0708183417685767,0.0109700675203352,0.070860430638365,0.0641621173715172,0.0341451612767853,0.165050698611122,0.518671731684525,0.00896079625585339,0.00178080677210723,0.00149405297294026,0.0680991660440519,0.149975000407702,2.43181503188599,0.133848941846792,0,0.0418512746159106,0.0101256178706502,0.968260411930651,1.74469357400635,0.0791761547270157,0.341340001677207,0.0135797714446464,0.00719533316979583,0.017768320143962,0.0450866237247194,0.0738853548633863,0.553305453524248,0.0305055563520005,0.0938740195669584,0.0452443181862836,0.043167502696797,0.018661877287138,0.0101507534729744,0.194763351824815,0.00453216958099756,0.083858478725834,0.0302264002012096,0.0529778966517806,0.0115681303130366,0.0140903259699177,0.00321439428439716,0.00665910088899542,0.0112162399845003,0.062867639435889,0.00126084316760349,0.0110793184777702,0.192801244492611,0.0618924432987746,0.47080034566972,0.0739034808601567,0.0141183482672321,0.043029987337991,0.00165013533851698,0.0845212081256761,0.0146013839486325,0.0944760731961617,0.000774469556712079,8.19816621507853e-05,0.000605903263583544,0.0220941733800662,0.0535681686029076,0.0892274113678531,0.0715545332426759,1.43265330423744,0.00192705258639771,0.00176517673838339,0.106978635112066,1.29611335766638,0.120272069991695,0.103130864213076,0.00101378425478671,0.011560889758158,0.00413988622895479,0.047393794118621,0.0147526787896617
0,0.208361308916301,0.000219893599684751,0,5.66215577812433e-05,9.13635528973936e-05,0.000367895057768875,9.82599383259651e-05,0.0362388158217217,0.000339589147177428,0.0945066880799298,0.000281988924542293,1.13629878860276,0.00058249664736192,0.000423603836262751,0.002175020117929,0.00142839874713551,0.000612964023809568,0.000765299812288961,5.79663610893905e-05,0.000728049412619341,0.0514692194126712,0.000215949904724935,0.0418512746159106,0,0.0245019477420497,0.894991170398098,0.000939076694813979,0.00112379696164187,7.45403623123765e-05,0.180841570535566,0.000292298700779929,0,0.00507415156439317,0,0.0041484383749397,0.0528801245030918,0.0103826796826059,0.00146265627142193,0.000229041123110151,0.000171521205965141,0.11010979635892,0.00216095306023358,0.0229538961978439,0.00312055356341214,0.00069380015586301,9.48187799822924e-05,0.000526950627154261,0.0359013838350654,0,0.040530631590849,0,6.88306194459796e-05,0,0,4.39497503399253e-05,0,0.00489215737889445,5.07914960802972e-05,0.0583754713797508,0,0.223917154307327,0.000114785023329219,0.000101086972524237,0,0.000116382731562534,0.00307855735215498,0.00273860458109633,0,8.93679094606459e-05,0.00435990745260363,0,0.00428967118147138,0.353006750930784,0.0736562064580819,0.210914664108643,0.000158062827747924,0.000533007273867768,0.00015367864017862,0.0892152001749671,0.000707355886659807,0,0.00369761277364842,0
0.011217734477285,0.0243948889695459,2.3258235811755,0.00064040966894213,0.00543316786316507,0.015922289990527,0.0374759657037356,0.0456054690760774,0.0125655115709704,0.0748392938509573,0.689102839655404,0.0426297561846179,0.0158714109535273,0.137585694619874,0.00486849597851983,0.00463150572709248,2.43520997005042,1.25276547687711,1.15192064133481,0.0103062235721873,0.0214663204540625,0.00777442843893051,0.480109169261395,0.0101256178706502,0.0245019477420497,0,4.58617800230682,0.0204522213736599,0.179486646960985,0.0548956645177181,0.0226486323719166,0.0335137811715217,0.005743196306362,0.455084348644991,0.0918929031188619,1.19890008374469,1.62482691329584,0.713042076560759,0.380687375524922,0.0204352678783294,0.0146896137912914,0.00909328720285618,0.049332975168988,0.171273655241514,0.0338453685720029,0.0293420220913645,0.000788086393242014,0.00148213036618096,0.00480714139647873,0,0.0793761207723919,0.179791125183899,0,0.000369875720998692,0,0.000415663857452754,3.9468901832667e-05,0.00692294267076292,0,0.026629908387033,0.000201342294251147,0.091130530079246,0.000324700574719465,0.000932195672944097,0.0021749512030794,0.0575139644348762,0.0536258770781797,0.0887289859124079,0,0.00185928356714238,0.00563300921735212,0.0157170941131048,0.00465984499732871,0.0546513926150321,1.41930098859555,2.71760496070558,0.00142885299483479,0.00112647975103084,0.00198881303875544,0.191632734433463,0.000474314163641286,0,0.0112697675639055,0.0526265733487398
0.0131157252424132,1.34890951941516,3.79948797406024,0.000289657372357375,0.0599411821993516,0.0109760351999536,0.076053829987362,0.0425833827638656,0.605344697747053,0.0495900518807272,0.130121877798663,0.0235156621877419,0.32392798788095,0.129109543141614,0.0201222936262297,0.740344691280724,3.1125154089449,0.150656420489488,0.339356230797028,0.0070224877837745,0.313536368703562,1.18577442314274,3.94736580383681,0.968260411930651,0.894991170398098,4.58617800230682,0,0.361243664713736,0.185484811632915,0.0925742182534137,0.172032205543031,0.0116012536120812,0.0169021487009638,1.32298224736951,0.390265200617252,3.84118914987918,1.31673363459604,2.34710665780045,1.14494660359091,0.0423216746321657,0.036188564066143,0.0143031899118032,0.383648378166826,0.324929617692314,0.210961991182558,0.199276480407387,0.00632424809292768,0.0068792454017847,0.0265831658092666,0.00044745137669968,0.868866968662036,1.30741770426606,0.00018617476771434,0.000813278841537568,0,0.020880307369332,0.00398759392811262,0.0341225738269616,0.000410579184362554,0.041142480384094,0.000151944630291551,0.186715886043768,0.00887586976328517,0.00225912954583195,0.475779458498691,0.164917510481322,0.129506587164816,0.233398834943743,0.000139020496973867,0.0504411223181003,0.389499222379593,1.08242339678805,0.111231322240231,0.295498485885596,3.0685357352985,14.1486916112793,0.0685906055035859,0.00424159785037253,0.0301320864375663,0.331376746945583,0.000290269700379181,0.000122950179741498,0.0463198259696843,0.189815131981203
0.0273437262786937,0.0152252794782021,0.109483473038576,1.49700025372871,0.0265740769949557,0.047305280704237,9.52359469524486,0.121589853520975,0.801250402138917,0.977235080847325,0.0191748120246731,0.257874219783131,0.00263548348251714,0.139138445753633,0.129720643051849,0.220989059877326,0.0187494653185404,0.00518945798631705,0.00376927954731129,0.441064019234746,2.6284241041616,0.0903458751854918,0.641029142546769,1.74469357400635,0.000939076694813979,0.0204522213736599,0.361243664713736,0,0.171123431914206,2.27289916177681,0.000546072668284953,0.019491939737522,0.0178700490376549,0.168140415504352,0.190872160699529,1.19111133287413,0.0488306060480716,0.310272603112648,0.162615950472482,0.0872366257162546,0.0417681217739453,0.0212044967940844,0.233623645182454,0.00388958231593704,0.0818101070677845,0.0305783083194118,0.0818305731133505,0.0124592558801757,0.0277931436145368,0.005459208953051,0.00213772055004619,0.0075842861253435,0.191964685160259,0.00109669294994001,0.020164860364083,0.252413447115496,0.0643857473640104,0.39876596392675,0.220874498860098,0.003083850793784,0.095983080855286,0.00015140503991374,0.0646687777936053,0.0149238407360579,0.0897354734526247,0.00107170783864597,0,0.000200629332373226,0.0857369945839263,0.0697713522873825,0.0513037520734492,0.0648544799422248,1.34596303804917,7.44904997767806e-05,0.000498111959497005,0.0554476701360974,1.63298234480602,0.139085998054667,0.184472664920094,5.84225228666484e-05,0.00317082522379338,0.00487285414642406,0.046978620337512,0.0270747704210247
0.849398887946738,8.17042387981683e-05,0.171006745640436,0.0109733355578319,0.00402907620943233,0.0671465236405724,0.297274349895802,0.21005929002644,0.0457814967346937,0.386557158609062,0.415969461713802,0.0941313407659683,0.0120303526241412,1.60572701926579,0.0181744021940698,0.000884194583544657,0.207485563145338,0.105685207654067,0.0423688272247369,0.0360900605158209,0.123056806902822,0.0010482182120257,0.469643560179962,0.0791761547270157,0.00112379696164187,0.179486646960985,0.185484811632915,0.171123431914206,0,1.92706883396285,0.0107760514051232,0.0283312101811961,0.361416319391644,0.862183138368088,0.0369311252191287,0.246525489059389,0.0400799983704794,0.170659806555794,0.0347044604759009,0.0383749031324568,0.0724110569847202,0.0224648824434353,0.0267221726530204,0.00237416440191076,0.00972187060160232,0.00459641158988221,0.00951232849111509,0.00483775108489222,0.0139955700676652,0.000513551864155677,0.000735159354462463,0.00563054531913284,0.00199901845216991,7.23947345131814e-05,0.000661031652886209,0.0229170726268405,0.00383050398009215,0.0268819538724224,0.00159423836916295,0.00120837323423629,0.0013059635910903,0.000818996291650731,0.00352483868032987,0.000693876000532747,0.0016046600573044,5.47336442291975e-05,0,0,0.000847866986604372,0.00218251512454365,0.00121155628961949,0.0025504078125017,0.113770715708144,0.000252737960735196,0.00119976967890486,0.0121564244613276,0.128189572749062,0.00845248392817266,0.014855673427736,0,0.00191806022124302,7.42468113783538e-05,0.0029884857053855,0.00287898512698264
1.52720953369534,0.00194998276073015,0.260858044916397,0.004727527097606,0.0349079606330378,0.0408919754888673,1.90499435299503,1.25841701573918,0.0807216989523846,0.10535609789349,0.0468569490379812,0.010166939967234,0.00282354945578319,2.5489383101658,0.0825922262505449,0.0428382944309053,0.129516270126088,0.0142054869674884,0.00934586457137654,0.00613146912620101,4.3374972410929,0.00853320860405514,1.64056395078791,0.341340001677207,7.45403623123765e-05,0.0548956645177181,0.0925742182534137,2.27289916177681,1.92706883396285,0,0.00090447838422379,0.0324029746268601,0.404579493478833,1.13945221744199,0.396107009256027,1.61022214115575,0.0850474424024446,0.907141096913184,0.336987373197761,0.10098410074906,0.0764878510455843,0.0256869980031275,0.142131989251912,0.0055341889045495,0.0387414712998994,0.0205126445825133,0.0319671149291898,0.00811337137836975,0.0292576624446795,0.00342383644730833,0.000587282016561032,0.00983336596023033,0.00169172562852267,0.00039794765834381,0.00154160713585465,0.0833440383246979,0.0247286907384252,0.0473604851754586,0.00353391735056365,0.0010124950267595,0.00192433145647195,0.000277884741918176,0.025235996982219,0.00278030389848496,0.0892166001568006,0.00106060576816397,0,0.000191040203814024,0.000659124949736744,0.124724173508524,0.0231213533176335,0.0531064606158154,0.409755049929627,0,0.000257700872730407,0.0224869776642477,0.584831159024727,0.0707490277640175,0.179840920909059,8.6848347494641e-05,0.00235771529293553,0.00326624996762223,0.0252498651688208,0.0520682281164383
0.00015249525744673,0.0353185229713696,0,0,0,0.000922752290431808,0.00117782404569932,0.000466236081692377,0.0134307632968188,0.00237173403490628,0.0934596592636289,0.00219170976002285,0.104631176389898,0.00655779937620982,0.000516054089507827,0.000534980495248187,0.001090043244662,0.00306667984686337,0.00101748499856301,0.000405821971411365,8.69354702120781e-05,0.0217379082064841,0.000175852005771196,0.0135797714446464,0.180841570535566,0.0226486323719166,0.172032205543031,0.000546072668284953,0.0107760514051232,0.00090447838422379,0,0.00495186222141442,0,0.0154171910432296,0.0020098577953434,0.0249400687311767,0.132964493747104,0.0397670246009205,0.0161150731553574,0.000952711776742695,0.000904611675359944,0.0122999311844563,0.00236483443790149,0.103265054703158,0.00600731781963498,0.00222035915646501,0,0.000740504125014549,0.0103602065171777,0,0.0158575742151731,0.000109069664225614,0,8.42648810596287e-05,0,7.05469334944755e-05,0,0.00311980715610443,4.28326097184956e-05,0.0597237908330613,0,0.266568416182101,9.71348304219661e-05,0,0,0.000274332191742295,0.0258179020427655,0.00360929149221385,0,0,0.00314551371931136,0,0.000762148170303178,0.0645113837055639,0.370913975051553,0.400468623149361,0,0.00110159260889612,0,0.369809139150114,0.00052304515745762,0,0.00345265475443022,0.000761914272118729
0.00292448598016979,0.000157703340312529,0.00441796547497351,0.00266370776063163,0.131115882196797,0.503147709884001,0.026344704259176,0.0956209194221259,0.00752531446583618,0.0979705803526669,0.136543020556161,0.0454687811619225,0.00694805819671459,0.0338665531863013,0.0910655600612573,0.000211684156762362,0.00321295773134274,0.0224123367887143,0.00506887745387943,0.0104561156581148,0.00531014039917418,0,0.00681388598151969,0.00719533316979583,0.000292298700779929,0.0335137811715217,0.0116012536120812,0.019491939737522,0.0283312101811961,0.0324029746268601,0.00495186222141442,0,0.000854537173052916,0.528472436027217,0.0543091973702624,0.357759606376222,0.0115495945105624,0.0199599210776605,0.0194647484368943,0.308430011734342,1.12638092270519,0.0279137374114812,0.00816604763540306,0.000763791735984552,0.0103578099065736,0.00464540096814106,0.00291768955304039,0.00854850198792105,0.019158612287353,0,0,0.00012428861083206,0.000158848881132996,0,0.000320338181903625,0.00213165093103108,0.00205353635514765,0.00789430578898107,0.000141565456663647,0.000608725273997316,0.000542004627956798,0.000811214556690931,0.00208907207604548,0.000255288718955326,0.000210370938421655,0,0,0,6.02129632039487e-05,3.21821651314795e-05,0,0,0.026185080463305,0,0.000222956917962992,0.000357832602388575,0.0121759255622793,0.00133676532532771,0.000672612232139918,0.000162849682099977,0.00254510862863873,0,0.000627192290299511,0.00587080658238388
0.00249767873871159,0,0.0164980876839743,0.00028083777284618,0.0011106742601589,0.00081695082857089,0.0118401046797214,0.0028046487962682,0.00726089758137854,0.00453447377300034,0.000685735019407886,0.000113288042779372,0,0.010175049417007,0.00366523476134488,0.000149918128379145,0.0411765425665357,0.000510186017006225,0.00117382262547182,7.54964817939908e-05,0.0240248593636477,0.000313290053519952,0.0822154641300287,0.017768320143962,0,0.005743196306362,0.0169021487009638,0.0178700490376549,0.361416319391644,0.404579493478833,0,0.000854537173052916,0,0.169362633661369,0.00810407349795327,0.0212503076501616,0.00214155668132975,0.0403062738251603,0.00907199571250195,0.00191720034449745,0.00493787354976958,0.000767859280368132,0.0026141951179542,0.000218241391163874,0.000902380739732372,0.00034901435667203,0.00089624483303352,0,0.000516035734197008,0,4.11250698677957e-05,0.000641295425952142,0.000268612471007216,0,0,0.00268211066336386,0.00040778468680915,0.00318731543182953,0.000407731068498695,0,8.65759881382466e-05,0,0.000870157411201212,0.000102000883101392,0.000451680175451064,0,0,0,7.50154879378497e-05,0.000611434490530163,0,0.000592538069330698,0.011542447447938,0,5.36619214076638e-05,0.00142395566279701,0.0172285316751652,0.00247465848744052,0.00221962182896419,0,8.43813181225896e-05,0,0.000575899911645245,0.00183999084601619
0.00683187601441485,0.00731585620751298,0.0961352249249975,0.00474746460029464,0.0556682533024801,0.0264663213184551,0.0743613154611451,0.0276167610365367,0.0230344703612499,0.145436259882786,1.2498725340576,0.0535297581647513,0.0813818622331288,0.103051374717985,0.00938724604190856,0.0258157622054543,0.709831190473009,0.273293822493574,0.275145935932648,0.0120499708913284,1.20901996288517,0.00388700304224427,1.21580571351547,0.0450866237247194,0.00507415156439317,0.455084348644991,1.32298224736951,0.168140415504352,0.862183138368088,1.13945221744199,0.0154171910432296,0.528472436027217,0.169362633661369,0,0.0230738725625585,0.170254404586439,0.131985021554422,0.348584340422544,0.0660725061531929,0.018234417980434,0.0144350577674465,0.0236610454123359,0.0249522813556,0.012155886696562,0.0135684087030153,0.00481489062160148,0.00778880140060104,0.00113205615182625,0.00985807363476781,0.000413248819156796,0.00711304331964412,0.0582432963065496,0.00264478417239262,6.94425721583784e-05,0.000777671283738321,0.0280316052236046,0.00202069917323002,0.0179124234991371,0.00352351488898699,0.00733549871164559,0.00150119182969247,0.0116869644798653,0.00128034688767871,0.000523461600776416,0.0118139429734342,0.00414602714871501,0.000453728464074588,0.00182566725093668,0.00112308920584158,0.00951130811330135,0.00363941714140343,0.0300501329665136,0.0861752756103462,0.00200915782721333,0.0346615410061815,0.213522891080523,0.119060313742584,0.00638036172304121,0.0117993330574883,0.00364530837585705,0.000304420902443814,0.000389679447329736,0.00419170423915767,0.00531404068692021
0.0020102710378091,0.000403473252968531,0.0290531780922364,0.00114653497755756,0.114094911448818,0.113278655328683,0.0259589627752953,0.0175179133532741,0.0131016811509728,0.0513894955985133,0.026744991320247,0.205950287264729,0.000879994466474367,0.0212521023717069,0.0970546162178133,0.119830122733879,0.0557460361745474,0.0374740897518306,0.0222893917855618,0.0022722113064201,0.479347104283784,0.00211863629184972,0.694725178828975,0.0738853548633863,0,0.0918929031188619,0.390265200617252,0.190872160699529,0.0369311252191287,0.396107009256027,0.0020098577953434,0.0543091973702624,0.00810407349795327,0.0230738725625585,0,1.58245493535667,0.425469967006897,0.0643752375398161,0.315438186067115,0.0227275732263112,0.0400394325491601,0.00986259277287706,0.27298036519682,0.0991434302498758,0.0411858144138831,0.372072289037128,0.0160913223938128,0.0179440875710774,0.00194936415699889,0.000341593154652405,0.000657720021861482,0.0297894968927329,0.000191845623164534,0.0122853117222477,0.00866695503608856,0.0111511704585834,0.00054182435880593,0.00661044091712293,0.0310555721656851,0.00189246454588138,0.0588146400021969,0,0.000903561471171375,0.0110920425148772,0.0205172422460737,0.00373318566090075,0.0156661979914848,0.0116357660786867,0,0.0233711399872679,0.00197538694787041,0.0756196002839169,0.0215479274501932,7.88220314361811e-05,0.0439248138901768,0.0897993072991246,0.0306717073709242,0.00412189211322943,0.0214131406015044,0.00234231088718527,0.00122369019289456,3.76211410256833e-05,0.00366218734814319,25.6114732940341
0.0204101667026009,0.0133768305494617,0.27413247563958,0.0417361658506864,0.0291362096931783,0.137592249924112,0.368353766151822,0.266587357179335,0.140545028512836,1.08573859463544,0.247337430815588,0.218571257709062,0.0152451282255774,0.304919155412417,0.0665693392700102,0.897528675507449,0.683161085448478,0.328471819188457,0.262511103636399,0.106691839562408,2.0352319397698,0.0328802289308916,3.33894494664303,0.553305453524248,0.0041484383749397,1.19890008374469,3.84118914987918,1.19111133287413,0.246525489059389,1.61022214115575,0.0249400687311767,0.357759606376222,0.0212503076501616,0.170254404586439,1.58245493535667,0,4.3302617324611,0.528737362281603,0.778928326715879,0.669509543374013,0.266203512769237,0.395069400167023,0.22729925457382,0.0257862395712517,0.067926196720141,0.0422555810932953,0.043594176807966,0.0185087055478878,0.0595676465521555,0.00344754175888365,0.0125139981243519,0.180032061140872,0.0209292417218702,0.000574238285539016,0.0074183830250913,0.14762326090911,0.0253331554517721,0.114927477486391,0.0264717035502476,0.00260720189733689,0.0107214244988896,0.00121223438525344,0.0277557206154321,0.00737252581025997,0.0913515425861875,0.00830048887238141,0.00109811938036356,0.00252723972149336,0.00697675366506734,0.0639489746256765,0.0320040387828669,0.160351305923793,0.588939456675228,0.00123623283760321,0.057210169358189,0.609450953097797,0.716535643581942,0.063704543195046,0.122528056996794,0.000425562876309121,0.00625830364303871,0.00343425297494543,0.0302191526628953,0.347926641074869
0.00286544889350957,0.0156998602536043,0.288241271647041,0.000894126543843895,0.0302246657034203,0.00583423711729579,0.0269526384828116,0.0148145522610861,0.00991512191398411,0.0274524030717121,0.711548967155882,0.0137202005662932,0.551720204289897,0.0309162000091577,0.010743546867976,0.14177859403184,0.485208150478565,0.441260837556099,0.261071855648645,0.00410337847545646,0.195435865607936,0.00825370274800052,0.719851262483589,0.0305055563520005,0.0528801245030918,1.62482691329584,1.31673363459604,0.0488306060480716,0.0400799983704794,0.0850474424024446,0.132964493747104,0.0115495945105624,0.00214155668132975,0.131985021554422,0.425469967006897,4.3302617324611,0,0.52343007774307,0.873648092211004,0.0503577428777184,0.0396018622836965,0.331686866529989,0.0274668286785694,0.0450206904992625,0.0110335448255785,0.015015712487382,0.035724788888237,0.00507329162867041,0.0173113925666232,0.000100039122061816,0.00864902439322639,0.0281056305193281,0.000545747060565948,0.00141137985145984,0.00129638369782331,0.00703569264852916,0.00307017993682639,0.00398770922584345,0.00221180101893348,0.0341176781650507,0.00187933343746768,0.0885745340115334,0.00320136350154971,0.00196913345137255,0.0113190669396929,0.00231720021880965,0.00292281119142648,0.00333847081860605,0.000742486713045472,0.00421672776336959,0.00212580191352427,0.018830838706011,0.0176325619650375,0.0105498826214184,0.0707403117016487,0.208287120784548,0.0224995458568038,0.00268508779719819,0.00393018196067639,0.0393792577812672,0.00333329554046327,8.43022886844516e-05,0.00306421859725619,0.2159284946797
0.00905085322802508,0.00866034672743822,0.185646924100108,0.0070944506685177,0.00617191725853246,0.0338463017238892,0.141875372728484,0.0416479652741189,0.0299814762600857,0.207321064919345,0.677836045013824,0.0620580611370691,0.144065822413979,0.0821633872555234,0.0108781086275282,0.170497883141333,0.420045792318483,0.309841452099083,0.226637859471304,0.0172196457826088,1.45231046175219,0.00788028166132032,2.47280099949566,0.0938740195669584,0.0103826796826059,0.713042076560759,2.34710665780045,0.310272603112648,0.170659806555794,0.907141096913184,0.0397670246009205,0.0199599210776605,0.0403062738251603,0.348584340422544,0.0643752375398161,0.528737362281603,0.52343007774307,0,0.682237034558007,0.0353336490047706,0.152303115463173,0.4908929278972,0.06188177756301,0.0201656909961834,0.0647908635553574,0.030189902977821,0.0164142734154742,0.0418505142792624,0.0615814039543264,0.000195255217987019,0.0110089181696189,0.116568392998125,0.00384078128402367,0.000580888379530341,0.00370048079967637,0.0442479680748629,0.0141817968452211,0.027337775742673,0.0102943772068534,0.0185649128525487,0.00499873975508234,0.0229334457383414,0.00997949116348111,0.00148515434399093,0.0262976333982707,0.00730581588466461,0.0010745382238211,0.00305834914683291,0.00124877716048107,0.010188382835957,0.00672168505971807,0.0839864306138403,0.132362511885101,0.00464957686971221,0.0522607183469146,0.402684912163765,0.14962739291443,0.0102643928857829,0.0168903722101993,0.0086375776600306,0.0189020506475642,0.000474757409413355,0.00843787838994296,0.0254941820014046
0.00388543523544763,0.00203108973213689,0.0643420679007827,0.00160600966993454,0.032858656309664,0.00819201408697092,0.0543360480641987,0.0178500853383695,0.00844286596244705,0.0407491193377889,0.172744779643229,0.0123394439492357,0.00969568310619723,0.0260401576468461,0.00651179046667746,0.189432268101782,0.158017781013758,0.186905429079378,0.0991089701898669,0.00410866059882604,0.729669307244165,0.00310781337459674,1.61225833262951,0.0452443181862836,0.00146265627142193,0.380687375524922,1.14494660359091,0.162615950472482,0.0347044604759009,0.336987373197761,0.0161150731553574,0.0194647484368943,0.00907199571250195,0.0660725061531929,0.315438186067115,0.778928326715879,0.873648092211004,0.682237034558007,0,0.0470681519864249,0.224768648334983,0.108164123895379,0.0408153189739481,0.00835128125580038,0.0404425261418125,0.0407101352981801,0.00941716635932119,0.035829506400232,0.0172586332938296,0.000372273095625454,0.00361962761785269,0.0379987963048472,0.00201510887794419,0.000731853924085307,0.00320615917567285,0.0165819257041982,0.011037062600657,0.00721707040441039,0.00774724412978088,0.00209738339402581,0.00465060206489031,0.00140003438210381,0.00547717651295497,0.00179843603079187,0.016399437917128,0.00239040512569892,0.000432922616051671,0.00157197797736107,0.0015614652123495,0.00715198034638809,0.00351862688606878,0.0389671063560955,0.0342488878647127,0.000779327711809254,0.0161357195317323,0.142206664430725,0.0451569006499028,0.00531140462623327,0.00791546809783709,0.0020770088140433,0.0163672920765856,0.000121790294059313,0.00189314886092837,0.194137297520894
0.002156941139385,0.00021344215964371,0.00787532499286519,0.0223274444251751,1.09168598092031,0.462882271088258,0.0494023696881383,0.392024395414259,0.064071912181618,0.200129275556357,0.031522187913055,0.314819731944908,0.00192019484443422,0.109723678785524,0.65189596810013,0.0107276375906489,0.0115033677580459,0.0105696497470399,0.00424830878201884,0.0445128319983983,0.0579056841418889,0.00108485276916899,0.0702839835711767,0.043167502696797,0.000229041123110151,0.0204352678783294,0.0423216746321657,0.0872366257162546,0.0383749031324568,0.10098410074906,0.000952711776742695,0.308430011734342,0.00191720034449745,0.018234417980434,0.0227275732263112,0.669509543374013,0.0503577428777184,0.0353336490047706,0.0470681519864249,0,0.0656112191747903,0.118585778572637,0.0488978826747879,0.000642799564188552,0.0228403565315528,0.0095040265960817,0.0248944878003658,0.00998315691233585,0.0994854790864453,0.000809697486364645,0.000450768195036579,0.00150007626805133,0.0266947601718355,0.00134263458541551,0.00775918361742119,0.0447089819995866,0.00959127776316365,0.0227973122848594,0.0359689157043484,0.00261881643941121,0.0248707086386222,0.000274005533156949,0.00969864829446934,0.0091711540209148,0.00231212779152928,0.000282893176263761,0.000252747061988333,0.000207159573985979,0.00746782223848311,0.00273245463514485,0.00128450332141472,0.00216787672797531,0.105300612405328,0,0.000881706156174803,0.00610921458922589,0.18443321721252,0.0189297488249933,0.0189881078830391,0.000203489109636539,0.00279042437401891,0.000571360533635855,0.010481016588849,0.0096691330967545
0.00226354853530647,0.000394689098750114,0.00789120010899383,0.00439822631258371,0.85689010684502,0.0335641719510877,0.0320438735443526,0.0526114633464121,0.0106053275091446,0.111676935271029,0.0260699599803848,0.0406275057045487,0.00352069043906208,0.0469605378766329,0.0105419962046224,0.00329832743751366,0.00664376879196411,0.00662412878095827,0.00275604735121707,0.0103808237856271,0.023703747213322,0,0.0411773915700316,0.018661877287138,0.000171521205965141,0.0146896137912914,0.036188564066143,0.0417681217739453,0.0724110569847202,0.0764878510455843,0.000904611675359944,1.12638092270519,0.00493787354976958,0.0144350577674465,0.0400394325491601,0.266203512769237,0.0396018622836965,0.152303115463173,0.224768648334983,0.0656112191747903,0,0.107100617232125,0.0394240433939123,0.00186794199807078,0.0619421633883656,0.0305589350139943,0.0162790206550059,0.0511620448382952,0.044702231089446,0.0002579580159711,8.97240780885636e-05,0.00165996176717233,0.00229502400890793,6.7541957063663e-05,0.0034167954363995,0.0254947549943197,0.0123967627943655,0.0119359452261623,0.00999507019533718,0.00174387076644767,0.00482214347054393,0.000555101652914709,0.00826608124845894,0.00175323712206557,0.000786295395302165,0.000234270603973752,0,0.000169948538911665,0.000954867387772136,0.000429392957068878,0.0010315302722281,0.000979600714707672,0.0621866716099817,0.000118712638961697,0.000266845648354787,0.00271350117227697,0.0970013729326035,0.00712375515948868,0.00554518504395118,0.00112916380842947,0.0233525377228591,9.51501245736717e-05,0.00352777956731776,0.0139305012387514
0.00118283661112918,0.0348298300421658,0.00188489924113388,0.0021217305302616,0.00250291011756848,0.0122598475713871,0.0162487423728417,0.023150089273829,0.00803504361333883,0.0386337381339209,0.257770579271076,0.0281967478638925,0.442215468048573,0.0434460291829522,0.0065081339477533,0.000587414618736338,0.000569225661131972,0.00264681395558156,0.000955950270686981,0.00737713957995553,0.00610006754834116,0.00600452242133899,0.00737092174857453,0.0101507534729744,0.11010979635892,0.00909328720285618,0.0143031899118032,0.0212044967940844,0.0224648824434353,0.0256869980031275,0.0122999311844563,0.0279137374114812,0.000767859280368132,0.0236610454123359,0.00986259277287706,0.395069400167023,0.331686866529989,0.4908929278972,0.108164123895379,0.118585778572637,0.107100617232125,0,0.0231757344390977,0.0166747702869956,0.033334759474063,0.0131411293303645,0.0396603059847368,0.0277187259408698,0.0628881367500902,0,0.00315423009801231,0.000156652463247811,0.0019193155615115,4.29017980078071e-05,0.00418509159032211,0.0131716349562024,0.00849554744700426,0.00684450484892899,0.00789847218986264,0.0658260621714368,0.00519326990210147,0.0695701684353593,0.00560197771601452,0.000353682720482507,0.000255327740410602,0,7.48294631491363e-05,0.000144833787705851,0.00217429626135513,0.000324639018615037,0.000379918437784928,0.000200858297919745,0.0299280393179024,0.013188152001542,0.00239577159449633,0.00352973914352042,0.0308005973206681,0.00530380101043759,0.00260753594951756,0.00521623126732648,0.0161746952555569,0.000107953319796285,0.00577135295104044,0.00261943835658838
0.000982910075110485,0.00699604034907363,0.0619578730868727,0.00527170226586432,0.00205858962288278,0.00616601344049055,0.0676813185319145,0.0511210892849638,0.0360097308651535,0.0233523062990359,0.00360946700565837,0.0115891200224576,0.00132221894122223,0.0351143042039481,0.00556570996752086,0.0650445438831652,0.0242792260707043,0.00251552834423028,0.00253655509132823,0.0110766946977433,0.0905853853152182,0.0196981628582393,0.101786625008373,0.194763351824815,0.00216095306023358,0.049332975168988,0.383648378166826,0.233623645182454,0.0267221726530204,0.142131989251912,0.00236483443790149,0.00816604763540306,0.0026141951179542,0.0249522813556,0.27298036519682,0.22729925457382,0.0274668286785694,0.06188177756301,0.0408153189739481,0.0488978826747879,0.0394240433939123,0.0231757344390977,0,2.57267730576581,0.658417105473356,1.09280432770576,1.2791264568282,0.364847945380348,0.164368070402992,0.0202238533518878,0.0151367943956573,1.05767714267115,0.0423744088450139,0.0344408587179035,0.0906147931958878,0.96702369960311,0.380879020062667,0.0314894340685914,0.249570944448839,0.206862811692882,0.104805466146133,0.0175574725652734,0.276555760378606,0.0413122639410112,0.92223117914454,0.300402349572396,0.534471911622739,0.523674846957529,0.0373477402848714,0.957042001389761,0.0321664689950459,2.9919185346671,0.297623234410163,0.00682546342962063,2.0590382397319,3.21563363729982,1.36919191043216,0.209673002138975,1.12519206150681,0.155126969147442,0.215312596497664,0.00678690460752837,0.175015576518404,0.882380038831969
8.58761674511582e-05,0.0107314847238597,0.02965467802479,4.75337192747951e-05,0.000983046920962878,4.51161047478318e-05,0.000853365845795358,0.000442383589852047,0.00239395292284923,0.000401903258654196,0.16407517117499,0.000580325053513274,0.326809008107112,0.00153470289305555,0.00156441246351262,0.00989085843689607,0.0249330951821339,0.00547543775272311,0.00610567056661591,0.000121480899706721,0.00807490329000759,0.00502480122963067,0.0154647383272586,0.00453216958099756,0.0229538961978439,0.171273655241514,0.324929617692314,0.00388958231593704,0.00237416440191076,0.0055341889045495,0.103265054703158,0.000763791735984552,0.000218241391163874,0.012155886696562,0.0991434302498758,0.0257862395712517,0.0450206904992625,0.0201656909961834,0.00835128125580038,0.000642799564188552,0.00186794199807078,0.0166747702869956,2.57267730576581,0,0.356686156841888,1.69285511175694,0.0369551184412738,0.0779945168809426,0.0966854615117599,0.00281532867583591,0.0122115614988314,0.632922064343144,0.000755107601723289,0.00108912612787019,0.00155370112229342,0.0392035827848167,0.0205695032366513,0.00395582012910533,0.00618679582363315,0.322317408253332,0.00255796106445564,0.438369092863613,0.0431354694598001,0.0102995250713247,0.134204102232794,0.199321607463127,0.272659315573041,0.236829995674778,0.00123601937501601,0.179086376327744,0.00590896837269605,1.0149662630444,0.0204901023574733,0.0291092638449033,1.59337804359559,1.0345184889814,0.0671304231967177,0.0153954279712431,0.177614502323229,0.297994896467223,0.0124769196968144,0.000512828034389621,0.0721043007462947,0.305646429258869
0.000616064017859286,0.0040640563919833,0.0302747675496985,0.00282908303377517,0.00151690610965521,0.00479167113733132,0.0389904754896305,0.0256346803890834,0.0103446690776462,0.0172890603566853,0.00726793127911549,0.00819995581633123,0.00869298647248036,0.0169930108324502,0.0038702821020266,0.0178010525260891,0.0116267546853451,0.00060166235842298,0.00175348532221924,0.00474800824133327,0.0208307495179557,0.00448339881242635,0.0368935752662553,0.083858478725834,0.00312055356341214,0.0338453685720029,0.210961991182558,0.0818101070677845,0.00972187060160232,0.0387414712998994,0.00600731781963498,0.0103578099065736,0.000902380739732372,0.0135684087030153,0.0411858144138831,0.067926196720141,0.0110335448255785,0.0647908635553574,0.0404425261418125,0.0228403565315528,0.0619421633883656,0.033334759474063,0.658417105473356,0.356686156841888,0,0.667107090030858,0.0499870572792297,0.0907558610324893,0.29219400016222,0.0228934680027369,0.00459871304882827,0.50039637856223,0.0250790013226449,0.000511947912382287,0.0192129362733213,0.452526473255631,0.101728179414701,0.0163809308177811,0.156036541834124,0.503624626124063,0.0384709740438122,0.0605981329736471,0.160043723803612,0.00782676439488152,0.270135546828225,0.167734638319417,0.369539759531932,0.310495337977461,0.015999323530554,1.24012825098882,0.00742533723229569,2.00321239230682,0.0855970387730159,0.0042529076975042,0.853892011759112,1.51553115780936,0.705158580033903,0.185659737184733,0.480912571098654,0.133734040126365,0.0510224383546584,0.0140203223959798,0.169336417804637,0.0934759857938712
0.000191713953901184,0.00299217622466122,0.026845234138809,0.000718367923095682,0.00407534264287636,0.0018604502378825,0.0109171676861262,0.00718868701119173,0.00511928347502863,0.00400519171442265,0.0013341032583796,0.00282448635674235,0.00126535938366087,0.00536716524567948,0.0101518572713464,0.0175182694200323,0.0123717770182377,0.00125817099142841,0.00252466906651306,0.000964390003461947,0.0150690388419674,0.00477888612048795,0.0476071492735016,0.0302264002012096,0.00069380015586301,0.0293420220913645,0.199276480407387,0.0305783083194118,0.00459641158988221,0.0205126445825133,0.00222035915646501,0.00464540096814106,0.00034901435667203,0.00481489062160148,0.372072289037128,0.0422555810932953,0.015015712487382,0.030189902977821,0.0407101352981801,0.0095040265960817,0.0305589350139943,0.0131411293303645,1.09280432770576,1.69285511175694,0.667107090030858,0,0.247678831597361,0.22998550421099,0.0390032879469531,0.0110839409626864,0.00459872290070021,0.496361483654929,0.00621051860854217,0.00814738743126403,0.0065011994898661,0.196260366637732,0.0638017337321072,0.00549392837330627,0.0352307202227742,0.117502148684834,0.0130809034726016,0.00584229038861207,0.085329280747491,0.0188697882225159,0.333951394818547,0.122942224310665,0.240367226975242,0.260363764118015,0.00356444113065371,0.683738110476069,0.00739247151077838,2.08035852060955,0.0487673329272308,0.00150635833095668,0.783433186108951,1.68392854436245,0.397027729996635,0.0766753712814405,0.291120854671399,0.0791038776546826,0.0270560843848753,0.00596543819556454,0.0643403685265924,0.611030826314406
0.000402560489765852,0.000272700019382227,0.000985539112149932,0.0114079368162502,0.0021013492885371,0.00291194593581917,0.0303974040672833,0.0212971941858938,0.00827503446348083,0.0288016324385547,0.00133860579172828,0.0207744510050664,0.00021252090372529,0.0151403443454752,0.0066988830186982,0.00324382544229324,0.000661152590981281,6.63072802588642e-05,0.000237077709242475,0.0173210283220146,0.0103262550255439,0.000434680433959097,0.00622948282938614,0.0529778966517806,9.48187799822924e-05,0.000788086393242014,0.00632424809292768,0.0818305731133505,0.00951232849111509,0.0319671149291898,0,0.00291768955304039,0.00089624483303352,0.00778880140060104,0.0160913223938128,0.043594176807966,0.035724788888237,0.0164142734154742,0.00941716635932119,0.0248944878003658,0.0162790206550059,0.0396603059847368,1.2791264568282,0.0369551184412738,0.0499870572792297,0.247678831597361,0,0.0462977288307728,0.243913528147615,0.000972400886261401,0.0020028279257624,0.0146375556956604,0.0402712328612507,1.31383171201372,0.618202179920639,0.173578759779632,0.319364013572769,0.0657486074297039,0.108413858262966,0.0124798979673002,0.128585708756726,0.00130826525913732,0.0499026721329512,0.509187774922548,0.00857975506657139,0.00417214102181821,0.0105482535265955,0.0077652941210347,0.0240040713776718,0.0173759958134935,0.00568764816029462,0.0404602012177335,0.113265399419169,0.000201374938127273,0.0238512148286238,0.0507164960524262,0.196931703182471,0.0224524337708408,0.0504554719516103,0.00282773590086792,0.158217974812967,0.000425735277366334,0.0309811282766559,0.06029327393232
0.000165416559859168,0.000237077559118712,0.00151561165142332,0.000693392730693126,0.000270562005002445,0.0018253222263174,0.00708547700449464,0.00443446919682912,0.00213643073492783,0.00435095288110629,0.00274110583868636,0.00374029623272752,0.00215184911559197,0.00687073473017011,0.000865526642670262,0.000990148190477901,0.00046806253832891,0.000107887482483828,0,0.000839806490581996,0.00157940020075845,0.000355388852922929,0.00150289091971993,0.0115681303130366,0.000526950627154261,0.00148213036618096,0.0068792454017847,0.0124592558801757,0.00483775108489222,0.00811337137836975,0.000740504125014549,0.00854850198792105,0,0.00113205615182625,0.0179440875710774,0.0185087055478878,0.00507329162867041,0.0418505142792624,0.035829506400232,0.00998315691233585,0.0511620448382952,0.0277187259408698,0.364847945380348,0.0779945168809426,0.0907558610324893,0.22998550421099,0.0462977288307728,0,0.100650085319216,0.000820056090356225,0.000383925289275717,0.0225099540793799,0.00348417641789663,0.822420755041682,0.199318593642799,0.0545255646324526,0.089144520521343,0.00318661249071279,0.0186599741467471,0.135981770367387,0.00709233113812624,0.0251476052605702,0.0108123410690055,0.00316846405580134,0.00460895332312516,0.00333996858194408,0.0362944469969532,0.00688524608986551,0.00236917477592806,0.00594833260609647,0.00067125514012945,0.0373666578869254,0.00902205186344216,0.00147949360044849,0.0474744087886352,0.0720775386039323,0.0500607870402409,0.0501551591082007,0.0181812287236944,0.0441624776048476,1.23289419643167,0.000191137017556524,0.219346396812397,0.0624298125687025
0.000462815935313973,0.00590517146660716,0.000874026229253409,0.00130039386276001,0.00289710618039202,0.00615685137382561,0.0167428049824191,0.0193478703800177,0.00435766291201003,0.0176447866208081,0.114797810764128,0.0166945688957148,0.172763311293173,0.0278784245922022,0.00417517910590035,0.00580181004401031,0.000806985227144814,0.00047982704063865,0.000257931269814238,0.00614273130367634,0.00573797852442879,0.00123977700765617,0.0115604971040941,0.0140903259699177,0.0359013838350654,0.00480714139647873,0.0265831658092666,0.0277931436145368,0.0139955700676652,0.0292576624446795,0.0103602065171777,0.019158612287353,0.000516035734197008,0.00985807363476781,0.00194936415699889,0.0595676465521555,0.0173113925666232,0.0615814039543264,0.0172586332938296,0.0994854790864453,0.044702231089446,0.0628881367500902,0.164368070402992,0.0966854615117599,0.29219400016222,0.0390032879469531,0.243913528147615,0.100650085319216,0,0.00042437889844374,0.0566386903956695,0.000681780343967113,0.00540316481683586,0.000875513014791274,0.0102925275936264,0.035716283227003,0.0249793918976855,0.0134638378887446,0.0239525370209578,0.481205198683068,0.0159598030022315,0.324076586357113,0.0174691879944604,0.00219519931451464,0.00075268180813202,0.000160087563025332,0.00210685028699171,0.000657252139707577,0.0045413001029068,0.00163275025345221,0.0105601798918104,0.000907392908406561,0.0322751675962216,0.21369242837147,0.00573729595457055,0.01785921898607,0.0689324556031012,0.0161152106204704,0.0100973986109587,0.0507833581847518,0.0400280657354218,0,0.113241414620039,0.00271220738960202
6.71735479874909e-05,0,0.000288593209339625,0,0,0,0.000541327245410729,0.000453691085938361,0.00057921375967626,0.000300453662180227,9.75857968447094e-05,0,0,0.000152975052993548,0,0.000331760418118221,0.000199225900374032,0,0,0.000266891763157868,0.000866525552785918,9.61320090461256e-05,0.000232357625114834,0.00321439428439716,0,0,0.00044745137669968,0.005459208953051,0.000513551864155677,0.00342383644730833,0,0,0,0.000413248819156796,0.000341593154652405,0.00344754175888365,0.000100039122061816,0.000195255217987019,0.000372273095625454,0.000809697486364645,0.0002579580159711,0,0.0202238533518878,0.00281532867583591,0.0228934680027369,0.0110839409626864,0.000972400886261401,0.000820056090356225,0.00042437889844374,0,0.000210174348673114,0.0185416889128197,0.000291815969777387,0.000240307396819592,0.000575225427023959,0.413696532290361,0.0965078854203544,0.000844622117761713,0.00463197536515826,0.00273536095077472,0.000980449493017899,8.71764992752731e-05,0.770835638842707,0.00118140421328604,0.000274638310179913,0.023159143503378,0.00145865609507703,0.00926216160624294,0.000150912802860057,0.0122922245301436,0.000835778157989177,0.0392668492439155,0.00631115576737971,0,0.0118225296304595,0.0122890293013317,0.0214246232223218,0.859907256015589,0.414423606871644,0.000157381056762564,0.00120656285156553,0.0101912532746882,0.0455219178941106,0.00396209570988104
0,0.179451745185932,0.0131403108288004,0.000333466451369727,0.000173318956793546,3.36641199011117e-05,0.000367591019617689,5.7534733824271e-05,0.00406526374358244,0.000280083119454626,0.0162172889969221,0.000283271220068586,0.0514617609692352,0.000357494547801143,0.000294551862766778,0.00228247750655471,0.0200787870921733,0.00197206643273584,0.00211095161458354,0.00042973426344425,0.000224922233718815,0.0118044707698401,0.003241148974187,0.00665910088899542,0.040530631590849,0.0793761207723919,0.868866968662036,0.00213772055004619,0.000735159354462463,0.000587282016561032,0.0158575742151731,0,4.11250698677957e-05,0.00711304331964412,0.000657720021861482,0.0125139981243519,0.00864902439322639,0.0110089181696189,0.00361962761785269,0.000450768195036579,8.97240780885636e-05,0.00315423009801231,0.0151367943956573,0.0122115614988314,0.00459871304882827,0.00459872290070021,0.0020028279257624,0.000383925289275717,0.0566386903956695,0.000210174348673114,0,0.00248538089224489,6.13825667190135e-05,0.00105355299934754,0.000104985027179295,0.00154391142838673,0.00114983321807877,0.236056188120968,5.02474850938201e-05,0.0273255939391943,0.000338915884992499,0.173703258863979,0.0012513790412041,0.00944456394340332,0.00275272234309274,0.00441909516433306,0.00401237623560665,0.00644077580651441,0.000128871685579634,0.0006598626203776,0.205311738323534,0.0012948063876563,0.27439445453021,0.168662779247369,0.0392325890308052,1.88546225237359,0.0131916259940973,0.00289047468566264,0.00169363533146661,0.00688371666381737,0.000401084204849059,4.02519447001338e-05,0.00513617937644982,0.000547937462777484
0.000832095750758228,0.0131959144375558,0.454092702688494,0,0.00234204297792613,0,0.00413641546137963,0.00146804692354911,0.00110676681740709,2.95912434431612e-05,0.00110368655390909,0.000245968955319602,0.000120364557958174,0.00270603959232664,0.00127331708511726,0.0200666104840492,0.182542322406279,0.0029831705735535,0.0118847270837088,0,0.0107705418683796,0.0220171176458493,0.198348665635375,0.0112162399845003,0,0.179791125183899,1.30741770426606,0.0075842861253435,0.00563054531913284,0.00983336596023033,0.000109069664225614,0.00012428861083206,0.000641295425952142,0.0582432963065496,0.0297894968927329,0.180032061140872,0.0281056305193281,0.116568392998125,0.0379987963048472,0.00150007626805133,0.00165996176717233,0.000156652463247811,1.05767714267115,0.632922064343144,0.50039637856223,0.496361483654929,0.0146375556956604,0.0225099540793799,0.000681780343967113,0.0185416889128197,0.00248538089224489,0,0.000607422757336292,0.000519390978855693,0.00223923707491068,0.39913674931733,0.255925042762104,0.00025107648475273,0.00662389011366357,0.0133375336841,0.001555348537577,0,0.472956833191389,0.00230597841122269,0.0113777970366614,1.19613384527398,0.0208024725035079,0.200129374001355,0.000444008046923005,0.296525521146748,0.00187181512145803,4.47884820088364,0.00490062891646093,8.97215045383394e-05,2.33639973338321,2.35401814397729,0.183520343213142,0.0501744837681575,0.330493522812978,0.000350932841856116,0.00175961542502618,0.00117449813415163,0.135747426283192,0.093124424402584
0.000129096763993001,8.95400638859629e-05,0,0.0885528276246714,0.00402838462678673,0.00424051814686452,0.0563721527771496,0.015974873197635,0.031690091932522,0.174853600771067,0,0.0862992383373388,0,0.00321706690022041,0.0115782302001688,0.000117586506999171,5.29918010986328e-05,0,0,0.100493057887019,0.000825413701851618,0.000293711893504506,0.000537924789509335,0.062867639435889,6.88306194459796e-05,0,0.00018617476771434,0.191964685160259,0.00199901845216991,0.00169172562852267,0,0.000158848881132996,0.000268612471007216,0.00264478417239262,0.000191845623164534,0.0209292417218702,0.000545747060565948,0.00384078128402367,0.00201510887794419,0.0266947601718355,0.00229502400890793,0.0019193155615115,0.0423744088450139,0.000755107601723289,0.0250790013226449,0.00621051860854217,0.0402712328612507,0.00348417641789663,0.00540316481683586,0.000291815969777387,6.13825667190135e-05,0.000607422757336292,0,0.00226877510484139,0.0603106661831136,0.0174899844677905,0.0658177657907709,0.218254448818875,0.556530024355404,0.0165039742431449,1.04940774477056,0.000428032838456115,0.0512017248623928,0.0510948216368731,5.3446434830445e-05,0.000249016395329114,0.0104175094572309,0.00515948900199738,3.00996814612657,0.000570436532597196,0,0.000991929392842205,0.437029988955877,0,0.00528818250139335,0.000857693610956773,0.760325767482746,0.0538463355078,0.000702592674119657,0.000735418425185043,0.00618473432679925,0.000130197988814762,0.0210759075020263,0.0030709430078718
0,0,0.000143983776236141,0.000739308979013509,0.000271175367805905,0.000337705496067941,0.00016189536410352,0.000111806709951044,0.000557576587911355,0.0017450151384474,0.000130984956346321,0.00203780876242406,8.75018067467511e-05,3.79470302267432e-05,0.000173527553762352,0.00015079646230523,0.000360947013681114,0.000340414951190341,0.000247748366921878,0.0012677370009281,0.000232059774207312,0,0.000960191384948508,0.00126084316760349,0,0.000369875720998692,0.000813278841537568,0.00109669294994001,7.23947345131814e-05,0.00039794765834381,8.42648810596287e-05,0,0,6.94425721583784e-05,0.0122853117222477,0.000574238285539016,0.00141137985145984,0.000580888379530341,0.000731853924085307,0.00134263458541551,6.7541957063663e-05,4.29017980078071e-05,0.0344408587179035,0.00108912612787019,0.000511947912382287,0.00814738743126403,1.31383171201372,0.822420755041682,0.000875513014791274,0.000240307396819592,0.00105355299934754,0.000519390978855693,0.00226877510484139,0,0.15081771577406,0.00308376940793894,0.00792305530993087,0.0187046023465842,0.00553751985060482,0.00067370583281914,0.0292720163218666,0,0.00337623333600483,0.264130042055957,0.00191577102151069,0,0.000245630147432572,8.26500506749779e-05,0.00131511163726809,0.00504042867371959,0.000215720212686634,0.00938205587738622,0.0354624681550755,0,0.000396162440168839,0.00279993726115272,0.0126657181131974,0.00121712596969572,0.00129712279463991,0.000191401921659613,0.00242860608222857,0,0.0241006439597509,0.0587211746817662
0,0,0,0.00911406618408703,0.000961164929509762,0.00113120279474124,0.00783564448622689,0.00232494632886432,0.00417622807156787,0.0164194032972634,0,0.0208979135035957,0.000115385521062338,0.0013000503474207,0.00429875377100769,0,0,0.000125664655967617,0,0.0104723531314554,0.000395506329623842,0,6.49907109413027e-05,0.0110793184777702,0,0,0,0.020164860364083,0.000661031652886209,0.00154160713585465,0,0.000320338181903625,0,0.000777671283738321,0.00866695503608856,0.0074183830250913,0.00129638369782331,0.00370048079967637,0.00320615917567285,0.00775918361742119,0.0034167954363995,0.00418509159032211,0.0906147931958878,0.00155370112229342,0.0192129362733213,0.0065011994898661,0.618202179920639,0.199318593642799,0.0102925275936264,0.000575225427023959,0.000104985027179295,0.00223923707491068,0.0603106661831136,0.15081771577406,0,0.438869927829583,0.723981058092874,0.0503127779341962,2.07296104189759,0.0250353813808086,0.445791311703655,0.00189589423852265,0.115865544145846,0.388475797495754,0.000223882768740874,0.000548171296623176,0.0111603174217255,0.00371212459175746,0.0524995028748775,0.00208472785624732,0.000398228046640748,0.00388907440971559,0.0291939240956585,0.000173681864906114,0.00767356446989477,0.00211288993218904,0.932697290054872,0.048414500609612,0.00339537753379449,0.00255726634261493,0.0374343740411699,0.000311242893505433,0.0288214918420363,0.0527237532940334
0.000926624944682313,0.000321946468500674,0.00639429430201428,0.0169847615745612,0.00153300603611906,0.00489676345742793,0.13204427780033,0.0847902472457373,0.0223829861025168,0.0846242902617772,0.00226095213142003,0.0149717476415615,0.000190295938450718,0.0552216154357294,0.00706826259138302,0.0103645824023667,0.000691043744172144,0,4.5294966488421e-05,0.0298794399424146,0.0237374313506185,0.00214132716890381,0.0185310368383176,0.192801244492611,4.39497503399253e-05,0.000415663857452754,0.020880307369332,0.252413447115496,0.0229170726268405,0.0833440383246979,7.05469334944755e-05,0.00213165093103108,0.00268211066336386,0.0280316052236046,0.0111511704585834,0.14762326090911,0.00703569264852916,0.0442479680748629,0.0165819257041982,0.0447089819995866,0.0254947549943197,0.0131716349562024,0.96702369960311,0.0392035827848167,0.452526473255631,0.196260366637732,0.173578759779632,0.0545255646324526,0.035716283227003,0.413696532290361,0.00154391142838673,0.39913674931733,0.0174899844677905,0.00308376940793894,0.438869927829583,0,3.63535878533673,0.0346498643852504,1.3490643280664,0.115436708366422,0.0214480578580716,0.00355938528132602,4.29138176063664,0.0315397034958816,0.00429310274529813,0.156251999375798,0.0935571954713779,0.0881720638372957,0.0122150194254632,0.419407648014444,0.00677359696965398,0.99233558715272,0.0871974474111348,0.000193103502133074,0.158319480333224,0.110251635520692,5.95524573527068,1.23509246383625,0.91060726989428,0.0112430471371839,0.0684109706122129,0.039175028926065,0.340959829091955,0.127755089197056
9.37263079120756e-05,0,0.000651663857688642,0.00240730942332772,0.000684139536223203,0.000943827519462893,0.0280859020532565,0.00416680734702069,0.00844531797944279,0.00798760910710596,0.000328473243862968,0.00724319212148022,0.000106489851695764,0.00234739547180968,0.00163985842866034,0.0017080160298725,4.88476507033765e-05,0,0,0.00500075200596038,0.00673775581927938,0.000490219642301005,0.00185537874083329,0.0618924432987746,0,3.9468901832667e-05,0.00398759392811262,0.0643857473640104,0.00383050398009215,0.0247286907384252,0,0.00205353635514765,0.00040778468680915,0.00202069917323002,0.00054182435880593,0.0253331554517721,0.00307017993682639,0.0141817968452211,0.011037062600657,0.00959127776316365,0.0123967627943655,0.00849554744700426,0.380879020062667,0.0205695032366513,0.101728179414701,0.0638017337321072,0.319364013572769,0.089144520521343,0.0249793918976855,0.0965078854203544,0.00114983321807877,0.255925042762104,0.0658177657907709,0.00792305530993087,0.723981058092874,3.63535878533673,0,0.0250799480727952,1.72983760378125,0.0283802982644888,0.387566262463329,0.00182221594047353,3.5585582099683,0.0600983600099852,0.00196503862467582,0.0424151360520594,0.0111465036027125,0.0120658687243993,0.0849555634532224,0.119964700519143,0.00209615984514495,0.389068411449966,0.062570650823177,2.96422667571395e-05,0.0488502153587678,0.0400771082601737,0.942801450481391,0.193918121091914,0.24518024010885,0.00456096499424558,0.093892143861432,0.0109083395456452,0.0936915999521613,0.0186796692397701
0.000870242448270655,0.00639225047957272,0.00503426719236539,0.101093916646342,0.00112723917889423,0.00601178193470422,0.147407328215003,0.0516696904261323,0.345031669171847,0.121938526450636,0.0176875836243869,0.0519503043322784,0.0148301687193325,0.0411150876187166,0.0077953442955024,0.00886302321178362,0.00169525478888011,0.00339190740960689,0.000872590582303125,0.050035816391763,0.0227249706914775,0.0153331529053486,0.006778551541738,0.47080034566972,0.00489215737889445,0.00692294267076292,0.0341225738269616,0.39876596392675,0.0268819538724224,0.0473604851754586,0.00311980715610443,0.00789430578898107,0.00318731543182953,0.0179124234991371,0.00661044091712293,0.114927477486391,0.00398770922584345,0.027337775742673,0.00721707040441039,0.0227973122848594,0.0119359452261623,0.00684450484892899,0.0314894340685914,0.00395582012910533,0.0163809308177811,0.00549392837330627,0.0657486074297039,0.00318661249071279,0.0134638378887446,0.000844622117761713,0.236056188120968,0.00025107648475273,0.218254448818875,0.0187046023465842,0.0503127779341962,0.0346498643852504,0.0250799480727952,0,0.157016496194844,0.0174570210719998,0.287528676280203,0.048257033081562,0.0209804916369457,0.165776603143881,0.00232764860753468,0.00150051039648558,0.00544266362278598,0.00335656157382311,0.0803190942243627,0.000815949690725821,0.904738007230249,0.00192259581666974,3.26276983624089,0.037526183113142,0.00739226681702742,0.502554454312889,0.683943467905426,0.0266559183128342,0.00901708938573354,0.00266407568180558,0.00295060515049721,0.000964464561356566,0.00954296239234696,0.00235401229462201
0,0.000483873744626975,0,0.095895609212693,0.00423544306829125,0.00466612037436503,0.0699617002142285,0.0224084813960158,0.0269090053220417,0.194243742876979,8.91522942059159e-05,0.11793068143274,0.000184997137939512,0.00434101513568062,0.0160017967337658,0,0,0,0,0.112038445334607,0.000340688294393539,0.000245859348887861,0.000278952794749859,0.0739034808601567,5.07914960802972e-05,0,0.000410579184362554,0.220874498860098,0.00159423836916295,0.00353391735056365,4.28326097184956e-05,0.000141565456663647,0.000407731068498695,0.00352351488898699,0.0310555721656851,0.0264717035502476,0.00221180101893348,0.0102943772068534,0.00774724412978088,0.0359689157043484,0.00999507019533718,0.00789847218986264,0.249570944448839,0.00618679582363315,0.156036541834124,0.0352307202227742,0.108413858262966,0.0186599741467471,0.0239525370209578,0.00463197536515826,5.02474850938201e-05,0.00662389011366357,0.556530024355404,0.00553751985060482,2.07296104189759,1.3490643280664,1.72983760378125,0.157016496194844,0,0.14316076393545,0.580231827567864,0.00285788211969382,0.648064180811176,0.0519963162013935,0.000686527080424264,0.0094778839072583,0.105876015145942,0.05463901303824,0.256105182994191,0.00318424774387747,0.000683318305623502,0.00725824312516906,0.0982150790347219,0.000131593338257784,0.0643270025897631,0.0161300734761916,2.14361686973586,0.512133452885144,0.00942198203207417,0.0109237321827647,0.04757556152341,0.000935807597068275,0.151522391278673,0.29875120340769
0,0.0101099377733322,0.000817589658798444,0,0,0.000325263871247936,0.00267649710157555,4.91977929345191e-05,0.00482245500147936,0.000521477918986648,0.19194271502203,0.0013411300423811,0.360791643068382,0.000905235624569481,0.000341966785890907,0.000287074367016777,0.000417866071187506,0.00110739073712803,0.000181864280189586,0,0.000568744206181416,0.00268470723077799,0.000358766870820317,0.0141183482672321,0.0583754713797508,0.026629908387033,0.041142480384094,0.003083850793784,0.00120837323423629,0.0010124950267595,0.0597237908330613,0.000608725273997316,0,0.00733549871164559,0.00189246454588138,0.00260720189733689,0.0341176781650507,0.0185649128525487,0.00209738339402581,0.00261881643941121,0.00174387076644767,0.0658260621714368,0.206862811692882,0.322317408253332,0.503624626124063,0.117502148684834,0.0124798979673002,0.135981770367387,0.481205198683068,0.00273536095077472,0.0273255939391943,0.0133375336841,0.0165039742431449,0.00067370583281914,0.0250353813808086,0.115436708366422,0.0283802982644888,0.0174570210719998,0.14316076393545,0,0.0712157807566764,0.77958538200044,0.101041661257257,0.00475577337421334,0.00157851597447466,0.062906025133113,0.672843112102195,0.103210182449122,0.0204323881761576,0.0208741598575302,0.0099572547056963,0.0352573336889955,0.0350449854704903,0.0954684231071106,0.28328825141113,0.0803337136731675,0.123706312661716,0.760274262901472,0.0227751210679429,0.222892612245336,0.347704740650208,0.000942531187364752,0.394360690568818,0.0102876156942221
5.66181317425072e-05,0.000103973831042099,5.87632930857241e-05,0.0592316971716987,0.00405800492185884,0.00335237296266694,0.0186264202418152,0.0114952196889347,0.0207561147706888,0.0734198269878654,0.000752285569863266,0.123470600735577,8.12681426703155e-05,0.00377768136043216,0.0134303825186169,0,0.000220700547080708,9.77589967748047e-05,4.52121142558873e-05,0.0659826325866865,0.000481595627245295,5.90738884284198e-05,0.000283763379379606,0.043029987337991,0,0.000201342294251147,0.000151944630291551,0.095983080855286,0.0013059635910903,0.00192433145647195,0,0.000542004627956798,8.65759881382466e-05,0.00150119182969247,0.0588146400021969,0.0107214244988896,0.00187933343746768,0.00499873975508234,0.00465060206489031,0.0248707086386222,0.00482214347054393,0.00519326990210147,0.104805466146133,0.00255796106445564,0.0384709740438122,0.0130809034726016,0.128585708756726,0.00709233113812624,0.0159598030022315,0.000980449493017899,0.000338915884992499,0.001555348537577,1.04940774477056,0.0292720163218666,0.445791311703655,0.0214480578580716,0.387566262463329,0.287528676280203,0.580231827567864,0.0712157807566764,0,0.00342692034326524,0.300201168470854,0.194551992736935,0,0.00197738757487993,0.0429212737190774,0.0170076768169408,1.5559253922597,0.000706453905560255,0.000618944297739386,0.000871578295087865,0.18398881914406,0.000122457835456556,0.0209569494509237,0.00538164470943678,0.348286654444741,0.148361067688092,0.00195977710311193,0.00822499602572711,0.0274087728463981,0.000241762878872072,0.0423980675592454,0.154446147566208
0,0.0276559454752845,0,0,0,0.000137151796582714,0.000171560310524643,0.000217331491035819,0.00453389445478134,0.000214784370636162,0.498412731193697,0.000361356082170049,1.22561883988915,0.00141851561190943,0,0,0.000890445900567162,0.00144112861762297,0.000259805412191802,4.67793902577997e-05,0,0.00970711974625081,0.000103554278016782,0.00165013533851698,0.223917154307327,0.091130530079246,0.186715886043768,0.00015140503991374,0.000818996291650731,0.000277884741918176,0.266568416182101,0.000811214556690931,0,0.0116869644798653,0,0.00121223438525344,0.0885745340115334,0.0229334457383414,0.00140003438210381,0.000274005533156949,0.000555101652914709,0.0695701684353593,0.0175574725652734,0.438369092863613,0.0605981329736471,0.00584229038861207,0.00130826525913732,0.0251476052605702,0.324076586357113,8.71764992752731e-05,0.173703258863979,0,0.000428032838456115,0,0.00189589423852265,0.00355938528132602,0.00182221594047353,0.048257033081562,0.00285788211969382,0.77958538200044,0.00342692034326524,0,0.00632200925703707,0.00195229278209226,0.000247618665352136,0,0.000244901602171886,0.00059993413098157,0.000182200868389547,0,0.0423621829185529,0.000117848140548849,0.0436163943421143,0.866524028901045,0.00577223913161392,0.325951151421537,0.00466445173533444,0.0419876741878899,0.000677453275808883,0.158050034334872,0.0401899096017131,0,0.136682838588308,0.000631592332010508
0.000100425055406546,0.000222273683270944,0.00363897521725663,0.00263760777397651,0.00025156119953357,0.00148728651158629,0.0334054574025745,0.00617825242503821,0.0092126129660317,0.00428990665059378,0.000207611840587741,0.00498057158157681,0.000555063784195471,0.00199237702246434,0.00136652700749605,0.00135961047331384,0.000724855741341457,0,0,0.00212465392246952,0.00646535889977482,0.000689856951486207,0.00291629708543747,0.0845212081256761,0.000114785023329219,0.000324700574719465,0.00887586976328517,0.0646687777936053,0.00352483868032987,0.025235996982219,9.71348304219661e-05,0.00208907207604548,0.000870157411201212,0.00128034688767871,0.000903561471171375,0.0277557206154321,0.00320136350154971,0.00997949116348111,0.00547717651295497,0.00969864829446934,0.00826608124845894,0.00560197771601452,0.276555760378606,0.0431354694598001,0.160043723803612,0.085329280747491,0.0499026721329512,0.0108123410690055,0.0174691879944604,0.770835638842707,0.0012513790412041,0.472956833191389,0.0512017248623928,0.00337623333600483,0.115865544145846,4.29138176063664,3.5585582099683,0.0209804916369457,0.648064180811176,0.101041661257257,0.300201168470854,0.00632200925703707,0,0.0201410384465555,0.00231307532178702,0.195315312154072,0.0424021545205294,0.0620214604207709,0.0927678241929746,0.146369692840936,0.00245105946617024,0.786924031091423,0.0702129857892138,0.000198433573960286,0.178265316673435,0.115105865066436,0.431517130933084,0.610099382394248,0.858389729286254,0.0127267352089768,0.0537172333929672,0.025785343455702,0.190566005213511,0.0222763439904751
0.000118727072289204,0,0.000153848784017825,0.00685404744180241,0.000750805033227039,0.000784267754057628,0.00433417789097235,0.00208662523295801,0.00492673773897182,0.0141127012626947,0.000475523823393279,0.013538392089251,0,0.00125423786142842,0.00229142557983773,0.00149195769289811,7.32184475165367e-05,0.000186123092970461,0.000336711049453455,0.00828134912468902,0.00246306685532474,0.000648142436747348,0.00163264561718933,0.0146013839486325,0.000101086972524237,0.000932195672944097,0.00225912954583195,0.0149238407360579,0.000693876000532747,0.00278030389848496,0,0.000255288718955326,0.000102000883101392,0.000523461600776416,0.0110920425148772,0.00737252581025997,0.00196913345137255,0.00148515434399093,0.00179843603079187,0.0091711540209148,0.00175323712206557,0.000353682720482507,0.0413122639410112,0.0102995250713247,0.00782676439488152,0.0188697882225159,0.509187774922548,0.00316846405580134,0.00219519931451464,0.00118140421328604,0.00944456394340332,0.00230597841122269,0.0510948216368731,0.264130042055957,0.388475797495754,0.0315397034958816,0.0600983600099852,0.165776603143881,0.0519963162013935,0.00475577337421334,0.194551992736935,0.00195229278209226,0.0201410384465555,0,0.019578254062622,0.000965220455949946,0.00242592100077142,0.00108855370328077,0.0227822044566454,0.0405034593237699,0.00864618147539783,0.0553156199685477,0.571013700178024,0.000987637244543582,0.00361818140058102,0.0263456846263262,0.173411168722637,0.0132043275608938,0.0361980804731429,0.00102242403283755,0.0122571344382326,0.000696941018426448,0.00525217356894803,0.0347693673373589
0.00031200904208799,0.00610689984968836,0.00841980934637515,3.13268242681801e-05,0.0022757356494132,9.20038655971081e-05,0.00790328503439118,0.00121918283950077,0.0358770638524653,0.000607989107274872,0.000212037867113659,0.000111348408910161,0.000207038887884367,0.00132118203102904,0.00230703294487335,1.24890510206416,0.0117119837845272,0.000158472258142358,0.000285398629276818,0,0.304745744821151,0.218527196328301,0.555550641403257,0.0944760731961617,0,0.0021749512030794,0.475779458498691,0.0897354734526247,0.0016046600573044,0.0892166001568006,0,0.000210370938421655,0.000451680175451064,0.0118139429734342,0.0205172422460737,0.0913515425861875,0.0113190669396929,0.0262976333982707,0.016399437917128,0.00231212779152928,0.000786295395302165,0.000255327740410602,0.92223117914454,0.134204102232794,0.270135546828225,0.333951394818547,0.00857975506657139,0.00460895332312516,0.00075268180813202,0.000274638310179913,0.00275272234309274,0.0113777970366614,5.3446434830445e-05,0.00191577102151069,0.000223882768740874,0.00429310274529813,0.00196503862467582,0.00232764860753468,0.000686527080424264,0.00157851597447466,0,0.000247618665352136,0.00231307532178702,0.019578254062622,0,0.0100062695379753,0.00302857920785761,0.00709049825029493,9.69489503954526e-05,0.820047311097113,0.470829256407506,0.522902190641201,0.467804871301046,0.000143116741804009,0.0102314163273551,0.808575223740243,0.296864567457121,0.0089242467572258,0.071896598844853,0.000129681496050215,0.000588756467823291,0.0015652218691852,0.0670459279882746,0.142130590993822
0,0.00240170079953889,0.0238656129440669,0,0,0,3.13171814971835e-05,0,0.00102278326291791,0,9.79891525883017e-05,9.53207295072909e-05,7.63780326578558e-05,0,0.000177303756175852,0.00247230039966639,0.0116577837820217,0.000390706821983185,0.00158779243544708,0,0.00141370904577113,0.00113473429542091,0.00614447196726305,0.000774469556712079,0.000116382731562534,0.0575139644348762,0.164917510481322,0.00107170783864597,5.47336442291975e-05,0.00106060576816397,0.000274332191742295,0,0,0.00414602714871501,0.00373318566090075,0.00830048887238141,0.00231720021880965,0.00730581588466461,0.00239040512569892,0.000282893176263761,0.000234270603973752,0,0.300402349572396,0.199321607463127,0.167734638319417,0.122942224310665,0.00417214102181821,0.00333996858194408,0.000160087563025332,0.023159143503378,0.00441909516433306,1.19613384527398,0.000249016395329114,0,0.000548171296623176,0.156251999375798,0.0424151360520594,0.00150051039648558,0.0094778839072583,0.062906025133113,0.00197738757487993,0,0.195315312154072,0.000965220455949946,0.0100062695379753,0,0.0459260450057676,0.608617805880202,0.00134891852754868,0.103693134219382,0.00240317118405563,1.4087860254638,0.00487059348092984,0.000307969013245559,1.65708591655715,1.43657773261642,0.0439505218661555,0.0617652641205635,0.479688508464789,0,0.000674045932842844,0.00144661005709588,0.499007426158151,0.0152504252433689
0,0.00320081576963853,0.000834309840354953,0,0.000295583400673872,0,0,0,0.0024996467486528,3.42910367357523e-05,0.00627796668731906,0.000597215244869912,0.0120791356680109,0,0.000459326032320583,3.17449672024369e-05,0.00112633660266118,0.0025100897999419,0.00203791199127666,0,0,0.000715888615744436,0.000297429499396336,8.19816621507853e-05,0.00307855735215498,0.0536258770781797,0.129506587164816,0,0,0,0.0258179020427655,0,0,0.000453728464074588,0.0156661979914848,0.00109811938036356,0.00292281119142648,0.0010745382238211,0.000432922616051671,0.000252747061988333,0,7.48294631491363e-05,0.534471911622739,0.272659315573041,0.369539759531932,0.240367226975242,0.0105482535265955,0.0362944469969532,0.00210685028699171,0.00145865609507703,0.00401237623560665,0.0208024725035079,0.0104175094572309,0.000245630147432572,0.0111603174217255,0.0935571954713779,0.0111465036027125,0.00544266362278598,0.105876015145942,0.672843112102195,0.0429212737190774,0.000244901602171886,0.0424021545205294,0.00242592100077142,0.00302857920785761,0.0459260450057676,0,0.415157865408466,0.0150377419620284,0.0290880051431875,0.000926882709864307,0.0476558053180292,0.0191301992232448,0.00359435767352601,0.515240637546783,0.245744989006986,0.0907047110167355,0.17780336456902,0.0275346348333503,0.00890367911808396,0.0594417442261439,0.00102542625878656,0.15338185492195,0.0471380119240909
0,0.00382905084372346,0.00643234059085624,0,5.60403429093361e-05,0,0,0,0.00144998437551482,0,0.000632600949235916,0.000301996333969683,0.000866104192913881,0,0.000478032345901134,0.000290066826878843,0.00661655835859892,0.00316680056119041,0.00493578944322465,0,5.60330511837005e-05,0.0012132006032389,0.00083119849319565,0.000605903263583544,0.00273860458109633,0.0887289859124079,0.233398834943743,0.000200629332373226,0,0.000191040203814024,0.00360929149221385,0,0,0.00182566725093668,0.0116357660786867,0.00252723972149336,0.00333847081860605,0.00305834914683291,0.00157197797736107,0.000207159573985979,0.000169948538911665,0.000144833787705851,0.523674846957529,0.236829995674778,0.310495337977461,0.260363764118015,0.0077652941210347,0.00688524608986551,0.000657252139707577,0.00926216160624294,0.00644077580651441,0.200129374001355,0.00515948900199738,8.26500506749779e-05,0.00371212459175746,0.0881720638372957,0.0120658687243993,0.00335656157382311,0.05463901303824,0.103210182449122,0.0170076768169408,0.00059993413098157,0.0620214604207709,0.00108855370328077,0.00709049825029493,0.608617805880202,0.415157865408466,0,0.00716687495864674,0.0871375758883453,0.00141813958941385,0.239456580801785,0.0111954028169073,0.00559917112813662,0.887858912207222,0.660148194402367,0.0634103592990264,0.062192706980673,0.145108314802471,0.00145947745971581,0.00940427042514395,0.0016721326598703,0.38435027236333,0.0427342352196537
0,0.000266604426275325,0,0.0270089207608882,0.00139001715418792,0.00122867238238942,0.0177007390823388,0.00538939621858536,0.0088791577364133,0.0576858911224447,0,0.0282009538009394,0,0.00213387182177043,0.00390853735778521,0,0,0,0,0.031102320048718,0.00021814500634641,0.000156492329446668,0,0.0220941733800662,0,0,0.000139020496973867,0.0857369945839263,0.000847866986604372,0.000659124949736744,0,6.02129632039487e-05,7.50154879378497e-05,0.00112308920584158,0,0.00697675366506734,0.000742486713045472,0.00124877716048107,0.0015614652123495,0.00746782223848311,0.000954867387772136,0.00217429626135513,0.0373477402848714,0.00123601937501601,0.015999323530554,0.00356444113065371,0.0240040713776718,0.00236917477592806,0.0045413001029068,0.000150912802860057,0.000128871685579634,0.000444008046923005,3.00996814612657,0.00131511163726809,0.0524995028748775,0.0122150194254632,0.0849555634532224,0.0803190942243627,0.256105182994191,0.0204323881761576,1.5559253922597,0.000182200868389547,0.0927678241929746,0.0227822044566454,9.69489503954526e-05,0.00134891852754868,0.0150377419620284,0.00716687495864674,0,0.000281481187210071,0.000198275161220855,0.00081524070444684,0.264488632139962,0,0.00784310262137302,0.0027317300225906,0.26124434857624,0.0583306499867154,0.0011839485832039,0.0016351954719861,0.00695045777226295,7.93378137936353e-05,0.0156889503469006,0.00214257312375631
0.000463074989951863,0.00125955552123737,0.00841278011750093,0.000124807717358553,0.000975202474481833,0.000255312173112526,0.00374730284652913,0.0013960475131582,0.0237843984036224,0.000219923074877164,0,0,0,0.0020047757279728,0.0014367845452678,0.303955215774883,0.0093134243997927,0,0.000386716765588391,0.000248271229223231,0.266743381146768,0.0332912946127547,0.223843931616133,0.0535681686029076,8.93679094606459e-05,0.00185928356714238,0.0504411223181003,0.0697713522873825,0.00218251512454365,0.124724173508524,0,3.21821651314795e-05,0.000611434490530163,0.00951130811330135,0.0233711399872679,0.0639489746256765,0.00421672776336959,0.010188382835957,0.00715198034638809,0.00273245463514485,0.000429392957068878,0.000324639018615037,0.957042001389761,0.179086376327744,1.24012825098882,0.683738110476069,0.0173759958134935,0.00594833260609647,0.00163275025345221,0.0122922245301436,0.0006598626203776,0.296525521146748,0.000570436532597196,0.00504042867371959,0.00208472785624732,0.419407648014444,0.119964700519143,0.000815949690725821,0.00318424774387747,0.0208741598575302,0.000706453905560255,0,0.146369692840936,0.0405034593237699,0.820047311097113,0.103693134219382,0.0290880051431875,0.0871375758883453,0.000281481187210071,0,0.045901295768394,4.23004568194179,0.0733051734139755,3.44503073252588e-05,0.0995107909635558,0.335583420179303,1.07058244883367,0.107667866342346,3.71096842633514,0,0.00153824028341215,0.00845182230326016,1.83778945514732,0.208920104699504
0.000145894503238613,0.0062217553051895,0.00688158961651463,0.000610549658389762,0.000262180756156331,0,0.00421784059597518,0.00171209746070416,0.0689816902916312,0.00290418839759304,0.00434521866538573,0.000430191846035695,0.0140876847219186,0.00115364213943028,0,0.346061332743548,0.00304212470074992,0,0.000237035315364093,0.000844842480680451,0.0859922061017365,0.215952356428279,0.0901261396125144,0.0892274113678531,0.00435990745260363,0.00563300921735212,0.389499222379593,0.0513037520734492,0.00121155628961949,0.0231213533176335,0.00314551371931136,0,0,0.00363941714140343,0.00197538694787041,0.0320040387828669,0.00212580191352427,0.00672168505971807,0.00351862688606878,0.00128450332141472,0.0010315302722281,0.000379918437784928,0.0321664689950459,0.00590896837269605,0.00742533723229569,0.00739247151077838,0.00568764816029462,0.00067125514012945,0.0105601798918104,0.000835778157989177,0.205311738323534,0.00187181512145803,0,0.000215720212686634,0.000398228046640748,0.00677359696965398,0.00209615984514495,0.904738007230249,0.000683318305623502,0.0099572547056963,0.000618944297739386,0.0423621829185529,0.00245105946617024,0.00864618147539783,0.470829256407506,0.00240317118405563,0.000926882709864307,0.00141813958941385,0.000198275161220855,0.045901295768394,0,0.0369406516334859,2.49776480638335,0.0311873810923898,0.00340860663281375,0.872022308748345,0.132765757998136,0.00967182934098572,0.0178689619512747,0.00157748445533303,0.0007633620388821,0.00097772596111193,0.00530008265392694,0.00426246008327239
0.000689991633947944,0.00871231723389581,0.126158036213756,0,0.00485600216960747,0.000266289989372763,0.0163252322584262,0.0019375953922466,0.00938951681394902,0.000748349016505322,0.000532551098686603,0.000225301508002341,0,0.00292753564254715,0.00289744836606373,0.715596156255744,0.0350660877459258,0.000804747905895752,0.00214515746144531,0,0.166113750066957,0.0934831786924964,0.666141404569232,0.0715545332426759,0,0.0157170941131048,1.08242339678805,0.0648544799422248,0.0025504078125017,0.0531064606158154,0,0,0.000592538069330698,0.0300501329665136,0.0756196002839169,0.160351305923793,0.018830838706011,0.0839864306138403,0.0389671063560955,0.00216787672797531,0.000979600714707672,0.000200858297919745,2.9919185346671,1.0149662630444,2.00321239230682,2.08035852060955,0.0404602012177335,0.0373666578869254,0.000907392908406561,0.0392668492439155,0.0012948063876563,4.47884820088364,0.000991929392842205,0.00938205587738622,0.00388907440971559,0.99233558715272,0.389068411449966,0.00192259581666974,0.00725824312516906,0.0352573336889955,0.000871578295087865,0.000117848140548849,0.786924031091423,0.0553156199685477,0.522902190641201,1.4087860254638,0.0476558053180292,0.239456580801785,0.00081524070444684,4.23004568194179,0.0369406516334859,0,0.0716633527497773,0.00011822077453664,0.718888669655928,2.8468977743045,0.980325668512,0.142177822519323,1.85073684624155,0.00090333900115839,0.00384926315332199,0.00567389833019528,0.93047043027943,0.479476351372599
0.00387190839811366,0.00627443493732671,0.0182013008016136,0.144340503179695,0.00510365192666326,0.0219906299324066,0.426928070233685,0.255529961403366,0.463159030984989,0.392330577976171,0.0228155290555716,0.0998241986980212,0.00907880681691,0.199068753770375,0.0227078009160584,0.185816889578877,0.0040339592529048,0.000199324638917637,0.00044761567643525,0.154475654954806,0.310350923484084,0.0639903563026287,0.105163995539925,1.43265330423744,0.00428967118147138,0.00465984499732871,0.111231322240231,1.34596303804917,0.113770715708144,0.409755049929627,0.000762148170303178,0.026185080463305,0.011542447447938,0.0861752756103462,0.0215479274501932,0.588939456675228,0.0176325619650375,0.132362511885101,0.0342488878647127,0.105300612405328,0.0621866716099817,0.0299280393179024,0.297623234410163,0.0204901023574733,0.0855970387730159,0.0487673329272308,0.113265399419169,0.00902205186344216,0.0322751675962216,0.00631115576737971,0.27439445453021,0.00490062891646093,0.437029988955877,0.0354624681550755,0.0291939240956585,0.0871974474111348,0.062570650823177,3.26276983624089,0.0982150790347219,0.0350449854704903,0.18398881914406,0.0436163943421143,0.0702129857892138,0.571013700178024,0.467804871301046,0.00487059348092984,0.0191301992232448,0.0111954028169073,0.264488632139962,0.0733051734139755,2.49776480638335,0.0716633527497773,0,0.0298576370929924,0.0192019118034209,0.916735141488134,1.67403643642671,0.203770532570367,0.136029943957032,0.00341018797487611,0.0151026845958345,0.0139010736141253,0.0600275252007712,0.048845290192176
0,0.019396025657245,0.000337584989578688,0,0,0,5.69042569118201e-05,0,0.00158415440587281,0.000284869534158516,0.0562758388422296,0.000120649399033156,0.240078880735577,0.000137718181371453,0,6.86332120590866e-05,0.00138544038999996,0.00220274824236806,0.00145733247798495,4.08425583919227e-05,0,0.00409984121109659,0,0.00192705258639771,0.353006750930784,0.0546513926150321,0.295498485885596,7.44904997767806e-05,0.000252737960735196,0,0.0645113837055639,0,0,0.00200915782721333,7.88220314361811e-05,0.00123623283760321,0.0105498826214184,0.00464957686971221,0.000779327711809254,0,0.000118712638961697,0.013188152001542,0.00682546342962063,0.0291092638449033,0.0042529076975042,0.00150635833095668,0.000201374938127273,0.00147949360044849,0.21369242837147,0,0.168662779247369,8.97215045383394e-05,0,0,0.000173681864906114,0.000193103502133074,2.96422667571395e-05,0.037526183113142,0.000131593338257784,0.0954684231071106,0.000122457835456556,0.866524028901045,0.000198433573960286,0.000987637244543582,0.000143116741804009,0.000307969013245559,0.00359435767352601,0.00559917112813662,0,3.44503073252588e-05,0.0311873810923898,0.00011822077453664,0.0298576370929924,0,0.0704573432544025,1.06599995489885,0.00145315046423202,0.0022509271345994,0.000155083911193913,0.0772937245177977,0.000749075342078939,0,0.0125427457660739,0.000219090517975694
6.32256844124675e-05,0.0473662284790283,0.0969034641954177,0,0.000422087543363094,0,0.000185346489340117,0,0.00639229836905314,0,0.0713473978895506,0.000406158047582063,0.166416933324971,0.000793450626267672,0.00116666615598526,0.00150223226243252,0.146146340987564,0.0494409079861676,0.0530464174935223,0,0.000982874619094582,0.0168775968522116,0.0117317508887024,0.00176517673838339,0.0736562064580819,1.41930098859555,3.0685357352985,0.000498111959497005,0.00119976967890486,0.000257700872730407,0.370913975051553,0.000222956917962992,5.36619214076638e-05,0.0346615410061815,0.0439248138901768,0.057210169358189,0.0707403117016487,0.0522607183469146,0.0161357195317323,0.000881706156174803,0.000266845648354787,0.00239577159449633,2.0590382397319,1.59337804359559,0.853892011759112,0.783433186108951,0.0238512148286238,0.0474744087886352,0.00573729595457055,0.0118225296304595,0.0392325890308052,2.33639973338321,0.00528818250139335,0.000396162440168839,0.00767356446989477,0.158319480333224,0.0488502153587678,0.00739226681702742,0.0643270025897631,0.28328825141113,0.0209569494509237,0.00577223913161392,0.178265316673435,0.00361818140058102,0.0102314163273551,1.65708591655715,0.515240637546783,0.887858912207222,0.00784310262137302,0.0995107909635558,0.00340860663281375,0.718888669655928,0.0192019118034209,0.0704573432544025,0,3.4341370220745,0.0886535073502977,0.117564741802665,0.16939809464208,0.050296546681609,0.0459583371553211,0.00255877140840174,0.225248632439928,0.150500662796037
0.00202230589961225,0.500093939373883,1.12254902443456,8.49500485951275e-05,0.00725272175813674,0.00050305791286855,0.0248305423127211,0.00303578060456104,0.0248567233796121,0.00156144107459301,0.0923127572870865,0.000264829746252367,0.25956816255064,0.010524852478357,0.00282078013881026,0.424496098127376,0.826941162551838,0.0696410545734965,0.10611410662085,0.000232190451581514,0.0497151984756731,0.418631884002181,0.764963101309208,0.106978635112066,0.210914664108643,2.71760496070558,14.1486916112793,0.0554476701360974,0.0121564244613276,0.0224869776642477,0.400468623149361,0.000357832602388575,0.00142395566279701,0.213522891080523,0.0897993072991246,0.609450953097797,0.208287120784548,0.402684912163765,0.142206664430725,0.00610921458922589,0.00271350117227697,0.00352973914352042,3.21563363729982,1.0345184889814,1.51553115780936,1.68392854436245,0.0507164960524262,0.0720775386039323,0.01785921898607,0.0122890293013317,1.88546225237359,2.35401814397729,0.000857693610956773,0.00279993726115272,0.00211288993218904,0.110251635520692,0.0400771082601737,0.502554454312889,0.0161300734761916,0.0803337136731675,0.00538164470943678,0.325951151421537,0.115105865066436,0.0263456846263262,0.808575223740243,1.43657773261642,0.245744989006986,0.660148194402367,0.0027317300225906,0.335583420179303,0.872022308748345,2.8468977743045,0.916735141488134,1.06599995489885,3.4341370220745,0,0.280628924020635,0.0571169777616324,0.203486198638925,0.378121039645496,0.00763692600417208,0.00270141378324143,0.343586310157728,0.33141523755251
0.00679998004147222,0.00261162454875891,0.0182088134424088,0.188477449257601,0.00885765072195099,0.0299400544411115,0.637803254768305,0.380253209307744,0.25549887985988,0.599478636054068,0.00509471498934652,0.138732370038211,0.000639286689578628,0.195634569163399,0.0311338978263025,0.158456075913222,0.00752640634277291,0,0,0.250228613490279,0.335610265188642,0.0429392297114093,0.114153808172441,1.29611335766638,0.000158062827747924,0.00142885299483479,0.0685906055035859,1.63298234480602,0.128189572749062,0.584831159024727,0,0.0121759255622793,0.0172285316751652,0.119060313742584,0.0306717073709242,0.716535643581942,0.0224995458568038,0.14962739291443,0.0451569006499028,0.18443321721252,0.0970013729326035,0.0308005973206681,1.36919191043216,0.0671304231967177,0.705158580033903,0.397027729996635,0.196931703182471,0.0500607870402409,0.0689324556031012,0.0214246232223218,0.0131916259940973,0.183520343213142,0.760325767482746,0.0126657181131974,0.932697290054872,5.95524573527068,0.942801450481391,0.683943467905426,2.14361686973586,0.123706312661716,0.348286654444741,0.00466445173533444,0.431517130933084,0.173411168722637,0.296864567457121,0.0439505218661555,0.0907047110167355,0.0634103592990264,0.26124434857624,1.07058244883367,0.132765757998136,0.980325668512,1.67403643642671,0.00145315046423202,0.0886535073502977,0.280628924020635,0,0.951905019837704,2.8014724717134,0.00650161017486627,0.0650333106715338,0.0771585742355632,0.662502091499788,0.277478667816586
0.000296504249113507,0.000121293051986599,0.0010860349053375,0.00259254890123257,0.000830179691681385,0.00159167274064793,0.0395652882157065,0.0106423764990206,0.0204297134009649,0.00685475683287939,0.00157457174335854,0.00397798643351947,0.00216387281998258,0.00638656260920245,0.00137992678383003,0.0101729023335434,0.000301875224304596,0,0,0.00461820239455315,0.0338916062835542,0.00388156060814196,0.00680163286925362,0.120272069991695,0.000533007273867768,0.00112647975103084,0.00424159785037253,0.139085998054667,0.00845248392817266,0.0707490277640175,0.00110159260889612,0.00133676532532771,0.00247465848744052,0.00638036172304121,0.00412189211322943,0.063704543195046,0.00268508779719819,0.0102643928857829,0.00531140462623327,0.0189297488249933,0.00712375515948868,0.00530380101043759,0.209673002138975,0.0153954279712431,0.185659737184733,0.0766753712814405,0.0224524337708408,0.0501551591082007,0.0161152106204704,0.859907256015589,0.00289047468566264,0.0501744837681575,0.0538463355078,0.00121712596969572,0.048414500609612,1.23509246383625,0.193918121091914,0.0266559183128342,0.512133452885144,0.760274262901472,0.148361067688092,0.0419876741878899,0.610099382394248,0.0132043275608938,0.0089242467572258,0.0617652641205635,0.17780336456902,0.062192706980673,0.0583306499867154,0.107667866342346,0.00967182934098572,0.142177822519323,0.203770532570367,0.0022509271345994,0.117564741802665,0.0571169777616324,0.951905019837704,0,1.36577275499391,0.068111151072808,0.0128383781526678,0.59392063442171,1.48996294962222,0.0340711972235147
0.00155402757445859,0.000383594009023094,0.00908358036654359,0.000823685970354784,0.00138113292639672,0.00138757673961443,0.0168685391698161,0.011953686970438,0.0224835958610868,0.00479087054874904,0.00046701893690514,0.00227569462809495,0,0.0113520181647355,0.00267354269808742,0.08766340423582,0.00440721171306811,0,0,0.00119530199571547,0.186530390382342,0.00952716265175136,0.0703835000641651,0.103130864213076,0.00015367864017862,0.00198881303875544,0.0301320864375663,0.184472664920094,0.014855673427736,0.179840920909059,0,0.000672612232139918,0.00221962182896419,0.0117993330574883,0.0214131406015044,0.122528056996794,0.00393018196067639,0.0168903722101993,0.00791546809783709,0.0189881078830391,0.00554518504395118,0.00260753594951756,1.12519206150681,0.177614502323229,0.480912571098654,0.291120854671399,0.0504554719516103,0.0181812287236944,0.0100973986109587,0.414423606871644,0.00169363533146661,0.330493522812978,0.000702592674119657,0.00129712279463991,0.00339537753379449,0.91060726989428,0.24518024010885,0.00901708938573354,0.00942198203207417,0.0227751210679429,0.00195977710311193,0.000677453275808883,0.858389729286254,0.0361980804731429,0.071896598844853,0.479688508464789,0.0275346348333503,0.145108314802471,0.0011839485832039,3.71096842633514,0.0178689619512747,1.85073684624155,0.136029943957032,0.000155083911193913,0.16939809464208,0.203486198638925,2.8014724717134,1.36577275499391,0,0.00110395125427279,0.0133940781881791,0.229803134035165,1.12157599876,0.180949400129254
0,0.0352417846765305,0,0,0.00014533879332174,0,0,0,0.00378020005382497,0,0.157425870172232,0,0.427454776606796,0.000123735908752012,0,0,0.000888710418931058,0.00530066762457371,0.000575828299929473,0,0,0.0139654412310263,0,0.00101378425478671,0.0892152001749671,0.191632734433463,0.331376746945583,5.84225228666484e-05,0,8.6848347494641e-05,0.369809139150114,0.000162849682099977,0,0.00364530837585705,0.00234231088718527,0.000425562876309121,0.0393792577812672,0.0086375776600306,0.0020770088140433,0.000203489109636539,0.00112916380842947,0.00521623126732648,0.155126969147442,0.297994896467223,0.133734040126365,0.0791038776546826,0.00282773590086792,0.0441624776048476,0.0507833581847518,0.000157381056762564,0.00688371666381737,0.000350932841856116,0.000735418425185043,0.000191401921659613,0.00255726634261493,0.0112430471371839,0.00456096499424558,0.00266407568180558,0.0109237321827647,0.222892612245336,0.00822499602572711,0.158050034334872,0.0127267352089768,0.00102242403283755,0.000129681496050215,0,0.00890367911808396,0.00145947745971581,0.0016351954719861,0,0.00157748445533303,0.00090333900115839,0.00341018797487611,0.0772937245177977,0.050296546681609,0.378121039645496,0.00650161017486627,0.068111151072808,0.00110395125427279,0,0.0539915361148786,0,0.048103505527547,0.00668615935958142
0,5.4435305419445e-05,0,0,0.000210315703599966,0.00010587832254684,0.00176833727252135,0.00141199237249791,0.00146028243673738,0.000139971029706869,0.00115515930894549,0.000764338910293179,0.00140854170274154,0.00355906481266512,0.000259995742315578,0,0,0,0,0.000281344263615012,0.000649134513551003,0,0.000141591907934547,0.011560889758158,0.000707355886659807,0.000474314163641286,0.000290269700379181,0.00317082522379338,0.00191806022124302,0.00235771529293553,0.00052304515745762,0.00254510862863873,8.43813181225896e-05,0.000304420902443814,0.00122369019289456,0.00625830364303871,0.00333329554046327,0.0189020506475642,0.0163672920765856,0.00279042437401891,0.0233525377228591,0.0161746952555569,0.215312596497664,0.0124769196968144,0.0510224383546584,0.0270560843848753,0.158217974812967,1.23289419643167,0.0400280657354218,0.00120656285156553,0.000401084204849059,0.00175961542502618,0.00618473432679925,0.00242860608222857,0.0374343740411699,0.0684109706122129,0.093892143861432,0.00295060515049721,0.04757556152341,0.347704740650208,0.0274087728463981,0.0401899096017131,0.0537172333929672,0.0122571344382326,0.000588756467823291,0.000674045932842844,0.0594417442261439,0.00940427042514395,0.00695045777226295,0.00153824028341215,0.0007633620388821,0.00384926315332199,0.0151026845958345,0.000749075342078939,0.0459583371553211,0.00763692600417208,0.0650333106715338,0.0128383781526678,0.0133940781881791,0.0539915361148786,0,0.000282352473361635,1.05837083115638,0.00889764296058334
0,0,0,0,0,0,0.000441532500708181,0.000204386447622562,0.0015383105654603,0.000134765254993927,0,0.000132784232539391,0,0.000212882157795682,0.000222537343491423,0.00201716503734215,6.02804384738922e-05,0,0,3.61604019607127e-05,0.00253897844808914,0.000102151092649483,0.000538155409098029,0.00413988622895479,0,0,0.000122950179741498,0.00487285414642406,7.42468113783538e-05,0.00326624996762223,0,0,0,0.000389679447329736,3.76211410256833e-05,0.00343425297494543,8.43022886844516e-05,0.000474757409413355,0.000121790294059313,0.000571360533635855,9.51501245736717e-05,0.000107953319796285,0.00678690460752837,0.000512828034389621,0.0140203223959798,0.00596543819556454,0.000425735277366334,0.000191137017556524,0,0.0101912532746882,4.02519447001338e-05,0.00117449813415163,0.000130197988814762,0,0.000311242893505433,0.039175028926065,0.0109083395456452,0.000964464561356566,0.000935807597068275,0.000942531187364752,0.000241762878872072,0,0.025785343455702,0.000696941018426448,0.0015652218691852,0.00144661005709588,0.00102542625878656,0.0016721326598703,7.93378137936353e-05,0.00845182230326016,0.00097772596111193,0.00567389833019528,0.0139010736141253,0,0.00255877140840174,0.00270141378324143,0.0771585742355632,0.59392063442171,0.229803134035165,0,0.000282352473361635,0,0.141669930825023,0.00112588735730015
0.0001965269753613,0.00101155853595991,0.00883243746542956,0.00159240077924092,0.000586740970518875,0.00113741292155625,0.0190387193726851,0.00872846245484361,0.0050676868812916,0.00852472049121675,0.00891044103283253,0.00343472457534325,0.0101190271425649,0.00481352508244856,0.00131435060093582,0.00933393468093394,0.00367063585511594,0.000288197542077327,0.00030830818571887,0.00360881562133112,0.0127189482893856,0.00255787209467977,0.013097816351412,0.047393794118621,0.00369761277364842,0.0112697675639055,0.0463198259696843,0.046978620337512,0.0029884857053855,0.0252498651688208,0.00345265475443022,0.000627192290299511,0.000575899911645245,0.00419170423915767,0.00366218734814319,0.0302191526628953,0.00306421859725619,0.00843787838994296,0.00189314886092837,0.010481016588849,0.00352777956731776,0.00577135295104044,0.175015576518404,0.0721043007462947,0.169336417804637,0.0643403685265924,0.0309811282766559,0.219346396812397,0.113241414620039,0.0455219178941106,0.00513617937644982,0.135747426283192,0.0210759075020263,0.0241006439597509,0.0288214918420363,0.340959829091955,0.0936915999521613,0.00954296239234696,0.151522391278673,0.394360690568818,0.0423980675592454,0.136682838588308,0.190566005213511,0.00525217356894803,0.0670459279882746,0.499007426158151,0.15338185492195,0.38435027236333,0.0156889503469006,1.83778945514732,0.00530008265392694,0.93047043027943,0.0600275252007712,0.0125427457660739,0.225248632439928,0.343586310157728,0.662502091499788,1.48996294962222,1.12157599876,0.048103505527547,1.05837083115638,0.141669930825023,0,0.0139237778119826
0.000212386902182048,0.000823406297826501,0.0115822490964108,0.000244723930698276,0.190325134356635,0.0185410530126863,0.00383178077733561,0.0027246667397492,0.00510077334371783,0.00399611521294109,0.0105397158461074,0.0335532187484228,0.000255834140032863,0.00264116371534097,0.206672189814296,0.0294606998265513,0.0245476685131459,0.0187640146032514,0.0143115407739912,5.33446455575108e-05,0.0801675578476025,0.0015720016459808,0.190421558726348,0.0147526787896617,0,0.0526265733487398,0.189815131981203,0.0270747704210247,0.00287898512698264,0.0520682281164383,0.000761914272118729,0.00587080658238388,0.00183999084601619,0.00531404068692021,25.6114732940341,0.347926641074869,0.2159284946797,0.0254941820014046,0.194137297520894,0.0096691330967545,0.0139305012387514,0.00261943835658838,0.882380038831969,0.305646429258869,0.0934759857938712,0.611030826314406,0.06029327393232,0.0624298125687025,0.00271220738960202,0.00396209570988104,0.000547937462777484,0.093124424402584,0.0030709430078718,0.0587211746817662,0.0527237532940334,0.127755089197056,0.0186796692397701,0.00235401229462201,0.29875120340769,0.0102876156942221,0.154446147566208,0.000631592332010508,0.0222763439904751,0.0347693673373589,0.142130590993822,0.0152504252433689,0.0471380119240909,0.0427342352196537,0.00214257312375631,0.208920104699504,0.00426246008327239,0.479476351372599,0.048845290192176,0.000219090517975694,0.150500662796037,0.33141523755251,0.277478667816586,0.0340711972235147,0.180949400129254,0.00668615935958142,0.00889764296058334,0.00112588735730015,0.0139237778119826,0
