"Predictor","Test_Statistic","p_value","functional_ve","semi_partial_r"
"dwma_percent",64.9992147350656,2.11774209774779e-131,0.00769898388143189,0.0795959568302058
"eTIV",399.977525992178,0,0.0788290266332464,0.159134005431987
"sex",106.460499187717,1.86758877503182e-95,0.0022262567725361,0.0667491361632191
"sriskscore",174.424074892743,3.62234102260838e-243,0.0408753536084642,0.106934604221882
"age_at_5y_mri",4.63715484846594,0.000132285100498568,0.00198944266364654,0.0150829239305303
"Rel_Motion",397.365698879151,0,0.093494700028691,0.189294553481996
