"Predictor","Test_Statistic","p_value","functional_ve","semi_partial_r"
"ga",356.841870643295,0,0.0509504015328735,0.132167470155541
"eTIV",3292.64084454399,0,0.410235239834168,0.413461651788925
"sex",187.879541931795,6.23066299566676e-57,0.0912809168098281,0.0436399505869118
"sriskscore",159.072181403163,1.36054404913694e-121,0.0589709884589863,0.0651074108422143
"age_at_5y_mri",96.5206862033027,7.80935926523622e-43,0.0155214993674209,0.0380101870101248
"Rel_Motion",1803.08899633266,0,0.211531754750531,0.245286497701773
