"Predictor","Test_Statistic","p_value","functional_ve","semi_partial_r"
"Group",162.273589979561,0,0.0255504680132501,0.135500495575714
"sex",11.1339912739641,0.000292091729923146,-3.00645791069161e-06,0.0108586309189217
