"Predictor","Test_Statistic","p_value","functional_ve","semi_partial_r"
"Group",0.0309568200992728,0.0818365077238438,0.00624469568073564,0.0790233869227056
