"Predictor","Test_Statistic","p_value","functional_ve","semi_partial_r"
"bpd2",133.955779605951,3.65105756419896e-241,0.0121626265720323,0.10642871688102
"eTIV",544.929008899172,0,0.0788290266332464,0.168666121721114
"sex",251.720062659434,1.72911765332113e-128,0.0022262567725361,0.0763945533396554
"sriskscore",119.627445409072,2.33474140897215e-171,0.0408753536084642,0.089635388321674
"age_at_5y_mri",5.9602229375389,0.000393971909610511,0.00198944266364654,0.0121628002925772
"Rel_Motion",482.793855853685,0,0.093494700028691,0.193900710324971
