0,1.09191769361496,421.45072799921,18.8915412127972,1.42099094390869,18.623806476593,20289.2733423412,1290.63662970066,46.4310638904572,31.5888543426991,31.3726207017899,13.1356943845749,1.14174687862396,10881.3932755589,19.4974201619625,8.80599042773247,1646.44858786464,25.8895227313042,156.040442168713,4.66256842017174,295.701140075922,5.53878545761108,1051.96947517991,313.814156919718,0,184.82600530982,228.578296214342,642.378038406372,5923.95155191422,10610.8968307376,0,0.590321242809296,47.5474841594696,305.122104734182,151.023259848356,295.963074296713,23.6502508223057,266.02663937211,84.1807705760002,9.00253868103027,12.6738362908363,2.16268575191498,47.6988140046597,0,5.40984565019608,3.33804911375046,18.7379365563393,1.99914810061455,0,0,0.450003415346146,3.38638162612915,2.39113068580627,0,0,9.12969791889191,2.46915429830551,25.5596379935741,2.23144292831421,0,0.443764060735703,0,4.38495793938637,1.02998980879784,21.8771830797195,0,0,0,2.66889277100563,6.58802509307861,1.07576739788055,3.86438912153244,157.773750215769,0,1.05164250731468,19.7941653132439,100.145547956228,6.23458436131477,0,0,0,0,2.11744412779808,10.3259681463242
1.09191769361496,0,45.4665242433548,0,3.75183019042015,0,2.42255884408951,4.55033642053604,3766.02105525136,0.40470415353775,289.162166327238,0,2996.31636857986,7.53900709748268,19.5794970989227,1255.99298328161,30.2398181557655,5.07765567302704,19.9938542246819,0,15.1654915809631,4197.20455044508,34.2610187828541,3951.84580171108,4485.17290222645,281.718415111303,29663.0724789798,87.2208482027054,8.85169163346291,4.94001957774162,87.5307077765465,1.30187654495239,1.39457786083221,30.727989166975,8.52354019880295,110.186846554279,217.481472939253,62.4897391200066,23.2665519714355,22.5553102791309,0,122.226772964001,241.177962511778,145.869209259748,106.537635058165,54.9528079926968,3.05884504318237,0,384.857389509678,3.77011814713478,899.125159025192,437.440276920795,5.2627617418766,0,0,26.3569872677326,3.38807833194733,60.4164192080498,0,183.261264503002,87.2200483679771,1177.35361456871,8.0590552687645,1.19123995304108,41.9792600274086,172.184598177671,1.0842821598053,29.5318202674389,0,16.4039102196693,154.606211304665,99.0843677818775,210.083465903997,394.27824690938,529.505442798138,9030.55886897445,24.5145970582962,1.75639629364014,5.46228116750717,149.314969390631,0,0.830479145050049,25.8961569070816,9.30853164196014
421.45072799921,45.4665242433548,0,7.65756207704544,0,26.8122808337212,1081.25181332231,863.157172143459,15.0294608175755,61.7548210322857,39.9988330602646,35.104400396347,1.97347313165665,1327.08374714851,10.5619001984596,71.5026433467865,41634.30424124,499.468196511269,3912.4000453651,13.7135820090771,1768.76553922892,36.3910448253155,41372.2386528254,57.4896886348724,0,39269.1103338003,26229.5505178273,1884.03272220492,626.96655318141,3352.34367546439,1.86146774888039,1.31520628929138,71.8230699598789,3856.06858155131,613.858814418316,11415.1775921583,5059.24172183871,7616.07963359356,3741.42215326428,40.655304312706,21.9976517558098,0,905.59651941061,176.903900414705,242.800128251314,231.219714283943,10.7605330944061,0.938752412796021,2.52902686595917,7.64970618486404,125.22903573513,2291.19674390554,0,0.797638058662415,0,178.5701636374,3.91069594025612,15.6628544032574,0,3.92436429858208,0,1.71974939107895,16.4978931546211,1.67085629701614,125.57900673151,727.33315551281,2.16254901885986,110.674903780222,0,81.5270554125309,52.1842786073685,747.943688303232,78.0415312349796,14.1284119784832,1060.32313001156,8367.86186155677,82.0502986907959,12.1577684283257,85.1516627669334,0.642967104911804,0,0,88.3779933452606,374.451321303844
18.8915412127972,0,7.65756207704544,0,68.3199636340141,708.028489232063,607.724323093891,753.804365724325,2680.33923730254,6860.78198227286,41.4308811426163,5862.17432111502,2.73405334353447,480.292625755072,1188.2930354476,3.87026259303093,2.67591106891632,29.6452077627182,38.6838881969452,25762.5698536038,3.88458728790283,0.450884997844696,7.51237431168556,4443.41180619597,0.323131948709488,39.1460976004601,10.8703778088093,11564.3213745952,107.129509091377,17.0186478495598,0.526468753814697,9.2510581612587,0.657757699489594,481.586098045111,397.975953727961,2506.48265489936,19.1166980862617,390.102516382933,40.7209603786469,972.569673210382,117.119388848543,5.07575708627701,521.089383721352,1.33404833078384,76.4130533337593,26.0864704549313,2214.84797990322,9.59853437542915,16.3135616779327,0.997068792581558,0,0.646968066692352,1722.01527300477,74.5652085542679,57.99611723423,384.405174612999,168.150007158518,473.030006289482,513.475821971893,10.3389332890511,676.938542306423,0,70.663574308157,642.601822167635,25.9121010601521,0.745265871286392,4.99412798881531,10.8171925842762,797.972093433142,3.1468251645565,1.96008414030075,8.54293102025986,1618.74099010229,0,13.547918856144,3.07326048612595,1657.1283351779,25.1886972784996,0,0,7.50165057182312,0.522833704948425,64.4797744452953,34.4604548215866
1.42099094390869,3.75183019042015,0,68.3199636340141,0,2604.61323079467,49.9906443953514,281.279651045799,145.218563556671,60.0825736224651,6.45434588193893,364.123683869839,1.14299046993256,106.406119674444,1477.49807038903,1.34619319438934,0,2.43056035041809,0,53.9576008617878,3.48535734415054,0.663016438484192,11.4231173396111,165.737364649773,0.526196122169495,0.776190280914307,1.75239908695221,105.254390656948,22.6077690422535,2.95107817649841,0,1042.81200635433,0,1040.15559729934,138.385191679001,265.869693994522,11.7823845148087,38.9287664294243,34.2594573497772,9622.61383619905,6022.11162430048,3.60195285081863,16.0193942785263,3.8107858300209,6.73415291309357,5.13252633810043,160.644047796726,0,4.63184213638306,0.485303103923798,0,0,71.996669113636,5.09549194574356,2.39555394649506,13.0014710724354,3.03207141160965,7.4124650657177,23.3630784451962,0,9.90494352579117,0,1.09753006696701,34.5587499141693,2.66567313671112,0,0,0,28.9818387925625,0.479991018772125,0,2.33419653773308,50.7797355353832,0,0,0,51.117722183466,0.469700157642365,0,0,0,0,0.50142627954483,20.0412462353706
18.623806476593,0,26.8122808337212,708.028489232063,2604.61323079467,0,8652.90197321773,11292.7005236149,104.14629933238,37141.2828399241,158.09200745821,17814.7988800704,15.5244289934635,1151.74270200729,3841.704346627,5.20961314439774,22.6661469340324,77.1348507404327,58.8586456179619,800.910144090652,20.7377251088619,0,35.4831395447254,155.560512125492,0,78.4643029868603,24.2619620859623,3162.56729984283,96.3804931342602,52.4112549722195,0.395363718271255,201.453198820353,0.504507124423981,611.969332277775,574.787053436041,2086.20521432161,35.0987758338451,513.036982923746,304.450473576784,4373.21557241678,3402.41865631938,25.785372197628,107.681402802467,3.00973105430603,21.7262490987778,61.1245546936989,221.140892326832,5.92814254760742,46.3296430706978,0,0,0,36.0528516769409,5.07910418510437,1.96422827243805,38.1485277712345,17.9904702603817,32.7926317751408,5.43224066495895,0,25.3555068671703,1.84818530082703,0.598492681980133,33.6064517199993,6.01859238743782,0,0,0,23.4918000400066,0.958586812019348,0,0.421356081962585,144.035180807114,0,4.49828839302063,2.00521445274353,151.477604717016,8.36878728866577,0,0,6.39169067144394,0,8.13035386800766,37.8241367936134
20289.2733423412,2.42255884408951,1081.25181332231,607.724323093891,49.9906443953514,8652.90197321773,0,25342.8522613347,2620.71165171266,30448.4725484252,600.79224306345,486.547096282244,30.9441518485546,30760.1295532286,760.174706995487,49.9353785514832,359.487764120102,404.054847002029,438.469766885042,188.581932544708,1416.22235053778,20.3127218484879,2461.58243882656,14634.7622294128,1.30245566368103,645.583376139402,449.300130218267,88882.1772548556,3772.08056330681,8068.10529506207,1.22853466868401,71.5207017064095,61.3583817481995,1758.40915706754,1872.43961182237,4850.69146874547,115.846007764339,1734.84562274814,401.229533523321,870.949605405331,314.858189254999,23.1603063642979,1767.03808248043,7.5342780649662,275.647097170353,78.2243747711182,1321.94530174136,59.0856764316559,34.3610402047634,22.6603811383247,4.27966207265854,21.1573756933212,1318.51828473806,15.2074384987354,15.5582581162453,1331.94327232242,302.438424229622,723.849243313074,411.26312148571,2.24220052361488,92.5141572058201,1.72908818721771,188.903480917215,126.125615298748,84.7869088947773,0.478139072656631,0,0.51422905921936,522.732683181763,40.6926597356796,17.6664634048939,78.0455942749977,5847.86545428634,0.702266275882721,2.4770630300045,73.6553328931332,4138.15003708005,310.566027760506,1.03507304191589,0,3.06732445955276,4.94932928681374,167.839837223291,193.260759949684
1290.63662970066,4.55033642053604,863.157172143459,753.804365724325,281.279651045799,11292.7005236149,25342.8522613347,0,374.44516196847,10835.0696099699,2924.94406831264,4659.39486804605,225.936467766762,21670.0670709014,509.315813213587,43.4106463193893,2424.86659860611,1348.19184055924,879.951369315386,818.088493436575,586.789570599794,4.29601314663887,1655.97423309088,1558.46600466967,7.98636993765831,1291.26008504629,693.327102035284,4807.83917039633,2148.6755271852,5192.89239174128,5.4392101764679,934.155995666981,71.5178982615471,2120.29984673858,952.555864989758,7260.30361759663,299.01158207655,2504.1854481101,1210.64750817418,4012.8976110518,1302.45726212859,138.196854531765,665.501410245895,26.4379244446754,112.687356591225,194.794311791658,804.066036373377,33.5852842926979,258.67657750845,7.08813518285751,0.498482197523117,4.60321062803268,140.101646184921,14.9098091423512,6.97156420350075,229.567662984133,75.1002834141254,140.788217008114,40.4802911877632,4.95895457267761,47.460264891386,34.7140515744686,42.0928291380405,90.6165002584457,88.064206212759,0,0,0,76.6377104222775,32.3813386559486,3.29769665002823,32.3203113675117,1599.7898696959,5.21517667174339,17.517394810915,48.7286493778229,1070.86698830128,44.2288666069508,0.976467460393906,2.78595042228699,38.4528296887875,3.5823432803154,34.2858219444752,81.673248231411
46.4310638904572,3766.02105525136,15.0294608175755,2680.33923730254,145.218563556671,104.14629933238,2620.71165171266,374.44516196847,0,819.753485888243,101.749808609486,584.593816637993,1005.08156049252,623.556751966476,2108.20672130585,904.084761738777,17.4452201128006,23.022249519825,17.0862667858601,653.296764910221,173.71071395278,8549.76090294123,232.903047800064,39421.9289653003,2022.33391299844,145.121802300215,8625.25327414274,6750.74917522073,632.04288521409,475.676655173302,58.859777867794,5.42521107196808,54.2813053131104,341.554221868515,440.36459416151,1257.88106524944,69.4202328324318,262.489872932434,63.5786128044128,981.111333608627,40.717741549015,25.0760279297829,550.826100945473,19.6596690714359,93.579895734787,38.928524106741,628.113902747631,16.8548033833504,47.4141381084919,16.2345198988914,29.397653311491,14.1652034819126,1657.56861189008,93.7621843516827,25.3224114477634,709.211538851261,108.379064083099,2154.07665252686,325.965748339891,28.7621026933193,460.819052457809,106.136851847172,123.345357775688,506.960604161024,1786.91733402014,8.69098079204559,6.92659083008766,32.9038163721561,541.528512775898,78.5325959920883,968.480377674103,264.588297426701,7944.35419398546,23.1043441593647,99.2788548469543,609.118699491024,2405.26964488626,161.632082313299,5.67552733421326,15.5225893259048,2.73819103837013,5.56491169333458,56.8959156870842,90.3217616677284
31.5888543426991,0.40470415353775,61.7548210322857,6860.78198227286,60.0825736224651,37141.2828399241,30448.4725484252,10835.0696099699,819.753485888243,0,906.227179080248,15587.0118655562,42.603679060936,4308.86913505197,989.928431689739,13.7700909972191,105.165103942156,629.37016788125,551.358556956053,5040.5459305346,22.3284489810467,0,52.9109105467796,1153.56339517236,2.22571143507957,663.239467889071,183.983867555857,5155.4613339901,907.554208099842,77.1019656360149,2.07362058758736,97.5227450430393,4.36333239078522,2116.93135225773,1559.3948084712,11139.3671234548,141.390568971634,2368.97488611937,280.678758472204,2195.43151938915,520.3996065557,42.529291331768,352.179335266352,4.68710666894913,40.4885340929031,33.9432250261307,1310.50204518437,6.04327684640884,30.1696598827839,0.743749737739563,0,1.12389132380486,389.621216446161,36.7366539537907,34.5290755331516,233.504916459322,71.8520866632462,155.185508161783,248.787227928638,2.11337947845459,168.307921350002,1.00387239456177,16.5728141665459,261.189817965031,25.5695459246635,0,1.51313033699989,8.76028475165367,256.25992462039,4.71399930119514,0,14.3263143897057,839.656152874231,0,3.00339612364769,4.09751433134079,723.000863999128,9.85963341593742,0,0,1.14565110206604,0,20.3038814663887,57.4734348356724
31.3726207017899,289.162166327238,39.9988330602646,41.4308811426163,6.45434588193893,158.09200745821,600.79224306345,2924.94406831264,101.749808609486,906.227179080248,0,760.614521443844,6033.60933470726,6435.89211800694,26.1477011442184,10.9873250722885,554.564012676477,12538.4069260657,515.257840692997,125.365070611238,35.1652525961399,94.6509110629559,123.786864995956,96.8483766913414,1308.62321862578,3237.41479936242,284.288401991129,188.963299900293,8704.04226276278,82.2206120193005,34.6537617146969,1784.41650432348,18.8078532218933,13420.3876883686,87.5935082733631,1641.33677554131,7487.93840959668,11769.8529697955,771.897882252932,147.969908982515,52.213295340538,4341.74939459562,69.969170331955,482.759415537119,99.3070824742317,76.214415371418,45.6565107405186,19.3609860241413,1802.9276740849,0,278.326572835445,0,0.750564336776733,0,3.66721069812775,1.04381191730499,26.9929683208466,253.410898268223,0.909993022680283,933.93911370635,6.24093177914619,6324.63281178474,7.20778021216393,4.29737558960915,3.32728245854378,0,7.81547874212265,7.24393010139465,0,0.43686905503273,90.4626847505569,0.432589530944824,116.708837866783,626.548991113901,1597.00534084439,1773.14829841256,8.54034829139709,0.82629668712616,0,1152.10895648599,5.78370881080627,0,30.1352424025536,41.4466852545738
13.1356943845749,0,35.104400396347,5862.17432111502,364.123683869839,17814.7988800704,486.547096282244,4659.39486804605,584.593816637993,15587.0118655562,760.614521443844,0,43.6954283714294,1849.08882427216,4347.27889126539,9.80625367164612,63.2741737961769,448.156624019146,400.331377506256,21327.2053093016,15.4018967151642,0,33.3364972174168,1336.74815523624,5.08952769637108,476.331195354462,199.420523315668,1930.31052002311,383.396589994431,51.7794620394707,1.10134303569794,28.3391625583172,3.03627434372902,1024.36090984941,925.169686287642,4577.2629300952,90.3061152696609,1414.44468188286,295.581943929195,3293.75176909566,254.693635940552,35.5017291307449,246.805097281933,3.70133250951767,43.0808483660221,43.5670089125633,694.634860903025,12.2092676460743,44.3379108905792,0.424540430307388,0,1.43345320224762,388.439178735018,16.8256200253963,198.725546717644,42.6570194661617,107.604065150023,57.9174799919128,253.064021617174,29.1587887108326,1793.63054698706,2.40505194664001,57.2455597817898,194.932084798813,15.3542655706406,1.18214294314384,13.9806445837021,30.6795991063118,345.810005366802,2.47365134954453,0,7.16764414310455,234.8804679811,0.409238189458847,35.9368135035038,6.55653661489487,223.56883764267,23.9314981997013,0.285755902528763,1.69486179947853,5.83640351891518,0,30.8023888766766,104.010861486197
1.14174687862396,2996.31636857986,1.97347313165665,2.73405334353447,1.14299046993256,15.5244289934635,30.9441518485546,225.936467766762,1005.08156049252,42.603679060936,6033.60933470726,43.6954283714294,0,337.579637914896,4.42190825939178,70.7947607040405,1.94515132904053,87.2545892894268,4.55548724532127,8.89033401012421,0.500856876373291,1690.97483858466,3.5007863342762,503.589221447706,8241.84373870492,1046.92489331961,7475.7300439477,13.7979188263416,350.677504867315,3.54066500067711,2019.71353182197,148.23462381959,0,2774.01633778214,14.1157390475273,323.955925405025,4047.93399912119,2316.56547015905,106.01767334342,14.7818624973297,5.34628987312317,3102.46969100833,243.656624227762,1638.98401352763,543.033088833094,135.435759335756,6.65542516112328,5.49274921417236,4392.6164843142,0,604.564276665449,7.28845965862274,0,0,1.1536862552166,0,25.6228747963905,647.397641956806,0,3504.36177304387,15.6730220913887,22931.3725813627,27.451505035162,1.4039905667305,3.53564113378525,4.59660756587982,44.0242744982243,49.2194492518902,0,0.369814306497574,180.041083902121,3.02445560693741,160.23553276062,2201.05533245206,9764.59141251445,14137.344317168,3.04090774059296,22.1865865886211,1.70239996910095,5225.86012020707,11.1613059043884,0,93.4880102276802,8.30725333094597
10881.3932755589,7.53900709748268,1327.08374714851,480.292625755072,106.406119674444,1151.74270200729,30760.1295532286,21670.0670709014,623.556751966476,4308.86913505197,6435.89211800694,1849.08882427216,337.579637914896,0,211.101020514965,55.7492577433586,5514.12864172459,3314.03526359797,3241.10872420669,478.459491819143,828.241659790277,24.110596626997,2638.35104843974,2557.46299868822,11.7180878221989,3593.92965954542,1927.03654998541,4594.48897442222,30581.6884246469,12074.4439597428,11.0574648976326,106.252584844828,285.496243268251,3676.89278259873,714.773379474878,3309.17069226503,410.024569004774,2892.12615424395,847.659366577864,699.743695408106,780.760436534882,126.522541463375,673.900406628847,31.4544157385826,109.639970630407,164.681505858898,419.744890004396,22.3072211742401,174.655898362398,9.58147269487381,1.3959940969944,14.6402139663696,54.6620720028877,2.65128076076508,8.44492042064667,255.375910013914,45.32531696558,303.955456703901,17.2020184695721,5.93510556221008,12.3415700495243,36.4197499752045,18.1195032596588,25.9454464614391,91.5332372784615,1.03658771514893,0.679570436477661,1.04554677009583,24.1299750506878,33.1589640378952,8.49949592351913,18.062145113945,2153.42518639565,6.93891209363937,28.1496785879135,99.004518955946,1403.81792339683,41.2830654680729,0,6.6700091958046,16.7586887776852,0.70790684223175,46.3911581635475,85.1076152324677
19.4974201619625,19.5794970989227,10.5619001984596,1188.2930354476,1477.49807038903,3841.704346627,760.174706995487,509.315813213587,2108.20672130585,989.928431689739,26.1477011442184,4347.27889126539,4.42190825939178,211.101020514965,0,37.1100316047668,10.5986319482327,9.43238532543182,6.85254895687103,716.274760574102,146.46842777729,22.9548165798187,105.49656689167,3302.8962623775,5.33549576997757,11.9044843316078,57.8142201602459,1926.76679542661,83.934761941433,330.986280620098,0.366004109382629,16.0780884027481,0,121.710492879152,982.033727347851,504.501433670521,10.6083348989487,68.1376498043537,31.6852645277977,5712.21563193202,57.647817671299,5.28924369812012,209.476104348898,5.37578356266022,27.3163287937641,34.7704494595528,1264.09918493032,3.6013188958168,15.2406724989414,1.505939245224,0.880796253681183,1.39225086569786,562.727588444948,45.9456661343575,22.5262178182602,106.402666598558,69.029598325491,118.445762038231,192.731029808521,5.60048639774323,110.691535741091,0.433113187551498,34.6950654983521,310.807484358549,42.7945921123028,0,0,1.8718449473381,251.848476618528,31.1258013248444,1.86716121435165,39.1916855573654,720.030886530876,0,9.85939437150955,20.7506558597088,650.940883308649,29.8069621324539,1.81144464015961,0.51561564207077,4.89985862374306,0,26.3181168437004,579.279511332512
8.80599042773247,1255.99298328161,71.5026433467865,3.87026259303093,1.34619319438934,5.20961314439774,49.9353785514832,43.4106463193893,904.084761738777,13.7700909972191,10.9873250722885,9.80625367164612,70.7947607040405,55.7492577433586,37.1100316047668,0,97.4231116473675,4.3000323176384,27.7678906321526,4.4895795583725,23583.7327609956,17902.4534930289,10913.6092784405,8076.35922369361,264.394024252892,51.1490125656128,24266.2946346402,5259.86978086829,61.280391484499,560.710291802883,4.52594780921936,6.47000986337662,8.71440953016281,1075.43282538652,1872.53782391548,8905.34008610249,945.958639740944,2029.05213516951,1713.09646502137,82.2756288051605,96.6515763700008,45.4995377659798,1660.69325661659,88.4542598128319,288.95376971364,310.76671436429,106.795675575733,12.9390860795975,77.1452275514603,1.44779977202415,48.4468618631363,273.350500196218,2.62784600257874,7.90380448102951,1.92890426516533,117.322915732861,25.3824153542519,319.051592707634,4.76290285587311,6.10181823372841,4.59060508012772,5.69382733106613,20.9933935105801,14.4727801680565,12135.3547247052,48.4464994072914,0.482261180877686,15.4749787151814,6.7624631524086,754.304043263197,2534.05098089576,6053.35831323266,5365.21543240547,3.07381522655487,57.829167932272,5391.10652497411,2013.14017051458,54.2917854785919,16.8144531548023,0.836717844009399,7.8444806933403,2.62419825792313,85.6211941540241,364.675859302282
1646.44858786464,30.2398181557655,41634.30424124,2.67591106891632,0,22.6661469340324,359.487764120102,2424.86659860611,17.4452201128006,105.165103942156,554.564012676477,63.2741737961769,1.94515132904053,5514.12864172459,10.5986319482327,97.4231116473675,0,665.361576586962,7259.53154706955,12.4444949030876,2956.46570500731,23.4617010354996,26493.8518857658,116.598604738712,1.44422739744186,16788.5726265013,24965.7652432919,875.989540040493,5196.54709506035,17075.7105385363,0.516155004501343,3.49835586547852,814.069774061441,10074.9955704808,198.372114121914,3023.81918111444,2561.52663832903,3339.41956239939,1218.76010331511,19.8837654590607,15.7129310965538,0,205.139755666256,23.8486408889294,69.3254537582397,47.9354193806648,4.99239325523376,0,1.99674016237259,1.97079277038574,15.1086364984512,572.759893327951,0,0,0,34.1923758685589,0,9.80714210867882,0,0.466609746217728,0,0,1.54434740543365,1.38625860214233,84.6824926435947,185.97532248497,0,18.9168112874031,0,18.9438717961311,26.7432484328747,228.44018638134,46.0376391112804,2.09633523225784,239.692931741476,2409.23529842496,37.4858005344868,1.21461695432663,18.4722720086575,0,0,0,19.8947192132473,53.7933838963509
25.8895227313042,5.07765567302704,499.468196511269,29.6452077627182,2.43056035041809,77.1348507404327,404.054847002029,1348.19184055924,23.022249519825,629.37016788125,12538.4069260657,448.156624019146,87.2545892894268,3314.03526359797,9.43238532543182,4.3000323176384,665.361576586962,0,8583.54554656148,83.9708860516548,51.754929125309,4.09350150823593,232.987768024206,47.3733727037907,8.80913984775543,9822.01901331544,1319.35234752297,122.907071530819,3624.47731435299,106.326137036085,27.2712691426277,382.50611770153,16.3037061691284,3657.88525858521,212.155797928572,3572.78332689404,5344.71411031485,11336.9187021255,2339.26221224666,85.1343215703964,31.50187048316,163.510755479336,19.2999178767204,30.91432762146,26.0581592023373,17.1689316630363,6.52921733260155,3.3281118273735,36.0305178165436,0,3.21840715408325,12.3913448750973,0,1.50669848918915,0,0.469785928726196,2.24138230085373,13.9093267917633,0,25.6721345484257,1.08166599273682,84.1428149938583,3.98077839612961,0,1.48870187997818,6.33634412288666,3.48142647743225,21.0818223357201,0.374012857675552,0,0,0.538838565349579,2.6704988181591,3.15503478050232,447.151722759008,503.372730731964,0.472457379102707,0,0,56.4526969194412,2.87621510028839,0,0,124.434958159924
156.040442168713,19.9938542246819,3912.4000453651,38.6838881969452,0,58.8586456179619,438.469766885042,879.951369315386,17.0862667858601,551.358556956053,515.257840692997,400.331377506256,4.55548724532127,3241.10872420669,6.85254895687103,27.7678906321526,7259.53154706955,8583.54554656148,0,69.7513574063778,440.689489990473,12.0474344491959,1953.74871566892,64.3623376190662,0,20367.5063567758,5137.1078286767,202.633333861828,3002.8850069046,1081.84761503339,0.938946187496185,30.580630004406,174.056813418865,6170.5273784399,165.625551521778,3421.35187482834,3460.71621406078,5964.24792990088,1801.20226621628,71.0951451659203,27.7432479262352,1.86416697502136,33.5737195909023,9.86400508880615,11.0349540114403,16.8059888482094,9.05955934524536,0,1.14010429382324,0,9.61128091812134,97.8551772236824,0,0,0,2.99354887008667,0,14.1623280346394,0,0,0.91283130645752,3.54848435521126,0,0,5.67359900474548,37.7792292833328,0,12.6185455918312,0,1.79746437072754,2.97407472133636,19.1176417469978,10.3847864866257,7.22285676002502,235.343278944492,772.803934156895,1.25225383043289,0,3.10017046332359,3.3716402053833,0,0,4.46466806530952,110.87002030015
4.66256842017174,0,13.7135820090771,25762.5698536038,53.9576008617878,800.910144090652,188.581932544708,818.088493436575,653.296764910221,5040.5459305346,125.365070611238,21327.2053093016,8.89033401012421,478.459491819143,716.274760574102,4.4895795583725,12.4444949030876,83.9708860516548,69.7513574063778,0,4.30916666984558,0.584261476993561,22.5686275064945,1537.04686233401,0.349992364645004,82.9686309397221,35.7271549701691,2513.65393981338,128.648598074913,17.2861371636391,1.26047098636627,21.1686559915543,1.17584183812141,386.96138381958,301.450907170773,2482.65573462844,19.0941080152988,298.99881452322,54.374912828207,709.967052876949,90.8339589834213,7.0213109254837,192.15185457468,2.20699959993362,19.9129993021488,16.1054700314999,881.781522929668,3.31440222263336,9.17339473962784,0.93122997879982,0,0.493707239627838,520.727133005857,26.8264552354813,6.04396724700928,134.756755232811,39.5004916191101,112.734355390072,155.032455950975,0.911781549453735,438.772807180882,0,13.1915895342827,195.490422070026,17.4240415096283,0,0,0,255.154501140118,3.87847322225571,0,9.59947171807289,571.277105093002,0,0,3.83352461457253,620.347609490156,5.52777981758118,0,0,0.654664397239685,0,17.4786188304424,26.5381767749786
295.701140075922,15.1654915809631,1768.76553922892,3.88458728790283,3.48535734415054,20.7377251088619,1416.22235053778,586.789570599794,173.71071395278,22.3284489810467,35.1652525961399,15.4018967151642,0.500856876373291,828.241659790277,146.46842777729,23583.7327609956,2956.46570500731,51.754929125309,440.689489990473,4.30916666984558,0,375.033398717642,75717.2702769637,642.324956208467,1.02339434623718,423.243289470673,2361.30135092139,28124.3500600159,1123.04304453731,36030.5292490423,0,16.2397613525391,734.863028883934,18327.01947999,4602.99250510335,10900.9154549539,544.089035749435,15314.6485479474,6252.77463787794,172.45097219944,225.206177502871,59.6378861665726,824.112256556749,20.5672479271889,67.7067622542381,99.6358870267868,117.940725177526,12.8383931517601,66.0088251233101,1.35642391443253,12.4534520506859,60.6867100596428,5.96834242343903,20.9512093067169,2.86088502407074,23.8615607023239,29.4367547929287,102.248770773411,7.90125185251236,0.435926347970963,7.02905765175819,0.898195922374725,8.36159363389015,22.4370490312576,3442.12826541066,9.1316314637661,0,3.09097239375114,2.17507785558701,417.076638221741,353.057567298412,1210.50981616974,2864.92801696062,0,18.2144943773746,893.472143679857,1437.25740170479,34.981558829546,2.77122110128403,0,14.2863458991051,2.78895726799965,19.6983418464661,631.9789262712
5.53878545761108,4197.20455044508,36.3910448253155,0.450884997844696,0.663016438484192,0,20.3127218484879,4.29601314663887,8549.76090294123,0,94.6509110629559,0,1690.97483858466,24.110596626997,22.9548165798187,17902.4534930289,23.4617010354996,4.09350150823593,12.0474344491959,0.584261476993561,375.033398717642,0,767.517383515835,19031.7532978654,1788.91820818186,310.862753689289,21457.8876523376,811.161870926619,23.0638273358345,74.4281435906887,138.635832607746,0.999233067035675,0.766994535923004,81.7662204802036,140.13418006897,703.241363972425,157.726880639791,184.242984741926,131.94371765852,9.65707731246948,2.10522919893265,34.2133427858353,849.624142289162,93.3738122284412,187.646006494761,203.23978254199,10.467982083559,4.86300206184387,84.9156079292297,3.53343963623047,461.60233348608,205.189063698053,13.8306466341019,2.31388121843338,0,47.3167628645897,3.41150778532028,137.497353374958,3.01401373744011,49.2303233146667,113.292083323002,285.052046984434,3.27208340167999,4.06308448314667,3794.48713648319,121.765848010778,2.1855860054493,20.5616009533405,0.660017549991608,107.42933255434,2841.31143087149,1576.09438538551,1507.1475430727,81.7653748691082,190.583504706621,7853.64853775501,306.665679097176,10.3779001832008,15.2219799757004,57.306604385376,0,0.433628350496292,37.7048391997814,77.3707056641579
1051.96947517991,34.2610187828541,41372.2386528254,7.51237431168556,11.4231173396111,35.4831395447254,2461.58243882656,1655.97423309088,232.903047800064,52.9109105467796,123.786864995956,33.3364972174168,3.5007863342762,2638.35104843974,105.49656689167,10913.6092784405,26493.8518857658,232.987768024206,1953.74871566892,22.5686275064945,75717.2702769637,767.517383515835,0,2157.14427027106,5.59560030698776,5922.69437402487,44635.5769410729,19327.334174037,1667.35153621435,28127.9509315491,0,16.0066739320755,270.594932407141,20394.7694102526,7946.44389948249,36774.4111255109,6860.04252624512,26493.454713285,17030.261882931,274.024132162333,326.812429338694,107.065885275602,2788.51579773426,210.165024459362,610.569718793035,639.764392137527,147.313515543938,18.5821914970875,116.290981262922,6.31757521629333,32.8540304899216,2236.15265950561,2.3695003092289,33.6139913797379,1.51842787861824,239.692850708961,20.6024969816208,55.0850514173508,9.66032463312149,13.4701901078224,7.44994390010834,0,10.8973278701305,28.0261826515198,8312.74671912193,277.763671219349,0.473999530076981,46.361701965332,2.92209416627884,501.690993994474,1222.61990538239,9530.68973791599,1917.15777173638,1.20325177907944,104.626431375742,12580.3658111989,1084.04776525497,31.0877374410629,31.1336207985878,0.45744326710701,6.72461906075478,3.403161495924,158.98836684227,1818.63572964072
313.814156919718,3951.84580171108,57.4896886348724,4443.41180619597,165.737364649773,155.560512125492,14634.7622294128,1558.46600466967,39421.9289653003,1153.56339517236,96.8483766913414,1336.74815523624,503.589221447706,2557.46299868822,3302.8962623775,8076.35922369361,116.598604738712,47.3733727037907,64.3623376190662,1537.04686233401,642.324956208467,19031.7532978654,2157.14427027106,0,1182.84245574474,276.004871964455,11518.7694346309,12730.9243900478,2257.65574857593,2666.73794716597,35.8602634966373,11.9786289334297,188.708189994097,1330.66509994864,1806.57610750198,4421.46066352725,186.958676636219,1100.05503591895,414.907790094614,1833.34058946371,190.059445440769,33.4612186849117,4202.4809319973,33.7426497340202,607.09801274538,217.49121311307,2914.12547695637,131.997504651546,94.6534362435341,59.2221667766571,52.6704452931881,68.3656156361103,3503.5009444356,87.4230028092861,52.9170533120632,2722.55680319667,677.810456514359,4158.35705927014,1153.69093590975,40.3691929280758,878.342878699303,38.9272729754448,566.295095026493,653.763495862484,2406.67358213663,10.3626648783684,4.93603146076202,16.4282062649727,1348.41508772969,384.373127549887,693.954262554646,707.11313611269,24365.3657233715,12.2998252213001,52.3588283360004,949.470071494579,12119.6374821663,911.538151174784,5.06837168335915,7.00283116102219,36.6611674129963,18.2581470310688,372.410024821758,312.590068012476
0,4485.17290222645,0,0.323131948709488,0.526196122169495,0,1.30245566368103,7.98636993765831,2022.33391299844,2.22571143507957,1308.62321862578,5.08952769637108,8241.84373870492,11.7180878221989,5.33549576997757,264.394024252892,1.44422739744186,8.80913984775543,0,0.349992364645004,1.02339434623718,1788.91820818186,5.59560030698776,1182.84245574474,0,180.266982764006,5019.62201786041,19.209803789854,14.9107626378536,1.13769394159317,85.7005252838135,10.5512905716896,0,155.001503050327,0,16.7542077600956,44.3926547765732,41.266119658947,7.42265930771828,6.42716127634048,0,977.607185900211,52.5780113637447,162.067376822233,71.1322847008705,17.062982916832,2.35288435220718,0,776.47765058279,0,208.970894396305,4.66466391086578,1.90133690834045,0,0.868635475635529,1.46411216259003,8.52956408262253,130.211132794619,0,219.527450084686,29.6535995900631,3457.90233811736,4.45790159702301,0,3.14159601926804,5.46249461174011,1.30300736427307,11.9226951301098,0.454780131578445,1.99013262987137,49.4207760095596,4.1180077791214,88.0440669059753,1156.83492672443,723.974474400282,2965.9156858623,1.08743196725845,5.50761634111404,0,252.688249886036,1.41778063774109,0,7.68191730976105,4.25639939308167
184.82600530982,281.718415111303,39269.1103338003,39.1460976004601,0.776190280914307,78.4643029868603,645.583376139402,1291.26008504629,145.121802300215,663.239467889071,3237.41479936242,476.331195354462,1046.92489331961,3593.92965954542,11.9044843316078,51.1490125656128,16788.5726265013,9822.01901331544,20367.5063567758,82.9686309397221,423.243289470673,310.862753689289,5922.69437402487,276.004871964455,180.266982764006,0,28840.4926007986,338.218369990587,2731.10989841819,1028.50121462345,1323.32323396206,114.715275794268,57.4667507708073,4745.92126494646,700.220275998116,16179.8898763657,26375.9245159924,17821.2797745466,7411.42912575603,112.658275902271,29.0231210887432,267.894268453121,731.06230583787,1096.94881021976,713.926606088877,271.140191584826,7.13836178183556,7.66068077087402,644.997569978237,3.07195699214935,232.968068808317,664.869880974293,0,3.58607089519501,1.15218257904053,34.1060539782047,26.6209599971771,59.586461186409,0,686.56460621953,4.39818626642227,2762.3999683857,24.2118338346481,0.673739731311798,27.2247056663036,404.688407808542,59.6582206487656,312.195773124695,0,22.9516115486622,41.7486066818237,102.951505601406,22.047389626503,358.083819299936,13654.4666419923,21363.8415560424,9.77977707982063,17.8374242782593,26.1138662397861,1230.48169440031,2.50252419710159,0.336337864398956,87.9826555252075,480.391767531633
228.578296214342,29663.0724789798,26229.5505178273,10.8703778088093,1.75239908695221,24.2619620859623,449.300130218267,693.327102035284,8625.25327414274,183.983867555857,284.288401991129,199.420523315668,7475.7300439477,1927.03654998541,57.8142201602459,24266.2946346402,24965.7652432919,1319.35234752297,5137.1078286767,35.7271549701691,2361.30135092139,21457.8876523376,44635.5769410729,11518.7694346309,5019.62201786041,28840.4926007986,0,4354.81471773982,1450.48824334145,2224.76867756248,465.344254255295,13.0759567320347,134.914787173271,8757.52221935987,3037.85203209519,47753.7308624089,24533.1931117475,23664.0168548822,14278.7420862913,193.45446190238,111.900261193514,72.909154355526,12015.8922800422,3895.18892842531,3866.78107845783,2932.31796488166,103.357276380062,18.7346914410591,318.056590497494,68.0204913020134,5687.33182266355,18512.6990963817,6.317272990942,7.56711214780807,0.768115162849426,1503.47380188107,70.9005882143974,438.647948801517,0.299288332462311,300.184948861599,169.195204377174,1784.68039289117,160.975161343813,17.8671826422215,3615.36791822314,6933.2179582119,78.3279967904091,1580.83354786038,4.3538478910923,841.206982523203,5936.76280638576,12314.9519782066,1639.99438652396,1807.99535602331,29256.9725219607,190079.945439368,735.661627441645,115.626951545477,732.734408557415,500.315441340208,4.51988333463669,13.9557174742222,1019.81374004483,1606.36499744654
642.378038406372,87.2208482027054,1884.03272220492,11564.3213745952,105.254390656948,3162.56729984283,88882.1772548556,4807.83917039633,6750.74917522073,5155.4613339901,188.963299900293,1930.31052002311,13.7979188263416,4594.48897442222,1926.76679542661,5259.86978086829,875.989540040493,122.907071530819,202.633333861828,2513.65393981338,28124.3500600159,811.161870926619,19327.334174037,12730.9243900478,19.209803789854,338.218369990587,4354.81471773982,0,2392.58368399739,15582.8534736037,0.91823399066925,34.2680726647377,303.196296095848,3939.76686531305,3273.86794191599,9539.69823455811,356.045149624348,4132.99321594834,1652.10615447164,1474.50418177247,404.22141712904,40.6910415589809,3123.92506983876,30.9472311735153,389.63330873847,151.264579325914,3451.13998627663,78.9413851201534,89.3374562561512,31.9351440966129,13.2433623373508,82.0223615765572,2980.1742888093,112.227536648512,49.2842445075512,1535.14126694202,356.077945619822,1760.31700828671,744.077669709921,3.30366894602776,297.988760232925,3.11854434013367,230.497142195702,818.183288365602,1512.23744207621,5.28577184677124,0.642102420330048,1.04959237575531,1277.57641434669,401.466066360474,263.887647122145,612.765715032816,12756.1973229945,0,7.12306529283524,734.46308645606,8547.11381059885,481.482735842466,4.19142025709152,0,13.8366478681564,13.1235731840134,206.209071397781,368.112921029329
5923.95155191422,8.85169163346291,626.96655318141,107.129509091377,22.6077690422535,96.3804931342602,3772.08056330681,2148.6755271852,632.04288521409,907.554208099842,8704.04226276278,383.396589994431,350.677504867315,30581.6884246469,83.934761941433,61.280391484499,5196.54709506035,3624.47731435299,3002.8850069046,128.648598074913,1123.04304453731,23.0638273358345,1667.35153621435,2257.65574857593,14.9107626378536,2731.10989841819,1450.48824334145,2392.58368399739,0,24205.4642731845,12.3269524872303,867.277013480663,3396.52881610394,10486.3626110852,447.004744648933,1191.07677251101,274.629378765821,2970.10150676966,568.213808298111,189.176507592201,704.610354095697,107.685734570026,662.729813605547,12.3607240915298,98.5963797867298,97.3177381455898,285.758149057627,14.7074329257011,102.874266982079,5.00364696979523,7.28161445260048,15.4752028286457,31.9460571706295,5.98581862449646,5.94949460029602,191.925214231014,27.3771770298481,298.417519152164,14.8545244336128,3.19308882951736,9.4788311123848,36.0074547529221,19.5947789847851,15.5527209341526,128.477973520756,4.86688303947449,0,0,13.4341771602631,56.9841666221619,17.4916323125362,21.7776925265789,2212.08317416906,4.94361397624016,35.2323597967625,93.2692007124424,1624.71052885056,69.4986273944378,0,8.79734361171722,16.0997787714005,0.422418713569641,40.7904111742973,46.1468779146671
10610.8968307376,4.94001957774162,3352.34367546439,17.0186478495598,2.95107817649841,52.4112549722195,8068.10529506207,5192.89239174128,475.676655173302,77.1019656360149,82.2206120193005,51.7794620394707,3.54066500067711,12074.4439597428,330.986280620098,560.710291802883,17075.7105385363,106.326137036085,1081.84761503339,17.2861371636391,36030.5292490423,74.4281435906887,28127.9509315491,2666.73794716597,1.13769394159317,1028.50121462345,2224.76867756248,15582.8534736037,24205.4642731845,0,0.444949179887772,8.39476084709167,2702.08516600728,12228.3312477767,2775.87740522623,4820.67297387123,288.647984713316,4902.43653583527,1433.50412240624,226.080961018801,167.305572390556,14.4618000686169,706.962376356125,8.95933371782303,92.4673520326614,36.6471230089664,258.54649657011,18.2943925261497,22.1433376967907,4.99599921703339,0.856155931949615,30.2583926022053,57.9673344194889,15.6579295992851,0.674833595752716,137.479900211096,48.8786626160145,229.480558365583,23.5748480558395,0.667723417282104,12.9865167737007,0.692010045051575,49.4280927181244,20.7594109475613,522.764997720718,7.73154672980309,0,0.543862164020538,29.136423677206,130.432903051376,40.3206037282944,179.775009483099,2231.51636433601,0,4.95320037007332,244.922996252775,1559.18087434769,95.6306844651699,0,0,1.28056615591049,0,49.6418051421642,285.625133186579
0,87.5307077765465,1.86146774888039,0.526468753814697,0,0.395363718271255,1.22853466868401,5.4392101764679,58.859777867794,2.07362058758736,34.6537617146969,1.10134303569794,2019.71353182197,11.0574648976326,0.366004109382629,4.52594780921936,0.516155004501343,27.2712691426277,0.938946187496185,1.26047098636627,0,138.635832607746,0,35.8602634966373,85.7005252838135,1323.32323396206,465.344254255295,0.91823399066925,12.3269524872303,0.444949179887772,0,3.76111233234406,0,13.3310553729534,6.47556546330452,78.1011175513268,321.595660597086,142.263625621796,53.821829020977,1.15911304950714,0.635225057601929,6.90113210678101,29.8613023757935,86.3728744387627,71.5413054823875,14.6623938083649,1.29372864961624,0,59.5303499996662,0,7.26200038194656,2.02397227287292,0,0,0,0,0.653975546360016,3.02107304334641,0,76.1278610825539,0.896998286247253,484.149176836014,5.86280286312103,0,0,0.689406454563141,6.74148464202881,3.6618247628212,0,0,2.38220256567001,0,3.76833415031433,48.9282979667187,1074.63374340534,1527.04865154624,0,1.07766318321228,0,157.319690912962,0,0,3.26565670967102,2.0558757185936
0.590321242809296,1.30187654495239,1.31520628929138,9.2510581612587,1042.81200635433,201.453198820353,71.5207017064095,934.155995666981,5.42521107196808,97.5227450430393,1784.41650432348,28.3391625583172,148.23462381959,106.252584844828,16.0780884027481,6.47000986337662,3.49835586547852,382.50611770153,30.580630004406,21.1686559915543,16.2397613525391,0.999233067035675,16.0066739320755,11.9786289334297,10.5512905716896,114.715275794268,13.0759567320347,34.2680726647377,867.277013480663,8.39476084709167,3.76111233234406,0,0,10332.8955158591,70.3600423336029,821.053076446056,90.6648896336555,582.167890191078,326.618478298187,251.87781482935,6601.81884020567,72.5649766325951,44.6556803584099,2.89041829109192,24.4498311281204,86.0188197493553,37.2760762572289,9.04215615987778,111.164634108543,0,0,0,1.63919764757156,0,3.03101623058319,0,14.4326082468033,0,1.40760797262192,1.34364688396454,7.00635707378387,7.60993242263794,6.05343329906464,2.57027530670166,2.38566565513611,0,1.36081314086914,0,2.07560563087463,0,1.17783546447754,0.618746876716614,7.98397833108902,0.987284958362579,3.40532469749451,3.98119205236435,6.3748185634613,3.15151107311249,0,4.04079753160477,8.01845979690552,0,0.817896902561188,11.9384068250656
47.5474841594696,1.39457786083221,71.8230699598789,0.657757699489594,0,0.504507124423981,61.3583817481995,71.5178982615471,54.2813053131104,4.36333239078522,18.8078532218933,3.03627434372902,0,285.496243268251,0,8.71440953016281,814.069774061441,16.3037061691284,174.056813418865,1.17584183812141,734.863028883934,0.766994535923004,270.594932407141,188.708189994097,0,57.4667507708073,134.914787173271,303.196296095848,3396.52881610394,2702.08516600728,0,0,0,2332.50228318572,55.5304428339005,60.493499994278,12.7342018187046,585.834613084793,72.1336101293564,5.01224517822266,19.4922739267349,0,55.2720228433609,1.3805359005928,5.01965343952179,6.12865576148033,18.7678261697292,2.60701286792755,0.675151884555817,0,0,1.46798872947693,6.5547981262207,0,0,8.93985524773598,1.2280912399292,23.0569705963135,1.21756720542908,0,0.42339500784874,0,0.937581717967987,1.31417125463486,15.5833534598351,0,0,0,0.411321401596069,11.9537023603916,1.73848187923431,5.71460503339767,212.450658202171,0,1.57830488681793,10.8969751298428,155.763494640589,7.26602339744568,0.393654018640518,0,1.31534349918365,0.369308948516846,1.58404016494751,7.03218424320221
305.122104734182,30.727989166975,3856.06858155131,481.586098045111,1040.15559729934,611.969332277775,1758.40915706754,2120.29984673858,341.554221868515,2116.93135225773,13420.3876883686,1024.36090984941,2774.01633778214,3676.89278259873,121.710492879152,1075.43282538652,10074.9955704808,3657.88525858521,6170.5273784399,386.96138381958,18327.01947999,81.7662204802036,20394.7694102526,1330.66509994864,155.001503050327,4745.92126494646,8757.52221935987,3939.76686531305,10486.3626110852,12228.3312477767,13.3310553729534,10332.8955158591,2332.50228318572,0,616.21159824729,4853.37019446492,1221.97036409378,3879.67374637723,1769.89100545645,1651.692340523,721.491279661655,1940.98398911953,1207.4752766788,71.6757173240185,202.879611194134,292.022433519363,654.886195391417,74.1507846713066,304.256972461939,5.99724805355072,21.6526157557964,187.63613396883,106.780018031597,5.37238442897797,22.6699377894402,195.82599824667,160.938594639301,159.627680540085,90.4157936573029,32.4507723748684,85.7842451632023,166.9479996562,86.107027888298,24.6679784953594,317.153652608395,38.9491732418537,5.85877138376236,16.2679175436497,84.137866050005,101.314234524965,47.7993491888046,570.1688734442,1600.72305262089,31.6414563059807,118.517462402582,1025.15524613857,1430.49687221646,81.5823449790478,3.10348170995712,18.6662598252296,61.4388397932053,1.43141955137253,74.7595340013504,189.96887037158
151.023259848356,8.52354019880295,613.858814418316,397.975953727961,138.385191679001,574.787053436041,1872.43961182237,952.555864989758,440.36459416151,1559.3948084712,87.5935082733631,925.169686287642,14.1157390475273,714.773379474878,982.033727347851,1872.53782391548,198.372114121914,212.155797928572,165.625551521778,301.450907170773,4602.99250510335,140.13418006897,7946.44389948249,1806.57610750198,0,700.220275998116,3037.85203209519,3273.86794191599,447.004744648933,2775.87740522623,6.47556546330452,70.3600423336029,55.5304428339005,616.21159824729,0,7676.76037767529,2921.14986521006,896.680735141039,5076.66475826502,243.203608781099,268.672540307045,29.6785857379436,1428.05733782053,644.789520412683,355.792980641127,3149.2334227562,133.016039550304,105.476672440767,21.2765742540359,3.86439245939255,0,116.663964241743,22.2299147844315,549.659761548042,670.541791141033,152.683232933283,9.27100944519043,198.848327368498,37.1626243889332,5.72048008441925,2077.3201456368,1.64089399576187,7.83991545438766,983.326732575893,562.285037875175,40.726295799017,38.6545848846436,77.7517458796501,13.7940941154957,535.034343540668,62.2630007565022,1246.18747913837,876.971235752106,0,314.756351739168,722.291757434607,875.450850486755,58.9295130074024,31.7060500383377,5.42499846220016,11.0342578291893,3.47425812482834,33.8201297819614,211036.445212513
295.963074296713,110.186846554279,11415.1775921583,2506.48265489936,265.869693994522,2086.20521432161,4850.69146874547,7260.30361759663,1257.88106524944,11139.3671234548,1641.33677554131,4577.2629300952,323.955925405025,3309.17069226503,504.501433670521,8905.34008610249,3023.81918111444,3572.78332689404,3421.35187482834,2482.65573462844,10900.9154549539,703.241363972425,36774.4111255109,4421.46066352725,16.7542077600956,16179.8898763657,47753.7308624089,9539.69823455811,1191.07677251101,4820.67297387123,78.1011175513268,821.053076446056,60.493499994278,4853.37019446492,7676.76037767529,0,39337.277988404,6795.03322336078,8611.23116183281,5716.26906573772,2923.69461396337,908.695888876915,4874.08851677179,99.7883698344231,442.043163746595,285.093870550394,1714.84019082785,70.5365899503231,88.227029979229,25.7968828678131,40.973375082016,706.612739175558,551.150011509657,21.0304758548737,15.5211301147938,846.998756825924,182.442406117916,632.264974713326,181.275187045336,9.11012786626816,95.7040215134621,25.3772708773613,147.458579570055,136.975933760405,1836.88032877445,156.613167494535,3.06125292181969,22.5299808979034,268.255642235279,259.418905824423,341.88468080759,1521.27826094627,7010.62629011273,9.30553895235062,378.781069427729,4211.3424448967,4944.38388952613,298.152896672487,5.26664042472839,8.11581385135651,14.188885807991,5.98367232084274,181.708157420158,2000.06316396594
23.6502508223057,217.481472939253,5059.24172183871,19.1166980862617,11.7823845148087,35.0987758338451,115.846007764339,299.01158207655,69.4202328324318,141.390568971634,7487.93840959668,90.3061152696609,4047.93399912119,410.024569004774,10.6083348989487,945.958639740944,2561.52663832903,5344.71411031485,3460.71621406078,19.0941080152988,544.089035749435,157.726880639791,6860.04252624512,186.958676636219,44.3926547765732,26375.9245159924,24533.1931117475,356.045149624348,274.629378765821,288.647984713316,321.595660597086,90.6648896336555,12.7342018187046,1221.97036409378,2921.14986521006,39337.277988404,0,4011.12599936128,11433.5438366532,217.969495177269,224.374765992165,988.706675976515,255.042744517326,115.610834807158,89.2860634922981,180.725169539452,19.025774538517,13.7665046453476,264.439027488232,0,79.8951686322689,248.640565305948,1.27232301235199,11.7582402229309,3.92998078465462,22.2644680738449,38.9578224718571,60.0925322771072,3.18359738588333,116.927354753017,4.52049267292023,741.925009459257,9.32004997134209,4.39391434192657,208.885449528694,80.4546855688095,0,34.1686921417713,2.10608199238777,33.5913470387459,64.0760824978352,302.174555420876,135.123466551304,111.955050289631,944.167902678251,3167.3827367425,94.5782238841057,10.5211331546307,5.98836225271225,84.9681025743484,15.4081561565399,0,24.5026312768459,1481.01141378284
266.02663937211,62.4897391200066,7616.07963359356,390.102516382933,38.9287664294243,513.036982923746,1734.84562274814,2504.1854481101,262.489872932434,2368.97488611937,11769.8529697955,1414.44468188286,2316.56547015905,2892.12615424395,68.1376498043537,2029.05213516951,3339.41956239939,11336.9187021255,5964.24792990088,298.99881452322,15314.6485479474,184.242984741926,26493.454713285,1100.05503591895,41.266119658947,17821.2797745466,23664.0168548822,4132.99321594834,2970.10150676966,4902.43653583527,142.263625621796,582.167890191078,585.834613084793,3879.67374637723,896.680735141039,6795.03322336078,4011.12599936128,0,6117.3327267766,275.824632287025,876.4723559618,845.698629498482,930.948156088591,106.698574483395,296.774685561657,512.826985657215,364.955812126398,99.2230847477913,509.582602918148,5.79045313596725,38.4736582934856,406.926603287458,75.8103727400303,6.95214319229126,24.4472586214542,206.698223233223,207.723053812981,143.48595559597,49.601194858551,40.3875515162945,31.7909228801727,153.282526552677,97.3306534588337,17.5581701993942,460.816663384438,98.3648466169834,0.852343082427979,19.5532601177692,39.0966290235519,67.2247239053249,96.0789729356766,611.721003264189,1423.49836319685,18.0470331907272,575.774327367544,2792.50283104181,1017.6699539125,76.3731642663479,10.1595838069916,33.5624761879444,97.7511065006256,0.417716979980469,98.3996999263763,493.926220595837
84.1807705760002,23.2665519714355,3741.42215326428,40.7209603786469,34.2594573497772,304.450473576784,401.229533523321,1210.64750817418,63.5786128044128,280.678758472204,771.897882252932,295.581943929195,106.01767334342,847.659366577864,31.6852645277977,1713.09646502137,1218.76010331511,2339.26221224666,1801.20226621628,54.374912828207,6252.77463787794,131.94371765852,17030.261882931,414.907790094614,7.42265930771828,7411.42912575603,14278.7420862913,1652.10615447164,568.213808298111,1433.50412240624,53.821829020977,326.618478298187,72.1336101293564,1769.89100545645,5076.66475826502,8611.23116183281,11433.5438366532,6117.3327267766,0,495.690096139908,1954.22410649061,40.1484372019768,533.32428175211,104.84142947197,124.319062948227,380.040658116341,103.161785721779,34.3826480507851,130.212920844555,1.3104542195797,15.9688161015511,176.373417526484,14.0847244262695,15.9137136340141,13.4085777997971,52.0224519371986,49.3427013754845,43.8528552353382,9.9681313931942,7.73523461818695,13.0956108272076,26.7020092010498,34.8262639939785,19.8443215489388,349.553067058325,47.2237036526203,3.88597989082336,13.175197660923,12.7466046512127,88.1075736880302,62.1750591397285,474.307883173227,405.226808100939,3.78052538633347,221.228994607925,1410.9992158711,316.480364710093,20.2768285572529,6.49774569272995,12.747034907341,31.126455783844,1.16052848100662,30.7502841353416,3978.06225630641
9.00253868103027,22.5553102791309,40.655304312706,972.569673210382,9622.61383619905,4373.21557241678,870.949605405331,4012.8976110518,981.111333608627,2195.43151938915,147.969908982515,3293.75176909566,14.7818624973297,699.743695408106,5712.21563193202,82.2756288051605,19.8837654590607,85.1343215703964,71.0951451659203,709.967052876949,172.45097219944,9.65707731246948,274.024132162333,1833.34058946371,6.42716127634048,112.658275902271,193.45446190238,1474.50418177247,189.176507592201,226.080961018801,1.15911304950714,251.87781482935,5.01224517822266,1651.692340523,243.203608781099,5716.26906573772,217.969495177269,275.824632287025,495.690096139908,0,1864.23681569099,67.6976331472397,1883.79691627622,26.7819303572178,194.772097319365,133.568273812532,4353.75508630276,56.2752633690834,113.536765873432,8.96190178394318,0.783599197864532,13.0513015985489,1902.69741180539,119.921364277601,62.7676939070225,566.906174778938,441.466522097588,189.289840072393,756.828553676605,28.5904496610165,319.217089742422,2.07969889044762,249.04272043705,737.62703999877,226.195435315371,3.24085649847984,10.2688685357571,23.1218432486057,904.828455537558,70.8526737689972,10.1925520300865,100.540905982256,2602.68678334355,0.542848289012909,30.575972288847,60.1766141653061,3052.60738584399,148.984033226967,1.87223494052887,1.77584594488144,37.5179617106915,2.57247650623322,151.187700897455,226.173864275217
12.6738362908363,0,21.9976517558098,117.119388848543,6022.11162430048,3402.41865631938,314.858189254999,1302.45726212859,40.717741549015,520.3996065557,52.213295340538,254.693635940552,5.34628987312317,780.760436534882,57.647817671299,96.6515763700008,15.7129310965538,31.50187048316,27.7432479262352,90.8339589834213,225.206177502871,2.10522919893265,326.812429338694,190.059445440769,0,29.0231210887432,111.900261193514,404.22141712904,704.610354095697,167.305572390556,0.635225057601929,6601.81884020567,19.4922739267349,721.491279661655,268.672540307045,2923.69461396337,224.374765992165,876.4723559618,1954.22410649061,1864.23681569099,0,36.9295445382595,391.989512622356,18.8925923705101,66.3295335769653,136.857302367687,115.722545266151,30.5960264205933,182.011754631996,0.477983504533768,0,5.32712677121162,12.4811419844627,0,1.02706611156464,44.5530900359154,36.9810209572315,26.1781784594059,14.4594855308533,2.29551047086716,7.86265420913696,1.31965851783752,16.9994992315769,5.4776776432991,24.8970721065998,0.439760953187943,0,0.603813767433167,14.8092910647392,9.91175374388695,2.24496746063232,18.4186291694641,250.159619182348,0,2.57603257894516,11.4382955729961,199.620604991913,13.9706760644913,0,1.56224346160889,23.9301184415817,0,21.9545498490334,211.986728310585
2.16268575191498,122.226772964001,0,5.07575708627701,3.60195285081863,25.785372197628,23.1603063642979,138.196854531765,25.0760279297829,42.529291331768,4341.74939459562,35.5017291307449,3102.46969100833,126.522541463375,5.28924369812012,45.4995377659798,0,163.510755479336,1.86416697502136,7.0213109254837,59.6378861665726,34.2133427858353,107.065885275602,33.4612186849117,977.607185900211,267.894268453121,72.909154355526,40.6910415589809,107.685734570026,14.4618000686169,6.90113210678101,72.5649766325951,0,1940.98398911953,29.6785857379436,908.695888876915,988.706675976515,845.698629498482,40.1484372019768,67.6976331472397,36.9295445382595,0,68.2161496281624,55.0831346511841,134.948201328516,264.939444363117,20.1588723361492,54.5938664674759,583.45747667551,1.78652673959732,89.2993783354759,0.52776563167572,4.26488709449768,3.38247162103653,23.3008993566036,8.71971797943115,158.872760653496,79.6918415427208,31.2685223817825,81.7520994842052,27.9407958388329,1086.14265197515,64.3566778898239,3.99861258268356,12.1238858997822,0,5.16169396042824,1.72445982694626,12.2055226564407,4.25999817252159,24.4351478219032,21.3399106860161,35.8681351542473,241.093772292137,60.9697193205357,71.3723140358925,27.5079024732113,21.0109514892101,0.462312668561935,48.4596742391586,81.1138346791267,0.514891147613525,43.7259770929813,10.8126409053802
47.6988140046597,241.177962511778,905.59651941061,521.089383721352,16.0193942785263,107.681402802467,1767.03808248043,665.501410245895,550.826100945473,352.179335266352,69.969170331955,246.805097281933,243.656624227762,673.900406628847,209.476104348898,1660.69325661659,205.139755666256,19.2999178767204,33.5737195909023,192.15185457468,824.112256556749,849.624142289162,2788.51579773426,4202.4809319973,52.5780113637447,731.06230583787,12015.8922800422,3123.92506983876,662.729813605547,706.962376356125,29.8613023757935,44.6556803584099,55.2720228433609,1207.4752766788,1428.05733782053,4874.08851677179,255.042744517326,930.948156088591,533.32428175211,1883.79691627622,391.989512622356,68.2161496281624,0,24158.5281261206,5379.8178191483,7758.35870242119,7006.41918995976,1325.63066497445,2185.90761604905,79.2100551128387,114.543542325497,9089.6935301125,2620.73413670063,112.815574645996,859.802407622337,6147.91223883629,4782.90721946955,556.323845893145,6564.92928534746,983.424086004496,2475.34037733078,256.807964116335,2063.06796608865,209.797684550285,16180.8234907985,3196.04409554601,1786.21155953407,4866.87537610531,2692.45746052265,10619.8587704003,711.12515899539,33232.7338308394,9516.31262806058,84.6128650307655,22213.6934201121,46532.182148695,18828.0508655012,711.640944123268,542.372662484646,369.119229733944,985.249156683683,14.8267042040825,1061.20360898972,9593.80025476217
0,145.869209259748,176.903900414705,1.33404833078384,3.8107858300209,3.00973105430603,7.5342780649662,26.4379244446754,19.6596690714359,4.68710666894913,482.759415537119,3.70133250951767,1638.98401352763,31.4544157385826,5.37578356266022,88.4542598128319,23.8486408889294,30.91432762146,9.86400508880615,2.20699959993362,20.5672479271889,93.3738122284412,210.165024459362,33.7426497340202,162.067376822233,1096.94881021976,3895.18892842531,30.9472311735153,12.3607240915298,8.95933371782303,86.3728744387627,2.89041829109192,1.3805359005928,71.6757173240185,644.789520412683,99.7883698344231,115.610834807158,106.698574483395,104.84142947197,26.7819303572178,18.8925923705101,55.0831346511841,24158.5281261206,0,6206.10739514232,18952.4347598851,291.514827370644,352.476916611195,1554.27829405665,55.3636064231396,200.965788900852,3285.79657703638,14.9412988126278,3.86360478401184,29.5316593945026,665.110021278262,305.793090581894,217.323260784149,85.859011143446,1808.33691090345,59.3459250628948,2361.46670594811,223.380926966667,20.0767060518265,810.450229823589,2663.57211238146,399.288981765509,2094.92295569181,40.5134350657463,586.321517676115,141.724774062634,5561.31119135022,317.938209235668,125.912888467312,14957.1547974646,11302.060064435,597.871353209019,143.592008888721,467.864251762629,572.377168893814,124.820387125015,9.53384202718735,631.800557821989,2665.88087621331
5.40984565019608,106.537635058165,242.800128251314,76.4130533337593,6.73415291309357,21.7262490987778,275.647097170353,112.687356591225,93.579895734787,40.4885340929031,99.3070824742317,43.0808483660221,543.033088833094,109.639970630407,27.3163287937641,288.95376971364,69.3254537582397,26.0581592023373,11.0349540114403,19.9129993021488,67.7067622542381,187.646006494761,610.569718793035,607.09801274538,71.1322847008705,713.926606088877,3866.78107845783,389.63330873847,98.5963797867298,92.4673520326614,71.5413054823875,24.4498311281204,5.01965343952179,202.879611194134,355.792980641127,442.043163746595,89.2860634922981,296.774685561657,124.319062948227,194.772097319365,66.3295335769653,134.948201328516,5379.8178191483,6206.10739514232,0,7039.41088324785,324.88971427083,444.224967390299,1406.46597981453,328.602472811937,39.8733112514019,2993.12100765109,615.238249927759,15.2512978613377,280.655235469341,3602.06008127332,1609.77996090055,138.768020898104,1777.53687041998,3383.96956323087,758.903807073832,1090.22225046158,1478.56719078124,36.9439969360828,2385.57378432155,1458.36220262945,4387.73807743192,5720.48470403254,586.666496425867,8797.05956533551,115.361403375864,12961.8380589634,1477.51621744037,77.6058608293533,14249.8371394575,13308.4629701078,5006.40394367278,2884.929358989,2656.96334148943,708.493484079838,545.80857399106,248.278842180967,1231.52909834683,886.846912056208
3.33804911375046,54.9528079926968,231.219714283943,26.0864704549313,5.13252633810043,61.1245546936989,78.2243747711182,194.794311791658,38.928524106741,33.9432250261307,76.214415371418,43.5670089125633,135.435759335756,164.681505858898,34.7704494595528,310.76671436429,47.9354193806648,17.1689316630363,16.8059888482094,16.1054700314999,99.6358870267868,203.23978254199,639.764392137527,217.49121311307,17.062982916832,271.140191584826,2932.31796488166,151.264579325914,97.3177381455898,36.6471230089664,14.6623938083649,86.0188197493553,6.12865576148033,292.022433519363,3149.2334227562,285.093870550394,180.725169539452,512.826985657215,380.040658116341,133.568273812532,136.857302367687,264.939444363117,7758.35870242119,18952.4347598851,7039.41088324785,0,1225.32386550307,1233.56740015745,1282.44310501218,151.452000617981,27.4132781028748,3105.11396616697,119.801665574312,37.7699446678162,366.808033227921,1908.57931163907,2012.1115385294,35.0377950072289,616.592760592699,617.500488817692,708.339974313974,144.728450208902,1029.78314602375,49.8611162602901,3418.21440717578,1558.28899635375,1200.32809454203,2138.23542630672,253.095536381006,6016.51955586672,189.527070432901,17934.0568691194,623.570701628923,20.1438545882702,8611.70843747258,13147.1600500643,2306.34668889642,815.7267986238,968.195255041122,333.280910670757,827.594859778881,53.902013361454,369.507888406515,6874.07537874579
18.7379365563393,3.05884504318237,10.7605330944061,2214.84797990322,160.644047796726,221.140892326832,1321.94530174136,804.066036373377,628.113902747631,1310.50204518437,45.6565107405186,694.634860903025,6.65542516112328,419.744890004396,1264.09918493032,106.795675575733,4.99239325523376,6.52921733260155,9.05955934524536,881.781522929668,117.940725177526,10.467982083559,147.313515543938,2914.12547695637,2.35288435220718,7.13836178183556,103.357276380062,3451.13998627663,285.758149057627,258.54649657011,1.29372864961624,37.2760762572289,18.7678261697292,654.886195391417,133.016039550304,1714.84019082785,19.025774538517,364.955812126398,103.161785721779,4353.75508630276,115.722545266151,20.1588723361492,7006.41918995976,291.514827370644,324.88971427083,1225.32386550307,0,534.157101452351,553.554257959127,13.2846128642559,42.4530649185181,82.5447417497635,2090.12741759419,9670.76271763444,5753.31662419438,2145.0478002429,4331.31821835041,1476.06123864651,3956.31945735216,112.067825585604,3700.56027561426,11.2651582956314,1024.9072996974,3792.05874347687,274.045353829861,42.7822950184345,114.479352891445,162.702368706465,1954.17418819666,592.329863190651,31.2674883306026,629.748394608498,2575.83403143287,9.26456582546234,284.515984922647,412.827865213156,3652.41305890679,409.584377259016,60.356969833374,16.4600132107735,933.51191136241,17.0106708407402,165.458065509796,236.861852169037
1.99914810061455,0,0.938752412796021,9.59853437542915,0,5.92814254760742,59.0856764316559,33.5852842926979,16.8548033833504,6.04327684640884,19.3609860241413,12.2092676460743,5.49274921417236,22.3072211742401,3.6013188958168,12.9390860795975,0,3.3281118273735,0,3.31440222263336,12.8383931517601,4.86300206184387,18.5821914970875,131.997504651546,0,7.66068077087402,18.7346914410591,78.9413851201534,14.7074329257011,18.2943925261497,0,9.04215615987778,2.60701286792755,74.1507846713066,105.476672440767,70.5365899503231,13.7665046453476,99.2230847477913,34.3826480507851,56.2752633690834,30.5960264205933,54.5938664674759,1325.63066497445,352.476916611195,444.224967390299,1233.56740015745,534.157101452351,0,635.794577151537,0.496277928352356,1.08275830745697,29.2865526080132,169.90590891242,8687.44338554144,2904.87749987841,351.936990261078,703.282652378082,36.5989444553852,371.696331709623,46.9277262091637,108.572455525398,10.5110170245171,358.245187342167,8.54504549503326,82.0169788897038,5.51428413391113,34.8452558815479,30.3765159249306,126.036846995354,109.043781489134,0,132.854357212782,214.786614686251,0.580133616924286,148.477699697018,113.62981775403,583.707970321178,252.040032327175,8.33043938875198,25.8974943161011,9543.51035940647,7.34222674369812,1032.31849819422,362.050632327795
0,384.857389509678,2.52902686595917,16.3135616779327,4.63184213638306,46.3296430706978,34.3610402047634,258.67657750845,47.4141381084919,30.1696598827839,1802.9276740849,44.3379108905792,4392.6164843142,174.655898362398,15.2406724989414,77.1452275514603,1.99674016237259,36.0305178165436,1.14010429382324,9.17339473962784,66.0088251233101,84.9156079292297,116.290981262922,94.6534362435341,776.47765058279,644.997569978237,318.056590497494,89.3374562561512,102.874266982079,22.1433376967907,59.5303499996662,111.164634108543,0.675151884555817,304.256972461939,21.2765742540359,88.227029979229,264.439027488232,509.582602918148,130.212920844555,113.536765873432,182.011754631996,583.45747667551,2185.90761604905,1554.27829405665,1406.46597981453,1282.44310501218,553.554257959127,635.794577151537,0,7.52786248922348,393.011512577534,49.3824868500233,41.9684366583824,11.9169959425926,124.285483539104,99.529852360487,840.116487383842,605.874815911055,208.110811114311,4355.28595143557,209.507251501083,8166.58671721816,361.64092206955,14.760372787714,270.841342151165,12.3057214915752,53.3969668745995,25.4342887103558,85.5835849642754,186.257914185524,186.383466988802,500.572332710028,406.225715130568,769.100394427776,364.484683692455,415.224092721939,548.086202532053,172.709156423807,30.5843545794487,245.199968874454,575.968324840069,6.87269002199173,924.730961978436,140.889229595661
0,3.77011814713478,7.64970618486404,0.997068792581558,0.485303103923798,0,22.6603811383247,7.08813518285751,16.2345198988914,0.743749737739563,0,0.424540430307388,0,9.58147269487381,1.505939245224,1.44779977202415,1.97079277038574,0,0,0.93122997879982,1.35642391443253,3.53343963623047,6.31757521629333,59.2221667766571,0,3.07195699214935,68.0204913020134,31.9351440966129,5.00364696979523,4.99599921703339,0,0,0,5.99724805355072,3.86439245939255,25.7968828678131,0,5.79045313596725,1.3104542195797,8.96190178394318,0.477983504533768,1.78652673959732,79.2100551128387,55.3636064231396,328.602472811937,151.452000617981,13.2846128642559,0.496277928352356,7.52786248922348,0,0,246.726145237684,3.38705638051033,0,6.66121077537537,8626.79690212011,567.087123423815,37.6580931246281,18.0672896504402,53.9859604239464,2.03284895420074,0,9916.93737605214,0.820306420326233,4.42381498217583,233.10411837697,21.5458782911301,287.922912091017,2.2973467707634,217.846741110086,0.366012722253799,137.411449342966,464.342715114355,0,316.387436792254,404.629664957523,958.863086611032,6036.13339316845,1452.00493744016,0,3.23616456985474,5.53248879313469,575.781576454639,12.4973550438881
0.450003415346146,899.125159025192,125.22903573513,0,0,0,4.27966207265854,0.498482197523117,29.397653311491,0,278.326572835445,0,604.564276665449,1.3959940969944,0.880796253681183,48.4468618631363,15.1086364984512,3.21840715408325,9.61128091812134,0,12.4534520506859,461.60233348608,32.8540304899216,52.6704452931881,208.970894396305,232.968068808317,5687.33182266355,13.2433623373508,7.28161445260048,0.856155931949615,7.26200038194656,0,0,21.6526157557964,0,40.973375082016,79.8951686322689,38.4736582934856,15.9688161015511,0.783599197864532,0,89.2993783354759,114.543542325497,200.965788900852,39.8733112514019,27.4132781028748,42.4530649185181,1.08275830745697,393.011512577534,0,0,22.0754653513432,5.97675636410713,17.3306502699852,1.09564593434334,21.4252307415009,4.47046202421188,4465.63571789861,1.65739506483078,74.4827753603458,3.46214556694031,782.726694583893,4.61671420931816,96.5055516660213,143.545749813318,32.8527489900589,0,9.56388714909554,1.59911197423935,9.23256343603134,3255.0767813623,27.8525089323521,5147.80171197653,1014.99745291471,122.160311341286,18110.8062048852,144.788130879402,12.4659010469913,6.01835197210312,28.2456629276276,1.23956346511841,0,12.7031259834766,1.84469956159592
3.38638162612915,437.440276920795,2291.19674390554,0.646968066692352,0,0,21.1573756933212,4.60321062803268,14.1652034819126,1.12389132380486,0,1.43345320224762,7.28845965862274,14.6402139663696,1.39225086569786,273.350500196218,572.759893327951,12.3913448750973,97.8551772236824,0.493707239627838,60.6867100596428,205.189063698053,2236.15265950561,68.3656156361103,4.66466391086578,664.869880974293,18512.6990963817,82.0223615765572,15.4752028286457,30.2583926022053,2.02397227287292,0,1.46798872947693,187.63613396883,116.663964241743,706.612739175558,248.640565305948,406.926603287458,176.373417526484,13.0513015985489,5.32712677121162,0.52776563167572,9089.6935301125,3285.79657703638,2993.12100765109,3105.11396616697,82.5447417497635,29.2865526080132,49.3824868500233,246.726145237684,22.0754653513432,0,10.6412068605423,0,10.930144995451,15919.0099729002,741.943715170026,13.7936622798443,76.8907137960196,75.92967492342,43.2198598235846,1.16210508346558,1418.0747512579,5.74403557181358,263.269584536552,25363.2103627026,97.9879615902901,2394.72047406435,29.7801139354706,7129.8289707154,79.0228887498379,42956.2792855501,123.575420111418,2.69599342346191,37863.2533971369,41213.5533768535,4175.70581617951,480.62283180654,2725.18408206105,0,6.80096703767776,37.7703753113747,1435.13693042099,449.986793428659
2.39113068580627,5.2627617418766,0,1722.01527300477,71.996669113636,36.0528516769409,1318.51828473806,140.101646184921,1657.56861189008,389.621216446161,0.750564336776733,388.439178735018,0,54.6620720028877,562.727588444948,2.62784600257874,0,0,0,520.727133005857,5.96834242343903,13.8306466341019,2.3695003092289,3503.5009444356,1.90133690834045,0,6.317272990942,2980.1742888093,31.9460571706295,57.9673344194889,0,1.63919764757156,6.5547981262207,106.780018031597,22.2299147844315,551.150011509657,1.27232301235199,75.8103727400303,14.0847244262695,1902.69741180539,12.4811419844627,4.26488709449768,2620.73413670063,14.9412988126278,615.238249927759,119.801665574312,2090.12741759419,169.90590891242,41.9684366583824,3.38705638051033,5.97675636410713,10.6412068605423,0,134.66571700573,811.171784222126,615.094003841281,1622.55890201032,2073.37510749698,5389.93734928966,124.449716299772,8236.43748164177,1.72937989234924,759.824935406446,1188.01704508066,0,16.1311526894569,76.6802690923214,200.446022689342,23334.470018059,9.73666512966156,1.0759516954422,12.0395625531673,7702.31570377946,1.33681106567383,198.357976436615,32.5865931659937,5472.67994949222,286.348928958178,4.80061566829681,2.0651732981205,111.183504104614,1.26373100280762,366.202193051577,304.529090106487
0,0,0.797638058662415,74.5652085542679,5.09549194574356,5.07910418510437,15.2074384987354,14.9098091423512,93.7621843516827,36.7366539537907,0,16.8256200253963,0,2.65128076076508,45.9456661343575,7.90380448102951,0,1.50669848918915,0,26.8264552354813,20.9512093067169,2.31388121843338,33.6139913797379,87.4230028092861,0,3.58607089519501,7.56711214780807,112.227536648512,5.98581862449646,15.6579295992851,0,0,0,5.37238442897797,549.659761548042,21.0304758548737,11.7582402229309,6.95214319229126,15.9137136340141,119.921364277601,0,3.38247162103653,112.815574645996,3.86360478401184,15.2512978613377,37.7699446678162,9670.76271763444,8687.44338554144,11.9169959425926,0,17.3306502699852,0,134.66571700573,0,2019.40039864182,77.8485298752785,317.718699336052,607.834120392799,40.0941879153252,3.4655259847641,494.547841131687,1.78077834844589,10.4229634404182,3888.18489161134,21.2416244149208,0,0.538420975208282,2.0562105178833,117.936076819897,39.6392861008644,12.9529527425766,41.5160245299339,497.883877366781,0.779345154762268,3.24089601635933,33.3305331468582,207.99429884553,9.92696756124496,2.61119115352631,0,201.70997568965,0,312.429572463036,90.2477421164513
0,0,0,57.99611723423,2.39555394649506,1.96422827243805,15.5582581162453,6.97156420350075,25.3224114477634,34.5290755331516,3.66721069812775,198.725546717644,1.1536862552166,8.44492042064667,22.5262178182602,1.92890426516533,0,0,0,6.04396724700928,2.86088502407074,0,1.51842787861824,52.9170533120632,0.868635475635529,1.15218257904053,0.768115162849426,49.2842445075512,5.94949460029602,0.674833595752716,0,3.03101623058319,0,22.6699377894402,670.541791141033,15.5211301147938,3.92998078465462,24.4472586214542,13.4085777997971,62.7676939070225,1.02706611156464,23.3008993566036,859.802407622337,29.5316593945026,280.655235469341,366.808033227921,5753.31662419438,2904.87749987841,124.285483539104,6.66121077537537,1.09564593434334,10.930144995451,811.171784222126,2019.40039864182,0,3997.04808908701,14480.4876420647,137.403053104877,35012.5894322544,207.69961592555,8574.33935567737,7.4271055161953,721.324908614159,3280.9377438128,3.3266778588295,12.0571287572384,147.910077244043,206.032025232911,1656.98391985893,3.70563903450966,0,11.8234543204308,120.605094492435,1.58010286092758,284.394127935171,49.460863173008,1448.92296540737,210.917004227638,5.34743809700012,14.8331931829453,918.392825633287,0,274.253547370434,2814.45936125517
9.12969791889191,26.3569872677326,178.5701636374,384.405174612999,13.0014710724354,38.1485277712345,1331.94327232242,229.567662984133,709.211538851261,233.504916459322,1.04381191730499,42.6570194661617,0,255.375910013914,106.402666598558,117.322915732861,34.1923758685589,0.469785928726196,2.99354887008667,134.756755232811,23.8615607023239,47.3167628645897,239.692850708961,2722.55680319667,1.46411216259003,34.1060539782047,1503.47380188107,1535.14126694202,191.925214231014,137.479900211096,0,0,8.93985524773598,195.82599824667,152.683232933283,846.998756825924,22.2644680738449,206.698223233223,52.0224519371986,566.906174778938,44.5530900359154,8.71971797943115,6147.91223883629,665.110021278262,3602.06008127332,1908.57931163907,2145.0478002429,351.936990261078,99.529852360487,8626.79690212011,21.4252307415009,15919.0099729002,615.094003841281,77.8485298752785,3997.04808908701,0,35962.9289262891,1688.33775317669,9740.88622134924,656.005262166262,377.717243909836,8.62090700864792,59340.2524917275,415.591208726168,104.362938255072,7017.7067451179,445.193252593279,2798.80444425344,262.626141011715,9331.0454750061,32.8601725697517,12918.7836916149,7833.50181981921,7.07697504758835,4041.26941661537,6321.47893372178,93346.1866520643,5774.05321601033,19383.0757318139,12.8678640723228,232.574584245682,75.773301243782,3450.07874447107,1426.10645768046
2.46915429830551,3.38807833194733,3.91069594025612,168.150007158518,3.03207141160965,17.9904702603817,302.438424229622,75.1002834141254,108.379064083099,71.8520866632462,26.9929683208466,107.604065150023,25.6228747963905,45.32531696558,69.029598325491,25.3824153542519,0,2.24138230085373,0,39.5004916191101,29.4367547929287,3.41150778532028,20.6024969816208,677.810456514359,8.52956408262253,26.6209599971771,70.9005882143974,356.077945619822,27.3771770298481,48.8786626160145,0.653975546360016,14.4326082468033,1.2280912399292,160.938594639301,9.27100944519043,182.442406117916,38.9578224718571,207.723053812981,49.3427013754845,441.466522097588,36.9810209572315,158.872760653496,4782.90721946955,305.793090581894,1609.77996090055,2012.1115385294,4331.31821835041,703.282652378082,840.116487383842,567.087123423815,4.47046202421188,741.943715170026,1622.55890201032,317.718699336052,14480.4876420647,35962.9289262891,0,333.413161754608,14789.5648577809,2361.43329241872,3628.56588380039,140.102776557207,14923.2690270543,486.038249403238,20.4746772348881,214.620687782764,1730.3020567596,1162.43122462928,1842.15075480938,436.261061996222,2.95785474777222,376.72704192996,936.913093596697,7.39869871735573,2658.26805834472,690.736164346337,4614.88502976298,2230.40038719773,338.458892077208,200.850183397532,1165.56381085515,4.94239696860313,1538.93601879478,171.07321831584
25.5596379935741,60.4164192080498,15.6628544032574,473.030006289482,7.4124650657177,32.7926317751408,723.849243313074,140.788217008114,2154.07665252686,155.185508161783,253.410898268223,57.9174799919128,647.397641956806,303.955456703901,118.445762038231,319.051592707634,9.80714210867882,13.9093267917633,14.1623280346394,112.734355390072,102.248770773411,137.497353374958,55.0850514173508,4158.35705927014,130.211132794619,59.586461186409,438.647948801517,1760.31700828671,298.417519152164,229.480558365583,3.02107304334641,0,23.0569705963135,159.627680540085,198.848327368498,632.264974713326,60.0925322771072,143.48595559597,43.8528552353382,189.289840072393,26.1781784594059,79.6918415427208,556.323845893145,217.323260784149,138.768020898104,35.0377950072289,1476.06123864651,36.5989444553852,605.874815911055,37.6580931246281,4465.63571789861,13.7936622798443,2073.37510749698,607.834120392799,137.403053104877,1688.33775317669,333.413161754608,0,339.948586285114,147.975298672915,915.419168680906,1297.22315701842,289.480176180601,2248.76081967354,37.3372921943665,11.7440568506718,13.5929495096207,37.4038092494011,719.33916413784,24.1676878035069,6779.21758523583,22.5838831663132,34424.4403732419,1756.91476672888,137.677493706346,5874.86253285408,4750.40696614981,494.367621362209,7.70003339648247,60.1439772546291,67.8025135993958,8.33598220348358,86.6192543506622,86.1234112381935
2.23144292831421,0,0,513.475821971893,23.3630784451962,5.43224066495895,411.26312148571,40.4802911877632,325.965748339891,248.787227928638,0.909993022680283,253.064021617174,0,17.2020184695721,192.731029808521,4.76290285587311,0,0,0,155.032455950975,7.90125185251236,3.01401373744011,9.66032463312149,1153.69093590975,0,0,0.299288332462311,744.077669709921,14.8545244336128,23.5748480558395,0,1.40760797262192,1.21756720542908,90.4157936573029,37.1626243889332,181.275187045336,3.18359738588333,49.601194858551,9.9681313931942,756.828553676605,14.4594855308533,31.2685223817825,6564.92928534746,85.859011143446,1777.53687041998,616.592760592699,3956.31945735216,371.696331709623,208.110811114311,18.0672896504402,1.65739506483078,76.8907137960196,5389.93734928966,40.0941879153252,35012.5894322544,9740.88622134924,14789.5648577809,339.948586285114,0,1034.11971022189,15331.701988101,13.6211837232113,7597.90352776647,356.658826828003,11.000906765461,102.795036017895,773.214901357889,1479.61512704194,5407.41547687352,45.3735114037991,1.97737380862236,81.2933968305588,459.705440998077,1.29301258921623,1604.6759134829,253.094649344683,9686.46896964312,1512.63882541656,26.3424899429083,26.3803409636021,327.611608058214,3.57907453179359,1771.05813547969,1000.74591422081
0,183.261264503002,3.92436429858208,10.3389332890511,0,0,2.24220052361488,4.95895457267761,28.7621026933193,2.11337947845459,933.93911370635,29.1587887108326,3504.36177304387,5.93510556221008,5.60048639774323,6.10181823372841,0.466609746217728,25.6721345484257,0,0.911781549453735,0.435926347970963,49.2303233146667,13.4701901078224,40.3691929280758,219.527450084686,686.56460621953,300.184948861599,3.30366894602776,3.19308882951736,0.667723417282104,76.1278610825539,1.34364688396454,0,32.4507723748684,5.72048008441925,9.11012786626816,116.927354753017,40.3875515162945,7.73523461818695,28.5904496610165,2.29551047086716,81.7520994842052,983.424086004496,1808.33691090345,3383.96956323087,617.500488817692,112.067825585604,46.9277262091637,4355.28595143557,53.9859604239464,74.4827753603458,75.92967492342,124.449716299772,3.4655259847641,207.69961592555,656.005262166262,2361.43329241872,147.975298672915,1034.11971022189,0,750.010407984257,8724.97117322683,5618.17714834213,24.1774478554726,40.6913623809814,265.728163272142,10260.0400314331,1521.82087466121,309.685094773769,333.70366948843,48.9136039614677,361.27916303277,126.528603106737,113.872837901115,6546.80818775296,399.633520826697,378.951633960009,9616.59558168054,561.344720363617,1964.38370445371,2669.7261787951,20.8468066751957,13153.9951440096,57.3890598714352
0.443764060735703,87.2200483679771,0,676.938542306423,9.90494352579117,25.3555068671703,92.5141572058201,47.460264891386,460.819052457809,168.307921350002,6.24093177914619,1793.63054698706,15.6730220913887,12.3415700495243,110.691535741091,4.59060508012772,0,1.08166599273682,0.91283130645752,438.772807180882,7.02905765175819,113.292083323002,7.44994390010834,878.342878699303,29.6535995900631,4.39818626642227,169.195204377174,297.988760232925,9.4788311123848,12.9865167737007,0.896998286247253,7.00635707378387,0.42339500784874,85.7842451632023,2077.3201456368,95.7040215134621,4.52049267292023,31.7909228801727,13.0956108272076,319.217089742422,7.86265420913696,27.9407958388329,2475.34037733078,59.3459250628948,758.903807073832,708.339974313974,3700.56027561426,108.572455525398,209.507251501083,2.03284895420074,3.46214556694031,43.2198598235846,8236.43748164177,494.547841131687,8574.33935567737,377.717243909836,3628.56588380039,915.419168680906,15331.701988101,750.010407984257,0,16.8821915984154,1912.14724940062,8228.1210719347,9.82753291726112,65.5700210034847,632.775499135256,1053.56430780888,23282.2694832981,25.1138651072979,7.06256133317947,41.3879497051239,968.186666697264,4.40118280053139,1277.96389174461,209.481666833162,600.207427769899,522.834696829319,14.715252161026,34.2954328656197,127.303369909525,0.654766529798508,853.148172110319,2250.75806769729
0,1177.35361456871,1.71974939107895,0,0,1.84818530082703,1.72908818721771,34.7140515744686,106.136851847172,1.00387239456177,6324.63281178474,2.40505194664001,22931.3725813627,36.4197499752045,0.433113187551498,5.69382733106613,0,84.1428149938583,3.54848435521126,0,0.898195922374725,285.052046984434,0,38.9272729754448,3457.90233811736,2762.3999683857,1784.68039289117,3.11854434013367,36.0074547529221,0.692010045051575,484.149176836014,7.60993242263794,0,166.9479996562,1.64089399576187,25.3772708773613,741.925009459257,153.282526552677,26.7020092010498,2.07969889044762,1.31965851783752,1086.14265197515,256.807964116335,2361.46670594811,1090.22225046158,144.728450208902,11.2651582956314,10.5110170245171,8166.58671721816,0,782.726694583893,1.16210508346558,1.72937989234924,1.78077834844589,7.4271055161953,8.62090700864792,140.102776557207,1297.22315701842,13.6211837232113,8724.97117322683,16.8821915984154,0,233.156432807446,18.884805649519,8.18947044014931,1.68122279644012,28.6048133969307,5.34104031324387,4.33078929781914,0,464.284617006779,7.14974841475487,539.047611027956,8964.38164430857,584.055254995823,2869.25279018283,12.3983329236507,392.345244735479,0.470787286758423,1142.06729260087,199.029053300619,0.83617490530014,860.911645770073,19.2727599740028
4.38495793938637,8.0590552687645,16.4978931546211,70.663574308157,1.09753006696701,0.598492681980133,188.903480917215,42.0928291380405,123.345357775688,16.5728141665459,7.20778021216393,57.2455597817898,27.451505035162,18.1195032596588,34.6950654983521,20.9933935105801,1.54434740543365,3.98077839612961,0,13.1915895342827,8.36159363389015,3.27208340167999,10.8973278701305,566.295095026493,4.45790159702301,24.2118338346481,160.975161343813,230.497142195702,19.5947789847851,49.4280927181244,5.86280286312103,6.05343329906464,0.937581717967987,86.107027888298,7.83991545438766,147.458579570055,9.32004997134209,97.3306534588337,34.8262639939785,249.04272043705,16.9994992315769,64.3566778898239,2063.06796608865,223.380926966667,1478.56719078124,1029.78314602375,1024.9072996974,358.245187342167,361.64092206955,9916.93737605214,4.61671420931816,1418.0747512579,759.824935406446,10.4229634404182,721.324908614159,59340.2524917275,14923.2690270543,289.480176180601,7597.90352776647,5618.17714834213,1912.14724940062,233.156432807446,0,76.2716220021248,20.2293991148472,636.087992429733,2985.51886710525,2053.46039408445,1077.27896469831,895.164361804724,5.38126540184021,590.671477615833,1924.70351746678,7.55809733271599,4029.31653369963,1423.08404016495,4441.17765432596,14574.409419015,1823.83513563871,319.924968332052,214.285376220942,52.45441660285,4085.35664860904,86.3428194820881
1.02998980879784,1.19123995304108,1.67085629701614,642.601822167635,34.5587499141693,33.6064517199993,126.125615298748,90.6165002584457,506.960604161024,261.189817965031,4.29737558960915,194.932084798813,1.4039905667305,25.9454464614391,310.807484358549,14.4727801680565,1.38625860214233,0,0,195.490422070026,22.4370490312576,4.06308448314667,28.0261826515198,653.763495862484,0,0.673739731311798,17.8671826422215,818.183288365602,15.5527209341526,20.7594109475613,0,2.57027530670166,1.31417125463486,24.6679784953594,983.326732575893,136.975933760405,4.39391434192657,17.5581701993942,19.8443215489388,737.62703999877,5.4776776432991,3.99861258268356,209.797684550285,20.0767060518265,36.9439969360828,49.8611162602901,3792.05874347687,8.54504549503326,14.760372787714,0.820306420326233,96.5055516660213,5.74403557181358,1188.01704508066,3888.18489161134,3280.9377438128,415.591208726168,486.038249403238,2248.76081967354,356.658826828003,24.1774478554726,8228.1210719347,18.884805649519,76.2716220021248,0,106.327139258385,2.96260929107666,16.1629539728165,19.889524012804,1216.36101675034,204.671148329973,55.3662184476852,126.626367419958,2685.64768972993,21.4866108894348,24.5369838178158,181.329628884792,1387.16950577497,77.46565502882,16.2140881419182,0.813089042901993,51.8740595877171,2.50881624221802,34.7099015116692,1344.43877777457
21.8771830797195,41.9792600274086,125.57900673151,25.9121010601521,2.66567313671112,6.01859238743782,84.7869088947773,88.064206212759,1786.91733402014,25.5695459246635,3.32728245854378,15.3542655706406,3.53564113378525,91.5332372784615,42.7945921123028,12135.3547247052,84.6824926435947,1.48870187997818,5.67359900474548,17.4240415096283,3442.12826541066,3794.48713648319,8312.74671912193,2406.67358213663,3.14159601926804,27.2247056663036,3615.36791822314,1512.23744207621,128.477973520756,522.764997720718,0,2.38566565513611,15.5833534598351,317.153652608395,562.285037875175,1836.88032877445,208.885449528694,460.816663384438,349.553067058325,226.195435315371,24.8970721065998,12.1238858997822,16180.8234907985,810.450229823589,2385.57378432155,3418.21440717578,274.045353829861,82.0169788897038,270.841342151165,4.42381498217583,143.545749813318,263.269584536552,0,21.2416244149208,3.3266778588295,104.362938255072,20.4746772348881,37.3372921943665,11.000906765461,40.6913623809814,9.82753291726112,8.18947044014931,20.2293991148472,106.327139258385,0,161.595669478178,14.13497620821,173.159861862659,5.84377771615982,10022.4061896801,9870.73181715608,11171.246778965,11123.3117658496,19.469150364399,303.007210224867,10914.398421675,9977.06315651536,103.319159820676,209.24139559269,1.77336990833282,20.3689178526402,8.52913746237755,599.338020160794,2589.82712227106
0,172.184598177671,727.33315551281,0.745265871286392,0,0,0.478139072656631,0,8.69098079204559,0,0,1.18214294314384,4.59660756587982,1.03658771514893,0,48.4464994072914,185.97532248497,6.33634412288666,37.7792292833328,0,9.1316314637661,121.765848010778,277.763671219349,10.3626648783684,5.46249461174011,404.688407808542,6933.2179582119,5.28577184677124,4.86688303947449,7.73154672980309,0.689406454563141,0,0,38.9491732418537,40.726295799017,156.613167494535,80.4546855688095,98.3648466169834,47.2237036526203,3.24085649847984,0.439760953187943,0,3196.04409554601,2663.57211238146,1458.36220262945,1558.28899635375,42.7822950184345,5.51428413391113,12.3057214915752,233.10411837697,32.8527489900589,25363.2103627026,16.1311526894569,0,12.0571287572384,7017.7067451179,214.620687782764,11.7440568506718,102.795036017895,265.728163272142,65.5700210034847,1.68122279644012,636.087992429733,2.96260929107666,161.595669478178,0,172.768170833588,9383.81140491366,43.4651669561863,2377.70865868032,46.9505947828293,13386.9597356319,118.791244477034,4.1301461160183,11781.6071664095,29025.3249001205,1418.43940806389,447.467912316322,6967.25004971027,0,3.33305951952934,38.7133742570877,4844.41690197587,187.056428283453
0,1.0842821598053,2.16254901885986,4.99412798881531,0,0,0,0,6.92659083008766,1.51313033699989,7.81547874212265,13.9806445837021,44.0242744982243,0.679570436477661,0,0.482261180877686,0,3.48142647743225,0,0,0,2.1855860054493,0.473999530076981,4.93603146076202,1.30300736427307,59.6582206487656,78.3279967904091,0.642102420330048,0,0,6.74148464202881,1.36081314086914,0,5.85877138376236,38.6545848846436,3.06125292181969,0,0.852343082427979,3.88597989082336,10.2688685357571,0,5.16169396042824,1786.21155953407,399.288981765509,4387.73807743192,1200.32809454203,114.479352891445,34.8452558815479,53.3969668745995,21.5458782911301,0,97.9879615902901,76.6802690923214,0.538420975208282,147.910077244043,445.193252593279,1730.3020567596,13.5929495096207,773.214901357889,10260.0400314331,632.775499135256,28.6048133969307,2985.51886710525,16.1629539728165,14.13497620821,172.768170833588,0,10289.4942061007,239.360390812159,97.79377835989,0.476240396499634,126.641953349113,63.1535514891148,3.08689671754837,5110.3678060472,220.737093895674,211.916201919317,2832.82151705027,196.693660378456,76.605549454689,438.463413894176,4.69245028495789,2299.74768048525,153.830911397934
0,29.5318202674389,110.674903780222,10.8171925842762,0,0,0.51422905921936,0,32.9038163721561,8.76028475165367,7.24393010139465,30.6795991063118,49.2194492518902,1.04554677009583,1.8718449473381,15.4749787151814,18.9168112874031,21.0818223357201,12.6185455918312,0,3.09097239375114,20.5616009533405,46.361701965332,16.4282062649727,11.9226951301098,312.195773124695,1580.83354786038,1.04959237575531,0,0.543862164020538,3.6618247628212,0,0,16.2679175436497,77.7517458796501,22.5299808979034,34.1686921417713,19.5532601177692,13.175197660923,23.1218432486057,0.603813767433167,1.72445982694626,4866.87537610531,2094.92295569181,5720.48470403254,2138.23542630672,162.702368706465,30.3765159249306,25.4342887103558,287.922912091017,9.56388714909554,2394.72047406435,200.446022689342,2.0562105178833,206.032025232911,2798.80444425344,1162.43122462928,37.4038092494011,1479.61512704194,1521.82087466121,1053.56430780888,5.34104031324387,2053.46039408445,19.889524012804,173.159861862659,9383.81140491366,10289.4942061007,0,465.427842378616,1882.02712383866,11.3761175572872,2829.75885666907,255.453503638506,10.0662023127079,11119.6242343634,4623.40281498432,985.572597265244,1703.25974304974,4076.54932431877,7.77886599302292,48.230417907238,90.0626655519009,5761.46699340641,334.124945729971
2.66889277100563,0,0,797.972093433142,28.9818387925625,23.4918000400066,522.732683181763,76.6377104222775,541.528512775898,256.25992462039,0,345.810005366802,0,24.1299750506878,251.848476618528,6.7624631524086,0,0.374012857675552,0,255.154501140118,2.17507785558701,0.660017549991608,2.92209416627884,1348.41508772969,0.454780131578445,0,4.3538478910923,1277.57641434669,13.4341771602631,29.136423677206,0,2.07560563087463,0.411321401596069,84.137866050005,13.7940941154957,268.255642235279,2.10608199238777,39.0966290235519,12.7466046512127,904.828455537558,14.8092910647392,12.2055226564407,2692.45746052265,40.5134350657463,586.666496425867,253.095536381006,1954.17418819666,126.036846995354,85.5835849642754,2.2973467707634,1.59911197423935,29.7801139354706,23334.470018059,117.936076819897,1656.98391985893,262.626141011715,1842.15075480938,719.33916413784,5407.41547687352,309.685094773769,23282.2694832981,4.33078929781914,1077.27896469831,1216.36101675034,5.84377771615982,43.4651669561863,239.360390812159,465.427842378616,0,19.5696259737015,2.29767906665802,20.7272919118404,3048.12876072526,0,550.707635909319,115.199832856655,543.291590034962,368.738174289465,7.25408355891705,6.77499902248383,122.267916351557,1.1651057600975,511.265293940902,207.8857627213
6.58802509307861,16.4039102196693,81.5270554125309,3.1468251645565,0.479991018772125,0.958586812019348,40.6926597356796,32.3813386559486,78.5325959920883,4.71399930119514,0.43686905503273,2.47365134954453,0.369814306497574,33.1589640378952,31.1258013248444,754.304043263197,18.9438717961311,0,1.79746437072754,3.87847322225571,417.076638221741,107.42933255434,501.690993994474,384.373127549887,1.99013262987137,22.9516115486622,841.206982523203,401.466066360474,56.9841666221619,130.432903051376,0,0,11.9537023603916,101.314234524965,535.034343540668,259.418905824423,33.5913470387459,67.2247239053249,88.1075736880302,70.8526737689972,9.91175374388695,4.25999817252159,10619.8587704003,586.321517676115,8797.05956533551,6016.51955586672,592.329863190651,109.043781489134,186.257914185524,217.846741110086,9.23256343603134,7129.8289707154,9.73666512966156,39.6392861008644,3.70563903450966,9331.0454750061,436.261061996222,24.1676878035069,45.3735114037991,333.70366948843,25.1138651072979,0,895.164361804724,204.671148329973,10022.4061896801,2377.70865868032,97.79377835989,1882.02712383866,19.5696259737015,0,97.2466317117214,47933.1739690602,1511.31516072154,1.94250521063805,1957.21694730222,4275.12898360193,20633.1282494962,1509.75625342131,14923.6039096415,0.472592443227768,9.85630750656128,286.376572579145,16338.7838451117,3408.53814277053
1.07576739788055,154.606211304665,52.1842786073685,1.96008414030075,0,0,17.6664634048939,3.29769665002823,968.480377674103,0,90.4626847505569,0,180.041083902121,8.49949592351913,1.86716121435165,2534.05098089576,26.7432484328747,0,2.97407472133636,0,353.057567298412,2841.31143087149,1222.61990538239,693.954262554646,49.4207760095596,41.7486066818237,5936.76280638576,263.887647122145,17.4916323125362,40.3206037282944,2.38220256567001,1.17783546447754,1.73848187923431,47.7993491888046,62.2630007565022,341.88468080759,64.0760824978352,96.0789729356766,62.1750591397285,10.1925520300865,2.24496746063232,24.4351478219032,711.12515899539,141.724774062634,115.361403375864,189.527070432901,31.2674883306026,0,186.383466988802,0.366012722253799,3255.0767813623,79.0228887498379,1.0759516954422,12.9529527425766,0,32.8601725697517,2.95785474777222,6779.21758523583,1.97737380862236,48.9136039614677,7.06256133317947,464.284617006779,5.38126540184021,55.3662184476852,9870.73181715608,46.9505947828293,0.476240396499634,11.3761175572872,2.29767906665802,97.2466317117214,0,734.905624330044,24925.8925944567,702.329226911068,47.3236168622971,10510.9339876175,522.628696411848,13.2557497322559,7.33136719465256,25.6301710009575,0,0.918548166751862,39.3182690143585,91.5956900119781
3.86438912153244,99.0843677818775,747.943688303232,8.54293102025986,2.33419653773308,0.421356081962585,78.0455942749977,32.3203113675117,264.588297426701,14.3263143897057,0.432589530944824,7.16764414310455,3.02445560693741,18.062145113945,39.1916855573654,6053.35831323266,228.44018638134,0.538838565349579,19.1176417469978,9.59947171807289,1210.50981616974,1576.09438538551,9530.68973791599,707.11313611269,4.1180077791214,102.951505601406,12314.9519782066,612.765715032816,21.7776925265789,179.775009483099,0,0.618746876716614,5.71460503339767,570.1688734442,1246.18747913837,1521.27826094627,302.174555420876,611.721003264189,474.307883173227,100.540905982256,18.4186291694641,21.3399106860161,33232.7338308394,5561.31119135022,12961.8380589634,17934.0568691194,629.748394608498,132.854357212782,500.572332710028,137.411449342966,27.8525089323521,42956.2792855501,12.0395625531673,41.5160245299339,11.8234543204308,12918.7836916149,376.72704192996,22.5838831663132,81.2933968305588,361.27916303277,41.3879497051239,7.14974841475487,590.671477615833,126.626367419958,11171.246778965,13386.9597356319,126.641953349113,2829.75885666907,20.7272919118404,47933.1739690602,734.905624330044,0,1040.85526421666,1.51279962062836,4097.11010822654,62392.9484176636,19011.4722241014,558.469773501158,4502.93056553602,7.80248376727104,19.2148785889149,49.3888663649559,9399.97880062461,5158.56917440891
157.773750215769,210.083465903997,78.0415312349796,1618.74099010229,50.7797355353832,144.035180807114,5847.86545428634,1599.7898696959,7944.35419398546,839.656152874231,116.708837866783,234.8804679811,160.23553276062,2153.42518639565,720.030886530876,5365.21543240547,46.0376391112804,2.6704988181591,10.3847864866257,571.277105093002,2864.92801696062,1507.1475430727,1917.15777173638,24365.3657233715,88.0440669059753,22.047389626503,1639.99438652396,12756.1973229945,2212.08317416906,2231.51636433601,3.76833415031433,7.98397833108902,212.450658202171,1600.72305262089,876.971235752106,7010.62629011273,135.123466551304,1423.49836319685,405.226808100939,2602.68678334355,250.159619182348,35.8681351542473,9516.31262806058,317.938209235668,1477.51621744037,623.570701628923,2575.83403143287,214.786614686251,406.225715130568,464.342715114355,5147.80171197653,123.575420111418,7702.31570377946,497.883877366781,120.605094492435,7833.50181981921,936.913093596697,34424.4403732419,459.705440998077,126.528603106737,968.186666697264,539.047611027956,1924.70351746678,2685.64768972993,11123.3117658496,118.791244477034,63.1535514891148,255.453503638506,3048.12876072526,1511.31516072154,24925.8925944567,1040.85526421666,0,1059.47103437781,423.644655704498,14864.9753593355,19950.4790693521,5589.4965056181,210.067942023277,22.6483925282955,75.1020499169827,160.400539338589,995.808216661215,1896.45267277956
0,394.27824690938,14.1284119784832,0,0,0,0.702266275882721,5.21517667174339,23.1043441593647,0,626.548991113901,0.409238189458847,2201.05533245206,6.93891209363937,0,3.07381522655487,2.09633523225784,3.15503478050232,7.22285676002502,0,0,81.7653748691082,1.20325177907944,12.2998252213001,1156.83492672443,358.083819299936,1807.99535602331,0,4.94361397624016,0,48.9282979667187,0.987284958362579,0,31.6414563059807,0,9.30553895235062,111.955050289631,18.0470331907272,3.78052538633347,0.542848289012909,0,241.093772292137,84.6128650307655,125.912888467312,77.6058608293533,20.1438545882702,9.26456582546234,0.580133616924286,769.100394427776,0,1014.99745291471,2.69599342346191,1.33681106567383,0.779345154762268,1.58010286092758,7.07697504758835,7.39869871735573,1756.91476672888,1.29301258921623,113.872837901115,4.40118280053139,8964.38164430857,7.55809733271599,21.4866108894348,19.469150364399,4.1301461160183,3.08689671754837,10.0662023127079,0,1.94250521063805,702.329226911068,1.51279962062836,1059.47103437781,0,409.017503648996,19325.0950203836,24.8111009001732,3.9264143705368,1.34679740667343,172.35569190979,0.703153073787689,0,7.47646683454514,0
1.05164250731468,529.505442798138,1060.32313001156,13.547918856144,0,4.49828839302063,2.4770630300045,17.517394810915,99.2788548469543,3.00339612364769,1597.00534084439,35.9368135035038,9764.59141251445,28.1496785879135,9.85939437150955,57.829167932272,239.692931741476,447.151722759008,235.343278944492,0,18.2144943773746,190.583504706621,104.626431375742,52.3588283360004,723.974474400282,13654.4666419923,29256.9725219607,7.12306529283524,35.2323597967625,4.95320037007332,1074.63374340534,3.40532469749451,1.57830488681793,118.517462402582,314.756351739168,378.781069427729,944.167902678251,575.774327367544,221.228994607925,30.575972288847,2.57603257894516,60.9697193205357,22213.6934201121,14957.1547974646,14249.8371394575,8611.70843747258,284.515984922647,148.477699697018,364.484683692455,316.387436792254,122.160311341286,37863.2533971369,198.357976436615,3.24089601635933,284.394127935171,4041.26941661537,2658.26805834472,137.677493706346,1604.6759134829,6546.80818775296,1277.96389174461,584.055254995823,4029.31653369963,24.5369838178158,303.007210224867,11781.6071664095,5110.3678060472,11119.6242343634,550.707635909319,1957.21694730222,47.3236168622971,4097.11010822654,423.644655704498,409.017503648996,0,31754.1637141705,1308.27818003297,3869.05742360651,3021.24892175198,366.303610503674,692.825930982828,90.1894161105156,3715.04465679824,1369.32917284966
19.7941653132439,9030.55886897445,8367.86186155677,3.07326048612595,0,2.00521445274353,73.6553328931332,48.7286493778229,609.118699491024,4.09751433134079,1773.14829841256,6.55653661489487,14137.344317168,99.004518955946,20.7506558597088,5391.10652497411,2409.23529842496,503.372730731964,772.803934156895,3.83352461457253,893.472143679857,7853.64853775501,12580.3658111989,949.470071494579,2965.9156858623,21363.8415560424,190079.945439368,734.46308645606,93.2692007124424,244.922996252775,1527.04865154624,3.98119205236435,10.8969751298428,1025.15524613857,722.291757434607,4211.3424448967,3167.3827367425,2792.50283104181,1410.9992158711,60.1766141653061,11.4382955729961,71.3723140358925,46532.182148695,11302.060064435,13308.4629701078,13147.1600500643,412.827865213156,113.62981775403,415.224092721939,404.629664957523,18110.8062048852,41213.5533768535,32.5865931659937,33.3305331468582,49.460863173008,6321.47893372178,690.736164346337,5874.86253285408,253.094649344683,399.633520826697,209.481666833162,2869.25279018283,1423.08404016495,181.329628884792,10914.398421675,29025.3249001205,220.737093895674,4623.40281498432,115.199832856655,4275.12898360193,10510.9339876175,62392.9484176636,14864.9753593355,19325.0950203836,31754.1637141705,0,7458.57231974602,1043.72399885952,3978.69764749706,301.600949913263,38.3153311014175,73.5577199757099,4263.25708600879,2899.86398178339
100.145547956228,24.5145970582962,82.0502986907959,1657.1283351779,51.117722183466,151.477604717016,4138.15003708005,1070.86698830128,2405.26964488626,723.000863999128,8.54034829139709,223.56883764267,3.04090774059296,1403.81792339683,650.940883308649,2013.14017051458,37.4858005344868,0.472457379102707,1.25225383043289,620.347609490156,1437.25740170479,306.665679097176,1084.04776525497,12119.6374821663,1.08743196725845,9.77977707982063,735.661627441645,8547.11381059885,1624.71052885056,1559.18087434769,0,6.3748185634613,155.763494640589,1430.49687221646,875.450850486755,4944.38388952613,94.5782238841057,1017.6699539125,316.480364710093,3052.60738584399,199.620604991913,27.5079024732113,18828.0508655012,597.871353209019,5006.40394367278,2306.34668889642,3652.41305890679,583.707970321178,548.086202532053,958.863086611032,144.788130879402,4175.70581617951,5472.67994949222,207.99429884553,1448.92296540737,93346.1866520643,4614.88502976298,4750.40696614981,9686.46896964312,378.951633960009,600.207427769899,12.3983329236507,4441.17765432596,1387.16950577497,9977.06315651536,1418.43940806389,211.916201919317,985.572597265244,543.291590034962,20633.1282494962,522.628696411848,19011.4722241014,19950.4790693521,24.8111009001732,1308.27818003297,7458.57231974602,0,12746.7956896722,19838.5778806359,8.29801589250565,219.67855489254,1010.92016524076,5036.9515145123,4963.66768202186
6.23458436131477,1.75639629364014,12.1577684283257,25.1886972784996,0.469700157642365,8.36878728866577,310.566027760506,44.2288666069508,161.632082313299,9.85963341593742,0.82629668712616,23.9314981997013,22.1865865886211,41.2830654680729,29.8069621324539,54.2917854785919,1.21461695432663,0,0,5.52777981758118,34.981558829546,10.3779001832008,31.0877374410629,911.538151174784,5.50761634111404,17.8374242782593,115.626951545477,481.482735842466,69.4986273944378,95.6306844651699,1.07766318321228,3.15151107311249,7.26602339744568,81.5823449790478,58.9295130074024,298.152896672487,10.5211331546307,76.3731642663479,20.2768285572529,148.984033226967,13.9706760644913,21.0109514892101,711.640944123268,143.592008888721,2884.929358989,815.7267986238,409.584377259016,252.040032327175,172.709156423807,6036.13339316845,12.4659010469913,480.62283180654,286.348928958178,9.92696756124496,210.917004227638,5774.05321601033,2230.40038719773,494.367621362209,1512.63882541656,9616.59558168054,522.834696829319,392.345244735479,14574.409419015,77.46565502882,103.319159820676,447.467912316322,2832.82151705027,1703.25974304974,368.738174289465,1509.75625342131,13.2557497322559,558.469773501158,5589.4965056181,3.9264143705368,3869.05742360651,1043.72399885952,12746.7956896722,0,9002.78704160452,486.945823758841,238.502149969339,3859.83396331966,17386.4316227734,344.078920543194
0,5.46228116750717,85.1516627669334,0,0,0,1.03507304191589,0.976467460393906,5.67552733421326,0,0,0.285755902528763,1.70239996910095,0,1.81144464015961,16.8144531548023,18.4722720086575,0,3.10017046332359,0,2.77122110128403,15.2219799757004,31.1336207985878,5.06837168335915,0,26.1138662397861,732.734408557415,4.19142025709152,0,0,0,0,0.393654018640518,3.10348170995712,31.7060500383377,5.26664042472839,5.98836225271225,10.1595838069916,6.49774569272995,1.87223494052887,0,0.462312668561935,542.372662484646,467.864251762629,2656.96334148943,968.195255041122,60.356969833374,8.33043938875198,30.5843545794487,1452.00493744016,6.01835197210312,2725.18408206105,4.80061566829681,2.61119115352631,5.34743809700012,19383.0757318139,338.458892077208,7.70003339648247,26.3424899429083,561.344720363617,14.715252161026,0.470787286758423,1823.83513563871,16.2140881419182,209.24139559269,6967.25004971027,196.693660378456,4076.54932431877,7.25408355891705,14923.6039096415,7.33136719465256,4502.93056553602,210.067942023277,1.34679740667343,3021.24892175198,3978.69764749706,19838.5778806359,9002.78704160452,0,1.78732055425644,1.54951548576355,1342.41198331118,10917.9197237194,136.627110779285
0,149.314969390631,0.642967104911804,0,0,0,0,2.78595042228699,15.5225893259048,0,1152.10895648599,1.69486179947853,5225.86012020707,6.6700091958046,0.51561564207077,0.836717844009399,0,56.4526969194412,3.3716402053833,0,0,57.306604385376,0.45744326710701,7.00283116102219,252.688249886036,1230.48169440031,500.315441340208,0,8.79734361171722,0,157.319690912962,4.04079753160477,0,18.6662598252296,5.42499846220016,8.11581385135651,84.9681025743484,33.5624761879444,12.747034907341,1.77584594488144,1.56224346160889,48.4596742391586,369.119229733944,572.377168893814,708.493484079838,333.280910670757,16.4600132107735,25.8974943161011,245.199968874454,0,28.2456629276276,0,2.0651732981205,0,14.8331931829453,12.8678640723228,200.850183397532,60.1439772546291,26.3803409636021,1964.38370445371,34.2954328656197,1142.06729260087,319.924968332052,0.813089042901993,1.77336990833282,0,76.605549454689,7.77886599302292,6.77499902248383,0.472592443227768,25.6301710009575,7.80248376727104,22.6483925282955,172.35569190979,366.303610503674,301.600949913263,8.29801589250565,486.945823758841,1.78732055425644,0,151.050038337708,0,439.072607278824,22.1691719889641
0,0,0,7.50165057182312,0,6.39169067144394,3.06732445955276,38.4528296887875,2.73819103837013,1.14565110206604,5.78370881080627,5.83640351891518,11.1613059043884,16.7586887776852,4.89985862374306,7.8444806933403,0,2.87621510028839,0,0.654664397239685,14.2863458991051,0,6.72461906075478,36.6611674129963,1.41778063774109,2.50252419710159,4.51988333463669,13.8366478681564,16.0997787714005,1.28056615591049,0,8.01845979690552,1.31534349918365,61.4388397932053,11.0342578291893,14.188885807991,15.4081561565399,97.7511065006256,31.126455783844,37.5179617106915,23.9301184415817,81.1138346791267,985.249156683683,124.820387125015,545.80857399106,827.594859778881,933.51191136241,9543.51035940647,575.968324840069,3.23616456985474,1.23956346511841,6.80096703767776,111.183504104614,201.70997568965,918.392825633287,232.574584245682,1165.56381085515,67.8025135993958,327.611608058214,2669.7261787951,127.303369909525,199.029053300619,214.285376220942,51.8740595877171,20.3689178526402,3.33305951952934,438.463413894176,48.230417907238,122.267916351557,9.85630750656128,0,19.2148785889149,75.1020499169827,0.703153073787689,692.825930982828,38.3153311014175,219.67855489254,238.502149969339,1.54951548576355,151.050038337708,0,0,8352.98284062743,59.1643199920654
0,0.830479145050049,0,0.522833704948425,0,0,4.94932928681374,3.5823432803154,5.56491169333458,0,0,0,0,0.70790684223175,0,2.62419825792313,0,0,0,0,2.78895726799965,0.433628350496292,3.403161495924,18.2581470310688,0,0.336337864398956,13.9557174742222,13.1235731840134,0.422418713569641,0,0,0,0.369308948516846,1.43141955137253,3.47425812482834,5.98367232084274,0,0.417716979980469,1.16052848100662,2.57247650623322,0,0.514891147613525,14.8267042040825,9.53384202718735,248.278842180967,53.902013361454,17.0106708407402,7.34222674369812,6.87269002199173,5.53248879313469,0,37.7703753113747,1.26373100280762,0,0,75.773301243782,4.94239696860313,8.33598220348358,3.57907453179359,20.8468066751957,0.654766529798508,0.83617490530014,52.45441660285,2.50881624221802,8.52913746237755,38.7133742570877,4.69245028495789,90.0626655519009,1.1651057600975,286.376572579145,0.918548166751862,49.3888663649559,160.400539338589,0,90.1894161105156,73.5577199757099,1010.92016524076,3859.83396331966,1342.41198331118,0,0,0,1631.31253671646,17.4279569387436
2.11744412779808,25.8961569070816,88.3779933452606,64.4797744452953,0.50142627954483,8.13035386800766,167.839837223291,34.2858219444752,56.8959156870842,20.3038814663887,30.1352424025536,30.8023888766766,93.4880102276802,46.3911581635475,26.3181168437004,85.6211941540241,19.8947192132473,0,4.46466806530952,17.4786188304424,19.6983418464661,37.7048391997814,158.98836684227,372.410024821758,7.68191730976105,87.9826555252075,1019.81374004483,206.209071397781,40.7904111742973,49.6418051421642,3.26565670967102,0.817896902561188,1.58404016494751,74.7595340013504,33.8201297819614,181.708157420158,24.5026312768459,98.3996999263763,30.7502841353416,151.187700897455,21.9545498490334,43.7259770929813,1061.20360898972,631.800557821989,1231.52909834683,369.507888406515,165.458065509796,1032.31849819422,924.730961978436,575.781576454639,12.7031259834766,1435.13693042099,366.202193051577,312.429572463036,274.253547370434,3450.07874447107,1538.93601879478,86.6192543506622,1771.05813547969,13153.9951440096,853.148172110319,860.911645770073,4085.35664860904,34.7099015116692,599.338020160794,4844.41690197587,2299.74768048525,5761.46699340641,511.265293940902,16338.7838451117,39.3182690143585,9399.97880062461,995.808216661215,7.47646683454514,3715.04465679824,4263.25708600879,5036.9515145123,17386.4316227734,10917.9197237194,439.072607278824,8352.98284062743,1631.31253671646,0,97.1179676651955
10.3259681463242,9.30853164196014,374.451321303844,34.4604548215866,20.0412462353706,37.8241367936134,193.260759949684,81.673248231411,90.3217616677284,57.4734348356724,41.4466852545738,104.010861486197,8.30725333094597,85.1076152324677,579.279511332512,364.675859302282,53.7933838963509,124.434958159924,110.87002030015,26.5381767749786,631.9789262712,77.3707056641579,1818.63572964072,312.590068012476,4.25639939308167,480.391767531633,1606.36499744654,368.112921029329,46.1468779146671,285.625133186579,2.0558757185936,11.9384068250656,7.03218424320221,189.96887037158,211036.445212513,2000.06316396594,1481.01141378284,493.926220595837,3978.06225630641,226.173864275217,211.986728310585,10.8126409053802,9593.80025476217,2665.88087621331,886.846912056208,6874.07537874579,236.861852169037,362.050632327795,140.889229595661,12.4973550438881,1.84469956159592,449.986793428659,304.529090106487,90.2477421164513,2814.45936125517,1426.10645768046,171.07321831584,86.1234112381935,1000.74591422081,57.3890598714352,2250.75806769729,19.2727599740028,86.3428194820881,1344.43877777457,2589.82712227106,187.056428283453,153.830911397934,334.124945729971,207.8857627213,3408.53814277053,91.5956900119781,5158.56917440891,1896.45267277956,0,1369.32917284966,2899.86398178339,4963.66768202186,344.078920543194,136.627110779285,22.1691719889641,59.1643199920654,17.4279569387436,97.1179676651955,0
