"Predictor","Test_Statistic","p_value","functional_ve","semi_partial_r"
"Group",305.410225115402,0,0.00825802985952434,0.0512303689286952
"Rel_Motion",617.472790940693,0,0.126923192141306,0.0961773295639944
