"Predictor","Test_Statistic","p_value","functional_ve","semi_partial_r"
"Group",76.8658227959155,5.17210852501412e-187,0.0410602414183121,0.202633268291049
