"Predictor","Test_Statistic","p_value","functional_ve","semi_partial_r"
"Group",102.730543969629,1.677934444389e-25,0.00624469568073564,0.0287950013961975
"eTIV",45604.904990101,0,0.414657355357671,0.639720138974687
