"Predictor","Test_Statistic","p_value","functional_ve","semi_partial_r"
"Group",310.537344341229,0,0.0173547458319345,0.135811504846145
"age_at_5y_mri",337.907325006013,4.71940680172577e-111,0.00403772192660312,0.0776214403849196
