0,3.89986461400986,280.7312759161,5.62710997462273,1.38981223106384,5.58129665255547,4882.64013016224,439.27602443099,13.7367729246616,77.3407591879368,10.914263933897,0.502737522125244,9.48135316371918,11387.4440819919,2.57998335361481,5.73258623480797,476.920260131359,3.8644622862339,15.2579478919506,0.989188671112061,313.71383947134,2.23899912834167,1067.877835989,91.2705186605453,0.793128252029419,52.707751095295,75.7542333006859,120.985673367977,12151.3514025211,8921.59077772498,3.3856189250946,8.95789405703545,30.368605107069,107.587660133839,9.40560954809189,68.2666130661964,4.66795465350151,88.7437714636326,24.5606184899807,7.62583872675896,3.55084818601608,0,13.1313500106335,1.32685071229935,5.31807178258896,2.39130336046219,0.769958853721619,0,0,0.94159209728241,0,2.11852839589119,2.1390820145607,0,3.58045023679733,1.65262776613235,3.54920783638954,5.44860017299652,2.71355268359184,0,0.353866994380951,0,0.343366265296936,0,2.43392267823219,0,0,0,1.12398689985275,1.79254204034805,3.36060380935669,3.35607552528381,17.6401759982109,0,0,9.14421117305756,17.9311797618866,4.2116556763649,2.16369074583054,0,0,0,1.97628328204155,0
3.89986461400986,0,1537.63662171364,0.625600755214691,4.23897784948349,3.20543783903122,13.1857210993767,10.1010739803314,2577.8455298841,21.4042724967003,414.061543703079,8.17490139603615,1734.86618471146,21.9183006882668,43.7204978466034,2011.37203729153,2018.02115121484,153.209658026695,128.00731870532,0.9100042283535,218.497509151697,5418.67250704765,475.649410396814,4610.57746839523,2577.21959751844,1875.70071858168,30232.0603219569,373.875923752785,41.4526614248753,34.7543570995331,383.303147137165,4.49440324306488,4.65808492898941,370.862287014723,215.29137223959,2258.84548136592,397.85263299942,875.542333424091,689.638632804155,11.6212821602821,13.5098258852959,277.474340170622,544.436340928078,321.980412423611,161.085728615522,190.224873274565,7.92845731973648,3.21120929718018,210.241019368172,2.77685701847076,948.703998953104,287.724520623684,7.58924466371536,0.524918675422668,1.35742819309235,14.0132947266102,0.755885362625122,62.6032500863075,2.55139604210854,194.238433420658,0,384.66493421793,14.8949819207191,9.25544947385788,56.4644447565079,695.327440708876,20.6726523935795,303.443055540323,0,20.8945041298866,182.225328028202,170.628081858158,125.141961187124,118.612501353025,950.954055994749,4634.766235888,23.6948091983795,17.1594585180283,20.1055842339993,132.181886196136,0.626145362854004,1.16005635261536,41.6523414552212,176.283273369074
280.7312759161,1537.63662171364,0,0.829357653856277,10.7640974521637,8.96608260273933,1874.26742821932,760.531841546297,40.4020572304726,22.9730122089386,22.3310803174973,3.5160129070282,40.1737260222435,1932.97913911939,20.3390185534954,363.523587048054,7956.03596386313,38.7941639721394,222.547155827284,1.19428151845932,4252.79012322426,289.91957038641,62351.7783208489,455.543414801359,8.28312391042709,33235.8567929268,32349.9320419133,1696.94953072071,1189.9494343102,2220.37389588356,2.50367709994316,4.08786734938622,86.9405483603477,480.965406060219,346.097587823868,2089.47404387593,110.385437309742,1287.04431033134,1261.18778246641,17.9934055507183,14.0221694111824,6.55978155136108,2296.15329426527,200.942971408367,985.30816090107,1056.06756481528,29.0697726905346,10.5856007039547,0.726906478404999,3.2345113158226,626.243133038282,2778.13887199759,0,0.992572426795959,0,55.5245043039322,0.525885820388794,12.1828087866306,0,0,0,0,17.5375778377056,5.68438184261322,393.783628731966,2865.78028997779,56.9832274019718,319.965385496616,0.84375262260437,100.432539135218,511.670643687248,2295.68447190523,130.771650642157,2.93949103355408,1130.69038456678,12178.7106436789,91.5767336785793,21.5909706354141,121.067344635725,0,0,5.0529021024704,227.133405894041,351.888183504343
5.62710997462273,0.625600755214691,0.829357653856277,0,120.494053095579,258.33506116271,814.297543823719,347.926721900702,6843.55025565624,13876.0343078673,21.4792428612709,8519.0600720346,181.368662655354,207.061607807875,1182.143761307,2.07323634624481,12.6622180640697,14.5167011618614,21.1342699229717,40920.0243396461,4.83435901999474,1.0849791765213,8.49814718961716,4927.85564729571,0,24.4650197327137,4.82326340675354,5901.05940592289,446.406771928072,22.5804648697376,0.468552976846695,32.4956794977188,29.4699639379978,93.873759329319,68.8142355978489,837.842976570129,11.2110991179943,144.221304863691,35.323835849762,856.731602191925,63.2698434591293,10.3524211645126,73.2112570106983,0,17.1207487881184,7.76401725411415,182.022340536118,14.3601554334164,12.3445564806461,1.15738093852997,0,0,2242.91282126307,1.0884929895401,324.089807480574,129.705008417368,143.619655400515,2477.10192576051,2677.7656943202,4.01467680931091,1771.22520545125,0,56.1890454292297,18.18756249547,0,0,0,0,824.741826415062,0,0,1.62999904155731,1135.45053723454,0,0,0,1563.92609035969,12.122511357069,0.870319932699203,0,0.458917945623398,0,27.9753033816814,13.5489136576653
1.38981223106384,4.23897784948349,10.7640974521637,120.494053095579,0,1308.12291637063,107.012297004461,308.645584106445,273.28700709343,338.40222916007,14.4686538279057,760.935191035271,137.568733394146,20.2929801344872,2922.16980344057,142.639794170856,15.6246966719627,5.78879970312119,0,73.5734802186489,246.60257768631,15.957955956459,513.301800131798,352.402297258377,0,11.041615486145,59.3014653921127,258.381743758917,45.6843254566193,170.033893764019,1.32066893577576,985.101512432098,9.58797252178192,738.290335953236,933.564225554466,486.45063149929,62.2018309235573,32.2186661958694,124.320762336254,11768.7670812607,3898.64486700296,12.6242886781693,48.3802868723869,3.45585137605667,10.2846440672874,17.3418182134628,28.3571287989616,2.94976019859314,18.8406450748444,0,1.70419490337372,0.781383514404297,16.1202347874641,0,21.1712695360184,11.8013740777969,3.69760853052139,27.0844522714615,28.1242358982563,2.55457091331482,50.5691705942154,0,1.27288249135017,0,41.952207416296,0.958047091960907,0,0,7.67475533485413,3.07473081350327,6.70029520988464,19.9448096454144,39.8303545713425,0,3.23918145895004,16.8344059586525,36.9256226718426,2.24655258655548,2.71474212408066,0,0,0,10.7111119031906,1002.8540070653
5.58129665255547,3.20543783903122,8.96608260273933,258.33506116271,1308.12291637063,0,1818.43986299634,29183.5789219141,1344.86693739891,20964.5816012025,322.707321703434,19081.2283229232,1130.3767093122,584.946884602308,3566.50773596764,3.95880699157715,65.8666612505913,137.972159296274,144.532594025135,521.589510411024,24.5363698899746,4.95051383972168,39.4123302996159,321.877358525991,8.2486829161644,147.987104594707,61.9841502904892,221.392515361309,860.204625844955,59.8325886428356,49.0030544102192,617.988847285509,9.45927715301514,341.78769209981,2803.04501742125,2350.20919701457,59.301251500845,336.898686170578,87.2080160081387,8724.47500473261,1498.05187901855,139.086652219296,113.203585594893,1.51167488098145,46.4942093193531,22.0402195751667,190.809439182281,36.4512296020985,96.4489448368549,0,0.311410188674927,1.5596236884594,281.035853803158,1.79106122255325,247.450513124466,66.3658993244171,81.8723198473454,273.890034675598,594.805837988853,10.1330645382404,724.367704451084,3.40702497959137,52.3866142034531,18.121563911438,1.23585534095764,1.00738418102264,2.9492478966713,2.01472806930542,234.160127162933,0,2.76847434043884,0,181.980282664299,0.488042503595352,2.36389684677124,0.958898186683655,251.191131204367,16.7882341146469,2.21308732032776,1.24111568927765,0,2.51470708847046,51.6117499172688,245.620552361012
4882.64013016224,13.1857210993767,1874.26742821932,814.297543823719,107.012297004461,1818.43986299634,0,23934.9744433165,1326.14921909571,21068.4861880541,421.769173651934,187.945090472698,1762.89375880361,38608.3616210818,592.019305229187,71.6273152828217,686.412426114082,213.124592036009,388.461215406656,39.9596934914589,8005.26660454273,43.6127572655678,4709.26578003168,6845.18855407834,10.8834518790245,889.977162480354,460.729779213667,61368.8469885588,12330.4782833159,25904.8275372088,68.6711511909962,329.095171809196,1738.01337713003,2585.39667332172,1338.06110030413,11764.2393937111,220.11537617445,3844.49613982439,973.606006652117,1530.35867536068,806.117143183947,157.559268146753,3474.19109877944,33.6928149759769,795.144912362099,181.314508199692,1178.95490288734,471.464827120304,172.152598470449,30.2962402105331,6.38884401321411,8.0783631503582,617.92128148675,0.667904436588287,473.825568825006,1212.01477190852,1398.94015175104,738.607961237431,1758.93412458897,108.398401141167,306.558798760176,1.72064781188965,1213.6149867475,41.3739684224129,109.677062362432,19.6729674935341,0,4.15519398450851,255.025678396225,32.3675052523613,39.2334465682507,62.9437101781368,3163.12235715985,0,11.9896678924561,73.6647354364395,3806.65221425891,777.335495680571,116.814672827721,0,45.1252164840698,36.4025625884533,724.807706296444,474.289768010378
439.27602443099,10.1010739803314,760.531841546297,347.926721900702,308.645584106445,29183.5789219141,23934.9744433165,0,1058.29205450416,26307.1326134205,680.602743625641,5386.04049277306,1228.22790272534,38026.3485516608,685.685392946005,10.7841831445694,854.89630240202,257.233859866858,253.166466742754,558.996161192656,1003.19638103247,15.9397416710854,1793.96996334195,948.12986946106,20.8725571036339,494.371719568968,256.43018463254,1659.26025721431,7070.41089430451,4901.45830243826,99.2529489696026,2616.22917214036,83.252714663744,904.832062900066,220.118089139462,2397.48597460985,76.8055584728718,732.83202829957,142.459454327822,3445.8576476872,609.702980995178,206.870931535959,950.243091315031,7.37786364555359,239.006865650415,41.6931137442589,486.665309280157,167.453977763653,71.9088760614395,7.56287759542465,5.16390508413315,1.85836100578308,354.492492258549,0,317.83202713728,583.190720111132,481.459597975016,405.190008878708,1053.24256449938,18.1941620409489,278.597703456879,14.1822136044502,229.046675026417,10.7927933335304,11.4288012683392,1.33226370811462,0,0,180.048677772284,6.12635290622711,6.4953850209713,5.2771230340004,1577.05897581577,0,18.6539320647717,36.9128675460815,1830.87883031368,162.725714325905,10.0491995811462,3.11241310834885,0,10.2496586740017,192.267435699701,38.3254689872265
13.7367729246616,2577.8455298841,40.4020572304726,6843.55025565624,273.28700709343,1344.86693739891,1326.14921909571,1058.29205450416,0,5824.90096110106,185.329488605261,5276.10724624991,660.783257484436,358.760482639074,1610.89237686992,481.633304804564,135.782262265682,87.1230219900608,96.4260967075825,2038.39622405171,141.029641598463,11373.8729635775,264.032197773457,29995.7382229865,667.915047347546,340.327740430832,3985.22675445676,7114.27577659488,671.6467692554,83.2397992908955,105.609158009291,84.0814146995544,83.1632548570633,225.319038271904,123.168286144733,1336.10067081451,140.549104690552,334.280150711536,109.09010180831,1544.68527457118,105.863880336285,82.8227756619453,2346.31619748473,227.855782538652,403.32600030303,186.830831229687,435.346987068653,131.82460090518,105.964182823896,60.6633025705814,31.8453254103661,10.204020857811,1267.06775668263,8.73842838406563,285.230820924044,633.52434450388,436.950834572315,4550.01433995366,1090.1721907258,114.758613944054,1064.760155797,90.4588658809662,499.135248422623,34.1247636675835,1108.96581375599,82.9007051289082,78.4737734794617,26.7841784954071,376.279041707516,505.456387013197,1132.27527761459,230.522695094347,4052.29851555824,20.3131855726242,205.331915140152,204.078586220741,2572.48355334997,748.937616363168,554.730582326651,46.6255545914173,12.3872983157635,72.0652175545692,309.83846154809,436.86155295372
77.3407591879368,21.4042724967003,22.9730122089386,13876.0343078673,338.40222916007,20964.5816012025,21068.4861880541,26307.1326134205,5824.90096110106,0,1318.86395204067,9829.16101360321,3070.26835390925,6192.0961907804,1518.42654332519,22.1983503401279,539.246880710125,678.031679570675,1076.99790009856,8132.75075799227,60.7335269153118,8.26869782805443,173.119176447392,873.878819778562,28.6662105619907,888.692370414734,350.556840658188,5888.94399869442,7384.75544959307,157.833708286285,215.879305779934,1030.83848693967,170.619964361191,2112.23833948374,550.06983423233,9680.03541231155,193.251289576292,2739.86367899179,503.96111959219,3186.44059285522,1336.58111634851,458.443052887917,633.7572234869,7.82216522097588,175.547791242599,43.2893379330635,848.918960601091,167.377054870129,123.130871593952,0.416197568178177,6.09660586714745,0.612071603536606,7614.75550785661,7.69402915239334,1548.53839889169,749.053877830505,976.980160295963,4163.82063311338,14707.0161584616,24.1754719913006,5975.41981193423,12.9479928910732,374.140318006277,69.9228692948818,3.55475074052811,0.36802139878273,0,0.376496464014053,3580.50784444809,0,4.52617913484573,0.744532704353333,3394.57875463367,0.821711778640747,1.46331608295441,2.81737759709358,5605.88266009092,98.6060908734798,0.880876570940018,0,6.14752006530762,0.61219722032547,219.51390966773,112.588464021683
10.914263933897,414.061543703079,22.3310803174973,21.4792428612709,14.4686538279057,322.707321703434,421.769173651934,680.602743625641,185.329488605261,1318.86395204067,0,598.357280611992,10965.0403004885,360.494947016239,28.4776379168034,34.0639708042145,1863.91870000958,24229.0796198845,11498.1135100126,71.2970335781574,76.8016926348209,257.536706864834,201.043961584568,272.920515149832,804.442813873291,8519.76302558184,1693.8099309504,149.515722334385,3050.36120223999,102.179195702076,2517.98176166415,1046.39608570933,21.8164142668247,10323.6091083288,122.395910918713,1161.52555474639,2287.36506456137,4710.40884283185,989.444049417973,264.930003464222,151.679901123047,1433.2062099576,99.368521541357,578.483998715878,44.1004114449024,35.235254496336,6.47123539447784,1.81657254695892,329.242797881365,0,421.256066381931,11.9838593900204,3.84414854645729,0,0,7.96526741981506,0,101.855490148067,1.79231780767441,1547.36099666357,4.70127633213997,5362.33678898215,3.02329850196838,1.88577818870544,3.60641986131668,48.2249554395676,317.923989653587,44.4379278421402,0,2.96303582191467,113.353781223297,11.8799460828304,120.340817123652,929.82204374671,4472.14431908727,4166.59671244025,31.2808502316475,3.95016008615494,0,3150.90305176377,0.694686055183411,0,33.2177281975746,59.0051605701447
0.502737522125244,8.17490139603615,3.5160129070282,8519.0600720346,760.935191035271,19081.2283229232,187.945090472698,5386.04049277306,5276.10724624991,9829.16101360321,598.357280611992,0,1060.04574498534,752.465485036373,4203.16278907657,2.42151033878326,116.835609018803,261.895144045353,302.287439256907,16467.8573076427,7.58836826682091,0.4870285987854,18.2137890160084,212.643274068832,10.3786801993847,309.091080188751,107.98109549284,2055.06564122438,1419.13203388453,13.6088656187057,82.0541990995407,594.749861627817,1.95170339941978,569.479228883982,2757.48566934466,1331.50886324048,68.0485318601131,704.876426637173,89.616047501564,4580.92048758268,396.621097117662,209.404385477304,85.3653863072395,2.98360857367516,46.7514550983906,13.8859499692917,457.162269204855,23.1438499689102,64.7851029932499,0,0.758762538433075,0.523670434951782,1173.88585373759,7.9596238732338,582.272250533104,70.8273805379868,140.661896407604,1097.74755147099,1664.71462851763,8.43179792165756,2812.64297375083,5.37833964824677,69.6325567066669,40.4667475521564,0,0,0,2.32573843002319,795.957081109285,0,0.765301823616028,3.05382239818573,233.171522498131,0.556203186511993,6.60956919193268,3.02020877599716,510.810191124678,16.4638126790524,0,1.08884781599045,1.75695312023163,0,45.4669785499573,586.525019228458
9.48135316371918,1734.86618471146,40.1737260222435,181.368662655354,137.568733394146,1130.3767093122,1762.89375880361,1228.22790272534,660.783257484436,3070.26835390925,10965.0403004885,1060.04574498534,0,399.105779886246,326.900818377733,203.817278116941,151.01850515604,255.36521011591,120.032786071301,175.56978520751,248.009330779314,1154.33833855391,474.119242966175,1488.1290384233,8706.0646649003,503.878392279148,3216.03307431936,1346.74672675133,2094.80106338859,495.382284879684,3927.40527060628,1048.87913388014,49.4198141098022,4072.76577880979,954.497371673584,3831.06418392062,2993.81877815723,5052.24981847405,2773.73161330819,7142.71477907896,2874.78204518557,3041.63552415371,961.829580426216,1954.47122496367,857.263943523169,267.708583831787,2206.22031703591,312.419356197119,1618.6612149477,5.06070733070374,580.867509692907,13.5364924073219,154.256476670504,2.95649170875549,345.534503132105,374.425425201654,592.315111488104,198.399699479342,792.736968100071,3612.14881536365,235.963375687599,8367.99031594396,471.737751066685,38.8270036578178,40.5159731507301,24.1413404047489,169.969069480896,11.7655527889729,125.929956912994,8.15351134538651,172.26057305932,29.5627738833427,802.43348222971,2242.6118285954,4573.83226451278,5101.54256850481,883.045830965042,178.71015009284,17.5772071480751,4889.07338029146,99.5326935052872,4.05114156007767,518.767463386059,331.697069048882
11387.4440819919,21.9183006882668,1932.97913911939,207.061607807875,20.2929801344872,584.946884602308,38608.3616210818,38026.3485516608,358.760482639074,6192.0961907804,360.494947016239,752.465485036373,399.105779886246,0,70.2457157969475,41.0198670327663,2568.71946880221,149.92552664876,264.675558120012,154.478314042091,2506.07980266213,13.6811635792255,6014.60133981705,961.847452133894,6.1938348710537,713.033535271883,567.663637459278,1850.81646308303,28121.1863688827,27296.0495429337,47.743934482336,523.015161663294,193.220370024443,877.61532753706,101.471440881491,1142.88687682152,43.3086276054382,743.4955034554,167.45746922493,291.47311899066,132.130310386419,64.8516047596931,448.974990278482,8.93213334679604,112.493083208799,25.7514927983284,194.866412490606,43.8359917104244,11.9541625976562,5.05310758948326,4.44740080833435,6.32467380166054,123.742369920015,0,94.3304707109928,248.609686762094,175.002426922321,162.642874032259,371.037966877222,7.58984041213989,64.9432636499405,5.28860276937485,82.8204863965511,6.76501277089119,31.4358468949795,6.64775267243385,1.46607279777527,1.50840783119202,43.316352725029,16.7522216439247,18.1016329228878,21.6076179742813,763.054640263319,0,18.6891558170319,86.8335432708263,820.33914360404,82.5738307237625,21.0914863944054,2.04319792985916,1.26560461521149,5.00803396105766,86.0939467549324,30.9109321534634
2.57998335361481,43.7204978466034,20.3390185534954,1182.143761307,2922.16980344057,3566.50773596764,592.019305229187,685.685392946005,1610.89237686992,1518.42654332519,28.4776379168034,4203.16278907657,326.900818377733,70.2457157969475,0,124.804063379765,25.8922839164734,9.05778074264526,17.3226381242275,530.102154165506,448.640187084675,116.018498659134,478.028598845005,3211.46439990401,6.38780951499939,23.398048222065,99.4860824346542,1445.39982190728,214.35814717412,531.621198117733,7.8463299870491,1020.27612680197,29.8092162013054,60.9634499847889,938.960146665573,219.215573698282,48.2524923086166,91.3849357068539,71.0663098692894,8069.68057262897,184.668574303389,15.0488077402115,149.68573641777,27.7448824644089,31.7865661978722,58.4092907309532,90.4509833455086,13.0077325701714,42.1448373496532,0,4.06977891921997,0.501899719238281,36.2679942846298,2.5561802983284,53.4179128110409,43.0138833522797,20.7301016449928,97.9529627561569,104.874622762203,7.11817508935928,155.226484417915,0,17.6589301228523,6.54808121919632,37.7047135233879,3.09782421588898,3.07365047931671,0,33.8107526004314,16.3136678934097,6.8782365322113,33.8105872869492,152.978740423918,1.37023758888245,2.43833976984024,20.8971481025219,164.47646099329,31.7979261279106,21.4014264941216,4.14376962184906,0,0.826069355010986,36.770681232214,2271.42841130495
5.73258623480797,2011.37203729153,363.523587048054,2.07323634624481,142.639794170856,3.95880699157715,71.6273152828217,10.7841831445694,481.633304804564,22.1983503401279,34.0639708042145,2.42151033878326,203.817278116941,41.0198670327663,124.804063379765,0,555.124583363533,16.026411563158,37.0010836720467,0.646657586097717,12320.9606130123,13207.8676687181,17484.5819136202,4949.94094616175,124.916441679001,402.920142441988,8933.84632360935,3966.97640261054,59.3865360021591,680.37095695734,20.3785356581211,3.055948138237,9.43771401047707,289.898474127054,2044.21241125464,12683.7898866236,1371.0600143075,2337.37694299221,2622.66766142845,91.3354735374451,21.5166603326797,15.7157953381538,3169.23042187095,641.444913327694,713.233912408352,771.402334600687,57.5617084503174,43.3604876995087,14.8855913877487,15.3226066827774,131.825780272484,155.790673077106,2.2147188782692,10.9593241214752,1.57875064015388,57.5803393125534,15.5555299818516,49.52005854249,2.63927328586578,8.17592334747314,2.48441696166992,10.0689626932144,48.1912760734558,25.5145127177238,8686.37852415442,183.95289349556,14.3686752021313,38.7862932980061,0,1379.20200243592,2624.74931418896,2574.82970073819,1080.52829095721,7.43921363353729,106.097890943289,1582.35451158881,993.638654112816,118.517530202866,581.990481078625,11.3189058303833,1.3465176820755,31.7866716384888,212.287858754396,979.566166400909
476.920260131359,2018.02115121484,7956.03596386313,12.6622180640697,15.6246966719627,65.8666612505913,686.412426114082,854.89630240202,135.782262265682,539.246880710125,1863.91870000958,116.835609018803,151.01850515604,2568.71946880221,25.8922839164734,555.124583363533,0,929.999462366104,10270.7174787819,26.6951235532761,4031.60223287344,264.056166708469,15520.9307536781,435.515110194683,81.2127611339092,12694.7875867486,19481.6798236668,622.542477041483,5173.80108448863,3806.78462591767,167.795172721148,74.7456705570221,1163.78513988853,11756.7878605425,556.897408097982,5288.59247276187,654.565389484167,7626.86983013153,2868.23449534178,80.6353690624237,73.1480585932732,14.2016827464104,2144.36274564266,315.757318258286,722.351637274027,892.363539993763,20.5977892577648,4.39554756879807,5.10418754816055,6.96071800589561,637.61296877265,1902.59420824051,0.491173654794693,1.55239045619965,0,18.5542887747288,0.768207550048828,21.8385138213634,0,2.82737362384796,1.2567275762558,7.33315026760101,9.05468508601189,0,165.563792616129,3465.17579695582,61.9726225733757,953.808680295944,0,77.900012254715,202.476413875818,815.195827454329,88.8815290629864,31.155683606863,4226.64645692706,11485.9481183887,66.0647104382515,28.4916315972805,66.0739053785801,17.1156601309776,2.35263955593109,6.65234187245369,222.941623628139,404.873955219984
3.8644622862339,153.209658026695,38.7941639721394,14.5167011618614,5.78879970312119,137.972159296274,213.124592036009,257.233859866858,87.1230219900608,678.031679570675,24229.0796198845,261.895144045353,255.36521011591,149.92552664876,9.05778074264526,16.026411563158,929.999462366104,0,5869.76510936022,38.3011241853237,37.1811127960682,134.981572300196,93.9738345146179,125.430306047201,305.746704638004,4392.79694578052,505.160239756107,94.4870490431786,910.938958317041,63.0059142708778,725.920547932386,234.416115283966,11.2184422016144,2177.85507950187,151.561565816402,1305.48327878118,1811.5596575439,3538.08565077186,1113.87151089311,107.87906357646,60.5800149440765,102.603181540966,65.4928828179836,74.6612047553062,57.160691678524,33.3103007674217,0,2.34981447458267,6.78968560695648,0,14.8026915192604,9.61036530137062,0,0,0,0,1.13884675502777,19.6063729822636,0,137.24447876215,1.88050416111946,257.944220155478,1.18392026424408,0.990155160427094,1.07001823186874,22.222285091877,226.178392410278,55.5191197991371,0,0,4.00634014606476,2.49161440134048,0,110.071766614914,2710.88349676132,1904.73977223039,0.410208284854889,2.31234043836594,1.20369011163712,660.559680342674,1.96921867132187,0,23.4806903600693,99.3637044429779
15.2579478919506,128.00731870532,222.547155827284,21.1342699229717,0,144.532594025135,388.461215406656,253.166466742754,96.4260967075825,1076.99790009856,11498.1135100126,302.287439256907,120.032786071301,264.675558120012,17.3226381242275,37.0010836720467,10270.7174787819,5869.76510936022,0,44.2998088598251,228.334234297276,45.6956530213356,664.37598541379,171.779140561819,141.10498291254,15255.7962943912,3605.0994912684,150.391676545143,1428.89784240723,172.560164660215,446.538491010666,149.657231867313,82.1117574572563,8546.97502112389,351.820111274719,3966.23558017612,1586.0924744308,9014.1798414588,2931.99959048629,100.607957839966,53.5762569308281,32.5719904303551,219.410392403603,88.1240501701832,79.1932199299335,98.6453110873699,0,1.06564366817474,2.61975812911987,2.89539539813995,92.8610342741013,70.6140154004097,0.921094000339508,0,0.662023305892944,1.53777086734772,0,24.449057251215,0,15.6126775145531,3.10066679120064,29.7849875092506,0.875508189201355,5.76763087511063,15.4029741287231,207.59893104434,87.5509668588638,187.474815040827,0,5.47751623392105,17.8242515921593,54.6435042321682,11.1654869616032,34.3238523602486,1892.32787382603,2475.16981482506,5.45549374818802,1.38974273204803,1.93775433301926,111.926330387592,1.36035764217377,1.09079134464264,25.8906615078449,253.095917761326
0.989188671112061,0.9100042283535,1.19428151845932,40920.0243396461,73.5734802186489,521.589510411024,39.9596934914589,558.996161192656,2038.39622405171,8132.75075799227,71.2970335781574,16467.8573076427,175.56978520751,154.478314042091,530.102154165506,0.646657586097717,26.6951235532761,38.3011241853237,44.2998088598251,0,0.436444103717804,0,4.75282108783722,604.997910499573,1.70342534780502,29.8361866772175,13.8844458758831,2376.22665455937,231.640706896782,5.44276466965675,13.9963112771511,69.1102250516415,2.21615865826607,75.9066593647003,11.9395886659622,297.553717553616,11.788622289896,83.9523204565048,19.1882831156254,499.01614099741,48.0421895980835,29.9253994226456,66.967640131712,0.450936138629913,26.2161243855953,6.88159841299057,147.079347699881,30.1532766222954,19.2033012807369,0,0.45823410153389,0,1531.34922501445,2.37121841311455,275.15280982852,73.4761132001877,128.201288402081,785.38629090786,2083.51714409888,0.847874194383621,1306.86667430401,0,54.2352372407913,17.5721668601036,0,0,0,0,661.938701331615,0,0,0.497632622718811,382.054618775845,0,0.34281399846077,1.64087119698524,906.134847849607,18.6710613071918,0,0,1.375244140625,0,24.0846692919731,3.8945090174675
313.71383947134,218.497509151697,4252.79012322426,4.83435901999474,246.60257768631,24.5363698899746,8005.26660454273,1003.19638103247,141.029641598463,60.7335269153118,76.8016926348209,7.58836826682091,248.009330779314,2506.07980266213,448.640187084675,12320.9606130123,4031.60223287344,37.1811127960682,228.334234297276,0.436444103717804,0,1007.70120498538,67829.0457432568,1987.72416606545,29.6065936386585,1069.65823861957,3175.00693422556,23659.3630231321,2040.30516949296,43514.3215682805,10.6111465990543,9.92811530828476,584.406943082809,13497.6769008934,3386.09513255954,12458.0238682628,634.279353320599,12260.2307966352,4949.43985310197,247.320910215378,96.1392742991447,22.0409080982208,3115.74893426895,459.353408932686,773.467628210783,495.938438564539,58.7472424507141,39.9881497621536,10.6690388321877,44.0280620455742,16.3169791996479,53.3008463084698,0,10.5213421583176,1.94935238361359,133.596543610096,37.2700747549534,25.9057496786118,1.75499588251114,8.91477763652802,1.35273230075836,0,100.730732709169,25.5096840858459,3501.1121365428,111.896551519632,5.92545032501221,31.2424254715443,0,1441.5298999846,1061.25126287341,973.356830120087,1214.59520208836,1.10965779423714,88.1041328012943,657.543405473232,1250.62417399883,277.124272316694,723.165190190077,0,1.45318132638931,51.2410854697227,381.7189668715,1292.88480851054
2.23899912834167,5418.67250704765,289.91957038641,1.0849791765213,15.957955956459,4.95051383972168,43.6127572655678,15.9397416710854,11373.8729635775,8.26869782805443,257.536706864834,0.4870285987854,1154.33833855391,13.6811635792255,116.018498659134,13207.8676687181,264.056166708469,134.981572300196,45.6956530213356,0,1007.70120498538,0,1771.71167638898,24934.1202331483,1212.84827598929,547.270675599575,17839.4837830663,1607.86942538619,41.0345987081528,153.204690158367,286.294994622469,7.23147821426392,18.420063585043,140.176489472389,174.062592446804,1291.34178853035,305.47738006711,444.877480775118,294.318361103535,56.1184420585632,4.53790920972824,137.939304113388,1474.71505898237,294.980082958937,398.94655546546,442.988932847977,34.1557329297066,20.1119368076324,115.737686544657,18.2608958780766,291.391963690519,193.599751621485,54.3500243425369,2.00252825021744,0.620869338512421,73.8196133971214,12.4918694794178,134.447800278664,4.37187403440475,143.446819067001,4.98210349678993,247.88970464468,51.1619666218758,3.31898164749146,1598.1947530508,307.538559019566,30.9435459375381,68.005917429924,0,370.505102068186,1278.29647666216,1112.74753493071,1168.64162319899,60.6336596608162,483.158058196306,2583.72857314348,380.119517177343,104.113033473492,250.74096506834,123.174849331379,1.99466025829315,10.500884771347,123.294594466686,300.724932134151
1067.877835989,475.649410396814,62351.7783208489,8.49814718961716,513.301800131798,39.4123302996159,4709.26578003168,1793.96996334195,264.032197773457,173.119176447392,201.043961584568,18.2137890160084,474.119242966175,6014.60133981705,478.028598845005,17484.5819136202,15520.9307536781,93.9738345146179,664.37598541379,4.75282108783722,67829.0457432568,1771.71167638898,0,2039.19119176269,17.0148921310902,4599.57212033868,43938.3778530061,6589.24588555098,7170.73515331745,20599.1507147253,13.0680130720139,26.7680182754993,1276.08710616827,12288.848538965,7005.7855566144,31876.0888220668,1958.17801439762,24335.6468678117,15983.3964855671,383.254367262125,143.542520046234,32.4988687038422,5950.84216925502,697.583525896072,2130.61726805568,2640.93153491616,101.094401419163,36.0943285226822,4.93564832210541,8.68726918101311,323.618749648333,1230.01499849558,0,9.07315772771835,1.56034392118454,193.089401990175,8.84432336688042,27.0403726696968,1.14259123802185,2.60870429873466,2.16426491737366,2.52000468969345,36.9159079790115,36.4055142402649,12629.0373373926,1003.57269871235,31.5432060956955,151.096141606569,0,991.967637807131,3315.71873873472,7948.14288493991,1017.25125586987,4.01335349678993,428.327432215214,11729.7660980225,888.961972624063,58.6312584280968,395.709699869156,0,1.59910678863525,18.8026047348976,363.394820615649,2835.84204089642
91.2705186605453,4610.57746839523,455.543414801359,4927.85564729571,352.402297258377,321.877358525991,6845.18855407834,948.12986946106,29995.7382229865,873.878819778562,272.920515149832,212.643274068832,1488.1290384233,961.847452133894,3211.46439990401,4949.94094616175,435.515110194683,125.430306047201,171.779140561819,604.997910499573,1987.72416606545,24934.1202331483,2039.19119176269,0,852.147917747498,603.621174156666,7481.54490640759,15619.5947498977,3225.34979718924,1799.10308995843,141.562250733376,191.488215655088,1335.31409910321,1594.27653196454,1646.53648528457,10116.9082996249,1195.52621436119,2493.80759429932,978.916482031345,2089.70476815104,382.366414427757,167.109209388494,7947.1341356039,359.033099800348,1650.16215619445,549.614260673523,1381.80240648985,704.444224238396,291.77274736762,136.562088221312,62.5630451738834,55.4825810194016,1954.21298626065,10.8708711266518,508.514269500971,2404.09733828902,1751.88480260968,4244.74260792136,3133.67870390415,235.322893112898,498.279234260321,80.2347170114517,1919.76477384567,81.8030681610107,1736.72598010302,196.101549059153,12.6831305325031,29.182540088892,556.240050345659,628.923628330231,1227.68689060211,571.575697481632,11787.3562268317,31.9601950645447,134.860857844353,587.008016258478,9608.62960028648,2173.55804994702,1198.73453775048,33.6941023170948,89.4566425085068,189.913748562336,1209.14084145427,923.931223034859
0.793128252029419,2577.21959751844,8.28312391042709,0,0,8.2486829161644,10.8834518790245,20.8725571036339,667.915047347546,28.6662105619907,804.442813873291,10.3786801993847,8706.0646649003,6.1938348710537,6.38780951499939,124.916441679001,81.2127611339092,305.746704638004,141.10498291254,1.70342534780502,29.6065936386585,1212.84827598929,17.0148921310902,852.147917747498,0,947.655339062214,12838.8776933551,65.2221750319004,36.5625133514404,1.7561214864254,4545.61779689789,14.5810410380363,0,514.865691274405,13.1837336421013,410.096416175365,507.532688230276,447.630385071039,123.840076297522,6.20505291223526,20.1762298345566,622.382983744144,183.802187919617,325.402120411396,105.433209836483,76.5282914042473,6.01155769824982,0,565.321250170469,2.5183989405632,814.429723381996,4.06094592809677,5.3865704536438,2.60296469926834,0.922582507133484,7.58764931559563,3.00450614094734,43.7024970948696,6.53771421313286,421.675624191761,1.10141861438751,2340.63553854823,17.5413587093353,1.14486193656921,3.79449185729027,36.836506485939,109.291948616505,206.660857856274,1.11728572845459,12.0537894666195,92.1101722121239,18.1517206132412,41.9077491760254,2397.24568665028,2282.07302090526,6066.99535521865,4.78104937076569,22.5482739508152,12.2253885269165,876.053537845612,0,1.21167719364166,74.5594446063042,18.7617294788361
52.707751095295,1875.70071858168,33235.8567929268,24.4650197327137,11.041615486145,147.987104594707,889.977162480354,494.371719568968,340.327740430832,888.692370414734,8519.76302558184,309.091080188751,503.878392279148,713.033535271883,23.398048222065,402.920142441988,12694.7875867486,4392.79694578052,15255.7962943912,29.8361866772175,1069.65823861957,547.270675599575,4599.57212033868,603.621174156666,947.655339062214,0,45985.5438600779,403.381135702133,1406.4513335228,562.858591854572,919.783809781075,198.224180608988,68.4202910065651,3282.47937771678,850.063353091478,10337.7232554555,5502.79318004847,8701.71120947599,4629.56370273232,137.331913560629,97.0605981945992,128.862006813288,2894.97179815173,839.891088694334,1020.43716424704,1147.80255043507,18.2995184361935,14.3214457631111,16.6184579730034,16.2316951155663,1019.51930859685,1053.81940996647,1.29077005386353,2.3204762339592,1.37401479482651,24.5728144347668,3.80082878470421,63.203205883503,0.566355049610138,180.016411960125,3.05527281761169,507.591004788876,38.7093657851219,13.1818299293518,130.645481735468,3755.03092139959,1130.17863407731,2371.44311958551,0,130.586453735828,188.033728808165,452.218098849058,77.9988334476948,640.875086426735,17840.3619678915,26385.8166428208,32.7944546043873,85.5765933990479,75.3505489826202,1094.38833072782,9.61488327383995,7.78982919454575,393.965401530266,709.330261260271
75.7542333006859,30232.0603219569,32349.9320419133,4.82326340675354,59.3014653921127,61.9841502904892,460.729779213667,256.43018463254,3985.22675445676,350.556840658188,1693.8099309504,107.98109549284,3216.03307431936,567.663637459278,99.4860824346542,8933.84632360935,19481.6798236668,505.160239756107,3605.0994912684,13.8844458758831,3175.00693422556,17839.4837830663,43938.3778530061,7481.54490640759,12838.8776933551,45985.5438600779,0,2263.6700026691,889.496260583401,855.041070699692,419.569409757853,47.5310896635056,123.924037575722,5299.23937302828,4238.81779721379,42048.5489487648,6539.26160487533,19011.5935684443,13823.8081874251,181.315371870995,105.778619974852,101.999089121819,9479.17146587372,1749.2956186533,3450.75764191151,4123.13603931665,87.8087940514088,40.4896318018436,72.4501793682575,24.3818235695362,5239.57769915462,4040.24637085199,12.6118948459625,3.08690994977951,2.60980978608131,260.15667656064,12.7397694885731,91.3644932508469,1.35746228694916,135.053983420134,6.10584545135498,363.082922756672,102.493449181318,48.5968126654625,4250.04162120819,7553.32590728998,1017.50334462523,3669.07200610638,0,552.127236992121,4166.83015280962,8013.00153270364,1033.07331487536,1586.93171906471,20830.4273099005,65888.6241715997,477.948428034782,157.517674148083,483.432575643063,499.671287953854,10.9204934537411,13.8653069734573,837.330276191235,2651.91295310855
120.985673367977,373.875923752785,1696.94953072071,5901.05940592289,258.381743758917,221.392515361309,61368.8469885588,1659.26025721431,7114.27577659488,5888.94399869442,149.515722334385,2055.06564122438,1346.74672675133,1850.81646308303,1445.39982190728,3966.97640261054,622.542477041483,94.4870490431786,150.391676545143,2376.22665455937,23659.3630231321,1607.86942538619,6589.24588555098,15619.5947498977,65.2221750319004,403.381135702133,2263.6700026691,0,4947.20512422919,33869.9011664391,14.9254091084003,155.971062600613,2854.3184915185,4525.380453825,2928.21697562933,13711.8012935817,905.854411035776,6449.11323660612,2071.20358121395,1588.37710687518,518.968024820089,95.4150691330433,9034.55256229639,374.47333753109,1657.60890763998,608.041548192501,1606.47804567218,709.423993766308,194.778887063265,117.120800435543,29.4259227514267,30.6070121526718,2622.1360784173,14.7730524539948,562.942722976208,2305.79848065972,1523.80934876204,3366.34134727716,4108.09907132387,177.853102862835,1297.61743333936,2.7876051068306,1757.51900798082,78.8752916455269,1235.59908103943,183.782588809729,3.13119599223137,13.3147673308849,921.221747070551,661.395702362061,557.07805070281,448.508249282837,9950.70131635666,1.39325469732285,34.2819827198982,423.314397066832,9863.78061929345,2113.05514028668,1434.95815211535,1.03231155872345,55.3739147484303,218.982183516026,1296.42612019181,1058.41825506091
12151.3514025211,41.4526614248753,1189.9494343102,446.406771928072,45.6843254566193,860.204625844955,12330.4782833159,7070.41089430451,671.6467692554,7384.75544959307,3050.36120223999,1419.13203388453,2094.80106338859,28121.1863688827,214.35814717412,59.3865360021591,5173.80108448863,910.938958317041,1428.89784240723,231.640706896782,2040.30516949296,41.0345987081528,7170.73515331745,3225.34979718924,36.5625133514404,1406.4513335228,889.496260583401,4947.20512422919,0,29709.4301480055,282.883593648672,1031.34497520328,4308.2115636766,7184.77491432428,388.651841700077,3972.80696305633,168.849476724863,2988.70614510775,358.283297836781,1103.77271300554,925.469407021999,251.735931009054,784.317743748426,31.3221057653427,184.10477244854,57.2490293085575,213.238272726536,54.2738763093948,28.4864799082279,6.90098756551743,13.3484519720078,24.3526674509048,103.466364294291,1.43389070034027,61.9370349943638,324.331178933382,135.797534942627,244.301769375801,276.466471493244,13.6352427601814,54.9045283794403,45.8984191417694,79.841387540102,10.5933042168617,52.0018319487572,33.2640793919563,4.45232939720154,9.79647517204285,42.5415796637535,40.6477718949318,39.5783769488335,20.5173969268799,1319.19419142604,6.97193616628647,130.822864741087,205.144594460726,1276.76909583807,98.51523193717,56.9286217391491,18.6326452493668,0,17.8425586223602,118.912846237421,129.885928958654
8921.59077772498,34.7543570995331,2220.37389588356,22.5804648697376,170.033893764019,59.8325886428356,25904.8275372088,4901.45830243826,83.2397992908955,157.833708286285,102.179195702076,13.6088656187057,495.382284879684,27296.0495429337,531.621198117733,680.37095695734,3806.78462591767,63.0059142708778,172.560164660215,5.44276466965675,43514.3215682805,153.204690158367,20599.1507147253,1799.10308995843,1.7561214864254,562.858591854572,855.041070699692,33869.9011664391,29709.4301480055,0,14.5943880975246,67.7113134860992,5243.68363672495,13304.4001259506,2212.48089036345,11146.7968990207,461.135679632425,8083.91007998586,2313.3530728519,544.046643823385,206.276423484087,35.4829667508602,2128.57850509882,123.616642534733,516.163757055998,258.639547795057,93.492718398571,88.3885209858418,21.468569457531,28.0937432944775,12.8798503875732,20.2779318392277,1.81075042486191,3.15542095899582,1.08433365821838,195.160595178604,40.8334932327271,31.7443142831326,3.08244287967682,19.4670146405697,0.768854558467865,0.91379976272583,117.369082897902,21.7617862820625,530.284736931324,70.6998404562473,0.796408861875534,5.53520607948303,0,354.343672245741,216.952001333237,134.418989479542,1185.57441973686,0,23.1431950926781,206.477022171021,1431.37078019977,303.533552795649,380.724733233452,0,4.02077209949493,62.6737515330315,320.047378361225,761.737156063318
3.3856189250946,383.303147137165,2.50367709994316,0.468552976846695,1.32066893577576,49.0030544102192,68.6711511909962,99.2529489696026,105.609158009291,215.879305779934,2517.98176166415,82.0541990995407,3927.40527060628,47.743934482336,7.8463299870491,20.3785356581211,167.795172721148,725.920547932386,446.538491010666,13.9963112771511,10.6111465990543,286.294994622469,13.0680130720139,141.562250733376,4545.61779689789,919.783809781075,419.569409757853,14.9254091084003,282.883593648672,14.5943880975246,0,99.0732256174088,1.54525965452194,646.384629130363,48.9808897972107,656.76498913765,1808.56739428639,1505.01259842515,433.165629386902,34.962121963501,26.0067544579506,97.5310014784336,154.427175462246,205.354341506958,143.797621279955,82.1156931221485,2.85417926311493,4.81420809030533,33.9261034429073,0.478736996650696,65.436327457428,2.1040358543396,0,0,1.21797466278076,0,1.27170968055725,13.7427493929863,0,388.085356026888,0,1012.34651690722,6.56515154242516,2.07678359746933,0,0.983074933290482,643.646442860365,91.0025455057621,0,2.90255749225616,16.7917606830597,3.19846171140671,1.57544696331024,588.221662193537,6940.56926715374,6079.78042858839,0.68076479434967,21.0676810145378,1.61030125617981,1886.05712297559,2.19787752628326,0,80.3124435842037,53.2598658204079
8.95789405703545,4.49440324306488,4.08786734938622,32.4956794977188,985.101512432098,617.988847285509,329.095171809196,2616.22917214036,84.0814146995544,1030.83848693967,1046.39608570933,594.749861627817,1048.87913388014,523.015161663294,1020.27612680197,3.055948138237,74.7456705570221,234.416115283966,149.657231867313,69.1102250516415,9.92811530828476,7.23147821426392,26.7680182754993,191.488215655088,14.5810410380363,198.224180608988,47.5310896635056,155.971062600613,1031.34497520328,67.7113134860992,99.0732256174088,0,13.3786281943321,4590.23565551639,166.096437871456,2476.38745433092,59.9159591197968,432.239219218493,59.0329010486603,2946.84341201186,11631.7190827727,185.365415781736,80.2478439807892,7.20157426595688,4.36339816451073,3.52548098564148,12.4026486873627,1.98875656723976,28.400188177824,0,1.67635715007782,0,15.4621952474117,0,19.591685295105,52.9264421164989,4.20448803901672,70.2601153850555,8.15354579687119,3.05862677097321,9.45135781168938,14.445603787899,1.38877296447754,1.60630595684052,1.79766935110092,0.789210915565491,1.71662753820419,2.91001558303833,2.67305159568787,0,2.34608763456345,0.407438486814499,192.181471943855,6.5388023853302,13.4853074550629,6.83780664205551,167.058294653893,3.09674799442291,3.2344126701355,9.88739377260208,0,1.36208844184875,11.1550824046135,29.6757911145687
30.368605107069,4.65808492898941,86.9405483603477,29.4699639379978,9.58797252178192,9.45927715301514,1738.01337713003,83.252714663744,83.1632548570633,170.619964361191,21.8164142668247,1.95170339941978,49.4198141098022,193.220370024443,29.8092162013054,9.43771401047707,1163.78513988853,11.2184422016144,82.1117574572563,2.21615865826607,584.406943082809,18.420063585043,1276.08710616827,1335.31409910321,0,68.4202910065651,123.924037575722,2854.3184915185,4308.2115636766,5243.68363672495,1.54525965452194,13.3786281943321,0,3510.24654245377,59.6981528997421,145.316727042198,6.23099726438522,1105.691714257,121.631045639515,27.0363294482231,37.2187006175518,2.09099501371384,195.340149790049,9.85811227560043,55.8546264767647,13.5412567555904,29.2362948060036,16.4681750833988,4.27662840485573,2.39331203699112,0.487633764743805,2.70319840312004,4.89215266704559,0.568952083587646,7.0733690559864,41.6317425370216,24.0850130915642,33.7151063680649,18.7698922753334,3.88708198070526,3.46033191680908,0,26.2726938575506,1.29623281955719,21.4483181238174,6.84847834706306,0.57358193397522,0.446169316768646,1.11144715547562,15.1178253591061,11.8778441548347,7.41777914762497,199.695649802685,0,14.6823480129242,28.3519529104233,192.016646414995,37.3384363949299,33.6938958764076,0,1.05733108520508,3.44914209842682,30.7696541547775,29.7340618371964
107.587660133839,370.862287014723,480.965406060219,93.873759329319,738.290335953236,341.78769209981,2585.39667332172,904.832062900066,225.319038271904,2112.23833948374,10323.6091083288,569.479228883982,4072.76577880979,877.61532753706,60.9634499847889,289.898474127054,11756.7878605425,2177.85507950187,8546.97502112389,75.9066593647003,13497.6769008934,140.176489472389,12288.848538965,1594.27653196454,514.865691274405,3282.47937771678,5299.23937302828,4525.380453825,7184.77491432428,13304.4001259506,646.384629130363,4590.23565551639,3510.24654245377,0,135.873063981533,1290.19141799212,560.187955290079,5033.4531069994,519.989986240864,249.531702339649,462.52713060379,1987.31474542618,918.094914108515,132.291408479214,270.605768054724,213.243768215179,132.640860557556,42.6152721941471,224.878425478935,3.55020400881767,128.829050630331,344.301810115576,67.7692514955997,0.95076060295105,54.4645707011223,178.513362765312,112.614866256714,84.5100441277027,226.011268883944,77.0268830060959,44.3946462571621,246.416621685028,76.4338718354702,2.75654339790344,124.331801980734,471.672451645136,14.0233188569546,129.550887227058,32.8913749754429,37.8159399926662,117.168826580048,341.888822138309,652.826657414436,46.3415043950081,739.391432702541,2311.42833781242,707.065933763981,68.9715585112572,66.479185372591,63.7723401784897,1.8547340631485,11.404188066721,117.09407004714,98.7134174704552
9.40560954809189,215.29137223959,346.097587823868,68.8142355978489,933.564225554466,2803.04501742125,1338.06110030413,220.118089139462,123.168286144733,550.06983423233,122.395910918713,2757.48566934466,954.497371673584,101.471440881491,938.960146665573,2044.21241125464,556.897408097982,151.561565816402,351.820111274719,11.9395886659622,3386.09513255954,174.062592446804,7005.7855566144,1646.53648528457,13.1837336421013,850.063353091478,4238.81779721379,2928.21697562933,388.651841700077,2212.48089036345,48.9808897972107,166.096437871456,59.6981528997421,135.873063981533,0,10530.1533297896,4370.63400179148,1327.66138184071,5316.64094498754,273.938482612371,344.395147681236,178.295452743769,3054.50517606735,1119.92447850108,471.853844881058,2660.85015389323,80.12544298172,188.228367209435,74.96897149086,2.37302243709564,149.525363206863,89.834443628788,9.60076108574867,50.1091141104698,185.714174687862,182.45940464735,20.4227833151817,85.0432141423225,57.1875699460506,22.0876593589783,1001.6026712358,3.46688234806061,27.6355169117451,836.432000875473,784.706192046404,93.6197558939457,135.593048274517,91.4341579079628,0.943173706531525,225.410617887974,261.58236899972,1053.75449222326,389.475714743137,0,696.403687149286,1455.76695695519,433.977538496256,68.9295042455196,60.7769481241703,14.5749092698097,4.45232284069061,13.9827459454536,63.5368089973927,268726.801345617
68.2666130661964,2258.84548136592,2089.47404387593,837.842976570129,486.45063149929,2350.20919701457,11764.2393937111,2397.48597460985,1336.10067081451,9680.03541231155,1161.52555474639,1331.50886324048,3831.06418392062,1142.88687682152,219.215573698282,12683.7898866236,5288.59247276187,1305.48327878118,3966.23558017612,297.553717553616,12458.0238682628,1291.34178853035,31876.0888220668,10116.9082996249,410.096416175365,10337.7232554555,42048.5489487648,13711.8012935817,3972.80696305633,11146.7968990207,656.76498913765,2476.38745433092,145.316727042198,1290.19141799212,10530.1533297896,0,46609.1478220224,4744.39670076966,4420.49635240436,8959.38397967815,2302.71378150582,1929.67203831673,8983.35017177463,761.304856985807,2141.41947215796,1740.75941646099,1264.01892152429,456.771332740784,154.916972011328,59.6110899746418,846.169961482286,1474.7052051723,499.659292936325,13.0719199776649,376.982659965754,1702.31428971887,1000.38322028518,685.155861526728,1695.92893823981,91.8591504395008,324.335631430149,21.958854675293,790.694110900164,61.8810728490353,3549.41401097178,3363.14348462224,83.8273982405663,686.244022071362,199.482743054628,715.585059583187,1354.36810418963,2925.74677935243,5776.36946937442,35.0232401490211,3522.66365104914,13551.3331745863,6259.9415678978,988.234684377909,809.558443576097,20.4940382838249,10.7948645949364,117.709223479033,1026.06775453687,2022.04916486144
4.66795465350151,397.85263299942,110.385437309742,11.2110991179943,62.2018309235573,59.301251500845,220.11537617445,76.8055584728718,140.549104690552,193.251289576292,2287.36506456137,68.0485318601131,2993.81877815723,43.3086276054382,48.2524923086166,1371.0600143075,654.565389484167,1811.5596575439,1586.0924744308,11.788622289896,634.279353320599,305.47738006711,1958.17801439762,1195.52621436119,507.532688230276,5502.79318004847,6539.26160487533,905.854411035776,168.849476724863,461.135679632425,1808.56739428639,59.9159591197968,6.23099726438522,560.187955290079,4370.63400179148,46609.1478220224,0,4156.82365506887,12858.8783485889,181.009166121483,177.522571086884,800.547929048538,732.595622360706,187.845676362514,198.629944354296,296.272258073092,33.2549247741699,21.7657350897789,58.3279150128365,4.312251329422,174.334769129753,105.557537138462,1.61103248596191,2.57664275169373,3.71477735042572,38.5475431382656,6.87295186519623,39.8528002500534,3.03348961472511,284.361017048359,15.7524814009666,647.279434740543,22.566811144352,44.0287737846375,378.190273761749,341.567204922438,30.8276111185551,159.05085042119,0,84.5400402247906,171.686277717352,290.166803956032,255.192203611135,127.747569769621,1187.12823283672,2268.99467900395,249.732207506895,32.3115715682507,51.2193407714367,382.071598678827,1.92518961429596,4.9306797683239,82.8745080530643,2523.95797401667
88.7437714636326,875.542333424091,1287.04431033134,144.221304863691,32.2186661958694,336.898686170578,3844.49613982439,732.83202829957,334.280150711536,2739.86367899179,4710.40884283185,704.876426637173,5052.24981847405,743.4955034554,91.3849357068539,2337.37694299221,7626.86983013153,3538.08565077186,9014.1798414588,83.9523204565048,12260.2307966352,444.877480775118,24335.6468678117,2493.80759429932,447.630385071039,8701.71120947599,19011.5935684443,6449.11323660612,2988.70614510775,8083.91007998586,1505.01259842515,432.239219218493,1105.691714257,5033.4531069994,1327.66138184071,4744.39670076966,4156.82365506887,0,6635.96575719118,327.656907498837,925.931761980057,4780.2222238183,2409.25960400701,293.918182045221,772.165145605803,792.689378857613,249.461967498064,61.5508362054825,140.941984802485,7.38405305147171,355.468547165394,883.607657581568,103.216632246971,2.09607779979706,52.9985684752464,371.680169939995,160.857900798321,154.449805885553,320.013953059912,34.7869067192078,68.8998235464096,180.583080649376,96.8347890377045,18.5284424424171,1120.22014114261,1360.05570423603,67.9161470830441,370.906935691833,59.4399162828922,155.52277430892,637.147527366877,1645.51460140944,1232.89428639412,58.9556786715984,1991.38917586207,7738.22010105848,1162.86565214396,122.931059658527,161.161772757769,94.9775696992874,2.93117666244507,22.1969200670719,244.625437706709,820.305981904268
24.5606184899807,689.638632804155,1261.18778246641,35.323835849762,124.320762336254,87.2080160081387,973.606006652117,142.459454327822,109.09010180831,503.96111959219,989.444049417973,89.616047501564,2773.73161330819,167.45746922493,71.0663098692894,2622.66766142845,2868.23449534178,1113.87151089311,2931.99959048629,19.1882831156254,4949.43985310197,294.318361103535,15983.3964855671,978.916482031345,123.840076297522,4629.56370273232,13823.8081874251,2071.20358121395,358.283297836781,2313.3530728519,433.165629386902,59.0329010486603,121.631045639515,519.989986240864,5316.64094498754,4420.49635240436,12858.8783485889,6635.96575719118,0,352.199176996946,754.26697820425,669.236299514771,1146.78049513698,177.579474061728,370.519860237837,641.906596243382,74.303607583046,22.7388008236885,9.46218425035477,5.46827545762062,240.45927837491,481.244156599045,28.2292522788048,11.2112438678741,19.3948162198067,103.0207503438,24.0256426036358,40.4620702266693,51.4700437486172,11.3086068034172,36.0347956418991,2.42250388860703,24.6426041424274,64.4665322899818,899.557168483734,901.83449319005,27.9075137972832,217.776189833879,7.60078793764114,112.640978366137,327.164547264576,906.210800170898,349.018035680056,13.4698384404182,1002.09764710069,4041.29773572087,295.034359276295,49.8158675134182,68.1571916639805,11.3265994787216,0,3.75277891755104,107.60411003232,5138.69245281816
7.62583872675896,11.6212821602821,17.9934055507183,856.731602191925,11768.7670812607,8724.47500473261,1530.35867536068,3445.8576476872,1544.68527457118,3186.44059285522,264.930003464222,4580.92048758268,7142.71477907896,291.47311899066,8069.68057262897,91.3354735374451,80.6353690624237,107.87906357646,100.607957839966,499.01614099741,247.320910215378,56.1184420585632,383.254367262125,2089.70476815104,6.20505291223526,137.331913560629,181.315371870995,1588.37710687518,1103.77271300554,544.046643823385,34.962121963501,2946.84341201186,27.0363294482231,249.531702339649,273.938482612371,8959.38397967815,181.009166121483,327.656907498837,352.199176996946,0,1336.47528761625,283.024443089962,1042.07188463211,25.7873677015305,277.706884413958,149.800556153059,478.721326947212,293.65244191885,727.014661967754,1.55714774131775,3.24184060096741,3.86955884099007,234.779346644878,3.81305432319641,225.527684360743,332.66175237298,337.847744196653,296.705481618643,733.713442265987,73.1830357909203,413.416596978903,9.2939158976078,246.234446316957,18.2951518893242,35.2575806975365,8.44333755970001,1.66109704971313,3.05015099048615,139.87502014637,9.55753272771835,8.87830674648285,13.6222651898861,1043.15309676528,2.35822701454163,22.7224049568176,45.3760174512863,1242.39227113128,172.432959973812,34.2462324798107,4.7255791425705,3.56538224220276,10.5195249915123,415.428325742483,287.380001813173
3.55084818601608,13.5098258852959,14.0221694111824,63.2698434591293,3898.64486700296,1498.05187901855,806.117143183947,609.702980995178,105.863880336285,1336.58111634851,151.679901123047,396.621097117662,2874.78204518557,132.130310386419,184.668574303389,21.5166603326797,73.1480585932732,60.5800149440765,53.5762569308281,48.0421895980835,96.1392742991447,4.53790920972824,143.542520046234,382.366414427757,20.1762298345566,97.0605981945992,105.778619974852,518.968024820089,925.469407021999,206.276423484087,26.0067544579506,11631.7190827727,37.2187006175518,462.52713060379,344.395147681236,2302.71378150582,177.522571086884,925.931761980057,754.26697820425,1336.47528761625,0,1418.85211747885,401.725174725056,2.55545353889465,77.5438004136086,26.9152141213417,175.690982818604,33.9343207776546,26.5542126297951,2.4621439576149,4.92231011390686,5.20235532522202,78.6472825706005,0,43.5410619974136,152.909005731344,99.3695285320282,63.1136128604412,335.666229188442,6.63081014156342,55.0884246826172,3.91224104166031,46.5708659589291,2.48261016607285,13.4561263918877,4.58637493848801,1.07626438140869,1.1112642288208,40.091763228178,2.57314711809158,7.7619217634201,11.096816778183,540.694461673498,0,7.96310645341873,20.5525466799736,643.768937528133,40.8839966654778,12.2712561488152,0,0,6.7534627020359,47.3825378715992,212.99888241291
0,277.474340170622,6.55978155136108,10.3524211645126,12.6242886781693,139.086652219296,157.559268146753,206.870931535959,82.8227756619453,458.443052887917,1433.2062099576,209.404385477304,3041.63552415371,64.8516047596931,15.0488077402115,15.7157953381538,14.2016827464104,102.603181540966,32.5719904303551,29.9253994226456,22.0409080982208,137.939304113388,32.4988687038422,167.109209388494,622.382983744144,128.862006813288,101.999089121819,95.4150691330433,251.735931009054,35.4829667508602,97.5310014784336,185.365415781736,2.09099501371384,1987.31474542618,178.295452743769,1929.67203831673,800.547929048538,4780.2222238183,669.236299514771,283.024443089962,1418.85211747885,0,48.8897649347782,171.793764591217,11.5850450396538,5.12030893564224,24.4005615711212,3.03335407376289,912.553662598133,0,180.642029047012,0.58447927236557,5.44805186986923,0,3.62652349472046,29.4188902080059,8.58404272794724,36.7211307585239,8.90361103415489,250.076548397541,0.443485200405121,1301.07774031162,5.36572402715683,5.53412598371506,3.95751190185547,3.15457326173782,4.35019665956497,1.84731715917587,4.30798172950745,1.55330002307892,32.0199830532074,3.57533228397369,128.229156434536,317.206704258919,55.6975789964199,202.58552762866,99.6285257935524,9.06322628259659,0.796611726284027,74.6600081920624,0,1.12806487083435,38.3139951229095,44.8410326838493
13.1313500106335,544.436340928078,2296.15329426527,73.2112570106983,48.3802868723869,113.203585594893,3474.19109877944,950.243091315031,2346.31619748473,633.7572234869,99.368521541357,85.3653863072395,961.829580426216,448.974990278482,149.68573641777,3169.23042187095,2144.36274564266,65.4928828179836,219.410392403603,66.967640131712,3115.74893426895,1474.71505898237,5950.84216925502,7947.1341356039,183.802187919617,2894.97179815173,9479.17146587372,9034.55256229639,784.317743748426,2128.57850509882,154.427175462246,80.2478439807892,195.340149790049,918.094914108515,3054.50517606735,8983.35017177463,732.595622360706,2409.25960400701,1146.78049513698,1042.07188463211,401.725174725056,48.8897649347782,0,33460.5847373903,6018.37245795131,7574.22414389253,18148.2675852478,2637.54221367836,2467.03036853671,46.2808062434196,1992.07960021496,645.359421551228,807.849357694387,450.26773032546,1501.97649973631,9048.21254846454,2542.8384423852,1873.77887156606,7352.54503026605,1159.69998055696,1652.77730336785,57.1527038812637,2689.49820873141,334.024772375822,14972.2691177726,809.844545036554,3890.2513577342,3231.32067227364,419.336392313242,4700.83692839742,3500.41014486551,16185.8821542263,7579.39397528768,114.80867382884,19377.2365967333,28296.4512332976,10806.3250632584,1801.73699149489,801.676067978144,464.605453431606,643.090448230505,50.0400198101997,1937.28349846601,14922.0313393176
1.32685071229935,321.980412423611,200.942971408367,0,3.45585137605667,1.51167488098145,33.6928149759769,7.37786364555359,227.855782538652,7.82216522097588,578.483998715878,2.98360857367516,1954.47122496367,8.93213334679604,27.7448824644089,641.444913327694,315.757318258286,74.6612047553062,88.1240501701832,0.450936138629913,459.353408932686,294.980082958937,697.583525896072,359.033099800348,325.402120411396,839.891088694334,1749.2956186533,374.47333753109,31.3221057653427,123.616642534733,205.354341506958,7.20157426595688,9.85811227560043,132.291408479214,1119.92447850108,761.304856985807,187.845676362514,293.918182045221,177.579474061728,25.7873677015305,2.55545353889465,171.793764591217,33460.5847373903,0,5313.2958971858,16605.9258397818,296.090812325478,340.577503025532,1084.75165358186,10.3614269196987,338.391701549292,182.872246056795,0.809187710285187,10.9233162403107,14.7367745637894,80.8254920840263,40.8311011493206,71.6734122633934,43.6668418347836,2742.867143929,24.3560424149036,1940.63077515364,65.0804951488972,22.250345826149,1928.51296541095,1134.21566796303,1272.00376975536,1468.21421390772,2.6608991920948,419.266999959946,419.930398344994,1442.9309168458,733.141766607761,188.6507204175,8816.53088912368,6938.92439374328,604.222877651453,59.4299282431602,43.7806078791618,1504.97627407312,37.4513889551163,1.68853816390038,470.941995739937,4670.08092901111
5.31807178258896,161.085728615522,985.30816090107,17.1207487881184,10.2846440672874,46.4942093193531,795.144912362099,239.006865650415,403.32600030303,175.547791242599,44.1004114449024,46.7514550983906,857.263943523169,112.493083208799,31.7865661978722,713.233912408352,722.351637274027,57.160691678524,79.1932199299335,26.2161243855953,773.467628210783,398.94655546546,2130.61726805568,1650.16215619445,105.433209836483,1020.43716424704,3450.75764191151,1657.60890763998,184.10477244854,516.163757055998,143.797621279955,4.36339816451073,55.8546264767647,270.605768054724,471.853844881058,2141.41947215796,198.629944354296,772.165145605803,370.519860237837,277.706884413958,77.5438004136086,11.5850450396538,6018.37245795131,5313.2958971858,0,7149.99616625905,812.461344569921,2144.74950057268,4761.93104863167,280.396838545799,583.251122742891,385.123753875494,191.623742550611,16.3114032447338,389.893651276827,4171.38365417719,765.888337165117,486.485902518034,2868.13751584291,1312.80393749475,753.650781452656,215.96343767643,1613.43255093694,109.13052752614,4437.98619759083,696.087244898081,4966.12996357679,2929.18496644497,177.701166629791,7499.75001357496,948.481768727303,17607.6646437347,3165.14397731423,128.28656950593,8622.95233517885,11790.9812649488,7060.04090127349,3385.03512302041,1592.28557780385,365.655799567699,498.852012753487,687.944835662842,2449.57566449046,1704.7889405489
2.39130336046219,190.224873274565,1056.06756481528,7.76401725411415,17.3418182134628,22.0402195751667,181.314508199692,41.6931137442589,186.830831229687,43.2893379330635,35.235254496336,13.8859499692917,267.708583831787,25.7514927983284,58.4092907309532,771.402334600687,892.363539993763,33.3103007674217,98.6453110873699,6.88159841299057,495.938438564539,442.988932847977,2640.93153491616,549.614260673523,76.5282914042473,1147.80255043507,4123.13603931665,608.041548192501,57.2490293085575,258.639547795057,82.1156931221485,3.52548098564148,13.5412567555904,213.243768215179,2660.85015389323,1740.75941646099,296.272258073092,792.689378857613,641.906596243382,149.800556153059,26.9152141213417,5.12030893564224,7574.22414389253,16605.9258397818,7149.99616625905,0,3383.7130125761,3041.78972107172,1545.94347301126,69.3331069350243,831.567488104105,418.863018035889,35.5882937908173,21.4522044658661,78.6187129616737,856.082440257072,201.632214963436,139.04964274168,345.635796278715,379.945773422718,151.571847647429,28.6619663238525,393.950226694345,31.6370378136635,5185.69996786118,654.871089816093,1932.46457272768,2259.83744823933,28.6140186488628,3238.49766474962,1184.56355062127,15150.2496975362,1314.55914661288,60.9730147123337,9263.16795885563,17733.0994553566,2229.41601854563,515.706164032221,472.527521818876,174.675734639168,43.2840404510498,71.1572342216969,353.873276621103,9453.6049797833
0.769958853721619,7.92845731973648,29.0697726905346,182.022340536118,28.3571287989616,190.809439182281,1178.95490288734,486.665309280157,435.346987068653,848.918960601091,6.47123539447784,457.162269204855,2206.22031703591,194.866412490606,90.4509833455086,57.5617084503174,20.5977892577648,0,0,147.079347699881,58.7472424507141,34.1557329297066,101.094401419163,1381.80240648985,6.01155769824982,18.2995184361935,87.8087940514088,1606.47804567218,213.238272726536,93.492718398571,2.85417926311493,12.4026486873627,29.2362948060036,132.640860557556,80.12544298172,1264.01892152429,33.2549247741699,249.461967498064,74.303607583046,478.721326947212,175.690982818604,24.4005615711212,18148.2675852478,296.090812325478,812.461344569921,3383.7130125761,0,825.314879596233,1795.04818117619,16.4883723556995,110.85819247365,24.6741175055504,1110.2491543591,11838.7334673703,8022.80640637875,2120.13826683164,4359.33284422755,1546.81184542179,4394.57305401564,238.10787203908,3564.17606848478,8.09792321920395,1397.95830518007,5488.56303846836,263.816649407148,37.8706907331944,270.549704104662,75.7996128499508,632.87815412879,196.293860852718,302.513910025358,509.281525671482,3297.61611011624,8.72448599338531,327.046252042055,677.622568041086,2498.82976350188,609.861778825521,58.9863182902336,23.2016304731369,1043.46207410097,17.8990615308285,878.31399217248,237.378461480141
0,3.21120929718018,10.5856007039547,14.3601554334164,2.94976019859314,36.4512296020985,471.464827120304,167.453977763653,131.82460090518,167.377054870129,1.81657254695892,23.1438499689102,312.419356197119,43.8359917104244,13.0077325701714,43.3604876995087,4.39554756879807,2.34981447458267,1.06564366817474,30.1532766222954,39.9881497621536,20.1119368076324,36.0943285226822,704.444224238396,0,14.3214457631111,40.4896318018436,709.423993766308,54.2738763093948,88.3885209858418,4.81420809030533,1.98875656723976,16.4681750833988,42.6152721941471,188.228367209435,456.771332740784,21.7657350897789,61.5508362054825,22.7388008236885,293.65244191885,33.9343207776546,3.03335407376289,2637.54221367836,340.577503025532,2144.74950057268,3041.78972107172,825.314879596233,0,1055.93561694026,3.9085678756237,13.3907761573792,18.2628254592419,125.799620360136,1750.65160191059,2899.5606559813,1196.30337306857,2546.33413895965,193.313449919224,1621.7961537838,75.6350934803486,455.877810835838,2.81236112117767,969.61419069767,89.1801272332668,101.495253294706,19.9959724545479,115.764421582222,41.2804441452026,107.368061155081,90.8016591072083,30.1657255887985,184.130564272404,604.87765237689,5.8661590218544,213.240550458431,195.40560644865,1026.80178320408,908.600117385387,62.9963769614697,5.90189552307129,10232.5792869925,23.0445931553841,172.833862394094,816.385407447815
0,210.241019368172,0.726906478404999,12.3445564806461,18.8406450748444,96.4489448368549,172.152598470449,71.9088760614395,105.964182823896,123.130871593952,329.242797881365,64.7851029932499,1618.6612149477,11.9541625976562,42.1448373496532,14.8855913877487,5.10418754816055,6.78968560695648,2.61975812911987,19.2033012807369,10.6690388321877,115.737686544657,4.93564832210541,291.77274736762,565.321250170469,16.6184579730034,72.4501793682575,194.778887063265,28.4864799082279,21.468569457531,33.9261034429073,28.400188177824,4.27662840485573,224.878425478935,74.96897149086,154.916972011328,58.3279150128365,140.941984802485,9.46218425035477,727.014661967754,26.5542126297951,912.553662598133,2467.03036853671,1084.75165358186,4761.93104863167,1545.94347301126,1795.04818117619,1055.93561694026,0,1.44823348522186,312.594829440117,10.3390911817551,61.9391782283783,6.53907078504562,289.16721495986,394.162375450134,500.533186167479,117.036400616169,930.501763790846,4233.63945096731,375.965274900198,3716.46901327372,505.524809330702,47.8627118766308,19.0004304051399,8.57965111732483,56.0767391622066,11.5553794503212,96.387929558754,23.7612257897854,105.5963332057,45.9633536636829,221.784046590328,1185.32765841484,473.664623707533,605.806774199009,316.308010429144,311.970769584179,13.9030433893204,412.690837979317,272.824072003365,5.5139547586441,2558.14688029885,320.578042924404
0.94159209728241,2.77685701847076,3.2345113158226,1.15738093852997,0,0,30.2962402105331,7.56287759542465,60.6633025705814,0.416197568178177,0,0,5.06070733070374,5.05310758948326,0,15.3226066827774,6.96071800589561,0,2.89539539813995,0,44.0280620455742,18.2608958780766,8.68726918101311,136.562088221312,2.5183989405632,16.2316951155663,24.3818235695362,117.120800435543,6.90098756551743,28.0937432944775,0.478736996650696,0,2.39331203699112,3.55020400881767,2.37302243709564,59.6110899746418,4.312251329422,7.38405305147171,5.46827545762062,1.55714774131775,2.4621439576149,0,46.2808062434196,10.3614269196987,280.396838545799,69.3331069350243,16.4883723556995,3.9085678756237,1.44823348522186,0,8.05946007370949,206.588579058647,11.2949713766575,0.610993385314941,5.12217384576797,8155.88139984012,218.001811951399,67.9441600739956,49.27722209692,9.3402191400528,2.68791687488556,0,7275.14365842938,2.06753331422806,24.8388833701611,1220.0466247797,173.985434353352,457.727227210999,1.00355353951454,387.706314325333,33.0881342291832,684.250883102417,227.652734279633,2.2989490032196,541.430776387453,297.736802667379,501.998185604811,13335.2140513062,7010.25443673134,0.93977564573288,1.89126697182655,43.2864266633987,529.514876514673,15.152745783329
0,948.703998953104,626.243133038282,0,1.70419490337372,0.311410188674927,6.38884401321411,5.16390508413315,31.8453254103661,6.09660586714745,421.256066381931,0.758762538433075,580.867509692907,4.44740080833435,4.06977891921997,131.825780272484,637.61296877265,14.8026915192604,92.8610342741013,0.45823410153389,16.3169791996479,291.391963690519,323.618749648333,62.5630451738834,814.429723381996,1019.51930859685,5239.57769915462,29.4259227514267,13.3484519720078,12.8798503875732,65.436327457428,1.67635715007782,0.487633764743805,128.829050630331,149.525363206863,846.169961482286,174.334769129753,355.468547165394,240.45927837491,3.24184060096741,4.92231011390686,180.642029047012,1992.07960021496,338.391701549292,583.251122742891,831.567488104105,110.85819247365,13.3907761573792,312.594829440117,8.05946007370949,0,1146.98527675867,0.938542485237122,25.5775567293167,24.537848263979,65.6439573764801,10.9807803034782,1856.49621927738,9.91394445300102,220.119793772697,1.2905079126358,685.842538207769,41.5552807152271,133.171341389418,269.184034496546,1845.43921110034,49.8851963281631,457.489544987679,0,120.885738819838,4277.28872138262,1321.08833649755,2813.1371588707,1157.87219026685,1316.64023509622,34822.3351362199,135.790197879076,39.1767922341824,108.766010284424,20.5175184011459,6.62643736600876,7.34764918684959,226.962045758963,374.75081461668
2.11852839589119,287.724520623684,2778.13887199759,0,0.781383514404297,1.5596236884594,8.0783631503582,1.85836100578308,10.204020857811,0.612071603536606,11.9838593900204,0.523670434951782,13.5364924073219,6.32467380166054,0.501899719238281,155.790673077106,1902.59420824051,9.61036530137062,70.6140154004097,0,53.3008463084698,193.599751621485,1230.01499849558,55.4825810194016,4.06094592809677,1053.81940996647,4040.24637085199,30.6070121526718,24.3526674509048,20.2779318392277,2.1040358543396,0,2.70319840312004,344.301810115576,89.834443628788,1474.7052051723,105.557537138462,883.607657581568,481.244156599045,3.86955884099007,5.20235532522202,0.58447927236557,645.359421551228,182.872246056795,385.123753875494,418.863018035889,24.6741175055504,18.2628254592419,10.3390911817551,206.588579058647,1146.98527675867,0,0,2.05766046047211,19.9221404492855,6108.24684694409,750.621782273054,56.5882211327553,11.6995951831341,4.83576261997223,2.12315163016319,0,2348.78918394446,7.56545680761337,513.660291463137,9220.20526885986,60.5097438395023,689.772181436419,0.845982074737549,1450.35131588578,578.3399310112,34830.3043990433,421.663948833942,3.82260727882385,62754.80178985,56114.2641788125,1617.036146909,272.745301485062,2270.77954268456,0,2.02565133571625,6.68993934988976,142.900801002979,102.117296129465
2.1390820145607,7.58924466371536,0,2242.91282126307,16.1202347874641,281.035853803158,617.92128148675,354.492492258549,1267.06775668263,7614.75550785661,3.84414854645729,1173.88585373759,154.256476670504,123.742369920015,36.2679942846298,2.2147188782692,0.491173654794693,0,0.921094000339508,1531.34922501445,0,54.3500243425369,0,1954.21298626065,5.3865704536438,1.29077005386353,12.6118948459625,2622.1360784173,103.466364294291,1.81075042486191,0,15.4621952474117,4.89215266704559,67.7692514955997,9.60076108574867,499.659292936325,1.61103248596191,103.216632246971,28.2292522788048,234.779346644878,78.6472825706005,5.44805186986923,807.849357694387,0.809187710285187,191.623742550611,35.5882937908173,1110.2491543591,125.799620360136,61.9391782283783,11.2949713766575,0.938542485237122,0,0,109.040766268969,395.47079923749,967.587937474251,493.027636498213,4495.25169891119,7423.07899025083,59.9539807140827,7184.161067307,1.57068300247192,531.524361371994,917.849695414305,0.309388428926468,1.47896531224251,44.1734305620193,17.9002978801727,26414.1169099808,6.17172592878342,4.05742901563644,5.32704547047615,9177.42271032929,0.702952980995178,59.8003085553646,19.8998520970345,13574.30168432,285.80482134223,8.54717686772346,1.38136839866638,41.4593932628632,2.3831692636013,149.690783441067,72.1961191594601
0,0.524918675422668,0.992572426795959,1.0884929895401,0,1.79106122255325,0.667904436588287,0,8.73842838406563,7.69402915239334,0,7.9596238732338,2.95649170875549,0,2.5561802983284,10.9593241214752,1.55239045619965,0,0,2.37121841311455,10.5213421583176,2.00252825021744,9.07315772771835,10.8708711266518,2.60296469926834,2.3204762339592,3.08690994977951,14.7730524539948,1.43389070034027,3.15542095899582,0,0,0.568952083587646,0.95076060295105,50.1091141104698,13.0719199776649,2.57664275169373,2.09607779979706,11.2112438678741,3.81305432319641,0,0,450.26773032546,10.9233162403107,16.3114032447338,21.4522044658661,11838.7334673703,1750.65160191059,6.53907078504562,0.610993385314941,25.5775567293167,2.05766046047211,109.040766268969,0,1072.69391402602,63.9976485669613,143.042048275471,220.484084129333,94.1211552023888,12.9889389276505,217.889987438917,0,46.656052261591,3884.40601998568,42.2456941604614,4.00121232867241,9.3665589094162,0.817210972309113,42.6753082871437,28.9927145242691,79.7972538471222,47.1587752103806,640.486741781235,2.96699434518814,15.1930599808693,105.530102789402,217.964346885681,13.9544506371021,5.70134192705154,0,482.781528651714,0,293.690608620644,42.5617280304432
3.58045023679733,1.35742819309235,0,324.089807480574,21.1712695360184,247.450513124466,473.825568825006,317.83202713728,285.230820924044,1548.53839889169,0,582.272250533104,345.534503132105,94.3304707109928,53.4179128110409,1.57875064015388,0,0,0.662023305892944,275.15280982852,1.94935238361359,0.620869338512421,1.56034392118454,508.514269500971,0.922582507133484,1.37401479482651,2.60980978608131,562.942722976208,61.9370349943638,1.08433365821838,1.21797466278076,19.591685295105,7.0733690559864,54.4645707011223,185.714174687862,376.982659965754,3.71477735042572,52.9985684752464,19.3948162198067,225.527684360743,43.5410619974136,3.62652349472046,1501.97649973631,14.7367745637894,389.893651276827,78.6187129616737,8022.80640637875,2899.5606559813,289.16721495986,5.12217384576797,24.537848263979,19.9221404492855,395.47079923749,1072.69391402602,0,2815.1754732132,19320.4013681114,1438.83819156885,22613.7284321785,196.276354163885,6536.46306809783,15.2975510954857,2020.30099821091,4654.98693150282,5.0161766409874,6.67460259795189,308.283806800842,47.1477536261082,788.045193254948,10.9062226712704,91.0844995677471,26.5008779764175,1160.99677219987,2.98171138763428,319.867356389761,113.850961476564,479.489151656628,437.01460185647,11.1176208555698,25.2093675136566,433.33138525486,1.12155681848526,528.129462242126,610.300806224346
1.65262776613235,14.0132947266102,55.5245043039322,129.705008417368,11.8013740777969,66.3658993244171,1212.01477190852,583.190720111132,633.52434450388,749.053877830505,7.96526741981506,70.8273805379868,374.425425201654,248.609686762094,43.0138833522797,57.5803393125534,18.5542887747288,0,1.53777086734772,73.4761132001877,133.596543610096,73.8196133971214,193.089401990175,2404.09733828902,7.58764931559563,24.5728144347668,260.15667656064,2305.79848065972,324.331178933382,195.160595178604,0,52.9264421164989,41.6317425370216,178.513362765312,182.45940464735,1702.31428971887,38.5475431382656,371.680169939995,103.0207503438,332.66175237298,152.909005731344,29.4188902080059,9048.21254846454,80.8254920840263,4171.38365417719,856.082440257072,2120.13826683164,1196.30337306857,394.162375450134,8155.88139984012,65.6439573764801,6108.24684694409,967.587937474251,63.9976485669613,2815.1754732132,0,21189.8195301294,1327.6550950706,16504.4023075998,568.442368626595,312.665786474943,9.34474205970764,42251.6534715593,345.779155194759,196.286026835442,6540.13960406184,1123.58120125532,1356.43264940381,85.7266838550568,6550.65669190884,172.495127350092,14762.2325187027,8050.17554238439,10.1888881325722,3264.94515256584,1631.04354484379,74174.7713399231,11624.3771020472,30259.2838922143,34.5778745412827,162.997159451246,447.648952662945,3807.48940098286,1851.57330223918
3.54920783638954,0.755885362625122,0.525885820388794,143.619655400515,3.69760853052139,81.8723198473454,1398.94015175104,481.459597975016,436.950834572315,976.980160295963,0,140.661896407604,592.315111488104,175.002426922321,20.7301016449928,15.5555299818516,0.768207550048828,1.13884675502777,0,128.201288402081,37.2700747549534,12.4918694794178,8.84432336688042,1751.88480260968,3.00450614094734,3.80082878470421,12.7397694885731,1523.80934876204,135.797534942627,40.8334932327271,1.27170968055725,4.20448803901672,24.0850130915642,112.614866256714,20.4227833151817,1000.38322028518,6.87295186519623,160.857900798321,24.0256426036358,337.847744196653,99.3695285320282,8.58404272794724,2542.8384423852,40.8311011493206,765.888337165117,201.632214963436,4359.33284422755,2546.33413895965,500.533186167479,218.001811951399,10.9807803034782,750.621782273054,493.027636498213,143.042048275471,19320.4013681114,21189.8195301294,0,844.638068586588,23743.8695293963,298.323731780052,4866.33475252986,18.014754652977,18151.8179340065,1066.2262955606,29.7177083194256,506.775862932205,422.209051460028,233.571492522955,881.233445107937,411.603458195925,54.1181725859642,1180.30901858211,1646.82379430532,4.06085747480392,894.768142849207,209.1206959337,2353.5721835494,1087.37194174528,1137.59305724502,30.6420250833035,478.070573866367,16.043692022562,1044.8387504518,171.778401196003
5.44860017299652,62.6032500863075,12.1828087866306,2477.10192576051,27.0844522714615,273.890034675598,738.607961237431,405.190008878708,4550.01433995366,4163.82063311338,101.855490148067,1097.74755147099,198.399699479342,162.642874032259,97.9529627561569,49.52005854249,21.8385138213634,19.6063729822636,24.449057251215,785.38629090786,25.9057496786118,134.447800278664,27.0403726696968,4244.74260792136,43.7024970948696,63.203205883503,91.3644932508469,3366.34134727716,244.301769375801,31.7443142831326,13.7427493929863,70.2601153850555,33.7151063680649,84.5100441277027,85.0432141423225,685.155861526728,39.8528002500534,154.449805885553,40.4620702266693,296.705481618643,63.1136128604412,36.7211307585239,1873.77887156606,71.6734122633934,486.485902518034,139.04964274168,1546.81184542179,193.313449919224,117.036400616169,67.9441600739956,1856.49621927738,56.5882211327553,4495.25169891119,220.484084129333,1438.83819156885,1327.6550950706,844.638068586588,0,3219.20122534037,103.202319443226,3683.9759285748,98.3500242233276,826.027893453836,957.410768151283,18.0173178017139,217.592266112566,140.558121263981,72.5570448935032,1178.46283864975,21.9049677550793,9600.80668205023,65.1205473840237,32969.5832084119,327.680958241224,339.08558255434,5334.51097840071,6629.21066993475,1117.78294833004,205.757619649172,9.46195530891418,66.3646737039089,72.5146145224571,443.85861569643,344.402838140726
2.71355268359184,2.55139604210854,0,2677.7656943202,28.1242358982563,594.805837988853,1758.93412458897,1053.24256449938,1090.1721907258,14707.0161584616,1.79231780767441,1664.71462851763,792.736968100071,371.037966877222,104.874622762203,2.63927328586578,0,0,0,2083.51714409888,1.75499588251114,4.37187403440475,1.14259123802185,3133.67870390415,6.53771421313286,0.566355049610138,1.35746228694916,4108.09907132387,276.466471493244,3.08244287967682,0,8.15354579687119,18.7698922753334,226.011268883944,57.1875699460506,1695.92893823981,3.03348961472511,320.013953059912,51.4700437486172,733.713442265987,335.666229188442,8.90361103415489,7352.54503026605,43.6668418347836,2868.13751584291,345.635796278715,4394.57305401564,1621.7961537838,930.501763790846,49.27722209692,9.91394445300102,11.6995951831341,7423.07899025083,94.1211552023888,22613.7284321785,16504.4023075998,23743.8695293963,3219.20122534037,0,971.165859848261,12137.9893526435,35.8345481753349,10121.4128057659,797.784364521503,12.5053070187569,45.9999100267887,1672.62095820904,379.396649390459,7941.08590841293,49.687970906496,10.739568695426,87.0770501792431,846.282973885536,16.4983202517033,1725.65642732382,368.491202384233,9623.83751174808,3084.1926728487,73.7297042608261,94.1540093123913,332.597365021706,8.47418302297592,2635.20652398467,826.297071069479
0,194.238433420658,0,4.01467680931091,2.55457091331482,10.1330645382404,108.398401141167,18.1941620409489,114.758613944054,24.1754719913006,1547.36099666357,8.43179792165756,3612.14881536365,7.58984041213989,7.11817508935928,8.17592334747314,2.82737362384796,137.24447876215,15.6126775145531,0.847874194383621,8.91477763652802,143.446819067001,2.60870429873466,235.322893112898,421.675624191761,180.016411960125,135.053983420134,177.853102862835,13.6352427601814,19.4670146405697,388.085356026888,3.05862677097321,3.88708198070526,77.0268830060959,22.0876593589783,91.8591504395008,284.361017048359,34.7869067192078,11.3086068034172,73.1830357909203,6.63081014156342,250.076548397541,1159.69998055696,2742.867143929,1312.80393749475,379.945773422718,238.10787203908,75.6350934803486,4233.63945096731,9.3402191400528,220.119793772697,4.83576261997223,59.9539807140827,12.9889389276505,196.276354163885,568.442368626595,298.323731780052,103.202319443226,971.165859848261,0,340.977155506611,10009.462513864,1201.83156642318,43.028966486454,20.3143413960934,5.47272521257401,17983.8657158613,754.124959766865,67.3711469173431,15.5444203317165,78.3278034031391,36.1038095057011,196.542810231447,675.439911812544,4737.02697896957,551.759705156088,309.849956333637,2224.10909220576,22.0134199559689,1322.6377915144,1937.72122645378,9.22135311365128,8356.8397153914,135.826594531536
0.353866994380951,0,0,1771.22520545125,50.5691705942154,724.367704451084,306.558798760176,278.597703456879,1064.760155797,5975.41981193423,4.70127633213997,2812.64297375083,235.963375687599,64.9432636499405,155.226484417915,2.48441696166992,1.2567275762558,1.88050416111946,3.10066679120064,1306.86667430401,1.35273230075836,4.98210349678993,2.16426491737366,498.279234260321,1.10141861438751,3.05527281761169,6.10584545135498,1297.61743333936,54.9045283794403,0.768854558467865,0,9.45135781168938,3.46033191680908,44.3946462571621,1001.6026712358,324.335631430149,15.7524814009666,68.8998235464096,36.0347956418991,413.416596978903,55.0884246826172,0.443485200405121,1652.77730336785,24.3560424149036,753.650781452656,151.571847647429,3564.17606848478,455.877810835838,375.965274900198,2.68791687488556,1.2905079126358,2.12315163016319,7184.161067307,217.889987438917,6536.46306809783,312.665786474943,4866.33475252986,3683.9759285748,12137.9893526435,340.977155506611,0,18.1997061669827,3060.56855526567,2707.20017939806,6.33698791265488,10.5934923887253,747.073287039995,123.751331776381,23704.2101798058,18.612181276083,3.75128185749054,30.8404596447945,772.326177716255,6.36047527194023,699.170140534639,101.413479268551,649.428989231586,1005.59179094434,16.6826164126396,62.6170699000359,148.271898567677,2.04181909561157,992.209091573954,3871.70704680681
0,384.66493421793,0,0,0,3.40702497959137,1.72064781188965,14.1822136044502,90.4588658809662,12.9479928910732,5362.33678898215,5.37833964824677,8367.99031594396,5.28860276937485,0,10.0689626932144,7.33315026760101,257.944220155478,29.7849875092506,0,0,247.88970464468,2.52000468969345,80.2347170114517,2340.63553854823,507.591004788876,363.082922756672,2.7876051068306,45.8984191417694,0.91379976272583,1012.34651690722,14.445603787899,0,246.416621685028,3.46688234806061,21.958854675293,647.279434740543,180.583080649376,2.42250388860703,9.2939158976078,3.91224104166031,1301.07774031162,57.1527038812637,1940.63077515364,215.96343767643,28.6619663238525,8.09792321920395,2.81236112117767,3716.46901327372,0,685.842538207769,0,1.57068300247192,0,15.2975510954857,9.34474205970764,18.014754652977,98.3500242233276,35.8345481753349,10009.462513864,18.1997061669827,0,108.782990217209,6.46459054946899,0.609995484352112,2.2976485490799,7.68253520131111,0.604683876037598,1.32775235176086,0.432935148477554,233.853607535362,2.92549759149551,122.185324460268,5900.18086972833,236.658344686031,4444.45449969172,1.9450159072876,189.744224131107,0.331593841314316,1584.87931162119,257.815082550049,0,1319.82065999508,11.5571547150612
0.343366265296936,14.8949819207191,17.5375778377056,56.1890454292297,1.27288249135017,52.3866142034531,1213.6149867475,229.046675026417,499.135248422623,374.140318006277,3.02329850196838,69.6325567066669,471.737751066685,82.8204863965511,17.6589301228523,48.1912760734558,9.05468508601189,1.18392026424408,0.875508189201355,54.2352372407913,100.730732709169,51.1619666218758,36.9159079790115,1919.76477384567,17.5413587093353,38.7093657851219,102.493449181318,1757.51900798082,79.841387540102,117.369082897902,6.56515154242516,1.38877296447754,26.2726938575506,76.4338718354702,27.6355169117451,790.694110900164,22.566811144352,96.8347890377045,24.6426041424274,246.234446316957,46.5708659589291,5.36572402715683,2689.49820873141,65.0804951488972,1613.43255093694,393.950226694345,1397.95830518007,969.61419069767,505.524809330702,7275.14365842938,41.5552807152271,2348.78918394446,531.524361371994,46.656052261591,2020.30099821091,42251.6534715593,18151.8179340065,826.027893453836,10121.4128057659,1201.83156642318,3060.56855526567,108.782990217209,0,380.009178429842,82.4257104098797,3501.64682844281,1918.6542454809,1423.20317795873,604.130284279585,1648.50730919838,153.171001732349,4753.14549532533,2140.89655098319,22.077142983675,3451.99857664108,1006.63063508272,4095.64498534799,16297.1772208363,12896.8640572727,157.823507577181,214.316204279661,83.1388927698135,3140.23433372378,290.553428828716
0,9.25544947385788,5.68438184261322,18.18756249547,0,18.121563911438,41.3739684224129,10.7927933335304,34.1247636675835,69.9228692948818,1.88577818870544,40.4667475521564,38.8270036578178,6.76501277089119,6.54808121919632,25.5145127177238,0,0.990155160427094,5.76763087511063,17.5721668601036,25.5096840858459,3.31898164749146,36.4055142402649,81.8030681610107,1.14486193656921,13.1818299293518,48.5968126654625,78.8752916455269,10.5933042168617,21.7617862820625,2.07678359746933,1.60630595684052,1.29623281955719,2.75654339790344,836.432000875473,61.8810728490353,44.0287737846375,18.5284424424171,64.4665322899818,18.2951518893242,2.48261016607285,5.53412598371506,334.024772375822,22.250345826149,109.13052752614,31.6370378136635,5488.56303846836,89.1801272332668,47.8627118766308,2.06753331422806,133.171341389418,7.56545680761337,917.849695414305,3884.40601998568,4654.98693150282,345.779155194759,1066.2262955606,957.410768151283,797.784364521503,43.028966486454,2707.20017939806,6.46459054946899,380.009178429842,0,47.6464990973473,15.1477023363113,76.3333190977573,19.7732316255569,450.565440952778,32.621942281723,418.439869999886,63.3048716783524,3819.85567474365,24.4041350781918,86.7714034020901,489.597957849503,1123.89265847206,162.057979255915,7.09487941861153,10.1677227914333,304.369906544685,6.79686546325684,134.426174461842,1059.80446588993
2.43392267823219,56.4644447565079,393.783628731966,0,41.952207416296,1.23585534095764,109.677062362432,11.4288012683392,1108.96581375599,3.55475074052811,3.60641986131668,0,40.5159731507301,31.4358468949795,37.7047135233879,8686.37852415442,165.563792616129,1.07001823186874,15.4029741287231,0,3501.1121365428,1598.1947530508,12629.0373373926,1736.72598010302,3.79449185729027,130.645481735468,4250.04162120819,1235.59908103943,52.0018319487572,530.284736931324,0,1.79766935110092,21.4483181238174,124.331801980734,784.706192046404,3549.41401097178,378.190273761749,1120.22014114261,899.557168483734,35.2575806975365,13.4561263918877,3.95751190185547,14972.2691177726,1928.51296541095,4437.98619759083,5185.69996786118,263.816649407148,101.495253294706,19.0004304051399,24.8388833701611,269.184034496546,513.660291463137,0.309388428926468,42.2456941604614,5.0161766409874,196.286026835442,29.7177083194256,18.0173178017139,12.5053070187569,20.3143413960934,6.33698791265488,0.609995484352112,82.4257104098797,47.6464990973473,0,662.579631745815,114.113827466965,272.289652764797,0,8681.9247033596,9178.23478415608,12962.2639104724,5125.82907798886,7.03412356972694,619.734279960394,9528.59998959303,2735.00081697106,89.7426396906376,2137.00205990672,2.83062243461609,1.28135681152344,16.9323904514313,1140.62674084306,3576.00524270535
0,695.327440708876,2865.78028997779,0,0.958047091960907,1.00738418102264,19.6729674935341,1.33226370811462,82.9007051289082,0.36802139878273,48.2249554395676,0,24.1413404047489,6.64775267243385,3.09782421588898,183.95289349556,3465.17579695582,22.222285091877,207.59893104434,0,111.896551519632,307.538559019566,1003.57269871235,196.101549059153,36.836506485939,3755.03092139959,7553.32590728998,183.782588809729,33.2640793919563,70.6998404562473,0.983074933290482,0.789210915565491,6.84847834706306,471.672451645136,93.6197558939457,3363.14348462224,341.567204922438,1360.05570423603,901.83449319005,8.44333755970001,4.58637493848801,3.15457326173782,809.844545036554,1134.21566796303,696.087244898081,654.871089816093,37.8706907331944,19.9959724545479,8.57965111732483,1220.0466247797,1845.43921110034,9220.20526885986,1.47896531224251,4.00121232867241,6.67460259795189,6540.13960406184,506.775862932205,217.592266112566,45.9999100267887,5.47272521257401,10.5934923887253,2.2976485490799,3501.64682844281,15.1477023363113,662.579631745815,0,158.405551433563,4807.21363344789,1.05436307191849,3046.01547548175,773.037637680769,17147.4446412623,935.545838356018,16.9404394030571,6449.10792922974,21689.1851290464,1665.61597086489,2023.87183976173,9843.70542874932,0,6.64487618207932,25.7657728791237,2997.29434412718,135.343758016825
0,20.6726523935795,56.9832274019718,0,0,2.9492478966713,0,0,78.4737734794617,0,317.923989653587,0,169.969069480896,1.46607279777527,3.07365047931671,14.3686752021313,61.9726225733757,226.178392410278,87.5509668588638,0,5.92545032501221,30.9435459375381,31.5432060956955,12.6831305325031,109.291948616505,1130.17863407731,1017.50334462523,3.13119599223137,4.45232939720154,0.796408861875534,643.646442860365,1.71662753820419,0.57358193397522,14.0233188569546,135.593048274517,83.8273982405663,30.8276111185551,67.9161470830441,27.9075137972832,1.66109704971313,1.07626438140869,4.35019665956497,3890.2513577342,1272.00376975536,4966.12996357679,1932.46457272768,270.549704104662,115.764421582222,56.0767391622066,173.985434353352,49.8851963281631,60.5097438395023,44.1734305620193,9.3665589094162,308.283806800842,1123.58120125532,422.209051460028,140.558121263981,1672.62095820904,17983.8657158613,747.073287039995,7.68253520131111,1918.6542454809,76.3333190977573,114.113827466965,158.405551433563,0,4002.88809713721,144.270048320293,702.287032991648,30.7559377849102,936.398569852114,220.439482450485,76.4769217371941,3092.89478822052,1307.10998621583,391.483079642057,2932.32893908024,669.826886355877,15.8891380131245,1054.26491084695,33.5303061902523,9107.83687898517,486.63193744421
0,303.443055540323,319.965385496616,0,0,2.01472806930542,4.15519398450851,0,26.7841784954071,0.376496464014053,44.4379278421402,2.32573843002319,11.7655527889729,1.50840783119202,0,38.7862932980061,953.808680295944,55.5191197991371,187.474815040827,0,31.2424254715443,68.005917429924,151.096141606569,29.182540088892,206.660857856274,2371.44311958551,3669.07200610638,13.3147673308849,9.79647517204285,5.53520607948303,91.0025455057621,2.91001558303833,0.446169316768646,129.550887227058,91.4341579079628,686.244022071362,159.05085042119,370.906935691833,217.776189833879,3.05015099048615,1.1112642288208,1.84731715917587,3231.32067227364,1468.21421390772,2929.18496644497,2259.83744823933,75.7996128499508,41.2804441452026,11.5553794503212,457.727227210999,457.489544987679,689.772181436419,17.9002978801727,0.817210972309113,47.1477536261082,1356.43264940381,233.571492522955,72.5570448935032,379.396649390459,754.124959766865,123.751331776381,0.604683876037598,1423.20317795873,19.7732316255569,272.289652764797,4807.21363344789,4002.88809713721,0,29.9595653712749,1655.22428169847,171.540439039469,2752.0083194077,228.80421680212,50.3827161192894,18283.7174271792,11064.9492272139,413.839418113232,1487.49535924196,1919.33865082264,0,75.4963733553886,87.3281494379044,7368.76544040442,439.510852098465
1.12398689985275,0,0.84375262260437,824.741826415062,7.67475533485413,234.160127162933,255.025678396225,180.048677772284,376.279041707516,3580.50784444809,0,795.957081109285,125.929956912994,43.316352725029,33.8107526004314,0,0,0,0,661.938701331615,0,0,0,556.240050345659,1.11728572845459,0,0,921.221747070551,42.5415796637535,0,0,2.67305159568787,1.11144715547562,32.8913749754429,0.943173706531525,199.482743054628,0,59.4399162828922,7.60078793764114,139.87502014637,40.091763228178,4.30798172950745,419.336392313242,2.6608991920948,177.701166629791,28.6140186488628,632.87815412879,107.368061155081,96.387929558754,1.00355353951454,0,0.845982074737549,26414.1169099808,42.6753082871437,788.045193254948,85.7266838550568,881.233445107937,1178.46283864975,7941.08590841293,67.3711469173431,23704.2101798058,1.32775235176086,604.130284279585,450.565440952778,0,1.05436307191849,144.270048320293,29.9595653712749,0,0.487170070409775,0,3.86140543222427,975.747767984867,1.59481933712959,135.405901640654,22.7640673220158,1046.867911309,201.022015482187,1.1323493719101,13.1097562611103,29.8894169032574,0.573912978172302,205.75798651576,24.4083678424358
1.79254204034805,20.8945041298866,100.432539135218,0,3.07473081350327,0,32.3675052523613,6.12635290622711,505.456387013197,0,2.96303582191467,0,8.15351134538651,16.7522216439247,16.3136678934097,1379.20200243592,77.900012254715,0,5.47751623392105,0,1441.5298999846,370.505102068186,991.967637807131,628.923628330231,12.0537894666195,130.586453735828,552.127236992121,661.395702362061,40.6477718949318,354.343672245741,2.90255749225616,0,15.1178253591061,37.8159399926662,225.410617887974,715.585059583187,84.5400402247906,155.52277430892,112.640978366137,9.55753272771835,2.57314711809158,1.55330002307892,4700.83692839742,419.266999959946,7499.75001357496,3238.49766474962,196.293860852718,90.8016591072083,23.7612257897854,387.706314325333,120.885738819838,1450.35131588578,6.17172592878342,28.9927145242691,10.9062226712704,6550.65669190884,411.603458195925,21.9049677550793,49.687970906496,15.5444203317165,18.612181276083,0.432935148477554,1648.50730919838,32.621942281723,8681.9247033596,3046.01547548175,702.287032991648,1655.22428169847,0.487170070409775,0,815.406343400478,53208.3451190293,1310.21940547228,8.26049801707268,2024.89362105727,2973.71821473539,24248.3985124528,1277.67563158274,31183.2359464765,4.96403700113297,11.9552252292633,161.613800168037,14973.8788011372,1770.64598897099
3.36060380935669,182.225328028202,511.670643687248,0,6.70029520988464,2.76847434043884,39.2334465682507,6.4953850209713,1132.27527761459,4.52617913484573,113.353781223297,0.765301823616028,172.26057305932,18.1016329228878,6.8782365322113,2624.74931418896,202.476413875818,4.00634014606476,17.8242515921593,0,1061.25126287341,1278.29647666216,3315.71873873472,1227.68689060211,92.1101722121239,188.033728808165,4166.83015280962,557.07805070281,39.5783769488335,216.952001333237,16.7917606830597,2.34608763456345,11.8778441548347,117.168826580048,261.58236899972,1354.36810418963,171.686277717352,637.147527366877,327.164547264576,8.87830674648285,7.7619217634201,32.0199830532074,3500.41014486551,419.930398344994,948.481768727303,1184.56355062127,302.513910025358,30.1657255887985,105.5963332057,33.0881342291832,4277.28872138262,578.3399310112,4.05742901563644,79.7972538471222,91.0844995677471,172.495127350092,54.1181725859642,9600.80668205023,10.739568695426,78.3278034031391,3.75128185749054,233.853607535362,153.171001732349,418.439869999886,9178.23478415608,773.037637680769,30.7559377849102,171.540439039469,0,815.406343400478,0,2709.7412071228,32301.4205481112,506.133901178837,540.023549497128,14094.6446919441,1552.93379533291,276.473504841328,641.806226789951,6.02237325906754,21.0792939662933,32.7076055109501,297.631871014833,744.416854798794
3.35607552528381,170.628081858158,2295.68447190523,1.62999904155731,19.9448096454144,0,62.9437101781368,5.2771230340004,230.522695094347,0.744532704353333,11.8799460828304,3.05382239818573,29.5627738833427,21.6076179742813,33.8105872869492,2574.82970073819,815.195827454329,2.49161440134048,54.6435042321682,0.497632622718811,973.356830120087,1112.74753493071,7948.14288493991,571.575697481632,18.1517206132412,452.218098849058,8013.00153270364,448.508249282837,20.5173969268799,134.418989479542,3.19846171140671,0.407438486814499,7.41777914762497,341.888822138309,1053.75449222326,2925.74677935243,290.166803956032,1645.51460140944,906.210800170898,13.6222651898861,11.096816778183,3.57533228397369,16185.8821542263,1442.9309168458,17607.6646437347,15150.2496975362,509.281525671482,184.130564272404,45.9633536636829,684.250883102417,1321.08833649755,34830.3043990433,5.32704547047615,47.1587752103806,26.5008779764175,14762.2325187027,1180.30901858211,65.1205473840237,87.0770501792431,36.1038095057011,30.8404596447945,2.92549759149551,4753.14549532533,63.3048716783524,12962.2639104724,17147.4446412623,936.398569852114,2752.0083194077,3.86140543222427,53208.3451190293,2709.7412071228,0,2322.37791189551,11.2586170434952,5238.45554977655,42980.9006830901,12572.6242648065,1173.92257758975,20812.7179259658,8.43430161476135,11.3272113204002,47.1944022476673,9691.66501346231,5179.7796870172
17.6401759982109,125.141961187124,130.771650642157,1135.45053723454,39.8303545713425,181.980282664299,3163.12235715985,1577.05897581577,4052.29851555824,3394.57875463367,120.340817123652,233.171522498131,802.43348222971,763.054640263319,152.978740423918,1080.52829095721,88.8815290629864,0,11.1654869616032,382.054618775845,1214.59520208836,1168.64162319899,1017.25125586987,11787.3562268317,41.9077491760254,77.9988334476948,1033.07331487536,9950.70131635666,1319.19419142604,1185.57441973686,1.57544696331024,192.181471943855,199.695649802685,652.826657414436,389.475714743137,5776.36946937442,255.192203611135,1232.89428639412,349.018035680056,1043.15309676528,540.694461673498,128.229156434536,7579.39397528768,733.141766607761,3165.14397731423,1314.55914661288,3297.61611011624,604.87765237689,221.784046590328,227.652734279633,2813.1371588707,421.663948833942,9177.42271032929,640.486741781235,1160.99677219987,8050.17554238439,1646.82379430532,32969.5832084119,846.282973885536,196.542810231447,772.326177716255,122.185324460268,2140.89655098319,3819.85567474365,5125.82907798886,935.545838356018,220.439482450485,228.80421680212,975.747767984867,1310.21940547228,32301.4205481112,2322.37791189551,0,358.611976265907,711.144212663174,9955.88250404596,21838.4114073813,3587.27425676584,2930.98203375936,14.9252146482468,193.935753196478,576.151205658913,2896.29993963242,2047.94711470604
0,118.612501353025,2.93949103355408,0,0,0.488042503595352,0,0,20.3131855726242,0.821711778640747,929.82204374671,0.556203186511993,2242.6118285954,0,1.37023758888245,7.43921363353729,31.155683606863,110.071766614914,34.3238523602486,0,1.10965779423714,60.6336596608162,4.01335349678993,31.9601950645447,2397.24568665028,640.875086426735,1586.93171906471,1.39325469732285,6.97193616628647,0,588.221662193537,6.5388023853302,0,46.3415043950081,0,35.0232401490211,127.747569769621,58.9556786715984,13.4698384404182,2.35822701454163,0,317.206704258919,114.80867382884,188.6507204175,128.28656950593,60.9730147123337,8.72448599338531,5.8661590218544,1185.32765841484,2.2989490032196,1157.87219026685,3.82260727882385,0.702952980995178,2.96699434518814,2.98171138763428,10.1888881325722,4.06085747480392,327.680958241224,16.4983202517033,675.439911812544,6.36047527194023,5900.18086972833,22.077142983675,24.4041350781918,7.03412356972694,16.9404394030571,76.4769217371941,50.3827161192894,1.59481933712959,8.26049801707268,506.133901178837,11.2586170434952,358.611976265907,0,974.443836778402,19994.9771632254,9.34288442134857,31.2579945623875,3.17727947235107,639.013255596161,13.1633515357971,0,194.420472174883,13.7517882585526
0,950.954055994749,1130.69038456678,0,3.23918145895004,2.36389684677124,11.9896678924561,18.6539320647717,205.331915140152,1.46331608295441,4472.14431908727,6.60956919193268,4573.83226451278,18.6891558170319,2.43833976984024,106.097890943289,4226.64645692706,2710.88349676132,1892.32787382603,0.34281399846077,88.1041328012943,483.158058196306,428.327432215214,134.860857844353,2282.07302090526,17840.3619678915,20830.4273099005,34.2819827198982,130.822864741087,23.1431950926781,6940.56926715374,13.4853074550629,14.6823480129242,739.391432702541,696.403687149286,3522.66365104914,1187.12823283672,1991.38917586207,1002.09764710069,22.7224049568176,7.96310645341873,55.6975789964199,19377.2365967333,8816.53088912368,8622.95233517885,9263.16795885563,327.046252042055,213.240550458431,473.664623707533,541.430776387453,1316.64023509622,62754.80178985,59.8003085553646,15.1930599808693,319.867356389761,3264.94515256584,894.768142849207,339.08558255434,1725.65642732382,4737.02697896957,699.170140534639,236.658344686031,3451.99857664108,86.7714034020901,619.734279960394,6449.10792922974,3092.89478822052,18283.7174271792,135.405901640654,2024.89362105727,540.023549497128,5238.45554977655,711.144212663174,974.443836778402,0,35479.5323566347,935.64496999979,3532.93231779337,1827.04731464386,782.888052225113,1120.94447928667,120.347599029541,5733.98736475408,2683.51607787609
9.14421117305756,4634.766235888,12178.7106436789,0,16.8344059586525,0.958898186683655,73.6647354364395,36.9128675460815,204.078586220741,2.81737759709358,4166.59671244025,3.02020877599716,5101.54256850481,86.8335432708263,20.8971481025219,1582.35451158881,11485.9481183887,1904.73977223039,2475.16981482506,1.64087119698524,657.543405473232,2583.72857314348,11729.7660980225,587.008016258478,6066.99535521865,26385.8166428208,65888.6241715997,423.314397066832,205.144594460726,206.477022171021,6079.78042858839,6.83780664205551,28.3519529104233,2311.42833781242,1455.76695695519,13551.3331745863,2268.99467900395,7738.22010105848,4041.29773572087,45.3760174512863,20.5525466799736,202.58552762866,28296.4512332976,6938.92439374328,11790.9812649488,17733.0994553566,677.622568041086,195.40560644865,605.806774199009,297.736802667379,34822.3351362199,56114.2641788125,19.8998520970345,105.530102789402,113.850961476564,1631.04354484379,209.1206959337,5334.51097840071,368.491202384233,551.759705156088,101.413479268551,4444.45449969172,1006.63063508272,489.597957849503,9528.59998959303,21689.1851290464,1307.10998621583,11064.9492272139,22.7640673220158,2973.71821473539,14094.6446919441,42980.9006830901,9955.88250404596,19994.9771632254,35479.5323566347,0,1983.47335523367,1184.74943318963,2052.67890885472,559.820419371128,110.357484638691,102.819083601236,3252.01470774412,5492.95549881458
17.9311797618866,23.6948091983795,91.5767336785793,1563.92609035969,36.9256226718426,251.191131204367,3806.65221425891,1830.87883031368,2572.48355334997,5605.88266009092,31.2808502316475,510.810191124678,883.045830965042,820.33914360404,164.47646099329,993.638654112816,66.0647104382515,0.410208284854889,5.45549374818802,906.134847849607,1250.62417399883,380.119517177343,888.961972624063,9608.62960028648,4.78104937076569,32.7944546043873,477.948428034782,9863.78061929345,1276.76909583807,1431.37078019977,0.68076479434967,167.058294653893,192.016646414995,707.065933763981,433.977538496256,6259.9415678978,249.732207506895,1162.86565214396,295.034359276295,1242.39227113128,643.768937528133,99.6285257935524,10806.3250632584,604.222877651453,7060.04090127349,2229.41601854563,2498.82976350188,1026.80178320408,316.308010429144,501.998185604811,135.790197879076,1617.036146909,13574.30168432,217.964346885681,479.489151656628,74174.7713399231,2353.5721835494,6629.21066993475,9623.83751174808,309.849956333637,649.428989231586,1.9450159072876,4095.64498534799,1123.89265847206,2735.00081697106,1665.61597086489,391.483079642057,413.839418113232,1046.867911309,24248.3985124528,1552.93379533291,12572.6242648065,21838.4114073813,9.34288442134857,935.64496999979,1983.47335523367,0,8003.55543151498,27430.6802172065,7.87460947036743,136.251393079758,1673.98873060942,8342.83768515289,3235.68415263295
4.2116556763649,17.1594585180283,21.5909706354141,12.122511357069,2.24655258655548,16.7882341146469,777.335495680571,162.725714325905,748.937616363168,98.6060908734798,3.95016008615494,16.4638126790524,178.71015009284,82.5738307237625,31.7979261279106,118.517530202866,28.4916315972805,2.31234043836594,1.38974273204803,18.6710613071918,277.124272316694,104.113033473492,58.6312584280968,2173.55804994702,22.5482739508152,85.5765933990479,157.517674148083,2113.05514028668,98.51523193717,303.533552795649,21.0676810145378,3.09674799442291,37.3384363949299,68.9715585112572,68.9295042455196,988.234684377909,32.3115715682507,122.931059658527,49.8158675134182,172.432959973812,40.8839966654778,9.06322628259659,1801.73699149489,59.4299282431602,3385.03512302041,515.706164032221,609.861778825521,908.600117385387,311.970769584179,13335.2140513062,39.1767922341824,272.745301485062,285.80482134223,13.9544506371021,437.01460185647,11624.3771020472,1087.37194174528,1117.78294833004,3084.1926728487,2224.10909220576,1005.59179094434,189.744224131107,16297.1772208363,162.057979255915,89.7426396906376,2023.87183976173,2932.32893908024,1487.49535924196,201.022015482187,1277.67563158274,276.473504841328,1173.92257758975,3587.27425676584,31.2579945623875,3532.93231779337,1184.74943318963,8003.55543151498,0,11398.4817260504,283.520861536264,469.681270837784,4883.18513312936,12230.0306985527,458.744049489498
2.16369074583054,20.1055842339993,121.067344635725,0.870319932699203,2.71474212408066,2.21308732032776,116.814672827721,10.0491995811462,554.730582326651,0.880876570940018,0,0,17.5772071480751,21.0914863944054,21.4014264941216,581.990481078625,66.0739053785801,1.20369011163712,1.93775433301926,0,723.165190190077,250.74096506834,395.709699869156,1198.73453775048,12.2253885269165,75.3505489826202,483.432575643063,1434.95815211535,56.9286217391491,380.724733233452,1.61030125617981,3.2344126701355,33.6938958764076,66.479185372591,60.7769481241703,809.558443576097,51.2193407714367,161.161772757769,68.1571916639805,34.2462324798107,12.2712561488152,0.796611726284027,801.676067978144,43.7806078791618,1592.28557780385,472.527521818876,58.9863182902336,62.9963769614697,13.9030433893204,7010.25443673134,108.766010284424,2270.77954268456,8.54717686772346,5.70134192705154,11.1176208555698,30259.2838922143,1137.59305724502,205.757619649172,73.7297042608261,22.0134199559689,16.6826164126396,0.331593841314316,12896.8640572727,7.09487941861153,2137.00205990672,9843.70542874932,669.826886355877,1919.33865082264,1.1323493719101,31183.2359464765,641.806226789951,20812.7179259658,2930.98203375936,3.17727947235107,1827.04731464386,2052.67890885472,27430.6802172065,11398.4817260504,0,0.610671520233154,6.94311428070068,654.82209187746,7756.67914733291,201.46695202589
0,132.181886196136,0,0,0,1.24111568927765,0,3.11241310834885,46.6255545914173,0,3150.90305176377,1.08884781599045,4889.07338029146,2.04319792985916,4.14376962184906,11.3189058303833,17.1156601309776,660.559680342674,111.926330387592,0,0,123.174849331379,0,33.6941023170948,876.053537845612,1094.38833072782,499.671287953854,1.03231155872345,18.6326452493668,0,1886.05712297559,9.88739377260208,0,63.7723401784897,14.5749092698097,20.4940382838249,382.071598678827,94.9775696992874,11.3265994787216,4.7255791425705,0,74.6600081920624,464.605453431606,1504.97627407312,365.655799567699,174.675734639168,23.2016304731369,5.90189552307129,412.690837979317,0.93977564573288,20.5175184011459,0,1.38136839866638,0,25.2093675136566,34.5778745412827,30.6420250833035,9.46195530891418,94.1540093123913,1322.6377915144,62.6170699000359,1584.87931162119,157.823507577181,10.1677227914333,2.83062243461609,0,15.8891380131245,0,13.1097562611103,4.96403700113297,6.02237325906754,8.43430161476135,14.9252146482468,639.013255596161,782.888052225113,559.820419371128,7.87460947036743,283.520861536264,0.610671520233154,0,296.075104564428,0.997813433408737,734.738701701164,58.2910352945328
0,0.626145362854004,0,0.458917945623398,0,0,45.1252164840698,0,12.3872983157635,6.14752006530762,0.694686055183411,1.75695312023163,99.5326935052872,1.26560461521149,0,1.3465176820755,2.35263955593109,1.96921867132187,1.36035764217377,1.375244140625,1.45318132638931,1.99466025829315,1.59910678863525,89.4566425085068,0,9.61488327383995,10.9204934537411,55.3739147484303,0,4.02077209949493,2.19787752628326,0,1.05733108520508,1.8547340631485,4.45232284069061,10.7948645949364,1.92518961429596,2.93117666244507,0,3.56538224220276,0,0,643.090448230505,37.4513889551163,498.852012753487,43.2840404510498,1043.46207410097,10232.5792869925,272.824072003365,1.89126697182655,6.62643736600876,2.02565133571625,41.4593932628632,482.781528651714,433.33138525486,162.997159451246,478.070573866367,66.3646737039089,332.597365021706,1937.72122645378,148.271898567677,257.815082550049,214.316204279661,304.369906544685,1.28135681152344,6.64487618207932,1054.26491084695,75.4963733553886,29.8894169032574,11.9552252292633,21.0792939662933,11.3272113204002,193.935753196478,13.1633515357971,1120.94447928667,110.357484638691,136.251393079758,469.681270837784,6.94311428070068,296.075104564428,0,2.00693416595459,8573.88856431842,38.1210643053055
0,1.16005635261536,5.0529021024704,0,0,2.51470708847046,36.4025625884533,10.2496586740017,72.0652175545692,0.61219722032547,0,0,4.05114156007767,5.00803396105766,0.826069355010986,31.7866716384888,6.65234187245369,0,1.09079134464264,0,51.2410854697227,10.500884771347,18.8026047348976,189.913748562336,1.21167719364166,7.78982919454575,13.8653069734573,218.982183516026,17.8425586223602,62.6737515330315,0,1.36208844184875,3.44914209842682,11.404188066721,13.9827459454536,117.709223479033,4.9306797683239,22.1969200670719,3.75277891755104,10.5195249915123,6.7534627020359,1.12806487083435,50.0400198101997,1.68853816390038,687.944835662842,71.1572342216969,17.8990615308285,23.0445931553841,5.5139547586441,43.2864266633987,7.34764918684959,6.68993934988976,2.3831692636013,0,1.12155681848526,447.648952662945,16.043692022562,72.5146145224571,8.47418302297592,9.22135311365128,2.04181909561157,0,83.1388927698135,6.79686546325684,16.9323904514313,25.7657728791237,33.5303061902523,87.3281494379044,0.573912978172302,161.613800168037,32.7076055109501,47.1944022476673,576.151205658913,0,120.347599029541,102.819083601236,1673.98873060942,4883.18513312936,654.82209187746,0.997813433408737,2.00693416595459,0,2326.39916715026,64.3931647539139
1.97628328204155,41.6523414552212,227.133405894041,27.9753033816814,10.7111119031906,51.6117499172688,724.807706296444,192.267435699701,309.83846154809,219.51390966773,33.2177281975746,45.4669785499573,518.767463386059,86.0939467549324,36.770681232214,212.287858754396,222.941623628139,23.4806903600693,25.8906615078449,24.0846692919731,381.7189668715,123.294594466686,363.394820615649,1209.14084145427,74.5594446063042,393.965401530266,837.330276191235,1296.42612019181,118.912846237421,320.047378361225,80.3124435842037,11.1550824046135,30.7696541547775,117.09407004714,63.5368089973927,1026.06775453687,82.8745080530643,244.625437706709,107.60411003232,415.428325742483,47.3825378715992,38.3139951229095,1937.28349846601,470.941995739937,2449.57566449046,353.873276621103,878.31399217248,172.833862394094,2558.14688029885,529.514876514673,226.962045758963,142.900801002979,149.690783441067,293.690608620644,528.129462242126,3807.48940098286,1044.8387504518,443.85861569643,2635.20652398467,8356.8397153914,992.209091573954,1319.82065999508,3140.23433372378,134.426174461842,1140.62674084306,2997.29434412718,9107.83687898517,7368.76544040442,205.75798651576,14973.8788011372,297.631871014833,9691.66501346231,2896.29993963242,194.420472174883,5733.98736475408,3252.01470774412,8342.83768515289,12230.0306985527,7756.67914733291,734.738701701164,8573.88856431842,2326.39916715026,0,262.651062846184
0,176.283273369074,351.888183504343,13.5489136576653,1002.8540070653,245.620552361012,474.289768010378,38.3254689872265,436.86155295372,112.588464021683,59.0051605701447,586.525019228458,331.697069048882,30.9109321534634,2271.42841130495,979.566166400909,404.873955219984,99.3637044429779,253.095917761326,3.8945090174675,1292.88480851054,300.724932134151,2835.84204089642,923.931223034859,18.7617294788361,709.330261260271,2651.91295310855,1058.41825506091,129.885928958654,761.737156063318,53.2598658204079,29.6757911145687,29.7340618371964,98.7134174704552,268726.801345617,2022.04916486144,2523.95797401667,820.305981904268,5138.69245281816,287.380001813173,212.99888241291,44.8410326838493,14922.0313393176,4670.08092901111,1704.7889405489,9453.6049797833,237.378461480141,816.385407447815,320.578042924404,15.152745783329,374.75081461668,102.117296129465,72.1961191594601,42.5617280304432,610.300806224346,1851.57330223918,171.778401196003,344.402838140726,826.297071069479,135.826594531536,3871.70704680681,11.5571547150612,290.553428828716,1059.80446588993,3576.00524270535,135.343758016825,486.63193744421,439.510852098465,24.4083678424358,1770.64598897099,744.416854798794,5179.7796870172,2047.94711470604,13.7517882585526,2683.51607787609,5492.95549881458,3235.68415263295,458.744049489498,201.46695202589,58.2910352945328,38.1210643053055,64.3931647539139,262.651062846184,0
