"Predictor","Test_Statistic","p_value","functional_ve","semi_partial_r"
"Group",38.8869605666714,2.43609525642238e-78,0.00825802985952434,0.0128165512976846
"eTIV",2493.20639379165,0,0.41716332365555,0.151641037038622
