0,38.0335298478603,172.018364548683,22.7030150592327,5.68985012173653,73.8356853723526,3096.96571266651,1662.49346801639,177.365428298712,247.577653378248,115.753013342619,21.6993202567101,194.029740363359,9605.84991428256,21.4008331596851,6.25917103886604,499.222356766462,40.7790738940239,42.4712354838848,17.0830834358931,313.868891179562,15.1354364156723,506.738722622395,98.2576937973499,27.2053267359734,134.967191040516,399.264206111431,364.555736809969,11194.6001233757,6396.55301779509,21.4392518699169,141.729020178318,24.7791288197041,1189.45697557926,82.3968866169453,316.891177862883,25.5393890440464,272.440430402756,75.9580206274986,50.5666219294071,113.401473164558,37.6097815036774,18.2706964015961,0,0.881416499614716,0,1.39688551425934,0,0,0,7.49216970801353,0,0,0,0,9.9138320684433,0,7.20772123336792,15.0058962106705,12.4837458133698,0,3.42530044913292,0,0,0,0.810822665691376,2.8506498336792,0,1.18470293283463,0,0,0,32.8289746940136,9.75412675738335,0,5.22135502099991,6.2530911564827,0,3.07784739136696,0,0,0,2.25816506147385,10.5732476115227
38.0335298478603,0,162.533766716719,28.6580528914928,14.3629749417305,55.804197371006,172.247441202402,123.023194730282,2852.24385395646,29.8304890990257,1539.75997292995,85.397236853838,3011.26595771313,161.854111194611,187.252525508404,226.285217881203,1776.53341603279,262.367424398661,427.006813526154,7.51400274038315,138.293373733759,1332.65437492728,390.002962082624,1538.08492681384,1938.63728219271,595.034552812576,15482.821547091,199.864743858576,252.785043239594,144.439118593931,376.007834821939,50.3496089279652,38.7870524823666,2727.83595696092,381.551437884569,3736.43294131756,1262.5350330472,1570.29565373063,1551.02020588517,82.3912813961506,75.6626760363579,487.995310127735,1723.07535886765,736.437269806862,1028.68706151843,717.441431999207,10.6930633187294,17.9423108100891,22.1938549876213,4.44133666157722,1904.94987472892,22.895125836134,13.7811571657658,0,1.5735319852829,48.3227425515652,11.5028897225857,19.9909211695194,8.47837549448013,336.50460550189,1.4399197101593,192.596756219864,49.9130262136459,5.80757749080658,30.3628345131874,967.407353460789,95.1094796657562,481.777812719345,0,61.7854871749878,9.2699421942234,145.235617727041,51.1395841836929,108.653624236584,244.417260587215,1487.93972599506,30.7244588732719,52.5697000026703,68.1093278825283,158.113897413015,3.76023650169373,4.39487969875336,251.026350528002,298.499988615513
172.018364548683,162.533766716719,0,3.16517674922943,0,28.6446618437767,449.971336364746,666.86908903718,118.068053990602,45.2342104166746,114.021301180124,4.88537323474884,93.9691304266453,552.846451669931,13.764058470726,105.188103944063,7686.94638159871,289.519175648689,623.45209017396,1.37072587013245,3997.41387310624,36.811114192009,32739.9630924761,143.646879374981,21.2293415665627,24576.4777618945,27935.3119433373,1305.13394296169,444.79217877984,1514.8990958035,37.1686671674252,9.81878742575645,12.1436271071434,1246.93417552114,117.743478626013,781.037184417248,124.43203124404,883.434192895889,644.555511116982,57.6059449315071,36.8913277685642,36.1234118640423,260.47320330143,96.8236061930656,133.633430749178,105.5824470222,1.25465607643127,2.11384230852127,2.46462267637253,0,29.4302493035793,0,0,0,0,0,0,7.49325960874557,0,2.14312982559204,0,4.40647321939468,0,0.437654942274094,0,51.308755248785,3.02024629712105,44.1198137402534,0,0,0.903458714485168,20.4577434659004,12.8076345324516,4.26751908659935,4.15760028362274,71.8763512372971,0.972944796085358,0,0,0,0,0,18.1588804721832,66.5536259710789
22.7030150592327,28.6580528914928,3.16517674922943,0,16.3952328711748,767.618949249387,706.333868846297,632.82572644949,1637.2365115881,6013.85372708738,21.0324035286903,10516.9977093339,265.912485033274,183.924394056201,299.854651302099,0.663745880126953,2.01158821582794,0,0,19900.6962993145,1.40206414461136,59.8623997569084,4.1546905040741,2498.37939211726,6.03305149078369,0.633809864521027,13.884222894907,10872.0004331172,136.049422040582,34.8525515794754,0,119.694087833166,6.89025783538818,388.25972032547,114.648913890123,1167.26728332043,56.7669651210308,74.5072464048862,45.2072817385197,167.641090422869,127.463267371058,25.8276348412037,115.889498740435,13.1639176607132,10.6104210019112,9.36997732520103,64.1374647915363,5.95281118154526,9.1357170343399,1.39776638150215,2.30864006280899,1.21938192844391,110.93690854311,2.87553983926773,54.0241937041283,25.2829983532429,16.4047513008118,121.729720383883,590.580083668232,0.399356126785278,253.955423623323,1.40893504023552,9.46109226346016,29.010816603899,0,0,0,0,49.2881717681885,2.53292948007584,1.81543335318565,0,349.352206736803,0,0,0,443.474004238844,2.6821261048317,5.40168064832687,0,0.794812858104706,0.508465349674225,12.5587513446808,6.76683303713799
5.68985012173653,14.3629749417305,0,16.3952328711748,0,5134.87844076753,34.8016375601292,375.470280081034,322.447640568018,65.9035409986973,2.23225176334381,184.012387573719,66.4109251201153,58.8202626407146,9253.7071288228,0,1.89543294906616,0.406847149133682,0,11.1549119353294,2.19238317012787,13.755026102066,5.36686319112778,41.6452201902866,8.35326680541039,1.48246228694916,3.32713752985001,20.4554906487465,20.3094997107983,12.7646641731262,1.22321411967278,622.931813240051,4.75987660884857,2442.27504646778,96.8273128867149,636.896213114262,4.97487646341324,24.2420653104782,12.9742765426636,12432.6636525095,11143.4586866796,5.72757565975189,21.7557591795921,0.768960535526276,0,12.2023457288742,0,0,1.82794153690338,0,0,0,0.959655344486237,0,0.542298078536987,0,0,1.71170628070831,1.50454249978065,0,2.33717346191406,0.354731559753418,0,0,0,0,0,0,0,0,0,0.834230184555054,9.13817328214645,0.420867264270782,0,1.22157299518585,2.9541662633419,0,0,0,0,0,0.925430506467819,71.9392779767513
73.8356853723526,55.804197371006,28.6446618437767,767.618949249387,5134.87844076753,0,3973.657578215,20854.3069036454,2195.31684325635,15200.5692383647,114.561471104622,10235.7041962147,676.213877111673,985.848870187998,2257.61154302955,3.55021652579308,45.0216177999973,27.0408308506012,6.69691246747971,739.68601231277,44.8422493636608,72.5806268751621,97.2029862701893,1339.13871826231,41.9978537559509,55.430754005909,131.030651956797,1433.36186245084,402.132451921701,304.825724095106,29.0069347918034,1561.97189699113,22.3041509687901,958.310023516417,4097.40094387531,2045.02580299973,83.0143795013428,243.586610972881,124.474128782749,3381.92925164104,567.814141988754,88.3315792381763,151.005864158273,20.2798212766647,6.84320467710495,31.6758164763451,28.5876196473837,1.59797322750092,23.5733418762684,0,6.5635212957859,0,23.7663594186306,0.383500695228577,15.2945719957352,24.1296094655991,2.5700147151947,99.0658205151558,47.2298875898123,6.64964860677719,66.0205194056034,6.55773764848709,1.60266190767288,23.1976619958878,0.974796205759048,0,0,0,13.2162949740887,0.599633574485779,2.0703831911087,0.516879320144653,296.918940722942,5.47700640559196,2.81795567274094,5.81517112255096,35.9103037714958,0,3.4753435254097,0.465910673141479,0,3.40257203578949,9.78253898024559,278.938310950994
3096.96571266651,172.247441202402,449.971336364746,706.333868846297,34.8016375601292,3973.657578215,0,11498.1787751615,5588.91687273979,23211.2666952908,88.2941443324089,807.768006458879,519.092822223902,6581.56468528509,484.612989664078,158.080343276262,394.954867303371,62.6142894923687,42.292065769434,241.714521855116,974.14803558588,621.704635590315,1258.05744552612,14175.3898155689,43.2352777123451,853.483598142862,642.479920521379,77762.9694277644,2927.92776724696,20139.9144127667,14.0958748757839,325.603949725628,266.592455595732,2672.50663529336,847.57780456543,4284.64536428452,161.882344305515,1056.44312596321,426.569889515638,476.198726326227,473.110393315554,80.3310137093067,969.603960871696,21.6726656854153,196.637781560421,60.2343030869961,90.3788425922394,6.98824521899223,12.9023495614529,39.7179925441742,15.4195733964443,1.73429882526398,174.214351981878,3.56447464227676,269.084974259138,841.057566434145,293.377734333277,438.705255478621,1277.85833874345,0.745932936668396,72.1292912960052,0.547883331775665,310.68818873167,21.5566581189632,10.2866159081459,0,0.891695082187653,0,51.4679276943207,33.9564710855484,79.0287674069405,24.1288670301437,1530.76161333919,4.30913066864014,0,13.943410217762,599.707048803568,99.4202808439732,107.624057412148,0,0,18.7080063819885,118.24625608325,80.0003897249699
1662.49346801639,123.023194730282,666.86908903718,632.82572644949,375.470280081034,20854.3069036454,11498.1787751615,0,3349.9850948751,8107.49578253925,391.050191730261,3171.60307125747,983.185290783644,26092.3475973457,492.919823169708,17.7142097651958,1409.31140619516,96.7094125747681,98.985634624958,528.242423579097,1035.38336929679,193.446512162685,1903.74828982353,1943.63328105211,96.783843010664,415.184035122395,947.857116758823,3386.10795430839,2672.69448366761,7027.15629971027,77.6402800679207,4067.08751235902,116.187443673611,3613.90770871937,433.03067985177,3841.53291511536,121.860097572207,1232.66468708217,369.13107213378,700.013358667493,833.675946235657,185.121883541346,107.121638566256,11.7778169810772,11.4230109453201,11.151822924614,19.6426463723183,1.81173759698868,5.16249099373817,0,16.8547027409077,0,28.240940451622,2.10006260871887,4.32727521657944,282.34683790803,11.802397608757,270.868782579899,189.137455388904,36.553942501545,25.295311152935,25.0041652619839,15.2308498620987,11.7818604409695,1.74702227115631,1.13908493518829,2.1016708612442,2.63205981254578,18.9045824408531,0,18.8038427233696,0,824.683399170637,24.438957542181,18.178470492363,38.0763351619244,92.8141113221645,1.90910959243774,1.61655959486961,2.57320308685303,1.26380851864815,0,7.06091034412384,46.7695096135139
177.365428298712,2852.24385395646,118.068053990602,1637.2365115881,322.447640568018,2195.31684325635,5588.91687273979,3349.9850948751,0,3959.69271293283,461.680604428053,3491.50839343667,1953.26849982142,919.09808114171,3538.92519563437,74.4898199439049,684.508959203959,125.228815257549,221.249807864428,464.100880801678,157.444088578224,8526.89328354597,244.912043780088,21276.6726352274,377.337811499834,192.620091706514,3576.51232734323,4775.9408017993,2964.63293731213,1013.7485100925,117.031979203224,314.231317102909,794.538293838501,3889.37729556859,4601.46047976613,18950.3322395086,809.017298191786,1456.54544866085,936.131358325481,3864.27390134335,705.765338331461,110.371144503355,8408.10608574748,274.100584328175,1152.29221814871,635.856271386147,673.599825561047,261.461061537266,89.5788981318474,59.4374329447746,103.126704692841,93.7026562988758,435.487105965614,22.1722674965858,268.53871396184,743.544296741486,445.277354478836,1354.49415972829,1004.04925382137,59.0467858016491,611.398056536913,36.1733313202858,680.162138521671,205.095237106085,60.7073605060577,59.8402352333069,28.1920528411865,24.3014644086361,170.598984152079,162.102216124535,471.093677312136,190.121370732784,3968.69748017192,36.9398096203804,45.1725922822952,107.946263253689,897.868959844112,847.455749183893,681.9517326653,4.3564321398735,43.2174057662487,175.16813480854,1381.83501523733,2101.87770089507
247.577653378248,29.8304890990257,45.2342104166746,6013.85372708738,65.9035409986973,15200.5692383647,23211.2666952908,8107.49578253925,3959.69271293283,0,189.68824955821,7706.88241738081,1349.6858009249,1846.45282268524,538.401121973991,8.7053462266922,38.1439150869846,35.296833127737,15.2439266145229,5421.26694983244,56.260094076395,89.0777643173933,81.3493517041206,2939.37797026336,73.1632393747568,62.2014964222908,118.825359210372,25655.8515314758,1207.36282512546,403.073195517063,18.4512850642204,735.149637162685,33.0467473566532,2838.19939956069,1363.21308460832,10111.6288745552,292.169351756573,516.425815239549,238.989658728242,1092.16278778017,987.601359769702,158.748588234186,432.412655740976,16.0318905413151,11.516213953495,40.3972835540771,133.276278197765,12.3676231503487,22.864324182272,5.92769777774811,2.04007199406624,0,327.469468086958,3.55218404531479,87.6863570213318,168.729724735022,55.8130424022675,357.398766994476,929.009935826063,9.35969403386116,231.578061074018,4.09868302941322,22.8370358645916,77.6423922777176,0.426722466945648,0,0,0,110.671696692705,0.409089863300323,15.8408820927143,0,1661.58605435491,7.06519490480423,0,0,685.848212808371,3.30594033002853,11.6196650862694,0,0,0.361470609903336,9.7144168317318,95.2020837962627
115.753013342619,1539.75997292995,114.021301180124,21.0324035286903,2.23225176334381,114.561471104622,88.2941443324089,391.050191730261,461.680604428053,189.68824955821,0,152.076410546899,18367.9540899694,774.645522624254,11.665152400732,44.455540895462,1531.25335720181,16402.2472071648,2307.84690257907,14.7045467346907,172.666805565357,397.763611793518,522.948591277003,85.1650503575802,4736.3722897768,13818.8706441224,6689.16116680205,64.071478664875,818.10450220108,181.869284123182,4596.1479498744,431.140790045261,10.8104694783688,11467.0139772296,43.2794749736786,626.538218170404,927.17190271616,2447.21722593904,737.956563621759,16.5055828392506,24.6862972378731,1442.29198849201,227.964938908815,471.221650838852,778.49947103858,292.052343159914,4.79489815235138,25.5183084607124,210.055612593889,0,132.064957767725,1.33924520015717,0.996076315641403,0,2.32569169998169,3.75617569684982,17.5339360833168,25.9697957634926,1.94483926892281,5277.02886047959,2.43158394098282,4037.85803246498,46.6392956078053,1.09174287319183,0.368742197751999,41.8436060547829,1068.48859828711,181.577241718769,0,0,7.97039896249771,3.62053149938583,1.34481418132782,1224.24112972617,1952.79870063066,3088.61929768324,0,147.392239063978,0,1935.11307793856,56.1395122408867,2.02178284525871,561.214051276445,41.5175059437752
21.6993202567101,85.397236853838,4.88537323474884,10516.9977093339,184.012387573719,10235.7041962147,807.768006458879,3171.60307125747,3491.50839343667,7706.88241738081,152.076410546899,0,986.917376697063,832.097661361098,3423.73585036397,11.3996891379356,10.0394124984741,24.2596220970154,7.62772983312607,12549.1255618036,10.8946357667446,118.928245306015,22.5265763700008,5613.40296182036,67.2197239249945,25.3924354165792,66.6784242093563,2804.34475183487,369.488746389747,53.5861533284187,9.72944325208664,762.046235844493,11.8306546509266,1781.59757128358,16601.4627129138,2891.98220007122,152.498769402504,355.50017875433,176.806308433414,1112.66259343922,674.014586701989,105.08821579814,347.635305345058,29.8265451490879,18.7828050553799,34.3053922951221,82.3676687479019,21.8417402803898,24.0522515773773,3.18754941225052,1.54199317097664,1.11811947822571,328.443881750107,0,103.167935162783,26.3757721483707,36.9018293321133,119.465478658676,189.485334843397,7.80531892180443,920.869204103947,13.0206871032715,15.9484218657017,46.5864303708076,3.25046223402023,0,2.5264059305191,0,489.161433398724,6.28864204883575,7.09425973892212,3.25870096683502,248.865157306194,0.704012632369995,3.69892486929893,6.63374575972557,120.266978144646,19.7450923919678,4.07773348689079,1.08657574653625,1.29706978797913,5.41914638876915,24.6225663423538,3135.68963870406
194.029740363359,3011.26595771313,93.9691304266453,265.912485033274,66.4109251201153,676.213877111673,519.092822223902,983.185290783644,1953.26849982142,1349.6858009249,18367.9540899694,986.917376697063,0,757.682488366961,383.814447522163,542.483429849148,131.487936168909,332.641022890806,60.6598458886147,158.749237626791,363.007464438677,858.949705123901,815.521381407976,876.944311797619,15404.9467167854,812.881719470024,7418.99633646011,644.631712958217,1070.30144163966,409.446399867535,2105.65459531546,653.044802635908,167.971398562193,4174.72046591341,768.186730235815,6205.92476561666,7110.40906372666,7562.11547246575,8210.07880878448,2645.02051848173,1679.69567576051,3605.49358773232,650.077635705471,915.442811578512,769.824389725924,354.649568378925,386.857073634863,109.010076224804,225.743801862001,4.02644968032837,129.464392960072,6.61372798681259,65.1732493042946,10.5398522615433,156.32285925746,34.2322660684586,104.41175109148,205.232783973217,197.554890587926,6916.18110460043,305.632069826126,5223.17728814483,106.712928473949,69.8996537923813,105.698458731174,169.490481287241,596.07552793622,184.48392984271,34.1132663190365,16.9897492825985,32.5686675310135,61.5834990143776,283.544814825058,1655.46638405323,1382.67755231261,2800.61910569668,136.211276084185,141.784799516201,3.43556809425354,2310.98518276215,107.74114587903,0,527.292482823133,351.436234861612
9605.84991428256,161.854111194611,552.846451669931,183.924394056201,58.8202626407146,985.848870187998,6581.56468528509,26092.3475973457,919.09808114171,1846.45282268524,774.645522624254,832.097661361098,757.682488366961,0,137.148562610149,9.31556078791618,1485.06356616318,240.555651396513,136.06476739049,158.653138399124,845.261451482773,77.2170257568359,1685.93473923206,502.855931431055,166.463099837303,613.206349790096,1701.8394510448,1203.08896274865,25960.1751843095,11398.5402817428,176.667449742556,2270.95668953657,50.4221224784851,4425.13246703148,280.251655250788,1760.48746091127,117.243817508221,918.024715453386,240.731923490763,289.949223816395,500.315766423941,155.578063338995,71.8313248455524,86.3791082799435,78.6052157878876,37.6178570985794,0.618565797805786,3.95751687884331,6.91794800758362,0,54.9687735140324,0,8.79821163415909,0,1.68802160024643,90.8316662311554,16.888457775116,69.1185468733311,67.6430707573891,62.6129435896873,5.29823803901672,36.516962915659,0,0,1.46185582876205,11.4125301837921,67.0550597608089,48.3689368963242,1.28611463308334,0,5.55118042230606,3.14635610580444,151.102468460798,55.7579601705074,85.9489998817444,245.302634894848,15.3483847677708,0,4.2793672978878,20.7106061279774,0.60079699754715,0,22.4011924862862,45.5385654270649
21.4008331596851,187.252525508404,13.764058470726,299.854651302099,9253.7071288228,2257.61154302955,484.612989664078,492.919823169708,3538.92519563437,538.401121973991,11.665152400732,3423.73585036397,383.814447522163,137.148562610149,0,285.018716454506,38.4369475543499,4.31281542778015,5.04425913095474,106.346704214811,229.578525543213,431.733409792185,326.814129650593,1276.38185104728,32.6528534293175,6.96576404571533,301.596609413624,609.415233999491,265.411549150944,143.556599199772,5.68469399213791,102.750839650631,70.4357627332211,271.296225011349,14144.3722101152,498.887882202864,67.6035982966423,113.988256454468,144.499740183353,11743.977245301,86.2651938796043,13.2185036540031,190.653064370155,47.0364696383476,27.9806908071041,219.100842356682,37.634410738945,14.9465474188328,15.3281103074551,2.65278303623199,4.65878969430923,4.74372988939285,28.1473941504955,2.90670448541641,43.1473748385906,14.1254120767117,22.1195675134659,77.828600615263,67.6928465366364,0.538690805435181,104.674383938313,0,19.5340318977833,17.2399118244648,58.4772493243217,0,0,0.691395938396454,15.8973886966705,8.90813165903091,39.8589236736298,26.2722363471985,198.52955147624,1.27337968349457,0.545690715312958,67.0017340779305,62.5903249382973,10.1318930089474,12.8413742184639,0,1.84559231996536,1.14002531766891,13.1991899907589,1834.42396277189
6.25917103886604,226.285217881203,105.188103944063,0.663745880126953,0,3.55021652579308,158.080343276262,17.7142097651958,74.4898199439049,8.7053462266922,44.455540895462,11.3996891379356,542.483429849148,9.31556078791618,285.018716454506,0,156.760028988123,15.7800045907497,14.9311882257462,0.597191274166107,14662.219614327,2580.18229302764,6158.20603966713,8746.46524569392,23.8851544857025,58.606121212244,14147.6578795612,4189.47568380833,32.6907947659492,518.933824688196,5.07053419947624,6.41722184419632,9.50239360332489,1336.37880265713,3417.55203193426,12248.6940214634,1246.41321608424,3287.65606763959,3799.67158046365,588.996705323458,168.904494822025,30.2827968597412,907.342828094959,202.498389780521,108.466862678528,359.343992710114,23.5305147171021,21.7465598583221,25.5308540463448,0,7.42685821652412,0,0,3.85146725177765,2.89901769161224,5.87085315585136,0,9.22979331016541,1.18321228027344,1.62562048435211,2.27421641349792,20.6851450204849,2.17942833900452,14.7152736186981,130.268545746803,5.83955639600754,0.50009286403656,0,0,7.78719285130501,33.9080984592438,11.3049104809761,34.8374473154545,3.0454615354538,0,17.7451817989349,3.52426987886429,0,28.1307457387447,0,0,0,39.7613390088081,1274.06364768744
499.222356766462,1776.53341603279,7686.94638159871,2.01158821582794,1.89543294906616,45.0216177999973,394.954867303371,1409.31140619516,684.508959203959,38.1439150869846,1531.25335720181,10.0394124984741,131.487936168909,1485.06356616318,38.4369475543499,156.760028988123,0,2305.15409520268,9559.53903543949,0.935652762651443,2797.11532089114,330.185397535563,9085.59022861719,411.274515271187,111.474047839642,18073.0369576514,31879.4477592409,1163.14535227418,2831.82179841399,3598.25827547908,140.151578307152,20.3771487772465,90.9734529554844,9536.6898548305,82.5575027763844,1175.33940783143,245.839115947485,910.033242762089,622.129376173019,89.321821898222,86.1927285194397,23.0301875174046,3574.07150635123,1843.78270557523,2091.00632479787,1545.57740446925,6.24695420265198,15.6879332661629,4.38387686014175,0,538.836666613817,8.3993963599205,3.21055626869202,0,0,0,0.561390399932861,1.2460498213768,0,9.97080773115158,0,17.0806833207607,0.521561443805695,3.78361773490906,1.73657095432281,1528.81802782416,112.457970410585,628.274940043688,0,13.3306947946548,9.20951890945435,181.570926934481,11.1724729835987,56.3130949139595,76.0606404840946,1044.62707817554,1.0018664598465,5.38306486606598,13.2125867903233,10.9722003340721,0,0.330407381057739,312.656000643969,7.26721823215485
40.7790738940239,262.367424398661,289.519175648689,0,0.406847149133682,27.0408308506012,62.6142894923687,96.7094125747681,125.228815257549,35.296833127737,16402.2472071648,24.2596220970154,332.641022890806,240.555651396513,4.31281542778015,15.7800045907497,2305.15409520268,0,9188.22423937917,0,128.275346845388,87.033343911171,351.835245668888,43.3793550431728,689.356084823608,17752.10834831,6313.76477591693,45.2105826437473,304.863409668207,99.8753186166286,963.739924699068,99.9445834457874,2.49940094351768,2530.19238805771,10.9155302643776,175.10177731514,103.2896284163,496.252718061209,274.947082400322,2.08438700437546,2.07386991381645,31.7501302361488,196.722081243992,302.1754783988,436.490971922874,297.948127865791,3.25185120105743,14.4487946927547,9.52263411879539,0,78.018917798996,0.764254450798035,0,0,0.463495969772339,0,4.68575617671013,4.30636763572693,0,280.242755681276,0,327.531632512808,26.1953418850899,0,0,25.9531195759773,633.644191592932,185.725562155247,0,0,0,3.08310627937317,0,445.477117151022,984.387616693974,1770.23072597384,0,31.6150112450123,0.549245536327362,436.847064882517,9.39777094125748,0.447919577360153,114.865110993385,8.87130260467529
42.4712354838848,427.006813526154,623.45209017396,0,0,6.69691246747971,42.292065769434,98.985634624958,221.249807864428,15.2439266145229,2307.84690257907,7.62772983312607,60.6598458886147,136.06476739049,5.04425913095474,14.9311882257462,9559.53903543949,9188.22423937917,0,1.03517451882362,224.531360089779,104.397142380476,682.588869929314,66.3015003204346,196.003732055426,19403.2850192189,8097.55530586839,81.3104544878006,212.410924524069,197.905015170574,222.67175886035,29.4083786606789,7.90601307153702,1627.3235040307,3.73109635710716,107.979855656624,40.7495903670788,180.188950836658,108.718270987272,2.11926740407944,2.59034252166748,9.85311642289162,392.582123100758,415.845132768154,572.361806184053,364.625529497862,3.20911943912506,10.2014019489288,5.59756031632423,2.15605068206787,213.453934848309,2.51149678230286,0,0,0,0,0,0,0,13.1734393239021,0,17.693580776453,9.22132614254951,1.58147501945496,0,132.699540138245,229.828475534916,400.316076755524,0,4.86113077402115,0,6.84143641591072,1.06813430786133,113.599324464798,136.618423402309,1122.01794326305,0,17.9225535988808,3.06348964571953,16.8049390614033,5.79167824983597,3.15365469455719,187.377267628908,6.58287417888641
17.0830834358931,7.51400274038315,1.37072587013245,19900.6962993145,11.1549119353294,739.68601231277,241.714521855116,528.242423579097,464.100880801678,5421.26694983244,14.7045467346907,12549.1255618036,158.749237626791,158.653138399124,106.346704214811,0.597191274166107,0.935652762651443,0,1.03517451882362,0,2.99477151036263,21.0996491312981,4.40182590484619,606.480947762728,5.82737138867378,2.12363734841347,2.32856783270836,3758.72343707085,107.11155217886,17.9053682088852,0,121.89310002327,1.58849430084229,388.599095791578,127.854987710714,1046.65249922872,29.2772015929222,65.0650982409716,29.719008654356,129.048478901386,122.663661450148,15.9263089299202,41.1091000139713,2.69835129380226,0.404725551605225,5.79682806134224,17.6883984804153,0,4.77611377835274,0,0,0,72.1271930634975,1.38236194849014,5.9069552719593,5.88243135809898,1.54921364784241,20.5684558749199,76.2191180437803,0,109.511317074299,0,0,7.78770557045937,0,0,0,0,12.069163620472,0,0,0.372902631759644,84.2221149802208,0,0,0,46.580615490675,0,2.00251793861389,0,0,0,0.376392811536789,9.24330204725266
313.868891179562,138.293373733759,3997.41387310624,1.40206414461136,2.19238317012787,44.8422493636608,974.14803558588,1035.38336929679,157.444088578224,56.260094076395,172.666805565357,10.8946357667446,363.007464438677,845.261451482773,229.578525543213,14662.219614327,2797.11532089114,128.275346845388,224.531360089779,2.99477151036263,0,451.823060244322,55160.6551399529,3142.21319842339,43.8246052265167,1149.19846779108,5931.54057589173,20419.7803774178,1069.76725947857,39175.0684677958,31.3317480385303,31.9481778144836,94.9440159499645,15929.2819904983,1531.26675027609,2342.92589923739,196.619755089283,6092.31687662005,2515.42748773098,250.405193924904,210.823276162148,74.0657569468021,473.51758992672,136.321009367704,123.607815533876,147.183751285076,2.49447071552277,4.60345178842545,5.70981815457344,0,32.2720900774002,0,1.2642410993576,0,0,2.27965378761292,0,11.2786413431168,0,5.87068310379982,0,5.72850584983826,0,3.61104863882065,61.4983316659927,5.74856147170067,1.18923652172089,1.99956256151199,0,1.25877016782761,7.8918708562851,17.7070229649544,49.4357766211033,9.13751068711281,6.18267264962196,36.3484736680984,2.94419604539871,0,6.62840211391449,0.76168829202652,0,0,23.3050546348095,364.870004028082
15.1354364156723,1332.65437492728,36.811114192009,59.8623997569084,13.755026102066,72.5806268751621,621.704635590315,193.446512162685,8526.89328354597,89.0777643173933,397.763611793518,118.928245306015,858.949705123901,77.2170257568359,431.733409792185,2580.18229302764,330.185397535563,87.033343911171,104.397142380476,21.0996491312981,451.823060244322,0,358.318280816078,16600.247086525,293.58623033762,155.357577353716,3372.37899757922,1487.55753910542,391.36581081152,650.823754608631,93.7397356629372,17.9450046420097,156.452470481396,1693.74751058221,1777.11454027891,10293.6694176197,1290.27946597338,1264.03124344349,1186.68221288919,260.422678828239,139.585437148809,100.249940514565,4527.22916966677,515.656488209963,661.953047513962,597.346671015024,104.73816627264,50.8283169865608,19.9229992628098,8.182432949543,42.7892383337021,8.796451151371,49.7384743690491,4.66169077157974,27.6208800375462,168.294481396675,22.8679658472538,434.323965102434,76.7535821199417,49.6912977099419,9.16709369421005,41.8275790810585,58.6217987537384,34.4402425885201,1149.24974256754,64.7442801296711,8.83172193169594,15.7887823879719,0.722214698791504,81.7636867761612,613.194662749767,128.822212040424,877.167297035456,13.6620072424412,33.2606433331966,145.439591616392,120.815858721733,93.2256855666637,262.256336420774,20.7286376953125,0.830718338489532,16.8185376524925,323.487288683653,1052.53934767842
506.738722622395,390.002962082624,32739.9630924761,4.1546905040741,5.36686319112778,97.2029862701893,1258.05744552612,1903.74828982353,244.912043780088,81.3493517041206,522.948591277003,22.5265763700008,815.521381407976,1685.93473923206,326.814129650593,6158.20603966713,9085.59022861719,351.835245668888,682.588869929314,4.40182590484619,55160.6551399529,358.318280816078,0,3326.79812845588,114.184188067913,4641.17583981156,35185.4659128189,14750.0335651934,2106.11222824454,11509.7939359546,94.8523306548595,38.9877405762672,78.4488916695118,16516.5522056818,3116.78387972713,6470.11279419065,645.513619214296,10399.1111266911,6189.89598105848,761.809068053961,336.652808338404,229.953921407461,2414.71820396185,578.976715922356,1331.6927677393,991.45549634099,18.7544859647751,14.8244099020958,23.4649864733219,0,95.8334321379662,3.37329560518265,0,0,0,1.91131514310837,0,25.6224417090416,2.96099710464478,21.4408958852291,0.588696241378784,23.5019770264626,0,4.26787340641022,169.170311629772,168.209293335676,13.5809908211231,56.9457451701164,0,27.0641435980797,7.59831717610359,308.716806441545,21.1001720428467,24.6765758991241,12.1486253738403,140.808169722557,4.2014554142952,0,7.86910581588745,2.94955384731293,0,0,106.347346037626,1105.3819398284
98.2576937973499,1538.08492681384,143.646879374981,2498.37939211726,41.6452201902866,1339.13871826231,14175.3898155689,1943.63328105211,21276.6726352274,2939.37797026336,85.1650503575802,5613.40296182036,876.944311797619,502.855931431055,1276.38185104728,8746.46524569392,411.274515271187,43.3793550431728,66.3015003204346,606.480947762728,3142.21319842339,16600.247086525,3326.79812845588,0,87.7108279764652,94.5179416537285,5682.84680113196,30073.8463200629,1182.7430717051,2869.45076099038,25.2601871490479,120.567082822323,352.293520271778,3683.30637992918,1906.90584728122,7968.75420075655,441.808102875948,1726.51612851024,1102.39575254917,466.858479008079,323.107014104724,45.3518204092979,6250.07459530234,400.848218768835,845.975231170654,562.748981565237,511.977229565382,154.92412468791,35.3726572096348,38.6182743906975,50.4350203275681,72.0605385005474,649.848351240158,9.30475404858589,284.975774049759,517.218606770039,336.281189143658,738.6371139884,1252.0960328877,3.40889120101929,300.383899122477,9.69616264104843,275.661756664515,156.975861757994,460.514265030622,16.1959006786346,0.641085207462311,2.93883436918259,244.102932155132,85.7117073237896,389.643579185009,125.293506681919,3806.28412818909,12.681839466095,5.84198841452599,59.938227981329,1033.75897160172,385.964570730925,423.837078243494,0,4.33888161182404,88.3400204479694,781.785106271505,697.135598421097
27.2053267359734,1938.63728219271,21.2293415665627,6.03305149078369,8.35326680541039,41.9978537559509,43.2352777123451,96.783843010664,377.337811499834,73.1632393747568,4736.3722897768,67.2197239249945,15404.9467167854,166.463099837303,32.6528534293175,23.8851544857025,111.474047839642,689.356084823608,196.003732055426,5.82737138867378,43.8246052265167,293.58623033762,114.184188067913,87.7108279764652,0,917.5958352983,9844.27449247241,35.8787125945091,180.399509966373,40.3247010707855,1033.28650996089,92.5227904319763,3.64203298091888,1548.09749618173,43.973465025425,340.127457588911,333.899217635393,1527.05646339059,490.665452778339,131.586276173592,47.0433350205421,1736.63964182138,76.3731702268124,110.832347601652,221.182857781649,87.9921822845936,17.0295255184174,5.59876349568367,71.3652775287628,0,243.121896088123,7.93397331237793,6.34355956315994,0,12.1925185322762,0.991817653179169,16.0138657093048,21.8292184472084,13.82666015625,1863.51054978371,9.43187776207924,1533.22585445642,19.6224421262741,1.60480588674545,1.34348690509796,15.2386246621609,220.743420094252,75.5253852903843,1.15428474545479,4.71465843915939,2.42080193758011,3.54470983147621,20.5610377192497,1323.75411945581,456.519573330879,1370.00973236561,4.32646828889847,38.9173001348972,3.34234908223152,470.917697429657,18.1783701181412,2.68357321619987,188.363185584545,27.7309785485268
134.967191040516,595.034552812576,24576.4777618945,0.633809864521027,1.48246228694916,55.430754005909,853.483598142862,415.184035122395,192.620091706514,62.2014964222908,13818.8706441224,25.3924354165792,812.881719470024,613.206349790096,6.96576404571533,58.606121212244,18073.0369576514,17752.10834831,19403.2850192189,2.12363734841347,1149.19846779108,155.357577353716,4641.17583981156,94.5179416537285,917.5958352983,0,68607.4016850889,346.783966034651,709.171209275723,673.085981011391,2123.60165694356,193.056602835655,8.6898880302906,5292.33448636532,69.0912550091743,944.673538118601,482.133676201105,1592.88368904591,1061.73456159234,19.4970742166042,21.9746021032333,116.833548307419,321.772659212351,385.352960526943,542.682492673397,324.024000942707,6.65013301372528,13.4298202097416,21.0328013896942,2.31310266256332,151.35643145442,0.421182036399841,0.767498910427094,0,0.349707365036011,0,4.16031900048256,5.95472818613052,0,489.579816251993,0.874554693698883,638.58593505621,8.51707711815834,0.529767572879791,0,79.1901008784771,732.106782138348,159.423989236355,0,1.65853834152222,1.73788487911224,12.0093755722046,2.08982729911804,684.252495348454,2117.36354383826,2542.3605055511,0,25.6180199682713,1.36997032165527,849.053756117821,11.1437313258648,4.18797898292542,123.70608317852,52.8029547929764
399.264206111431,15482.821547091,27935.3119433373,13.884222894907,3.32713752985001,131.030651956797,642.479920521379,947.857116758823,3576.51232734323,118.825359210372,6689.16116680205,66.6784242093563,7418.99633646011,1701.8394510448,301.596609413624,14147.6578795612,31879.4477592409,6313.76477591693,8097.55530586839,2.32856783270836,5931.54057589173,3372.37899757922,35185.4659128189,5682.84680113196,9844.27449247241,68607.4016850889,0,4898.25059482455,2313.32261458039,2093.59848412871,4848.00551119447,344.998808264732,62.9504197239876,24888.8213239908,4120.34836998582,29471.9925841093,8386.28790095448,16506.5146018863,17292.0546242595,1171.50197276473,549.577380955219,875.5126285851,4308.13066929579,2556.74124675989,2996.39210349321,2647.22381418943,47.9572089016438,132.551345944405,157.208053320646,5.87816208600998,1811.93519899249,46.7732734978199,7.67304480075836,0,3.52534729242325,25.2991124391556,10.4920507669449,47.1499587595463,5.66199746727943,919.897066861391,2.5679532289505,1094.47070628405,74.5842560827732,39.4907456636429,153.610792279243,1558.24291974306,945.38636547327,1167.67324376106,0,85.7073130905628,66.5424664616585,398.557443886995,77.9780271947384,1401.44047862291,1924.4751342833,5420.32387566566,33.6937961876392,73.030272603035,70.8886887133121,1066.73754113913,14.1558544039726,17.2772697806358,654.180812627077,2628.44343310595
364.555736809969,199.864743858576,1305.13394296169,10872.0004331172,20.4554906487465,1433.36186245084,77762.9694277644,3386.10795430839,4775.9408017993,25655.8515314758,64.071478664875,2804.34475183487,644.631712958217,1203.08896274865,609.415233999491,4189.47568380833,1163.14535227418,45.2105826437473,81.3104544878006,3758.72343707085,20419.7803774178,1487.55753910542,14750.0335651934,30073.8463200629,35.8787125945091,346.783966034651,4898.25059482455,0,1627.71364545822,37083.6866229475,6.07501792907715,145.434746682644,576.650106936693,5460.85760527849,1577.667419523,6936.54445102811,322.412377685308,3440.917544052,1772.55204927921,547.858124792576,459.017699211836,83.6675116419792,1431.0300116837,136.487310469151,190.356355458498,173.674806892872,96.7851822972298,20.2340086102486,14.4189206957817,21.4008775949478,17.3141447603703,2.74712312221527,213.241739273071,2.6015742123127,88.0506148338318,304.238903820515,90.9721342325211,325.867357492447,693.565642744303,3.37915325164795,171.680102080107,3.02351635694504,95.0994511246681,29.9133048355579,115.810396373272,5.13792616128922,0,0,72.5406112372875,16.4417476058006,56.0117310881615,20.7224371731281,1397.97646975517,4.40363311767578,0,12.294256746769,495.336919277906,50.5502038896084,70.9594886898994,0,0,17.8937360644341,94.8288681209087,226.99730232358
11194.6001233757,252.785043239594,444.79217877984,136.049422040582,20.3094997107983,402.132451921701,2927.92776724696,2672.69448366761,2964.63293731213,1207.36282512546,818.10450220108,369.488746389747,1070.30144163966,25960.1751843095,265.411549150944,32.6907947659492,2831.82179841399,304.863409668207,212.410924524069,107.11155217886,1069.76725947857,391.36581081152,2106.11222824454,1182.7430717051,180.399509966373,709.171209275723,2313.32261458039,1627.71364545822,0,17832.2820359766,151.698099583387,1083.50478340685,7625.62581905723,13114.9388651848,1294.39257234335,2127.24989631772,125.208894312382,1541.38195981085,447.543461948633,387.881378263235,801.623444199562,177.558499574661,598.622602701187,110.521258890629,200.562579840422,79.4921068251133,20.1911761164665,2.79879832267761,7.16958829760551,12.3770741224289,59.4815807044506,0.558673560619354,16.3221890330315,0,0.99716055393219,345.753722161055,13.3402454257011,222.898391216993,98.5455509722233,45.0553761124611,0.362208366394043,31.720235735178,49.0083587169647,3.55031967163086,4.48524859547615,12.8218437433243,82.7578628957272,38.4985215961933,2.60909232497215,9.49238377809525,47.8823824524879,12.5309138298035,799.082688957453,70.7521721720695,94.0735405385494,239.065278202295,78.963515996933,50.8092382252216,79.0771073698997,14.7685939967632,0,21.6244281828403,141.953343272209,236.831825196743
6396.55301779509,144.439118593931,1514.8990958035,34.8525515794754,12.7646641731262,304.825724095106,20139.9144127667,7027.15629971027,1013.7485100925,403.073195517063,181.869284123182,53.5861533284187,409.446399867535,11398.5402817428,143.556599199772,518.933824688196,3598.25827547908,99.8753186166286,197.905015170574,17.9053682088852,39175.0684677958,650.823754608631,11509.7939359546,2869.45076099038,40.3247010707855,673.085981011391,2093.59848412871,37083.6866229475,17832.2820359766,0,19.3825948536396,327.101333409548,502.477158635855,8715.21517273784,590.482893377542,1993.71450659633,70.2411823868752,1654.31366720796,474.390634328127,205.398972392082,397.29757013917,75.8438359200954,1270.25251549482,45.8604239821434,222.312916189432,132.20409193635,29.4317102432251,7.54605829715729,0,9.19184094667435,25.3703312277794,0,2.09096091985703,0,7.93413770198822,87.0980953872204,4.62458097934723,79.8736030757427,31.7886221110821,3.80939894914627,1.30528324842453,1.97994810342789,20.4129842221737,0,28.3048650026321,1.02213954925537,0,0.905116677284241,3.34449362754822,13.1857693493366,60.9487381279469,9.27389287948608,420.758211761713,5.02742958068848,0,14.0267226696014,49.4654344022274,28.5156472325325,181.546197682619,0,0,13.2507507205009,193.17255911231,98.2035871446133
21.4392518699169,376.007834821939,37.1686671674252,0,1.22321411967278,29.0069347918034,14.0958748757839,77.6402800679207,117.031979203224,18.4512850642204,4596.1479498744,9.72944325208664,2105.65459531546,176.667449742556,5.68469399213791,5.07053419947624,140.151578307152,963.739924699068,222.67175886035,0,31.3317480385303,93.7397356629372,94.8523306548595,25.2601871490479,1033.28650996089,2123.60165694356,4848.00551119447,6.07501792907715,151.698099583387,19.3825948536396,0,75.7826354205608,0.528145968914032,1173.43147960305,19.0949329137802,329.788749247789,271.154380053282,708.62178760767,424.587316542864,3.53161859512329,11.031603038311,47.9763911962509,39.878941655159,119.870415449142,180.262258917093,94.0119645297527,1.31430745124817,7.28387150168419,30.1799544990063,0,31.3258485794067,0,0,0,2.55703362822533,2.23749700188637,6.81544032692909,2.67643409967422,1.09315705299377,974.605091571808,1.56796890497208,1029.70361116529,20.9050211012363,0,0,2.1868605017662,390.153214275837,35.2611927390099,0,0.529403686523438,2.38249129056931,0,0.606704533100128,569.219615012407,1166.58883389831,1601.66265112162,1.14703607559204,38.5112747848034,2.07824701070786,1100.56357172132,8.8082340657711,0,108.096206188202,14.6517613530159
141.729020178318,50.3496089279652,9.81878742575645,119.694087833166,622.931813240051,1561.97189699113,325.603949725628,4067.08751235902,314.231317102909,735.149637162685,431.140790045261,762.046235844493,653.044802635908,2270.95668953657,102.750839650631,6.41722184419632,20.3771487772465,99.9445834457874,29.4083786606789,121.89310002327,31.9481778144836,17.9450046420097,38.9877405762672,120.567082822323,92.5227904319763,193.056602835655,344.998808264732,145.434746682644,1083.50478340685,327.101333409548,75.7826354205608,0,26.783569663763,14619.508191973,282.796504348516,3763.91664469242,64.1327847242355,251.297620117664,111.770383745432,626.166374027729,5496.06211277843,105.926973581314,104.104097664356,38.1521280109882,42.1038897335529,17.399772465229,1.73463642597198,1.14280319213867,9.40998834371567,0,11.4648011028767,0,1.4030949473381,0,0,0,1.37978136539459,11.7177166342735,2.38386765122414,48.5405232012272,3.81732314825058,25.6069938838482,0,1.19583588838577,0.908863008022308,0,49.6610731184483,21.5101372599602,0,0,0,0,6.78763401508331,24.407537907362,57.2602709829807,128.61029163003,0,0,0,16.891674220562,0,0,9.64404410123825,48.6712957620621
24.7791288197041,38.7870524823666,12.1436271071434,6.89025783538818,4.75987660884857,22.3041509687901,266.592455595732,116.187443673611,794.538293838501,33.0467473566532,10.8104694783688,11.8306546509266,167.971398562193,50.4221224784851,70.4357627332211,9.50239360332489,90.9734529554844,2.49940094351768,7.90601307153702,1.58849430084229,94.9440159499645,156.452470481396,78.4488916695118,352.293520271778,3.64203298091888,8.6898880302906,62.9504197239876,576.650106936693,7625.62581905723,502.477158635855,0.528145968914032,26.783569663763,0,2709.88316640258,390.369971364737,269.181883305311,22.2419609129429,320.671914070845,111.744353234768,70.4500550925732,197.913477689028,20.1386426687241,137.891509503126,12.1894087195396,24.7452544569969,20.8245646953583,2.22188419103622,1.81737005710602,0,0,3.43356522917747,0,3.79300108551979,0,0,66.177995800972,1.95955908298492,59.067925632,5.43368273973465,0,0.443269342184067,0,0.844879269599915,1.63244485855103,1.22215485572815,0,1.55376577377319,0,0,2.30871903896332,33.7845255434513,1.13425374031067,284.629167318344,0.523584246635437,0,5.12044239044189,19.9378356635571,6.09225106239319,53.3018563389778,0,0,2.18770146369934,56.762538343668,103.384041428566
1189.45697557926,2727.83595696092,1246.93417552114,388.25972032547,2442.27504646778,958.310023516417,2672.50663529336,3613.90770871937,3889.37729556859,2838.19939956069,11467.0139772296,1781.59757128358,4174.72046591341,4425.13246703148,271.296225011349,1336.37880265713,9536.6898548305,2530.19238805771,1627.3235040307,388.599095791578,15929.2819904983,1693.74751058221,16516.5522056818,3683.30637992918,1548.09749618173,5292.33448636532,24888.8213239908,5460.85760527849,13114.9388651848,8715.21517273784,1173.43147960305,14619.508191973,2709.88316640258,0,865.460593134165,3131.97845992446,641.196099340916,3035.82863670588,1114.95793950558,368.591795474291,822.200034201145,820.088918894529,8067.05500936508,4020.07618615031,5001.10950234532,3519.06255587935,102.78207936883,97.2493390738964,83.905223429203,3.23844212293625,943.476561248302,17.7816417813301,9.89456158876419,2.59982812404633,1.86971190571785,188.264885693789,4.99081945419312,313.893391430378,27.1215136349201,1022.84635019302,13.5855347514153,585.381920278072,31.0291012525558,15.7709805369377,140.366927444935,2552.11379149556,1290.63669830561,1878.4494792819,2.12126824259758,64.7663873136044,228.679330259562,252.101857542992,1451.13375112414,573.220180302858,1180.54156109691,4898.31483232975,102.658458918333,107.586971193552,689.987980574369,357.487613916397,13.1165119409561,35.9219934046268,1614.11004292965,333.668594568968
82.3968866169453,381.551437884569,117.743478626013,114.648913890123,96.8273128867149,4097.40094387531,847.57780456543,433.03067985177,4601.46047976613,1363.21308460832,43.2794749736786,16601.4627129138,768.186730235815,280.251655250788,14144.3722101152,3417.55203193426,82.5575027763844,10.9155302643776,3.73109635710716,127.854987710714,1531.26675027609,1777.11454027891,3116.78387972713,1906.90584728122,43.973465025425,69.0912550091743,4120.34836998582,1577.667419523,1294.39257234335,590.482893377542,19.0949329137802,282.796504348516,390.369971364737,865.460593134165,0,4962.28056287766,1263.72473114729,404.330950319767,5508.62315520644,218.767286896706,410.189531743526,34.6224983334541,1421.72990959883,1159.15380847454,206.145179241896,4225.57860866189,198.49016135931,214.542319446802,140.561891019344,0,154.744862526655,46.4209333658218,6.82819795608521,0,446.190458059311,98.0918032228947,47.0858862996101,386.571707487106,451.667980372906,7.25895169377327,3842.85611787438,92.9646571576595,63.5369375348091,180.030790746212,827.102486819029,9.02032375335693,27.3168865144253,6.84713041782379,9.70615297555923,252.117574095726,357.24236291647,714.000085353851,617.799261569977,10.0032041668892,64.8475479185581,1369.37026619911,389.887254983187,69.4403276145458,56.5182101428509,12.4812367558479,15.7024303078651,22.694152712822,105.911991298199,289576.515398741
316.891177862883,3736.43294131756,781.037184417248,1167.26728332043,636.896213114262,2045.02580299973,4284.64536428452,3841.53291511536,18950.3322395086,10111.6288745552,626.538218170404,2891.98220007122,6205.92476561666,1760.48746091127,498.887882202864,12248.6940214634,1175.33940783143,175.10177731514,107.979855656624,1046.65249922872,2342.92589923739,10293.6694176197,6470.11279419065,7968.75420075655,340.127457588911,944.673538118601,29471.9925841093,6936.54445102811,2127.24989631772,1993.71450659633,329.788749247789,3763.91664469242,269.181883305311,3131.97845992446,4962.28056287766,0,35989.9254350662,2048.37176534534,3407.02817445993,3258.55907350779,2807.98379758,540.160472124815,25947.8736090064,7894.05507475138,9499.53467571735,7470.89350640774,167.004574477673,126.205129921436,85.2538529634476,9.67490154504776,957.022030413151,40.9235618114471,34.7401571273804,0,44.3092388212681,913.676183432341,82.5468257665634,1960.04615712166,299.298714876175,76.8532493710518,116.267579138279,94.1878880858421,74.0228793621063,36.3626515269279,4049.70172524452,2711.5819491148,717.600377351046,1062.78452551365,26.1688165068626,461.043867439032,1320.85893920064,1218.51990365982,8111.25511920452,226.730123221874,776.167051792145,3495.18543419242,854.523758202791,67.640907227993,2545.33778205514,137.85204833746,20.739793419838,33.6080009043217,2477.24643093348,1697.91609352827
25.5393890440464,1262.5350330472,124.43203124404,56.7669651210308,4.97487646341324,83.0143795013428,161.882344305515,121.860097572207,809.017298191786,292.169351756573,927.17190271616,152.498769402504,7110.40906372666,117.243817508221,67.6035982966423,1246.41321608424,245.839115947485,103.2896284163,40.7495903670788,29.2772015929222,196.619755089283,1290.27946597338,645.513619214296,441.808102875948,333.899217635393,482.133676201105,8386.28790095448,322.412377685308,125.208894312382,70.2411823868752,271.154380053282,64.1327847242355,22.2419609129429,641.196099340916,1263.72473114729,35989.9254350662,0,14249.3925351501,8713.43895697594,354.374089360237,221.926705628633,690.509869158268,7164.58298173547,2887.8138436377,3206.33421203494,2797.39162281156,86.53972235322,79.8879881501198,80.1540008187294,0,406.574225962162,11.8717442750931,12.6016249060631,2.29799604415894,20.5716854631901,17.5615360736847,5.44576072692871,48.6233047842979,22.3935534954071,150.458991467953,48.6560385227203,164.326507925987,17.6164619326591,36.8712424039841,408.409357190132,1491.34878003597,559.738320857286,816.3943554461,8.29482233524323,58.2426951229572,78.4934516251087,253.013397306204,302.828812658787,174.495358258486,569.811764121056,1818.61396574974,50.3913321495056,29.6733913123608,133.147679299116,151.918591171503,6.8289275765419,4.66140466928482,556.396548569202,1155.88774603605
272.440430402756,1570.29565373063,883.434192895889,74.5072464048862,24.2420653104782,243.586610972881,1056.44312596321,1232.66468708217,1456.54544866085,516.425815239549,2447.21722593904,355.50017875433,7562.11547246575,918.024715453386,113.988256454468,3287.65606763959,910.033242762089,496.252718061209,180.188950836658,65.0650982409716,6092.31687662005,1264.03124344349,10399.1111266911,1726.51612851024,1527.05646339059,1592.88368904591,16506.5146018863,3440.917544052,1541.38195981085,1654.31366720796,708.62178760767,251.297620117664,320.671914070845,3035.82863670588,404.330950319767,2048.37176534534,14249.3925351501,0,7435.53748252988,283.439120024443,1190.96883410215,7127.39278721809,7942.04530018568,2873.31551647186,4572.03068894148,3310.72685188055,32.2663545608521,48.1000760197639,58.7049019634724,0.496242582798004,424.458189308643,8.08828088641167,6.78269356489182,0,4.71916794776917,64.952737569809,4.18135234713554,103.224131375551,25.9172365963459,751.63113540411,49.7481708526611,423.827464133501,12.6628768444061,15.687301158905,255.816525995731,1482.84897440672,824.438994467258,820.681198269129,5.66449534893036,50.0683426856995,100.322137266397,505.205318421125,597.617979437113,303.45784497261,979.818100899458,2355.83841627836,46.8756777644157,27.0394448041916,251.559348374605,262.385182201862,10.0913583338261,3.85990643501282,854.034417450428,197.357434570789
75.9580206274986,1551.02020588517,644.555511116982,45.2072817385197,12.9742765426636,124.474128782749,426.569889515638,369.13107213378,936.131358325481,238.989658728242,737.956563621759,176.806308433414,8210.07880878448,240.731923490763,144.499740183353,3799.67158046365,622.129376173019,274.947082400322,108.718270987272,29.719008654356,2515.42748773098,1186.68221288919,6189.89598105848,1102.39575254917,490.665452778339,1061.73456159234,17292.0546242595,1772.55204927921,447.543461948633,474.390634328127,424.587316542864,111.770383745432,111.744353234768,1114.95793950558,5508.62315520644,3407.02817445993,8713.43895697594,7435.53748252988,0,1213.64757657051,2542.54587948322,687.23079252243,7864.67035248876,3788.94143620133,4680.81877148151,4533.23474362493,92.7659695744514,110.809635221958,107.648055046797,2.26528835296631,499.508364677429,19.3552333116531,6.96230375766754,0,26.490386068821,12.0499465465546,7.75342765450478,72.231052428484,30.8223293721676,128.769612550735,51.6918314397335,197.729486107826,8.64814713597298,49.8064438700676,446.79412779212,1979.758497715,795.435759037733,943.028193175793,0.740174233913422,54.8404298424721,85.9787638485432,540.50457277894,302.70017105341,214.410095572472,860.257953375578,2699.56808525324,61.5366534888744,19.8002877533436,113.512935698032,191.260653674603,7.07552480697632,3.26810342073441,632.884269744158,6613.06938189268
50.5666219294071,82.3912813961506,57.6059449315071,167.641090422869,12432.6636525095,3381.92925164104,476.198726326227,700.013358667493,3864.27390134335,1092.16278778017,16.5055828392506,1112.66259343922,2645.02051848173,289.949223816395,11743.977245301,588.996705323458,89.321821898222,2.08438700437546,2.11926740407944,129.048478901386,250.405193924904,260.422678828239,761.809068053961,466.858479008079,131.586276173592,19.4970742166042,1171.50197276473,547.858124792576,387.881378263235,205.398972392082,3.53161859512329,626.166374027729,70.4500550925732,368.591795474291,218.767286896706,3258.55907350779,354.374089360237,283.439120024443,1213.64757657051,0,657.750132650137,51.2639568150043,602.01414206624,140.201409310102,161.912919580936,182.350311338902,40.6102558672428,21.693652510643,71.5641784369946,3.34754994511604,2.51614743471146,5.66472265124321,24.5257412195206,1.11921858787537,24.4448755085468,23.7676936089993,11.5479863882065,86.72595885396,45.3036260306835,2.87482213973999,57.0017225444317,7.34973353147507,18.8027213811874,23.6664592027664,63.1843692064285,6.01652538776398,0.703659892082214,1.94385778903961,10.3024254143238,4.0124192237854,16.5166363716125,39.6075122058392,235.265197247267,2.12938785552979,2.43865758180618,24.379635155201,44.9613104462624,17.385257422924,20.3565674126148,0.530336141586304,1.31874758005142,5.06672051548958,44.0238983035088,171.145164191723
113.401473164558,75.6626760363579,36.8913277685642,127.463267371058,11143.4586866796,567.814141988754,473.110393315554,833.675946235657,705.765338331461,987.601359769702,24.6862972378731,674.014586701989,1679.69567576051,500.315766423941,86.2651938796043,168.904494822025,86.1927285194397,2.07386991381645,2.59034252166748,122.663661450148,210.823276162148,139.585437148809,336.652808338404,323.107014104724,47.0433350205421,21.9746021032333,549.577380955219,459.017699211836,801.623444199562,397.29757013917,11.031603038311,5496.06211277843,197.913477689028,822.200034201145,410.189531743526,2807.98379758,221.926705628633,1190.96883410215,2542.54587948322,657.750132650137,0,223.608985096216,139.313485175371,77.7157591283321,58.0198490023613,58.463586807251,0,0.685953199863434,6.79905018210411,0,5.74951654672623,0,1.49586850404739,1.95907378196716,1.79406642913818,0.947614312171936,0,57.5925924181938,7.07755213975906,6.977778673172,14.9713232517242,5.55884903669357,1.92430621385574,0,31.5624051690102,16.6144449710846,10.676854968071,12.544102370739,2.08823657035828,6.44754737615585,12.3929853439331,15.5655987858772,161.928923428059,1.22716569900513,5.91750198602676,36.166448533535,13.9106073975563,0.889560580253601,12.963595688343,2.01985555887222,1.93695497512817,0,19.2338539958,153.801041126251
37.6097815036774,487.995310127735,36.1234118640423,25.8276348412037,5.72757565975189,88.3315792381763,80.3310137093067,185.121883541346,110.371144503355,158.748588234186,1442.29198849201,105.08821579814,3605.49358773232,155.578063338995,13.2185036540031,30.2827968597412,23.0301875174046,31.7501302361488,9.85311642289162,15.9263089299202,74.0657569468021,100.249940514565,229.953921407461,45.3518204092979,1736.63964182138,116.833548307419,875.5126285851,83.6675116419792,177.558499574661,75.8438359200954,47.9763911962509,105.926973581314,20.1386426687241,820.088918894529,34.6224983334541,540.160472124815,690.509869158268,7127.39278721809,687.23079252243,51.2639568150043,223.608985096216,0,44.4887335598469,132.585515320301,122.062061429024,71.392365783453,2.15051579475403,3.51660144329071,44.6401515603065,0,38.6591808497906,0,0,1.35653018951416,0.673640251159668,1.33524709939957,0.739095568656921,6.95939016342163,0.924923837184906,521.387707382441,2.69927167892456,151.363812714815,6.98004445433617,0.766086518764496,5.62831568717957,55.3556032180786,55.7219234108925,43.0991983115673,0,0,0.753800809383392,5.94402825832367,6.30793464183807,75.2797732055187,78.6270681321621,167.424764513969,1.2537933588028,5.61454996466637,0,56.2895878553391,4.91968762874603,0,86.67296230793,21.3624199032784
18.2706964015961,1723.07535886765,260.47320330143,115.889498740435,21.7557591795921,151.005864158273,969.603960871696,107.121638566256,8408.10608574748,432.412655740976,227.964938908815,347.635305345058,650.077635705471,71.8313248455524,190.653064370155,907.342828094959,3574.07150635123,196.722081243992,392.582123100758,41.1091000139713,473.51758992672,4527.22916966677,2414.71820396185,6250.07459530234,76.3731702268124,321.772659212351,4308.13066929579,1431.0300116837,598.622602701187,1270.25251549482,39.878941655159,104.104097664356,137.891509503126,8067.05500936508,1421.72990959883,25947.8736090064,7164.58298173547,7942.04530018568,7864.67035248876,602.01414206624,139.313485175371,44.4887335598469,0,42946.4363562465,2755.62456989288,4900.18069645762,4870.52353212237,3038.53759092093,2648.75340396166,127.782036185265,3454.03086996078,858.900357365608,418.019252955914,74.6085358262062,1888.23997923732,4096.91773506999,4621.74261552095,7575.91049951315,8194.64226020873,601.7937964499,1144.30190935731,821.157291829586,4337.60390904546,778.037423402071,12699.6218441129,859.592543810606,797.187730550766,392.300341546535,441.610018074512,3051.88667997718,5151.76721048355,7830.26448664069,8006.68798330426,305.867772072554,1658.85602319241,27187.6788772047,8383.16629274189,1783.70244389772,887.299917399883,353.602871447802,1249.28355643153,163.813578933477,1835.23149263859,5912.38805735111
0,736.437269806862,96.8236061930656,13.1639176607132,0.768960535526276,20.2798212766647,21.6726656854153,11.7778169810772,274.100584328175,16.0318905413151,471.221650838852,29.8265451490879,915.442811578512,86.3791082799435,47.0364696383476,202.498389780521,1843.78270557523,302.1754783988,415.845132768154,2.69835129380226,136.321009367704,515.656488209963,578.976715922356,400.848218768835,110.832347601652,385.352960526943,2556.74124675989,136.487310469151,110.521258890629,45.8604239821434,119.870415449142,38.1521280109882,12.1894087195396,4020.07618615031,1159.15380847454,7894.05507475138,2887.8138436377,2873.31551647186,3788.94143620133,140.201409310102,77.7157591283321,132.585515320301,42946.4363562465,0,2893.03519010544,8197.23908793926,281.862351000309,364.719029605389,2471.36564278603,10.0733897089958,1073.16589352489,44.8103886842728,14.2005061805248,3.56681698560715,58.1597194969654,127.828368633986,124.538081496954,441.615850955248,322.4266885221,598.06663903594,49.1348232626915,1067.49113199115,185.245127558708,119.776846855879,1358.2276251018,115.465578556061,495.109524041414,137.105830848217,33.313709706068,101.331206798553,494.05705294013,556.658866941929,397.360300809145,244.238396733999,1349.94466838241,7201.80783613026,285.951318711042,110.939334064722,47.9384626448154,748.182041883469,85.7156221866608,4.24906903505325,199.542300447822,2729.00784412026
0.881416499614716,1028.68706151843,133.633430749178,10.6104210019112,0,6.84320467710495,196.637781560421,11.4230109453201,1152.29221814871,11.516213953495,778.49947103858,18.7828050553799,769.824389725924,78.6052157878876,27.9806908071041,108.466862678528,2091.00632479787,436.490971922874,572.361806184053,0.404725551605225,123.607815533876,661.953047513962,1331.6927677393,845.975231170654,221.182857781649,542.682492673397,2996.39210349321,190.356355458498,200.562579840422,222.312916189432,180.262258917093,42.1038897335529,24.7452544569969,5001.10950234532,206.145179241896,9499.53467571735,3206.33421203494,4572.03068894148,4680.81877148151,161.912919580936,58.0198490023613,122.062061429024,2755.62456989288,2893.03519010544,0,8955.42977526784,351.812756359577,1693.51972723007,6528.95032730699,131.810037523508,2252.34293884039,1702.87085646391,38.7678530216217,9.14183348417282,219.156493157148,1187.9999448061,625.397604763508,1393.62366262078,874.022123083472,1849.31884202361,145.715104520321,1335.20504316688,1319.05657541752,249.609800636768,4928.00756341219,934.136236339808,2533.43181553483,809.917759388685,32.4770611524582,5399.43347126245,1671.50203242898,13659.3850953281,2884.13230144978,436.006623983383,4209.98774600029,29864.8142112941,4761.02937868237,1494.33203333616,1197.08561977744,1296.19303634763,279.730525046587,291.489026397467,1801.21945416927,657.969199806452
0,717.441431999207,105.5824470222,9.36997732520103,12.2023457288742,31.6758164763451,60.2343030869961,11.151822924614,635.856271386147,40.3972835540771,292.052343159914,34.3053922951221,354.649568378925,37.6178570985794,219.100842356682,359.343992710114,1545.57740446925,297.948127865791,364.625529497862,5.79682806134224,147.183751285076,597.346671015024,991.45549634099,562.748981565237,87.9921822845936,324.024000942707,2647.22381418943,173.674806892872,79.4921068251133,132.20409193635,94.0119645297527,17.399772465229,20.8245646953583,3519.06255587935,4225.57860866189,7470.89350640774,2797.39162281156,3310.72685188055,4533.23474362493,182.350311338902,58.463586807251,71.392365783453,4900.18069645762,8197.23908793926,8955.42977526784,0,1863.65954443812,2503.02793389559,2250.06460887194,30.3404879570007,1397.24024686217,622.426746487617,20.205308586359,18.5532505512238,140.308696508408,434.750919729471,252.407288521528,723.512493312359,363.658144384623,144.796918928623,77.0560110807419,426.04995906353,373.784903943539,554.095943212509,4306.02731639147,375.570084512234,562.036083936691,305.807360619307,16.9823468327522,2416.26723393798,1288.76502013206,7379.82337717712,1590.39858531952,245.243874877691,1291.74713397026,18290.2533485889,2312.73242297769,347.671496003866,319.858996987343,289.83271843195,183.938507765532,62.4479751884937,475.818165391684,6252.00372123718
1.39688551425934,10.6930633187294,1.25465607643127,64.1374647915363,0,28.5876196473837,90.3788425922394,19.6426463723183,673.599825561047,133.276278197765,4.79489815235138,82.3676687479019,386.857073634863,0.618565797805786,37.634410738945,23.5305147171021,6.24695420265198,3.25185120105743,3.20911943912506,17.6883984804153,2.49447071552277,104.73816627264,18.7544859647751,511.977229565382,17.0295255184174,6.65013301372528,47.9572089016438,96.7851822972298,20.1911761164665,29.4317102432251,1.31430745124817,1.73463642597198,2.22188419103622,102.78207936883,198.49016135931,167.004574477673,86.53972235322,32.2663545608521,92.7659695744514,40.6102558672428,0,2.15051579475403,4870.52353212237,281.862351000309,351.812756359577,1863.65954443812,0,1361.24008443952,247.30323445797,49.0554845631123,99.3835115432739,205.840727508068,264.155656158924,7242.68657666445,4527.84632079303,965.954222410917,3189.06503634155,4262.7006469965,2657.41305856407,118.280211508274,1829.16548973322,108.056101471186,1378.97662231326,7121.06396234035,161.51815739274,95.7028645575047,76.2118632793427,27.5913314223289,223.226181864738,270.391735643148,182.745461344719,432.815686255693,1311.11088721454,36.9379265010357,175.695421814919,488.116622745991,1086.04496352375,510.578357756138,192.782046020031,28.3529505729675,546.212255358696,52.55913823843,392.295410960913,526.613915860653
0,17.9423108100891,2.11384230852127,5.95281118154526,0,1.59797322750092,6.98824521899223,1.81173759698868,261.461061537266,12.3676231503487,25.5183084607124,21.8417402803898,109.010076224804,3.95751687884331,14.9465474188328,21.7465598583221,15.6879332661629,14.4487946927547,10.2014019489288,0,4.60345178842545,50.8283169865608,14.8244099020958,154.92412468791,5.59876349568367,13.4298202097416,132.551345944405,20.2340086102486,2.79879832267761,7.54605829715729,7.28387150168419,1.14280319213867,1.81737005710602,97.2493390738964,214.542319446802,126.205129921436,79.8879881501198,48.1000760197639,110.809635221958,21.693652510643,0.685953199863434,3.51660144329071,3038.53759092093,364.719029605389,1693.51972723007,2503.02793389559,1361.24008443952,0,2470.16574332118,40.8112062215805,54.4557912647724,78.859283208847,52.7963136434555,5559.24760270119,3880.3556728065,440.562186986208,1852.79295378923,528.625401705503,1234.25940141082,202.043300002813,236.919493943453,122.449279665947,834.754894226789,729.0084182024,81.26312738657,43.9120788574219,162.600235342979,41.9137414395809,72.9795163869858,86.7315790057182,55.5651495456696,204.596020668745,362.889773830771,4.21327137947083,190.376794606447,451.223292887211,475.241786465049,1203.37530228496,161.193028986454,76.703993678093,11813.6263400912,50.6647061109543,723.851440832019,431.419511169195
0,22.1938549876213,2.46462267637253,9.1357170343399,1.82794153690338,23.5733418762684,12.9023495614529,5.16249099373817,89.5788981318474,22.864324182272,210.055612593889,24.0522515773773,225.743801862001,6.91794800758362,15.3281103074551,25.5308540463448,4.38387686014175,9.52263411879539,5.59756031632423,4.77611377835274,5.70981815457344,19.9229992628098,23.4649864733219,35.3726572096348,71.3652775287628,21.0328013896942,157.208053320646,14.4189206957817,7.16958829760551,0,30.1799544990063,9.40998834371567,0,83.905223429203,140.561891019344,85.2538529634476,80.1540008187294,58.7049019634724,107.648055046797,71.5641784369946,6.79905018210411,44.6401515603065,2648.75340396166,2471.36564278603,6528.95032730699,2250.06460887194,247.30323445797,2470.16574332118,0,13.0768185257912,592.388496041298,14.0344483852386,11.2368490993977,25.4173082709312,207.152504175901,234.364244967699,494.565360486507,413.721203386784,583.317852765322,3221.09499084949,133.786839514971,3223.90379208326,416.48331835866,460.156607270241,28.7050137519836,15.8519626259804,127.68736153841,10.1658606231213,34.4290414750576,21.5296386480331,96.0255342423916,61.6466627418995,191.264830678701,942.228537529707,393.538904041052,392.984584718943,125.138453185558,290.806070804596,40.7022097408772,394.426452606916,490.779213368893,22.0687854886055,272.63092893362,273.320808261633
0,4.44133666157722,0,1.39776638150215,0,0,39.7179925441742,0,59.4374329447746,5.92769777774811,0,3.18754941225052,4.02644968032837,0,2.65278303623199,0,0,0,2.15605068206787,0,0,8.182432949543,0,38.6182743906975,0,2.31310266256332,5.87816208600998,21.4008775949478,12.3770741224289,9.19184094667435,0,0,0,3.23844212293625,0,9.67490154504776,0,0.496242582798004,2.26528835296631,3.34754994511604,0,0,127.782036185265,10.0733897089958,131.810037523508,30.3404879570007,49.0554845631123,40.8112062215805,13.0768185257912,0,25.2900787591934,37.8869326412678,5.85730138421059,2.14097303152084,28.8115094602108,3676.09073880315,350.982996746898,81.257015734911,126.139641046524,95.6115235686302,17.0182512402534,9.08300420641899,6425.59744617343,9.45609053969383,5.7330664396286,171.565338730812,123.830782145262,136.981350272894,5.4454717040062,152.59697201848,8.5052338540554,200.101725637913,78.7366546988487,7.64369556307793,150.105774477124,301.841830343008,145.764023676515,7403.1733417809,2899.07716920972,14.2984596788883,8.89858704805374,71.0153987109661,521.690442562103,29.9801545739174
7.49216970801353,1904.94987472892,29.4302493035793,2.30864006280899,0,6.5635212957859,15.4195733964443,16.8547027409077,103.126704692841,2.04007199406624,132.064957767725,1.54199317097664,129.464392960072,54.9687735140324,4.65878969430923,7.42685821652412,538.836666613817,78.018917798996,213.453934848309,0,32.2720900774002,42.7892383337021,95.8334321379662,50.4350203275681,243.121896088123,151.35643145442,1811.93519899249,17.3141447603703,59.4815807044506,25.3703312277794,31.3258485794067,11.4648011028767,3.43356522917747,943.476561248302,154.744862526655,957.022030413151,406.574225962162,424.458189308643,499.508364677429,2.51614743471146,5.74951654672623,38.6591808497906,3454.03086996078,1073.16589352489,2252.34293884039,1397.24024686217,99.3835115432739,54.4557912647724,592.388496041298,25.2900787591934,0,88.6368502676487,5.50410261750221,18.67699187994,12.3318066895008,142.770387768745,35.5615658760071,3399.45501622558,61.4531462341547,602.025226265192,17.5867869257927,1139.90607964993,183.434552788734,102.594680786133,343.429528400302,2545.94784983993,277.164268434048,1414.32236808538,6.06390118598938,196.094458192587,1939.91329321265,520.153844982386,2017.56621927023,3692.79620909691,509.683040440083,12558.9807069004,217.424484983087,173.370515793562,250.822533667088,83.588753670454,4.88670265674591,36.6731466650963,801.638107568026,503.34100022912
0,22.895125836134,0,1.21938192844391,0,0,1.73429882526398,0,93.7026562988758,0,1.33924520015717,1.11811947822571,6.61372798681259,0,4.74372988939285,0,8.3993963599205,0.764254450798035,2.51149678230286,0,0,8.796451151371,3.37329560518265,72.0605385005474,7.93397331237793,0.421182036399841,46.7732734978199,2.74712312221527,0.558673560619354,0,0,0,0,17.7816417813301,46.4209333658218,40.9235618114471,11.8717442750931,8.08828088641167,19.3552333116531,5.66472265124321,0,0,858.900357365608,44.8103886842728,1702.87085646391,622.426746487617,205.840727508068,78.859283208847,14.0344483852386,37.8869326412678,88.6368502676487,0,18.314941316843,2.81322857737541,163.140807420015,2631.44068312645,851.444420307875,187.154442846775,511.282131642103,21.6428537964821,12.5571401715279,4.79711490869522,1066.15254455805,18.2175235152245,174.977108806372,11333.3943242431,446.936154156923,1775.91119381785,2.55319344997406,2968.72973266244,36.9923470914364,52615.0667788982,311.663403630257,12.2616411447525,64983.1230325699,40088.5544150174,2492.36371675134,288.717322796583,568.070846766233,23.8616981506348,6.41596218943596,23.4009120464325,960.519453197718,243.058149725199
0,13.7811571657658,0,110.93690854311,0.959655344486237,23.7663594186306,174.214351981878,28.240940451622,435.487105965614,327.469468086958,0.996076315641403,328.443881750107,65.1732493042946,8.79821163415909,28.1473941504955,0,3.21055626869202,0,0,72.1271930634975,1.2642410993576,49.7384743690491,0,649.848351240158,6.34355956315994,0.767498910427094,7.67304480075836,213.241739273071,16.3221890330315,2.09096091985703,0,1.4030949473381,3.79300108551979,9.89456158876419,6.82819795608521,34.7401571273804,12.6016249060631,6.78269356489182,6.96230375766754,24.5257412195206,1.49586850404739,0,418.019252955914,14.2005061805248,38.7678530216217,20.205308586359,264.155656158924,52.7963136434555,11.2368490993977,5.85730138421059,5.50410261750221,18.314941316843,0,10.4368089139462,447.979888990521,291.547465443611,219.958406835794,992.884927839041,10735.7794018984,10.1728485226631,10907.515217483,5.40866073966026,152.342649757862,129.488442748785,0.457684189081192,6.68903809785843,10.7307271063328,2.43469277024269,26524.2408594489,18.7154781222343,18.4681032299995,36.3362504243851,2031.40775424242,5.2909936606884,9.46172097325325,13.1852333247662,9256.82189422846,87.8356347978115,32.8073709309101,0,8.90623715519905,7.43752971291542,79.6476241052151,85.6607106029987
0,0,0,2.87553983926773,0,0.383500695228577,3.56447464227676,2.10006260871887,22.1722674965858,3.55218404531479,0,0,10.5398522615433,0,2.90670448541641,3.85146725177765,0,0,0,1.38236194849014,0,4.66169077157974,0,9.30475404858589,0,0,0,2.6015742123127,0,0,0,0,0,2.59982812404633,0,0,2.29799604415894,0,0,1.11921858787537,1.95907378196716,1.35653018951416,74.6085358262062,3.56681698560715,9.14183348417282,18.5532505512238,7242.68657666445,5559.24760270119,25.4173082709312,2.14097303152084,18.67699187994,2.81322857737541,10.4368089139462,0,693.659801900387,24.6058393716812,30.4600211083889,503.108701109886,42.1558575928211,61.9285602867603,53.9402376115322,22.6683067083359,20.1927583813667,5313.7666413784,16.2170326709747,1.73237287998199,8.52264243364334,0,1.80762267112732,22.8403342366219,15.7599267363548,22.4015415906906,105.560697704554,5.11828571557999,17.5362229645252,21.3009221255779,41.1229222118855,65.7757896482944,3.46003288030624,10.5361278951168,321.646408438683,2.07460790872574,334.950899392366,4.36275339126587
0,1.5735319852829,0,54.0241937041283,0.542298078536987,15.2945719957352,269.084974259138,4.32727521657944,268.53871396184,87.6863570213318,2.32569169998169,103.167935162783,156.32285925746,1.68802160024643,43.1473748385906,2.89901769161224,0,0.463495969772339,0,5.9069552719593,0,27.6208800375462,0,284.975774049759,12.1925185322762,0.349707365036011,3.52534729242325,88.0506148338318,0.99716055393219,7.93413770198822,2.55703362822533,0,0,1.86971190571785,446.190458059311,44.3092388212681,20.5716854631901,4.71916794776917,26.490386068821,24.4448755085468,1.79406642913818,0.673640251159668,1888.23997923732,58.1597194969654,219.156493157148,140.308696508408,4527.84632079303,3880.3556728065,207.152504175901,28.8115094602108,12.3318066895008,163.140807420015,447.979888990521,693.659801900387,0,2456.51473011076,15364.2366296351,1381.71031415462,22950.92714037,172.407018482685,9241.23851907253,38.5845181941986,1139.4441331327,1261.27684116364,11.4662487208843,37.8462161123753,129.019473880529,23.7634495794773,799.760932713747,122.280614793301,22.1631961464882,253.952772200108,1119.25173544884,11.5103004872799,150.572876989841,156.391634345055,1910.12512549758,417.097935825586,114.422880783677,43.5936935842037,331.406068891287,20.4441270530224,368.243995890021,5629.84521639347
9.9138320684433,48.3227425515652,0,25.2829983532429,0,24.1296094655991,841.057566434145,282.34683790803,743.544296741486,168.729724735022,3.75617569684982,26.3757721483707,34.2322660684586,90.8316662311554,14.1254120767117,5.87085315585136,0,0,0,5.88243135809898,2.27965378761292,168.294481396675,1.91131514310837,517.218606770039,0.991817653179169,0,25.2991124391556,304.238903820515,345.753722161055,87.0980953872204,2.23749700188637,0,66.177995800972,188.264885693789,98.0918032228947,913.676183432341,17.5615360736847,64.952737569809,12.0499465465546,23.7676936089993,0.947614312171936,1.33524709939957,4096.91773506999,127.828368633986,1187.9999448061,434.750919729471,965.954222410917,440.562186986208,234.364244967699,3676.09073880315,142.770387768745,2631.44068312645,291.547465443611,24.6058393716812,2456.51473011076,0,9884.6771761328,1165.13621652126,21132.6799393445,460.024586111307,169.942176371813,53.8081642091274,30748.6965277195,192.914727151394,83.3268120586872,3109.65444323421,769.871765583754,1047.15409842134,43.442466288805,6627.35324579477,146.869703948498,8162.84451654553,4296.37401643395,26.2034173309803,1636.24495220184,1970.44459179044,63508.0108160079,4655.43965479732,30227.9176482856,40.1159709692001,155.032788395882,210.967843681574,2628.4815300554,966.952558457851
0,11.5028897225857,0,16.4047513008118,0,2.5700147151947,293.377734333277,11.802397608757,445.277354478836,55.8130424022675,17.5339360833168,36.9018293321133,104.41175109148,16.888457775116,22.1195675134659,0,0.561390399932861,4.68575617671013,0,1.54921364784241,0,22.8679658472538,0,336.281189143658,16.0138657093048,4.16031900048256,10.4920507669449,90.9721342325211,13.3402454257011,4.62458097934723,6.81544032692909,1.37978136539459,1.95955908298492,4.99081945419312,47.0858862996101,82.5468257665634,5.44576072692871,4.18135234713554,7.75342765450478,11.5479863882065,0,0.739095568656921,4621.74261552095,124.538081496954,625.397604763508,252.407288521528,3189.06503634155,1852.79295378923,494.565360486507,350.982996746898,35.5615658760071,851.444420307875,219.958406835794,30.4600211083889,15364.2366296351,9884.6771761328,0,1137.70402900875,14901.8754907548,576.653412163258,1868.56555396318,116.235812366009,28458.6016619951,384.634380787611,5.79920229315758,652.227689862251,429.544469922781,234.611363172531,357.53733626008,667.090331941843,39.759144961834,1562.43933421373,1004.72403129935,15.8528017401695,723.361101716757,827.548044294119,1619.14948560297,1900.55894958973,1890.12321975827,111.630942285061,882.067711278796,42.3190115392208,1164.34630510211,464.32827886939
7.20772123336792,19.9909211695194,7.49325960874557,121.729720383883,1.71170628070831,99.0658205151558,438.705255478621,270.868782579899,1354.49415972829,357.398766994476,25.9697957634926,119.465478658676,205.232783973217,69.1185468733311,77.828600615263,9.22979331016541,1.2460498213768,4.30636763572693,0,20.5684558749199,11.2786413431168,434.323965102434,25.6224417090416,738.6371139884,21.8292184472084,5.95472818613052,47.1499587595463,325.867357492447,222.898391216993,79.8736030757427,2.67643409967422,11.7177166342735,59.067925632,313.893391430378,386.571707487106,1960.04615712166,48.6233047842979,103.224131375551,72.231052428484,86.72595885396,57.5925924181938,6.95939016342163,7575.91049951315,441.615850955248,1393.62366262078,723.512493312359,4262.7006469965,528.625401705503,413.721203386784,81.257015734911,3399.45501622558,187.154442846775,992.884927839041,503.108701109886,1381.71031415462,1165.13621652126,1137.70402900875,0,2353.6882635206,910.355401188135,2592.15583321452,957.165943622589,1138.13559669256,2559.13916262984,70.8073896169662,915.068469583988,198.622802197933,458.079617381096,465.668665617704,271.925168156624,5142.55952200294,387.296404004097,17745.0268091857,2600.83498373628,197.499825835228,3589.98286858201,1774.86824697256,1247.03977686167,421.66996473074,49.955713391304,87.7012051939964,146.203600764275,1116.66897544265,1566.89275425673
15.0058962106705,8.47837549448013,0,590.580083668232,1.50454249978065,47.2298875898123,1277.85833874345,189.137455388904,1004.04925382137,929.009935826063,1.94483926892281,189.485334843397,197.554890587926,67.6430707573891,67.6928465366364,1.18321228027344,0,0,0,76.2191180437803,0,76.7535821199417,2.96099710464478,1252.0960328877,13.82666015625,0,5.66199746727943,693.565642744303,98.5455509722233,31.7886221110821,1.09315705299377,2.38386765122414,5.43368273973465,27.1215136349201,451.667980372906,299.298714876175,22.3935534954071,25.9172365963459,30.8223293721676,45.3036260306835,7.07755213975906,0.924923837184906,8194.64226020873,322.4266885221,874.022123083472,363.658144384623,2657.41305856407,1234.25940141082,583.317852765322,126.139641046524,61.4531462341547,511.282131642103,10735.7794018984,42.1558575928211,22950.92714037,21132.6799393445,14901.8754907548,2353.6882635206,0,1028.84940756857,9013.74763187766,124.208316773176,4377.74167628586,389.391713827848,17.569189041853,197.769807070494,927.082705646753,154.681500047445,11156.2288410068,565.189099878073,81.4787472039461,871.483839631081,3776.94858883321,24.3278978765011,644.512541383505,516.573408439755,36710.3341465294,2500.63781100512,509.234255030751,89.5544376075268,411.316088527441,65.4163215756416,1992.59790492058,5700.6334194243
12.4837458133698,336.50460550189,2.14312982559204,0.399356126785278,0,6.64964860677719,0.745932936668396,36.553942501545,59.0467858016491,9.35969403386116,5277.02886047959,7.80531892180443,6916.18110460043,62.6129435896873,0.538690805435181,1.62562048435211,9.97080773115158,280.242755681276,13.1734393239021,0,5.87068310379982,49.6912977099419,21.4408958852291,3.40889120101929,1863.51054978371,489.579816251993,919.897066861391,3.37915325164795,45.0553761124611,3.80939894914627,974.605091571808,48.5405232012272,0,1022.84635019302,7.25895169377327,76.8532493710518,150.458991467953,751.63113540411,128.769612550735,2.87482213973999,6.977778673172,521.387707382441,601.7937964499,598.06663903594,1849.31884202361,144.796918928623,118.280211508274,202.043300002813,3221.09499084949,95.6115235686302,602.025226265192,21.6428537964821,10.1728485226631,61.9285602867603,172.407018482685,460.024586111307,576.653412163258,910.355401188135,1028.84940756857,0,294.116364747286,12204.2601652443,1969.93238011003,19.0447788238525,34.7877587676048,247.69637581706,19604.6545467973,1481.71552851796,54.3598209023476,100.785844087601,174.413313955069,160.518215954304,311.533081114292,1574.47305953503,9826.25954124331,2507.25001507998,154.853061079979,3912.88432839513,244.994969695807,4324.93220055103,1228.98201864958,46.8777016699314,7412.33397985995,50.3307956159115
0,1.4399197101593,0,253.955423623323,2.33717346191406,66.0205194056034,72.1292912960052,25.295311152935,611.398056536913,231.578061074018,2.43158394098282,920.869204103947,305.632069826126,5.29823803901672,104.674383938313,2.27421641349792,0,0,0,109.511317074299,0,9.16709369421005,0.588696241378784,300.383899122477,9.43187776207924,0.874554693698883,2.5679532289505,171.680102080107,0.362208366394043,1.30528324842453,1.56796890497208,3.81732314825058,0.443269342184067,13.5855347514153,3842.85611787438,116.267579138279,48.6560385227203,49.7481708526611,51.6918314397335,57.0017225444317,14.9713232517242,2.69927167892456,1144.30190935731,49.1348232626915,145.715104520321,77.0560110807419,1829.16548973322,236.919493943453,133.786839514971,17.0182512402534,17.5867869257927,12.5571401715279,10907.515217483,53.9402376115322,9241.23851907253,169.942176371813,1868.56555396318,2592.15583321452,9013.74763187766,294.116364747286,0,36.5255225896835,499.511532604694,1405.80806547403,3.68156844377518,6.06390264630318,281.763937830925,24.5058800876141,17661.2094096541,11.0366700291634,17.0046559274197,25.2211973071098,1822.15793278813,15.5579044818878,177.932398080826,128.623084872961,1669.65291495621,505.111037969589,18.6788936853409,57.5492018163204,95.9630813598633,11.5857765376568,294.249619722366,31160.147374928
3.42530044913292,192.596756219864,4.40647321939468,1.40893504023552,0.354731559753418,6.55773764848709,0.547883331775665,25.0041652619839,36.1733313202858,4.09868302941322,4037.85803246498,13.0206871032715,5223.17728814483,36.516962915659,0,20.6851450204849,17.0806833207607,327.531632512808,17.693580776453,0,5.72850584983826,41.8275790810585,23.5019770264626,9.69616264104843,1533.22585445642,638.58593505621,1094.47070628405,3.02351635694504,31.720235735178,1.97994810342789,1029.70361116529,25.6069938838482,0,585.381920278072,92.9646571576595,94.1878880858421,164.326507925987,423.827464133501,197.729486107826,7.34973353147507,5.55884903669357,151.363812714815,821.157291829586,1067.49113199115,1335.20504316688,426.04995906353,108.056101471186,122.449279665947,3223.90379208326,9.08300420641899,1139.90607964993,4.79711490869522,5.40866073966026,22.6683067083359,38.5845181941986,53.8081642091274,116.235812366009,957.165943622589,124.208316773176,12204.2601652443,36.5255225896835,0,289.816841721535,70.1254484057426,45.0545155405998,21.0459714531898,317.303898721933,69.9287530183792,10.2035048007965,9.70327252149582,227.468149930239,29.832828938961,260.114952921867,7402.70138633251,557.622994482517,8920.89107105136,22.8784973621368,755.370729476213,21.8865151107311,1967.37224841118,392.887512952089,5.16983756422997,3203.83347144723,105.46274498105
0,49.9130262136459,0,9.46109226346016,0,1.60266190767288,310.68818873167,15.2308498620987,680.162138521671,22.8370358645916,46.6392956078053,15.9484218657017,106.712928473949,0,19.5340318977833,2.17942833900452,0.521561443805695,26.1953418850899,9.22132614254951,0,0,58.6217987537384,0,275.661756664515,19.6224421262741,8.51707711815834,74.5842560827732,95.0994511246681,49.0083587169647,20.4129842221737,20.9050211012363,0,0.844879269599915,31.0291012525558,63.5369375348091,74.0228793621063,17.6164619326591,12.6628768444061,8.64814713597298,18.8027213811874,1.92430621385574,6.98004445433617,4337.60390904546,185.245127558708,1319.05657541752,373.784903943539,1378.97662231326,834.754894226789,416.48331835866,6425.59744617343,183.434552788734,1066.15254455805,152.342649757862,20.1927583813667,1139.4441331327,30748.6965277195,28458.6016619951,1138.13559669256,4377.74167628586,1969.93238011003,499.511532604694,289.816841721535,0,163.571610182524,32.8677020967007,1816.26322224736,1694.30323067307,980.23151370883,131.653568714857,1392.70609721541,81.6728109419346,2691.47103396058,973.027555346489,81.1144919097424,2073.81800121069,2577.50510603189,1576.09930090606,20909.3849089444,9958.2777146697,389.236878633499,742.801327884197,312.146499723196,4343.85225084424,541.331448465586
0,5.80757749080658,0.437654942274094,29.010816603899,0,23.1976619958878,21.5566581189632,11.7818604409695,205.095237106085,77.6423922777176,1.09174287319183,46.5864303708076,69.8996537923813,0,17.2399118244648,14.7152736186981,3.78361773490906,0,1.58147501945496,7.78770557045937,3.61104863882065,34.4402425885201,4.26787340641022,156.975861757994,1.60480588674545,0.529767572879791,39.4907456636429,29.9133048355579,3.55031967163086,0,0,1.19583588838577,1.63244485855103,15.7709805369377,180.030790746212,36.3626515269279,36.8712424039841,15.687301158905,49.8064438700676,23.6664592027664,0,0.766086518764496,778.037423402071,119.776846855879,249.609800636768,554.095943212509,7121.06396234035,729.0084182024,460.156607270241,9.45609053969383,102.594680786133,18.2175235152245,129.488442748785,5313.7666413784,1261.27684116364,192.914727151394,384.634380787611,2559.13916262984,389.391713827848,19.0447788238525,1405.80806547403,70.1254484057426,163.571610182524,0,79.3401319980621,45.1981833279133,9.01659974455833,10.0141279101372,78.4907894134521,104.973433494568,104.234643936157,112.425736427307,1005.09935691953,30.7638261318207,21.5285758674145,128.43291836977,347.951049566269,107.045154780149,43.4967990517616,3.68707790970802,92.071295440197,24.8847622871399,115.923753678799,3986.05796298385
0,30.3628345131874,0,0,0,0.974796205759048,10.2866159081459,1.74702227115631,60.7073605060577,0.426722466945648,0.368742197751999,3.25046223402023,105.698458731174,1.46185582876205,58.4772493243217,130.268545746803,1.73657095432281,0,0,0,61.4983316659927,1149.24974256754,169.170311629772,460.514265030622,1.34348690509796,0,153.610792279243,115.810396373272,4.48524859547615,28.3048650026321,0,0.908863008022308,1.22215485572815,140.366927444935,827.102486819029,4049.70172524452,408.409357190132,255.816525995731,446.79412779212,63.1843692064285,31.5624051690102,5.62831568717957,12699.6218441129,1358.2276251018,4928.00756341219,4306.02731639147,161.51815739274,81.26312738657,28.7050137519836,5.7330664396286,343.429528400302,174.977108806372,0.457684189081192,16.2170326709747,11.4662487208843,83.3268120586872,5.79920229315758,70.8073896169662,17.569189041853,34.7877587676048,3.68156844377518,45.0545155405998,32.8677020967007,79.3401319980621,0,564.603136897087,85.5526842474937,176.624476194382,0,11616.7810559869,9725.63643842936,9833.27761304379,11709.1195269823,67.3851001262665,271.547268077731,11047.3172399104,6290.21436500549,35.0442641675472,1009.68858584762,12.4682919383049,16.313978433609,13.6021689474583,1089.30950251222,3870.4093875289
0.810822665691376,967.407353460789,51.308755248785,0,0,0,0,1.13908493518829,59.8402352333069,0,41.8436060547829,0,169.490481287241,11.4125301837921,0,5.83955639600754,1528.81802782416,25.9531195759773,132.699540138245,0,5.74856147170067,64.7442801296711,168.209293335676,16.1959006786346,15.2386246621609,79.1901008784771,1558.24291974306,5.13792616128922,12.8218437433243,1.02213954925537,2.1868605017662,0,0,2552.11379149556,9.02032375335693,2711.5819491148,1491.34878003597,1482.84897440672,1979.758497715,6.01652538776398,16.6144449710846,55.3556032180786,859.592543810606,115.465578556061,934.136236339808,375.570084512234,95.7028645575047,43.9120788574219,15.8519626259804,171.565338730812,2545.94784983993,11333.3943242431,6.68903809785843,1.73237287998199,37.8462161123753,3109.65444323421,652.227689862251,915.068469583988,197.769807070494,247.69637581706,6.06390264630318,21.0459714531898,1816.26322224736,45.1981833279133,564.603136897087,0,1519.61285877228,6607.41052258015,0.729844629764557,1813.98465618491,477.361836671829,11329.0466141403,838.678106367588,43.6057205498219,6203.61875027418,27059.6652435362,1745.57829770446,691.770362585783,2629.90939673781,53.8602041602135,2.92434695363045,37.6999334692955,5455.72224241495,77.2387437224388
2.8506498336792,95.1094796657562,3.02024629712105,0,0,0,0.891695082187653,2.1016708612442,28.1920528411865,0,1068.48859828711,2.5264059305191,596.07552793622,67.0550597608089,0,0.50009286403656,112.457970410585,633.644191592932,229.828475534916,0,1.18923652172089,8.83172193169594,13.5809908211231,0.641085207462311,220.743420094252,732.106782138348,945.38636547327,0,82.7578628957272,0,390.153214275837,49.6610731184483,1.55376577377319,1290.63669830561,27.3168865144253,717.600377351046,559.738320857286,824.438994467258,795.435759037733,0.703659892082214,10.676854968071,55.7219234108925,797.187730550766,495.109524041414,2533.43181553483,562.036083936691,76.2118632793427,162.600235342979,127.68736153841,123.830782145262,277.164268434048,446.936154156923,10.7307271063328,8.52264243364334,129.019473880529,769.871765583754,429.544469922781,198.622802197933,927.082705646753,19604.6545467973,281.763937830925,317.303898721933,1694.30323067307,9.01659974455833,85.5526842474937,1519.61285877228,0,8567.94570218027,85.8655152618885,489.343255311251,62.4540544003248,941.647086903453,209.23964779079,438.294653445482,16919.9974303544,9206.28867010772,387.360671803355,1754.50153684616,595.953845560551,1156.75141218305,257.467707425356,87.5230863690376,4641.47121551633,104.218461424112
0,481.777812719345,44.1198137402534,0,0,0,0,2.63205981254578,24.3014644086361,0,181.577241718769,0,184.48392984271,48.3689368963242,0.691395938396454,0,628.274940043688,185.725562155247,400.316076755524,0,1.99956256151199,15.7887823879719,56.9457451701164,2.93883436918259,75.5253852903843,159.423989236355,1167.67324376106,0,38.4985215961933,0.905116677284241,35.2611927390099,21.5101372599602,0,1878.4494792819,6.84713041782379,1062.78452551365,816.3943554461,820.681198269129,943.028193175793,1.94385778903961,12.544102370739,43.0991983115673,392.300341546535,137.105830848217,809.917759388685,305.807360619307,27.5913314223289,41.9137414395809,10.1658606231213,136.981350272894,1414.32236808538,1775.91119381785,2.43469277024269,0,23.7634495794773,1047.15409842134,234.611363172531,458.079617381096,154.681500047445,1481.71552851796,24.5058800876141,69.9287530183792,980.23151370883,10.0141279101372,176.624476194382,6607.41052258015,8567.94570218027,0,3.61265420913696,711.435728669167,193.875740930438,2008.7144126147,328.639918863773,245.455189555883,19937.8319441676,19411.8398896009,473.612207129598,560.947297364473,1100.73001517355,289.052854537964,14.858864068985,46.690759986639,4145.41430875659,26.546136289835
1.18470293283463,0,0,49.2881717681885,0,13.2162949740887,51.4679276943207,18.9045824408531,170.598984152079,110.671696692705,0,489.161433398724,34.1132663190365,1.28611463308334,15.8973886966705,0,0,0,0,12.069163620472,0,0.722214698791504,0,244.102932155132,1.15428474545479,0,0,72.5406112372875,2.60909232497215,3.34449362754822,0,0,0,2.12126824259758,9.70615297555923,26.1688165068626,8.29482233524323,5.66449534893036,0.740174233913422,10.3024254143238,2.08823657035828,0,441.610018074512,33.313709706068,32.4770611524582,16.9823468327522,223.226181864738,72.9795163869858,34.4290414750576,5.4454717040062,6.06390118598938,2.55319344997406,26524.2408594489,1.80762267112732,799.760932713747,43.442466288805,357.53733626008,465.668665617704,11156.2288410068,54.3598209023476,17661.2094096541,10.2035048007965,131.653568714857,78.4907894134521,0,0.729844629764557,85.8655152618885,3.61265420913696,0,3.81893381476402,4.00268957018852,3.21781045198441,284.851007729769,1.73512655496597,31.8357810080051,7.30367439985275,2516.78739139438,119.618134856224,7.68685638904572,3.68077731132507,30.8408061563969,0.673940598964691,91.9079123437405,69.6356572806835
0,61.7854871749878,0,2.53292948007584,0,0.599633574485779,33.9564710855484,0,162.102216124535,0.409089863300323,0,6.28864204883575,16.9897492825985,0,8.90813165903091,7.78719285130501,13.3306947946548,0,4.86113077402115,0,1.25877016782761,81.7636867761612,27.0641435980797,85.7117073237896,4.71465843915939,1.65853834152222,85.7073130905628,16.4417476058006,9.49238377809525,13.1857693493366,0.529403686523438,0,2.30871903896332,64.7663873136044,252.117574095726,461.043867439032,58.2426951229572,50.0683426856995,54.8404298424721,4.0124192237854,6.44754737615585,0,3051.88667997718,101.331206798553,5399.43347126245,2416.26723393798,270.391735643148,86.7315790057182,21.5296386480331,152.59697201848,196.094458192587,2968.72973266244,18.7154781222343,22.8403342366219,122.280614793301,6627.35324579477,667.090331941843,271.925168156624,565.189099878073,100.785844087601,11.0366700291634,9.70327252149582,1392.70609721541,104.973433494568,11616.7810559869,1813.98465618491,489.343255311251,711.435728669167,3.81893381476402,0,367.987963825464,48843.9424963892,1558.09406667948,19.9434975683689,1116.94365386665,5252.50592432916,27606.9636861533,791.383853569627,32005.0033628643,31.8437727987766,27.0619960427284,104.296071022749,12549.9797347635,1741.71505180001
0,9.2699421942234,0.903458714485168,1.81543335318565,0,2.0703831911087,79.0287674069405,18.8038427233696,471.093677312136,15.8408820927143,7.97039896249771,7.09425973892212,32.5686675310135,5.55118042230606,39.8589236736298,33.9080984592438,9.20951890945435,0,0,0,7.8918708562851,613.194662749767,7.59831717610359,389.643579185009,2.42080193758011,1.73788487911224,66.5424664616585,56.0117310881615,47.8823824524879,60.9487381279469,2.38249129056931,0,33.7845255434513,228.679330259562,357.24236291647,1320.85893920064,78.4934516251087,100.322137266397,85.9787638485432,16.5166363716125,12.3929853439331,0.753800809383392,5151.76721048355,494.05705294013,1671.50203242898,1288.76502013206,182.745461344719,55.5651495456696,96.0255342423916,8.5052338540554,1939.91329321265,36.9923470914364,18.4681032299995,15.7599267363548,22.1631961464882,146.869703948498,39.759144961834,5142.55952200294,81.4787472039461,174.413313955069,17.0046559274197,227.468149930239,81.6728109419346,104.234643936157,9725.63643842936,477.361836671829,62.4540544003248,193.875740930438,4.00268957018852,367.987963825464,0,680.793127804995,16465.3114850521,652.944972246885,138.062288045883,3964.59414665401,733.501228570938,148.661723136902,688.473617464304,12.5089631527662,8.64928340911865,48.8874786198139,838.426326617599,1381.68331032991
0,145.235617727041,20.4577434659004,0,0.834230184555054,0.516879320144653,24.1288670301437,0,190.121370732784,0,3.62053149938583,3.25870096683502,61.5834990143776,3.14635610580444,26.2722363471985,11.3049104809761,181.570926934481,3.08310627937317,6.84143641591072,0.372902631759644,17.7070229649544,128.822212040424,308.716806441545,125.293506681919,3.54470983147621,12.0093755722046,398.557443886995,20.7224371731281,12.5309138298035,9.27389287948608,0,0,1.13425374031067,252.101857542992,714.000085353851,1218.51990365982,253.013397306204,505.205318421125,540.50457277894,39.6075122058392,15.5655987858772,5.94402825832367,7830.26448664069,556.658866941929,13659.3850953281,7379.82337717712,432.815686255693,204.596020668745,61.6466627418995,200.101725637913,520.153844982386,52615.0667788982,36.3362504243851,22.4015415906906,253.952772200108,8162.84451654553,1562.43933421373,387.296404004097,871.483839631081,160.518215954304,25.2211973071098,29.832828938961,2691.47103396058,112.425736427307,9833.27761304379,11329.0466141403,941.647086903453,2008.7144126147,3.21781045198441,48843.9424963892,680.793127804995,0,3622.91285938025,37.8432198166847,8439.09201027453,42362.213024646,19204.4368381947,885.657759547234,6385.54549434781,50.8975059986115,27.1994736790657,107.525305569172,9213.12749794126,3904.10732847452
32.8289746940136,51.1395841836929,12.8076345324516,349.352206736803,9.13817328214645,296.918940722942,1530.76161333919,824.683399170637,3968.69748017192,1661.58605435491,1.34481418132782,248.865157306194,283.544814825058,151.102468460798,198.52955147624,34.8374473154545,11.1724729835987,0,1.06813430786133,84.2221149802208,49.4357766211033,877.167297035456,21.1001720428467,3806.28412818909,20.5610377192497,2.08982729911804,77.9780271947384,1397.97646975517,799.082688957453,420.758211761713,0.606704533100128,6.78763401508331,284.629167318344,1451.13375112414,617.799261569977,8111.25511920452,302.828812658787,597.617979437113,302.70017105341,235.265197247267,161.928923428059,6.30793464183807,8006.68798330426,397.360300809145,2884.13230144978,1590.39858531952,1311.11088721454,362.889773830771,191.264830678701,78.7366546988487,2017.56621927023,311.663403630257,2031.40775424242,105.560697704554,1119.25173544884,4296.37401643395,1004.72403129935,17745.0268091857,3776.94858883321,311.533081114292,1822.15793278813,260.114952921867,973.027555346489,1005.09935691953,11709.1195269823,838.678106367588,209.23964779079,328.639918863773,284.851007729769,1558.09406667948,16465.3114850521,3622.91285938025,0,797.764435768127,317.403981715441,7132.6754579246,18630.681445539,1281.41693222523,3444.06513728201,15.9484363794327,59.6356366574764,279.592995971441,3513.40436314046,2532.33695042133
9.75412675738335,108.653624236584,4.26751908659935,0,0.420867264270782,5.47700640559196,4.30913066864014,24.438957542181,36.9398096203804,7.06519490480423,1224.24112972617,0.704012632369995,1655.46638405323,55.7579601705074,1.27337968349457,3.0454615354538,56.3130949139595,445.477117151022,113.599324464798,0,9.13751068711281,13.6620072424412,24.6765758991241,12.681839466095,1323.75411945581,684.252495348454,1401.44047862291,4.40363311767578,70.7521721720695,5.02742958068848,569.219615012407,24.407537907362,0.523584246635437,573.220180302858,10.0032041668892,226.730123221874,174.495358258486,303.45784497261,214.410095572472,2.12938785552979,1.22716569900513,75.2797732055187,305.867772072554,244.238396733999,436.006623983383,245.243874877691,36.9379265010357,4.21327137947083,942.228537529707,7.64369556307793,3692.79620909691,12.2616411447525,5.2909936606884,5.11828571557999,11.5103004872799,26.2034173309803,15.8528017401695,2600.83498373628,24.3278978765011,1574.47305953503,15.5579044818878,7402.70138633251,81.1144919097424,30.7638261318207,67.3851001262665,43.6057205498219,438.294653445482,245.455189555883,1.73512655496597,19.9434975683689,652.944972246885,37.8432198166847,797.764435768127,0,627.088796645403,14614.251567632,38.7442696094513,83.2119322419167,36.1270518153906,771.09281116724,18.2311810553074,9.49358558654785,265.244727134705,37.3837094604969
0,244.417260587215,4.15760028362274,0,0,2.81795567274094,0,18.178470492363,45.1725922822952,0,1952.79870063066,3.69892486929893,1382.67755231261,85.9489998817444,0.545690715312958,0,76.0606404840946,984.387616693974,136.618423402309,0,6.18267264962196,33.2606433331966,12.1486253738403,5.84198841452599,456.519573330879,2117.36354383826,1924.4751342833,0,94.0735405385494,0,1166.58883389831,57.2602709829807,0,1180.54156109691,64.8475479185581,776.167051792145,569.811764121056,979.818100899458,860.257953375578,2.43865758180618,5.91750198602676,78.6270681321621,1658.85602319241,1349.94466838241,4209.98774600029,1291.74713397026,175.695421814919,190.376794606447,393.538904041052,150.105774477124,509.683040440083,64983.1230325699,9.46172097325325,17.5362229645252,150.572876989841,1636.24495220184,723.361101716757,197.499825835228,644.512541383505,9826.25954124331,177.932398080826,557.622994482517,2073.81800121069,21.5285758674145,271.547268077731,6203.61875027418,16919.9974303544,19937.8319441676,31.8357810080051,1116.94365386665,138.062288045883,8439.09201027453,317.403981715441,627.088796645403,0,53205.4015134871,987.819988310337,1900.93799129128,786.686517775059,3294.06074166298,386.852376908064,96.6848632097244,3391.29510007799,194.587793320417
5.22135502099991,1487.93972599506,71.8763512372971,0,1.22157299518585,5.81517112255096,13.943410217762,38.0763351619244,107.946263253689,0,3088.61929768324,6.63374575972557,2800.61910569668,245.302634894848,67.0017340779305,17.7451817989349,1044.62707817554,1770.23072597384,1122.01794326305,0,36.3484736680984,145.439591616392,140.808169722557,59.938227981329,1370.00973236561,2542.3605055511,5420.32387566566,12.294256746769,239.065278202295,14.0267226696014,1601.66265112162,128.61029163003,5.12044239044189,4898.31483232975,1369.37026619911,3495.18543419242,1818.61396574974,2355.83841627836,2699.56808525324,24.379635155201,36.166448533535,167.424764513969,27187.6788772047,7201.80783613026,29864.8142112941,18290.2533485889,488.116622745991,451.223292887211,392.984584718943,301.841830343008,12558.9807069004,40088.5544150174,13.1852333247662,21.3009221255779,156.391634345055,1970.44459179044,827.548044294119,3589.98286858201,516.573408439755,2507.25001507998,128.623084872961,8920.89107105136,2577.50510603189,128.43291836977,11047.3172399104,27059.6652435362,9206.28867010772,19411.8398896009,7.30367439985275,5252.50592432916,3964.59414665401,42362.213024646,7132.6754579246,14614.251567632,53205.4015134871,0,5055.04733355343,2073.85254773498,2200.09576672316,7469.05486500263,210.094732254744,359.782233119011,10322.86645706,5620.58632811904
6.2530911564827,30.7244588732719,0.972944796085358,443.474004238844,2.9541662633419,35.9103037714958,599.707048803568,92.8141113221645,897.868959844112,685.848212808371,0,120.266978144646,136.211276084185,15.3483847677708,62.5903249382973,3.52426987886429,1.0018664598465,0,0,46.580615490675,2.94419604539871,120.815858721733,4.2014554142952,1033.75897160172,4.32646828889847,0,33.6937961876392,495.336919277906,78.963515996933,49.4654344022274,1.14703607559204,0,19.9378356635571,102.658458918333,389.887254983187,854.523758202791,50.3913321495056,46.8756777644157,61.5366534888744,44.9613104462624,13.9106073975563,1.2537933588028,8383.16629274189,285.951318711042,4761.02937868237,2312.73242297769,1086.04496352375,475.241786465049,125.138453185558,145.764023676515,217.424484983087,2492.36371675134,9256.82189422846,41.1229222118855,1910.12512549758,63508.0108160079,1619.14948560297,1774.86824697256,36710.3341465294,154.853061079979,1669.65291495621,22.8784973621368,1576.09930090606,347.951049566269,6290.21436500549,1745.57829770446,387.360671803355,473.612207129598,2516.78739139438,27606.9636861533,733.501228570938,19204.4368381947,18630.681445539,38.7442696094513,987.819988310337,5055.04733355343,0,2293.05353969336,31916.0505744666,6.14087948203087,92.1460919082165,573.338018015027,7658.3548681885,3311.41542297602
0,52.5697000026703,0,2.6821261048317,0,0,99.4202808439732,1.90910959243774,847.455749183893,3.30594033002853,147.392239063978,19.7450923919678,141.784799516201,0,10.1318930089474,0,5.38306486606598,31.6150112450123,17.9225535988808,0,0,93.2256855666637,0,385.964570730925,38.9173001348972,25.6180199682713,73.030272603035,50.5502038896084,50.8092382252216,28.5156472325325,38.5112747848034,0,6.09225106239319,107.586971193552,69.4403276145458,67.640907227993,29.6733913123608,27.0394448041916,19.8002877533436,17.385257422924,0.889560580253601,5.61454996466637,1783.70244389772,110.939334064722,1494.33203333616,347.671496003866,510.578357756138,1203.37530228496,290.806070804596,7403.1733417809,173.370515793562,288.717322796583,87.8356347978115,65.7757896482944,417.097935825586,4655.43965479732,1900.55894958973,1247.03977686167,2500.63781100512,3912.88432839513,505.111037969589,755.370729476213,20909.3849089444,107.045154780149,35.0442641675472,691.770362585783,1754.50153684616,560.947297364473,119.618134856224,791.383853569627,148.661723136902,885.657759547234,1281.41693222523,83.2119322419167,1900.93799129128,2073.85254773498,2293.05353969336,0,10565.5192479193,794.728959143162,1626.51502776146,9014.53058937192,11922.4892279208,482.700423330069
3.07784739136696,68.1093278825283,0,5.40168064832687,0,3.4753435254097,107.624057412148,1.61655959486961,681.9517326653,11.6196650862694,0,4.07773348689079,3.43556809425354,4.2793672978878,12.8413742184639,28.1307457387447,13.2125867903233,0.549245536327362,3.06348964571953,2.00251793861389,6.62840211391449,262.256336420774,7.86910581588745,423.837078243494,3.34234908223152,1.36997032165527,70.8886887133121,70.9594886898994,79.0771073698997,181.546197682619,2.07824701070786,0,53.3018563389778,689.987980574369,56.5182101428509,2545.33778205514,133.147679299116,251.559348374605,113.512935698032,20.3565674126148,12.963595688343,0,887.299917399883,47.9384626448154,1197.08561977744,319.858996987343,192.782046020031,161.193028986454,40.7022097408772,2899.07716920972,250.822533667088,568.070846766233,32.8073709309101,3.46003288030624,114.422880783677,30227.9176482856,1890.12321975827,421.66996473074,509.234255030751,244.994969695807,18.6788936853409,21.8865151107311,9958.2777146697,43.4967990517616,1009.68858584762,2629.90939673781,595.953845560551,1100.73001517355,7.68685638904572,32005.0033628643,688.473617464304,6385.54549434781,3444.06513728201,36.1270518153906,786.686517775059,2200.09576672316,31916.0505744666,10565.5192479193,0,23.9104981124401,28.8017608225346,826.711868941784,11127.7803129256,371.53139269352
0,158.113897413015,0,0,0,0.465910673141479,0,2.57320308685303,4.3564321398735,0,1935.11307793856,1.08657574653625,2310.98518276215,20.7106061279774,0,0,10.9722003340721,436.847064882517,16.8049390614033,0,0.76168829202652,20.7286376953125,2.94955384731293,0,470.917697429657,849.053756117821,1066.73754113913,0,14.7685939967632,0,1100.56357172132,16.891674220562,0,357.487613916397,12.4812367558479,137.85204833746,151.918591171503,262.385182201862,191.260653674603,0.530336141586304,2.01985555887222,56.2895878553391,353.602871447802,748.182041883469,1296.19303634763,289.83271843195,28.3529505729675,76.703993678093,394.426452606916,14.2984596788883,83.588753670454,23.8616981506348,0,10.5361278951168,43.5936935842037,40.1159709692001,111.630942285061,49.955713391304,89.5544376075268,4324.93220055103,57.5492018163204,1967.37224841118,389.236878633499,3.68707790970802,12.4682919383049,53.8602041602135,1156.75141218305,289.052854537964,3.68077731132507,31.8437727987766,12.5089631527662,50.8975059986115,15.9484363794327,771.09281116724,3294.06074166298,7469.05486500263,6.14087948203087,794.728959143162,23.9104981124401,0,247.09289175272,12.0024954676628,880.172087967396,35.1879505813122
0,3.76023650169373,0,0.794812858104706,0,0,0,1.26380851864815,43.2174057662487,0,56.1395122408867,1.29706978797913,107.74114587903,0.60079699754715,1.84559231996536,0,0,9.39777094125748,5.79167824983597,0,0,0.830718338489532,0,4.33888161182404,18.1783701181412,11.1437313258648,14.1558544039726,0,0,0,8.8082340657711,0,0,13.1165119409561,15.7024303078651,20.739793419838,6.8289275765419,10.0913583338261,7.07552480697632,1.31874758005142,1.93695497512817,4.91968762874603,1249.28355643153,85.7156221866608,279.730525046587,183.938507765532,546.212255358696,11813.6263400912,490.779213368893,8.89858704805374,4.88670265674591,6.41596218943596,8.90623715519905,321.646408438683,331.406068891287,155.032788395882,882.067711278796,87.7012051939964,411.316088527441,1228.98201864958,95.9630813598633,392.887512952089,742.801327884197,92.071295440197,16.313978433609,2.92434695363045,257.467707425356,14.858864068985,30.8408061563969,27.0619960427284,8.64928340911865,27.1994736790657,59.6356366574764,18.2311810553074,386.852376908064,210.094732254744,92.1460919082165,1626.51502776146,28.8017608225346,247.09289175272,0,6.24208101630211,5247.09230485559,107.416554689407
0,4.39487969875336,0,0.508465349674225,0,3.40257203578949,18.7080063819885,0,175.16813480854,0.361470609903336,2.02178284525871,5.41914638876915,0,0,1.14002531766891,0,0.330407381057739,0.447919577360153,3.15365469455719,0,0,16.8185376524925,0,88.3400204479694,2.68357321619987,4.18797898292542,17.2772697806358,17.8937360644341,21.6244281828403,13.2507507205009,0,0,2.18770146369934,35.9219934046268,22.694152712822,33.6080009043217,4.66140466928482,3.85990643501282,3.26810342073441,5.06672051548958,0,0,163.813578933477,4.24906903505325,291.489026397467,62.4479751884937,52.55913823843,50.6647061109543,22.0687854886055,71.0153987109661,36.6731466650963,23.4009120464325,7.43752971291542,2.07460790872574,20.4441270530224,210.967843681574,42.3190115392208,146.203600764275,65.4163215756416,46.8777016699314,11.5857765376568,5.16983756422997,312.146499723196,24.8847622871399,13.6021689474583,37.6999334692955,87.5230863690376,46.690759986639,0.673940598964691,104.296071022749,48.8874786198139,107.525305569172,279.592995971441,9.49358558654785,96.6848632097244,359.782233119011,573.338018015027,9014.53058937192,826.711868941784,12.0024954676628,6.24208101630211,0,2174.05579686165,169.197415947914
2.25816506147385,251.026350528002,18.1588804721832,12.5587513446808,0.925430506467819,9.78253898024559,118.24625608325,7.06091034412384,1381.83501523733,9.7144168317318,561.214051276445,24.6225663423538,527.292482823133,22.4011924862862,13.1991899907589,39.7613390088081,312.656000643969,114.865110993385,187.377267628908,0.376392811536789,23.3050546348095,323.487288683653,106.347346037626,781.785106271505,188.363185584545,123.70608317852,654.180812627077,94.8288681209087,141.953343272209,193.17255911231,108.096206188202,9.64404410123825,56.762538343668,1614.11004292965,105.911991298199,2477.24643093348,556.396548569202,854.034417450428,632.884269744158,44.0238983035088,19.2338539958,86.67296230793,1835.23149263859,199.542300447822,1801.21945416927,475.818165391684,392.295410960913,723.851440832019,272.63092893362,521.690442562103,801.638107568026,960.519453197718,79.6476241052151,334.950899392366,368.243995890021,2628.4815300554,1164.34630510211,1116.66897544265,1992.59790492058,7412.33397985995,294.249619722366,3203.83347144723,4343.85225084424,115.923753678799,1089.30950251222,5455.72224241495,4641.47121551633,4145.41430875659,91.9079123437405,12549.9797347635,838.426326617599,9213.12749794126,3513.40436314046,265.244727134705,3391.29510007799,10322.86645706,7658.3548681885,11922.4892279208,11127.7803129256,880.172087967396,5247.09230485559,2174.05579686165,0,717.435386151075
10.5732476115227,298.499988615513,66.5536259710789,6.76683303713799,71.9392779767513,278.938310950994,80.0003897249699,46.7695096135139,2101.87770089507,95.2020837962627,41.5175059437752,3135.68963870406,351.436234861612,45.5385654270649,1834.42396277189,1274.06364768744,7.26721823215485,8.87130260467529,6.58287417888641,9.24330204725266,364.870004028082,1052.53934767842,1105.3819398284,697.135598421097,27.7309785485268,52.8029547929764,2628.44343310595,226.99730232358,236.831825196743,98.2035871446133,14.6517613530159,48.6712957620621,103.384041428566,333.668594568968,289576.515398741,1697.91609352827,1155.88774603605,197.357434570789,6613.06938189268,171.145164191723,153.801041126251,21.3624199032784,5912.38805735111,2729.00784412026,657.969199806452,6252.00372123718,526.613915860653,431.419511169195,273.320808261633,29.9801545739174,503.34100022912,243.058149725199,85.6607106029987,4.36275339126587,5629.84521639347,966.952558457851,464.32827886939,1566.89275425673,5700.6334194243,50.3307956159115,31160.147374928,105.46274498105,541.331448465586,3986.05796298385,3870.4093875289,77.2387437224388,104.218461424112,26.546136289835,69.6356572806835,1741.71505180001,1381.68331032991,3904.10732847452,2532.33695042133,37.3837094604969,194.587793320417,5620.58632811904,3311.41542297602,482.700423330069,371.53139269352,35.1879505813122,107.416554689407,169.197415947914,717.435386151075,0
