"Predictor","Test_Statistic","p_value","functional_ve","semi_partial_r"
"Group",431.446297792201,4.35365428505337e-90,0.00381165834145226,0.0440674342692547
"Rel_Motion",311.164805721259,2.89711158174868e-59,0.00282036187929025,0.0371703496063796
