0,0,115.868169307709,0.420318931341171,0.567189037799835,29.9530591070652,2037.63106992841,657.611931055784,10.4106557667255,26.4101386070251,23.8070024251938,4.56940674781799,1.00224447250366,11169.2163806856,1.79780569672585,1.95115661621094,472.14216658473,25.8899873495102,37.1866333186626,2.78775888681412,70.3655924499035,0,257.941248834133,56.7114094495773,0,36.2144412696362,65.5362297296524,101.056713551283,9735.23629769683,4453.7925156951,0,7.68441677093506,34.0194054245949,273.38984683156,10.4192283153534,81.4535078108311,25.3491116166115,195.740016996861,62.6245214045048,19.4052244126797,6.10417145490646,1.02630579471588,6.4198352098465,0.388776034116745,2.23967951536179,0.934708178043365,3.73822984099388,1.35679721832275,0,0,0.806977987289429,0.500756204128265,0,0,0,9.6449883878231,3.46279436349869,6.5939374268055,2.26764905452728,0,0,0,0.368753015995026,0,0,1.22878909111023,0,0,0,0.436373740434647,0,1.74232789874077,25.3499034941196,0,1.48332345485687,8.99044308066368,17.7267030477524,3.63241541385651,0,0,0,0,3.01040759682655,3.71589028835297
0,0,14.7397856712341,0.790228664875031,22.7928728759289,2.20191982388496,3.61037135124207,3.92127871513367,1399.48089265823,8.35922548174858,530.273072719574,15.0114152729511,2311.6167524159,2.37879848480225,124.325256109238,394.958921253681,35.0936181843281,18.2427397966385,65.9196593761444,1.0568730533123,6.98339343070984,2056.74738484621,67.7463876307011,4604.63521873951,4314.07202324271,275.99161696434,13978.4620402753,120.898595243692,2.02233552932739,1.74992042779922,43.0152660012245,0,0,459.962741851807,12.2584612369537,140.58244997263,48.9636798501015,73.481302022934,45.4739311933517,137.413196563721,3.06818997859955,205.943056225777,411.621649891138,268.242206394672,159.609578043222,107.313603937626,2.90144538879395,0,271.886079609394,0,1593.97341638803,186.792667090893,0,0,0,22.1065092682838,5.25878465175629,11.4209977984428,2.65623518824577,155.559227079153,1.15586331486702,827.860641509295,5.85225075483322,2.29393684864044,26.6373052000999,384.203668743372,17.7513864040375,116.593005955219,0,7.68434315919876,20.4452849030495,114.34174734354,61.8293673694134,65.2840849161148,744.84607848525,4273.31484392285,29.7117281854153,3.97124284505844,8.82969832420349,49.9458910226822,0,0,81.2574669122696,16.0953500270844
115.868169307709,14.7397856712341,0,7.16607517004013,12.5851643383503,153.162338703871,5321.41988691688,2156.18686667085,27.7675762176514,182.647454708815,94.4626406431198,15.5798127949238,0.820093214511871,1734.20311325788,21.6609345674515,103.211056649685,34937.4657069743,188.40208697319,2233.57321363688,4.38642624020576,6384.48931205273,24.612712264061,56470.8439565301,303.380708456039,0,21384.9425189793,10111.614056021,3148.90281495452,650.618282347918,1767.63145700097,6.78679624199867,7.97244131565094,23.2744763195515,1753.82162117958,310.510733544827,8088.82498404384,2808.56118696928,3683.48780664802,3160.97633478045,124.470612764359,111.512251496315,9.21612194180489,1617.63600847125,146.084642350674,596.65858450532,388.266392469406,14.5064795911312,11.1043397784233,0.529004216194153,1.90008077025414,307.685955047607,1892.57142332196,0,2.50710070133209,0,187.126273453236,2.18481716513634,11.8897865116596,1.15674006938934,3.93142575025558,0.775348842144012,1.2383975982666,21.4683302640915,7.05825752019882,200.651743978262,1005.99994188547,14.3584435582161,115.572576582432,0,139.764423847198,45.508750885725,1819.76990684867,337.353432834148,7.38248494267464,319.709389448166,5673.61163541675,259.403310984373,27.8880652785301,150.188425898552,0,0.81153804063797,1.86576423048973,216.682018488646,140.353084743023
0.420318931341171,0.790228664875031,7.16607517004013,0,73.7079319357872,374.826823413372,143.634016603231,304.173150062561,1412.1543392241,6724.20460802317,28.789479881525,11343.4887448251,6.54086023569107,91.8533171415329,438.136453032494,0,4.87965977191925,19.4818613529205,15.7975075244904,12147.8569622338,0.619862198829651,4.85370928049088,4.87009036540985,2846.66450834274,1.00998896360397,16.5354567170143,8.09686595201492,15321.4582687616,86.9465734064579,6.00573799014091,2.34199595451355,13.3134020268917,1.03311935067177,185.336198925972,10.7006229758263,260.893052190542,11.6649900376797,57.9769124388695,27.4530794918537,356.017307341099,27.2117457091808,5.32622599601746,97.2426361441612,0.852949738502502,32.8053092062473,6.60482305288315,349.642232239246,11.3775637149811,2.10537004470825,0.407395452260971,0,0,1225.7457562089,27.5863093137741,116.07929867506,175.691430330276,160.320789545774,436.438802421093,2296.04529577494,2.85826677083969,434.078181564808,0,20.1339339315891,145.599858283997,0,0,3.05235436558723,0.51347553730011,503.687846034765,2.01487898826599,0,1.83885481953621,615.233865588903,0,1.03416353464127,0,1251.22057554126,18.7711836993694,3.07350963354111,0,2.22985824942589,0,37.6544987559319,0
0.567189037799835,22.7928728759289,12.5851643383503,73.7079319357872,0,1414.610057652,101.823319941759,143.414623677731,585.046845138073,126.538328051567,4.07429540157318,697.942960590124,5.58903121948242,25.6607398092747,2789.28046873212,18.3360055088997,18.4521132409573,2.34045171737671,9.96761184930801,32.4849027097225,371.203480273485,26.0933670401573,292.421788305044,254.171957015991,10.2132797241211,11.7379600703716,71.1375522315502,268.423533469439,33.0602589249611,216.013613522053,0.520380198955536,958.951839089394,2.02469050884247,1589.81532436609,2184.50896015763,375.875014424324,51.2472510933876,27.2403428852558,64.8817870020866,11515.611613214,8212.88171243668,15.8613213300705,109.187461078167,97.9075642228127,43.1693087816238,255.962487459183,397.184261202812,10.1432806253433,7.11633050441742,0,2.43500375747681,20.9230704903603,94.7210924327374,34.009888112545,86.0162045359612,34.2612651586533,28.7506493926048,84.6845445632935,169.924672931433,3.26222598552704,179.151381313801,0,10.4556383490562,133.651179254055,10.1299220025539,12.4806124567986,22.0675902962685,27.3060036897659,134.127773463726,25.0208783149719,1.16243797540665,65.3620541989803,80.9762255549431,1.301149725914,29.1758799552917,64.1721793413162,196.862512767315,5.22949713468552,21.8261622786522,0,1.46142208576202,0.955532193183899,18.270024061203,3495.51436024904
29.9530591070652,2.20191982388496,153.162338703871,374.826823413372,1414.610057652,0,10164.7098434269,15921.9504455924,540.549629747868,23597.36452806,341.573885977268,11609.3319718838,41.8400923013687,1031.4871416688,6388.2330057323,1.31188064813614,146.928063124418,138.169484227896,182.886928230524,240.146584302187,30.3185670673847,1.89749372005463,132.27785050869,188.371294528246,1.72174453735352,158.072536528111,81.3083937764168,3164.14453172684,519.322313308716,416.797565847635,16.4624245464802,162.083195954561,8.93620359897614,1636.51673337817,2405.39004540443,3031.09032258391,126.830348610878,378.751480817795,365.269963413477,10044.8373504579,2871.62262234092,164.731545716524,198.669928312302,4.71136420965195,160.569925248623,52.1945730447769,592.113290578127,64.9195509552956,38.1775539815426,0.552822589874268,1.31222784519196,1.36820036172867,199.77495136857,49.8225799500942,136.769095182419,251.292188704014,100.592738360167,272.444269508123,314.962982237339,2.78084382414818,324.657340139151,3.33090019226074,38.644664555788,227.069501489401,8.37096956372261,0,0,0,219.029137045145,4.17543005943298,0,4.59007087349892,640.046296924353,0,2.35232788324356,5.85322058200836,711.694036751986,36.8549710512161,14.385826587677,0,35.9093226492405,2.52775299549103,46.3046917319298,204.721517860889
2037.63106992841,3.61037135124207,5321.41988691688,143.634016603231,101.823319941759,10164.7098434269,0,36786.3687555194,536.056034684181,33203.2811334431,898.611079066992,594.471132069826,111.76630961895,29451.2389340401,688.599437594414,16.0981802344322,1661.46487742662,594.530250459909,684.36852055788,147.000395953655,1533.70298829675,7.7453741133213,5265.53618478775,1786.08135083318,2.66971856355667,1424.0016078651,1450.72298112512,55599.3124513924,9805.24680602551,28828.5709172785,65.3873553276062,433.347718775272,513.791550666094,6436.06384515762,1586.96855872869,9987.33057013154,549.825809627771,3499.64139223099,1420.74693751335,2423.41038647294,1072.86603659391,152.889020144939,2486.11575877666,17.1594972908497,705.409091979265,251.542097955942,1210.50672361255,317.007871627808,88.8496718406677,16.6038396060467,7.42013520002365,60.2338985800743,205.04605576396,21.2317535579205,100.662471413612,2793.25695210695,682.256724983454,516.688983887434,621.331959754229,12.9533824026585,105.622204959393,6.18523609638214,305.480920672417,133.012023687363,170.237457871437,24.142051845789,0,0.432690322399139,236.994221568108,207.032569557428,18.5458118319511,247.636152565479,5024.38825136423,0.79823112487793,5.72028890252113,174.93199262023,4281.94466626644,599.272265851498,383.59952917695,0,28.8662753403187,24.2386935651302,421.736765235662,178.184814572334
657.611931055784,3.92127871513367,2156.18686667085,304.173150062561,143.414623677731,15921.9504455924,36786.3687555194,0,405.049443870783,20458.8785904646,337.629604786634,6584.07102030516,32.3917641639709,18749.6935375631,494.845257848501,9.31184023618698,2592.29560133815,191.431474626064,326.08535349369,335.419567197561,229.782315999269,1.633052110672,2870.49428763986,370.26403978467,1.19305819272995,647.797063529491,478.260206520557,4569.31964215636,2423.40469658375,11023.3208025396,16.5855937600136,624.974485963583,55.8135001957417,2236.2074136436,252.777283221483,4006.06833288074,243.486560046673,1255.75190126896,894.277299046516,4030.41186776757,840.112399309874,157.922930896282,449.092165976763,2.96242839097977,275.804003983736,63.8877153992653,376.75357478857,116.004827976227,59.294263035059,2.26520335674286,5.50277256965637,7.2734375,64.0526426434517,8.51591953635216,34.2240875959396,708.317633509636,147.486193180084,261.690730899572,104.371087670326,0,80.3087756335735,3.20585286617279,55.1163700520992,63.043790102005,13.0879379212856,0,0,0,62.1805702745914,6.63553136587143,2.28656005859375,27.7985517084599,1783.73753240705,0,3.11581146717072,42.9063050746918,1295.88209040463,81.7134530544281,35.7187701761723,0,37.1928043067455,2.20846009254456,83.7679712772369,29.5692249834538
10.4106557667255,1399.48089265823,27.7675762176514,1412.1543392241,585.046845138073,540.549629747868,536.056034684181,405.049443870783,0,3152.67446574569,125.356903702021,4343.02036288381,467.499836921692,251.799427837133,4132.82080239058,85.8170734643936,31.5792615413666,55.8843303620815,58.6044924855232,1433.35328409076,23.2079849541187,5365.25311732292,52.0353832244873,29453.807939291,1417.35960826278,107.23360016942,4865.98500531912,7676.91070899367,453.963832199574,30.8807553946972,20.6582235097885,37.8708092272282,23.1800484657288,393.518551528454,83.9051459133625,609.846662431955,42.523866802454,189.493822306395,84.4356627166271,2105.29668837786,54.9189256131649,62.7051375508308,440.3040394485,63.6026837229729,148.253106594086,45.1849046051502,538.950775891542,62.4629656672478,50.1094558537006,10.5648491382599,29.3639496564865,14.0088559389114,716.098370522261,76.349721968174,220.529404371977,569.784532576799,245.249139755964,4058.06617158651,610.109162539244,69.9614233672619,821.315871566534,181.24130859971,150.961819976568,408.508934617043,1089.33334159851,27.8814021945,36.8033503890038,16.1473615467548,554.165975451469,597.044278472662,379.689249753952,236.080491662025,5400.03006502986,22.3330391645432,42.4027898311615,184.396741688251,3081.45293185115,275.46524900198,100.965089291334,17.8867691755295,24.1025677323341,13.241985887289,124.520381242037,64.7164917588234
26.4101386070251,8.35922548174858,182.647454708815,6724.20460802317,126.538328051567,23597.36452806,33203.2811334431,20458.8785904646,3152.67446574569,0,923.027681410313,10006.4121950269,118.649592667818,3378.77302289009,634.14496704936,1.75016579031944,317.352476477623,610.505090743303,546.450891584158,6467.40954181552,27.8989326655865,3.2511146068573,173.510810524225,2405.67949125171,3.92196652293205,523.067547470331,241.776385962963,21131.8412148654,2852.55185198784,335.07647934556,64.7860302329063,511.838322460651,5.46253222227097,4254.38261026144,401.247085422277,7242.35650590062,399.169279932976,1796.57158705592,711.925836980343,1999.0536442399,779.208002775908,156.853196442127,675.092290818691,4.00313293933868,243.051728516817,62.881404966116,1549.00561475754,131.927522301674,48.8234465718269,4.08320832252502,3.48498675227165,0.485894531011581,1865.77282676101,104.236028254032,318.549178123474,1485.08096143603,907.37430113554,1519.26880794764,3339.21519142389,3.05974459648132,1186.15678784251,3.65107968449593,70.7784599661827,468.849928796291,6.69401362538338,0,0,0,1912.09003579617,3.91641882061958,0.416451543569565,7.11465266346931,4230.00295260549,0,0,3.48056727647781,7240.16420724988,100.552117586136,21.3949178159237,0,0,4.23750245571136,169.403453737497,33.244575381279
23.8070024251938,530.273072719574,94.4626406431198,28.789479881525,4.07429540157318,341.573885977268,898.611079066992,337.629604786634,125.356903702021,923.027681410313,0,520.229938626289,7001.3697181046,590.134316533804,12.7238886654377,13.6529983282089,1746.8503819406,24416.4875996709,3230.23924762011,41.6345783770084,59.3126612901688,117.133086025715,368.214224547148,170.877261608839,553.822086215019,6475.76598674059,1184.33923718333,234.580270022154,1003.40945842862,212.748816519976,882.653710305691,421.855381906033,16.4906160831451,12910.8886831105,234.792844802141,2909.79726114869,4668.40184956789,5951.10400286317,1790.63089135289,228.451475441456,28.5202561020851,3427.57765668631,43.6727311015129,2980.13871216774,34.3945016562939,19.2165404558182,4.99353224039078,0.81243634223938,1102.06169933081,0,105.59369635582,18.9980283081532,3.43071541190147,1.72417593002319,0.51178115606308,8.84287315607071,0.917941331863403,63.5844996571541,0,2152.07200044394,1.10759794712067,7494.34170025587,2.7516303062439,0,2.40596389770508,25.4885120689869,294.955567389727,11.6796118319035,0,0,28.6115989685059,9.93590220808983,60.6510843336582,390.397393971682,2784.76054522395,1532.70612052083,18.1825876235962,1.17656695842743,0.945488095283508,1576.12610569596,1.5848776102066,0,19.6310424804688,111.081983149052
4.56940674781799,15.0114152729511,15.5798127949238,11343.4887448251,697.942960590124,11609.3319718838,594.471132069826,6584.07102030516,4343.02036288381,10006.4121950269,520.229938626289,0,73.3579024672508,1075.97327288985,3873.97199851274,0,125.347692430019,357.467331826687,267.990831494331,7263.61432734132,3.35453242063522,12.6931320428848,38.6291290223598,1650.34571024776,4.99936434626579,282.479686021805,134.316024661064,10587.6081014276,858.699474751949,64.6810584366322,51.0717487335205,198.678266406059,3.30383291840553,1436.56908357143,1911.85811704397,1636.01331704855,200.204591453075,492.412771970034,230.582645624876,2451.08069893718,127.470841020346,112.21983769536,150.614491343498,6.21739983558655,124.093195319176,33.0962775051594,1296.50018745661,53.440463244915,45.9030742943287,0.630652546882629,3.74440783262253,2.23413109779358,1401.80670663714,184.045110672712,650.747914195061,232.039879143238,233.729208081961,1097.19958621264,1497.43863749504,15.8410238027573,1562.61007037759,4.86681541800499,76.7209880053997,712.525252729654,0.514886260032654,1.77910751104355,17.8639470636845,5.86150553822517,1056.66560187936,2.15662813186646,0,1.17753681540489,912.607472419739,1.33899319171906,13.085437387228,3.80906453728676,2598.79163193703,46.1432520449162,4.04220885038376,0.460003823041916,19.2207663059235,0,75.5877893269062,141.53925549984
1.00224447250366,2311.6167524159,0.820093214511871,6.54086023569107,5.58903121948242,41.8400923013687,111.76630961895,32.3917641639709,467.499836921692,118.649592667818,7001.3697181046,73.3579024672508,0,52.7436917126179,22.735653758049,39.3821360766888,2.81005620956421,18.2954137921333,2.61714571714401,9.30511754751205,3.63981699943542,809.587125718594,10.6580227017403,909.765861809254,4792.21093583107,264.309031248093,2795.43278381228,44.9127649962902,83.944023668766,13.7938322126865,1465.30026254058,68.5880977511406,0,2268.08828049898,13.2030221521854,179.219110399485,3096.35300204158,1041.11189723015,118.414615064859,53.4804457426071,2.28635329008102,3104.31912213564,22.7030471563339,5470.59559112787,49.5926602482796,16.947017788887,3.55696499347687,0,1373.23196640611,0,153.113406002522,4.24680775403976,0,0,0,0,0,29.502466917038,0,6458.43800660968,0,24330.6384614706,1.35135662555695,1.1425187587738,0,3.68454748392105,503.544187307358,7.16816908121109,0,0,67.0148228406906,0,12.249879360199,2049.13655227423,6572.69451069832,3773.37218415737,0.915435135364532,4.21680608391762,0,6202.07234221697,3.12377893924713,0,20.8322815597057,3.77255809307098
11169.2163806856,2.37879848480225,1734.20311325788,91.8533171415329,25.6607398092747,1031.4871416688,29451.2389340401,18749.6935375631,251.799427837133,3378.77302289009,590.134316533804,1075.97327288985,52.7436917126179,0,97.7984347939491,4.03131496906281,4649.40492013097,397.544886350632,620.182373821735,124.771376669407,363.392600536346,0.713681846857071,3333.95663514733,558.178291499615,4.10516828298569,677.433773636818,868.852354735136,1872.92503196001,17726.5576475114,28410.3611625135,37.6145843565464,434.205594003201,138.284581154585,2786.40899962187,79.6857460439205,1940.32842737436,355.116845071316,1684.93607874215,817.146370798349,615.772754609585,268.470191866159,100.42770627141,261.234781086445,2.21834164857864,162.40243935585,28.0598910748959,188.566649079323,73.1566799283028,22.3353595733643,0.971991896629333,7.28425970673561,12.7798685729504,18.6260379552841,1.32595574855804,7.10680302977562,421.146261036396,69.3644480109215,138.97078153491,21.1737283468246,0.646571695804596,14.5187716186047,6.59373500943184,22.4676810204983,21.4880734086037,13.8497138023376,1.21244704723358,0.509888112545013,0.869633674621582,10.1372030675411,6.72355228662491,4.86778950691223,34.6687659621239,966.994669049978,0,15.2921630740166,106.375434875488,635.409449964762,41.7039730548859,28.149500310421,0.944014251232147,17.1103463172913,3.03372687101364,42.7745708525181,2.7057566344738
1.79780569672585,124.325256109238,21.6609345674515,438.136453032494,2789.28046873212,6388.2330057323,688.599437594414,494.845257848501,4132.82080239058,634.14496704936,12.7238886654377,3873.97199851274,22.735653758049,97.7984347939491,0,6.71818119287491,20.0051778554916,7.48991018533707,12.8229424059391,245.650585144758,78.8463574051857,269.257222115993,53.9286456406116,1633.67585000396,95.2290090322495,21.0606082975864,305.222500532866,1406.04739370942,124.683998346329,284.073439061642,2.21692436933517,52.0039709508419,14.2698284983635,303.348939329386,1487.4663798511,797.790881067514,10.2077525258064,78.8211196959019,42.5690625607967,4253.75600552559,26.349840939045,16.6194695830345,157.225257217884,7.12034192681313,42.8081083297729,30.1510368287563,904.701507925987,27.614489287138,6.99634945392609,0,0,3.29190748929977,272.747357577085,88.3930304050446,245.017962992191,146.93747523427,104.401840269566,306.659645855427,431.16520819068,9.12454134225845,529.565999507904,1.01113307476044,47.8978133499622,353.304686874151,5.87369057536125,4.26392984390259,1.57927709817886,0,331.521555602551,14.3096337914467,2.66687494516373,15.4722706675529,383.974521696568,0,1.59437656402588,18.9333840310574,735.000532478094,41.2969754934311,19.0098060965538,0,15.2629302144051,0,29.2150689065456,510.458231896162
1.95115661621094,394.958921253681,103.211056649685,0,18.3360055088997,1.31188064813614,16.0981802344322,9.31184023618698,85.8170734643936,1.75016579031944,13.6529983282089,0,39.3821360766888,4.03131496906281,6.71818119287491,0,92.1547145247459,3.52021008729935,24.4722717702389,0,4156.13631421328,4348.83850818872,6109.32720291615,8850.66213518381,142.261878728867,42.5039869248867,7080.41418218613,7096.60560742021,8.26754981279373,119.091946810484,4.38871824741364,0,1.43901753425598,387.52215462923,207.166704565287,3406.08730104566,394.334059089422,1037.35999855399,653.568649828434,39.1868569254875,43.3783985376358,8.62491279840469,478.740551233292,60.1698977053165,232.560923784971,163.582004368305,48.87916213274,7.62862721085548,9.96620345115662,1.27576234936714,61.0610206723213,116.287830740213,0,2.07950782775879,0.68013995885849,185.422765821218,12.3395558595657,19.7002224326134,2.91812705993652,1.22697198390961,1.3904128074646,20.8360108733177,8.53996187448502,12.1479358673096,7491.07474899292,85.1546920537949,0.55336606502533,18.3361859321594,0.648892402648926,2615.64131578803,1449.65158501267,8463.50949168205,880.640092074871,0,56.3597456812859,2791.18527522683,354.723724573851,23.443015486002,244.822184324265,3.24966603517532,0,8.35768491029739,101.900679826736,40.233738809824
472.14216658473,35.0936181843281,34937.4657069743,4.87965977191925,18.4521132409573,146.928063124418,1661.46487742662,2592.29560133815,31.5792615413666,317.352476477623,1746.8503819406,125.347692430019,2.81005620956421,4649.40492013097,20.0051778554916,92.1547145247459,0,1656.17088717222,15233.3243950009,15.9824527800083,2617.12947696447,74.0270839333534,31341.5128565133,197.00372159481,3.3503138422966,5561.59958222508,29098.834867686,846.743947654963,4029.43402957916,7417.10692447424,2.15343964099884,39.1075625121593,135.066081643105,14036.4585030973,250.963103741407,4944.97133004665,5710.2262634635,5337.92234531045,2921.78799286485,139.181383281946,85.2446161210537,8.2524685561657,1118.47256952524,108.614819198847,388.854744821787,270.597453415394,10.8582953214645,1.72421002388,2.89972618222237,1.32418248057365,222.755943328142,1504.47068983316,0,2.17718547582626,0,88.5894043147564,0.425828456878662,14.0842151343822,0,2.57882672548294,0.532970130443573,0,6.06623765826225,0.768781065940857,97.3231724202633,823.035753905773,16.572011590004,125.272241055965,0,74.4140369594097,46.0506764054298,1297.93056231737,127.190687835217,2.0224258005619,548.318892717361,5478.59138283134,84.0018690526485,5.8634081184864,71.9458223581314,1.10228076577187,0,0.359579890966415,153.229568064213,135.677587270737
25.8899873495102,18.2427397966385,188.40208697319,19.4818613529205,2.34045171737671,138.169484227896,594.530250459909,191.431474626064,55.8843303620815,610.505090743303,24416.4875996709,357.467331826687,18.2954137921333,397.544886350632,7.48991018533707,3.52021008729935,1656.17088717222,0,11518.4591352344,27.2715965509415,55.0230825841427,11.8174517154694,276.439228862524,36.9468697011471,65.7587715983391,2797.53089460731,2409.95307001472,138.116107225418,661.991180896759,158.009530574083,56.6166388988495,247.241317778826,6.7144695520401,6257.38047799468,365.866471171379,6558.90387991071,4727.64703816175,4414.53200805187,2612.21879038215,123.288628131151,16.9444742500782,5.52846586704254,72.3848497569561,84.3460754752159,27.825791567564,39.396694034338,7.21959346532822,1.16234922409058,0,0,98.9213358461857,29.1966714262962,0.77371746301651,2.03620213270187,0,0,0,13.0021438896656,0,2.93470579385757,0.765602767467499,23.2129683196545,0,0,0.739267528057098,37.1092589795589,58.8927130103111,31.5195016562939,0,0,9.87489950656891,4.86904868483543,0,53.1630224585533,1094.95351925492,1715.95849153399,0,0,0,32.0777239203453,0,0,28.8585350513458,238.904083609581
37.1866333186626,65.9196593761444,2233.57321363688,15.7975075244904,9.96761184930801,182.886928230524,684.36852055788,326.08535349369,58.6044924855232,546.450891584158,3230.23924762011,267.990831494331,2.61714571714401,620.182373821735,12.8229424059391,24.4722717702389,15233.3243950009,11518.4591352344,0,24.6672210097313,336.200100392103,13.2918154597282,1560.3969887197,94.0054883956909,29.3989005982876,15601.2627750635,7057.29781684279,200.612957268953,674.427202284336,385.576508104801,20.8260897397995,74.7010404467583,20.9240006804466,10067.1236341894,406.603052407503,9323.58702275157,5036.33009678125,5147.66553795338,4006.96018123627,118.576571971178,19.0314986109734,11.4263764023781,457.05956608057,115.01064774394,161.007510483265,155.549037694931,8.08274310827255,1.79809409379959,0,0,369.297696888447,431.113801211119,0.576388895511627,2.58460700511932,0,11.1010413467884,0,14.4671706855297,0,0.975047528743744,0.551044344902039,1.37143588066101,2.83744737505913,2.1327713727951,10.9976134002209,463.409824699163,68.8199900388718,285.80082705617,0,9.34050109982491,8.53423267602921,98.2939191460609,26.9138191342354,35.1701401472092,2258.3120842576,4143.32131716609,12.7693381011486,1.2580235004425,7.15346139669418,7.79547342658043,0,0,94.0822505950928,305.505949497223
2.78775888681412,1.0568730533123,4.38642624020576,12147.8569622338,32.4849027097225,240.146584302187,147.000395953655,335.419567197561,1433.35328409076,6467.40954181552,41.6345783770084,7263.61432734132,9.30511754751205,124.771376669407,245.650585144758,0,15.9824527800083,27.2715965509415,24.6672210097313,0,1.09712862968445,1.40116381645203,4.03289750218391,3120.45853433013,1.85584425926208,22.0716653764248,13.9093164205551,8793.02746370435,130.333529651165,11.664239436388,2.65335148572922,28.2813600301743,1.09920424222946,244.62279945612,19.5886441171169,320.934938549995,14.039940237999,69.8126301169395,40.3233526647091,262.164403259754,28.4234170019627,7.73207002878189,152.620785236359,0,46.8439309298992,18.9175780713558,424.717492908239,36.522158652544,8.37203097343445,0.990285605192184,0,0.473908483982086,927.718655407429,43.250815063715,145.771387726068,322.314817160368,230.23178461194,545.665110588074,1158.98199334741,0.502336382865906,476.994628846645,0.788000702857971,37.2605472505093,151.430367231369,0.518901169300079,0,0,0,676.559523254633,3.55327326059341,1.63822281360626,2.39051985740662,1087.86548027396,0,0,0.612237274646759,2118.25875422359,22.9106734991074,8.98635950684547,0,3.05763310194016,0,59.0429551005363,0.832577049732208
70.3655924499035,6.98339343070984,6384.48931205273,0.619862198829651,371.203480273485,30.3185670673847,1533.70298829675,229.782315999269,23.2079849541187,27.8989326655865,59.3126612901688,3.35453242063522,3.63981699943542,363.392600536346,78.8463574051857,4156.13631421328,2617.12947696447,55.0230825841427,336.200100392103,1.09712862968445,0,140.16567876935,58913.7508978844,1718.01275297999,1.1905919611454,747.847622960806,1867.34240996838,24399.226783663,845.391757577658,17429.7702015936,2.65327522158623,9.51956734061241,144.936540901661,9949.52695789933,3095.83206167817,29596.7395657301,3161.92127403617,16281.0212914944,9109.05983740091,566.805661171675,444.468994915485,10.923377931118,327.039073735476,22.8082387149334,85.0893341004848,76.9534893333912,74.6319440901279,13.8454196155071,9.1090607047081,3.29013991355896,7.914386510849,52.7859349250793,0.699708938598633,2.90546250343323,1.78572842478752,72.4023751318455,0.605121314525604,35.2770855426788,2.59024208784103,0,2.2766118645668,0,6.07136991620064,21.8648995161057,2232.85241314769,34.1978368759155,0.770998626947403,9.94788965582848,0.609812200069427,2893.68249619007,249.742678433657,1836.21843254566,1059.95002034307,0,19.2871699631214,436.009437978268,711.242717027664,92.0174984931946,499.586751282215,0,1.36646962165833,38.0455650985241,64.8725005984306,328.675507307053
0,2056.74738484621,24.612712264061,4.85370928049088,26.0933670401573,1.89749372005463,7.7453741133213,1.633052110672,5365.25311732292,3.2511146068573,117.133086025715,12.6931320428848,809.587125718594,0.713681846857071,269.257222115993,4348.83850818872,74.0270839333534,11.8174517154694,13.2918154597282,1.40116381645203,140.16567876935,0,596.602314680815,36936.7313469648,1687.38625517488,73.3612199723721,16138.7423963249,1100.56549847126,3.00200337171555,6.73371976613998,19.9342091083527,0,0.427183389663696,118.842657238245,12.6630271077156,201.169663578272,37.6663484275341,85.4884471595287,68.3304619789124,236.157711297274,0,77.2933959364891,531.802162110806,112.801431655884,177.202511876822,171.254266262054,73.1601743102074,7.22909146547318,78.7146309614182,1.82008135318756,444.015635311604,156.122711062431,0.664808928966522,6.46563160419464,1.65265861153603,68.6714067459106,6.51931655406952,91.8508994281292,4.85717135667801,68.6248007714748,4.82044452428818,264.105749189854,5.6726990044117,18.2081317603588,2833.23566550016,150.011326432228,1.34701311588287,28.4383975565434,0,602.167019248009,918.337413936853,1678.07564175129,974.703027665615,50.8583751320839,106.353827059269,4667.71703928709,244.317987084389,25.112646073103,55.7760275304317,28.4805215597153,0,1.37560725212097,62.5719103217125,12.4806454777718
257.941248834133,67.7463876307011,56470.8439565301,4.87009036540985,292.421788305044,132.27785050869,5265.53618478775,2870.49428763986,52.0353832244873,173.510810524225,368.214224547148,38.6291290223598,10.6580227017403,3333.95663514733,53.9286456406116,6109.32720291615,31341.5128565133,276.439228862524,1560.3969887197,4.03289750218391,58913.7508978844,596.602314680815,0,5292.01697513461,22.8751216828823,2388.16249778867,33007.4628842175,14326.8237268627,2094.21916690469,22078.0205178261,3.74213987588882,17.1912946105003,139.212074548006,15157.7718213797,3110.77938476205,43949.8842646182,6919.75529843569,29916.9944918752,16763.5368578732,639.869681417942,574.995256096125,38.1000011563301,1820.66556999087,128.395857334137,793.727793097496,603.091241627932,93.2809964120388,17.605690330267,43.098474919796,1.96716377139091,77.6633884012699,643.908932596445,0,6.1815772652626,1.00135326385498,693.181552380323,25.5950889289379,42.1003003418446,1.35024654865265,5.95391196012497,3.21853852272034,1.49128329753876,33.9065309166908,22.6615624427795,10000.4919964969,336.555854797363,4.95353069901466,58.7084063589573,0,5115.99115327001,975.333218306303,19964.4004014134,1365.51269134879,2.97648322582245,152.554876327515,7310.9123275727,901.468656331301,62.1637393981218,578.894593507051,0,1.9164522588253,20.5710886120796,345.698282584548,550.875448256731
56.7114094495773,4604.63521873951,303.380708456039,2846.66450834274,254.171957015991,188.371294528246,1786.08135083318,370.26403978467,29453.807939291,2405.67949125171,170.877261608839,1650.34571024776,909.765861809254,558.178291499615,1633.67585000396,8850.66213518381,197.00372159481,36.9468697011471,94.0054883956909,3120.45853433013,1718.01275297999,36936.7313469648,5292.01697513461,0,2808.26819965243,257.463484823704,14787.791946888,30215.1386143863,1386.99929457903,182.421210318804,39.7535335719585,25.888663738966,145.990571796894,1189.03649318218,362.311074078083,3323.86433491111,330.888169467449,853.235117286444,426.742336422205,1157.31232020259,158.242368906736,116.873643130064,4206.29384481907,168.634389847517,1000.41254141927,360.480494320393,1671.36845088005,412.523613721132,146.421142756939,32.8756775856018,150.025355100632,214.629050135612,767.726036667824,76.0473353862762,185.326517015696,3580.90729361773,771.80437117815,4315.35157868266,1464.83983698487,121.403632760048,399.307608872652,261.814771771431,491.687618911266,421.179796695709,5121.61863052845,152.025556415319,4.80715417861938,23.1708362698555,690.85783135891,4276.39013558626,1561.99075219035,2259.27253860235,20480.745616585,33.4391579329967,131.27581012249,1753.61005869508,10458.1288045347,1469.49702531099,1338.78261783719,16.6839168071747,79.6186531186104,98.757228076458,681.690287053585,225.748771190643
0,4314.07202324271,0,1.00998896360397,10.2132797241211,1.72174453735352,2.66971856355667,1.19305819272995,1417.35960826278,3.92196652293205,553.822086215019,4.99936434626579,4792.21093583107,4.10516828298569,95.2290090322495,142.261878728867,3.3503138422966,65.7587715983391,29.3989005982876,1.85584425926208,1.1905919611454,1687.38625517488,22.8751216828823,2808.26819965243,0,242.157411545515,8440.97204270959,63.336403876543,0.909832894802094,1.75263613462448,209.955772638321,0.787218809127808,0,980.001454055309,1.97009116411209,31.660483777523,36.8213719725609,38.0658257603645,8.22308397293091,81.1076344549656,0.565426588058472,282.770668745041,118.106368005276,284.542379647493,51.7640796005726,30.7020758390427,5.73716992139816,0,421.033432364464,0,649.305600106716,7.36258846521378,0,0,0,2.82888609170914,0.781077086925507,17.189187079668,0,384.963738739491,0,3547.13913178444,0.896027326583862,1.50450813770294,5.61862140893936,24.4414549469948,32.6665766835213,31.4726417660713,0,1.47930192947388,41.367670416832,7.20254430174828,25.3851472735405,941.963618934155,887.774458616972,2814.69418349862,8.45132863521576,5.7343538403511,0,441.5264133811,0.769699513912201,0,23.1956551969051,4.98287427425385
36.2144412696362,275.99161696434,21384.9425189793,16.5354567170143,11.7379600703716,158.072536528111,1424.0016078651,647.797063529491,107.23360016942,523.067547470331,6475.76598674059,282.479686021805,264.309031248093,677.433773636818,21.0606082975864,42.5039869248867,5561.59958222508,2797.53089460731,15601.2627750635,22.0716653764248,747.847622960806,73.3612199723721,2388.16249778867,257.463484823704,242.157411545515,0,66060.2902175188,463.623179167509,760.137416124344,372.644859611988,1061.714091748,178.127499789,7.34991028904915,3397.80890765786,439.613647967577,11455.2999439538,15915.9919585288,4846.30139380693,3136.04945877194,158.977760821581,41.5230203270912,17.551110804081,2408.25769662857,1896.03036004305,965.764415130019,765.297054350376,18.5971086919308,4.66854387521744,12.6719950437546,2.71598416566849,1806.81151473522,2260.73216894269,0,0,0,91.7817819416523,5.66148146986961,31.5411957204342,0.970403850078583,341.974207013845,0.54335343837738,1319.90804725885,13.4892937541008,2.21808069944382,61.1236059963703,2306.35219192505,1241.89503091574,1143.92759114504,0,58.8825344443321,107.901728451252,474.213154345751,102.736027270555,554.075631290674,18584.1813215017,27311.2702919841,68.6053538620472,13.7692958712578,41.6199245750904,1873.5569217205,2.14033669233322,1.52490746974945,555.64234444499,280.40451040864
65.5362297296524,13978.4620402753,10111.614056021,8.09686595201492,71.1375522315502,81.3083937764168,1450.72298112512,478.260206520557,4865.98500531912,241.776385962963,1184.33923718333,134.316024661064,2795.43278381228,868.852354735136,305.222500532866,7080.41418218613,29098.834867686,2409.95307001472,7057.29781684279,13.9093164205551,1867.34240996838,16138.7423963249,33007.4628842175,14787.791946888,8440.97204270959,66060.2902175188,0,4753.79073140025,648.157679319382,1059.55250579119,2523.2612324357,40.6028535068035,33.402840167284,7579.78283444047,1650.94851174951,37741.0598197579,7402.31589221954,16242.3771392703,13730.5663703978,594.256655454636,281.579967319965,83.4269863367081,16096.1368063688,2353.09436419606,6192.56402257085,4432.29223313928,117.747287154198,33.6999870240688,46.8369796574116,36.9525615274906,12219.5822298825,13032.7490532994,0.455031782388687,9.02074974775314,0.59151303768158,1001.97664526105,60.799784630537,82.5475692451,3.16461852192879,404.415559202433,0.816722005605698,3367.55261769891,106.586825072765,14.9507772028446,4134.22363606095,11058.8634296358,798.010972082615,3230.24054440856,1.04366111755371,1122.52266594768,1894.18411460519,16013.5499624312,2847.62094390392,1677.22583058476,22346.8595386147,115913.888804495,1419.38495513797,86.5847233533859,603.55152118206,2568.72676485777,7.46893724799156,6.69839754700661,2562.60539396107,896.955021560192
101.056713551283,120.898595243692,3148.90281495452,15321.4582687616,268.423533469439,3164.14453172684,55599.3124513924,4569.31964215636,7676.91070899367,21131.8412148654,234.580270022154,10587.6081014276,44.9127649962902,1872.92503196001,1406.04739370942,7096.60560742021,846.743947654963,138.116107225418,200.612957268953,8793.02746370435,24399.226783663,1100.56549847126,14326.8237268627,30215.1386143863,63.336403876543,463.623179167509,4753.79073140025,0,3393.05562564731,12905.5166019797,16.0663280487061,178.281724542379,793.297150313854,5722.42701035738,2291.40626505017,18361.0935022831,1000.50599387288,4804.89617869258,2040.58559861779,1908.88387411833,685.479983121157,80.558404058218,6070.8605760932,54.9093759655952,1246.73395946622,537.037174135447,2838.14357158542,577.034606605768,193.086767494678,39.664018958807,50.8231518864632,231.020356625319,1902.34506714344,109.563191980124,393.017278850079,6674.24041748047,1695.48990866542,3735.86231473088,3668.71253186464,43.3166746199131,922.213044703007,2.87003019452095,710.963270962238,664.489996045828,3453.41675493121,97.040510982275,0,9.71149599552155,1875.86155346036,3959.54872718453,573.396213233471,1676.13221096992,21173.5663036406,0.521002888679504,34.6587484776974,784.209944248199,17513.9900922179,1983.34076309204,2560.52394267917,0,65.7759104371071,161.761782079935,1095.47176450491,414.169815063477
9735.23629769683,2.02233552932739,650.618282347918,86.9465734064579,33.0602589249611,519.322313308716,9805.24680602551,2423.40469658375,453.963832199574,2852.55185198784,1003.40945842862,858.699474751949,83.944023668766,17726.5576475114,124.683998346329,8.26754981279373,4029.43402957916,661.991180896759,674.427202284336,130.333529651165,845.391757577658,3.00200337171555,2094.21916690469,1386.99929457903,0.909832894802094,760.137416124344,648.157679319382,3393.05562564731,0,12245.1437921822,82.9244441986084,640.962079316378,2388.2666374445,9730.28606122732,244.720696151257,1526.65599265695,435.133168250322,3309.81155061722,744.433727622032,566.724422633648,323.776262313128,82.3909711241722,534.393700838089,7.38145667314529,142.640017032623,37.1128310263157,196.545393288136,58.2506205737591,28.6114347875118,3.62160310149193,6.60700476169586,13.5009673237801,17.2801788449287,1.85896104574203,4.41094988584518,527.323685616255,65.9254504144192,215.13694024086,19.8631472885609,1.00863289833069,8.65659219026566,6.83715736865997,17.3329399824142,30.6265953481197,70.3941286504269,3.89060413837433,0,0,12.2586763203144,78.076740115881,7.89787390828133,39.5149147212505,1579.05936542153,0.722144842147827,28.5288210213184,114.276112645864,1047.4148966074,102.764285296202,145.985988289118,1.4772213101387,14.8389066457748,8.02245905995369,80.3705820739269,37.3579939603806
4453.7925156951,1.74992042779922,1767.63145700097,6.00573799014091,216.013613522053,416.797565847635,28828.5709172785,11023.3208025396,30.8807553946972,335.07647934556,212.748816519976,64.6810584366322,13.7938322126865,28410.3611625135,284.073439061642,119.091946810484,7417.10692447424,158.009530574083,385.576508104801,11.664239436388,17429.7702015936,6.73371976613998,22078.0205178261,182.421210318804,1.75263613462448,372.644859611988,1059.55250579119,12905.5166019797,12245.1437921822,0,15.4670530557632,149.390640437603,3792.76259130239,23869.2250825763,3474.17962166667,19236.4972553253,1075.04700854421,13006.1425849795,3391.60684597492,1331.04290381074,775.15583127737,28.9718123376369,429.456311285496,14.5805463790894,70.8060837984085,51.5158822238445,82.0307287871838,22.561752974987,10.8302943706512,0.520121216773987,5.36474865674973,39.4384578466415,2.07837128639221,1.1600581407547,0.90051257610321,182.132544904947,6.2342181801796,22.5574678480625,14.7744588255882,0,0.55338591337204,0,7.62523883581161,15.9640361070633,462.055771321058,11.2921103239059,0,0,2.85484933853149,759.043899387121,27.2929888367653,256.990129202604,798.236288785934,0,4.54248303174973,173.423070639372,745.074683338404,86.14358907938,301.195714443922,0,0,14.7837601006031,34.1528100967407,292.249536395073
0,43.0152660012245,6.78679624199867,2.34199595451355,0.520380198955536,16.4624245464802,65.3873553276062,16.5855937600136,20.6582235097885,64.7860302329063,882.653710305691,51.0717487335205,1465.30026254058,37.6145843565464,2.21692436933517,4.38871824741364,2.15343964099884,56.6166388988495,20.8260897397995,2.65335148572922,2.65327522158623,19.9342091083527,3.74213987588882,39.7535335719585,209.955772638321,1061.714091748,2523.2612324357,16.0663280487061,82.9244441986084,15.4670530557632,0,30.1211157739162,0,347.135991364717,23.196247279644,290.083968102932,1365.07417908311,549.977630227804,147.778669893742,14.1610219478607,1.64375704526901,27.1315216422081,58.2268517613411,1022.38137960434,47.1133158802986,13.6989014744759,0,0,18.9076600968838,0,112.674469798803,3.17088693380356,0.341420501470566,0.597898304462433,0,0,0,6.70797774195671,0,642.797081798315,0,2833.40050897002,0,0,1.38299465179443,1.81643086671829,567.65883281827,14.685547888279,0,0,13.85368090868,2.760258436203,0,386.718583166599,6622.13628542423,5061.6858536303,0,0,0,3077.70938962698,0,0,20.4194236397743,7.48658794164658
7.68441677093506,0,7.97244131565094,13.3134020268917,958.951839089394,162.083195954561,433.347718775272,624.974485963583,37.8708092272282,511.838322460651,421.855381906033,198.678266406059,68.5880977511406,434.205594003201,52.0039709508419,0,39.1075625121593,247.241317778826,74.7010404467583,28.2813600301743,9.51956734061241,0,17.1912946105003,25.888663738966,0.787218809127808,178.127499789,40.6028535068035,178.281724542379,640.962079316378,149.390640437603,30.1211157739162,0,4.89927053451538,13897.7525702119,45.0130476355553,1171.47296440601,151.507931172848,376.377038598061,469.087183624506,613.351074427366,6756.84034284949,292.293885946274,83.0999047160149,2.66104954481125,309.143772780895,55.3693544268608,52.1421744823456,111.357981860638,94.6542519927025,0,3.73188710212708,0,0.796697437763214,1.09315371513367,19.736247241497,43.0453070402145,37.1832493543625,23.3424698710442,0.870064914226532,0,3.1454553604126,6.17334312200546,24.1933867931366,29.7643920183182,3.5377756357193,0.942634105682373,0,0,0.993513822555542,0.612746715545654,0,0.866096913814545,155.732155263424,0,11.6221978366375,16.0225320458412,58.5677450597286,10.2216331064701,5.84071844816208,0,61.747081309557,0.427331060171127,47.1744533777237,11.6296887397766
34.0194054245949,0,23.2744763195515,1.03311935067177,2.02469050884247,8.93620359897614,513.791550666094,55.8135001957417,23.1800484657288,5.46253222227097,16.4906160831451,3.30383291840553,0,138.284581154585,14.2698284983635,1.43901753425598,135.066081643105,6.7144695520401,20.9240006804466,1.09920424222946,144.936540901661,0.427183389663696,139.212074548006,145.990571796894,0,7.34991028904915,33.402840167284,793.297150313854,2388.2666374445,3792.76259130239,0,4.89927053451538,0,3215.6805395484,43.220160484314,95.3181871771812,11.4264425337315,1428.28734639287,146.32939389348,57.3154096901417,81.6333294510841,3.86612689495087,77.3645170032978,3.19783937931061,8.60958868265152,11.3756492137909,8.6014851629734,5.49434262514114,1.22299313545227,0,0,2.76961928606033,2.25623095035553,0,0,43.3081358075142,5.35666725039482,15.529913008213,1.5495294034481,0,0,0,1.61219897866249,1.80783063173294,33.8336271643639,0.390382945537567,0,0,0,46.0668459534645,10.2572024166584,18.9636940360069,170.408912688494,0,0.367164731025696,4.20273995399475,158.919604420662,15.3313777446747,30.1083683073521,0,0,1.54050725698471,3.798818141222,11.3119471669197
273.38984683156,459.962741851807,1753.82162117958,185.336198925972,1589.81532436609,1636.51673337817,6436.06384515762,2236.2074136436,393.518551528454,4254.38261026144,12910.8886831105,1436.56908357143,2268.08828049898,2786.40899962187,303.348939329386,387.52215462923,14036.4585030973,6257.38047799468,10067.1236341894,244.62279945612,9949.52695789933,118.842657238245,15157.7718213797,1189.03649318218,980.001454055309,3397.80890765786,7579.78283444047,5722.42701035738,9730.28606122732,23869.2250825763,347.135991364717,13897.7525702119,3215.6805395484,0,840.433207601309,11483.5062417984,4172.9565564394,6889.3832898438,2726.42261064053,9834.45890024304,722.209766179323,3215.89211770892,2161.0091290772,204.079694807529,1216.20340904593,391.584839940071,4702.6243288219,500.907268494368,1339.33565616608,9.9818828701973,210.254545837641,266.468805462122,43.8576049506664,30.6885960996151,144.213004887104,1624.14816346765,416.726419955492,268.961573511362,322.195102840662,83.366214632988,155.608086228371,1219.61855903268,237.483095228672,151.732430577278,116.16929936409,173.698733776808,17.6380255222321,81.3369206786156,108.459998011589,86.1282672286034,30.3546896576881,373.578483432531,2276.21360692382,160.052521348,542.358625501394,2028.74728575349,1947.10724321008,270.0465259552,248.684120804071,19.4227067828178,283.311553329229,11.9264407753944,408.375834614038,219.422462642193
10.4192283153534,12.2584612369537,310.510733544827,10.7006229758263,2184.50896015763,2405.39004540443,1586.96855872869,252.777283221483,83.9051459133625,401.247085422277,234.792844802141,1911.85811704397,13.2030221521854,79.6857460439205,1487.4663798511,207.166704565287,250.963103741407,365.866471171379,406.603052407503,19.5886441171169,3095.83206167817,12.6630271077156,3110.77938476205,362.311074078083,1.97009116411209,439.613647967577,1650.94851174951,2291.40626505017,244.720696151257,3474.17962166667,23.196247279644,45.0130476355553,43.220160484314,840.433207601309,0,13751.4624134004,1956.31123900414,479.061895430088,3847.25585898757,341.601943135262,169.200879454613,128.098341226578,3333.10129848123,1095.66159683466,272.869670391083,2806.37125772238,357.189541697502,67.2818876504898,16.1746935844421,8.24808192253113,34.2212443351746,155.688121795654,0,239.030848801136,120.929240763187,146.508851200342,5.50972139835358,48.7859848439693,110.843052089214,39.3645572066307,47.9809036850929,5.16158133745193,1.28795349597931,113.484862089157,90.2343374192715,108.187234401703,105.407882899046,155.088010907173,1.24640500545502,325.227192908525,4.97099590301514,875.48726400733,208.859045505524,1.13828098773956,247.040187418461,713.171222090721,231.937399566174,24.644823372364,319.221887767315,4.32910537719727,1.45353958010674,6.36303818225861,35.6360257267952,291402.09222132
81.4535078108311,140.58244997263,8088.82498404384,260.893052190542,375.875014424324,3031.09032258391,9987.33057013154,4006.06833288074,609.846662431955,7242.35650590062,2909.79726114869,1636.01331704855,179.219110399485,1940.32842737436,797.790881067514,3406.08730104566,4944.97133004665,6558.90387991071,9323.58702275157,320.934938549995,29596.7395657301,201.169663578272,43949.8842646182,3323.86433491111,31.660483777523,11455.2999439538,37741.0598197579,18361.0935022831,1526.65599265695,19236.4972553253,290.083968102932,1171.47296440601,95.3181871771812,11483.5062417984,13751.4624134004,0,36023.1891302466,4693.38986495137,7430.44477114081,13323.2842622995,692.749429732561,1457.39779093862,4756.53468555212,244.874377071857,902.569602847099,578.537012547255,1005.39458888769,249.418042898178,104.070420771837,18.9077465236187,442.379294514656,1093.67686212063,67.6158463954926,28.2733830213547,62.593192845583,2451.44707426429,361.235720545053,498.19725599885,253.902509123087,10.1929484307766,93.4813495874405,13.9631860256195,158.393721103668,156.472594320774,981.913736462593,698.618407219648,63.7962768673897,221.482595473528,87.0898234844208,780.275462836027,221.688006550074,2375.61713385582,5286.67978793383,27.8324658870697,1707.61054071784,7641.57193797827,4104.3860090971,567.99264767766,719.322876483202,13.1390231847763,32.2099210619926,43.6336797177792,475.943039506674,2959.8739925921
25.3491116166115,48.9636798501015,2808.56118696928,11.6649900376797,51.2472510933876,126.830348610878,549.825809627771,243.486560046673,42.523866802454,399.169279932976,4668.40184956789,200.204591453075,3096.35300204158,355.116845071316,10.2077525258064,394.334059089422,5710.2262634635,4727.64703816175,5036.33009678125,14.039940237999,3161.92127403617,37.6663484275341,6919.75529843569,330.888169467449,36.8213719725609,15915.9919585288,7402.31589221954,1000.50599387288,435.133168250322,1075.04700854421,1365.07417908311,151.507931172848,11.4264425337315,4172.9565564394,1956.31123900414,36023.1891302466,0,12653.4894948304,19081.3047546148,350.261353880167,240.207710146904,568.357071399689,293.713315367699,481.752709299326,100.322185456753,148.043904364109,27.7099778354168,5.47252058982849,25.3144155144691,0,214.739845961332,182.959544241428,0,2.66281294822693,4.13350859284401,27.1820155978203,1.15595716238022,25.0558732450008,1.62500527501106,200.755221009254,4.38109824061394,403.791731029749,3.34207466244698,3.38087064027786,89.4008192121983,211.795212328434,106.125946074724,99.5791934430599,0,43.5057847201824,17.4768811762333,216.144139975309,89.3153839409351,37.421761661768,1366.30044445395,2476.41049548984,62.0834458172321,5.45131605863571,21.7555655837059,222.449282944202,3.82164525985718,1.09334281086922,51.4248190224171,890.696134984493
195.740016996861,73.481302022934,3683.48780664802,57.9769124388695,27.2403428852558,378.751480817795,3499.64139223099,1255.75190126896,189.493822306395,1796.57158705592,5951.10400286317,492.412771970034,1041.11189723015,1684.93607874215,78.8211196959019,1037.35999855399,5337.92234531045,4414.53200805187,5147.66553795338,69.8126301169395,16281.0212914944,85.4884471595287,29916.9944918752,853.235117286444,38.0658257603645,4846.30139380693,16242.3771392703,4804.89617869258,3309.81155061722,13006.1425849795,549.977630227804,376.377038598061,1428.28734639287,6889.3832898438,479.061895430088,4693.38986495137,12653.4894948304,0,5811.4634309411,281.402363777161,377.169275611639,803.008822321892,1014.51445621252,131.852900028229,524.215664744377,271.66725769639,228.418657034636,138.056921720505,116.566918343306,3.03969812393188,241.960644185543,577.427097141743,11.8110432624817,4.78735795617104,24.246696382761,546.791867822409,94.005167812109,121.539095342159,54.7296112179756,19.6247785389423,27.880980104208,81.2925411462784,48.4093388915062,37.1580089628696,353.318064302206,363.010901272297,22.2860724031925,121.297008931637,14.4742264449596,103.002243191004,66.3679019808769,1279.57647719979,1174.23234814405,19.8701348006725,827.760175645351,3982.32947671413,847.755250513554,80.8525964021683,129.639163523912,18.0793465971947,94.0242322683334,7.06289952993393,170.617807507515,225.618445575237
62.6245214045048,45.4739311933517,3160.97633478045,27.4530794918537,64.8817870020866,365.269963413477,1420.74693751335,894.277299046516,84.4356627166271,711.925836980343,1790.63089135289,230.582645624876,118.414615064859,817.146370798349,42.5690625607967,653.568649828434,2921.78799286485,2612.21879038215,4006.96018123627,40.3233526647091,9109.05983740091,68.3304619789124,16763.5368578732,426.742336422205,8.22308397293091,3136.04945877194,13730.5663703978,2040.58559861779,744.433727622032,3391.60684597492,147.778669893742,469.087183624506,146.32939389348,2726.42261064053,3847.25585898757,7430.44477114081,19081.3047546148,5811.4634309411,0,663.549387544394,1482.1866414845,447.419830858707,704.12244156003,88.9619541466236,642.631953775883,487.723038136959,166.837478220463,311.501375198364,101.25861531496,2.97612315416336,158.202471971512,351.236943811178,4.78328216075897,10.4565448760986,37.4311797320843,337.782902449369,122.222239017487,59.3930313289165,80.0429429709911,3.83813893795013,54.8864267170429,7.22277128696442,97.043580442667,78.7046595811844,177.860255181789,274.650207638741,15.1916409134865,86.5080166459084,16.9245269298553,47.4616632163525,40.7425625920296,697.302132099867,512.608042657375,6.92794525623322,567.874027967453,2552.11163082719,425.005470246077,59.45001745224,77.2812710702419,3.76397442817688,168.969777077436,2.61737203598022,170.420022964478,2398.04095602036
19.4052244126797,137.413196563721,124.470612764359,356.017307341099,11515.611613214,10044.8373504579,2423.41038647294,4030.41186776757,2105.29668837786,1999.0536442399,228.451475441456,2451.08069893718,53.4804457426071,615.772754609585,4253.75600552559,39.1868569254875,139.181383281946,123.288628131151,118.576571971178,262.164403259754,566.805661171675,236.157711297274,639.869681417942,1157.31232020259,81.1076344549656,158.977760821581,594.256655454636,1908.88387411833,566.724422633648,1331.04290381074,14.1610219478607,613.351074427366,57.3154096901417,9834.45890024304,341.601943135262,13323.2842622995,350.261353880167,281.402363777161,663.549387544394,0,214.704742521048,147.013181477785,1310.70158559084,25.4949881732464,442.250699967146,151.487681746483,2831.63775199652,280.709979146719,225.276855707169,5.94564467668533,5.39033770561218,18.8006138801575,479.171638280153,215.23248142004,539.219464838505,1296.42992708087,448.858253508806,612.94195535779,1038.92179313302,23.5619309842587,1096.47045946121,8.15720552206039,195.665185153484,947.010037511587,54.5752590000629,7.11444991827011,7.92816749215126,3.97211328148842,606.598096102476,71.9963827133179,17.1593979597092,122.16076990962,2095.57104587555,0.343902081251144,21.25874376297,67.4840504825115,2461.04899743199,313.1553376019,173.514480978251,0,67.9589453339577,1.18496361374855,246.239353239536,222.867479026318
6.10417145490646,3.06818997859955,111.512251496315,27.2117457091808,8212.88171243668,2871.62262234092,1072.86603659391,840.112399309874,54.9189256131649,779.208002775908,28.5202561020851,127.470841020346,2.28635329008102,268.470191866159,26.349840939045,43.3783985376358,85.2446161210537,16.9444742500782,19.0314986109734,28.4234170019627,444.468994915485,0,574.995256096125,158.242368906736,0.565426588058472,41.5230203270912,281.579967319965,685.479983121157,323.776262313128,775.15583127737,1.64375704526901,6756.84034284949,81.6333294510841,722.209766179323,169.200879454613,692.749429732561,240.207710146904,377.169275611639,1482.1866414845,214.704742521048,0,53.9448663592339,191.834627360106,1.84667956829071,160.833661288023,53.3573915958405,95.8174417614937,92.5085566043854,48.583770275116,0.895447969436646,2.99476480484009,4.83296710252762,9.27919599413872,2.65486913919449,11.0090409517288,185.963721454144,42.5401817262173,47.3595529198647,31.2377870678902,0,12.8570043444633,0,25.3099437952042,24.7652971446514,9.0735005736351,1.40579974651337,0,0,11.4418807029724,11.3301266729832,0,20.4172613024712,426.262988328934,0,1.80309021472931,31.6140958070755,299.495807677507,41.0592164993286,37.0037025213242,0,29.3236169219017,1.35305511951447,51.9661979675293,46.4476305246353
1.02630579471588,205.943056225777,9.21612194180489,5.32622599601746,15.8613213300705,164.731545716524,152.889020144939,157.922930896282,62.7051375508308,156.853196442127,3427.57765668631,112.21983769536,3104.31912213564,100.42770627141,16.6194695830345,8.62491279840469,8.2524685561657,5.52846586704254,11.4263764023781,7.73207002878189,10.923377931118,77.2933959364891,38.1000011563301,116.873643130064,282.770668745041,17.551110804081,83.4269863367081,80.558404058218,82.3909711241722,28.9718123376369,27.1315216422081,292.293885946274,3.86612689495087,3215.89211770892,128.098341226578,1457.39779093862,568.357071399689,803.008822321892,447.419830858707,147.013181477785,53.9448663592339,0,54.4804225862026,221.11027187109,63.7056251168251,46.9547644853592,33.6343915164471,36.6216082572937,543.587235331535,1.34937906265259,39.6779634356499,0,0.454093664884567,1.96039432287216,10.8284448385239,55.0182238519192,25.8880637288094,22.1061188578606,20.0908528268337,180.441415280104,21.6812810897827,1961.06782490015,26.4264656305313,13.9815336465836,1.8322821855545,1.2318639755249,3.54178261756897,0.940937638282776,2.24870470166206,0,12.445657491684,3.04029363393784,75.8798859417439,103.139075875282,32.1220440268517,34.1751752197742,57.8954657912254,8.11629921197891,6.29051220417023,21.025324434042,41.618985414505,0,12.1570720076561,50.85604596138
6.4198352098465,411.621649891138,1617.63600847125,97.2426361441612,109.187461078167,198.669928312302,2486.11575877666,449.092165976763,440.3040394485,675.092290818691,43.6727311015129,150.614491343498,22.7030471563339,261.234781086445,157.225257217884,478.740551233292,1118.47256952524,72.3848497569561,457.05956608057,152.620785236359,327.039073735476,531.802162110806,1820.66556999087,4206.29384481907,118.106368005276,2408.25769662857,16096.1368063688,6070.8605760932,534.393700838089,429.456311285496,58.2268517613411,83.0999047160149,77.3645170032978,2161.0091290772,3333.10129848123,4756.53468555212,293.713315367699,1014.51445621252,704.12244156003,1310.70158559084,191.834627360106,54.4804225862026,0,33264.0166862905,7486.26446276903,9050.50758785009,15714.9591931701,2959.55032777786,1528.52844575047,291.171885669231,1424.29942715168,6129.74735933542,264.411241829395,184.452360183001,995.598727434874,11499.0680221319,3235.97824239731,544.200329840183,5068.6708573401,2322.53822207451,1511.67408701777,120.073140203953,2865.43622526526,1104.53318983316,5790.78713792562,5047.58776667714,8094.57709294558,8077.19024315476,757.027374237776,18873.6431542337,322.432307302952,43098.8327394724,6535.04705122113,48.6323494315147,17128.2229641378,34166.4979547858,13959.3625451624,2571.37558379769,16844.0904404521,200.806149214506,1619.04941758513,94.4551398456097,2558.81178969145,14729.3422528505
0.388776034116745,268.242206394672,146.084642350674,0.852949738502502,97.9075642228127,4.71136420965195,17.1594972908497,2.96242839097977,63.6026837229729,4.00313293933868,2980.13871216774,6.21739983558655,5470.59559112787,2.21834164857864,7.12034192681313,60.1698977053165,108.614819198847,84.3460754752159,115.01064774394,0,22.8082387149334,112.801431655884,128.395857334137,168.634389847517,284.542379647493,1896.03036004305,2353.09436419606,54.9093759655952,7.38145667314529,14.5805463790894,1022.38137960434,2.66104954481125,3.19783937931061,204.079694807529,1095.66159683466,244.874377071857,481.752709299326,131.852900028229,88.9619541466236,25.4949881732464,1.84667956829071,221.11027187109,33264.0166862905,0,13300.848850131,25011.2076530457,659.424772918224,880.367955088615,1210.53005281091,26.5946764051914,222.94765278697,2019.71260425448,7.34069794416428,14.7791584134102,46.6071051955223,563.447325766087,191.1534281075,36.5754968523979,206.643014907837,7264.36698493361,106.524974644184,4858.46539521217,224.995018780231,167.454119682312,639.287868559361,4601.68299332261,3978.23179706931,2199.34381517768,29.0502911508083,3453.80373322964,58.6452248394489,8642.34678034484,280.377934157848,62.3675077855587,10839.7338548899,6440.92263659835,537.841078460217,187.368489176035,925.479401797056,1524.25270035863,190.326997071505,24.108180642128,1226.52792784572,3133.23003187776
2.23967951536179,159.609578043222,596.65858450532,32.8053092062473,43.1693087816238,160.569925248623,705.409091979265,275.804003983736,148.253106594086,243.051728516817,34.3945016562939,124.093195319176,49.5926602482796,162.40243935585,42.8081083297729,232.560923784971,388.854744821787,27.825791567564,161.007510483265,46.8439309298992,85.0893341004848,177.202511876822,793.727793097496,1000.41254141927,51.7640796005726,965.764415130019,6192.56402257085,1246.73395946622,142.640017032623,70.8060837984085,47.1133158802986,309.143772780895,8.60958868265152,1216.20340904593,272.869670391083,902.569602847099,100.322185456753,524.215664744377,642.631953775883,442.250699967146,160.833661288023,63.7056251168251,7486.26446276903,13300.848850131,0,7801.23859152198,912.760629713535,947.01491099596,1687.29308310151,551.874426692724,523.250270068645,2283.15606510639,92.9941561222076,25.93699619174,472.447639554739,4602.16621541977,1717.27931725979,224.044493377209,1614.13619631529,4450.11611816287,818.858446121216,763.805071115494,2485.99792945385,214.601656377316,1796.93988117576,2776.44755318761,5311.38912716508,4634.63880029321,166.320582687855,12606.1273244619,136.825952649117,20515.9619451165,1599.50478489697,15.1826038062572,7249.19978423417,11910.4876211286,4709.3863068074,2823.09498721361,8636.74431306124,600.010731130838,917.264535009861,440.467961639166,2449.1354790926,741.358115464449
0.934708178043365,107.313603937626,388.266392469406,6.60482305288315,255.962487459183,52.1945730447769,251.542097955942,63.8877153992653,45.1849046051502,62.881404966116,19.2165404558182,33.0962775051594,16.947017788887,28.0598910748959,30.1510368287563,163.582004368305,270.597453415394,39.396694034338,155.549037694931,18.9175780713558,76.9534893333912,171.254266262054,603.091241627932,360.480494320393,30.7020758390427,765.297054350376,4432.29223313928,537.037174135447,37.1128310263157,51.5158822238445,13.6989014744759,55.3693544268608,11.3756492137909,391.584839940071,2806.37125772238,578.537012547255,148.043904364109,271.66725769639,487.723038136959,151.487681746483,53.3573915958405,46.9547644853592,9050.50758785009,25011.2076530457,7801.23859152198,0,2293.11552491784,2821.32270741463,459.149385452271,199.737343966961,493.547461628914,2048.83120012283,23.608873039484,37.8262592554092,222.206638753414,2328.4186963737,825.619461655617,100.455827057362,468.811228066683,1721.26704412699,300.497165262699,203.797473341227,1109.91221082211,211.852696985006,1396.96992075443,2551.27555447817,3632.73855659366,4159.44477763772,49.9061663150787,6902.24750858545,75.163883805275,16580.3401460946,877.480501681566,12.5550365447998,6043.14118498564,11357.0518941283,2168.83547541499,950.091662168503,3407.06790176034,245.291029691696,449.611966043711,131.515653967857,817.416066974401,4658.01687824726
3.73822984099388,2.90144538879395,14.5064795911312,349.642232239246,397.184261202812,592.113290578127,1210.50672361255,376.75357478857,538.950775891542,1549.00561475754,4.99353224039078,1296.50018745661,3.55696499347687,188.566649079323,904.701507925987,48.87916213274,10.8582953214645,7.21959346532822,8.08274310827255,424.717492908239,74.6319440901279,73.1601743102074,93.2809964120388,1671.36845088005,5.73716992139816,18.5971086919308,117.747287154198,2838.14357158542,196.545393288136,82.0307287871838,0,52.1421744823456,8.6014851629734,4702.6243288219,357.189541697502,1005.39458888769,27.7099778354168,228.418657034636,166.837478220463,2831.63775199652,95.8174417614937,33.6343915164471,15714.9591931701,659.424772918224,912.760629713535,2293.11552491784,0,2691.74573713541,871.233313053846,30.1935610771179,180.020802974701,90.4179535508156,235.102337449789,16475.3496223688,5153.30292999744,3373.69559907913,3918.30407834053,2836.97845229506,2243.51362547278,252.69857686758,1663.43701666594,122.286082804203,1107.23920506239,6280.31120657921,171.430197119713,79.4379668235779,258.083473265171,116.904809623957,371.416869521141,703.387510806322,641.956143647432,1415.3683386445,1396.80843821168,194.612040877342,299.085399210453,1183.76138284802,2332.05787447095,555.962553471327,682.143580108881,26.7746009528637,1479.16031929851,17.9710352420807,431.507269263268,427.58457031846
1.35679721832275,0,11.1043397784233,11.3775637149811,10.1432806253433,64.9195509552956,317.007871627808,116.004827976227,62.4629656672478,131.927522301674,0.81243634223938,53.440463244915,0,73.1566799283028,27.614489287138,7.62862721085548,1.72421002388,1.16234922409058,1.79809409379959,36.522158652544,13.8454196155071,7.22909146547318,17.605690330267,412.523613721132,0,4.66854387521744,33.6999870240688,577.034606605768,58.2506205737591,22.561752974987,0,111.357981860638,5.49434262514114,500.907268494368,67.2818876504898,249.418042898178,5.47252058982849,138.056921720505,311.501375198364,280.709979146719,92.5085566043854,36.6216082572937,2959.55032777786,880.367955088615,947.01491099596,2821.32270741463,2691.74573713541,0,295.461449623108,12.8648319840431,2.79967588186264,55.828495323658,59.1559996902943,8157.14125704765,2601.55938184261,1399.76294261217,1894.54880836606,92.2348821461201,752.053760617971,64.2610346972942,214.685921192169,9.31889319419861,370.79237639904,242.192200809717,47.9388533830643,35.0204950273037,44.8890442550182,32.8577581942081,79.9737103283405,211.94000005722,0,295.47748324275,250.683152616024,0,92.7663476765156,89.9282124042511,863.625593900681,212.071480453014,408.13416364789,8.82609480619431,9340.08704325557,5.47875499725342,163.55503281951,285.492003500462
0,271.886079609394,0.529004216194153,2.10537004470825,7.11633050441742,38.1775539815426,88.8496718406677,59.294263035059,50.1094558537006,48.8234465718269,1102.06169933081,45.9030742943287,1373.23196640611,22.3353595733643,6.99634945392609,9.96620345115662,2.89972618222237,0,0,8.37203097343445,9.1090607047081,78.7146309614182,43.098474919796,146.421142756939,421.033432364464,12.6719950437546,46.8369796574116,193.086767494678,28.6114347875118,10.8302943706512,18.9076600968838,94.6542519927025,1.22299313545227,1339.33565616608,16.1746935844421,104.070420771837,25.3144155144691,116.566918343306,101.25861531496,225.276855707169,48.583770275116,543.587235331535,1528.52844575047,1210.53005281091,1687.29308310151,459.149385452271,871.233313053846,295.461449623108,0,2.28354576230049,65.2692753076553,5.68670389056206,6.94066336750984,6.35431724786758,103.919981390238,255.581077843904,216.445536702871,39.9843406975269,238.221309751272,1911.42173290253,152.981497049332,3144.19882369041,177.974664121866,62.4689538180828,7.59700897336006,4.57987523078918,25.2807444930077,6.69242668151855,25.4133462607861,22.7718824744225,46.9064331054688,33.2553389370441,98.2950228154659,68.7349355816841,51.8573721051216,32.06967908144,211.852871209383,78.6187169253826,65.8750358223915,78.1239286959171,241.503111600876,3.91851359605789,155.797390699387,75.2571919560432
0,0,1.90008077025414,0.407395452260971,0,0.552822589874268,16.6038396060467,2.26520335674286,10.5648491382599,4.08320832252502,0,0.630652546882629,0,0.971991896629333,0,1.27576234936714,1.32418248057365,0,0,0.990285605192184,3.29013991355896,1.82008135318756,1.96716377139091,32.8756775856018,0,2.71598416566849,36.9525615274906,39.664018958807,3.62160310149193,0.520121216773987,0,0,0,9.9818828701973,8.24808192253113,18.9077465236187,0,3.03969812393188,2.97612315416336,5.94564467668533,0.895447969436646,1.34937906265259,291.171885669231,26.5946764051914,551.874426692724,199.737343966961,30.1935610771179,12.8648319840431,2.28354576230049,0,1.19262763857841,174.354193776846,0,4.68906784057617,13.367380797863,5725.92743977904,513.214834749699,32.7610131502151,42.354039311409,41.6594385802746,15.4546279907227,0,5143.57644918561,9.21162414550781,3.37212002277374,243.33703994751,42.867335498333,77.304967880249,1.99809256196022,228.289075702429,0,411.09086227417,104.803141117096,0,117.101972520351,79.258974224329,232.19960463047,5656.07951873541,7637.21041068435,1.24969679117203,25.7896258831024,30.55468121171,1157.65705928206,49.1577467024326
0.806977987289429,1593.97341638803,307.685955047607,0,2.43500375747681,1.31222784519196,7.42013520002365,5.50277256965637,29.3639496564865,3.48498675227165,105.59369635582,3.74440783262253,153.113406002522,7.28425970673561,0,61.0610206723213,222.755943328142,98.9213358461857,369.297696888447,0,7.914386510849,444.015635311604,77.6633884012699,150.025355100632,649.305600106716,1806.81151473522,12219.5822298825,50.8231518864632,6.60700476169586,5.36474865674973,112.674469798803,3.73188710212708,0,210.254545837641,34.2212443351746,442.379294514656,214.739845961332,241.960644185543,158.202471971512,5.39033770561218,2.99476480484009,39.6779634356499,1424.29942715168,222.94765278697,523.250270068645,493.547461628914,180.020802974701,2.79967588186264,65.2692753076553,1.19262763857841,0,430.740409463644,1.80307719111443,11.2522256970406,0,46.6140910089016,4.39610761404037,1079.00372996926,17.8673203289509,56.7081450521946,21.3903203010559,1101.05925947428,20.0487295687199,156.716370284557,1388.78368976712,1442.11511552334,42.1061632633209,303.651359766722,1.64014485478401,90.7762376666069,4112.89692407846,304.196570038795,3323.09126311541,3758.47494721413,724.210893779993,22757.8815595508,145.505040556192,8.17229327559471,35.8970535695553,26.1062967181206,0,1.76558858156204,288.324302583933,58.3135400414467
0.500756204128265,186.792667090893,1892.57142332196,0,20.9230704903603,1.36820036172867,60.2338985800743,7.2734375,14.0088559389114,0.485894531011581,18.9980283081532,2.23413109779358,4.24680775403976,12.7798685729504,3.29190748929977,116.287830740213,1504.47068983316,29.1966714262962,431.113801211119,0.473908483982086,52.7859349250793,156.122711062431,643.908932596445,214.629050135612,7.36258846521378,2260.73216894269,13032.7490532994,231.020356625319,13.5009673237801,39.4384578466415,3.17088693380356,0,2.76961928606033,266.468805462122,155.688121795654,1093.67686212063,182.959544241428,577.427097141743,351.236943811178,18.8006138801575,4.83296710252762,0,6129.74735933542,2019.71260425448,2283.15606510639,2048.83120012283,90.4179535508156,55.828495323658,5.68670389056206,174.354193776846,430.740409463644,0,6.98342567682266,0.773245513439178,32.689995855093,8989.43235489726,1703.51352220774,22.6983329951763,72.3962367773056,46.6334909498692,7.72500312328339,2.39954414963722,2187.21211859584,8.62936341762543,126.694772869349,24275.4714306891,267.500325977802,2442.03978440166,5.60241916775703,7293.98502215743,41.9459861516953,51341.6346333325,262.320350080729,2.17572093009949,45293.6326907575,23552.5054166317,2833.29912430048,549.976085662842,1968.16942355037,1.61506351828575,21.6347930431366,9.86319762468338,1084.83268380165,253.683248579502
0,0,0,1225.7457562089,94.7210924327374,199.77495136857,205.04605576396,64.0526426434517,716.098370522261,1865.77282676101,3.43071541190147,1401.80670663714,0,18.6260379552841,272.747357577085,0,0,0.77371746301651,0.576388895511627,927.718655407429,0.699708938598633,0.664808928966522,0,767.726036667824,0,0,0.455031782388687,1902.34506714344,17.2801788449287,2.07837128639221,0.341420501470566,0.796697437763214,2.25623095035553,43.8576049506664,0,67.6158463954926,0,11.8110432624817,4.78328216075897,479.171638280153,9.27919599413872,0.454093664884567,264.411241829395,7.34069794416428,92.9941561222076,23.608873039484,235.102337449789,59.1559996902943,6.94066336750984,0,1.80307719111443,6.98342567682266,0,22.9932352006435,171.354456305504,229.375624895096,275.828241467476,2542.04995304346,4353.48914280534,30.6468177437782,6486.04772669077,0,156.43790987134,410.625231742859,0,5.98403456807137,28.0135369300842,16.359735429287,17853.8658936024,0.97967591881752,1.99424666166306,5.9207920730114,2572.40055793524,0.679510951042175,12.5058447420597,4.88352820277214,16403.7780498862,113.657994121313,7.48362302780151,0,22.7378189265728,0,92.9807658195496,10.6055594086647
0,0,2.50710070133209,27.5863093137741,34.009888112545,49.8225799500942,21.2317535579205,8.51591953635216,76.349721968174,104.236028254032,1.72417593002319,184.045110672712,0,1.32595574855804,88.3930304050446,2.07950782775879,2.17718547582626,2.03620213270187,2.58460700511932,43.250815063715,2.90546250343323,6.46563160419464,6.1815772652626,76.0473353862762,0,0,9.02074974775314,109.563191980124,1.85896104574203,1.1600581407547,0.597898304462433,1.09315371513367,0,30.6885960996151,239.030848801136,28.2733830213547,2.66281294822693,4.78735795617104,10.4565448760986,215.23248142004,2.65486913919449,1.96039432287216,184.452360183001,14.7791584134102,25.93699619174,37.8262592554092,16475.3496223688,8157.14125704765,6.35431724786758,4.68906784057617,11.2522256970406,0.773245513439178,22.9932352006435,0,1184.96465402842,238.607511937618,168.863079428673,734.024520337582,441.90979591012,5.61541453003883,480.708551675081,3.3247629404068,25.7746460139751,3369.17990651727,8.61900788545609,3.27018582820892,5.90077465772629,4.85391885042191,43.2474660873413,73.1238716840744,75.2362784743309,67.9035432338715,317.874188601971,12.9156629741192,2.1218084692955,43.0244217514992,252.664678215981,27.0268708467484,120.094982683659,1.01887333393097,259.899995088577,2.71445977687836,2302.79971703887,473.579751431942
0,0,0,116.07929867506,86.0162045359612,136.769095182419,100.662471413612,34.2240875959396,220.529404371977,318.549178123474,0.51178115606308,650.747914195061,0,7.10680302977562,245.017962992191,0.68013995885849,0,0,0,145.771387726068,1.78572842478752,1.65265861153603,1.00135326385498,185.326517015696,0,0,0.59151303768158,393.017278850079,4.41094988584518,0.90051257610321,0,19.736247241497,0,144.213004887104,120.929240763187,62.593192845583,4.13350859284401,24.246696382761,37.4311797320843,539.219464838505,11.0090409517288,10.8284448385239,995.598727434874,46.6071051955223,472.447639554739,222.206638753414,5153.30292999744,2601.55938184261,103.919981390238,13.367380797863,0,32.689995855093,171.354456305504,1184.96465402842,0,7606.55741932988,9875.68283304572,822.11241003871,23786.9608775973,254.399717181921,6438.08205133677,8.89462295174599,1070.97496980429,2353.28236222267,2.4040116071701,18.2395279109478,204.783740490675,86.4510054588318,372.228896200657,17.6485620439053,0,23.3728726506233,222.008893668652,0.732130169868469,213.429752916098,33.7059271037579,4419.96016174555,343.275127798319,102.443316102028,10.5303729176521,672.151512563229,1.18879079818726,406.799303978682,1988.01650986075
9.6449883878231,22.1065092682838,187.126273453236,175.691430330276,34.2612651586533,251.292188704014,2793.25695210695,708.317633509636,569.784532576799,1485.08096143603,8.84287315607071,232.039879143238,0,421.146261036396,146.93747523427,185.422765821218,88.5894043147564,0,11.1010413467884,322.314817160368,72.4023751318455,68.6714067459106,693.181552380323,3580.90729361773,2.82888609170914,91.7817819416523,1001.97664526105,6674.24041748047,527.323685616255,182.132544904947,0,43.0453070402145,43.3081358075142,1624.14816346765,146.508851200342,2451.44707426429,27.1820155978203,546.791867822409,337.782902449369,1296.42992708087,185.963721454144,55.0182238519192,11499.0680221319,563.447325766087,4602.16621541977,2328.4186963737,3373.69559907913,1399.76294261217,255.581077843904,5725.92743977904,46.6140910089016,8989.43235489726,229.375624895096,238.607511937618,7606.55741932988,0,31127.2942512333,716.43376326561,32719.7845822871,1740.24159678817,396.839242517948,34.8694191873074,52432.0061123967,820.605666667223,115.863550394773,3326.95965227485,1775.83948782086,1696.7145691812,211.095806568861,4669.87050414085,13.4075424969196,12608.6402128339,1786.34271585941,0,2676.08037275076,2891.46286907792,59767.4060150087,12342.9417627156,15967.0545969605,48.780306905508,916.732425332069,180.708999037743,4757.62228471041,1088.30910608172
3.46279436349869,5.25878465175629,2.18481716513634,160.320789545774,28.7506493926048,100.592738360167,682.256724983454,147.486193180084,245.249139755964,907.37430113554,0.917941331863403,233.729208081961,0,69.3644480109215,104.401840269566,12.3395558595657,0.425828456878662,0,0,230.23178461194,0.605121314525604,6.51931655406952,25.5950889289379,771.80437117815,0.781077086925507,5.66148146986961,60.799784630537,1695.48990866542,65.9254504144192,6.2342181801796,0,37.1832493543625,5.35666725039482,416.726419955492,5.50972139835358,361.235720545053,1.15595716238022,94.005167812109,122.222239017487,448.858253508806,42.5401817262173,25.8880637288094,3235.97824239731,191.1534281075,1717.27931725979,825.619461655617,3918.30407834053,1894.54880836606,216.445536702871,513.214834749699,4.39610761404037,1703.51352220774,275.828241467476,168.863079428673,9875.68283304572,31127.2942512333,0,536.751050084829,20157.5784289837,419.567501872778,3584.76967328787,15.2243336141109,23363.5519683361,418.896038562059,13.3805428743362,577.177648663521,261.454966932535,211.289238393307,672.345389664173,575.538649320602,1.07037085294724,1739.96733173728,806.848184227943,0,610.805737018585,282.733980327845,5094.46830564737,1286.7617277801,3970.04890924692,17.4621276855469,1931.05986130238,7.59335803985596,1944.16988515854,49.2743772864342
6.5939374268055,11.4209977984428,11.8897865116596,436.438802421093,84.6845445632935,272.444269508123,516.688983887434,261.690730899572,4058.06617158651,1519.26880794764,63.5844996571541,1097.19958621264,29.502466917038,138.97078153491,306.659645855427,19.7002224326134,14.0842151343822,13.0021438896656,14.4671706855297,545.665110588074,35.2770855426788,91.8508994281292,42.1003003418446,4315.35157868266,17.189187079668,31.5411957204342,82.5475692451,3735.86231473088,215.13694024086,22.5574678480625,6.70797774195671,23.3424698710442,15.529913008213,268.961573511362,48.7859848439693,498.19725599885,25.0558732450008,121.539095342159,59.3930313289165,612.94195535779,47.3595529198647,22.1061188578606,544.200329840183,36.5754968523979,224.044493377209,100.455827057362,2836.97845229506,92.2348821461201,39.9843406975269,32.7610131502151,1079.00372996926,22.6983329951763,2542.04995304346,734.024520337582,822.11241003871,716.43376326561,536.751050084829,0,1444.1737716496,115.891449809074,4615.69180682302,579.340035319328,296.241671949625,3535.41330260038,38.8390092551708,31.3730984032154,81.7907294034958,57.0028000175953,1659.98523822427,15.3058469295502,9106.85278764367,23.4353379607201,34245.4015566707,1206.93584901094,202.042418181896,3351.2147436142,8310.15178921819,627.925291180611,54.1684871912003,38.2495876848698,57.5588139593601,12.8726887702942,244.172321200371,67.7899399399757
2.26764905452728,2.65623518824577,1.15674006938934,2296.04529577494,169.924672931433,314.962982237339,621.331959754229,104.371087670326,610.109162539244,3339.21519142389,0,1497.43863749504,0,21.1737283468246,431.16520819068,2.91812705993652,0,0,0,1158.98199334741,2.59024208784103,4.85717135667801,1.35024654865265,1464.83983698487,0,0.970403850078583,3.16461852192879,3668.71253186464,19.8631472885609,14.7744588255882,0,0.870064914226532,1.5495294034481,322.195102840662,110.843052089214,253.902509123087,1.62500527501106,54.7296112179756,80.0429429709911,1038.92179313302,31.2377870678902,20.0908528268337,5068.6708573401,206.643014907837,1614.13619631529,468.811228066683,2243.51362547278,752.053760617971,238.221309751272,42.354039311409,17.8673203289509,72.3962367773056,4353.48914280534,441.90979591012,23786.9608775973,32719.7845822871,20157.5784289837,1444.1737716496,0,1389.08848658204,3332.76405483484,27.1241017878056,5918.50477978587,1082.87810629606,1.52961784601212,160.913942068815,1405.19361579418,803.97195699811,6545.07282444835,28.5383765995502,0.456707894802094,151.103267490864,1008.93645313382,0.518843948841095,1037.59403529763,174.500261574984,18879.775805831,2166.69584962726,111.948748141527,35.8208364248276,780.259970247746,2.75534656643867,1762.17141127586,1028.55805072188
0,155.559227079153,3.93142575025558,2.85826677083969,3.26222598552704,2.78084382414818,12.9533824026585,0,69.9614233672619,3.05974459648132,2152.07200044394,15.8410238027573,6458.43800660968,0.646571695804596,9.12454134225845,1.22697198390961,2.57882672548294,2.93470579385757,0.975047528743744,0.502336382865906,0,68.6248007714748,5.95391196012497,121.403632760048,384.963738739491,341.974207013845,404.415559202433,43.3166746199131,1.00863289833069,0,642.797081798315,0,0,83.366214632988,39.3645572066307,10.1929484307766,200.755221009254,19.6247785389423,3.83813893795013,23.5619309842587,0,180.441415280104,2322.53822207451,7264.36698493361,4450.11611816287,1721.26704412699,252.69857686758,64.2610346972942,1911.42173290253,41.6594385802746,56.7081450521946,46.6334909498692,30.6468177437782,5.61541453003883,254.399717181921,1740.24159678817,419.567501872778,115.891449809074,1389.08848658204,0,962.781497120857,6831.7944816947,1686.07425680757,69.6434595286846,8.20135927200317,413.637707740068,13602.0563924611,715.994709402323,237.753580629826,66.4800271689892,57.7663911581039,208.027215301991,130.611889004707,93.9788976311684,4943.28558731079,235.808383613825,602.941503763199,1969.65277850628,249.642655551434,863.352128505707,1589.25971794128,3.93576765060425,12977.6505614519,208.700949013233
0,1.15586331486702,0.775348842144012,434.078181564808,179.151381313801,324.657340139151,105.622204959393,80.3087756335735,821.315871566534,1186.15678784251,1.10759794712067,1562.61007037759,0,14.5187716186047,529.565999507904,1.3904128074646,0.532970130443573,0.765602767467499,0.551044344902039,476.994628846645,2.2766118645668,4.82044452428818,3.21853852272034,399.307608872652,0,0.54335343837738,0.816722005605698,922.213044703007,8.65659219026566,0.55338591337204,0,3.1454553604126,0,155.608086228371,47.9809036850929,93.4813495874405,4.38109824061394,27.880980104208,54.8864267170429,1096.47045946121,12.8570043444633,21.6812810897827,1511.67408701777,106.524974644184,818.858446121216,300.497165262699,1663.43701666594,214.685921192169,152.981497049332,15.4546279907227,21.3903203010559,7.72500312328339,6486.04772669077,480.708551675081,6438.08205133677,396.839242517948,3584.76967328787,4615.69180682302,3332.76405483484,962.781497120857,0,30.4683211743832,2094.55713832378,4312.69507679343,0,57.1390382647514,950.445817053318,439.403239250183,17042.6242501438,9.77253782749176,33.025622934103,39.9093459546566,1465.76153126359,13.2667757868767,748.925807505846,101.824147462845,3853.87520867586,964.005210697651,44.258071988821,27.0077747404575,492.161142021418,0,936.140581220388,982.861078023911
0,827.860641509295,1.2383975982666,0,0,3.33090019226074,6.18523609638214,3.20585286617279,181.24130859971,3.65107968449593,7494.34170025587,4.86681541800499,24330.6384614706,6.59373500943184,1.01113307476044,20.8360108733177,0,23.2129683196545,1.37143588066101,0.788000702857971,0,264.105749189854,1.49128329753876,261.814771771431,3547.13913178444,1319.90804725885,3367.55261769891,2.87003019452095,6.83715736865997,0,2833.40050897002,6.17334312200546,0,1219.61855903268,5.16158133745193,13.9631860256195,403.791731029749,81.2925411462784,7.22277128696442,8.15720552206039,0,1961.06782490015,120.073140203953,4858.46539521217,763.805071115494,203.797473341227,122.286082804203,9.31889319419861,3144.19882369041,0,1101.05925947428,2.39954414963722,0,3.3247629404068,8.89462295174599,34.8694191873074,15.2243336141109,579.340035319328,27.1241017878056,6831.7944816947,30.4683211743832,0,53.1658353209496,60.5507289767265,80.7503891587257,5.36082375049591,58.3839465975761,5.04236108064651,5.65772244334221,9.83209231495857,1137.39472654462,19.6825525462627,628.848899155855,5305.86651319265,305.891648054123,792.788874357939,13.3274486660957,52.3047296106815,8.57393151521683,1021.35108038783,68.1661830544472,0,332.653789013624,21.1704323291779
0.368753015995026,5.85225075483322,21.4683302640915,20.1339339315891,10.4556383490562,38.644664555788,305.480920672417,55.1163700520992,150.961819976568,70.7784599661827,2.7516303062439,76.7209880053997,1.35135662555695,22.4676810204983,47.8978133499622,8.53996187448502,6.06623765826225,0,2.83744737505913,37.2605472505093,6.07136991620064,5.6726990044117,33.9065309166908,491.687618911266,0.896027326583862,13.4892937541008,106.586825072765,710.963270962238,17.3329399824142,7.62523883581161,0,24.1933867931366,1.61219897866249,237.483095228672,1.28795349597931,158.393721103668,3.34207466244698,48.4093388915062,97.043580442667,195.665185153484,25.3099437952042,26.4264656305313,2865.43622526526,224.995018780231,2485.99792945385,1109.91221082211,1107.23920506239,370.79237639904,177.974664121866,5143.57644918561,20.0487295687199,2187.21211859584,156.43790987134,25.7746460139751,1070.97496980429,52432.0061123967,23363.5519683361,296.241671949625,5918.50477978587,1686.07425680757,2094.55713832378,53.1658353209496,0,172.866732001305,15.3646024763584,1042.39396899939,1061.42776170373,445.192777872086,424.948851108551,933.868939161301,3.50082194805145,2371.14047509432,634.871100395918,0.934511780738831,1404.62978067994,518.528929799795,2759.5807363987,7917.12319257855,14924.8428327739,73.0328984558582,724.225620776415,32.6369676887989,4471.74103698134,87.5731976032257
0,2.29393684864044,7.05825752019882,145.599858283997,133.651179254055,227.069501489401,133.012023687363,63.043790102005,408.508934617043,468.849928796291,0,712.525252729654,1.1425187587738,21.4880734086037,353.304686874151,12.1479358673096,0.768781065940857,0,2.1327713727951,151.430367231369,21.8648995161057,18.2081317603588,22.6615624427795,421.179796695709,1.50450813770294,2.21808069944382,14.9507772028446,664.489996045828,30.6265953481197,15.9640361070633,0,29.7643920183182,1.80783063173294,151.732430577278,113.484862089157,156.472594320774,3.38087064027786,37.1580089628696,78.7046595811844,947.010037511587,24.7652971446514,13.9815336465836,1104.53318983316,167.454119682312,214.601656377316,211.852696985006,6280.31120657921,242.192200809717,62.4689538180828,9.21162414550781,156.716370284557,8.62936341762543,410.625231742859,3369.17990651727,2353.28236222267,820.605666667223,418.896038562059,3535.41330260038,1082.87810629606,69.6434595286846,4312.69507679343,60.5507289767265,172.866732001305,0,4.98780134320259,18.4111357331276,54.2685300409794,14.2817982137203,585.38296315074,55.1682854294777,620.426251977682,40.1430192887783,2027.60563987494,152.284498780966,65.5409268140793,561.604149490595,1190.40563607216,166.100639373064,401.224556535482,10.7625331580639,89.2943041920662,4.01173859834671,119.953678548336,330.703863978386
0,26.6373052000999,200.651743978262,0,10.1299220025539,8.37096956372261,170.237457871437,13.0879379212856,1089.33334159851,6.69401362538338,2.40596389770508,0.514886260032654,0,13.8497138023376,5.87369057536125,7491.07474899292,97.3231724202633,0.739267528057098,10.9976134002209,0.518901169300079,2232.85241314769,2833.23566550016,10000.4919964969,5121.61863052845,5.61862140893936,61.1236059963703,4134.22363606095,3453.41675493121,70.3941286504269,462.055771321058,1.38299465179443,3.5377756357193,33.8336271643639,116.16929936409,90.2343374192715,981.913736462593,89.4008192121983,353.318064302206,177.860255181789,54.5752590000629,9.0735005736351,1.8322821855545,5790.78713792562,639.287868559361,1796.93988117576,1396.96992075443,171.430197119713,47.9388533830643,7.59700897336006,3.37212002277374,1388.78368976712,126.694772869349,0,8.61900788545609,2.4040116071701,115.863550394773,13.3805428743362,38.8390092551708,1.52961784601212,8.20135927200317,0,80.7503891587257,15.3646024763584,4.98780134320259,0,213.957156151533,26.4800443649292,77.1226988136768,0.77436500787735,13730.76548329,12110.2242989242,6531.67160481215,7479.88728934526,189.986549288034,141.378130614758,12483.1464295387,2437.16427066922,211.385371267796,158.233397006989,1.78410992026329,1.03655600547791,86.248310148716,669.494501978159,339.020512461662
1.22878909111023,384.203668743372,1005.99994188547,0,12.4806124567986,0,24.142051845789,0,27.8814021945,0,25.4885120689869,1.77910751104355,3.68454748392105,1.21244704723358,4.26392984390259,85.1546920537949,823.035753905773,37.1092589795589,463.409824699163,0,34.1978368759155,150.011326432228,336.555854797363,152.025556415319,24.4414549469948,2306.35219192505,11058.8634296358,97.040510982275,3.89060413837433,11.2921103239059,1.81643086671829,0.942634105682373,0.390382945537567,173.698733776808,108.187234401703,698.618407219648,211.795212328434,363.010901272297,274.650207638741,7.11444991827011,1.40579974651337,1.2318639755249,5047.58776667714,4601.68299332261,2776.44755318761,2551.27555447817,79.4379668235779,35.0204950273037,4.57987523078918,243.33703994751,1442.11511552334,24275.4714306891,5.98403456807137,3.27018582820892,18.2395279109478,3326.95965227485,577.177648663521,31.3730984032154,160.913942068815,413.637707740068,57.1390382647514,5.36082375049591,1042.39396899939,18.4111357331276,213.957156151533,0,1406.30790793896,14736.5788771212,22.2963201701641,2154.76465591788,66.6564994156361,22821.7971313,447.514372259378,20.219438791275,4875.66148161888,21113.8446367085,1005.65653854609,641.189073503017,6602.54500585794,3.63973397016525,13.8861229717731,27.1687694489956,9213.85411885381,279.221479266882
0,17.7513864040375,14.3584435582161,3.05235436558723,22.0675902962685,0,0,0,36.8033503890038,0,294.955567389727,17.8639470636845,503.544187307358,0.509888112545013,1.57927709817886,0.55336606502533,16.572011590004,58.8927130103111,68.8199900388718,0,0.770998626947403,1.34701311588287,4.95353069901466,4.80715417861938,32.6665766835213,1241.89503091574,798.010972082615,0,0,0,567.65883281827,0,0,17.6380255222321,105.407882899046,63.7962768673897,106.125946074724,22.2860724031925,15.1916409134865,7.92816749215126,0,3.54178261756897,8094.57709294558,3978.23179706931,5311.38912716508,3632.73855659366,258.083473265171,44.8890442550182,25.2807444930077,42.867335498333,42.1061632633209,267.500325977802,28.0135369300842,5.90077465772629,204.783740490675,1775.83948782086,261.454966932535,81.7907294034958,1405.19361579418,13602.0563924611,950.445817053318,58.3839465975761,1061.42776170373,54.2685300409794,26.4800443649292,1406.30790793896,0,8142.62391358614,182.580156713724,142.82000002265,5.30555295944214,471.946788191795,140.951023668051,8.17587667703629,7027.91947346926,1249.43349841237,576.696839541197,1047.38073310256,327.580177783966,31.1034089326859,732.423091232777,8.31107079982758,6053.20114469528,565.064702212811
0,116.593005955219,115.572576582432,0.51347553730011,27.3060036897659,0,0.432690322399139,0,16.1473615467548,0,11.6796118319035,5.86150553822517,7.16816908121109,0.869633674621582,0,18.3361859321594,125.272241055965,31.5195016562939,285.80082705617,0,9.94788965582848,28.4383975565434,58.7084063589573,23.1708362698555,31.4726417660713,1143.92759114504,3230.24054440856,9.71149599552155,0,0,14.685547888279,0,0,81.3369206786156,155.088010907173,221.482595473528,99.5791934430599,121.297008931637,86.5080166459084,3.97211328148842,0,0.940937638282776,8077.19024315476,2199.34381517768,4634.63880029321,4159.44477763772,116.904809623957,32.8577581942081,6.69242668151855,77.304967880249,303.651359766722,2442.03978440166,16.359735429287,4.85391885042191,86.4510054588318,1696.7145691812,211.289238393307,57.0028000175953,803.97195699811,715.994709402323,439.403239250183,5.04236108064651,445.192777872086,14.2817982137203,77.1226988136768,14736.5788771212,8142.62391358614,0,98.4485785663128,647.484929203987,28.2296139001846,2868.20235314965,199.616480767727,9.4350753724575,9290.60524263978,6961.27177360654,597.859259396791,334.207008093596,1099.02686047554,1.73269200325012,59.2818755209446,20.5208017230034,9262.63327786326,532.876469880342
0,0,0,503.687846034765,134.127773463726,219.029137045145,236.994221568108,62.1805702745914,554.165975451469,1912.09003579617,0,1056.66560187936,0,10.1372030675411,331.521555602551,0.648892402648926,0,0,0,676.559523254633,0.609812200069427,0,0,690.85783135891,0,0,1.04366111755371,1875.86155346036,12.2586763203144,2.85484933853149,0,0.993513822555542,0,108.459998011589,1.24640500545502,87.0898234844208,0,14.4742264449596,16.9245269298553,606.598096102476,11.4418807029724,2.24870470166206,757.027374237776,29.0502911508083,166.320582687855,49.9061663150787,371.416869521141,79.9737103283405,25.4133462607861,1.99809256196022,1.64014485478401,5.60241916775703,17853.8658936024,43.2474660873413,372.228896200657,211.095806568861,672.345389664173,1659.98523822427,6545.07282444835,237.753580629826,17042.6242501438,5.65772244334221,424.948851108551,585.38296315074,0.77436500787735,22.2963201701641,182.580156713724,98.4485785663128,0,7.16704925894737,5.07557421922684,17.9546064138412,1656.6976981163,1.21293795108795,147.090456485748,34.3866547644138,8342.19767293334,297.542895257473,18.4012246131897,9.19375550746918,97.2172855734825,0,159.44502645731,7.30598184466362
0.436373740434647,7.68434315919876,139.764423847198,2.01487898826599,25.0208783149719,4.17543005943298,207.032569557428,6.63553136587143,597.044278472662,3.91641882061958,0,2.15662813186646,0,6.72355228662491,14.3096337914467,2615.64131578803,74.4140369594097,0,9.34050109982491,3.55327326059341,2893.68249619007,602.167019248009,5115.99115327001,4276.39013558626,1.47930192947388,58.8825344443321,1122.52266594768,3959.54872718453,78.076740115881,759.043899387121,0,0.612746715545654,46.0668459534645,86.1282672286034,325.227192908525,780.275462836027,43.5057847201824,103.002243191004,47.4616632163525,71.9963827133179,11.3301266729832,0,18873.6431542337,3453.80373322964,12606.1273244619,6902.24750858545,703.387510806322,211.94000005722,22.7718824744225,228.289075702429,90.7762376666069,7293.98502215743,0.97967591881752,73.1238716840744,17.6485620439053,4669.87050414085,575.538649320602,15.3058469295502,28.5383765995502,66.4800271689892,9.77253782749176,9.83209231495857,933.868939161301,55.1682854294777,13730.76548329,2154.76465591788,142.82000002265,647.484929203987,7.16704925894737,0,408.299144893885,44387.2411548495,1517.29601314664,5.77130857110023,962.988892287016,2956.57529455423,15771.5275735855,1544.29620108008,38441.0212903023,7.12897393107414,26.7800895869732,347.887836873531,20270.4290347695,1806.60593372583
0,20.4452849030495,45.508750885725,0,1.16243797540665,0,18.5458118319511,2.28656005859375,379.689249753952,0.416451543569565,28.6115989685059,0,67.0148228406906,4.86778950691223,2.66687494516373,1449.65158501267,46.0506764054298,9.87489950656891,8.53423267602921,1.63822281360626,249.742678433657,918.337413936853,975.333218306303,1561.99075219035,41.367670416832,107.901728451252,1894.18411460519,573.396213233471,7.89787390828133,27.2929888367653,13.85368090868,0,10.2572024166584,30.3546896576881,4.97099590301514,221.688006550074,17.4768811762333,66.3679019808769,40.7425625920296,17.1593979597092,0,12.445657491684,322.432307302952,58.6452248394489,136.825952649117,75.163883805275,641.956143647432,0,46.9064331054688,0,4112.89692407846,41.9459861516953,1.99424666166306,75.2362784743309,0,13.4075424969196,1.07037085294724,9106.85278764367,0.456707894802094,57.7663911581039,33.025622934103,1137.39472654462,3.50082194805145,620.426251977682,12110.2242989242,66.6564994156361,5.30555295944214,28.2296139001846,5.07557421922684,408.299144893885,0,1140.78837332129,22298.7939783037,2343.99312487245,151.093333721161,14134.515601486,393.353103101254,15.5108855068684,17.1631779372692,36.0830569267273,0,2.10784655809402,66.1662356555462,12.6019544005394
1.74232789874077,114.34174734354,1819.76990684867,1.83885481953621,65.3620541989803,4.59007087349892,247.636152565479,27.7985517084599,236.080491662025,7.11465266346931,9.93590220808983,1.17753681540489,0,34.6687659621239,15.4722706675529,8463.50949168205,1297.93056231737,4.86904868483543,98.2939191460609,2.39051985740662,1836.21843254566,1678.07564175129,19964.4004014134,2259.27253860235,7.20254430174828,474.213154345751,16013.5499624312,1676.13221096992,39.5149147212505,256.990129202604,2.760258436203,0.866096913814545,18.9636940360069,373.578483432531,875.48726400733,2375.61713385582,216.144139975309,1279.57647719979,697.302132099867,122.16076990962,20.4172613024712,3.04029363393784,43098.8327394724,8642.34678034484,20515.9619451165,16580.3401460946,1415.3683386445,295.47748324275,33.2553389370441,411.09086227417,304.196570038795,51341.6346333325,5.9207920730114,67.9035432338715,23.3728726506233,12608.6402128339,1739.96733173728,23.4353379607201,151.103267490864,208.027215301991,39.9093459546566,19.6825525462627,2371.14047509432,40.1430192887783,6531.67160481215,22821.7971313,471.946788191795,2868.20235314965,17.9546064138412,44387.2411548495,1140.78837332129,0,4965.23559725285,10.8249553740025,3137.99160480499,32956.7598377466,13834.9917945564,1083.80476722121,17372.9472574294,8.55403131246567,35.0561200380325,49.9239582121372,14299.2384162247,2639.70755946636
25.3499034941196,61.8293673694134,337.353432834148,615.233865588903,80.9762255549431,640.046296924353,5024.38825136423,1783.73753240705,5400.03006502986,4230.00295260549,60.6510843336582,912.607472419739,12.249879360199,966.994669049978,383.974521696568,880.640092074871,127.190687835217,0,26.9138191342354,1087.86548027396,1059.95002034307,974.703027665615,1365.51269134879,20480.745616585,25.3851472735405,102.736027270555,2847.62094390392,21173.5663036406,1579.05936542153,798.236288785934,0,155.732155263424,170.408912688494,2276.21360692382,208.859045505524,5286.67978793383,89.3153839409351,1174.23234814405,512.608042657375,2095.57104587555,426.262988328934,75.8798859417439,6535.04705122113,280.377934157848,1599.50478489697,877.480501681566,1396.80843821168,250.683152616024,98.2950228154659,104.803141117096,3323.09126311541,262.320350080729,2572.40055793524,317.874188601971,222.008893668652,1786.34271585941,806.848184227943,34245.4015566707,1008.93645313382,130.611889004707,1465.76153126359,628.848899155855,634.871100395918,2027.60563987494,7479.88728934526,447.514372259378,140.951023668051,199.616480767727,1656.6976981163,1517.29601314664,22298.7939783037,4965.23559725285,0,2036.74059915543,450.045810699463,14254.6105570197,21070.5067350864,2647.77752402425,433.574440330267,30.2283501327038,87.0830000936985,360.031090855598,1160.29370459914,783.23486161232
0,65.2840849161148,7.38248494267464,0,1.301149725914,0,0.79823112487793,0,22.3330391645432,0,390.397393971682,1.33899319171906,2049.13655227423,0,0,0,2.0224258005619,53.1630224585533,35.1701401472092,0,0,50.8583751320839,2.97648322582245,33.4391579329967,941.963618934155,554.075631290674,1677.22583058476,0.521002888679504,0.722144842147827,0,386.718583166599,0,0,160.052521348,1.13828098773956,27.8324658870697,37.421761661768,19.8701348006725,6.92794525623322,0.343902081251144,0,103.139075875282,48.6323494315147,62.3675077855587,15.1826038062572,12.5550365447998,194.612040877342,0,68.7349355816841,0,3758.47494721413,2.17572093009949,0.679510951042175,12.9156629741192,0.732130169868469,0,0,1206.93584901094,0.518843948841095,93.9788976311684,13.2667757868767,5305.86651319265,0.934511780738831,152.284498780966,189.986549288034,20.219438791275,8.17587667703629,9.4350753724575,1.21293795108795,5.77130857110023,2343.99312487245,10.8249553740025,2036.74059915543,0,219.968230009079,6390.74281084538,23.487281024456,3.56465712189674,0,331.242723107338,0.726990938186646,0,8.48497992753983,0
1.48332345485687,744.84607848525,319.709389448166,1.03416353464127,29.1758799552917,2.35232788324356,5.72028890252113,3.11581146717072,42.4027898311615,0,2784.76054522395,13.085437387228,6572.69451069832,15.2921630740166,1.59437656402588,56.3597456812859,548.318892717361,1094.95351925492,2258.3120842576,0,19.2871699631214,106.353827059269,152.554876327515,131.27581012249,887.774458616972,18584.1813215017,22346.8595386147,34.6587484776974,28.5288210213184,4.54248303174973,6622.13628542423,11.6221978366375,0.367164731025696,542.358625501394,247.040187418461,1707.61054071784,1366.30044445395,827.760175645351,567.874027967453,21.25874376297,1.80309021472931,32.1220440268517,17128.2229641378,10839.7338548899,7249.19978423417,6043.14118498564,299.085399210453,92.7663476765156,51.8573721051216,117.101972520351,724.210893779993,45293.6326907575,12.5058447420597,2.1218084692955,213.429752916098,2676.08037275076,610.805737018585,202.042418181896,1037.59403529763,4943.28558731079,748.925807505846,305.891648054123,1404.62978067994,65.5409268140793,141.378130614758,4875.66148161888,7027.91947346926,9290.60524263978,147.090456485748,962.988892287016,151.093333721161,3137.99160480499,450.045810699463,219.968230009079,0,53639.6900449693,759.086153686047,1047.99798825383,679.076315492392,783.275398343801,704.709941983223,17.7203249037266,3736.76313272119,915.703048497438
8.99044308066368,4273.31484392285,5673.61163541675,0,64.1721793413162,5.85322058200836,174.93199262023,42.9063050746918,184.396741688251,3.48056727647781,1532.70612052083,3.80906453728676,3773.37218415737,106.375434875488,18.9333840310574,2791.18527522683,5478.59138283134,1715.95849153399,4143.32131716609,0.612237274646759,436.009437978268,4667.71703928709,7310.9123275727,1753.61005869508,2814.69418349862,27311.2702919841,115913.888804495,784.209944248199,114.276112645864,173.423070639372,5061.6858536303,16.0225320458412,4.20273995399475,2028.74728575349,713.171222090721,7641.57193797827,2476.41049548984,3982.32947671413,2552.11163082719,67.4840504825115,31.6140958070755,34.1751752197742,34166.4979547858,6440.92263659835,11910.4876211286,11357.0518941283,1183.76138284802,89.9282124042511,32.06967908144,79.258974224329,22757.8815595508,23552.5054166317,4.88352820277214,43.0244217514992,33.7059271037579,2891.46286907792,282.733980327845,3351.2147436142,174.500261574984,235.808383613825,101.824147462845,792.788874357939,518.528929799795,561.604149490595,12483.1464295387,21113.8446367085,1249.43349841237,6961.27177360654,34.3866547644138,2956.57529455423,14134.515601486,32956.7598377466,14254.6105570197,6390.74281084538,53639.6900449693,0,4887.98242467642,349.935872823,1483.2969519794,2946.31980222464,55.7534474730492,24.3420486152172,4975.43746712804,1560.75376033783
17.7267030477524,29.7117281854153,259.403310984373,1251.22057554126,196.862512767315,711.694036751986,4281.94466626644,1295.88209040463,3081.45293185115,7240.16420724988,18.1825876235962,2598.79163193703,0.915435135364532,635.409449964762,735.000532478094,354.723724573851,84.0018690526485,0,12.7693381011486,2118.25875422359,711.242717027664,244.317987084389,901.468656331301,10458.1288045347,8.45132863521576,68.6053538620472,1419.38495513797,17513.9900922179,1047.4148966074,745.074683338404,0,58.5677450597286,158.919604420662,1947.10724321008,231.937399566174,4104.3860090971,62.0834458172321,847.755250513554,425.005470246077,2461.04899743199,299.495807677507,57.8954657912254,13959.3625451624,537.841078460217,4709.3863068074,2168.83547541499,2332.05787447095,863.625593900681,211.852871209383,232.19960463047,145.505040556192,2833.29912430048,16403.7780498862,252.664678215981,4419.96016174555,59767.4060150087,5094.46830564737,8310.15178921819,18879.775805831,602.941503763199,3853.87520867586,13.3274486660957,2759.5807363987,1190.40563607216,2437.16427066922,1005.65653854609,576.696839541197,597.859259396791,8342.19767293334,15771.5275735855,393.353103101254,13834.9917945564,21070.5067350864,23.487281024456,759.086153686047,4887.98242467642,0,5405.4548805356,9844.40995457768,14.8030828237534,397.649735808372,664.986934900284,4381.27030915022,1655.66691038013
3.63241541385651,3.97124284505844,27.8880652785301,18.7711836993694,5.22949713468552,36.8549710512161,599.272265851498,81.7134530544281,275.46524900198,100.552117586136,1.17656695842743,46.1432520449162,4.21680608391762,41.7039730548859,41.2969754934311,23.443015486002,5.8634081184864,0,1.2580235004425,22.9106734991074,92.0174984931946,25.112646073103,62.1637393981218,1469.49702531099,5.7343538403511,13.7692958712578,86.5847233533859,1983.34076309204,102.764285296202,86.14358907938,0,10.2216331064701,15.3313777446747,270.0465259552,24.644823372364,567.99264767766,5.45131605863571,80.8525964021683,59.45001745224,313.1553376019,41.0592164993286,8.11629921197891,2571.37558379769,187.368489176035,2823.09498721361,950.091662168503,555.962553471327,212.071480453014,78.6187169253826,5656.07951873541,8.17229327559471,549.976085662842,113.657994121313,27.0268708467484,343.275127798319,12342.9417627156,1286.7617277801,627.925291180611,2166.69584962726,1969.65277850628,964.005210697651,52.3047296106815,7917.12319257855,166.100639373064,211.385371267796,641.189073503017,1047.38073310256,334.207008093596,297.542895257473,1544.29620108008,15.5108855068684,1083.80476722121,2647.77752402425,3.56465712189674,1047.99798825383,349.935872823,5405.4548805356,0,14672.2229315639,74.0582719743252,338.745847314596,5735.94173789024,11673.0100081265,287.956237405539
0,8.82969832420349,150.188425898552,3.07350963354111,21.8261622786522,14.385826587677,383.59952917695,35.7187701761723,100.965089291334,21.3949178159237,0.945488095283508,4.04220885038376,0,28.149500310421,19.0098060965538,244.822184324265,71.9458223581314,0,7.15346139669418,8.98635950684547,499.586751282215,55.7760275304317,578.894593507051,1338.78261783719,0,41.6199245750904,603.55152118206,2560.52394267917,145.985988289118,301.195714443922,0,5.84071844816208,30.1083683073521,248.684120804071,319.221887767315,719.322876483202,21.7555655837059,129.639163523912,77.2812710702419,173.514480978251,37.0037025213242,6.29051220417023,16844.0904404521,925.479401797056,8636.74431306124,3407.06790176034,682.143580108881,408.13416364789,65.8750358223915,7637.21041068435,35.8970535695553,1968.16942355037,7.48362302780151,120.094982683659,102.443316102028,15967.0545969605,3970.04890924692,54.1684871912003,111.948748141527,249.642655551434,44.258071988821,8.57393151521683,14924.8428327739,401.224556535482,158.233397006989,6602.54500585794,327.580177783966,1099.02686047554,18.4012246131897,38441.0212903023,17.1631779372692,17372.9472574294,433.574440330267,0,679.076315492392,1483.2969519794,9844.40995457768,14672.2229315639,0,8.71629557013512,126.544340670109,1907.08203011751,17654.8555205166,2687.07542747259
0,49.9458910226822,0,0,0,0,0,0,17.8867691755295,0,1576.12610569596,0.460003823041916,6202.07234221697,0.944014251232147,0,3.24966603517532,1.10228076577187,32.0777239203453,7.79547342658043,0,0,28.4805215597153,0,16.6839168071747,441.5264133811,1873.5569217205,2568.72676485777,0,1.4772213101387,0,3077.70938962698,0,0,19.4227067828178,4.32910537719727,13.1390231847763,222.449282944202,18.0793465971947,3.76397442817688,0,0,21.025324434042,200.806149214506,1524.25270035863,600.010731130838,245.291029691696,26.7746009528637,8.82609480619431,78.1239286959171,1.24969679117203,26.1062967181206,1.61506351828575,0,1.01887333393097,10.5303729176521,48.780306905508,17.4621276855469,38.2495876848698,35.8208364248276,863.352128505707,27.0077747404575,1021.35108038783,73.0328984558582,10.7625331580639,1.78410992026329,3.63973397016525,31.1034089326859,1.73269200325012,9.19375550746918,7.12897393107414,36.0830569267273,8.55403131246567,30.2283501327038,331.242723107338,783.275398343801,2946.31980222464,14.8030828237534,74.0582719743252,8.71629557013512,0,82.865162730217,0,300.446495741606,27.9828395247459
0,0,0.81153804063797,2.22985824942589,1.46142208576202,35.9093226492405,28.8662753403187,37.1928043067455,24.1025677323341,0,1.5848776102066,19.2207663059235,3.12377893924713,17.1103463172913,15.2629302144051,0,0,0,0,3.05763310194016,1.36646962165833,0,1.9164522588253,79.6186531186104,0.769699513912201,2.14033669233322,7.46893724799156,65.7759104371071,14.8389066457748,0,0,61.747081309557,0,283.311553329229,1.45353958010674,32.2099210619926,3.82164525985718,94.0242322683334,168.969777077436,67.9589453339577,29.3236169219017,41.618985414505,1619.04941758513,190.326997071505,917.264535009861,449.611966043711,1479.16031929851,9340.08704325557,241.503111600876,25.7896258831024,0,21.6347930431366,22.7378189265728,259.899995088577,672.151512563229,916.732425332069,1931.05986130238,57.5588139593601,780.259970247746,1589.25971794128,492.161142021418,68.1661830544472,724.225620776415,89.2943041920662,1.03655600547791,13.8861229717731,732.423091232777,59.2818755209446,97.2172855734825,26.7800895869732,0,35.0561200380325,87.0830000936985,0.726990938186646,704.709941983223,55.7534474730492,397.649735808372,338.745847314596,126.544340670109,82.865162730217,0,0,14421.7228176594,17.1809159517288
0,0,1.86576423048973,0,0.955532193183899,2.52775299549103,24.2386935651302,2.20846009254456,13.241985887289,4.23750245571136,0,0,0,3.03372687101364,0,8.35768491029739,0.359579890966415,0,0,0,38.0455650985241,1.37560725212097,20.5710886120796,98.757228076458,0,1.52490746974945,6.69839754700661,161.761782079935,8.02245905995369,14.7837601006031,0,0.427331060171127,1.54050725698471,11.9264407753944,6.36303818225861,43.6336797177792,1.09334281086922,7.06289952993393,2.61737203598022,1.18496361374855,1.35305511951447,0,94.4551398456097,24.108180642128,440.467961639166,131.515653967857,17.9710352420807,5.47875499725342,3.91851359605789,30.55468121171,1.76558858156204,9.86319762468338,0,2.71445977687836,1.18879079818726,180.708999037743,7.59335803985596,12.8726887702942,2.75534656643867,3.93576765060425,0,0,32.6369676887989,4.01173859834671,86.248310148716,27.1687694489956,8.31107079982758,20.5208017230034,0,347.887836873531,2.10784655809402,49.9239582121372,360.031090855598,0,17.7203249037266,24.3420486152172,664.986934900284,5735.94173789024,1907.08203011751,0,0,0,1350.13856083155,39.2529272437096
3.01040759682655,81.2574669122696,216.682018488646,37.6544987559319,18.270024061203,46.3046917319298,421.736765235662,83.7679712772369,124.520381242037,169.403453737497,19.6310424804688,75.5877893269062,20.8322815597057,42.7745708525181,29.2150689065456,101.900679826736,153.229568064213,28.8585350513458,94.0822505950928,59.0429551005363,64.8725005984306,62.5719103217125,345.698282584548,681.690287053585,23.1956551969051,555.64234444499,2562.60539396107,1095.47176450491,80.3705820739269,34.1528100967407,20.4194236397743,47.1744533777237,3.798818141222,408.375834614038,35.6360257267952,475.943039506674,51.4248190224171,170.617807507515,170.420022964478,246.239353239536,51.9661979675293,12.1570720076561,2558.81178969145,1226.52792784572,2449.1354790926,817.416066974401,431.507269263268,163.55503281951,155.797390699387,1157.65705928206,288.324302583933,1084.83268380165,92.9807658195496,2302.79971703887,406.799303978682,4757.62228471041,1944.16988515854,244.172321200371,1762.17141127586,12977.6505614519,936.140581220388,332.653789013624,4471.74103698134,119.953678548336,669.494501978159,9213.85411885381,6053.20114469528,9262.63327786326,159.44502645731,20270.4290347695,66.1662356555462,14299.2384162247,1160.29370459914,8.48497992753983,3736.76313272119,4975.43746712804,4381.27030915022,11673.0100081265,17654.8555205166,300.446495741606,14421.7228176594,1350.13856083155,0,157.346401482821
3.71589028835297,16.0953500270844,140.353084743023,0,3495.51436024904,204.721517860889,178.184814572334,29.5692249834538,64.7164917588234,33.244575381279,111.081983149052,141.53925549984,3.77255809307098,2.7057566344738,510.458231896162,40.233738809824,135.677587270737,238.904083609581,305.505949497223,0.832577049732208,328.675507307053,12.4806454777718,550.875448256731,225.748771190643,4.98287427425385,280.40451040864,896.955021560192,414.169815063477,37.3579939603806,292.249536395073,7.48658794164658,11.6296887397766,11.3119471669197,219.422462642193,291402.09222132,2959.8739925921,890.696134984493,225.618445575237,2398.04095602036,222.867479026318,46.4476305246353,50.85604596138,14729.3422528505,3133.23003187776,741.358115464449,4658.01687824726,427.58457031846,285.492003500462,75.2571919560432,49.1577467024326,58.3135400414467,253.683248579502,10.6055594086647,473.579751431942,1988.01650986075,1088.30910608172,49.2743772864342,67.7899399399757,1028.55805072188,208.700949013233,982.861078023911,21.1704323291779,87.5731976032257,330.703863978386,339.020512461662,279.221479266882,565.064702212811,532.876469880342,7.30598184466362,1806.60593372583,12.6019544005394,2639.70755946636,783.23486161232,0,915.703048497438,1560.75376033783,1655.66691038013,287.956237405539,2687.07542747259,27.9828395247459,17.1809159517288,39.2529272437096,157.346401482821,0
