"Predictor","Test_Statistic","p_value","functional_ve","semi_partial_r"
"bpd2",256.113531963748,9.60549237091808e-317,0.0223279259528638,0.106422653665023
"eTIV",3223.15115226871,0,0.410235239834168,0.41518034278871
"sex",233.41918969955,1.47606523961364e-56,0.0912809168098281,0.0436406651916017
"sriskscore",211.51211774692,8.29436131662168e-199,0.0589709884589863,0.0840472429586689
"age_at_5y_mri",81.9746258941791,1.7074705087191e-30,0.0155214993674209,0.0319292735742236
"Rel_Motion",1612.1879036192,0,0.211531754750531,0.249576934197181
