"Predictor","Test_Statistic","p_value","functional_ve","semi_partial_r"
"bw_z",306.461327142525,5.14985606108629e-83,0.0328320113495293,0.0537568760338435
"eTIV",3342.6400249981,0,0.410235239834168,0.40623712634867
"sex",136.982684081478,9.2678566119913e-47,0.0912809168098281,0.0401364646974293
"sriskscore",204.817313565885,5.71116472709573e-128,0.0589709884589863,0.0676424728738214
"age_at_5y_mri",170.039388994469,1.41706242123959e-62,0.0155214993674209,0.0466957771562002
"Rel_Motion",1820.3743800305,0,0.211531754750531,0.256116568194277
