0,0,334.308674037457,0,0,98.6135090887547,4761.69747310877,2260.54145163298,0,29.6568622291088,36.4825205504894,3.05757772922516,0,10229.998219192,1.23156070709229,1.65269845724106,348.57244899869,35.7208910286427,143.015431553125,4.92054283618927,133.746105730534,0,371.666358053684,1.86849319934845,0,199.310989975929,96.0786326825619,17.9902104139328,4617.18447384238,7813.03675484657,1.45568823814392,3.01863324642181,18.7040055394173,139.083603769541,8.35060477256775,30.9166706800461,9.41558560729027,50.1356000006199,12.5611912608147,7.82478356361389,3.76849222183228,0,0,0,0,0,0,0,0,0,0,1.0192474424839,0,0,0,0,0,0,0,0,0,0,0,0,1.27530324459076,0,0,0,0,0,0,0,1.93242490291595,0,0,0.515563070774078,1.21444636583328,0,0,0,0,0,0,0
0,0,24.8357772231102,5.45383301377296,14.7255255579948,1.25008767843246,0.585230767726898,3.21085941791534,2769.13799914718,1.04314288496971,108.5863288939,7.42880514264107,2337.70097398758,2.28543484210968,112.780202299356,206.929330945015,13.9197689592838,12.923157453537,2.37481075525284,0.479594647884369,55.6821811795235,3907.50245320797,34.6774809360504,5220.50517961383,2791.0817976892,193.908801823854,12851.2219956517,286.263844609261,2.1471161544323,0.772860765457153,14.8316324949265,3.03764843940735,0,274.068990945816,2.18016886711121,61.2487999498844,86.2769287228584,60.5631294548512,9.42639064788818,71.6590363681316,0,761.793843597174,132.253723263741,212.040123522282,48.7960678637028,27.8027632832527,0,3.00363647937775,101.039986371994,0.736536741256714,2470.70033204556,157.095540255308,0,0,0,10.8451128602028,1.60870587825775,35.1643856167793,0,93.4037978649139,2.63003957271576,445.309106260538,1.70233720541,0.525898993015289,44.528657913208,50.3994775414467,11.7687591910362,13.1430387496948,0.450338095426559,7.05247229337692,313.483011931181,30.4352117180824,69.3602384924889,163.576418220997,321.280061215162,6351.18362566829,12.600060492754,0,0.879533469676971,18.4091846048832,0,0,8.26256531476974,0.984188139438629
334.308674037457,24.8357772231102,0,2.83113649487495,9.38484233617783,465.466845780611,8663.22526657581,3277.85569670796,0.904351949691772,340.593035340309,32.2000152170658,122.151025831699,0,2671.62246343493,56.9737911224365,230.655020654202,30714.6875725389,488.646674215794,3432.00709462166,34.8079878389835,10018.2801212072,16.5681551992893,57650.2954875827,138.819027125835,0,50632.928001523,39958.4405393898,1130.75228998065,767.418093174696,7132.76628476381,2.69034332036972,9.02667370438576,88.6306463181973,6585.16490295529,816.704254299402,15575.0844539106,6590.66466879845,8396.525267452,6950.05963915586,97.7492418587208,50.7806778252125,1.46677911281586,522.036268949509,125.446853607893,164.910507768393,107.900475263596,24.665274053812,2.58282291889191,2.31561613082886,3.99309515953064,72.9604315161705,2592.69077655673,2.03530555963516,0,0,122.690061092377,9.95641613006592,14.9447408914566,3.14284160733223,3.52915585041046,0,0.629921078681946,35.3654225170612,0.788846075534821,302.609622567892,205.01626047492,11.1840973198414,37.5813125371933,0,52.7964722812176,100.017464458942,846.266899853945,209.889615148306,11.4828073978424,503.391300827265,10068.2844239473,136.884716570377,12.2437828183174,36.7728458940983,0,0,0,22.7570109069347,763.17867192626
0,5.45383301377296,2.83113649487495,0,57.3204652369022,73.7517239749432,307.108359217644,79.53623726964,1632.01306012273,9742.37292310596,6.44068768620491,640.234083145857,0,116.408695787191,387.511175334454,0,0.607521653175354,8.93714794516563,7.8185213804245,20140.2785442173,1.17717432975769,4.47775906324387,0.47901439666748,4961.51167404652,2.54529455304146,15.4535643458366,13.5589293241501,9466.37642627954,108.86682498455,0.509535908699036,0,15.6978741884232,0.36509981751442,280.588621199131,114.276378333569,515.29718631506,0,120.759405493736,16.2344174683094,413.391124010086,80.4583068192005,1.34208396077156,186.781470507383,0,27.6099975407124,6.46392503380775,359.164874881506,12.540792286396,0,0,0,0,465.61152741313,36.1782367527485,30.1107644438744,134.899161428213,14.9506611227989,209.385398358107,761.364442378283,0,283.753876447678,0,10.4738330841064,284.234247624874,0,0,0.741546362638474,0,231.66177791357,0,0,1.29930329322815,733.010864973068,0,0.398567736148834,0,1582.75947168469,4.06488570570946,0,0,3.49435615539551,0,6.41345822811127,11.7606708407402
0,14.7255255579948,9.38484233617783,57.3204652369022,0,2437.2170574367,53.535992115736,41.3724785149097,289.176666021347,110.736504733562,1.85327479243279,2894.52188977599,3.73448967933655,5.52199938893318,4873.84456002712,26.9757481813431,0.581084609031677,2.64706468582153,0.581111013889313,311.77414432168,74.5307433605194,13.3254139125347,291.45202177763,426.751872897148,1.19377845525742,1.91772782802582,102.512089967728,117.889026433229,0,19.554971575737,0,746.916325092316,1.75341010093689,1335.60622051358,277.294329673052,190.66742670536,22.7204521298409,14.8551402688026,138.287791252136,15060.1084105968,1048.53257656097,2.01516342163086,40.9807558953762,0,4.85138946771622,10.620876967907,123.744038552046,1.39598536491394,0,0,0,0,51.2308509945869,14.0641769170761,7.91753780841827,11.7025541067123,0.620543658733368,17.6415908038616,83.1596609652042,0,46.249003380537,0,0,78.9056199193001,2.64367461204529,0,0,0,26.498596996069,1.00589728355408,0,0,86.5933258235455,0,0,1.04856312274933,173.467652946711,1.45970141887665,0,0,3.06102359294891,0,2.84246361255646,348.004908829927
98.6135090887547,1.25008767843246,465.466845780611,73.7517239749432,2437.2170574367,0,12594.7664274871,15792.1019064486,180.012353807688,14306.6862712055,646.135843634605,11974.229559958,14.9359380602837,2255.08470493555,5963.68445724249,1.09917283058167,292.379780173302,584.873368680477,433.18863260746,687.065030932426,195.862274646759,1.04694214463234,346.293410271406,251.939528405666,0.855231583118439,889.865670204163,426.754048317671,1535.69652599096,931.942509829998,1109.99372500181,4.8442310988903,307.61148673296,21.8653915822506,2104.67760169506,1032.53137341142,4770.86869466305,76.3992520570755,1141.67153003812,125.39300006628,10902.2051513493,2601.39182528853,97.4659038186073,64.2083647251129,5.3302920460701,51.6628274321556,101.774164974689,81.6660234034061,19.4238134026527,29.9196924567223,0,0,0,33.8111245036125,3.36229568719864,9.67351046204567,28.7047063708305,7.13585156202316,28.19542324543,58.4213483035564,0,27.8060407340527,0,1.79599249362946,43.2098296284676,0,0,0,0,18.6721909344196,0,0.484293222427368,0,149.953191101551,0,0,1.86919349431992,240.238983601332,0.580101728439331,0,0,0,0,1.08501398563385,68.6706050038338
4761.69747310877,0.585230767726898,8663.22526657581,307.108359217644,53.535992115736,12594.7664274871,0,14151.6897723377,470.732228964567,47094.190112859,686.102039515972,522.564308971167,8.15322390198708,28470.6820788383,1269.94832515717,72.0460884869099,621.881308555603,771.971434980631,686.645569771528,608.205557793379,11279.1577312648,14.1029689908028,5385.26766484976,1371.89761120081,0.379000514745712,2375.30942094326,1585.86269006133,57699.6264340281,11574.8100393414,16410.1854699552,4.08447751402855,210.568027019501,1708.68060144782,9025.6321105361,5005.23143523932,12471.9984629452,581.064775466919,7450.11167344451,2254.66406998038,1355.55559462309,1654.56068792939,77.6041960716248,1272.2304482162,15.7354982793331,293.478114753962,177.089450269938,520.889533609152,222.13351431489,32.8922247290611,1.21086406707764,1.96966704726219,10.4240691363811,209.845205783844,12.8324543237686,26.5946860313416,422.42802542448,94.1857501268387,192.762359529734,706.124079585075,2.39897379279137,57.3133588135242,0,47.4452560544014,118.863857164979,36.6227312684059,2.86110618710518,0,0,125.818854570389,13.4017160832882,11.4942355155945,29.2306991219521,2738.0468596518,0,3.65908095240593,60.3401940762997,3977.25543633103,65.3241820335388,5.50488817691803,0,1.75185865163803,0,55.3977117836475,424.233487069607
2260.54145163298,3.21085941791534,3277.85569670796,79.53623726964,41.3724785149097,15792.1019064486,14151.6897723377,0,66.8235221505165,11578.8513320982,890.324351042509,2408.08310267329,27.7110278308392,24760.0227786005,321.414249956608,4.29040440917015,3248.6560895741,617.579257190228,1623.12480860949,810.737470716238,1588.8736217618,1.69030022621155,3407.82122570276,102.477896779776,3.26019671559334,2415.44421112537,1199.2118242085,1048.03274026513,5396.41801461577,13947.6990595162,9.78370398283005,214.917379200459,80.246511220932,2363.42307755351,445.109300494194,4507.74793148041,155.439852386713,1070.3086912334,178.608527690172,2323.27859139442,550.375982284546,107.531193166971,56.5940079092979,2.87579572200775,39.4954640865326,91.0296549499035,37.7737392485142,29.779153585434,33.5601858794689,0,0.765745997428894,0.489987015724182,5.51988366246223,0.507461667060852,2.92020380496979,15.9220314919949,11.2294811010361,11.4172600209713,11.5736491680145,1.48772150278091,12.7913573086262,4.57680585980415,2.07144638895988,10.8743232786655,1.41944938898087,0,0,0,2.60235744714737,0.456296443939209,1.33886516094208,0,109.92443561554,2.1470695734024,0.69328635931015,2.67515024542809,50.188481003046,2.79362821578979,0,0,0.392514497041702,0,0,33.4415361583233
0,2769.13799914718,0.904351949691772,1632.01306012273,289.176666021347,180.012353807688,470.732228964567,66.8235221505165,0,1070.2312489748,44.303671836853,1725.79869914055,995.366887718439,35.4232873618603,2452.95712983608,81.0607395768166,2.83419913053513,10.5141477882862,4.08213287591934,1421.48558026552,19.8255474865437,8296.0638101995,18.329977273941,39744.1997769177,1603.56521701813,59.5913240611553,6439.46410360932,8278.46130505204,29.0634672343731,9.95783120393753,15.8496061861515,64.7177845537663,3.40325772762299,463.8007145226,37.1907489299774,1274.41388332844,79.3199932277203,106.267613232136,20.3913212418556,1430.0357208252,40.7829014658928,215.043391168118,398.920158743858,84.0116514861584,77.8753335475922,23.5180761218071,460.374104857445,38.0344572067261,38.4864743351936,2.76038014888763,88.9053462445736,18.0095200240612,709.348933517933,61.3802286088467,51.935499727726,245.785068929195,68.4136552214622,2891.35015207529,1186.5482917726,57.0685180723667,334.87494596839,173.899475634098,40.1533971726894,363.056016951799,518.211603969336,5.01056563854218,13.3718551397324,13.8617700338364,276.3465064466,72.658857524395,267.870837956667,278.306165397167,6979.85322967172,41.6674076914787,33.0751515328884,277.291474938393,5589.08355823159,52.6633713245392,23.977935552597,0.682714641094208,10.2435626983643,1.39303684234619,21.7705842256546,26.8944830298424
29.6568622291088,1.04314288496971,340.593035340309,9742.37292310596,110.736504733562,14306.6862712055,47094.190112859,11578.8513320982,1070.2312489748,0,1061.33232152462,15358.7477296889,11.6442294120789,7530.04281309247,1282.3841009438,2.88036459684372,85.2030417323112,1050.32532215118,835.537731260061,19235.6008652449,58.7962063848972,2.31264162063599,92.2961619198322,1789.23384672403,0.547331511974335,2015.17862063646,716.316733747721,12274.0039360225,4675.27176815271,244.495136111975,4.96592879295349,354.828742772341,35.2026214897633,6100.71440863609,3964.10092923045,11685.4011236727,155.431590527296,4489.00515910983,420.927576541901,2696.43838864565,2031.17150488496,130.562454462051,381.399802833796,3.11280715465546,124.946142941713,134.23310777545,572.522474735975,61.4299698472023,25.4798027575016,0,1.24328172206879,0,410.413449376822,39.8750496506691,22.6098809838295,309.081638872623,20.2631374001503,213.816071629524,998.724449574947,0,261.334950387478,0,6.45745193958282,356.953768104315,0,0,0,0,228.534148901701,0,0.710773527622223,0,1508.70280182362,0.456541419029236,0,0.85890918970108,3366.01711896062,4.35507315397263,0,0,2.78342127799988,0,20.9776756167412,175.63808247447
36.4825205504894,108.5863288939,32.2000152170658,6.44068768620491,1.85327479243279,646.135843634605,686.102039515972,890.324351042509,44.303671836853,1061.33232152462,0,1044.26481857896,4518.72640690207,2949.81830272079,23.623872756958,8.52925300598145,69.5288355350494,5535.91251757741,1233.30417591333,282.427423268557,19.2139062583447,43.2572138011456,69.4747297167778,44.5431014299393,317.362299472094,3709.59405553341,528.764990657568,116.391752928495,6210.45058658719,199.85690766573,291.989644050598,2663.61883220077,2.81921350955963,13785.8166603446,221.456044286489,2644.75706481934,3064.03126439452,7034.68288579583,907.163975775242,329.309441208839,110.385618925095,1717.46066400409,41.7951146662235,2982.32682010531,140.21332654357,40.5477792024612,6.06072175502777,10.0664290189743,913.250637710094,0,87.2225211858749,0,0,0,2.25834631919861,0,5.70008677244186,261.485806941986,0,3606.48361256719,1.19314914941788,7632.01494216919,1.92037326097488,4.09003153443336,0,0,122.939523518085,3.88239169120789,0,0,86.9758213460445,0,43.7076131403446,360.338329911232,1110.57458308339,1585.73591321707,1.38519236445427,39.6711087822914,0,1232.2183265388,11.0841460824013,0,71.1082109212875,130.272733896971
3.05757772922516,7.42880514264107,122.151025831699,640.234083145857,2894.52188977599,11974.229559958,522.564308971167,2408.08310267329,1725.79869914055,15358.7477296889,1044.26481857896,0,20.4057252705097,1539.18095329404,8255.0241035223,1.09689688682556,54.3622489571571,1049.91652610898,676.014670848846,18948.8372764587,10.3307865858078,3.47751277685165,26.0829309523106,2808.27697890997,1.25003552436829,1599.71060225368,688.602337479591,496.385934591293,1139.09888374805,37.0066915750504,11.2198404967785,557.256419330835,0,1833.11386623979,1538.81370812654,1641.22750136256,68.0052771270275,1346.86781060696,92.1490722000599,6712.19570809603,248.242440342903,129.594865113497,131.261076718569,1.60797721147537,72.4659832715988,113.592420846224,430.509406656027,46.4824769496918,22.1696086525917,0,0,0,163.505162656307,52.3794946670532,31.2894176840782,31.5496850609779,24.5269273221493,102.393443524837,363.456926912069,1.91392016410828,445.405819356441,0,13.1894519627094,348.974047213793,0,0,0,0,109.029610902071,0,0,0,271.117253482342,0,0,1.19878828525543,639.450996518135,6.66314673423767,0,0,15.1798202991486,0,5.39583784341812,286.430787503719
0,2337.70097398758,0,0,3.73448967933655,14.9359380602837,8.15322390198708,27.7110278308392,995.366887718439,11.6442294120789,4518.72640690207,20.4057252705097,0,97.3227182924747,28.7089950144291,7.06972461938858,0,23.158422678709,0.762526214122772,4.00321474671364,5.30835676193237,982.137203484774,2.57463639974594,603.994188576937,7317.14981374145,240.100137591362,1570.05029460788,43.9969911277294,181.173366785049,1.72732317447662,262.228277981281,150.58173173666,0,2672.64236497879,5.53691047430038,99.201600342989,1031.03145009279,972.566366374493,24.0352911949158,24.2104433476925,12.7502896785736,1800.00268337131,57.8776550292969,3318.02779439092,278.291635066271,38.2208511829376,10.8492721617222,14.3128893375397,1932.86256474257,0,233.1849629879,0.814559996128082,0,0,0,0.566887378692627,9.30940249562263,475.824293971062,0,4560.14710101485,0,13390.8181572258,14.3644931614399,13.0516087412834,1.48752117156982,1.78782904148102,108.146804958582,9.76092368364334,0,0,185.065314292908,0.340097427368164,85.9535564184189,1099.82017463446,1100.88836491108,2467.58692210913,4.68608865141869,72.3621868491173,0.554355204105377,1518.28787001967,30.8553305864334,0,164.087992012501,4.46428874135017
10229.998219192,2.28543484210968,2671.62246343493,116.408695787191,5.52199938893318,2255.08470493555,28470.6820788383,24760.0227786005,35.4232873618603,7530.04281309247,2949.81830272079,1539.18095329404,97.3227182924747,0,118.36500531435,11.6615428030491,4614.34336793423,1709.84449344873,2805.43165883422,748.010765224695,1695.53392952681,0,4008.92314863205,119.336112201214,13.0330165028572,3363.34779593349,1483.66050645709,1495.72126206756,20887.9141991436,22619.6109001935,27.0332965254784,105.335877180099,194.305524259806,4213.87292689085,303.696695864201,2329.87983760238,217.048257231712,1197.48651316762,168.392742782831,571.558852165937,303.633616626263,83.2780648767948,39.7730319499969,3.60037785768509,27.2392754256725,48.6141533851624,23.9339560568333,10.52944663167,13.8731912374496,0,2.89158588647842,3.37167519330978,1.85077875852585,0,2.09221392869949,13.4662876725197,3.96459764242172,8.96476346254349,7.62938505411148,1.94189205765724,7.47418686747551,9.18447378277779,1.80423414707184,8.52638664841652,2.96613740921021,0.437048584222794,0,0,3.05898866057396,0.433596968650818,3.28522086143494,0,88.827136516571,2.17399394512177,6.70182737708092,10.9303586483002,75.6935496032238,1.87122040987015,0,0.543129205703735,0,0,0.994767844676971,23.8914469778538
1.23156070709229,112.780202299356,56.9737911224365,387.511175334454,4873.84456002712,5963.68445724249,1269.94832515717,321.414249956608,2452.95712983608,1282.3841009438,23.623872756958,8255.0241035223,28.7089950144291,118.36500531435,0,80.1789070367813,9.39278340339661,29.0521131157875,15.1768000721931,1064.28938522935,579.890942960978,173.969735532999,606.046288818121,4704.56481102109,59.6322946846485,48.1398815512657,403.141145288944,1722.81570327282,62.2805160880089,128.70971518755,0.456331342458725,400.547082930803,2.5475469827652,401.502336800098,2712.38915848732,702.456709265709,79.3120246529579,200.34805265069,170.299147695303,5066.29961422086,191.769331455231,9.57025867700577,179.734485000372,3.28469228744507,22.8525774776936,41.0014306306839,376.800470799208,17.0221660733223,10.3416723012924,0,1.95020818710327,0.927827119827271,150.166441500187,27.1344259679317,20.4860802590847,58.4676021039486,18.4391954541206,111.680731713772,327.833070069551,4.72303527593613,162.998414456844,5.50904893875122,5.91355735063553,262.819650918245,5.94414168596268,0,2.67225790023804,0,92.6651327908039,2.62045985460281,0.731222689151764,8.0260254740715,391.742658853531,0,2.42825251817703,16.0436113476753,754.381160736084,10.8045561909676,1.10771381855011,0,10.5051948428154,0,13.4443848133087,1431.97517424822
1.65269845724106,206.929330945015,230.655020654202,0,26.9757481813431,1.09917283058167,72.0460884869099,4.29040440917015,81.0607395768166,2.88036459684372,8.52925300598145,1.09689688682556,7.06972461938858,11.6615428030491,80.1789070367813,0,57.0960231125355,9.31139367818832,24.6339417695999,0,13555.7559555769,6022.81666740775,8554.29338365793,4089.37910622358,40.7651771008968,82.9951536953449,8474.73383772373,2007.59398692846,6.10854667425156,62.5002026259899,0.467346578836441,0,4.32621014118195,514.895730555058,411.104695737362,7614.44754827023,1421.99765753746,2350.63201829791,2044.92460119724,28.8531693816185,25.7070640921593,2.19434368610382,1755.58911833167,125.372958511114,186.502638369799,133.401922136545,85.6863352954388,23.842216193676,3.41946798563004,35.0067059695721,26.1028656065464,161.518655985594,1.48187747597694,0.518053472042084,5.61961382627487,149.496742337942,82.3572037220001,232.068483889103,5.25504374504089,1.670912951231,1.69634938240051,0.630256950855255,197.99469384551,14.2866744101048,12119.0869400203,16.702366143465,3.55437776446342,3.68805220723152,1.14313519001007,2306.86262649298,2600.57027450204,8882.64682990313,3165.53863283992,0,31.0146912932396,4964.28242063522,1346.53658777475,290.164828717709,721.818928718567,0,0.809258103370667,9.53743773698807,77.5454792678356,442.801431208849
348.57244899869,13.9197689592838,30714.6875725389,0.607521653175354,0.581084609031677,292.379780173302,621.881308555603,3248.6560895741,2.83419913053513,85.2030417323112,69.5288355350494,54.3622489571571,0,4614.34336793423,9.39278340339661,57.0960231125355,0,302.4224640131,2889.05244338512,24.5628679096699,2457.79733866453,6.81304228305817,14543.4937151968,33.5657915174961,2.85710167884827,15522.6363620758,19601.311470449,117.899828374386,3848.07025203109,6790.03915223479,1.18578666448593,6.9997718334198,457.239862620831,5573.44699311256,77.9610160589218,2338.66694906354,1292.95101442933,1305.79665991664,568.530559450388,38.5345275402069,7.8932386636734,3.65417179465294,44.6836484968662,14.096703350544,13.6985516250134,6.16583555936813,7.23574793338776,0,0,0,20.3761651515961,147.850267380476,1.10529413819313,0.641031444072723,0,2.02477121353149,0.408543586730957,4.42558217048645,0,0.844754099845886,0,0,0.764531195163727,0.436980277299881,42.01553606987,16.9390356838703,2.97194814682007,4.31148058176041,0,24.4117484986782,16.1804147958755,24.802187204361,96.4684131443501,2.19920134544373,108.574656039476,507.903493821621,63.4106852114201,5.9694547355175,5.82476323843002,0,0,0,0.748981416225433,39.0882651805878
35.7208910286427,12.923157453537,488.646674215794,8.93714794516563,2.64706468582153,584.873368680477,771.971434980631,617.579257190228,10.5141477882862,1050.32532215118,5535.91251757741,1049.91652610898,23.158422678709,1709.84449344873,29.0521131157875,9.31139367818832,302.4224640131,0,706.377336144447,278.683274716139,89.0966607630253,1.05911111831665,485.961560577154,32.4689324498177,15.0210097432137,5470.33441123366,928.896465182304,143.828526735306,3088.07363978028,286.986716300249,41.461860626936,794.62387752533,22.6616066396236,4310.77358821034,359.584577649832,5235.82419362664,5427.30985116959,7666.323587358,2430.53447470069,323.375238090754,48.9407537579536,37.7899652719498,26.1883456707001,146.030936360359,21.8580554425716,12.1833475828171,0,0,1.34694683551788,0,17.5604376792908,5.61303234100342,0,0,0,0,0,3.20354440808296,0,122.954541623592,0.532530963420868,264.989903062582,0.641787886619568,0.977013766765594,2.17904824018478,1.28378617763519,68.0398983359337,12.7008952796459,0,2.96929407119751,3.58886247873306,2.84916812181473,1.32625532150269,34.0101453065872,701.75294315815,1162.17417192459,3.76869350671768,1.9573048055172,1.33002972602844,174.593354701996,0,0,3.32438588142395,213.472070276737
143.015431553125,2.37481075525284,3432.00709462166,7.8185213804245,0.581111013889313,433.18863260746,686.645569771528,1623.12480860949,4.08213287591934,835.537731260061,1233.30417591333,676.014670848846,0.762526214122772,2805.43165883422,15.1768000721931,24.6339417695999,2889.05244338512,706.377336144447,0,202.764454126358,649.131600111723,1.17031586170197,3144.68245443702,36.6659016013145,2.46483787894249,9900.15713438392,1946.29203903675,121.851665139198,3172.07529971004,1616.87174394727,6.81979811191559,71.574405759573,238.014383941889,10130.8619905412,115.106705009937,2796.94824698567,1701.65926271677,2595.47076994181,1051.1864862144,178.602623313665,21.9883579909801,3.12759274244308,21.2767848968506,2.75013220310211,3.47628012299538,4.02247142791748,4.32959792017937,0,1.726482629776,0,2.20541906356812,16.4481930732727,0,0,0,2.09625440835953,0,2.73040089011192,0,1.7928501367569,0,2.12349733710289,0.460868775844574,0,25.018261551857,5.19194352626801,0,2.37342011928558,0,21.9414614737034,5.68915864825249,5.88671830296516,46.5346358120441,0,80.9800688624382,216.000395447016,30.0356532633305,1.28808003664017,1.40548262000084,1.13143980503082,0,1.09089815616608,1.85161221027374,85.2645103931427
4.92054283618927,0.479594647884369,34.8079878389835,20140.2785442173,311.77414432168,687.065030932426,608.205557793379,810.737470716238,1421.48558026552,19235.6008652449,282.427423268557,18948.8372764587,4.00321474671364,748.010765224695,1064.28938522935,0,24.5628679096699,278.683274716139,202.764454126358,0,3.24635845422745,1.16565561294556,10.4940849840641,1777.66024330258,0.4864701628685,498.703778922558,239.891472607851,5265.48256829381,786.649305641651,10.6676939427853,1.86183616518974,106.120649069548,2.37411916255951,1240.33607700467,378.015086352825,2546.49888688326,52.7166384160519,753.231909841299,89.1203735172749,1260.30768924952,337.267356663942,35.6187588572502,300.046970576048,3.24469441175461,85.315750837326,64.9989340603352,549.123235166073,49.9543308019638,4.95173758268356,0,1.91074430942535,0,620.976558536291,50.3353623151779,28.3766507506371,234.49725368619,47.8431624472141,200.459235787392,841.980379670858,3.82713276147842,337.109559804201,0,26.3162705600262,330.638636052608,0,0,0,0,196.468431711197,1.87376523017883,1.01589465141296,1.06780934333801,1156.27508512139,0,0,0,2537.56637591124,20.4150138497353,0,0,4.44196408987045,0,14.8373672366142,20.4518907666206
133.746105730534,55.6821811795235,10018.2801212072,1.17717432975769,74.5307433605194,195.862274646759,11279.1577312648,1588.8736217618,19.8255474865437,58.7962063848972,19.2139062583447,10.3307865858078,5.30835676193237,1695.53392952681,579.890942960978,13555.7559555769,2457.79733866453,89.0966607630253,649.131600111723,3.24635845422745,0,734.894600659609,57803.7910145521,632.278536170721,16.0321730971336,857.197292894125,5325.21219843626,4585.96122741699,1179.34838053584,36568.8569615483,0,7.03587108850479,391.238620460033,16161.9002648294,1774.65914350748,16479.9767591357,777.608139753342,13481.587553829,8061.3328435719,153.262467086315,110.716444402933,2.20867133140564,1568.04464563727,90.7745213508606,205.167811781168,99.5464999973774,164.433223992586,28.6975592970848,9.48377764225006,45.858232408762,4.94270426034927,88.4323754608631,2.69497352838516,1.58942186832428,2.56167161464691,185.395079493523,118.995662152767,195.033493191004,16.6900337934494,2.50271770358086,1.20378762483597,1.34881603717804,277.193465083838,17.9167447090149,1732.77205145359,5.93344259262085,1.31080150604248,0.873692363500595,3.26233667135239,1219.65976372361,543.12283873558,981.640840500593,2996.69766423106,0,9.18374505639076,692.443859905005,1563.19035741687,423.310120612383,769.095245540142,0,0.588399112224579,10.6926652193069,63.5021988749504,845.070243775845
0,3907.50245320797,16.5681551992893,4.47775906324387,13.3254139125347,1.04694214463234,14.1029689908028,1.69030022621155,8296.0638101995,2.31264162063599,43.2572138011456,3.47751277685165,982.137203484774,0,173.969735532999,6022.81666740775,6.81304228305817,1.05911111831665,1.17031586170197,1.16565561294556,734.894600659609,0,617.30975112319,13433.1432527602,1570.2962487042,33.4558098316193,9326.27023512125,851.241701304913,1.63534820079803,10.0626467466354,4.80509370565414,1.05397373437881,2.85901439189911,95.155954092741,5.9314997792244,104.047058343887,40.5741042494774,53.4114489257336,21.918843716383,109.79830288887,1.84976524114609,249.734969109297,639.367375433445,122.890289068222,113.83714222908,54.9766319990158,19.455509185791,8.83175837993622,54.9382900893688,7.39285510778427,34.321796476841,98.8005791306496,2.54102075099945,0,0,53.8432677388191,32.1931493282318,330.414965122938,7.13966140151024,40.9444053769112,2.33847403526306,183.090909808874,67.9937606155872,5.76292252540588,2525.07980304956,12.5358062982559,5.35366696119308,4.34316980838776,1.62759733200073,733.036956846714,1596.95568323135,1439.40489786863,1601.61645808816,31.5281058549881,63.4086962938309,3906.1165201664,561.969832569361,100.675826400518,235.958607912064,3.9815633893013,1.16042220592499,1.48916375637054,26.2095785737038,54.9081040620804
371.666358053684,34.6774809360504,57650.2954875827,0.47901439666748,291.45202177763,346.293410271406,5385.26766484976,3407.82122570276,18.329977273941,92.2961619198322,69.4747297167778,26.0829309523106,2.57463639974594,4008.92314863205,606.046288818121,8554.29338365793,14543.4937151968,485.961560577154,3144.68245443702,10.4940849840641,57803.7910145521,617.30975112319,0,957.124596834183,4.89501589536667,7055.57688355446,26364.78554672,2794.16534519196,2814.5054551363,16158.3904038966,4.34688413143158,12.8657900989056,503.990639418364,15848.3634245396,2747.29999157786,36153.2823914289,8804.70298281312,23054.8404944539,20329.0143705904,189.617436408997,171.743769615889,3.70133784413338,1358.10266536474,124.071589171886,176.70901581645,103.864478379488,89.528192460537,22.2734059095383,1.82994663715363,23.9851957559586,9.2004576921463,227.284039199352,2.37725150585175,0.630274057388306,2.77997004985809,96.6470301747322,55.4346406161785,47.8452822864056,6.28001394867897,0.776675164699554,1.60554474592209,0.895357578992844,152.325398743153,10.6173042356968,6245.99155437946,16.564756333828,2.4784764945507,3.82883659005165,1.54098910093307,1985.97681772709,819.858619093895,5046.71550366282,1713.77859306335,0.93040657043457,30.065810739994,5178.87850481272,842.003572493792,227.303858280182,700.588545173407,0,0,3.50074815750122,43.9405764937401,2636.65975517035
1.86849319934845,5220.50517961383,138.819027125835,4961.51167404652,426.751872897148,251.939528405666,1371.89761120081,102.477896779776,39744.1997769177,1789.23384672403,44.5431014299393,2808.27697890997,603.994188576937,119.336112201214,4704.56481102109,4089.37910622358,33.5657915174961,32.4689324498177,36.6659016013145,1777.66024330258,632.278536170721,13433.1432527602,957.124596834183,0,1695.5484584868,110.80956864357,13169.9720162153,21826.6129964292,226.207358151674,470.072979360819,10.7130944430828,58.8989862203598,112.331222802401,1825.93268701434,794.952701330185,6761.07859227061,611.015749573708,1027.72807982564,625.178536206484,2017.51829397678,136.905448645353,116.964407086372,5353.28135251999,151.798689335585,848.48656269908,291.095109045506,1486.72032296658,476.508911877871,75.2831090390682,45.5107454061508,186.649294346571,145.691173970699,1038.92344841361,43.6253270208836,85.4216650724411,1661.85970693827,381.607947945595,4537.81335020065,2688.88731226325,54.2987429797649,457.879972994328,120.236262589693,400.469312727451,505.858633875847,1460.21171090007,10.004224717617,4.02156633138657,6.22456201910973,487.061507761478,531.609213352203,884.664125651121,797.222126036882,25322.3811941743,44.1741390824318,48.8840057253838,1544.15223315358,19518.9710582793,649.705692350864,402.928380906582,0,18.2278051674366,26.895005941391,225.608824759722,406.305527508259
0,2791.0817976892,0,2.54529455304146,1.19377845525742,0.855231583118439,0.379000514745712,3.26019671559334,1603.56521701813,0.547331511974335,317.362299472094,1.25003552436829,7317.14981374145,13.0330165028572,59.6322946846485,40.7651771008968,2.85710167884827,15.0210097432137,2.46483787894249,0.4864701628685,16.0321730971336,1570.2962487042,4.89501589536667,1695.5484584868,0,241.682223111391,16437.6391497552,104.033939123154,6.67065525054932,1.46099495887756,90.4679879546165,7.94432073831558,0,358.858808755875,4.58839559555054,34.3225673735142,291.820491522551,119.836118191481,14.9617426395416,37.2407250106335,0.577371001243591,1453.11800217628,38.7584876716137,399.59996587038,103.042980641127,19.8340957164764,3.53478536009789,3.68916201591492,424.741384774446,0,356.12766712904,16.7531915903091,0,0,1.65531551837921,0.536522090435028,0.74546080827713,112.970853179693,0,368.283080995083,0.48882469534874,2537.42499315739,3.42912250757217,2.73769199848175,2.75524997711182,0.735584437847137,16.8831512928009,3.37007492780685,0,0,36.4825315773487,2.76341617107391,26.7009234130383,2102.26974499226,428.322946727276,2829.37423816323,1.71111661195755,18.1983459591866,0,300.866755872965,1.59619319438934,0,20.2242458462715,0.895767152309418
199.310989975929,193.908801823854,50632.928001523,15.4535643458366,1.91772782802582,889.865670204163,2375.30942094326,2415.44421112537,59.5913240611553,2015.17862063646,3709.59405553341,1599.71060225368,240.100137591362,3363.34779593349,48.1398815512657,82.9951536953449,15522.6363620758,5470.33441123366,9900.15713438392,498.703778922558,857.197292894125,33.4558098316193,7055.57688355446,110.80956864357,241.682223111391,0,20970.3567232192,362.036534547806,3721.64086966217,1924.54365339875,707.06596571207,507.110244899988,116.245208889246,8983.07732436061,891.030081808567,17322.5668548048,16019.448628366,12241.4937156141,7014.86590379477,436.437875807285,77.6514080166817,55.0739816129208,625.193287700415,1289.83791187406,376.489566624165,171.996259868145,9.52429637312889,7.67868691682816,30.9245837032795,1.15927404165268,454.438806056976,945.573722064495,0,0,2.01207712292671,26.9953471422195,2.97654727101326,39.815285474062,0,1540.85806658864,1.31010189652443,3123.32865414023,20.8938592672348,0,40.0809739530087,540.655407458544,537.097859829664,253.12126404047,0,30.0112863183022,64.0670418441296,83.9991719722748,53.0149279534817,470.757608801126,8038.31119042635,20288.5391937196,21.7363682985306,16.3405520319939,34.3715756237507,1655.20277449489,4.32258719205856,0,62.0561888217926,621.651196837425
96.0786326825619,12851.2219956517,39958.4405393898,13.5589293241501,102.512089967728,426.754048317671,1585.86269006133,1199.2118242085,6439.46410360932,716.316733747721,528.764990657568,688.602337479591,1570.05029460788,1483.66050645709,403.141145288944,8474.73383772373,19601.311470449,928.896465182304,1946.29203903675,239.891472607851,5325.21219843626,9326.27023512125,26364.78554672,13169.9720162153,16437.6391497552,20970.3567232192,0,3391.57380387187,1464.87995073199,1403.19090780616,588.46271187067,85.9547994434834,88.8478752076626,15317.3350328207,3274.55341571569,53304.8338789046,21727.731071502,28336.7221726477,26097.3301919103,595.658805727959,190.255916237831,88.86350440979,6042.23225402832,3281.49185496569,2255.37516236305,1369.85270404816,105.066005915403,27.8550624251366,141.398233473301,8.54314148426056,8039.67633607984,20433.8539002836,1.07459819316864,1.17466747760773,5.65448248386383,638.405854135752,61.5635389983654,157.566486388445,12.2969153821468,1625.68775060773,3.98032408952713,5514.19390359521,145.035582363605,5.05900877714157,5462.82560002804,3447.49920964241,934.509702414274,1084.44969418645,2.98440426588058,610.67154443264,5166.13199529052,7375.10315126181,1354.98728528619,2633.87163671851,22272.1556354165,166999.915720344,701.48434010148,42.9904445409775,317.017776221037,2096.75257307291,2.82491588592529,1.33468574285507,298.769982665777,3302.40700775385
17.9902104139328,286.263844609261,1130.75228998065,9466.37642627954,117.889026433229,1535.69652599096,57699.6264340281,1048.03274026513,8278.46130505204,12274.0039360225,116.391752928495,496.385934591293,43.9969911277294,1495.72126206756,1722.81570327282,2007.59398692846,117.899828374386,143.828526735306,121.851665139198,5265.48256829381,4585.96122741699,851.241701304913,2794.16534519196,21826.6129964292,104.033939123154,362.036534547806,3391.57380387187,0,2422.84499239922,12523.5218923688,0.920572578907013,100.174875229597,1623.48518586159,8554.71610337496,3548.43229821324,19130.3604657054,1203.17173492908,7338.92863163352,2856.25898110867,1409.76582610607,1006.74954178929,38.0747170448303,6348.09893870354,142.953182280064,953.088450431824,328.619227975607,2636.89901724458,717.333252459764,65.7268570363522,48.7577000558376,21.2418718636036,61.2426701784134,1411.30845451355,113.483961224556,107.118833333254,2083.98881807923,328.218461185694,2353.6071625948,4043.1893003881,8.18465951085091,639.76986348629,3.59325048327446,335.980744808912,992.267819166183,750.974228560925,3.80377557873726,0,1.22837597131729,870.934603542089,393.398701220751,309.840502679348,521.781937271357,19403.3072887361,0.581340253353119,5.81873488426208,728.165934354067,21781.02411744,536.734631508589,388.44557633996,0,25.7255015969276,25.5394051074982,294.559157848358,662.611992776394
4617.18447384238,2.1471161544323,767.418093174696,108.86682498455,0,931.942509829998,11574.8100393414,5396.41801461577,29.0634672343731,4675.27176815271,6210.45058658719,1139.09888374805,181.173366785049,20887.9141991436,62.2805160880089,6.10854667425156,3848.07025203109,3088.07363978028,3172.07529971004,786.649305641651,1179.34838053584,1.63534820079803,2814.5054551363,226.207358151674,6.67065525054932,3721.64086966217,1464.87995073199,2422.84499239922,0,13748.5722835064,61.526040494442,634.242754608393,4217.98356562853,18435.7064933181,74.2396216392517,830.503992050886,197.589087575674,2062.380102247,153.745174020529,254.444118559361,239.992380410433,84.9616303741932,36.1999916136265,9.80578669905663,13.3553494811058,15.2986679673195,20.1859707832336,3.77944165468216,4.81642776727676,0.610365569591522,1.27726262807846,3.51762521266937,3.04401844739914,0.643656849861145,0,11.8668331205845,0,14.3111960589886,4.84788650274277,12.3510127663612,3.3316598534584,21.6453987956047,2.99154180288315,3.03564149141312,11.3281683027744,0,0,0,0,2.72904661297798,4.87078911066055,2.60059076547623,134.165319144726,1.47583627700806,8.14223569631577,20.6775032877922,101.521790742874,1.95848393440247,0,1.39904499053955,0,0,0.673412024974823,7.49460077285767
7813.03675484657,0.772860765457153,7132.76628476381,0.509535908699036,19.554971575737,1109.99372500181,16410.1854699552,13947.6990595162,9.95783120393753,244.495136111975,199.85690766573,37.0066915750504,1.72732317447662,22619.6109001935,128.70971518755,62.5002026259899,6790.03915223479,286.986716300249,1616.87174394727,10.6676939427853,36568.8569615483,10.0626467466354,16158.3904038966,470.072979360819,1.46099495887756,1924.54365339875,1403.19090780616,12523.5218923688,13748.5722835064,0,1.6563640832901,26.6253625750542,1677.23529317975,12530.0408411026,402.362933844328,2842.05493593216,168.275377750397,3288.502048105,1069.43234881759,111.749496638775,119.765192866325,7.19870120286942,484.513203591108,24.6056385934353,66.0703403949738,31.6882302165031,82.3931364417076,21.1100848913193,0.80715674161911,5.64928632974625,0,25.5254100859165,0.944432288408279,4.12145137786865,0,65.0210233032703,14.5002897381783,74.9250833392143,12.1744022369385,0,0.966402441263199,0,37.7391635477543,12.7590464055538,261.461821883917,0,0,1.13434338569641,1.57742136716843,242.341287016869,51.6662779450417,79.8793368041515,1241.46670788527,0,1.73122215270996,36.9594648778439,864.411746621132,77.1021429002285,79.1862191557884,0,0,4.48852187395096,10.7813235521317,124.889382570982
1.45568823814392,14.8316324949265,2.69034332036972,0,0,4.8442310988903,4.08447751402855,9.78370398283005,15.8496061861515,4.96592879295349,291.989644050598,11.2198404967785,262.228277981281,27.0332965254784,0.456331342458725,0.467346578836441,1.18578666448593,41.461860626936,6.81979811191559,1.86183616518974,0,4.80509370565414,4.34688413143158,10.7130944430828,90.4679879546165,707.06596571207,588.46271187067,0.920572578907013,61.526040494442,1.6563640832901,0,33.249691426754,0,125.096056431532,7.32725003361702,100.981021940708,287.401015460491,158.220771640539,30.794133991003,9.5998512506485,2.65263152122498,20.3329280912876,17.1703191995621,299.790300667286,28.4342064261436,10.3582489490509,0.958378285169601,0,17.1686365604401,0,21.0665699839592,0.778018474578857,0,0,0,0,0.646865606307983,17.4203761518002,0,642.572210758924,0,1523.54147103429,2.41664302349091,0,0,0.515310406684875,38.2761392295361,2.51672947406769,0,0,10.9462112188339,0,3.37988433241844,106.993734776974,472.272758483887,947.052932292223,0,3.35819399356842,0,441.100733190775,0,0,6.57600176334381,0.553153455257416
3.01863324642181,3.03764843940735,9.02667370438576,15.6978741884232,746.916325092316,307.61148673296,210.568027019501,214.917379200459,64.7177845537663,354.828742772341,2663.61883220077,557.256419330835,150.58173173666,105.335877180099,400.547082930803,0,6.9997718334198,794.62387752533,71.574405759573,106.120649069548,7.03587108850479,1.05397373437881,12.8657900989056,58.8989862203598,7.94432073831558,507.110244899988,85.9547994434834,100.174875229597,634.242754608393,26.6253625750542,33.249691426754,0,2.32665556669235,12461.0434393585,219.247546851635,1776.29270744324,142.154183954,1133.9918320179,45.4172444343567,2151.69052219391,7734.17582562566,110.494674623013,21.707598567009,12.2262437343597,28.1565299630165,61.1091469526291,22.8765928149223,8.6757920384407,10.3836829066277,0,0,0,8.75887340307236,4.16008096933365,0.462473481893539,4.91540232300758,3.3773717880249,5.68157064914703,5.86944282054901,0,11.7850785553455,10.6687524914742,0,12.8028971552849,0,0,0,0,3.45262920856476,0,0,0,23.4053151905537,0,0.456889867782593,1.97843718528748,21.2448677420616,0,0,2.93078863620758,0,0,0,31.9960358738899
18.7040055394173,0,88.6306463181973,0.36509981751442,1.75341010093689,21.8653915822506,1708.68060144782,80.246511220932,3.40325772762299,35.2026214897633,2.81921350955963,0,0,194.305524259806,2.5475469827652,4.32621014118195,457.239862620831,22.6616066396236,238.014383941889,2.37411916255951,391.238620460033,2.85901439189911,503.990639418364,112.331222802401,0,116.245208889246,88.8478752076626,1623.48518586159,4217.98356562853,1677.23529317975,0,2.32665556669235,0,3539.39512392879,11.2477816939354,79.9041575491428,5.84099793434143,423.502775758505,82.118038713932,1.37426209449768,7.07544189691544,0,10.6908903121948,0,2.97941553592682,0,5.40960115194321,0,0,0,0,0,0,0,0,2.30386245250702,0,5.77947276830673,0,0,0,0,0,0,3.07829561829567,0,0,0,0,0.450830370187759,0.654412508010864,2.64066618680954,21.0583646893501,0,0,3.55764451622963,23.9777173399925,0,0.901946663856506,0,0,0,0,1.35825204849243
139.083603769541,274.068990945816,6585.16490295529,280.588621199131,1335.60622051358,2104.67760169506,9025.6321105361,2363.42307755351,463.8007145226,6100.71440863609,13785.8166603446,1833.11386623979,2672.64236497879,4213.87292689085,401.502336800098,514.895730555058,5573.44699311256,4310.77358821034,10130.8619905412,1240.33607700467,16161.9002648294,95.155954092741,15848.3634245396,1825.93268701434,358.858808755875,8983.07732436061,15317.3350328207,8554.71610337496,18435.7064933181,12530.0408411026,125.096056431532,12461.0434393585,3539.39512392879,0,578.284703522921,12324.9165416658,3567.3816729784,7391.48148238659,5758.55534893274,7162.830809623,1530.12928545475,4128.47170585394,1944.93631824851,292.924367368221,2260.55569013953,2426.22042155266,4075.68090227246,956.730284452438,946.981518656015,6.52232414484024,18.5969309806824,89.7963412106037,83.0766722261906,38.9970416724682,288.011371403933,448.81816637516,528.521534234285,59.8687231838703,718.286653488874,186.155243486166,326.85726121068,192.192437529564,385.491803914309,285.425892740488,81.5513985753059,16.8708944618702,46.0115767717361,11.7801660001278,84.9041181504726,33.2507836818695,18.5779270529747,61.6677347123623,1058.86787319183,17.4000768065453,182.960619866848,525.355884879827,2267.031504035,149.025691837072,13.7969592511654,49.8748308122158,84.5046926140785,0,65.4969412088394,255.16954010725
8.35060477256775,2.18016886711121,816.704254299402,114.276378333569,277.294329673052,1032.53137341142,5005.23143523932,445.109300494194,37.1907489299774,3964.10092923045,221.456044286489,1538.81370812654,5.53691047430038,303.696695864201,2712.38915848732,411.104695737362,77.9610160589218,359.584577649832,115.106705009937,378.015086352825,1774.65914350748,5.9314997792244,2747.29999157786,794.952701330185,4.58839559555054,891.030081808567,3274.55341571569,3548.43229821324,74.2396216392517,402.362933844328,7.32725003361702,219.247546851635,11.2477816939354,578.284703522921,0,18014.0470534563,2440.88635352254,1794.43786936998,5092.13776534796,165.238387405872,711.980984330177,87.0854541659355,1551.72663646936,480.223703026772,215.178751438856,1154.46680179238,92.793771147728,37.5455813407898,14.6728301644325,1.12103593349457,0,115.987910121679,1.73346364498138,32.3440324664116,89.4178668856621,171.362087905407,26.2299903035164,37.3173285722733,101.840968638659,44.0947620868683,170.268467485905,5.49534872174263,3.11297422647476,37.5081387758255,81.6029713749886,20.7931447029114,57.0473570227623,38.0696273446083,5.11010634899139,209.344626486301,10.2283399105072,805.196864575148,241.588429689407,0.60281366109848,227.818019121885,528.60712903738,395.635953843594,5.81801873445511,57.9492419958115,8.01847296953201,0,0,6.61527773737907,254979.76034534
30.9166706800461,61.2487999498844,15575.0844539106,515.29718631506,190.66742670536,4770.86869466305,12471.9984629452,4507.74793148041,1274.41388332844,11685.4011236727,2644.75706481934,1641.22750136256,99.201600342989,2329.87983760238,702.456709265709,7614.44754827023,2338.66694906354,5235.82419362664,2796.94824698567,2546.49888688326,16479.9767591357,104.047058343887,36153.2823914289,6761.07859227061,34.3225673735142,17322.5668548048,53304.8338789046,19130.3604657054,830.503992050886,2842.05493593216,100.981021940708,1776.29270744324,79.9041575491428,12324.9165416658,18014.0470534563,0,47254.9467988312,7227.46030077338,5958.71218460798,11535.4979869723,2015.59274107218,549.530649363995,4781.24901849031,86.1698974370956,488.399200946093,569.946703255177,891.590771317482,264.659602761269,112.138173639774,13.1857309341431,60.0436816215515,178.912747502327,49.8386509418488,9.74007430672646,25.4110693633556,549.280842334032,122.300134599209,364.693050861359,248.853978008032,22.5486830770969,28.3031477332115,38.1304470598698,112.491425186396,98.2079075276852,335.514644384384,35.1580471992493,7.05515694618225,10.6792666912079,42.3610689640045,108.210426896811,118.51140075922,297.145896881819,4788.29018136859,11.1166469156742,221.166585117579,1430.76236948371,4691.76262903214,146.100528925657,56.6907278895378,12.9125629067421,6.66503345966339,3.49844467639923,92.3010730147362,2842.7375934422
9.41558560729027,86.2769287228584,6590.66466879845,0,22.7204521298409,76.3992520570755,581.064775466919,155.439852386713,79.3199932277203,155.431590527296,3064.03126439452,68.0052771270275,1031.03145009279,217.048257231712,79.3120246529579,1421.99765753746,1292.95101442933,5427.30985116959,1701.65926271677,52.7166384160519,777.608139753342,40.5741042494774,8804.70298281312,611.015749573708,291.820491522551,16019.448628366,21727.731071502,1203.17173492908,197.589087575674,168.275377750397,287.401015460491,142.154183954,5.84099793434143,3567.3816729784,2440.88635352254,47254.9467988312,0,5738.7971483171,16324.4731091261,291.588042020798,151.057171523571,552.542305320501,186.901495039463,1851.83266746998,159.996802270412,67.5750260055065,12.5994067192078,21.3323435783386,1117.9219404161,0,110.031540721655,153.455660820007,0.627855718135834,0,1.1855137348175,15.1871398091316,12.6362323760986,37.2216853201389,0.774556577205658,750.907696604729,4.48288822174072,1298.15151110291,5.51575940847397,3.42868638038635,52.1269804239273,51.7140905559063,65.0130850970745,15.8078629374504,0.74067485332489,7.27209222316742,37.1743168532848,44.8778168261051,234.438711702824,87.4475700557232,916.665906339884,2548.60561624169,185.862306267023,13.6986468136311,0.554935038089752,306.210964053869,0,1.1028265953064,42.8583799600601,1985.9833304882
50.1356000006199,60.5631294548512,8396.525267452,120.759405493736,14.8551402688026,1141.67153003812,7450.11167344451,1070.3086912334,106.267613232136,4489.00515910983,7034.68288579583,1346.86781060696,972.566366374493,1197.48651316762,200.34805265069,2350.63201829791,1305.79665991664,7666.323587358,2595.47076994181,753.231909841299,13481.587553829,53.4114489257336,23054.8404944539,1027.72807982564,119.836118191481,12241.4937156141,28336.7221726477,7338.92863163352,2062.380102247,3288.502048105,158.220771640539,1133.9918320179,423.502775758505,7391.48148238659,1794.43786936998,7227.46030077338,5738.7971483171,0,7912.69928741455,434.20097476244,823.253200560808,2326.70248302817,343.47875186801,108.416448116302,356.226230710745,733.831317901611,107.026036530733,197.159718513489,226.224429160357,2.32039439678192,37.7421368062496,125.40884283185,4.15838760137558,1.60149466991425,25.3025581538677,97.7083263397217,69.9328951239586,45.8300297856331,82.7643209695816,73.9393443465233,39.290791362524,143.612272173166,31.4153557419777,20.8684538006783,164.355171144009,22.6370911896229,11.2115584015846,7.0189833343029,8.54897719621658,33.0195005536079,35.8314702212811,137.893755704165,557.188673079014,23.5353404581547,307.687702894211,1301.3403557539,596.899245083332,27.4652265906334,17.3799920678139,41.1235099136829,3.37777304649353,1.73869150876999,8.80445200204849,727.977579861879
12.5611912608147,9.42639064788818,6950.05963915586,16.2344174683094,138.287791252136,125.39300006628,2254.66406998038,178.608527690172,20.3913212418556,420.927576541901,907.163975775242,92.1490722000599,24.0352911949158,168.392742782831,170.299147695303,2044.92460119724,568.530559450388,2430.53447470069,1051.1864862144,89.1203735172749,8061.3328435719,21.918843716383,20329.0143705904,625.178536206484,14.9617426395416,7014.86590379477,26097.3301919103,2856.25898110867,153.745174020529,1069.43234881759,30.794133991003,45.4172444343567,82.118038713932,5758.55534893274,5092.13776534796,5958.71218460798,16324.4731091261,7912.69928741455,0,612.994920283556,2224.59295499325,177.156551122665,235.194871217012,51.2174536287785,158.09878051281,592.233694911003,45.1178673505783,99.6919431090355,44.4427719712257,0,27.0826157331467,113.279461562634,4.7804354429245,1.91091984510422,15.2908835411072,38.5548337996006,31.3598175048828,15.4319553971291,32.0056337714195,10.6302424669266,20.1511478424072,26.4522557854652,16.8232346177101,11.7660034298897,147.818080604076,7.51414757966995,5.77259707450867,6.47899693250656,8.82159498333931,32.5443039536476,32.7836449146271,128.392966359854,166.927048265934,6.48897504806519,150.877030044794,741.610635310411,146.59656020999,10.9822590649128,9.17115598917007,8.38106119632721,5.50200963020325,0,1.69192641973495,7688.90513396263
7.82478356361389,71.6590363681316,97.7492418587208,413.391124010086,15060.1084105968,10902.2051513493,1355.55559462309,2323.27859139442,1430.0357208252,2696.43838864565,329.309441208839,6712.19570809603,24.2104433476925,571.558852165937,5066.29961422086,28.8531693816185,38.5345275402069,323.375238090754,178.602623313665,1260.30768924952,153.262467086315,109.79830288887,189.617436408997,2017.51829397678,37.2407250106335,436.437875807285,595.658805727959,1409.76582610607,254.444118559361,111.749496638775,9.5998512506485,2151.69052219391,1.37426209449768,7162.830809623,165.238387405872,11535.4979869723,291.588042020798,434.20097476244,612.994920283556,0,1334.11160165071,109.139341294765,829.067684352398,8.30753314495087,169.940523386002,177.637687146664,867.473224192858,106.397513270378,84.4174606800079,2.84702527523041,1.34829986095428,0.586951196193695,265.198762625456,69.3162308633327,42.4295603334904,182.300190985203,63.7986842691898,110.595742672682,594.956233501434,13.6651238799095,204.964491188526,4.48438382148743,51.5576087236404,389.506304234266,5.86603254079819,0,5.38063478469849,2.0321798324585,148.469612538815,4.79935187101364,9.86453098058701,2.89917778968811,728.60915607214,1.62189841270447,6.50106573104858,19.2707070410252,1783.50864744186,31.0839079320431,5.18688607215881,0,17.9371242821217,0,29.964376270771,117.083593130112
3.76849222183228,0,50.7806778252125,80.4583068192005,1048.53257656097,2601.39182528853,1654.56068792939,550.375982284546,40.7829014658928,2031.17150488496,110.385618925095,248.242440342903,12.7502896785736,303.633616626263,191.769331455231,25.7070640921593,7.8932386636734,48.9407537579536,21.9883579909801,337.267356663942,110.716444402933,1.84976524114609,171.743769615889,136.905448645353,0.577371001243591,77.6514080166817,190.255916237831,1006.74954178929,239.992380410433,119.765192866325,2.65263152122498,7734.17582562566,7.07544189691544,1530.12928545475,711.980984330177,2015.59274107218,151.057171523571,823.253200560808,2224.59295499325,1334.11160165071,0,99.4195089936256,127.815973460674,4.7414048910141,83.8427439928055,188.115862905979,49.3018304109573,56.4697327613831,25.6276785731316,0,0,1.07000267505646,10.2867683172226,0.992751657962799,11.3278447389603,58.5281655192375,8.28067666292191,9.35566812753677,31.3178284466267,0,13.7538330852985,0,0.696615040302277,14.5958176851273,1.51086127758026,0,0,0,2.67916053533554,0,0,0,212.778567075729,0,0.888867378234863,7.78595131635666,284.257563710213,1.1208792924881,0,0.567918539047241,2.12323522567749,0,1.26361763477325,153.328748226166
0,761.793843597174,1.46677911281586,1.34208396077156,2.01516342163086,97.4659038186073,77.6041960716248,107.531193166971,215.043391168118,130.562454462051,1717.46066400409,129.594865113497,1800.00268337131,83.2780648767948,9.57025867700577,2.19434368610382,3.65417179465294,37.7899652719498,3.12759274244308,35.6187588572502,2.20867133140564,249.734969109297,3.70133784413338,116.964407086372,1453.11800217628,55.0739816129208,88.86350440979,38.0747170448303,84.9616303741932,7.19870120286942,20.3329280912876,110.494674623013,0,4128.47170585394,87.0854541659355,549.530649363995,552.542305320501,2326.70248302817,177.156551122665,109.139341294765,99.4195089936256,0,15.7956898510456,1051.95356553793,332.657441288233,64.1686298847198,17.0892267227173,26.1555036306381,1924.13300895691,1.19587957859039,15.0475730895996,0,0,0,3.72534996271133,5.67947936058044,3.14207422733307,14.6122591793537,12.976393789053,360.265783011913,4.77748388051987,643.477004230022,9.03204476833344,2.17588686943054,0,0,14.5789464116096,1.28310441970825,0.574585556983948,0,7.92478734254837,0,15.541857868433,19.1434692144394,89.1698683798313,98.0102496147156,7.41355615854263,16.4732455015182,0,64.1883633732796,4.62988698482513,0,72.4648880958557,27.5930860042572
0,132.253723263741,522.036268949509,186.781470507383,40.9807558953762,64.2083647251129,1272.2304482162,56.5940079092979,398.920158743858,381.399802833796,41.7951146662235,131.261076718569,57.8776550292969,39.7730319499969,179.734485000372,1755.58911833167,44.6836484968662,26.1883456707001,21.2767848968506,300.046970576048,1568.04464563727,639.367375433445,1358.10266536474,5353.28135251999,38.7584876716137,625.193287700415,6042.23225402832,6348.09893870354,36.1999916136265,484.513203591108,17.1703191995621,21.707598567009,10.6908903121948,1944.93631824851,1551.72663646936,4781.24901849031,186.901495039463,343.47875186801,235.194871217012,829.067684352398,127.815973460674,15.7956898510456,0,31640.6465401053,6247.7214435637,6482.52530351281,16412.4002631307,2023.40696623921,1440.10407200456,144.355323433876,191.075304418802,14224.1087203622,424.888718247414,86.4451218247414,1277.86826178432,12045.5532075763,4756.57621392608,206.996746838093,8053.38864424825,2669.75420543551,725.214471668005,478.420875370502,2857.47802075744,481.170079618692,8404.38737794757,2116.22770607471,5683.71633774042,4710.14693394303,490.050376117229,15167.7972589433,375.413889616728,51900.8308260143,7767.89727070928,100.590687930584,26873.4061799347,59862.6695485711,23863.6929776967,1146.71351581812,3607.30167412758,795.5735937953,255.233786612749,28.7864412665367,735.429274886847,18304.9354734719
0,212.040123522282,125.446853607893,0,0,5.3302920460701,15.7354982793331,2.87579572200775,84.0116514861584,3.11280715465546,2982.32682010531,1.60797721147537,3318.02779439092,3.60037785768509,3.28469228744507,125.372958511114,14.096703350544,146.030936360359,2.75013220310211,3.24469441175461,90.7745213508606,122.890289068222,124.071589171886,151.798689335585,399.59996587038,1289.83791187406,3281.49185496569,142.953182280064,9.80578669905663,24.6056385934353,299.790300667286,12.2262437343597,0,292.924367368221,480.223703026772,86.1698974370956,1851.83266746998,108.416448116302,51.2174536287785,8.30753314495087,4.7414048910141,1051.95356553793,31640.6465401053,0,6131.37525525689,17442.0409429073,843.017881542444,540.358530372381,1725.75540804863,15.8148422241211,112.755028307438,4705.88787123561,5.89719116687775,11.1418377161026,104.083507537842,919.526924341917,306.678747296333,32.7235169708729,308.594267129898,3879.65877172351,124.050597429276,4741.90462058783,376.473424911499,58.2039974629879,746.638437986374,3734.76316997409,1918.11873906851,1052.69221878052,26.7802614271641,1350.00496405363,43.3723140954971,6166.4168805778,420.090608119965,224.149994820356,10765.1314916611,13183.2486096919,769.535079210997,323.285498440266,750.273245543242,1690.88167721033,96.151486992836,9.47630953788757,344.730859264731,3323.56490716338
0,48.7960678637028,164.910507768393,27.6099975407124,4.85138946771622,51.6628274321556,293.478114753962,39.4954640865326,77.8753335475922,124.946142941713,140.21332654357,72.4659832715988,278.291635066271,27.2392754256725,22.8525774776936,186.502638369799,13.6985516250134,21.8580554425716,3.47628012299538,85.315750837326,205.167811781168,113.83714222908,176.70901581645,848.48656269908,103.042980641127,376.489566624165,2255.37516236305,953.088450431824,13.3553494811058,66.0703403949738,28.4342064261436,28.1565299630165,2.97941553592682,2260.55569013953,215.178751438856,488.399200946093,159.996802270412,356.226230710745,158.09878051281,169.940523386002,83.8427439928055,332.657441288233,6247.7214435637,6131.37525525689,0,10401.469817847,1163.88152623177,1638.47904479504,4256.50291973352,106.549511343241,159.605480998755,5519.87978561223,158.401532918215,16.8242692649364,465.588792562485,7125.17559789121,1174.83833512664,176.612274676561,4096.53013692796,5142.43789835274,1215.86540791392,1979.37431302667,1641.18273022771,177.640237867832,1213.68607839942,1356.67760708928,5798.64251762629,3814.9552668035,241.427654951811,11558.0572867841,107.315131813288,29226.6162515879,1513.91723304987,572.263815283775,11047.5441422313,21726.3080361784,8776.60663866997,2340.2894513756,4298.74361294508,701.56342035532,621.379328131676,237.016063898802,1011.61900891364,1394.9221419394
0,27.8027632832527,107.900475263596,6.46392503380775,10.620876967907,101.774164974689,177.089450269938,91.0296549499035,23.5180761218071,134.23310777545,40.5477792024612,113.592420846224,38.2208511829376,48.6141533851624,41.0014306306839,133.401922136545,6.16583555936813,12.1833475828171,4.02247142791748,64.9989340603352,99.5464999973774,54.9766319990158,103.864478379488,291.095109045506,19.8340957164764,171.996259868145,1369.85270404816,328.619227975607,15.2986679673195,31.6882302165031,10.3582489490509,61.1091469526291,0,2426.22042155266,1154.46680179238,569.946703255177,67.5750260055065,733.831317901611,592.233694911003,177.637687146664,188.115862905979,64.1686298847198,6482.52530351281,17442.0409429073,10401.469817847,0,3758.69116714597,1598.22149333358,660.855593800545,47.8426341116428,36.8649864494801,4628.49244681001,18.852135181427,10.1740816831589,236.916425853968,1823.97213038802,557.921874880791,14.1794381141663,847.566218405962,2322.5196967721,402.608404964209,331.863526374102,599.243772149086,90.1281739771366,903.913603842258,709.04823115468,2660.14787781239,1931.35062643886,55.5447805225849,4072.55523982644,59.7200347781181,16746.5223661661,702.501418709755,25.8803293704987,8201.16904991865,15861.3414602578,2994.19406324625,327.892208263278,894.6146710217,537.693009018898,137.039034545422,16.2407786250114,318.508463710546,6973.42316105962
0,0,24.665274053812,359.164874881506,123.744038552046,81.6660234034061,520.889533609152,37.7737392485142,460.374104857445,572.522474735975,6.06072175502777,430.509406656027,10.8492721617222,23.9339560568333,376.800470799208,85.6863352954388,7.23574793338776,0,4.32959792017937,549.123235166073,164.433223992586,19.455509185791,89.528192460537,1486.72032296658,3.53478536009789,9.52429637312889,105.066005915403,2636.89901724458,20.1859707832336,82.3931364417076,0.958378285169601,22.8765928149223,5.40960115194321,4075.68090227246,92.793771147728,891.590771317482,12.5994067192078,107.026036530733,45.1178673505783,867.473224192858,49.3018304109573,17.0892267227173,16412.4002631307,843.017881542444,1163.88152623177,3758.69116714597,0,753.740465849638,719.102201551199,13.4086650013924,180.265060573816,343.427058279514,445.838371306658,19693.453676343,6135.7318584621,2483.57758209109,4316.61894869804,297.681347727776,4173.79649403691,135.964809179306,1464.13497835398,37.144568413496,970.571961700916,4932.46950390935,144.130793988705,31.0673291087151,178.870576918125,68.3329458832741,448.349937349558,522.418549209833,54.5050948858261,1848.00985777378,2470.53738620877,75.384062230587,278.590267241001,1634.67947873473,4426.83068838716,274.469247788191,208.066095292568,7.57631483674049,2544.55510360003,1.10945308208466,71.4973855018616,475.237309843302
0,3.00363647937775,2.58282291889191,12.540792286396,1.39598536491394,19.4238134026527,222.13351431489,29.779153585434,38.0344572067261,61.4299698472023,10.0664290189743,46.4824769496918,14.3128893375397,10.52944663167,17.0221660733223,23.842216193676,0,0,0,49.9543308019638,28.6975592970848,8.83175837993622,22.2734059095383,476.508911877871,3.68916201591492,7.67868691682816,27.8550624251366,717.333252459764,3.77944165468216,21.1100848913193,0,8.6757920384407,0,956.730284452438,37.5455813407898,264.659602761269,21.3323435783386,197.159718513489,99.6919431090355,106.397513270378,56.4697327613831,26.1555036306381,2023.40696623921,540.358530372381,1638.47904479504,1598.22149333358,753.740465849638,0,232.112543582916,3.64963805675507,2.40576100349426,30.3149366378784,82.2861723601818,2956.84475192428,1859.07427960634,1433.31636381149,2981.20028266311,23.8276075124741,1897.63088142872,557.493401646614,390.688701063395,121.014176845551,1075.35124370456,191.643596589565,36.541708946228,7.44489324092865,323.181547671556,19.4136291742325,112.395757764578,171.260610818863,1.37936753034592,186.507265239954,277.075949281454,12.4601154923439,218.713064014912,148.392228990793,1710.51486316323,1489.23788401484,193.665595322847,52.834067761898,13775.1116280854,0,160.996964752674,181.862541943789
0,101.039986371994,2.31561613082886,0,0,29.9196924567223,32.8922247290611,33.5601858794689,38.4864743351936,25.4798027575016,913.250637710094,22.1696086525917,1932.86256474257,13.8731912374496,10.3416723012924,3.41946798563004,0,1.34694683551788,1.726482629776,4.95173758268356,9.48377764225006,54.9382900893688,1.82994663715363,75.2831090390682,424.741384774446,30.9245837032795,141.398233473301,65.7268570363522,4.81642776727676,0.80715674161911,17.1686365604401,10.3836829066277,0,946.981518656015,14.6728301644325,112.138173639774,1117.9219404161,226.224429160357,44.4427719712257,84.4174606800079,25.6276785731316,1924.13300895691,1440.10407200456,1725.75540804863,4256.50291973352,660.855593800545,719.102201551199,232.112543582916,0,1.70039296150208,334.491807758808,5.37721699476242,6.7035984992981,1.58994019031525,56.266990929842,63.6317798793316,109.938388884068,523.10973200202,116.318847566843,1894.6443926096,56.6497216522694,3345.91684901714,80.4115738272667,59.3514971137047,4.97675833106041,0,20.5940788388252,3.6997888982296,13.6069043874741,6.21824467182159,156.874949336052,10.6268846392632,201.64187848568,1170.5667732954,108.091498225927,315.656747162342,163.23539981246,120.647540688515,7.30682384967804,99.0720407068729,64.1810892820358,0,390.392837703228,66.6177738904953
0,0.736536741256714,3.99309515953064,0,0,0,1.21086406707764,0,2.76038014888763,0,0,0,0,0,0,35.0067059695721,0,0,0,0,45.858232408762,7.39285510778427,23.9851957559586,45.5107454061508,0,1.15927404165268,8.54314148426056,48.7577000558376,0.610365569591522,5.64928632974625,0,0,0,6.52232414484024,1.12103593349457,13.1857309341431,0,2.32039439678192,0,2.84702527523041,0,1.19587957859039,144.355323433876,15.8148422241211,106.549511343241,47.8426341116428,13.4086650013924,3.64963805675507,1.70039296150208,0,0,66.2998806536198,0.803163886070251,0.737981796264648,27.4135167002678,4859.31888437271,957.00103327632,1.36503529548645,173.909097909927,53.4930852651596,36.0753446817398,0,9493.06368672848,3.08021593093872,31.1869150400162,85.4152497947216,39.0529761016369,132.734248220921,3.27539965510368,198.772047042847,5.95159834623337,156.423449784517,166.057452887297,0,133.130662113428,84.3197132945061,249.847106635571,4343.01226109266,1342.41257667542,0.996595174074173,0,29.9177159667015,322.302041292191,10.180284678936
0,2470.70033204556,72.9604315161705,0,0,0,1.96966704726219,0.765745997428894,88.9053462445736,1.24328172206879,87.2225211858749,0,233.1849629879,2.89158588647842,1.95020818710327,26.1028656065464,20.3761651515961,17.5604376792908,2.20541906356812,1.91074430942535,4.94270426034927,34.321796476841,9.2004576921463,186.649294346571,356.12766712904,454.438806056976,8039.67633607984,21.2418718636036,1.27726262807846,0,21.0665699839592,0,0,18.5969309806824,0,60.0436816215515,110.031540721655,37.7421368062496,27.0826157331467,1.34829986095428,0,15.0475730895996,191.075304418802,112.755028307438,159.605480998755,36.8649864494801,180.265060573816,2.40576100349426,334.491807758808,0,0,51.3988761007786,0,19.6405916512012,8.6694241464138,4.9977807700634,1.79429411888123,5065.62530177832,0,159.86558765173,4.54028025269508,812.343585044146,7.79481995105743,270.464724928141,748.438854336739,27.8252463340759,18.6142946481705,23.0949213504791,0,130.976844012737,2890.17676699162,75.7400925755501,8888.10625010729,1952.77342003584,131.797271937132,22584.2541484535,615.149567633867,9.92913645505905,4.55303162336349,14.4706695079803,2.28007489442825,0.402066588401794,23.2948220670223,4.07767364382744
1.0192474424839,157.095540255308,2592.69077655673,0,0,0,10.4240691363811,0.489987015724182,18.0095200240612,0,0,0,0.814559996128082,3.37167519330978,0.927827119827271,161.518655985594,147.850267380476,5.61303234100342,16.4481930732727,0,88.4323754608631,98.8005791306496,227.284039199352,145.691173970699,16.7531915903091,945.573722064495,20433.8539002836,61.2426701784134,3.51762521266937,25.5254100859165,0.778018474578857,0,0,89.7963412106037,115.987910121679,178.912747502327,153.455660820007,125.40884283185,113.279461562634,0.586951196193695,1.07000267505646,0,14224.1087203622,4705.88787123561,5519.87978561223,4628.49244681001,343.427058279514,30.3149366378784,5.37721699476242,66.2998806536198,51.3988761007786,0,1.42786821722984,0.543915569782257,35.6802564561367,12646.6326950788,1359.71172487736,3.01080751419067,265.434394046664,195.900164157152,33.9747655391693,4.23191183805466,2217.37113629282,11.2489676773548,52.8452894389629,19522.5892101526,680.826596349478,3550.33223219216,8.91758847236633,3675.69729362428,31.1146713793278,57223.7988396883,187.659731775522,4.662477850914,17866.6279430687,31193.939608559,3196.84239079058,531.68702429533,3811.58478444815,3.85012859106064,2.07173562049866,31.8481353521347,1127.49747136235,959.963961154222
0,0,2.03530555963516,465.61152741313,51.2308509945869,33.8111245036125,209.845205783844,5.51988366246223,709.348933517933,410.413449376822,0,163.505162656307,0,1.85077875852585,150.166441500187,1.48187747597694,1.10529413819313,0,0,620.976558536291,2.69497352838516,2.54102075099945,2.37725150585175,1038.92344841361,0,0,1.07459819316864,1411.30845451355,3.04401844739914,0.944432288408279,0,8.75887340307236,0,83.0766722261906,1.73346364498138,49.8386509418488,0.627855718135834,4.15838760137558,4.7804354429245,265.198762625456,10.2867683172226,0,424.888718247414,5.89719116687775,158.401532918215,18.852135181427,445.838371306658,82.2861723601818,6.7035984992981,0.803163886070251,0,1.42786821722984,0,47.1853415668011,120.395223140717,161.898673385382,99.9976703226566,1128.58308893442,7417.7883643508,54.0886280238628,4715.9894117713,0.789638340473175,95.1157765090466,539.399622499943,0,0.837180495262146,50.4431656599045,12.8870927989483,24360.7271948755,0.451768785715103,0,3.99005746841431,3906.24060231447,0,41.0207687318325,6.75876843929291,10558.8720253706,122.864090025425,2.26277607679367,2.3924095928669,7.70929723978043,0,53.907914608717,73.5537124276161
0,0,0,36.1782367527485,14.0641769170761,3.36229568719864,12.8324543237686,0.507461667060852,61.3802286088467,39.8750496506691,0,52.3794946670532,0,0,27.1344259679317,0.518053472042084,0.641031444072723,0,0,50.3353623151779,1.58942186832428,0,0.630274057388306,43.6253270208836,0,0,1.17466747760773,113.483961224556,0.643656849861145,4.12145137786865,0,4.16008096933365,0,38.9970416724682,32.3440324664116,9.74007430672646,0,1.60149466991425,1.91091984510422,69.3162308633327,0.992751657962799,0,86.4451218247414,11.1418377161026,16.8242692649364,10.1740816831589,19693.453676343,2956.84475192428,1.58994019031525,0.737981796264648,19.6405916512012,0.543915569782257,47.1853415668011,0,1576.9165931046,18.7489768862724,79.856220126152,173.906859993935,43.8588860034943,17.2135789394379,206.71591937542,1.3117181956768,41.3108775317669,2211.56174623966,0,0.57709664106369,10.728469312191,3.212826192379,41.6306190788746,2.58091533184052,8.11789578199387,8.53852242231369,569.612970769405,7.94563436508179,12.4140407145023,17.519065529108,156.941763699055,16.7213083207607,0.954319775104523,0,1010.62890040874,0,17.4957312345505,53.8365575671196
0,0,0,30.1107644438744,7.91753780841827,9.67351046204567,26.5946860313416,2.92020380496979,51.935499727726,22.6098809838295,2.25834631919861,31.2894176840782,0,2.09221392869949,20.4860802590847,5.61961382627487,0,0,0,28.3766507506371,2.56167161464691,0,2.77997004985809,85.4216650724411,1.65531551837921,2.01207712292671,5.65448248386383,107.118833333254,0,0,0,0.462473481893539,0,288.011371403933,89.4178668856621,25.4110693633556,1.1855137348175,25.3025581538677,15.2908835411072,42.4295603334904,11.3278447389603,3.72534996271133,1277.86826178432,104.083507537842,465.588792562485,236.916425853968,6135.7318584621,1859.07427960634,56.266990929842,27.4135167002678,8.6694241464138,35.6802564561367,120.395223140717,1576.9165931046,0,4718.06945118308,6365.1369112134,95.0149426162243,24288.4643764794,488.503878057003,2900.43472498655,21.8723745942116,1278.96447345614,4010.30279394984,1.85664162039757,21.9150221943855,533.521859437227,139.567600429058,182.807636529207,14.6836564838886,2.57918578386307,36.7748783826828,260.530731856823,2.24400633573532,550.488099813461,195.065637975931,3333.25973075628,815.11666983366,35.4140282869339,16.8003334701061,662.894209772348,3.34859976172447,218.99761864543,1196.81346905231
0,10.8451128602028,122.690061092377,134.899161428213,11.7025541067123,28.7047063708305,422.42802542448,15.9220314919949,245.785068929195,309.081638872623,0,31.5496850609779,0.566887378692627,13.4662876725197,58.4676021039486,149.496742337942,2.02477121353149,0,2.09625440835953,234.49725368619,185.395079493523,53.8432677388191,96.6470301747322,1661.85970693827,0.536522090435028,26.9953471422195,638.405854135752,2083.98881807923,11.8668331205845,65.0210233032703,0,4.91540232300758,2.30386245250702,448.81816637516,171.362087905407,549.280842334032,15.1871398091316,97.7083263397217,38.5548337996006,182.300190985203,58.5281655192375,5.67947936058044,12045.5532075763,919.526924341917,7125.17559789121,1823.97213038802,2483.57758209109,1433.31636381149,63.6317798793316,4859.31888437271,4.9977807700634,12646.6326950788,161.898673385382,18.7489768862724,4718.06945118308,0,31040.3264465034,203.877286970615,45651.849234879,1256.80730606616,232.483741253614,14.3153070807457,54383.8087474108,396.066024392843,64.4208035469055,5078.27083078027,1559.40520215034,2746.24807760119,124.935315936804,14357.4902353883,15.0173859000206,18552.2517830431,490.723589003086,1.92721071839333,4199.68223693967,2218.74848330021,33107.1560169756,16989.0402137637,19621.1909209788,18.7870935499668,39.0151224732399,771.077858179808,6846.25314746797,3775.86487138271
0,1.60870587825775,9.95641613006592,14.9506611227989,0.620543658733368,7.13585156202316,94.1857501268387,11.2294811010361,68.4136552214622,20.2631374001503,5.70008677244186,24.5269273221493,9.30940249562263,3.96459764242172,18.4391954541206,82.3572037220001,0.408543586730957,0,0,47.8431624472141,118.995662152767,32.1931493282318,55.4346406161785,381.607947945595,0.74546080827713,2.97654727101326,61.5635389983654,328.218461185694,0,14.5002897381783,0.646865606307983,3.3773717880249,0,528.521534234285,26.2299903035164,122.300134599209,12.6362323760986,69.9328951239586,31.3598175048828,63.7986842691898,8.28067666292191,3.14207422733307,4756.57621392608,306.678747296333,1174.83833512664,557.921874880791,4316.61894869804,2981.20028266311,109.938388884068,957.00103327632,1.79429411888123,1359.71172487736,99.9976703226566,79.856220126152,6365.1369112134,31040.3264465034,0,56.6405799090862,34234.2329849005,865.035345166922,2524.13994175196,81.9293965399265,23513.5805595219,585.662943989038,36.6028895676136,508.806099116802,784.640343815088,469.120237678289,388.598002076149,534.240610808134,9.2869793176651,672.460690408945,308.650060087442,5.97191667556763,1119.53662204742,353.08071154356,5552.14821612835,2557.26162552834,1241.61560091376,59.9029350578785,265.664644181728,40.5633774995804,870.576808899641,605.20243743062
0,35.1643856167793,14.9447408914566,209.385398358107,17.6415908038616,28.19542324543,192.762359529734,11.4172600209713,2891.35015207529,213.816071629524,261.485806941986,102.393443524837,475.824293971062,8.96476346254349,111.680731713772,232.068483889103,4.42558217048645,3.20354440808296,2.73040089011192,200.459235787392,195.033493191004,330.414965122938,47.8452822864056,4537.81335020065,112.970853179693,39.815285474062,157.566486388445,2353.6071625948,14.3111960589886,74.9250833392143,17.4203761518002,5.68157064914703,5.77947276830673,59.8687231838703,37.3173285722733,364.693050861359,37.2216853201389,45.8300297856331,15.4319553971291,110.595742672682,9.35566812753677,14.6122591793537,206.996746838093,32.7235169708729,176.612274676561,14.1794381141663,297.681347727776,23.8276075124741,523.10973200202,1.36503529548645,5065.62530177832,3.01080751419067,1128.58308893442,173.906859993935,95.0149426162243,203.877286970615,56.6405799090862,0,1415.99816218019,233.493628144264,1153.75103768706,985.147517204285,30.4148680567741,1869.06176942587,43.0394086241722,4.08706203103065,19.1919918060303,4.92436045408249,543.551955699921,26.6669955849648,4786.76618725061,23.8610034286976,42767.5585224926,2368.48894092441,28.1744060218334,2858.35253736377,7496.86875540018,43.1323091685772,4.45684254169464,9.26099866628647,20.4459202885628,2.00986480712891,68.2380557954311,22.960510134697
0,0,3.14284160733223,761.364442378283,83.1596609652042,58.4213483035564,706.124079585075,11.5736491680145,1186.5482917726,998.724449574947,0,363.456926912069,0,7.62938505411148,327.833070069551,5.25504374504089,0,0,0,841.980379670858,16.6900337934494,7.13966140151024,6.28001394867897,2688.88731226325,0,0,12.2969153821468,4043.1893003881,4.84788650274277,12.1744022369385,0,5.86944282054901,0,718.286653488874,101.840968638659,248.853978008032,0.774556577205658,82.7643209695816,32.0056337714195,594.956233501434,31.3178284466267,12.976393789053,8053.38864424825,308.594267129898,4096.53013692796,847.566218405962,4173.79649403691,1897.63088142872,116.318847566843,173.909097909927,0,265.434394046664,7417.7883643508,43.8588860034943,24288.4643764794,45651.849234879,34234.2329849005,1415.99816218019,0,2107.26314388216,10839.5238848925,18.5416440963745,10241.3314146996,746.14943677187,8.48089945316315,133.268961697817,2510.512457937,1060.31399065256,15431.2700627446,157.51705378294,1.86086961627007,313.466580808163,1135.58918231726,3.811363697052,2528.84037938714,724.711215004325,22377.5765293241,6623.73140203953,174.72500371933,36.1235118508339,104.747597694397,17.9599468708038,2435.23864375055,2328.61905872822
0,93.4037978649139,3.52915585041046,0,0,0,2.39897379279137,1.48772150278091,57.0685180723667,0,3606.48361256719,1.91392016410828,4560.14710101485,1.94189205765724,4.72303527593613,1.670912951231,0.844754099845886,122.954541623592,1.7928501367569,3.82713276147842,2.50271770358086,40.9444053769112,0.776675164699554,54.2987429797649,368.283080995083,1540.85806658864,1625.68775060773,8.18465951085091,12.3510127663612,0,642.572210758924,0,0,186.155243486166,44.0947620868683,22.5486830770969,750.907696604729,73.9393443465233,10.6302424669266,13.6651238799095,0,360.265783011913,2669.75420543551,3879.65877172351,5142.43789835274,2322.5196967721,135.964809179306,557.493401646614,1894.6443926096,53.4930852651596,159.86558765173,195.900164157152,54.0886280238628,17.2135789394379,488.503878057003,1256.80730606616,865.035345166922,233.493628144264,2107.26314388216,0,1198.01619923115,7674.34479945898,2923.79280883074,145.292538315058,13.9092396199703,326.431107670069,9956.00137190521,1053.90521733463,163.956813275814,467.483446225524,77.3358590304852,682.543805107474,128.329400330782,450.704885005951,2577.45518244803,968.950011789799,714.90900079906,11928.6434883773,427.34715308249,302.415594905615,2174.20676422119,37.3138146698475,8249.09190563858,320.706575185061
0,2.63003957271576,0,283.753876447678,46.249003380537,27.8060407340527,57.3133588135242,12.7913573086262,334.87494596839,261.334950387478,1.19314914941788,445.405819356441,0,7.47418686747551,162.998414456844,1.69634938240051,0,0.532530963420868,0,337.109559804201,1.20378762483597,2.33847403526306,1.60554474592209,457.879972994328,0.48882469534874,1.31010189652443,3.98032408952713,639.76986348629,3.3316598534584,0.966402441263199,0,11.7850785553455,0,326.85726121068,170.268467485905,28.3031477332115,4.48288822174072,39.290791362524,20.1511478424072,204.964491188526,13.7538330852985,4.77748388051987,725.214471668005,124.050597429276,1215.86540791392,402.608404964209,1464.13497835398,390.688701063395,56.6497216522694,36.0753446817398,4.54028025269508,33.9747655391693,4715.9894117713,206.71591937542,2900.43472498655,232.483741253614,2524.13994175196,1153.75103768706,10839.5238848925,1198.01619923115,0,15.1847079694271,2132.98354920745,2617.71849125624,2.34049779176712,35.0931123197079,1491.39278393984,465.867931365967,20666.2642492652,17.0453617274761,2.65352475643158,51.3606534302235,1588.73737043142,1.58138006925583,1502.11445429921,497.039162009954,3706.50929144025,1726.97320383787,24.599957883358,30.5785538256168,72.8016854524612,0.666012912988663,750.038568615913,1275.43946024776
0,445.309106260538,0.629921078681946,0,0,0,0,4.57680585980415,173.899475634098,0,7632.01494216919,0,13390.8181572258,9.18447378277779,5.50904893875122,0.630256950855255,0,264.989903062582,2.12349733710289,0,1.34881603717804,183.090909808874,0.895357578992844,120.236262589693,2537.42499315739,3123.32865414023,5514.19390359521,3.59325048327446,21.6453987956047,0,1523.54147103429,10.6687524914742,0,192.192437529564,5.49534872174263,38.1304470598698,1298.15151110291,143.612272173166,26.4522557854652,4.48438382148743,0,643.477004230022,478.420875370502,4741.90462058783,1979.37431302667,331.863526374102,37.144568413496,121.014176845551,3345.91684901714,0,812.343585044146,4.23191183805466,0.789638340473175,1.3117181956768,21.8723745942116,14.3153070807457,81.9293965399265,985.147517204285,18.5416440963745,7674.34479945898,15.1847079694271,0,230.813575059175,34.7026524245739,9.48956257104874,2.05912613868713,108.54609772563,2.7472335100174,1.97280782461166,5.25200626254082,387.337653964758,5.78948777914047,390.557717382908,5642.85223007202,504.512508571148,5440.51827076077,25.1122414171696,2131.19299298525,2.49516056478024,736.847351253033,631.973870784044,0,2397.96256586909,62.1212404966354
0,1.70233720541,35.3654225170612,10.4738330841064,0,1.79599249362946,47.4452560544014,2.07144638895988,40.1533971726894,6.45745193958282,1.92037326097488,13.1894519627094,14.3644931614399,1.80423414707184,5.91355735063553,197.99469384551,0.764531195163727,0.641787886619568,0.460868775844574,26.3162705600262,277.193465083838,67.9937606155872,152.325398743153,400.469312727451,3.42912250757217,20.8938592672348,145.035582363605,335.980744808912,2.99154180288315,37.7391635477543,2.41664302349091,0,0,385.491803914309,3.11297422647476,112.491425186396,5.51575940847397,31.4153557419777,16.8232346177101,51.5576087236404,0.696615040302277,9.03204476833344,2857.47802075744,376.473424911499,1641.18273022771,599.243772149086,970.571961700916,1075.35124370456,80.4115738272667,9493.06368672848,7.79481995105743,2217.37113629282,95.1157765090466,41.3108775317669,1278.96447345614,54383.8087474108,23513.5805595219,30.4148680567741,10241.3314146996,2923.79280883074,2132.98354920745,230.813575059175,0,335.680519729853,98.950896769762,1322.92143413424,2133.80274139345,1254.60950416327,342.472921311855,1199.19395697117,26.0553183853626,1539.41293829679,703.77551138401,11.5818897783756,2662.94099396467,1017.05175416172,2621.90311646461,17804.49743554,5563.61440828443,144.37188372016,21.3570949137211,106.178005188704,2073.90408170223,166.607669234276
0,0.525898993015289,0.788846075534821,284.234247624874,78.9056199193001,43.2098296284676,118.863857164979,10.8743232786655,363.056016951799,356.953768104315,4.09003153443336,348.974047213793,13.0516087412834,8.52638664841652,262.819650918245,14.2866744101048,0.436980277299881,0.977013766765594,0,330.638636052608,17.9167447090149,5.76292252540588,10.6173042356968,505.858633875847,2.73769199848175,0,5.05900877714157,992.267819166183,3.03564149141312,12.7590464055538,0,12.8028971552849,0,285.425892740488,37.5081387758255,98.2079075276852,3.42868638038635,20.8684538006783,11.7660034298897,389.506304234266,14.5958176851273,2.17588686943054,481.170079618692,58.2039974629879,177.640237867832,90.1281739771366,4932.46950390935,191.643596589565,59.3514971137047,3.08021593093872,270.464724928141,11.2489676773548,539.399622499943,2211.56174623966,4010.30279394984,396.066024392843,585.662943989038,1869.06176942587,746.14943677187,145.292538315058,2617.71849125624,34.7026524245739,335.680519729853,0,24.7377198934555,4.83248895406723,135.125803202391,39.0024004876614,567.981773346663,106.081465810537,125.718310713768,129.640475809574,5889.09926143289,128.381967365742,160.514820218086,255.992009967566,2449.8146673739,128.979114890099,54.8160733580589,2.77141353487968,358.564630687237,0,50.8178144693375,736.910116493702
1.27530324459076,44.528657913208,302.609622567892,0,2.64367461204529,0,36.6227312684059,1.41944938898087,518.211603969336,0,0,0,1.48752117156982,2.96613740921021,5.94414168596268,12119.0869400203,42.01553606987,2.17904824018478,25.018261551857,0,1732.77205145359,2525.07980304956,6245.99155437946,1460.21171090007,2.75524997711182,40.0809739530087,5462.82560002804,750.974228560925,11.3281683027744,261.461821883917,0,0,3.07829561829567,81.5513985753059,81.6029713749886,335.514644384384,52.1269804239273,164.355171144009,147.818080604076,5.86603254079819,1.51086127758026,0,8404.38737794757,746.638437986374,1213.68607839942,903.913603842258,144.130793988705,36.541708946228,4.97675833106041,31.1869150400162,748.438854336739,52.8452894389629,0,0,1.85664162039757,64.4208035469055,36.6028895676136,43.0394086241722,8.48089945316315,13.9092396199703,2.34049779176712,9.48956257104874,98.950896769762,24.7377198934555,0,27.5157496333122,12.5271856486797,34.5628948509693,0.40517845749855,7195.6440436244,5944.13343572617,4760.27357748151,4480.13975295424,102.174988001585,88.6893970668316,9664.58339305222,1490.25972864032,232.760300695896,146.449945926666,1.06895840167999,0,7.77756267786026,138.241853833199,785.849947035313
0,50.3994775414467,205.01626047492,0,0,0,2.86110618710518,0,5.01056563854218,0,0,0,1.78782904148102,0.437048584222794,0,16.702366143465,16.9390356838703,1.28378617763519,5.19194352626801,0,5.93344259262085,12.5358062982559,16.564756333828,10.004224717617,0.735584437847137,540.655407458544,3447.49920964241,3.80377557873726,0,0,0.515310406684875,0,0,16.8708944618702,20.7931447029114,35.1580471992493,51.7140905559063,22.6370911896229,7.51414757966995,0,0,0,2116.22770607471,3734.76316997409,1356.67760708928,709.04823115468,31.0673291087151,7.44489324092865,0,85.4152497947216,27.8252463340759,19522.5892101526,0.837180495262146,0.57709664106369,21.9150221943855,5078.27083078027,508.806099116802,4.08706203103065,133.268961697817,326.431107670069,35.0931123197079,2.05912613868713,1322.92143413424,4.83248895406723,27.5157496333122,0,974.879243373871,7618.52803507447,7.59074860811234,988.102177798748,12.1668658256531,14899.1332328767,46.581963211298,6.47096294164658,9834.08674496412,14950.6109452844,340.935157895088,501.697877109051,3729.79621222615,0,0,33.5056921243668,1847.19220989943,103.570834934711
0,11.7687591910362,11.1840973198414,0.741546362638474,0,0,0,0,13.3718551397324,0,122.939523518085,0,108.146804958582,0,2.67225790023804,3.55437776446342,2.97194814682007,68.0398983359337,0,0,1.31080150604248,5.35366696119308,2.4784764945507,4.02156633138657,16.8831512928009,537.097859829664,934.509702414274,0,0,0,38.2761392295361,0,0,46.0115767717361,57.0473570227623,7.05515694618225,65.0130850970745,11.2115584015846,5.77259707450867,5.38063478469849,0,14.5789464116096,5683.71633774042,1918.11873906851,5798.64251762629,2660.14787781239,178.870576918125,323.181547671556,20.5940788388252,39.0529761016369,18.6142946481705,680.826596349478,50.4431656599045,10.728469312191,533.521859437227,1559.40520215034,784.640343815088,19.1919918060303,2510.512457937,9956.00137190521,1491.39278393984,108.54609772563,2133.80274139345,135.125803202391,12.5271856486797,974.879243373871,0,3741.79073500633,197.084402114153,825.578490287066,1.16765511035919,1382.88375750184,76.7039732336998,46.9884390830994,9721.20679599047,3219.16843599081,852.707925587893,3453.14614489675,719.227112844586,247.086856245995,660.387995988131,67.9044252932072,3391.78895938396,498.218113303185
0,13.1430387496948,37.5813125371933,0,0,0,0,0,13.8617700338364,0,3.88239169120789,0,9.76092368364334,0,0,3.68805220723152,4.31148058176041,12.7008952796459,2.37342011928558,0,0.873692363500595,4.34316980838776,3.82883659005165,6.22456201910973,3.37007492780685,253.12126404047,1084.44969418645,1.22837597131729,0,1.13434338569641,2.51672947406769,0,0,11.7801660001278,38.0696273446083,10.6792666912079,15.8078629374504,7.0189833343029,6.47899693250656,2.0321798324585,0,1.28310441970825,4710.14693394303,1052.69221878052,3814.9552668035,1931.35062643886,68.3329458832741,19.4136291742325,3.6997888982296,132.734248220921,23.0949213504791,3550.33223219216,12.8870927989483,3.212826192379,139.567600429058,2746.24807760119,469.120237678289,4.92436045408249,1060.31399065256,1053.90521733463,465.867931365967,2.7472335100174,1254.60950416327,39.0024004876614,34.5628948509693,7618.52803507447,3741.79073500633,0,79.9828965067863,1993.54264901578,5.53667402267456,5177.81936322153,80.3905430287123,2.72308421134949,9313.34932032228,5039.19990079105,701.867764443159,1401.76402421296,2651.72672589123,2.9313408434391,12.6531729698181,139.375258505344,3415.16871696711,439.574251204729
0,0.450338095426559,0,231.66177791357,26.498596996069,18.6721909344196,125.818854570389,2.60235744714737,276.3465064466,228.534148901701,0,109.029610902071,0,3.05898866057396,92.6651327908039,1.14313519001007,0,0,0,196.468431711197,3.26233667135239,1.62759733200073,1.54098910093307,487.061507761478,0,0,2.98440426588058,870.934603542089,0,1.57742136716843,0,3.45262920856476,0,84.9041181504726,5.11010634899139,42.3610689640045,0.74067485332489,8.54897719621658,8.82159498333931,148.469612538815,2.67916053533554,0.574585556983948,490.050376117229,26.7802614271641,241.427654951811,55.5447805225849,448.349937349558,112.395757764578,13.6069043874741,3.27539965510368,0,8.91758847236633,24360.7271948755,41.6306190788746,182.807636529207,124.935315936804,388.598002076149,543.551955699921,15431.2700627446,163.956813275814,20666.2642492652,1.97280782461166,342.472921311855,567.981773346663,0.40517845749855,7.59074860811234,197.084402114153,79.9828965067863,0,9.40116301178932,0,24.2337494641542,2544.41142293811,0,217.828250303864,91.1136650145054,7366.77402171493,305.098292827606,8.4590590596199,3.46748843789101,8.45840466022491,0.953894197940826,113.519172787666,70.5025078356266
0,7.05247229337692,52.7964722812176,0,1.00589728355408,0,13.4017160832882,0.456296443939209,72.658857524395,0,0,0,0,0.433596968650818,2.62045985460281,2306.86262649298,24.4117484986782,2.96929407119751,21.9414614737034,1.87376523017883,1219.65976372361,733.036956846714,1985.97681772709,531.609213352203,0,30.0112863183022,610.67154443264,393.398701220751,2.72904661297798,242.341287016869,0,0,0.450830370187759,33.2507836818695,209.344626486301,108.210426896811,7.27209222316742,33.0195005536079,32.5443039536476,4.79935187101364,0,0,15167.7972589433,1350.00496405363,11558.0572867841,4072.55523982644,522.418549209833,171.260610818863,6.21824467182159,198.772047042847,130.976844012737,3675.69729362428,0.451768785715103,2.58091533184052,14.6836564838886,14357.4902353883,534.240610808134,26.6669955849648,157.51705378294,467.483446225524,17.0453617274761,5.25200626254082,1199.19395697117,106.081465810537,7195.6440436244,988.102177798748,825.578490287066,1993.54264901578,9.40116301178932,0,598.644206613302,44772.6880989224,1717.40929302573,15.4344577789307,2028.56492753327,5580.25320500135,20725.4223763794,2078.42714045942,48273.9344550818,0.31743523478508,0,181.114974230528,11820.8775923848,2357.82041168213
0,313.483011931181,100.017464458942,0,0,0.484293222427368,11.4942355155945,1.33886516094208,267.870837956667,0.710773527622223,86.9758213460445,0,185.065314292908,3.28522086143494,0.731222689151764,2600.57027450204,16.1804147958755,3.58886247873306,5.68915864825249,1.01589465141296,543.12283873558,1596.95568323135,819.858619093895,884.664125651121,36.4825315773487,64.0670418441296,5166.13199529052,309.840502679348,4.87078911066055,51.6662779450417,10.9462112188339,0,0.654412508010864,18.5779270529747,10.2283399105072,118.51140075922,37.1743168532848,35.8314702212811,32.7836449146271,9.86453098058701,0,7.92478734254837,375.413889616728,43.3723140954971,107.315131813288,59.7200347781181,54.5050948858261,1.37936753034592,156.874949336052,5.95159834623337,2890.17676699162,31.1146713793278,0,8.11789578199387,2.57918578386307,15.0173859000206,9.2869793176651,4786.76618725061,1.86086961627007,77.3358590304852,2.65352475643158,387.337653964758,26.0553183853626,125.718310713768,5944.13343572617,12.1668658256531,1.16765511035919,5.53667402267456,0,598.644206613302,0,752.003727734089,18064.613863945,668.44843941927,49.5623192489147,9383.88912111521,930.984216243029,41.6239117980003,77.9983578920364,3.7248557806015,4.77076661586761,0,34.8619857728481,43.1682879924774
0,30.4352117180824,846.266899853945,1.29930329322815,0,0,29.2306991219521,0,278.306165397167,0,0,0,0.340097427368164,0,8.0260254740715,8882.64682990313,24.802187204361,2.84916812181473,5.88671830296516,1.06780934333801,981.640840500593,1439.40489786863,5046.71550366282,797.222126036882,2.76341617107391,83.9991719722748,7375.10315126181,521.781937271357,2.60059076547623,79.8793368041515,0,0,2.64066618680954,61.6677347123623,805.196864575148,297.145896881819,44.8778168261051,137.893755704165,128.392966359854,2.89917778968811,0,0,51900.8308260143,6166.4168805778,29226.6162515879,16746.5223661661,1848.00985777378,186.507265239954,10.6268846392632,156.423449784517,75.7400925755501,57223.7988396883,3.99005746841431,8.53852242231369,36.7748783826828,18552.2517830431,672.460690408945,23.8610034286976,313.466580808163,682.543805107474,51.3606534302235,5.78948777914047,1539.41293829679,129.640475809574,4760.27357748151,14899.1332328767,1382.88375750184,5177.81936322153,24.2337494641542,44772.6880989224,752.003727734089,0,1203.09254905581,14.0616103410721,6874.67517258227,29343.5873999447,8066.68422210217,1124.98300603032,16406.3681569993,12.5420715808868,0,131.71097445488,9912.07993151248,5953.49237775803
1.93242490291595,69.3602384924889,209.889615148306,733.010864973068,86.5933258235455,149.953191101551,2738.0468596518,109.92443561554,6979.85322967172,1508.70280182362,43.7076131403446,271.117253482342,85.9535564184189,88.827136516571,391.742658853531,3165.53863283992,96.4684131443501,1.32625532150269,46.5346358120441,1156.27508512139,2996.69766423106,1601.61645808816,1713.77859306335,25322.3811941743,26.7009234130383,53.0149279534817,1354.98728528619,19403.3072887361,134.165319144726,1241.46670788527,3.37988433241844,23.4053151905537,21.0583646893501,1058.86787319183,241.588429689407,4788.29018136859,234.438711702824,557.188673079014,166.927048265934,728.60915607214,212.778567075729,15.541857868433,7767.89727070928,420.090608119965,1513.91723304987,702.501418709755,2470.53738620877,277.075949281454,201.64187848568,166.057452887297,8888.10625010729,187.659731775522,3906.24060231447,569.612970769405,260.530731856823,490.723589003086,308.650060087442,42767.5585224926,1135.58918231726,128.329400330782,1588.73737043142,390.557717382908,703.77551138401,5889.09926143289,4480.13975295424,46.581963211298,76.7039732336998,80.3905430287123,2544.41142293811,1717.40929302573,18064.613863945,1203.09254905581,0,1974.68512290716,131.782305657864,11717.3774828464,20018.0674741566,1860.16585382819,455.684769183397,4.55813848972321,74.8573434352875,102.722044557333,658.030564516783,1266.8581225276
0,163.576418220997,11.4828073978424,0,0,0,0,2.1470695734024,41.6674076914787,0.456541419029236,360.338329911232,0,1099.82017463446,2.17399394512177,0,0,2.19920134544373,34.0101453065872,0,0,0,31.5281058549881,0.93040657043457,44.1741390824318,2102.26974499226,470.757608801126,2633.87163671851,0.581340253353119,1.47583627700806,0,106.993734776974,0,0,17.4000768065453,0.60281366109848,11.1166469156742,87.4475700557232,23.5353404581547,6.48897504806519,1.62189841270447,0,19.1434692144394,100.590687930584,224.149994820356,572.263815283775,25.8803293704987,75.384062230587,12.4601154923439,1170.5667732954,0,1952.77342003584,4.662477850914,0,7.94563436508179,2.24400633573532,1.92721071839333,5.97191667556763,2368.48894092441,3.811363697052,450.704885005951,1.58138006925583,5642.85223007202,11.5818897783756,128.381967365742,102.174988001585,6.47096294164658,46.9884390830994,2.72308421134949,0,15.4344577789307,668.44843941927,14.0616103410721,1974.68512290716,0,280.225461810827,15588.0960350037,116.431902259588,21.5466840565205,1.49377501010895,221.637108564377,9.37260550260544,1.41914105415344,102.47200345993,8.030317902565
0,321.280061215162,503.391300827265,0.398567736148834,0,0,3.65908095240593,0.69328635931015,33.0751515328884,0,1110.57458308339,0,1100.88836491108,6.70182737708092,2.42825251817703,31.0146912932396,108.574656039476,701.75294315815,80.9800688624382,0,9.18374505639076,63.4086962938309,30.065810739994,48.8840057253838,428.322946727276,8038.31119042635,22272.1556354165,5.81873488426208,8.14223569631577,1.73122215270996,472.272758483887,0.456889867782593,0,182.960619866848,227.818019121885,221.166585117579,916.665906339884,307.687702894211,150.877030044794,6.50106573104858,0.888867378234863,89.1698683798313,26873.4061799347,10765.1314916611,11047.5441422313,8201.16904991865,278.590267241001,218.713064014912,108.091498225927,133.130662113428,131.797271937132,17866.6279430687,41.0207687318325,12.4140407145023,550.488099813461,4199.68223693967,1119.53662204742,28.1744060218334,2528.84037938714,2577.45518244803,1502.11445429921,504.512508571148,2662.94099396467,160.514820218086,88.6893970668316,9834.08674496412,9721.20679599047,9313.34932032228,217.828250303864,2028.56492753327,49.5623192489147,6874.67517258227,131.782305657864,280.225461810827,0,27212.6968600154,1048.80225796998,2577.73742379248,2065.08964647353,1077.53212296963,393.835445284843,118.570980533957,2074.76255442202,2102.25108540058
0.515563070774078,6351.18362566829,10068.2844239473,0,1.04856312274933,1.86919349431992,60.3401940762997,2.67515024542809,277.291474938393,0.85890918970108,1585.73591321707,1.19878828525543,2467.58692210913,10.9303586483002,16.0436113476753,4964.28242063522,507.903493821621,1162.17417192459,216.000395447016,0,692.443859905005,3906.1165201664,5178.87850481272,1544.15223315358,2829.37423816323,20288.5391937196,166999.915720344,728.165934354067,20.6775032877922,36.9594648778439,947.052932292223,1.97843718528748,3.55764451622963,525.355884879827,528.60712903738,1430.76236948371,2548.60561624169,1301.3403557539,741.610635310411,19.2707070410252,7.78595131635666,98.0102496147156,59862.6695485711,13183.2486096919,21726.3080361784,15861.3414602578,1634.67947873473,148.392228990793,315.656747162342,84.3197132945061,22584.2541484535,31193.939608559,6.75876843929291,17.519065529108,195.065637975931,2218.74848330021,353.08071154356,2858.35253736377,724.711215004325,968.950011789799,497.039162009954,5440.51827076077,1017.05175416172,255.992009967566,9664.58339305222,14950.6109452844,3219.16843599081,5039.19990079105,91.1136650145054,5580.25320500135,9383.88912111521,29343.5873999447,11717.3774828464,15588.0960350037,27212.6968600154,0,4524.37980741262,1043.45614409447,1823.76925168931,1100.94362866879,82.7853049039841,86.6720787733793,2767.08000473678,4136.92717784643
1.21444636583328,12.600060492754,136.884716570377,1582.75947168469,173.467652946711,240.238983601332,3977.25543633103,50.188481003046,5589.08355823159,3366.01711896062,1.38519236445427,639.450996518135,4.68608865141869,75.6935496032238,754.381160736084,1346.53658777475,63.4106852114201,3.76869350671768,30.0356532633305,2537.56637591124,1563.19035741687,561.969832569361,842.003572493792,19518.9710582793,1.71111661195755,21.7363682985306,701.48434010148,21781.02411744,101.521790742874,864.411746621132,0,21.2448677420616,23.9777173399925,2267.031504035,395.635953843594,4691.76262903214,185.862306267023,596.899245083332,146.59656020999,1783.50864744186,284.257563710213,7.41355615854263,23863.6929776967,769.535079210997,8776.60663866997,2994.19406324625,4426.83068838716,1710.51486316323,163.23539981246,249.847106635571,615.149567633867,3196.84239079058,10558.8720253706,156.941763699055,3333.25973075628,33107.1560169756,5552.14821612835,7496.86875540018,22377.5765293241,714.90900079906,3706.50929144025,25.1122414171696,2621.90311646461,2449.8146673739,1490.25972864032,340.935157895088,852.707925587893,701.867764443159,7366.77402171493,20725.4223763794,930.984216243029,8066.68422210217,20018.0674741566,116.431902259588,1048.80225796998,4524.37980741262,0,6494.9288097322,10268.9784690887,7.03004810214043,79.8312583863735,499.36763048172,5416.35294772685,5363.84714776278
0,0,12.2437828183174,4.06488570570946,1.45970141887665,0.580101728439331,65.3241820335388,2.79362821578979,52.6633713245392,4.35507315397263,39.6711087822914,6.66314673423767,72.3621868491173,1.87122040987015,10.8045561909676,290.164828717709,5.9694547355175,1.9573048055172,1.28808003664017,20.4150138497353,423.310120612383,100.675826400518,227.303858280182,649.705692350864,18.1983459591866,16.3405520319939,42.9904445409775,536.734631508589,1.95848393440247,77.1021429002285,3.35819399356842,0,0,149.025691837072,5.81801873445511,146.100528925657,13.6986468136311,27.4652265906334,10.9822590649128,31.0839079320431,1.1208792924881,16.4732455015182,1146.71351581812,323.285498440266,2340.2894513756,327.892208263278,274.469247788191,1489.23788401484,120.647540688515,4343.01226109266,9.92913645505905,531.68702429533,122.864090025425,16.7213083207607,815.11666983366,16989.0402137637,2557.26162552834,43.1323091685772,6623.73140203953,11928.6434883773,1726.97320383787,2131.19299298525,17804.49743554,128.979114890099,232.760300695896,501.697877109051,3453.14614489675,1401.76402421296,305.098292827606,2078.42714045942,41.6239117980003,1124.98300603032,1860.16585382819,21.5466840565205,2577.73742379248,1043.45614409447,6494.9288097322,0,14075.5621781945,267.714017510414,97.0665290951729,3222.37143030763,18634.9361948967,94.5483130216599
0,0.879533469676971,36.7728458940983,0,0,0,5.50488817691803,0,23.977935552597,0,0,0,0.554355204105377,0,1.10771381855011,721.818928718567,5.82476323843002,1.33002972602844,1.40548262000084,0,769.095245540142,235.958607912064,700.588545173407,402.928380906582,0,34.3715756237507,317.017776221037,388.44557633996,0,79.1862191557884,0,0,0.901946663856506,13.7969592511654,57.9492419958115,56.6907278895378,0.554935038089752,17.3799920678139,9.17115598917007,5.18688607215881,0,0,3607.30167412758,750.273245543242,4298.74361294508,894.6146710217,208.066095292568,193.665595322847,7.30682384967804,1342.41257667542,4.55303162336349,3811.58478444815,2.26277607679367,0.954319775104523,35.4140282869339,19621.1909209788,1241.61560091376,4.45684254169464,174.72500371933,427.34715308249,24.599957883358,2.49516056478024,5563.61440828443,54.8160733580589,146.449945926666,3729.79621222615,719.227112844586,2651.72672589123,8.4590590596199,48273.9344550818,77.9983578920364,16406.3681569993,455.684769183397,1.49377501010895,2065.08964647353,1823.76925168931,10268.9784690887,14075.5621781945,0,0.469815343618393,2.68305575847626,2235.02105942369,18222.1717956066,691.972169339657
0,18.4091846048832,0,0,0,0,0,0,0.682714641094208,0,1232.2183265388,0,1518.28787001967,0.543129205703735,0,0,0,174.593354701996,1.13143980503082,0,0,3.9815633893013,0,0,300.866755872965,1655.20277449489,2096.75257307291,0,1.39904499053955,0,441.100733190775,2.93078863620758,0,49.8748308122158,8.01847296953201,12.9125629067421,306.210964053869,41.1235099136829,8.38106119632721,0,0.567918539047241,64.1883633732796,795.5735937953,1690.88167721033,701.56342035532,537.693009018898,7.57631483674049,52.834067761898,99.0720407068729,0.996595174074173,14.4706695079803,3.85012859106064,2.3924095928669,0,16.8003334701061,18.7870935499668,59.9029350578785,9.26099866628647,36.1235118508339,302.415594905615,30.5785538256168,736.847351253033,144.37188372016,2.77141353487968,1.06895840167999,0,247.086856245995,2.9313408434391,3.46748843789101,0.31743523478508,3.7248557806015,12.5420715808868,4.55813848972321,221.637108564377,1077.53212296963,1100.94362866879,7.03004810214043,267.714017510414,0.469815343618393,0,85.0764299929142,0,138.714932918549,84.02297270298
0,0,0,3.49435615539551,3.06102359294891,0,1.75185865163803,0.392514497041702,10.2435626983643,2.78342127799988,11.0841460824013,15.1798202991486,30.8553305864334,0,10.5051948428154,0.809258103370667,0,0,0,4.44196408987045,0.588399112224579,1.16042220592499,0,18.2278051674366,1.59619319438934,4.32258719205856,2.82491588592529,25.7255015969276,0,0,0,0,0,84.5046926140785,0,6.66503345966339,0,3.37777304649353,5.50200963020325,17.9371242821217,2.12323522567749,4.62988698482513,255.233786612749,96.151486992836,621.379328131676,137.039034545422,2544.55510360003,13775.1116280854,64.1810892820358,0,2.28007489442825,2.07173562049866,7.70929723978043,1010.62890040874,662.894209772348,39.0151224732399,265.664644181728,20.4459202885628,104.747597694397,2174.20676422119,72.8016854524612,631.973870784044,21.3570949137211,358.564630687237,0,0,660.387995988131,12.6531729698181,8.45840466022491,0,4.77076661586761,0,74.8573434352875,9.37260550260544,393.835445284843,82.7853049039841,79.8312583863735,97.0665290951729,2.68305575847626,85.0764299929142,0,0.818747103214264,5530.96962845325,8.78247237205505
0,0,0,0,0,0,0,0,1.39303684234619,0,0,0,0,0,0,9.53743773698807,0,0,1.09089815616608,0,10.6926652193069,1.48916375637054,3.50074815750122,26.895005941391,0,0,1.33468574285507,25.5394051074982,0,4.48852187395096,0,0,0,0,0,3.49844467639923,1.1028265953064,1.73869150876999,0,0,0,0,28.7864412665367,9.47630953788757,237.016063898802,16.2407786250114,1.10945308208466,0,0,29.9177159667015,0.402066588401794,31.8481353521347,0,0,3.34859976172447,771.077858179808,40.5633774995804,2.00986480712891,17.9599468708038,37.3138146698475,0.666012912988663,0,106.178005188704,0,7.77756267786026,33.5056921243668,67.9044252932072,139.375258505344,0.953894197940826,181.114974230528,0,131.71097445488,102.722044557333,1.41914105415344,118.570980533957,86.6720787733793,499.36763048172,3222.37143030763,2235.02105942369,0,0.818747103214264,0,2148.44688457251,0.881771624088287
0,8.26256531476974,22.7570109069347,6.41345822811127,2.84246361255646,1.08501398563385,55.3977117836475,0,21.7705842256546,20.9776756167412,71.1082109212875,5.39583784341812,164.087992012501,0.994767844676971,13.4443848133087,77.5454792678356,0.748981416225433,3.32438588142395,1.85161221027374,14.8373672366142,63.5021988749504,26.2095785737038,43.9405764937401,225.608824759722,20.2242458462715,62.0561888217926,298.769982665777,294.559157848358,0.673412024974823,10.7813235521317,6.57600176334381,0,0,65.4969412088394,6.61527773737907,92.3010730147362,42.8583799600601,8.80445200204849,1.69192641973495,29.964376270771,1.26361763477325,72.4648880958557,735.429274886847,344.730859264731,1011.61900891364,318.508463710546,71.4973855018616,160.996964752674,390.392837703228,322.302041292191,23.2948220670223,1127.49747136235,53.907914608717,17.4957312345505,218.99761864543,6846.25314746797,870.576808899641,68.2380557954311,2435.23864375055,8249.09190563858,750.038568615913,2397.96256586909,2073.90408170223,50.8178144693375,138.241853833199,1847.19220989943,3391.78895938396,3415.16871696711,113.519172787666,11820.8775923848,34.8619857728481,9912.07993151248,658.030564516783,102.47200345993,2074.76255442202,2767.08000473678,5416.35294772685,18634.9361948967,18222.1717956066,138.714932918549,5530.96962845325,2148.44688457251,0,74.0882790088654
0,0.984188139438629,763.17867192626,11.7606708407402,348.004908829927,68.6706050038338,424.233487069607,33.4415361583233,26.8944830298424,175.63808247447,130.272733896971,286.430787503719,4.46428874135017,23.8914469778538,1431.97517424822,442.801431208849,39.0882651805878,213.472070276737,85.2645103931427,20.4518907666206,845.070243775845,54.9081040620804,2636.65975517035,406.305527508259,0.895767152309418,621.651196837425,3302.40700775385,662.611992776394,7.49460077285767,124.889382570982,0.553153455257416,31.9960358738899,1.35825204849243,255.16954010725,254979.76034534,2842.7375934422,1985.9833304882,727.977579861879,7688.90513396263,117.083593130112,153.328748226166,27.5930860042572,18304.9354734719,3323.56490716338,1394.9221419394,6973.42316105962,475.237309843302,181.862541943789,66.6177738904953,10.180284678936,4.07767364382744,959.963961154222,73.5537124276161,53.8365575671196,1196.81346905231,3775.86487138271,605.20243743062,22.960510134697,2328.61905872822,320.706575185061,1275.43946024776,62.1212404966354,166.607669234276,736.910116493702,785.849947035313,103.570834934711,498.218113303185,439.574251204729,70.5025078356266,2357.82041168213,43.1682879924774,5953.49237775803,1266.8581225276,8.030317902565,2102.25108540058,4136.92717784643,5363.84714776278,94.5483130216599,691.972169339657,84.02297270298,8.78247237205505,0.881771624088287,74.0882790088654,0
