"Predictor","Test_Statistic","p_value","functional_ve","semi_partial_r"
"sepsis2",63.9316483294534,4.36639182815049e-135,0.00274251677358739,0.0159508181727405
"eTIV",152.150071441321,0,0.0785131537345134,0.0282476359424743
"sex",7.98092478911972,4.83544182750703e-18,0.0183502215762723,0.00641309890606997
"sriskscore",11.7647832907316,1.93044290496917e-21,0.0148783655370399,0.0067002037598756
"age_at_5y_mri",25.4171898106043,1.24390835695049e-47,0.000671113286466009,0.00966283000692802
"Rel_Motion",395.865688571298,0,0.0907951445524712,0.0395698798934981
