"Predictor","Test_Statistic","p_value","functional_ve","semi_partial_r"
"Group",176.638236309728,0,0.00825802985952434,0.028655639181755
"age_at_5y_mri",6.14534554800697,2.02019022509924e-05,0.00315671788639694,0.00314002911256377
"eTIV",3356.1689100306,0,0.41716332365555,0.112309150178799
"sex",9.23435959169587,5.06257481053142e-15,0.107935539163449,0.00561265504312762
"Rel_Motion",595.170255112445,0,0.126923192141306,0.05475014519178
