"Predictor","Test_Statistic","p_value","functional_ve","semi_partial_r"
"bw_z",NA,NA,0.000337150646008872,0.00973371434086842
"eTIV",1036.72706212173,0,0.0785131537345134,0.0287664401652158
"sex",30.396762488048,1.5616775771263e-09,0.0183502215762723,0.00377535258165316
"sriskscore",12.0024951232885,1.63136490064146e-21,0.0148783655370399,0.00672250245887105
"age_at_5y_mri",20.1410298942864,8.81990767625419e-35,0.000671113286466009,0.00833040671400332
"Rel_Motion",NA,NA,0.0907951445524712,0.0385882426472601
