"Predictor","Test_Statistic","p_value","functional_ve","semi_partial_r"
"sepsis2",50.1581580315805,8.32908150015898e-105,0.00209740656010306,0.0714860526514357
"eTIV",452.512306768524,0,0.0788290266332464,0.164147017236291
"sex",133.417249280046,7.92650655499421e-96,0.0022262567725361,0.0666302460289377
"sriskscore",159.506310780172,1.91661110919105e-245,0.0408753536084642,0.10772074438435
"age_at_5y_mri",8.06618003575371,9.70473298545568e-07,0.00198944266364654,0.0175440129120508
"Rel_Motion",280.390956455953,0,0.093494700028691,0.193151043742968
