"Predictor","Test_Statistic","p_value","functional_ve","semi_partial_r"
"Group",90.1522123626001,6.93368164154689e-210,0.0410602414183121,0.0175393702114012
"Rel_Motion",365.578240250425,0,0.0970892584213326,0.0422178921772149
