0,0.768027037382126,205.034627631307,9.95025822520256,5.74418053030968,57.343741774559,30857.443469733,2261.98492148519,3.37574309110641,162.375027060509,35.5281133651733,47.9559099972248,0.843918561935425,15769.2497882545,22.6253468692303,14.9359660446644,775.695090889931,24.8653671741486,126.754075467587,17.2518322169781,1127.14630827308,1.3531756401062,2627.91265550256,7.18875730037689,0.682051599025726,182.486854165792,395.346382796764,720.985629916191,13460.9632108808,25305.4593631029,0.356172978878021,13.8188490271568,14.9773187935352,471.82892909646,28.9096572995186,236.147433668375,62.0971373468637,281.032007917762,245.283751130104,57.6362825632095,10.1835980713367,1.17280387878418,3.48326250910759,0.921405911445618,0,1.10104930400848,2.64851832389832,1.59060454368591,0,0,0,3.42963853478432,0,0,0,0,0,0.770395457744598,0,0,0,0,0,0,19.7738483548164,0.67451936006546,0,0,0,1.84359782934189,0.366769552230835,11.2531626075506,9.20656391978264,0,0,23.3768376410007,9.59972655773163,0,0,0,0,0,0,5.98579117655754
0.768027037382126,0,61.4161113798618,2.42186212539673,31.5341568887234,12.9608764052391,18.5987767875195,45.9998518228531,1544.6588537097,38.9957895278931,1016.78909543157,18.3233399987221,2183.71521112323,11.587825641036,88.3109158873558,1292.22500813007,44.9526627063751,8.49662929773331,31.2760990411043,12.7937112152576,96.29927277565,2823.86762705445,229.629233181477,1850.02971687913,7886.77611193061,831.288987755775,18147.0163937509,327.257904082537,56.6159610450268,10.8007761538029,80.9645884037018,58.6995557844639,0.410433858633041,1002.50116103888,11.4948047399521,317.431294858456,185.137105673552,546.08731251955,61.7539790272713,113.357252448797,3.84261202812195,123.50877147913,145.776242703199,228.934998303652,82.1825585961342,44.2074225842953,22.4791235923767,3.65534085035324,17.0550063252449,0,1493.95686650276,245.845057547092,0.66662186384201,0,0,1.3186708688736,0.571437180042267,12.7271903753281,3.73431438207626,42.3099389672279,1.6146427989006,224.561724722385,0,2.22490429878235,239.303203761578,83.4655070006847,30.8050465285778,71.7246495485306,0,13.3337806463242,462.333683907986,174.703057289124,68.2595082223415,120.962563574314,454.142823249102,6586.43651488423,20.8953841626644,0.951163530349731,2.88516286015511,63.7351516485214,0.654139518737793,0,54.5760799646378,6.89371547102928
205.034627631307,61.4161113798618,0,1.20364141464233,3.81256434321404,9.62598541378975,860.061702921987,486.698129564524,1.54877513647079,9.47539569437504,58.654549062252,4.62106662988663,2.55016857385635,840.072815671563,33.3706275969744,16.9712705314159,36036.8138584793,106.489081352949,1534.16904199123,3.51295909285545,6939.34438294172,49.9569651186466,29212.8184756339,12.1995799541473,0.283993035554886,42276.4301002026,16454.6129555404,621.195991277695,236.193185776472,962.515793770552,1.97183066606522,10.312628403306,7.86375004053116,1202.01182830334,426.809233009815,5592.1254799515,2240.79421336949,940.163602948189,1632.50151237845,56.6920703053474,25.2539136111736,3.56299781799316,493.651765793562,95.0636401772499,195.110725700855,132.104634106159,2.56163030862808,1.86374846100807,0,0,66.6688954234123,2150.6111484468,0,2.78805527091026,0,28.7831078767776,3.00662937760353,0,0,10.8825433254242,0,4.05810862779617,2.48005026578903,3.37317243218422,59.0695786774158,339.255344897509,9.22198605537415,39.0563808977604,0,32.136655241251,105.587781190872,866.446200013161,20.2373948395252,0.861208140850067,209.278060734272,6594.62101069093,80.5235359072685,1.18650114536285,9.62155616283417,0,0,0.441174328327179,126.16890090704,197.666500866413
9.95025822520256,2.42186212539673,1.20364141464233,0,233.388824135065,130.585276335478,150.469355404377,643.80785831809,1302.4964672029,6384.28490203619,100.757112026215,8764.79891455173,20.0500304996967,420.543351203203,714.375064700842,0,3.57648420333862,54.1646305918694,42.4394755065441,13893.7918040752,0.563376903533936,7.09266620874405,6.69110643863678,2120.78160691261,9.6249760389328,98.5559152066708,24.2166986465454,6935.92845851183,625.210246324539,4.15930378437042,9.04381263256073,78.5402044653893,0,450.331024467945,83.5636428594589,1037.39846014977,26.5034617781639,168.102187484503,66.2527406811714,819.440232396126,100.966962188482,5.95330959558487,166.786045849323,3.31066361069679,69.3832569122314,17.9146666526794,1162.41900971532,33.9989421963692,0,0.635911703109741,0,0,410.232453167439,146.379337340593,42.1442281901836,34.6532893180847,38.9895309507847,97.7122270464897,204.310991495848,1.16772973537445,381.364497601986,5.62107425928116,25.2826384603977,216.30913951993,5.04369634389877,0,0.428693473339081,1.35524716973305,573.747318655252,2.37359631061554,3.14159619808197,0,1559.3729994297,0,2.35995504260063,0.734202772378922,1888.04413241148,17.0484175682068,0.569401800632477,0.880171239376068,0.682568311691284,0,32.9231199324131,13.7534396648407
5.74418053030968,31.5341568887234,3.81256434321404,233.388824135065,0,2853.8440951705,421.568584769964,974.223509848118,494.334161192179,843.981917977333,12.8819520175457,1860.80815508962,5.0465390086174,93.4358227849007,4682.59608608484,82.2282630801201,8.92681813240051,1.88513422012329,5.86619022488594,432.372374027967,630.915020346642,79.9246354997158,541.790892422199,804.313779562712,24.0148886144161,7.29391747713089,109.934712201357,1393.90645539761,56.3988101780415,162.829276502132,0.996457040309906,385.242678701878,2.19056332111359,88.6850889623165,3077.79285481572,351.664267003536,27.6248220205307,18.9772210419178,25.2547504901886,9284.41747555137,1286.52058061957,6.83265006542206,38.6193885803223,4.10357022285461,9.74256363511086,30.1393096446991,611.741842627525,3.81765407323837,0,0,0,1.35848939418793,33.1383172273636,55.4988504350185,27.4425837099552,3.91895264387131,6.27056539058685,25.2503764629364,10.3292216658592,0,121.283235043287,6.47180110216141,2.12324905395508,87.9163114130497,17.3706637322903,0,1.75917065143585,0,26.8625030219555,10.3271784186363,6.57116097211838,8.50173491239548,315.303583741188,0,2.01869815587997,11.5979863107204,282.983483105898,0.631847739219666,5.48774927854538,0,0.667071640491486,0,5.26488736271858,2596.67544642091
57.343741774559,12.9608764052391,9.62598541378975,130.585276335478,2853.8440951705,0,3386.15631097555,15200.4905217588,83.3520737886429,19022.9463367164,204.174817234278,6259.30229178071,54.2764582633972,962.697858065367,8721.28265613317,0.482667058706284,20.192548841238,103.608739584684,47.8285984098911,587.76840570569,41.9802858829498,13.7946853339672,67.8522284924984,62.5373721122742,17.4313957989216,123.236967533827,56.2364596128464,1412.84519222379,640.345763355494,152.823375582695,19.9115135073662,351.095550477505,0,404.905239850283,6426.48127913475,2569.54450640082,41.0529651641846,160.285820990801,64.9418343007565,13942.1185950637,582.646656274796,33.5102742612362,11.1933895945549,4.19311821460724,3.5007119178772,5.28312027454376,104.518249630928,0,0,0,0.511003077030182,0,2.57830312848091,7.59062331914902,0.846141338348389,7.66467237472534,0.7706698179245,9.56633865833282,0,0,33.0773340463638,11.770026743412,0,13.3903568983078,2.2002546787262,0,0,0,5.54535734653473,1.97591131925583,0.574409008026123,0,113.166201978922,0,0,0,45.3121735453606,0,3.84338754415512,0,0,0,0,517.163133621216
30857.443469733,18.5987767875195,860.061702921987,150.469355404377,421.568584769964,3386.15631097555,0,22559.7605997026,417.818299949169,13881.6108315289,488.131021350622,297.542558372021,100.087168723345,45451.7966268361,1803.5170006156,16.449929356575,260.855271473527,383.158443152905,324.063266336918,162.453590035439,3855.49062553048,21.3656911253929,1140.22155068815,382.43570715189,42.932140737772,744.919888600707,694.909190699458,41124.29332605,9412.2548584044,7566.89880508184,52.9784265458584,452.726008206606,170.430712670088,2554.7823523581,557.97425442934,4781.56160607934,183.430406853557,1354.67519468069,981.04421594739,1527.37455445528,499.373284310102,77.3484031558037,218.894068539143,2.72894865274429,68.5068072378635,26.8404806256294,188.515393435955,39.4952136576176,1.81042844057083,1.36692297458649,1.63847404718399,12.9542459845543,66.8495556712151,27.9195901155472,10.6374307572842,46.4397191405296,30.5302141904831,195.143049567938,31.1616111397743,0.65828150510788,61.4504373073578,21.3331695497036,15.5106843709946,67.3539828956127,30.2055093348026,1.55292263627052,0,0,20.0900978446007,15.4649117290974,8.02602007985115,13.6868972629309,2215.41836950183,0,0,59.6859056055546,2080.94939264655,24.260375648737,10.1590967774391,0,0,0,50.9231943488121,101.163909643888
2261.98492148519,45.9998518228531,486.698129564524,643.80785831809,974.223509848118,15200.4905217588,22559.7605997026,0,354.421225428581,25657.840856269,984.338768899441,3361.76330427825,201.858170419931,18088.7337159216,1826.14524114132,13.6767510771751,854.529072061181,355.012445986271,217.897077724338,1846.99840778112,1015.38950899243,56.9683052301407,1996.28384801745,335.402649313211,82.2258698344231,570.401138812304,593.621463447809,7191.64941976964,3377.56640605628,4723.467903018,70.0027146041393,1198.98392912745,11.9238920658827,1635.56819668412,2688.66717106104,6411.40742731094,201.752724453807,782.292887672782,573.300578773022,5543.32661938667,221.067694604397,132.91399911046,29.0666805207729,18.0485041737556,7.33101028203964,9.44580394029617,206.711198836565,7.93668580055237,7.66043981909752,0,0.925703465938568,1.17197471857071,13.0088284313679,4.94582706689835,0,5.23260885477066,0,67.7086082100868,0.812974393367767,1.31087923049927,48.558820605278,52.5635030269623,2.06655120849609,14.1096805930138,23.4009476602077,0,0,0,16.6903256773949,12.3584837019444,3.74440681934357,5.10710248351097,567.791190445423,2.40173572301865,2.77438858151436,12.7271548956633,242.473372250795,1.2488317489624,11.3748099207878,0.59378981590271,0,0,1.26600816845894,225.231723219156
3.37574309110641,1544.6588537097,1.54877513647079,1302.4964672029,494.334161192179,83.3520737886429,417.818299949169,354.421225428581,0,359.696981966496,373.032260298729,1345.48146480322,909.289120644331,169.233123272657,1173.65958613157,445.428696781397,8.10008680820465,28.4112105667591,12.2795820534229,725.201636999846,103.156157135963,8537.14373788238,45.3132542073727,42095.1829733551,2043.71041682363,114.343669682741,3504.91452273726,11143.8514701426,344.620664060116,133.461407601833,67.6486381292343,109.434496700764,5.807388484478,441.28095471859,60.3670976161957,1014.08956062794,55.1410048604012,177.172523766756,62.3236066102982,1544.85745453835,61.7511893212795,26.8669388890266,389.988800883293,63.5937430560589,95.8913955390453,31.4908846020699,1286.08555531502,55.2982775270939,4.83911129832268,0.527234494686127,29.7203438878059,3.56076517701149,385.635370761156,464.540277570486,151.066611737013,40.2045541703701,128.225880175829,3015.36531609297,146.67679309845,21.1055647730827,645.34921681881,83.9052412807941,86.5095967948437,497.433069854975,649.711754143238,1.94835126399994,8.62032067775726,2.76657971739769,123.156837254763,125.625933408737,454.898830682039,63.5857943296432,7343.54089391232,23.442980825901,33.5513268709183,120.183795303106,3513.49039497972,89.3102090358734,35.0336550474167,26.1737957894802,30.211524695158,0.72688901424408,81.7990715205669,35.3572646677494
162.375027060509,38.9957895278931,9.47539569437504,6384.28490203619,843.981917977333,19022.9463367164,13881.6108315289,25657.840856269,359.696981966496,0,1200.95966285467,9968.37720030546,221.066834568977,8837.34358158708,3301.76191750169,3.21738934516907,36.1222079694271,741.573725253344,509.855699405074,3991.56574487686,32.9108386337757,14.3377999067307,61.6627284884453,396.965881168842,98.462260723114,944.647730961442,218.601199001074,5846.74962997437,6837.21548068523,134.36295953393,92.8908600211143,755.929699957371,0,3090.74882262945,6419.98511815071,7122.69001069665,233.119868457317,1089.4500361681,392.400276213884,3437.28856778145,632.062694460154,132.924890011549,56.5004433691502,5.62124145030975,19.1737886965275,8.70935225486755,466.115465670824,6.43470603227615,0,0,0.889916718006134,0,70.8105908036232,45.5097935497761,7.98161435127258,11.286738216877,7.4553664624691,52.9132907986641,15.6604316532612,0.477373510599136,130.620273947716,11.6120369136333,3.41430366039276,81.0852846205235,6.34392067790031,0,0,0,111.809000104666,1.6235910654068,1.65070950984955,0,759.364395290613,1.28844547271729,0,0,782.3470274508,2.97513425350189,1.89577025175095,0,0,0,6.09367677569389,776.600346535444
35.5281133651733,1016.78909543157,58.654549062252,100.757112026215,12.8819520175457,204.174817234278,488.131021350622,984.338768899441,373.032260298729,1200.95966285467,0,462.670281410217,6373.79105690122,259.359429836273,79.3424316942692,80.454882055521,327.134023338556,16022.6600721776,3253.76771828532,358.198634892702,84.1580120027065,312.574588418007,147.424846917391,312.467625170946,3141.21468612552,6690.87436357141,756.599708169699,913.28907006979,2947.67336495221,85.2892871797085,869.355010390282,2559.55699205399,4.299839168787,12861.9342657924,117.398046314716,3764.26834246516,2547.29254850745,3597.87879881263,702.260295838118,644.036899149418,128.380472838879,2402.58259418607,103.829610556364,2060.7442368567,82.3689031898975,25.2065232098103,183.672153741121,1.11763298511505,227.589090496302,0,164.660360574722,1.33187925815582,0,2.15841126441956,1.50733122229576,2.13091945648193,6.64414411783218,73.2203686535358,0,495.140801042318,6.82517668604851,2662.753644526,7.11092627048492,3.82445102930069,15.4800958037376,4.70086073875427,75.447110325098,17.0993877649307,0,2.59831792116165,34.691801905632,3.68970555067062,123.97826525569,241.540647655725,852.071695238352,1099.27972221375,128.072431743145,3.22161549329758,0.616741299629211,1092.17026868463,2.11350208520889,0,9.26095688343048,71.3820476233959
47.9559099972248,18.3233399987221,4.62106662988663,8764.79891455173,1860.80815508962,6259.30229178071,297.542558372021,3361.76330427825,1345.48146480322,9968.37720030546,462.670281410217,0,92.6726073622704,1376.11801421642,6124.71550884843,4.48648428916931,12.7233984172344,270.005119979382,204.534224718809,17908.456902653,23.7556358277798,8.55993020534515,38.497028529644,891.110709100962,39.2010041475296,439.977449834347,117.067435920238,2473.5858631134,2219.82246828079,29.3761029839516,60.1567586362362,224.706273108721,0,908.030703544617,7689.28979840875,1760.2618881166,70.277106076479,354.875014781952,84.0805972516537,5357.5524290204,110.445030331612,40.7164102494717,241.065274655819,6.60121133923531,63.8918024003506,23.540128082037,2785.11361992359,32.0207486748695,4.35820442438126,0,2.04567182064056,0,323.881800472736,298.214171826839,185.13798469305,30.8708543479443,119.97157651186,118.417174965143,368.280427694321,14.9914465844631,1877.78095427155,30.5993597209454,99.59742385149,459.923813164234,5.70726996660233,0,16.7895318567753,3.12343510985374,1181.50295951962,0.46104833483696,8.21740886569023,3.04019206762314,1658.21492943168,0,30.0282151997089,9.72798755764961,1796.63294187188,76.5424140393734,0.640251576900482,4.28081580996513,18.5024713873863,1.52046179771423,72.2813047468662,1523.29038739204
0.843918561935425,2183.71521112323,2.55016857385635,20.0500304996967,5.0465390086174,54.2764582633972,100.087168723345,201.858170419931,909.289120644331,221.066834568977,6373.79105690122,92.6726073622704,0,63.8190106451511,51.9275598824024,182.939192324877,2.57180520892143,63.7177356481552,5.66789835691452,64.9478450417519,39.5830161571503,778.52790158987,28.6283058524132,610.647211134434,12904.181201756,452.548795759678,2604.69406691194,474.869151890278,301.983784854412,16.1765992939472,2044.47967424989,382.401272594929,0,11132.692281276,14.1831769347191,974.146274626255,1443.29058387876,1209.49118041992,136.841560661793,526.617116004229,48.3938481211662,2056.06962400675,154.858384341002,4136.43550875783,192.335162371397,70.4721825122833,174.594244837761,6.94361606240273,451.713440001011,0,394.936849296093,0.342333912849426,0,1.70521876215935,4.83461126685143,1.76104229688644,7.27490666508675,125.066779136658,0,1122.71991088986,2.37285673618317,5922.6259675324,6.1908546090126,10.0972375869751,28.8428616821766,4.28745594620705,193.769126027822,31.7699846923351,0,6.69979378581047,55.9377096891403,5.34339508414268,125.508408933878,700.578657329082,2156.06898158789,3191.24876752496,130.59943446517,10.1106694042683,0,2492.5684671998,7.15133935213089,0,32.0088986456394,17.1245670318604
15769.2497882545,11.587825641036,840.072815671563,420.543351203203,93.4358227849007,962.697858065367,45451.7966268361,18088.7337159216,169.233123272657,8837.34358158708,259.359429836273,1376.11801421642,63.8190106451511,0,306.469798833132,19.0581675171852,1719.46762433648,155.974599912763,343.939953565598,1011.8449511826,2962.4948245585,23.5583437681198,5212.28310924768,190.364767789841,15.7374881505966,584.061576887965,1119.04584388435,6723.8698861897,16932.4075332582,17438.6453282833,12.2732774317265,226.503795266151,38.8766377270222,1561.10992053151,111.296734660864,2100.23690193892,178.621818065643,930.024896427989,911.758738577366,661.04545712471,103.23228392005,27.6940017044544,12.7288699448109,3.89364579319954,13.135612487793,0,43.9658450186253,3.26567584276199,3.06530177593231,0,0,15.7041767090559,2.97992938756943,1.19900691509247,0,4.84443295001984,0.584394454956055,56.0109900534153,2.35413682460785,0,12.8425233066082,6.41373950242996,1.27231311798096,8.02686131000519,38.7112571001053,0,1.71682870388031,0,7.79973447322845,10.5772974789143,3.00452455878258,20.0121800601482,444.338417798281,0,0.433448195457458,57.8029473125935,238.471019536257,0.518786251544952,5.8138684630394,0,0,0,2.26652187108994,16.6462107896805
22.6253468692303,88.3109158873558,33.3706275969744,714.375064700842,4682.59608608484,8721.28265613317,1803.5170006156,1826.14524114132,1173.65958613157,3301.76191750169,79.3424316942692,6124.71550884843,51.9275598824024,306.469798833132,0,223.419743418694,42.307756870985,30.8183447122574,32.6055239737034,1103.98730051517,1364.83163061738,217.93724411726,1131.40375101566,2614.24466341734,76.9005320668221,65.5096353590488,369.95427569747,6485.25531366467,325.930806547403,499.664759844542,6.76810956001282,398.271011829376,11.6464157402515,290.255498528481,6163.68820244074,912.9959243536,124.702311620116,111.840165287256,156.401853114367,4187.77185842395,157.889420002699,25.9140421450138,130.607573032379,1.11021411418915,36.2198741734028,36.7633407711983,1148.00156411529,22.4871450662613,2.434814453125,0,0,8.36293965578079,90.1836947798729,117.035005837679,49.5012843310833,17.7421831488609,20.3911365866661,101.847978621721,32.3790631890297,0.758370459079742,231.173441916704,16.7769745588303,15.5209839046001,181.03247231245,73.4577387273312,0,1.23439168930054,0,35.3372658491135,33.6857017278671,16.2601909041405,15.8871499598026,1113.92829656601,0,1.5218220949173,18.3052713871002,923.388099312782,13.8644976615906,17.2027820944786,0,3.14986503124237,2.16412997245789,15.2038068175316,676.861362755299
14.9359660446644,1292.22500813007,16.9712705314159,0,82.2282630801201,0.482667058706284,16.449929356575,13.6767510771751,445.428696781397,3.21738934516907,80.454882055521,4.48648428916931,182.939192324877,19.0581675171852,223.419743418694,0,30.233963996172,8.14582213759422,30.1795290410519,1.25355291366577,6698.00072473288,14589.9812031686,14549.8788310289,4868.48710259795,534.863133609295,63.8329406678677,9696.64680302143,14872.9240188003,89.737606137991,588.331368565559,11.0186924338341,7.30196937918663,28.7414484620094,560.394412845373,462.899598956108,6425.43747681379,1320.07118096948,601.420840770006,696.5339884758,21.138829767704,24.4180123209953,22.6083312928677,361.441076338291,43.0271045565605,52.9240957200527,71.0056441128254,199.320719212294,16.5096808075905,3.05527585744858,13.5027511715889,15.3664880394936,16.3290386795998,0.880774438381195,18.4392980337143,5.64108368754387,81.9389955997467,45.5552043616772,505.92548558116,5.05710011720657,3.16129896044731,6.92216813564301,13.5041428506374,113.639202952385,29.2549945414066,21946.7407105267,18.3486945033073,0.467132329940796,2.05760046839714,0.469876706600189,2247.8262808919,2528.92991191149,4133.31633117795,2649.70395383239,4.64693030714989,9.47653183341026,2437.68164902925,1858.04393845797,105.860684901476,483.915446549654,1.27607598900795,4.57631814479828,2.42837774753571,50.6870896220207,133.739708304405
775.695090889931,44.9526627063751,36036.8138584793,3.57648420333862,8.92681813240051,20.192548841238,260.855271473527,854.529072061181,8.10008680820465,36.1222079694271,327.134023338556,12.7233984172344,2.57180520892143,1719.46762433648,42.307756870985,30.233963996172,0,438.664997160435,7220.59507110715,14.0335763990879,2852.91375595331,41.7840046882629,16871.6109311134,25.7304807603359,2.49883744120598,24521.968606621,25251.4371861815,353.1441616714,1268.81764264405,1090.63391755521,0,25.2575467824936,52.2085782289505,2194.43657523394,420.800916701555,5122.62413337827,2529.33513979614,720.938268497586,1958.80765856802,51.2706965506077,18.2355980277061,3.39822256565094,112.103106766939,31.5720819234848,47.2285113036633,51.3221451342106,4.22667515277863,1.18178880214691,0,0,59.476307362318,434.416535288095,0,4.06454533338547,0.67118364572525,1.19313082098961,0,2.72167670726776,0,1.78442603349686,1.18402874469757,2.94219636917114,0.698687791824341,1.27216255664825,43.4376074671745,107.315427154303,1.76561245322227,19.4634982347488,0,18.6110042929649,26.0146023035049,188.447859212756,14.5795336961746,1.95067596435547,326.916956692934,2283.58883416653,22.5518535673618,0.914725542068481,2.63903120160103,1.44218647480011,0,0,49.8392107188702,226.624097943306
24.8653671741486,8.49662929773331,106.489081352949,54.1646305918694,1.88513422012329,103.608739584684,383.158443152905,355.012445986271,28.4112105667591,741.573725253344,16022.6600721776,270.005119979382,63.7177356481552,155.974599912763,30.8183447122574,8.14582213759422,438.664997160435,0,2591.99092869461,190.876144915819,144.138292610645,5.64697378873825,285.884431615472,40.8572649657726,30.0245603322983,3818.95316167176,869.630935296416,484.932276129723,1706.34346204996,146.786553502083,97.1972831189632,679.639514237642,6.68818292021751,3273.52386824787,207.332943111658,3902.48652476072,1847.19330731034,2186.17293575406,1405.05512368679,95.9802013337612,45.0777138471603,68.0545761287212,23.9418024420738,114.067110925913,14.7742716670036,7.17229452729225,7.67082333564758,0,3.01017272472382,0,6.60455876588821,9.96255341172218,0,0,0,0,0,4.08452332019806,0,6.62703359127045,3.38150352239609,74.1704984903336,0,0,2.40176165103912,3.48674353957176,17.4539981484413,17.652804851532,0.897716760635376,1.39632937312126,0.492630511522293,5.44111502170563,5.87562382221222,11.8145309984684,331.718075424433,534.047952875495,0.658420503139496,0.326357573270798,0,63.8835479021072,0.435988426208496,0,6.08121785521507,110.13154655695
126.754075467587,31.2760990411043,1534.16904199123,42.4394755065441,5.86619022488594,47.8285984098911,324.063266336918,217.897077724338,12.2795820534229,509.855699405074,3253.76771828532,204.534224718809,5.66789835691452,343.939953565598,32.6055239737034,30.1795290410519,7220.59507110715,2591.99092869461,0,151.548728436232,750.285933747888,18.0362671613693,2023.22552189231,52.512536406517,8.60711887478828,9261.19496308267,8283.96667937934,728.806198194623,1241.80898624659,465.978832677007,7.58980312943459,241.579451531172,31.1392130702734,6679.47275674343,325.794077813625,5666.69589173794,5249.53559662402,2607.24908229709,2428.80155199766,48.6652626097202,25.9277555048466,3.40333783626556,55.4730744957924,56.8090550601482,45.7826419770718,33.7552717328072,2.27569657564163,1.60115405917168,0.379396080970764,0,56.2603773772717,89.0782624781132,0,1.45633900165558,0,0,0,6.8856113255024,1.42803958058357,3.69252020120621,2.73645198345184,11.6864748001099,0,0,13.8391572386026,51.366623878479,20.8308671414852,59.8834232985973,1.13875442743301,0,1.10417005419731,44.6121103018522,6.86638799309731,7.02320325374603,539.448502451181,1849.78266562521,4.61587488651276,0,0,25.0332754850388,0,0,31.3460831642151,248.955466359854
17.2518322169781,12.7937112152576,3.51295909285545,13893.7918040752,432.372374027967,587.76840570569,162.453590035439,1846.99840778112,725.201636999846,3991.56574487686,358.198634892702,17908.456902653,64.9478450417519,1011.8449511826,1103.98730051517,1.25355291366577,14.0335763990879,190.876144915819,151.548728436232,0,6.31230947375298,3.7381696999073,16.437475591898,1130.06074917316,39.4994664788246,306.059662818909,90.0108683407307,2368.1236552,1594.35225966573,22.9728988409042,24.5160355865955,178.493391722441,0,847.523222327232,109.884441167116,2275.75593590736,68.024017482996,272.787319809198,132.055388629436,1317.28956952691,200.686667710543,47.386038005352,105.192420393229,0,36.5676698088646,5.8784387409687,941.52821713686,18.5669150650501,0,0,0,0,168.144558161497,93.3642581403255,31.1246876716614,20.7069245576859,16.9161266088486,63.4610055685043,40.2073255777359,0,281.347203284502,10.3135679364204,11.8373549580574,161.568909317255,4.09248897433281,0,0,0,475.818865060806,0.857482731342316,0,1.21708905696869,931.209230273962,0,0,0,1163.0280803442,7.84115046262741,0.464840441942215,0,0.650568544864655,0,24.515742212534,16.5977690219879
1127.14630827308,96.29927277565,6939.34438294172,0.563376903533936,630.915020346642,41.9802858829498,3855.49062553048,1015.38950899243,103.156157135963,32.9108386337757,84.1580120027065,23.7556358277798,39.5830161571503,2962.4948245585,1364.83163061738,6698.00072473288,2852.91375595331,144.138292610645,750.285933747888,6.31230947375298,0,778.100954174995,68538.9586499035,350.713836461306,58.4569604098797,1514.14555095136,8798.03663502634,6358.99868792295,1500.21037642658,27784.440380007,4.24549275636673,29.0500429272652,341.482115417719,11393.0211564302,2527.28402757645,19035.4400897026,2440.116899997,10846.2894527316,8904.92393991351,142.456720113754,66.8538123071194,18.3100911080837,166.181064665318,14.1427873671055,39.8742133975029,42.7033769190311,88.5721525549889,6.77915728092194,0.811088800430298,4.07980179786682,6.6099688410759,90.2233307361603,0.576126217842102,10.0490032434464,4.50186023116112,49.1564619541168,25.8620334267616,135.584905922413,0,1.42463427782059,4.40817934274673,14.4167974293232,47.4205204546452,9.58751726150513,3394.97798368335,16.750815987587,0,2.25501844286919,0.478059202432632,885.468540132046,282.137187361717,943.323842644691,866.250700563192,0.399575680494308,11.2408684492111,1348.52699941397,771.087285429239,53.2638241350651,274.275855064392,0,5.23396277427673,3.1775159239769,16.9181419014931,553.319338351488
1.3531756401062,2823.86762705445,49.9569651186466,7.09266620874405,79.9246354997158,13.7946853339672,21.3656911253929,56.9683052301407,8537.14373788238,14.3377999067307,312.574588418007,8.55993020534515,778.52790158987,23.5583437681198,217.93724411726,14589.9812031686,41.7840046882629,5.64697378873825,18.0362671613693,3.7381696999073,778.100954174995,0,1239.36061680317,17490.5656050146,1650.6481051743,92.3090935349464,13189.4450068772,2609.34744417667,64.4153448045254,71.2766872644424,59.2932578921318,28.2540121674538,2.95849487185478,290.613578677177,33.7792582213879,644.000126302242,114.186514526606,156.215272992849,70.1093490421772,190.216051757336,14.6895310878754,19.9516950547695,191.366120517254,79.1773188710213,56.3585672974586,45.7676138877869,34.3638779222965,5.81415355205536,5.28976738452911,3.6869084239006,598.659404188395,205.473395615816,0,8.14001470804214,1.89679139852524,10.2201080620289,4.07587978243828,300.495350718498,0.654133558273315,11.093868970871,4.61792957782745,51.2757468819618,5.742660343647,15.85649523139,5436.4107477963,64.7679579257965,2.49954360723495,11.9011246860027,0.537197768688202,263.354008376598,3342.56266954541,1005.6483938694,1212.26789826155,16.0305514931679,83.2654198110104,7565.32754319906,455.818404823542,3.45527705550194,32.5535811185837,17.3952743113041,0,0,27.722922295332,27.0424428284168
2627.91265550256,229.629233181477,29212.8184756339,6.69110643863678,541.790892422199,67.8522284924984,1140.22155068815,1996.28384801745,45.3132542073727,61.6627284884453,147.424846917391,38.497028529644,28.6283058524132,5212.28310924768,1131.40375101566,14549.8788310289,16871.6109311134,285.884431615472,2023.22552189231,16.437475591898,68538.9586499035,1239.36061680317,0,410.465874314308,73.8271284997463,3820.91828469932,50333.7795730829,6037.05568698049,2992.87013553083,7418.894523561,16.98141258955,28.7856138646603,236.163780838251,15174.6145973951,4869.03041896224,40317.3823896348,10949.5480217338,14131.2349293083,16193.0946915746,229.621595025063,180.578362703323,45.4112864136696,342.24660000205,46.2504855394363,100.711660385132,160.610573261976,101.951704055071,6.63278496265411,1.49113529920578,3.62833517789841,38.4264325499535,650.177367866039,1.49130165576935,24.9437399506569,9.59900519251823,28.544256657362,16.4590177536011,101.428036093712,0,3.13907289505005,4.70281487703323,10.7968319654465,42.4436440765858,14.8353379964828,13864.9387296438,114.099708467722,2.33043387532234,7.93628057837486,0,1061.70830053091,736.113509863615,5799.76991510391,955.305258452892,1.28548634052277,46.9940320551395,9008.01481799781,765.696388572454,30.7020571827888,149.524240285158,0,2.99195006489754,1.6815133690834,56.1239881813526,1465.50989803672
7.18875730037689,1850.02971687913,12.1995799541473,2120.78160691261,804.313779562712,62.5373721122742,382.43570715189,335.402649313211,42095.1829733551,396.965881168842,312.467625170946,891.110709100962,610.647211134434,190.364767789841,2614.24466341734,4868.48710259795,25.7304807603359,40.8572649657726,52.512536406517,1130.06074917316,350.713836461306,17490.5656050146,410.465874314308,0,1491.91466885805,151.00603055954,4589.34948951006,23548.765298903,665.345232695341,1417.11782976985,40.6462786793709,69.4460854828358,62.7144945859909,935.758027344942,338.178252667189,3978.76582956314,228.445824980736,462.124258816242,379.611898511648,1648.94533839822,133.623388797045,56.6338379383087,1787.95581847429,54.6876110434532,436.165494740009,125.689012289047,1991.31987556815,332.054332047701,11.826218187809,8.98163372278214,20.5445867478848,11.5095108449459,635.425978660583,369.337924718857,184.646715015173,311.18884396553,327.689543932676,3250.5907228291,202.776049822569,10.9993552267551,687.949222177267,136.645304083824,222.064950555563,595.239065855742,2470.86090180278,6.01292639970779,0,0,163.57607999444,641.464115619659,809.526652932167,320.142632842064,22772.7193500102,7.94245064258575,9.13547632098198,424.935630649328,13730.5316232443,232.213026583195,439.21194010973,0.411851733922958,37.4706648290157,4.69430494308472,261.157522320747,116.211115926504
0.682051599025726,7886.77611193061,0.283993035554886,9.6249760389328,24.0148886144161,17.4313957989216,42.932140737772,82.2258698344231,2043.71041682363,98.462260723114,3141.21468612552,39.2010041475296,12904.181201756,15.7374881505966,76.9005320668221,534.863133609295,2.49883744120598,30.0245603322983,8.60711887478828,39.4994664788246,58.4569604098797,1650.6481051743,73.8271284997463,1491.91466885805,0,653.299157500267,13924.0373061597,353.059489935637,115.703544467688,12.0753124654293,553.020488739014,158.330630242825,1.09454119205475,2473.66372346878,4.5469736456871,344.416979789734,340.732604086399,844.198287576437,41.829208791256,179.746855944395,12.1524545252323,390.491183012724,117.054703474045,552.08428889513,97.458952665329,54.7102618813515,48.8228254914284,2.2740523815155,38.5201489329338,0,535.266514599323,1.2443482875824,0.887986868619919,5.33961170911789,0,0.489362388849258,2.91901570558548,92.894901484251,0.469093143939972,176.959603309631,3.12656590342522,1367.73750510812,2.5873811841011,13.8844578266144,34.7775242030621,16.0604787766933,97.6844114363194,77.3222669363022,0.329075455665588,3.75123834609985,101.089759111404,7.54435831308365,133.644129246473,1286.68857586384,1822.24247705936,5342.37463751435,32.9022722244263,9.21851509809494,1.49308735132217,408.160041570663,5.23338097333908,0,44.8798793256283,3.67551898956299
182.486854165792,831.288987755775,42276.4301002026,98.5559152066708,7.29391747713089,123.236967533827,744.919888600707,570.401138812304,114.343669682741,944.647730961442,6690.87436357141,439.977449834347,452.548795759678,584.061576887965,65.5096353590488,63.8329406678677,24521.968606621,3818.95316167176,9261.19496308267,306.059662818909,1514.14555095136,92.3090935349464,3820.91828469932,151.00603055954,653.299157500267,0,45938.7883933485,1162.26257006824,2016.32883812487,697.956783473492,1089.19852274656,847.280606627464,30.9682198762894,4275.45014896989,1309.45646214485,24478.640308708,14563.6180549413,7081.76465071738,7011.53021758795,203.76281607151,117.704349607229,227.422824621201,963.326068341732,1533.4900919497,715.89308911562,480.313810646534,17.4683909416199,13.9320530891418,47.6338471472263,0,1238.54984968901,399.885041564703,0,3.63314652442932,1.24990648031235,3.44760513305664,2.96893727779388,42.6139660477638,8.4222349524498,147.906323194504,2.09538081288338,957.721896529198,3.73677918314934,4.99964737892151,27.5860159248114,547.139296799898,556.806344568729,937.227103978395,1.17146170139313,19.5718044340611,33.813851416111,182.846604973078,26.1991837620735,501.381564199924,9205.29298013449,27259.0653961897,10.6662502288818,12.0734064280987,22.2264610230923,754.877839297056,5.89579471945763,0,382.188917398453,894.318175017834
395.346382796764,18147.0163937509,16454.6129555404,24.2166986465454,109.934712201357,56.2364596128464,694.909190699458,593.621463447809,3504.91452273726,218.601199001074,756.599708169699,117.067435920238,2604.69406691194,1119.04584388435,369.95427569747,9696.64680302143,25251.4371861815,869.630935296416,8283.96667937934,90.0108683407307,8798.03663502634,13189.4450068772,50333.7795730829,4589.34948951006,13924.0373061597,45938.7883933485,0,8282.52228349447,1108.38157206774,1128.8932864219,848.730253279209,178.296640753746,48.9621124118567,9209.80728341639,3185.29884845018,49214.5991233587,19917.8421023339,11341.3577818871,12535.8509315252,367.288578629494,201.802719607949,146.927763134241,5352.63730722666,3757.68811461329,2720.59821206331,1940.46806269884,80.4134627878666,69.7164964973927,84.27101328969,1.66951340436935,8457.26292473078,12196.1142258346,0.48930835723877,23.6233486235142,2.28769508004189,135.177827745676,12.1118768751621,131.229233026505,19.1242946088314,286.423589944839,13.4278153777122,2022.9865423739,28.6970562934875,37.7166589200497,14446.6832027435,4239.16813737154,850.883380562067,1866.99829775095,1.94315445423126,590.663642078638,3697.88334450126,15034.9762950242,933.520961344242,1564.16638800502,23509.5201831162,177814.697344989,1078.59962791204,35.5254957377911,156.608359009027,1442.81544685364,17.5913206934929,3.71523261070251,1914.64609108865,1588.55311501026
720.985629916191,327.257904082537,621.195991277695,6935.92845851183,1393.90645539761,1412.84519222379,41124.29332605,7191.64941976964,11143.8514701426,5846.74962997437,913.28907006979,2473.5858631134,474.869151890278,6723.8698861897,6485.25531366467,14872.9240188003,353.1441616714,484.932276129723,728.806198194623,2368.1236552,6358.99868792295,2609.34744417667,6037.05568698049,23548.765298903,353.059489935637,1162.26257006824,8282.52228349447,0,12410.7042408586,52692.2470465899,82.3161102831364,641.449897140265,1680.94488608837,9304.85616485775,3622.29986998439,26403.9503723383,1453.43785408139,6740.78391170502,6106.34634387493,3162.72762584686,999.414448320866,243.096671491861,2891.66024971008,46.9555481076241,692.206095516682,243.157692760229,3310.01036584377,448.091179132462,28.3550701439381,16.2072757184505,18.3567339479923,26.7029009908438,826.295874148607,513.972475349903,176.076848417521,643.387960195541,369.931496351957,2410.62423917651,389.728180259466,4.85374715924263,1069.76617330313,213.573064893484,350.371119350195,900.685658127069,3767.91279086471,7.53231027722359,0,0,378.17077049613,1348.06594252586,521.006651610136,603.624363034964,31511.6049885154,3.44136732816696,3.66502368450165,826.368453368545,23289.8928876519,370.398369401693,1226.98491150141,0.875177621841431,9.85488930344582,13.3510680794716,441.300662785769,602.821848660707
13460.9632108808,56.6159610450268,236.193185776472,625.210246324539,56.3988101780415,640.345763355494,9412.2548584044,3377.56640605628,344.620664060116,6837.21548068523,2947.67336495221,2219.82246828079,301.983784854412,16932.4075332582,325.930806547403,89.737606137991,1268.81764264405,1706.34346204996,1241.80898624659,1594.35225966573,1500.21037642658,64.4153448045254,2992.87013553083,665.345232695341,115.703544467688,2016.32883812487,1108.38157206774,12410.7042408586,0,32057.2578596175,181.883274823427,449.157581627369,5356.44836297631,5648.850284338,189.7442676723,4008.05739492178,303.467029094696,2025.33571790159,1167.20453292131,748.496484816074,270.546378701925,110.99243748188,33.2219967842102,39.8739442825317,7.54408511519432,4.15550082921982,136.094487160444,9.90156251192093,9.38220030069351,0.876080930233002,6.12747293710709,5.91103357076645,6.52536138892174,5.04045441746712,0,10.0969109535217,0,103.344104588032,1.98131877183914,6.9993571639061,46.9639979600906,45.6840760707855,2.31783446669579,8.84912085533142,133.553786367178,1.23889136314392,0.687822043895721,2.62880003452301,17.0370392501354,53.3289040029049,15.5284865498543,14.0991341471672,799.65518373251,3.45378476381302,22.2463147938251,56.548810839653,420.965091943741,1.90644860267639,22.556725859642,0.91257917881012,0.467876613140106,0,7.27404448390007,35.087145626545
25305.4593631029,10.8007761538029,962.515793770552,4.15930378437042,162.829276502132,152.823375582695,7566.89880508184,4723.467903018,133.461407601833,134.36295953393,85.2892871797085,29.3761029839516,16.1765992939472,17438.6453282833,499.664759844542,588.331368565559,1090.63391755521,146.786553502083,465.978832677007,22.9728988409042,27784.440380007,71.2766872644424,7418.894523561,1417.11782976985,12.0753124654293,697.956783473492,1128.8932864219,52692.2470465899,32057.2578596175,0,15.1598201096058,49.1112864911556,5026.50329059362,10497.0234038383,365.933040678501,2322.00106847286,323.458782076836,4289.67678654194,2367.40638995171,161.898590475321,104.508985161781,10.6176046133041,86.362826436758,8.24370685219765,14.2783464789391,11.0413078069687,67.8408429026604,9.41916766762733,0.858818709850311,0.637212872505188,2.22499346733093,19.8223804235458,0,1.558349609375,1.90196871757507,9.12106341123581,13.174028724432,113.836551338434,0.962482810020447,1.31005990505219,5.52842611074448,13.2352502346039,16.2415978610516,3.65311229228973,511.2975692451,4.61708718538284,0,0,0,220.063121110201,36.3320823907852,68.240500330925,799.790809333324,0,2.26987160742283,82.6737879365683,625.736794680357,7.82853978872299,46.4080545604229,0,0,0,5.15205016732216,108.222436547279
0.356172978878021,80.9645884037018,1.97183066606522,9.04381263256073,0.996457040309906,19.9115135073662,52.9784265458584,70.0027146041393,67.6486381292343,92.8908600211143,869.355010390282,60.1567586362362,2044.47967424989,12.2732774317265,6.76810956001282,11.0186924338341,0,97.1972831189632,7.58980312943459,24.5160355865955,4.24549275636673,59.2932578921318,16.98141258955,40.6462786793709,553.020488739014,1089.19852274656,848.730253279209,82.3161102831364,181.883274823427,15.1598201096058,0,186.350378066301,0.544849753379822,495.525408625603,27.4705696105957,891.332679659128,800.379838824272,517.523156404495,189.338672250509,47.5324229001999,13.1278482675552,133.6869828403,45.8283410668373,793.34847676754,76.2566587328911,28.926980227232,8.41626751422882,0,40.5738856196404,0,47.7464648485184,0.482993870973587,0,0,0,0,0,11.5557173490524,0,149.219301104546,0,993.093326717615,0,0.479894071817398,2.74229371547699,1.13259226083755,100.488839775324,12.6917693912983,0.581091344356537,0,3.02534663677216,0,8.69827479124069,192.1275164783,972.850804269314,1211.53456276655,5.08265173435211,0,0,631.35546952486,2.06105464696884,0,15.5824390053749,18.618989855051
13.8188490271568,58.6995557844639,10.312628403306,78.5402044653893,385.242678701878,351.095550477505,452.726008206606,1198.98392912745,109.434496700764,755.929699957371,2559.55699205399,224.706273108721,382.401272594929,226.503795266151,398.271011829376,7.30196937918663,25.2575467824936,679.639514237642,241.579451531172,178.493391722441,29.0500429272652,28.2540121674538,28.7856138646603,69.4460854828358,158.330630242825,847.280606627464,178.296640753746,641.449897140265,449.157581627369,49.1112864911556,186.350378066301,0,2.56276232004166,7341.90860703588,177.551347613335,3139.60787656903,195.413737088442,720.802481532097,370.208118855953,2706.18640613556,6265.34175637364,218.767889678478,16.0631197690964,22.6739008128643,1.96419489383698,0,86.3196308910847,0.539458155632019,5.25611311197281,0,2.31421440839767,0,0.408925592899323,3.16511362791061,0,0.810296356678009,1.3424289226532,7.23052424192429,0,4.07422232627869,10.5240926742554,24.3808532655239,0,7.9347922205925,1.6971989274025,0.341348439455032,0,0,1.15614199638367,0,0,2.30537110567093,74.6269293427467,1.57970261573792,3.29950687289238,6.03425040841103,28.6159780025482,0,0.432091414928436,3.50954985618591,0,0,2.19739973545074,24.4063229262829
14.9773187935352,0.410433858633041,7.86375004053116,0,2.19056332111359,0,170.430712670088,11.9238920658827,5.807388484478,0,4.299839168787,0,0,38.8766377270222,11.6464157402515,28.7414484620094,52.2085782289505,6.68818292021751,31.1392130702734,0,341.482115417719,2.95849487185478,236.163780838251,62.7144945859909,1.09454119205475,30.9682198762894,48.9621124118567,1680.94488608837,5356.44836297631,5026.50329059362,0.544849753379822,2.56276232004166,0,736.731106728315,4.33015987277031,42.9377038478851,11.6043107360601,160.955931037664,52.8491430282593,3.23138868808746,0.688209176063538,0.667694985866547,3.44315969944,0,1.85862135887146,0,4.76532262563705,0,0,0,0,0,0.502379179000854,0,0,2.18866115808487,1.37397608160973,6.71487653255463,0,0,1.40620851516724,2.07914036512375,0.365611582994461,0.662133097648621,29.7613095343113,0.806430637836456,0,0,0,12.3251521289349,0.722324669361115,3.78006997704506,33.0969638228416,0,0,2.68475586175919,31.7753708660603,1.39877316355705,4.42793306708336,0,0,0,0,1.12036049365997
471.82892909646,1002.50116103888,1202.01182830334,450.331024467945,88.6850889623165,404.905239850283,2554.7823523581,1635.56819668412,441.28095471859,3090.74882262945,12861.9342657924,908.030703544617,11132.692281276,1561.10992053151,290.255498528481,560.394412845373,2194.43657523394,3273.52386824787,6679.47275674343,847.523222327232,11393.0211564302,290.613578677177,15174.6145973951,935.758027344942,2473.66372346878,4275.45014896989,9209.80728341639,9304.85616485775,5648.850284338,10497.0234038383,495.525408625603,7341.90860703588,736.731106728315,0,609.379796296358,11117.3219468892,3610.23648349941,4073.57363821566,5323.51385903358,3421.46210241318,3408.30933883786,2642.83114701509,629.304308116436,294.049152463675,1190.56678113341,333.774668097496,2876.48433658481,331.708021789789,337.662194997072,3.1958359181881,89.4067919254303,127.619049429893,31.0119847655296,55.5163737237453,148.484816372395,111.353712469339,158.319607198238,127.435607850552,61.4031100273132,234.662484377623,79.981632143259,920.222003281116,115.333173811436,46.4402701854706,371.521071881056,30.5408467650414,28.7025038301945,11.8926801681519,22.9065317809582,162.563347786665,45.0782527327538,168.472519084811,1616.18412736058,145.254761904478,229.466346979141,1159.59163692594,1674.40042504668,98.2434671223164,267.558483541012,188.599425852299,63.4066072106361,0.53413063287735,44.8366524577141,290.327816426754
28.9096572995186,11.4948047399521,426.809233009815,83.5636428594589,3077.79285481572,6426.48127913475,557.97425442934,2688.66717106104,60.3670976161957,6419.98511815071,117.398046314716,7689.28979840875,14.1831769347191,111.296734660864,6163.68820244074,462.899598956108,420.800916701555,207.332943111658,325.794077813625,109.884441167116,2527.28402757645,33.7792582213879,4869.03041896224,338.178252667189,4.5469736456871,1309.45646214485,3185.29884845018,3622.29986998439,189.7442676723,365.933040678501,27.4705696105957,177.551347613335,4.33015987277031,609.379796296358,0,6733.81014302373,2546.67433524132,304.996478825808,3092.86005121469,340.430422276258,246.303401827812,36.1739845871925,1079.60398125648,308.963800191879,164.441430300474,1485.18214327097,71.7136183977127,81.9464094042778,1.49904346466064,1.67746415734291,5.88700371980667,36.7469916045666,17.6577905118465,228.66593837738,131.165776133537,38.4330572485924,37.8339035511017,33.1012054681778,35.864906668663,11.4637492895126,2683.9075717032,27.6461602151394,8.9257504940033,284.768454343081,187.795408308506,24.8834399580956,28.5925042629242,16.4355798959732,2.76208955049515,176.862059742212,4.2851967215538,601.205420702696,219.070746928453,0.635029256343842,221.535784542561,433.053449362516,438.937048822641,10.0887998044491,63.3922957181931,7.02295559644699,1.77692657709122,0,13.8442563712597,280992.553226441
236.147433668375,317.431294858456,5592.1254799515,1037.39846014977,351.664267003536,2569.54450640082,4781.56160607934,6411.40742731094,1014.08956062794,7122.69001069665,3764.26834246516,1760.2618881166,974.146274626255,2100.23690193892,912.9959243536,6425.43747681379,5122.62413337827,3902.48652476072,5666.69589173794,2275.75593590736,19035.4400897026,644.000126302242,40317.3823896348,3978.76582956314,344.416979789734,24478.640308708,49214.5991233587,26403.9503723383,4008.05739492178,2322.00106847286,891.332679659128,3139.60787656903,42.9377038478851,11117.3219468892,6733.81014302373,0,20823.7803916633,6279.04308213294,11240.1812657118,10883.4596152604,3712.07319146395,868.782301455736,2477.69873449206,190.554709076881,199.262622475624,247.076748669147,688.250110924244,138.991117626429,21.0678287148476,0.535258829593658,97.0367299318314,477.11635658145,80.4844573140144,60.2586688697338,18.4400304555893,141.002315819263,37.1231790482998,437.800119131804,35.017482727766,30.0674341917038,108.591104745865,317.525859832764,44.787881821394,114.441832542419,1007.08960825205,105.392826467752,9.42375773191452,30.4695204496384,43.1498219370842,268.829859972,148.418533653021,604.257512420416,5977.01740777493,17.8725990653038,406.535411119461,3773.55574154854,3879.47852623463,54.2107132673264,280.119807571173,30.7178966999054,3.9437138736248,1.45419311523438,101.259202748537,1490.01355084777
62.0971373468637,185.137105673552,2240.79421336949,26.5034617781639,27.6248220205307,41.0529651641846,183.430406853557,201.752724453807,55.1410048604012,233.119868457317,2547.29254850745,70.277106076479,1443.29058387876,178.621818065643,124.702311620116,1320.07118096948,2529.33513979614,1847.19330731034,5249.53559662402,68.024017482996,2440.116899997,114.186514526606,10949.5480217338,228.445824980736,340.732604086399,14563.6180549413,19917.8421023339,1453.43785408139,303.467029094696,323.458782076836,800.379838824272,195.413737088442,11.6043107360601,3610.23648349941,2546.67433524132,20823.7803916633,0,11316.8156318069,19223.8383232951,350.249628096819,413.463602125645,1870.65525299311,98.1888434886932,1304.87327504158,50.9450700581074,126.653067529202,81.7383205592632,1.73891738057137,194.707712680101,0,223.192411243916,168.722828984261,0.378571003675461,22.4784258008003,0.934155285358429,6.61369401216507,6.36310058832169,59.6081302165985,0.350323468446732,401.734291881323,4.12048977613449,1591.3511082828,5.80065253376961,6.57369190454483,158.741391301155,32.4597278535366,30.3451204299927,27.7805937230587,0.539044857025146,29.3131465315819,62.3682062029839,145.992862090468,113.628597050905,128.334330797195,533.382903248072,2158.55773729086,108.071883171797,5.20534524321556,16.7275409400463,434.853042960167,1.10750100016594,0,24.8433409631252,1582.00532352924
281.032007917762,546.08731251955,940.163602948189,168.102187484503,18.9772210419178,160.285820990801,1354.67519468069,782.292887672782,177.172523766756,1089.4500361681,3597.87879881263,354.875014781952,1209.49118041992,930.024896427989,111.840165287256,601.420840770006,720.938268497586,2186.17293575406,2607.24908229709,272.787319809198,10846.2894527316,156.215272992849,14131.2349293083,462.124258816242,844.198287576437,7081.76465071738,11341.3577818871,6740.78391170502,2025.33571790159,4289.67678654194,517.523156404495,720.802481532097,160.955931037664,4073.57363821566,304.996478825808,6279.04308213294,11316.8156318069,0,7314.24029931426,825.445076704025,450.57947409153,3461.25377812982,122.225510805845,98.2050856947899,26.2102047801018,20.5394456386566,273.788446843624,11.5007185935974,8.82644802331924,0,39.1690582633018,107.884188920259,3.04109525680542,3.19207376241684,7.86273115873337,4.79546383023262,4.31098541617393,40.423678278923,2.79775285720825,13.5185663700104,7.38354179263115,97.9213446974754,6.74945414066315,13.5548657774925,244.478817224503,17.4995178580284,11.0474599003792,12.2779428362846,3.92560356855392,32.2134535312653,27.7640063762665,157.730841457844,491.909487098455,13.4305481612682,167.999380558729,1091.49121242762,393.941502124071,2.13986986875534,27.2040266394615,43.4689493775368,0.770551800727844,0,9.08505925536156,171.826940745115
245.283751130104,61.7539790272713,1632.50151237845,66.2527406811714,25.2547504901886,64.9418343007565,981.04421594739,573.300578773022,62.3236066102982,392.400276213884,702.260295838118,84.0805972516537,136.841560661793,911.758738577366,156.401853114367,696.5339884758,1958.80765856802,1405.05512368679,2428.80155199766,132.055388629436,8904.92393991351,70.1093490421772,16193.0946915746,379.611898511648,41.829208791256,7011.53021758795,12535.8509315252,6106.34634387493,1167.20453292131,2367.40638995171,189.338672250509,370.208118855953,52.8491430282593,5323.51385903358,3092.86005121469,11240.1812657118,19223.8383232951,7314.24029931426,0,641.791470080614,1253.38475623727,600.188130527735,116.92336550355,72.2847855091095,79.7767760455608,284.79996997118,135.812364935875,15.5888783931732,1.71953219175339,0,23.4402199089527,116.236877679825,2.72431468963623,21.5197084844112,2.12190699577332,14.0605006217957,3.36665603518486,23.1225710213184,5.49853384494781,8.14353597164154,9.37356460094452,29.1342714428902,7.06115075945854,4.5952268242836,186.565589696169,38.3856107294559,4.12259685993195,14.6960593760014,1.1627591252327,35.0089513361454,18.377343505621,209.268254160881,351.206951618195,9.81762456893921,176.869629174471,1147.05102133751,274.183866858482,2.4829044342041,20.5921975970268,14.3113456964493,0,1.70474112033844,12.7025505900383,2541.99337103963
57.6362825632095,113.357252448797,56.6920703053474,819.440232396126,9284.41747555137,13942.1185950637,1527.37455445528,5543.32661938667,1544.85745453835,3437.28856778145,644.036899149418,5357.5524290204,526.617116004229,661.04545712471,4187.77185842395,21.138829767704,51.2706965506077,95.9802013337612,48.6652626097202,1317.28956952691,142.456720113754,190.216051757336,229.621595025063,1648.94533839822,179.746855944395,203.76281607151,367.288578629494,3162.72762584686,748.496484816074,161.898590475321,47.5324229001999,2706.18640613556,3.23138868808746,3421.46210241318,340.430422276258,10883.4596152604,350.249628096819,825.445076704025,641.791470080614,0,1248.04156377912,301.651075541973,607.149446308613,4.30077701807022,176.027227312326,64.419381737709,4937.54801785946,213.449022859335,38.9765057861805,0,0,3.17968642711639,282.983655542135,578.84021922946,253.059199124575,77.2831413149834,131.463833808899,146.90600541234,126.216175466776,4.87594595551491,700.890569448471,248.626182585955,80.8720741569996,651.924996346235,112.686582803726,1.70934820175171,1.18311035633087,2.79366779327393,136.282872706652,57.1914063990116,15.6306964755058,22.0051774382591,3065.64900380373,0,6.45128288865089,27.4289911687374,3167.58753979206,77.7261448800564,91.6167234778404,1.18196034431458,20.5432779192924,4.18137028813362,75.6886011362076,102.953104883432
10.1835980713367,3.84261202812195,25.2539136111736,100.966962188482,1286.52058061957,582.646656274796,499.373284310102,221.067694604397,61.7511893212795,632.062694460154,128.380472838879,110.445030331612,48.3938481211662,103.23228392005,157.889420002699,24.4180123209953,18.2355980277061,45.0777138471603,25.9277555048466,200.686667710543,66.8538123071194,14.6895310878754,180.578362703323,133.623388797045,12.1524545252323,117.704349607229,201.802719607949,999.414448320866,270.546378701925,104.508985161781,13.1278482675552,6265.34175637364,0.688209176063538,3408.30933883786,246.303401827812,3712.07319146395,413.463602125645,450.57947409153,1253.38475623727,1248.04156377912,0,438.245905220509,58.2870763540268,0,3.67533606290817,14.4503364562988,99.7129582762718,4.69523674249649,0.993081033229828,0,0,0.643991529941559,3.24073529243469,3.51404738426208,0,1.48018443584442,2.55567330121994,15.1386767029762,3.35001659393311,0,7.96269088983536,5.82102686166763,1.06608566641808,1.46698582172394,15.7236993908882,1.68779826164246,0,0,0,4.36802262067795,2.69088327884674,1.82787436246872,242.475176423788,0,4.25200521945953,15.6033017933369,197.100429654121,0,8.31063729524612,0,0.553908824920654,0,1.51397559046745,82.763184517622
1.17280387878418,123.50877147913,3.56299781799316,5.95330959558487,6.83265006542206,33.5102742612362,77.3484031558037,132.91399911046,26.8669388890266,132.924890011549,2402.58259418607,40.7164102494717,2056.06962400675,27.6940017044544,25.9140421450138,22.6083312928677,3.39822256565094,68.0545761287212,3.40333783626556,47.386038005352,18.3100911080837,19.9516950547695,45.4112864136696,56.6338379383087,390.491183012724,227.422824621201,146.927763134241,243.096671491861,110.99243748188,10.6176046133041,133.6869828403,218.767889678478,0.667694985866547,2642.83114701509,36.1739845871925,868.782301455736,1870.65525299311,3461.25377812982,600.188130527735,301.651075541973,438.245905220509,0,19.1020247340202,52.0474920868874,1.0470515191555,3.10741555690765,87.1443568468094,0,7.98233085870743,0,4.39644420146942,0,0,1.83376491069794,2.62023586034775,0,2.82358664274216,4.43172806501389,0,11.4217790365219,3.2125746011734,63.1411100327969,0,4.73783785104752,8.7857638001442,0,0.729893267154694,1.90841591358185,1.18711805343628,5.67033034563065,0.528438746929169,1.72339498996735,70.3090277314186,2.18704044818878,26.3353099524975,32.7869525253773,68.7448522746563,0.434325963258743,1.04092007875443,14.5270047783852,1.24860727787018,0,1.12632346153259,13.2602505683899
3.48326250910759,145.776242703199,493.651765793562,166.786045849323,38.6193885803223,11.1933895945549,218.894068539143,29.0666805207729,389.988800883293,56.5004433691502,103.829610556364,241.065274655819,154.858384341002,12.7288699448109,130.607573032379,361.441076338291,112.103106766939,23.9418024420738,55.4730744957924,105.192420393229,166.181064665318,191.366120517254,342.24660000205,1787.95581847429,117.054703474045,963.326068341732,5352.63730722666,2891.66024971008,33.2219967842102,86.362826436758,45.8283410668373,16.0631197690964,3.44315969944,629.304308116436,1079.60398125648,2477.69873449206,98.1888434886932,122.225510805845,116.92336550355,607.149446308613,58.2870763540268,19.1020247340202,0,19460.4584562778,9586.84824325144,13684.0635848343,12856.6099528968,6386.15124809742,478.960219353437,77.7327209413052,165.660585254431,4179.35923698545,1151.48383700848,698.133458763361,2926.77797466516,2098.04754269123,3617.13002514839,516.187725514174,2567.27301058173,1659.72135916352,1666.96641242504,4777.16061127186,1940.52893492579,622.574648708105,13503.0474391282,4013.25912231207,3284.35107475519,2383.22361302376,591.233669489622,10705.282800585,150.614169359207,38392.9381552041,8057.25924944878,84.4534419476986,21669.9421967864,44777.4078633487,22512.4052787423,2016.99754074216,2620.87350422144,1378.88273146749,1271.60322096944,38.3516475856304,1814.31659170985,8651.41644595563
0.921405911445618,228.934998303652,95.0636401772499,3.31066361069679,4.10357022285461,4.19311821460724,2.72894865274429,18.0485041737556,63.5937430560589,5.62124145030975,2060.7442368567,6.60121133923531,4136.43550875783,3.89364579319954,1.11021411418915,43.0271045565605,31.5720819234848,114.067110925913,56.8090550601482,0,14.1427873671055,79.1773188710213,46.2504855394363,54.6876110434532,552.08428889513,1533.4900919497,3757.68811461329,46.9555481076241,39.8739442825317,8.24370685219765,793.34847676754,22.6739008128643,0,294.049152463675,308.963800191879,190.554709076881,1304.87327504158,98.2050856947899,72.2847855091095,4.30077701807022,0,52.0474920868874,19460.4584562778,0,14264.953761816,28556.5864358246,372.851310312748,863.345998346806,1392.49440968037,6.10582947731018,234.608639150858,1629.26965683699,13.5093128979206,120.936075150967,32.9923751652241,165.2805801332,92.0329728722572,50.2455699145794,64.1578775644302,1962.79342585802,78.1378221511841,3949.47847610712,96.0317457914352,235.969824671745,2065.79832646251,1897.91591492295,1525.66849699616,1357.94433245063,18.2581053972244,1303.54563704133,38.6204849481583,6187.41055178642,452.39719504118,235.406686246395,12310.8320085704,17528.0357820094,1418.84401601553,138.344344973564,419.066981881857,2418.51796618104,52.8603346943855,3.95160776376724,770.614192008972,2318.71047413349
0,82.1825585961342,195.110725700855,69.3832569122314,9.74256363511086,3.5007119178772,68.5068072378635,7.33101028203964,95.8913955390453,19.1737886965275,82.3689031898975,63.8918024003506,192.335162371397,13.135612487793,36.2198741734028,52.9240957200527,47.2285113036633,14.7742716670036,45.7826419770718,36.5676698088646,39.8742133975029,56.3585672974586,100.711660385132,436.165494740009,97.458952665329,715.89308911562,2720.59821206331,692.206095516682,7.54408511519432,14.2783464789391,76.2566587328911,1.96419489383698,1.85862135887146,1190.56678113341,164.441430300474,199.262622475624,50.9450700581074,26.2102047801018,79.7767760455608,176.027227312326,3.67533606290817,1.0470515191555,9586.84824325144,14264.953761816,0,9123.40322452784,594.354309499264,2409.7250546515,2450.06924039125,115.477084010839,229.399183005095,1937.47384026647,554.060450494289,204.073517143726,418.867232948542,2365.87405797839,1184.71188673377,188.66694137454,1437.80501380563,2397.40116408467,837.750541031361,5447.00713220239,1153.60967808962,124.771965920925,2026.39569541812,1456.99111875892,2989.73152127862,1500.55924472213,406.519485861063,9662.44803607464,49.2117101550102,22063.2070909142,1670.94160848856,169.993217289448,11537.8206213713,18256.8619614244,13021.1994282901,1894.14343684912,5154.38112309575,1089.8732714057,520.026801288128,149.157304257154,1424.86973758042,955.556796044111
1.10104930400848,44.2074225842953,132.104634106159,17.9146666526794,30.1393096446991,5.28312027454376,26.8404806256294,9.44580394029617,31.4908846020699,8.70935225486755,25.2065232098103,23.540128082037,70.4721825122833,0,36.7633407711983,71.0056441128254,51.3221451342106,7.17229452729225,33.7552717328072,5.8784387409687,42.7033769190311,45.7676138877869,160.610573261976,125.689012289047,54.7102618813515,480.313810646534,1940.46806269884,243.157692760229,4.15550082921982,11.0413078069687,28.926980227232,0,0,333.774668097496,1485.18214327097,247.076748669147,126.653067529202,20.5394456386566,284.79996997118,64.419381737709,14.4503364562988,3.10741555690765,13684.0635848343,28556.5864358246,9123.40322452784,0,1614.79496368766,4009.45230293274,680.119057446718,67.9539085328579,51.2376606464386,1773.22872593999,44.601547986269,382.416016161442,75.7604086995125,1083.02156695724,413.421343624592,61.218994140625,143.7543156147,337.90970107913,108.724686950445,2016.01482883096,588.319854617119,520.818257540464,3191.63207903504,2303.70126411319,1278.98844444752,1230.41232270002,21.2520328760147,7126.38650363684,20.6358093619347,21830.3383320868,1051.82862383127,29.1178495287895,8824.69577914476,16772.6213316321,8207.91814544797,677.516953885555,2272.73153856397,373.400597155094,46.3563338518143,29.7684296071529,775.815774053335,6620.49771991372
2.64851832389832,22.4791235923767,2.56163030862808,1162.41900971532,611.741842627525,104.518249630928,188.515393435955,206.711198836565,1286.08555531502,466.115465670824,183.672153741121,2785.11361992359,174.594244837761,43.9658450186253,1148.00156411529,199.320719212294,4.22667515277863,7.67082333564758,2.27569657564163,941.52821713686,88.5721525549889,34.3638779222965,101.951704055071,1991.31987556815,48.8228254914284,17.4683909416199,80.4134627878666,3310.01036584377,136.094487160444,67.8408429026604,8.41626751422882,86.3196308910847,4.76532262563705,2876.48433658481,71.7136183977127,688.250110924244,81.7383205592632,273.788446843624,135.812364935875,4937.54801785946,99.7129582762718,87.1443568468094,12856.6099528968,372.851310312748,594.354309499264,1614.79496368766,0,1951.96861004829,293.088581621647,8.33031466603279,368.275946259499,44.8855948150158,592.508302539587,21517.5226400495,5708.53832146525,646.375860959291,3137.59569919109,2593.02939110994,2083.49392586946,131.347532272339,4096.56980979443,2607.44564837217,498.477956652641,2224.20143175125,311.789904356003,50.4751208126545,93.8995297849178,18.1449682414532,473.489208906889,449.04351568222,709.496412009001,1040.62388399243,3230.32482296228,200.065474927425,268.02475810051,865.374743640423,3233.69137400389,293.9050976336,237.286435782909,36.3279681801796,551.659606009722,2.32406631112099,112.308251351118,188.611499518156
1.59060454368591,3.65534085035324,1.86374846100807,33.9989421963692,3.81765407323837,0,39.4952136576176,7.93668580055237,55.2982775270939,6.43470603227615,1.11763298511505,32.0207486748695,6.94361606240273,3.26567584276199,22.4871450662613,16.5096808075905,1.18178880214691,0,1.60115405917168,18.5669150650501,6.77915728092194,5.81415355205536,6.63278496265411,332.054332047701,2.2740523815155,13.9320530891418,69.7164964973927,448.091179132462,9.90156251192093,9.41916766762733,0,0.539458155632019,0,331.708021789789,81.9464094042778,138.991117626429,1.73891738057137,11.5007185935974,15.5888783931732,213.449022859335,4.69523674249649,0,6386.15124809742,863.345998346806,2409.7250546515,4009.45230293274,1951.96861004829,0,403.920217335224,4.26771479845047,8.4486899971962,86.2965707480907,347.968167692423,5584.84521794319,1172.47891628742,432.092453986406,490.361190110445,137.177804499865,760.627283602953,391.632693201303,524.027161628008,4511.73431134224,145.009602934122,87.5140950977802,97.3214594721794,86.5986578166485,95.4141421020031,35.0501144528389,221.980204284191,134.759186893702,7.58931612968445,608.080129057169,789.486868590117,0.484371036291122,381.985722750425,627.948693007231,2519.81061843038,141.726199060678,132.624514371157,47.8206209540367,2488.96347013116,5.90891733765602,650.915681600571,377.358170628548
0,17.0550063252449,0,0,0,0,1.81042844057083,7.66043981909752,4.83911129832268,0,227.589090496302,4.35820442438126,451.713440001011,3.06530177593231,2.434814453125,3.05527585744858,0,3.01017272472382,0.379396080970764,0,0.811088800430298,5.28976738452911,1.49113529920578,11.826218187809,38.5201489329338,47.6338471472263,84.27101328969,28.3550701439381,9.38220030069351,0.858818709850311,40.5738856196404,5.25611311197281,0,337.662194997072,1.49904346466064,21.0678287148476,194.707712680101,8.82644802331924,1.71953219175339,38.9765057861805,0.993081033229828,7.98233085870743,478.960219353437,1392.49440968037,2450.06924039125,680.119057446718,293.088581621647,403.920217335224,0,0,429.661331534386,1.7623348236084,19.2937127053738,12.8483987152576,24.1509350240231,14.0374245345592,34.2830485403538,109.423569560051,56.0616625249386,2408.34255132079,63.327663898468,5356.24388501048,12.8449137508869,15.9099324345589,22.7752928137779,0,59.8887999653816,6.28407770395279,17.0455130636692,6.02381497621536,37.6315320134163,15.0275726616383,105.577008754015,181.036317527294,292.800528734922,214.832327187061,115.75773653388,17.7514998614788,13.6190778017044,682.396610319614,45.0854549407959,0,48.9805817604065,4.1611333489418
0,0,0,0.635911703109741,0,0,1.36692297458649,0,0.527234494686127,0,0,0,0,0,0,13.5027511715889,0,0,0,0,4.07980179786682,3.6869084239006,3.62833517789841,8.98163372278214,0,0,1.66951340436935,16.2072757184505,0.876080930233002,0.637212872505188,0,0,0,3.1958359181881,1.67746415734291,0.535258829593658,0,0,0,0,0,0,77.7327209413052,6.10582947731018,115.477084010839,67.9539085328579,8.33031466603279,4.26771479845047,0,0,0,8.86011749505997,3.20827543735504,3.21344363689423,12.7202391922474,19980.3586474657,212.139516502619,2.88739579916,28.9930864870548,4.60254085063934,13.1682600677013,1.37104898691177,5987.94199731946,7.9897318482399,8.97068145871162,56.4157128036022,8.18543034791946,3.26513296365738,2.82016658782959,71.6113606393337,0,192.932455599308,30.2963683903217,0,21.0587703585625,29.2106283307076,310.445193678141,4912.81951111555,3534.83502185345,0.620298147201538,8.77107760310173,25.6596971452236,205.720716238022,14.2316625714302
0,1493.95686650276,66.6688954234123,0,0,0.511003077030182,1.63847404718399,0.925703465938568,29.7203438878059,0.889916718006134,164.660360574722,2.04567182064056,394.936849296093,0,0,15.3664880394936,59.476307362318,6.60455876588821,56.2603773772717,0,6.6099688410759,598.659404188395,38.4264325499535,20.5445867478848,535.266514599323,1238.54984968901,8457.26292473078,18.3567339479923,6.12747293710709,2.22499346733093,47.7464648485184,2.31421440839767,0,89.4067919254303,5.88700371980667,97.0367299318314,223.192411243916,39.1690582633018,23.4402199089527,0,0,4.39644420146942,165.660585254431,234.608639150858,229.399183005095,51.2376606464386,368.275946259499,8.4486899971962,429.661331534386,0,0,91.9810969829559,3.84852707386017,108.050648361444,8.18054819107056,3.27951619029045,1.62838208675385,1693.59980678558,8.9259866476059,130.008406400681,44.9043032228947,3999.32898813486,3.40308454632759,199.692385643721,1391.85409986973,81.6401068270206,9.72231024503708,43.8438449203968,1.63677763938904,101.500021696091,1988.51126992702,69.1817899048328,2114.71462419629,3340.62843579054,209.404475450516,23142.0793882012,102.302725464106,2.59725588560104,7.03634631633759,33.8159331083298,4.76225164532661,0,83.6045097708702,5.88598668575287
3.42963853478432,245.845057547092,2150.6111484468,0,1.35848939418793,0,12.9542459845543,1.17197471857071,3.56076517701149,0,1.33187925815582,0,0.342333912849426,15.7041767090559,8.36293965578079,16.3290386795998,434.416535288095,9.96255341172218,89.0782624781132,0,90.2233307361603,205.473395615816,650.177367866039,11.5095108449459,1.2443482875824,399.885041564703,12196.1142258346,26.7029009908438,5.91103357076645,19.8223804235458,0.482993870973587,0,0,127.619049429893,36.7469916045666,477.11635658145,168.722828984261,107.884188920259,116.236877679825,3.17968642711639,0.643991529941559,0,4179.35923698545,1629.26965683699,1937.47384026647,1773.22872593999,44.8855948150158,86.2965707480907,1.7623348236084,8.86011749505997,91.9810969829559,0,3.05225449800491,21.7363976240158,35.9424204826355,823.818575143814,375.753135353327,4.28860318660736,70.5471973419189,77.6651246547699,8.66477325558662,53.4827566444874,308.309990108013,43.7184202075005,53.268164485693,16269.294285208,155.120591878891,1092.4334616363,3.83223801851273,1584.35416060686,22.5481982827187,34377.8118768036,41.6625358760357,0.838376402854919,37895.0778373778,24123.3257674873,2044.93185761571,214.184309780598,337.263090193272,1.0580170750618,11.523031026125,8.4158379137516,1142.68366876245,305.905719280243
0,0.66662186384201,0,410.232453167439,33.1383172273636,2.57830312848091,66.8495556712151,13.0088284313679,385.635370761156,70.8105908036232,0,323.881800472736,0,2.97992938756943,90.1836947798729,0.880774438381195,0,0,0,168.144558161497,0.576126217842102,0,1.49130165576935,635.425978660583,0.887986868619919,0,0.48930835723877,826.295874148607,6.52536138892174,0,0,0.408925592899323,0.502379179000854,31.0119847655296,17.6577905118465,80.4844573140144,0.378571003675461,3.04109525680542,2.72431468963623,282.983655542135,3.24073529243469,0,1151.48383700848,13.5093128979206,554.060450494289,44.601547986269,592.508302539587,347.968167692423,19.2937127053738,3.20827543735504,3.84852707386017,3.05225449800491,0,222.066266566515,1335.00528764725,98.3486189544201,1350.5758908689,533.291581064463,2584.99386820197,163.26583006978,19316.7570352554,180.401625007391,1196.43874847889,448.444332301617,0.95088130235672,17.8403742909431,224.965744078159,49.2854929119349,38806.149987191,3.26923024654388,5.95041760802269,13.7618068158627,1959.54610657692,0.743687063455582,388.655390441418,89.8647429645061,5504.92302942276,995.145230591297,16.1900657117367,19.3725462555885,221.684815943241,2.0977275967598,426.794791251421,84.3232848644257
0,0,2.78805527091026,146.379337340593,55.4988504350185,7.59062331914902,27.9195901155472,4.94582706689835,464.540277570486,45.5097935497761,2.15841126441956,298.214171826839,1.70521876215935,1.19900691509247,117.035005837679,18.4392980337143,4.06454533338547,0,1.45633900165558,93.3642581403255,10.0490032434464,8.14001470804214,24.9437399506569,369.337924718857,5.33961170911789,3.63314652442932,23.6233486235142,513.972475349903,5.04045441746712,1.558349609375,0,3.16511362791061,0,55.5163737237453,228.66593837738,60.2586688697338,22.4784258008003,3.19207376241684,21.5197084844112,578.84021922946,3.51404738426208,1.83376491069794,698.133458763361,120.936075150967,204.073517143726,382.416016161442,21517.5226400495,5584.84521794319,12.8483987152576,3.21344363689423,108.050648361444,21.7363976240158,222.066266566515,0,2611.31406578422,251.361431479454,297.944235652685,1974.08401507139,617.449776232243,334.910893768072,1825.86673349142,202.146948993206,80.1896694302559,1567.50019612908,569.52044993639,14.6133830547333,73.7444912791252,5.90736505389214,154.100013941526,827.346843749285,243.013331800699,1111.75669196248,2026.19213122129,38.371622055769,129.725559353828,261.104698240757,2723.92636418343,128.151656955481,326.588143497705,50.6496965289116,126.823070943356,4.39950311183929,1823.51984235644,1025.30187177658
0,0,0,42.1442281901836,27.4425837099552,0.846141338348389,10.6374307572842,0,151.066611737013,7.98161435127258,1.50733122229576,185.13798469305,4.83461126685143,0,49.5012843310833,5.64108368754387,0.67118364572525,0,0,31.1246876716614,4.50186023116112,1.89679139852524,9.59900519251823,184.646715015173,0,1.24990648031235,2.28769508004189,176.076848417521,0,1.90196871757507,0,0,0,148.484816372395,131.165776133537,18.4400304555893,0.934155285358429,7.86273115873337,2.12190699577332,253.059199124575,0,2.62023586034775,2926.77797466516,32.9923751652241,418.867232948542,75.7604086995125,5708.53832146525,1172.47891628742,24.1509350240231,12.7202391922474,8.18054819107056,35.9424204826355,1335.00528764725,2611.31406578422,0,1972.9641610682,15046.6633134782,204.512008577585,29847.0317652524,397.154875814915,10273.5650569499,291.369775384665,1169.540143013,4247.63718000054,15.6426220834255,24.9143069088459,227.663636147976,49.5661386549473,1031.59820047021,41.7700761556625,9.26226285099983,163.281184673309,528.477093577385,4.95070031285286,323.592730343342,58.7185840606689,7703.13237515092,486.067226707935,122.559478908777,69.2699741721153,206.705563873053,2.27448427677155,283.50260387361,1674.01358473301
0,1.3186708688736,28.7831078767776,34.6532893180847,3.91895264387131,7.66467237472534,46.4397191405296,5.23260885477066,40.2045541703701,11.286738216877,2.13091945648193,30.8708543479443,1.76104229688644,4.84443295001984,17.7421831488609,81.9389955997467,1.19313082098961,0,0,20.7069245576859,49.1564619541168,10.2201080620289,28.544256657362,311.18884396553,0.489362388849258,3.44760513305664,135.177827745676,643.387960195541,10.0969109535217,9.12106341123581,0,0.810296356678009,2.18866115808487,111.353712469339,38.4330572485924,141.002315819263,6.61369401216507,4.79546383023262,14.0605006217957,77.2831413149834,1.48018443584442,0,2098.04754269123,165.2805801332,2365.87405797839,1083.02156695724,646.375860959291,432.092453986406,14.0374245345592,19980.3586474657,3.27951619029045,823.818575143814,98.3486189544201,251.361431479454,1972.9641610682,0,24295.1972441077,78.979445785284,19228.9644280821,176.856074869633,273.434886604548,234.589654564857,52247.5852955878,331.031025081873,223.156545072794,1218.49581816792,239.287025332451,177.029202610254,70.312767714262,3587.74954685569,5.50902146100998,5954.75027418137,344.839262783527,1.43345427513123,619.267105072737,726.839233934879,48220.7911465466,15844.5178431273,5436.52055901289,33.5120766460896,268.522172629833,142.032415837049,2668.06445458531,298.607599258423
0,0.571437180042267,3.00662937760353,38.9895309507847,6.27056539058685,0.7706698179245,30.5302141904831,0,128.225880175829,7.4553664624691,6.64414411783218,119.97157651186,7.27490666508675,0.584394454956055,20.3911365866661,45.5552043616772,0,0,0,16.9161266088486,25.8620334267616,4.07587978243828,16.4590177536011,327.689543932676,2.91901570558548,2.96893727779388,12.1118768751621,369.931496351957,0,13.174028724432,0,1.3424289226532,1.37397608160973,158.319607198238,37.8339035511017,37.1231790482998,6.36310058832169,4.31098541617393,3.36665603518486,131.463833808899,2.55567330121994,2.82358664274216,3617.13002514839,92.0329728722572,1184.71188673377,413.421343624592,3137.59569919109,490.361190110445,34.2830485403538,212.139516502619,1.62838208675385,375.753135353327,1350.5758908689,297.944235652685,15046.6633134782,24295.1972441077,0,186.5834633708,29855.4573578238,637.71538284421,3528.91768100858,396.152030706406,23044.7932081521,422.264638692141,85.8998027145863,339.983167499304,390.211962103844,63.453441619873,1181.29868322611,872.409475624561,5.34565186500549,2279.04370081425,728.718634188175,9.16284236311913,641.750738441944,207.016268879175,16583.8076130599,1663.13749754429,1646.33858817816,113.00935831666,845.636214524508,22.1579807698727,994.407714515924,161.336207330227
0.770395457744598,12.7271903753281,0,97.7122270464897,25.2503764629364,9.56633865833282,195.143049567938,67.7086082100868,3015.36531609297,52.9132907986641,73.2203686535358,118.417174965143,125.066779136658,56.0109900534153,101.847978621721,505.92548558116,2.72167670726776,4.08452332019806,6.8856113255024,63.4610055685043,135.584905922413,300.495350718498,101.428036093712,3250.5907228291,92.894901484251,42.6139660477638,131.229233026505,2410.62423917651,103.344104588032,113.836551338434,11.5557173490524,7.23052424192429,6.71487653255463,127.435607850552,33.1012054681778,437.800119131804,59.6081302165985,40.423678278923,23.1225710213184,146.90600541234,15.1386767029762,4.43172806501389,516.187725514174,50.2455699145794,188.66694137454,61.218994140625,2593.02939110994,137.177804499865,109.423569560051,2.88739579916,1693.59980678558,4.28860318660736,533.291581064463,1974.08401507139,204.512008577585,78.979445785284,186.5834633708,0,212.012851804495,62.6022174954414,1155.28563129902,1382.58490803838,104.539647191763,2189.33174175024,194.671221554279,7.72591879963875,12.2979550361633,8.60000050067902,187.11160159111,31.2891789674759,8778.92132520676,12.5941717028618,33346.8730526865,1034.71898669004,51.1521076858044,2523.42895764112,4912.33179011941,149.248647987843,32.0231271386147,16.3863357305527,40.6346298754215,1.01216089725494,114.379193842411,64.6440449357033
0,3.73431438207626,0,204.310991495848,10.3292216658592,0,31.1616111397743,0.812974393367767,146.67679309845,15.6604316532612,0,368.280427694321,0,2.35413682460785,32.3790631890297,5.05710011720657,0,0,1.42803958058357,40.2073255777359,0,0.654133558273315,0,202.776049822569,0.469093143939972,8.4222349524498,19.1242946088314,389.728180259466,1.98131877183914,0.962482810020447,0,0,0,61.4031100273132,35.864906668663,35.017482727766,0.350323468446732,2.79775285720825,5.49853384494781,126.216175466776,3.35001659393311,0,2567.27301058173,64.1578775644302,1437.80501380563,143.7543156147,2083.49392586946,760.627283602953,56.0616625249386,28.9930864870548,8.9259866476059,70.5471973419189,2584.99386820197,617.449776232243,29847.0317652524,19228.9644280821,29855.4573578238,212.012851804495,0,614.183233171701,23536.5696966052,470.193209886551,8990.15889573097,1512.57343357801,16.5193393528461,100.734087914228,876.746876731515,210.329597592354,11902.9151381254,80.6556521058083,3.48336547613144,254.59013363719,731.524044156075,8.68047633767128,1524.89232596755,348.706550180912,14373.8148934543,3668.31938636303,116.226367741823,124.688899099827,821.165002584457,7.1930872797966,1397.32061049342,255.514897018671
0,42.3099389672279,10.8825433254242,1.16772973537445,0,0,0.65828150510788,1.31087923049927,21.1055647730827,0.477373510599136,495.140801042318,14.9914465844631,1122.71991088986,0,0.758370459079742,3.16129896044731,1.78442603349686,6.62703359127045,3.69252020120621,0,1.42463427782059,11.093868970871,3.13907289505005,10.9993552267551,176.959603309631,147.906323194504,286.423589944839,4.85374715924263,6.9993571639061,1.31005990505219,149.219301104546,4.07422232627869,0,234.662484377623,11.4637492895126,30.0674341917038,401.734291881323,13.5185663700104,8.14353597164154,4.87594595551491,0,11.4217790365219,1659.72135916352,1962.79342585802,2397.40116408467,337.90970107913,131.347532272339,391.632693201303,2408.34255132079,4.60254085063934,130.008406400681,77.6651246547699,163.26583006978,334.910893768072,397.154875814915,176.856074869633,637.71538284421,62.6022174954414,614.183233171701,0,636.362243920565,7139.95420837402,535.110122412443,13.7955068945885,15.4104571938515,1657.36982262135,11411.1083140671,2924.77107837796,181.490200996399,158.064668923616,11.0862938165665,642.214817106724,100.996524631977,199.115094572306,3949.06634044647,803.79803365469,481.929214984179,3625.94855213165,243.731274813414,1967.9071187079,4833.52236890793,2.31201124191284,5770.49630492926,53.5148312151432
0,1.6146427989006,0,381.364497601986,121.283235043287,33.0773340463638,61.4504373073578,48.558820605278,645.34921681881,130.620273947716,6.82517668604851,1877.78095427155,2.37285673618317,12.8425233066082,231.173441916704,6.92216813564301,1.18402874469757,3.38150352239609,2.73645198345184,281.347203284502,4.40817934274673,4.61792957782745,4.70281487703323,687.949222177267,3.12656590342522,2.09538081288338,13.4278153777122,1069.76617330313,46.9639979600906,5.52842611074448,0,10.5240926742554,1.40620851516724,79.981632143259,2683.9075717032,108.591104745865,4.12048977613449,7.38354179263115,9.37356460094452,700.890569448471,7.96269088983536,3.2125746011734,1666.96641242504,78.1378221511841,837.750541031361,108.724686950445,4096.56980979443,524.027161628008,63.327663898468,13.1682600677013,44.9043032228947,8.66477325558662,19316.7570352554,1825.86673349142,10273.5650569499,273.434886604548,3528.91768100858,1155.28563129902,23536.5696966052,636.362243920565,0,408.016903817654,3629.42715194821,5120.25092130899,26.9475294947624,52.9289675652981,822.886595398188,155.062481045723,21976.6271731555,33.9518889784813,80.1147575676441,144.145463556051,2726.04624789953,20.4828249812126,1525.09520423412,405.670079678297,8097.68799978495,2275.88627383113,73.0624255239964,154.001766353846,826.412258118391,1.50644841790199,988.406471192837,5657.03248003125
0,224.561724722385,4.05810862779617,5.62107425928116,6.47180110216141,11.770026743412,21.3331695497036,52.5635030269623,83.9052412807941,11.6120369136333,2662.753644526,30.5993597209454,5922.6259675324,6.41373950242996,16.7769745588303,13.5041428506374,2.94219636917114,74.1704984903336,11.6864748001099,10.3135679364204,14.4167974293232,51.2757468819618,10.7968319654465,136.645304083824,1367.73750510812,957.721896529198,2022.9865423739,213.573064893484,45.6840760707855,13.2352502346039,993.093326717615,24.3808532655239,2.07914036512375,920.222003281116,27.6461602151394,317.525859832764,1591.3511082828,97.9213446974754,29.1342714428902,248.626182585955,5.82102686166763,63.1411100327969,4777.16061127186,3949.47847610712,5447.00713220239,2016.01482883096,2607.44564837217,4511.73431134224,5356.24388501048,1.37104898691177,3999.32898813486,53.4827566444874,180.401625007391,202.146948993206,291.369775384665,234.589654564857,396.152030706406,1382.58490803838,470.193209886551,7139.95420837402,408.016903817654,0,219.296521008015,153.682952553034,365.806218266487,70.2283101677895,229.270760923624,69.6793116629124,126.331629693508,175.122947335243,562.696393549442,431.383696138859,1389.76646223664,5705.57309776545,1030.53240591288,6370.61803486943,1591.53587892652,631.320521086454,156.092545241117,1523.00629451871,1078.71796113253,3.97596555948257,1617.42264893651,147.283564299345
0,0,2.48005026578903,25.2826384603977,2.12324905395508,0,15.5106843709946,2.06655120849609,86.5095967948437,3.41430366039276,7.11092627048492,99.59742385149,6.1908546090126,1.27231311798096,15.5209839046001,113.639202952385,0.698687791824341,0,0,11.8373549580574,47.4205204546452,5.742660343647,42.4436440765858,222.064950555563,2.5873811841011,3.73677918314934,28.6970562934875,350.371119350195,2.31783446669579,16.2415978610516,0,0,0.365611582994461,115.333173811436,8.9257504940033,44.787881821394,5.80065253376961,6.74945414066315,7.06115075945854,80.8720741569996,1.06608566641808,0,1940.52893492579,96.0317457914352,1153.60967808962,588.319854617119,498.477956652641,145.009602934122,12.8449137508869,5987.94199731946,3.40308454632759,308.309990108013,1196.43874847889,80.1896694302559,1169.540143013,52247.5852955878,23044.7932081521,104.539647191763,8990.15889573097,535.110122412443,3629.42715194821,219.296521008015,0,125.040982961655,103.580706357956,611.851660698652,525.369145542383,124.597410172224,1290.00201225281,1004.85992142558,4.77023929357529,3444.72025361657,473.341219305992,4.5078002512455,794.341121554375,394.270218908787,7178.08472156525,7479.90325519443,5438.07453528047,94.7133894860744,365.057037770748,54.8689272403717,1621.47674039006,87.4754807651043
0,2.22490429878235,3.37317243218422,216.30913951993,87.9163114130497,13.3903568983078,67.3539828956127,14.1096805930138,497.433069854975,81.0852846205235,3.82445102930069,459.923813164234,10.0972375869751,8.02686131000519,181.03247231245,29.2549945414066,1.27216255664825,0,0,161.568909317255,9.58751726150513,15.85649523139,14.8353379964828,595.239065855742,13.8844578266144,4.99964737892151,37.7166589200497,900.685658127069,8.84912085533142,3.65311229228973,0.479894071817398,7.9347922205925,0.662133097648621,46.4402701854706,284.768454343081,114.441832542419,6.57369190454483,13.5548657774925,4.5952268242836,651.924996346235,1.46698582172394,4.73783785104752,622.574648708105,235.969824671745,124.771965920925,520.818257540464,2224.20143175125,87.5140950977802,15.9099324345589,7.9897318482399,199.692385643721,43.7184202075005,448.444332301617,1567.50019612908,4247.63718000054,331.031025081873,422.264638692141,2189.33174175024,1512.57343357801,13.7955068945885,5120.25092130899,153.682952553034,125.040982961655,0,322.232041299343,37.3301315903664,16.077730089426,11.6801001131535,280.028685241938,433.49973732233,380.345513015985,763.541637033224,2865.11229759455,97.5106334984303,61.951384305954,495.157390624285,3378.73787492514,165.382179617882,243.40201023221,7.0362232029438,31.1393292248249,2.63892948627472,67.7700518965721,3094.17553851008
19.7738483548164,239.303203761578,59.0695786774158,5.04369634389877,17.3706637322903,2.2002546787262,30.2055093348026,23.4009476602077,649.711754143238,6.34392067790031,15.4800958037376,5.70726996660233,28.8428616821766,38.7112571001053,73.4577387273312,21946.7407105267,43.4376074671745,2.40176165103912,13.8391572386026,4.09248897433281,3394.97798368335,5436.4107477963,13864.9387296438,2470.86090180278,34.7775242030621,27.5860159248114,14446.6832027435,3767.91279086471,133.553786367178,511.2975692451,2.74229371547699,1.6971989274025,29.7613095343113,371.521071881056,187.795408308506,1007.08960825205,158.741391301155,244.478817224503,186.565589696169,112.686582803726,15.7236993908882,8.7857638001442,13503.0474391282,2065.79832646251,2026.39569541812,3191.63207903504,311.789904356003,97.3214594721794,22.7752928137779,8.97068145871162,1391.85409986973,53.268164485693,0.95088130235672,569.52044993639,15.6426220834255,223.156545072794,85.8998027145863,194.671221554279,16.5193393528461,15.4104571938515,26.9475294947624,365.806218266487,103.580706357956,322.232041299343,0,105.161676496267,20.4263118505478,38.7282015383244,1.48697638511658,15318.0385616422,14692.0929310024,10086.6176940203,5672.40982091427,193.51520165801,108.635237753391,14781.75344944,9927.66913831234,176.053468197584,1198.87624272704,3.70712476968765,5.17239287495613,20.0119789242744,700.540990948677,1239.61847269535
0.67451936006546,83.4655070006847,339.255344897509,0,0,0,1.55292263627052,0,1.94835126399994,0,4.70086073875427,0,4.28745594620705,0,0,18.3486945033073,107.315427154303,3.48674353957176,51.366623878479,0,16.750815987587,64.7679579257965,114.099708467722,6.01292639970779,16.0604787766933,547.139296799898,4239.16813737154,7.53231027722359,1.23889136314392,4.61708718538284,1.13259226083755,0.341348439455032,0.806430637836456,30.5408467650414,24.8834399580956,105.392826467752,32.4597278535366,17.4995178580284,38.3856107294559,1.70934820175171,1.68779826164246,0,4013.25912231207,1897.91591492295,1456.99111875892,2303.70126411319,50.4751208126545,86.5986578166485,0,56.4157128036022,81.6401068270206,16269.294285208,17.8403742909431,14.6133830547333,24.9143069088459,1218.49581816792,339.983167499304,7.72591879963875,100.734087914228,1657.36982262135,52.9289675652981,70.2283101677895,611.851660698652,37.3301315903664,105.161676496267,0,1485.34069389105,11626.137060374,20.1641227304935,2968.51464855671,33.6550988852978,17854.2624910772,85.4572915732861,2.49783024191856,24636.6028462946,28803.4490994215,2053.10313895345,504.441491246223,3864.73601946235,8.26919567584991,46.8697310984135,22.5443782806396,2958.52320408821,308.242797911167
0,30.8050465285778,9.22198605537415,0.428693473339081,1.75917065143585,0,0,0,8.62032067775726,0,75.447110325098,16.7895318567753,193.769126027822,1.71682870388031,1.23439168930054,0.467132329940796,1.76561245322227,17.4539981484413,20.8308671414852,0,0,2.49954360723495,2.33043387532234,0,97.6844114363194,556.806344568729,850.883380562067,0,0.687822043895721,0,100.488839775324,0,0,28.7025038301945,28.5925042629242,9.42375773191452,30.3451204299927,11.0474599003792,4.12259685993195,1.18311035633087,0,0.729893267154694,3284.35107475519,1525.66849699616,2989.73152127862,1278.98844444752,93.8995297849178,95.4141421020031,59.8887999653816,8.18543034791946,9.72231024503708,155.120591878891,224.965744078159,73.7444912791252,227.663636147976,239.287025332451,390.211962103844,12.2979550361633,876.746876731515,11411.1083140671,822.886595398188,229.270760923624,525.369145542383,16.077730089426,20.4263118505478,1485.34069389105,0,9607.21699345112,279.394252985716,246.270429104567,2.76417821645737,577.251628369093,90.1970928609371,35.3497956693172,9468.00361163914,2031.58795043826,705.161424309015,1700.97174346447,227.450386315584,211.091428667307,1132.69708660245,5.872438788414,3466.7946703434,166.630168765783
0,71.7246495485306,39.0563808977604,1.35524716973305,0,0,0,0,2.76657971739769,0,17.0993877649307,3.12343510985374,31.7699846923351,0,0,2.05760046839714,19.4634982347488,17.652804851532,59.8834232985973,0,2.25501844286919,11.9011246860027,7.93628057837486,0,77.3222669363022,937.227103978395,1866.99829775095,0,2.62880003452301,0,12.6917693912983,0,0,11.8926801681519,16.4355798959732,30.4695204496384,27.7805937230587,12.2779428362846,14.6960593760014,2.79366779327393,0,1.90841591358185,2383.22361302376,1357.94433245063,1500.55924472213,1230.41232270002,18.1449682414532,35.0501144528389,6.28407770395279,3.26513296365738,43.8438449203968,1092.4334616363,49.2854929119349,5.90736505389214,49.5661386549473,177.029202610254,63.453441619873,8.60000050067902,210.329597592354,2924.77107837796,155.062481045723,69.6793116629124,124.597410172224,11.6801001131535,38.7282015383244,11626.137060374,9607.21699345112,0,64.7186165750027,420.97078076005,4.9786936044693,1575.55194595456,33.3476897776127,12.3361846208572,17171.5431506634,8816.86650824547,442.315043970942,215.587775826454,448.262960672379,28.424696803093,73.4227766692638,3.17486825585365,3231.03363963962,124.156487971544
0,0,0,573.747318655252,26.8625030219555,5.54535734653473,20.0900978446007,16.6903256773949,123.156837254763,111.809000104666,0,1181.50295951962,0,7.79973447322845,35.3372658491135,0.469876706600189,0,0.897716760635376,1.13875442743301,475.818865060806,0.478059202432632,0.537197768688202,0,163.57607999444,0.329075455665588,1.17146170139313,1.94315445423126,378.17077049613,17.0370392501354,0,0.581091344356537,1.15614199638367,0,22.9065317809582,2.76208955049515,43.1498219370842,0.539044857025146,3.92560356855392,1.1627591252327,136.282872706652,0,1.18711805343628,591.233669489622,18.2581053972244,406.519485861063,21.2520328760147,473.489208906889,221.980204284191,17.0455130636692,2.82016658782959,1.63677763938904,3.83223801851273,38806.149987191,154.100013941526,1031.59820047021,70.312767714262,1181.29868322611,187.11160159111,11902.9151381254,181.490200996399,21976.6271731555,126.331629693508,1290.00201225281,280.028685241938,1.48697638511658,20.1641227304935,279.394252985716,64.7186165750027,0,2.11524122953415,2.35976558923721,19.7625583708286,1054.23220095038,3.30319872498512,495.686017274857,123.354586660862,4772.48350217938,954.17401561141,23.6139878034592,47.5429521501064,224.572990387678,1.09034538269043,392.609795689583,29.7678810358047
1.84359782934189,13.3337806463242,32.136655241251,2.37359631061554,10.3271784186363,1.97591131925583,15.4649117290974,12.3584837019444,125.625933408737,1.6235910654068,2.59831792116165,0.46104833483696,6.69979378581047,10.5772974789143,33.6857017278671,2247.8262808919,18.6110042929649,1.39632937312126,0,0.857482731342316,885.468540132046,263.354008376598,1061.70830053091,641.464115619659,3.75123834609985,19.5718044340611,590.663642078638,1348.06594252586,53.3289040029049,220.063121110201,0,0,12.3251521289349,162.563347786665,176.862059742212,268.829859972,29.3131465315819,32.2134535312653,35.0089513361454,57.1914063990116,4.36802262067795,5.67033034563065,10705.282800585,1303.54563704133,9662.44803607464,7126.38650363684,449.04351568222,134.759186893702,6.02381497621536,71.6113606393337,101.500021696091,1584.35416060686,3.26923024654388,827.346843749285,41.7700761556625,3587.74954685569,872.409475624561,31.2891789674759,80.6556521058083,158.064668923616,33.9518889784813,175.122947335243,1004.85992142558,433.49973732233,15318.0385616422,2968.51464855671,246.270429104567,420.97078076005,2.11524122953415,0,515.614650666714,62346.2766260803,437.9855940938,16.4789074957371,971.513854458928,2130.33957231045,16183.5902330279,796.643462151289,37381.1932906508,3.99041166901588,17.9487834572792,131.167618602514,13366.9420723915,1306.6452421546
0.366769552230835,462.333683907986,105.587781190872,3.14159619808197,6.57116097211838,0.574409008026123,8.02602007985115,3.74440681934357,454.898830682039,1.65070950984955,34.691801905632,8.21740886569023,55.9377096891403,3.00452455878258,16.2601909041405,2528.92991191149,26.0146023035049,0.492630511522293,1.10417005419731,0,282.137187361717,3342.56266954541,736.113509863615,809.526652932167,101.089759111404,33.813851416111,3697.88334450126,521.006651610136,15.5284865498543,36.3320823907852,3.02534663677216,0,0.722324669361115,45.0782527327538,4.2851967215538,148.418533653021,62.3682062029839,27.7640063762665,18.377343505621,15.6306964755058,2.69088327884674,0.528438746929169,150.614169359207,38.6204849481583,49.2117101550102,20.6358093619347,709.496412009001,7.58931612968445,37.6315320134163,0,1988.51126992702,22.5481982827187,5.95041760802269,243.013331800699,9.26226285099983,5.50902146100998,5.34565186500549,8778.92132520676,3.48336547613144,11.0862938165665,80.1147575676441,562.696393549442,4.77023929357529,380.345513015985,14692.0929310024,33.6550988852978,2.76417821645737,4.9786936044693,2.35976558923721,515.614650666714,0,226.63536003232,19806.535423249,522.529777050018,27.6434916555882,14125.7232349217,758.75031080842,13.4922800958157,21.6046389043331,3.79502242803574,4.13615465164185,0,19.6290450394154,6.40490740537643
11.2531626075506,174.703057289124,866.446200013161,0,8.50173491239548,0,13.6868972629309,5.10710248351097,63.5857943296432,0,3.68970555067062,3.04019206762314,5.34339508414268,20.0121800601482,15.8871499598026,4133.31633117795,188.447859212756,5.44111502170563,44.6121103018522,1.21708905696869,943.323842644691,1005.6483938694,5799.76991510391,320.142632842064,7.54435831308365,182.846604973078,15034.9762950242,603.624363034964,14.0991341471672,68.240500330925,0,2.30537110567093,3.78006997704506,168.472519084811,601.205420702696,604.257512420416,145.992862090468,157.730841457844,209.268254160881,22.0051774382591,1.82787436246872,1.72339498996735,38392.9381552041,6187.41055178642,22063.2070909142,21830.3383320868,1040.62388399243,608.080129057169,15.0275726616383,192.932455599308,69.1817899048328,34377.8118768036,13.7618068158627,1111.75669196248,163.281184673309,5954.75027418137,2279.04370081425,12.5941717028618,254.59013363719,642.214817106724,144.145463556051,431.383696138859,3444.72025361657,763.541637033224,10086.6176940203,17854.2624910772,577.251628369093,1575.55194595456,19.7625583708286,62346.2766260803,226.63536003232,0,797.924853473902,13.6867569386959,7368.69311979413,35319.0105598867,18526.1915334165,2026.79433888197,16964.9290683568,10.9532855153084,68.6357904076576,67.5691679120064,14558.8853723705,4431.71999523044
9.20656391978264,68.2595082223415,20.2373948395252,1559.3729994297,315.303583741188,113.166201978922,2215.41836950183,567.791190445423,7343.54089391232,759.364395290613,123.97826525569,1658.21492943168,125.508408933878,444.338417798281,1113.92829656601,2649.70395383239,14.5795336961746,5.87562382221222,6.86638799309731,931.209230273962,866.250700563192,1212.26789826155,955.305258452892,22772.7193500102,133.644129246473,26.1991837620735,933.520961344242,31511.6049885154,799.65518373251,799.790809333324,8.69827479124069,74.6269293427467,33.0969638228416,1616.18412736058,219.070746928453,5977.01740777493,113.628597050905,491.909487098455,351.206951618195,3065.64900380373,242.475176423788,70.3090277314186,8057.25924944878,452.39719504118,1670.94160848856,1051.82862383127,3230.32482296228,789.486868590117,105.577008754015,30.2963683903217,2114.71462419629,41.6625358760357,1959.54610657692,2026.19213122129,528.477093577385,344.839262783527,728.718634188175,33346.8730526865,731.524044156075,100.996524631977,2726.04624789953,1389.76646223664,473.341219305992,2865.11229759455,5672.40982091427,85.4572915732861,90.1970928609371,33.3476897776127,1054.23220095038,437.9855940938,19806.535423249,797.924853473902,0,730.72462105751,205.582486078143,6471.01799443364,19788.4341706336,1227.49538069963,487.347901791334,17.3743607401848,166.405555903912,111.455007404089,1226.14210724831,711.535987913609
0,120.962563574314,0.861208140850067,0,0,0,0,2.40173572301865,23.442980825901,1.28844547271729,241.540647655725,0,700.578657329082,0,0,4.64693030714989,1.95067596435547,11.8145309984684,7.02320325374603,0,0.399575680494308,16.0305514931679,1.28548634052277,7.94245064258575,1286.68857586384,501.381564199924,1564.16638800502,3.44136732816696,3.45378476381302,0,192.1275164783,1.57970261573792,0,145.254761904478,0.635029256343842,17.8725990653038,128.334330797195,13.4305481612682,9.81762456893921,0,0,2.18704044818878,84.4534419476986,235.406686246395,169.993217289448,29.1178495287895,200.065474927425,0.484371036291122,181.036317527294,0,3340.62843579054,0.838376402854919,0.743687063455582,38.371622055769,4.95070031285286,1.43345427513123,9.16284236311913,1034.71898669004,8.68047633767128,199.115094572306,20.4828249812126,5705.57309776545,4.5078002512455,97.5106334984303,193.51520165801,2.49783024191856,35.3497956693172,12.3361846208572,3.30319872498512,16.4789074957371,522.529777050018,13.6867569386959,730.72462105751,0,905.398660242558,15279.9397425056,40.01916462183,12.1786235570908,0.335626751184464,264.07556527853,9.98916581273079,0,26.235185533762,1.90889596939087
0,454.142823249102,209.278060734272,2.35995504260063,2.01869815587997,0,0,2.77438858151436,33.5513268709183,0,852.071695238352,30.0282151997089,2156.06898158789,0.433448195457458,1.5218220949173,9.47653183341026,326.916956692934,331.718075424433,539.448502451181,0,11.2408684492111,83.2654198110104,46.9940320551395,9.13547632098198,1822.24247705936,9205.29298013449,23509.5201831162,3.66502368450165,22.2463147938251,2.26987160742283,972.850804269314,3.29950687289238,0,229.466346979141,221.535784542561,406.535411119461,533.382903248072,167.999380558729,176.869629174471,6.45128288865089,4.25200521945953,26.3353099524975,21669.9421967864,12310.8320085704,11537.8206213713,8824.69577914476,268.02475810051,381.985722750425,292.800528734922,21.0587703585625,209.404475450516,37895.0778373778,388.655390441418,129.725559353828,323.592730343342,619.267105072737,641.750738441944,51.1521076858044,1524.89232596755,3949.06634044647,1525.09520423412,1030.53240591288,794.341121554375,61.951384305954,108.635237753391,24636.6028462946,9468.00361163914,17171.5431506634,495.686017274857,971.513854458928,27.6434916555882,7368.69311979413,205.582486078143,905.398660242558,0,27956.8908924758,1760.75919063389,2103.57063546777,866.401711881161,2093.69793519378,1511.89088082314,9.13149598240852,4890.7714471519,1229.10104724765
23.3768376410007,6586.43651488423,6594.62101069093,0.734202772378922,11.5979863107204,0,59.6859056055546,12.7271548956633,120.183795303106,0,1099.27972221375,9.72798755764961,3191.24876752496,57.8029473125935,18.3052713871002,2437.68164902925,2283.58883416653,534.047952875495,1849.78266562521,0,1348.52699941397,7565.32754319906,9008.01481799781,424.935630649328,5342.37463751435,27259.0653961897,177814.697344989,826.368453368545,56.548810839653,82.6737879365683,1211.53456276655,6.03425040841103,2.68475586175919,1159.59163692594,433.053449362516,3773.55574154854,2158.55773729086,1091.49121242762,1147.05102133751,27.4289911687374,15.6033017933369,32.7869525253773,44777.4078633487,17528.0357820094,18256.8619614244,16772.6213316321,865.374743640423,627.948693007231,214.832327187061,29.2106283307076,23142.0793882012,24123.3257674873,89.8647429645061,261.104698240757,58.7185840606689,726.839233934879,207.016268879175,2523.42895764112,348.706550180912,803.79803365469,405.670079678297,6370.61803486943,394.270218908787,495.157390624285,14781.75344944,28803.4490994215,2031.58795043826,8816.86650824547,123.354586660862,2130.33957231045,14125.7232349217,35319.0105598867,6471.01799443364,15279.9397425056,27956.8908924758,0,3754.09471967816,467.504117518663,1664.71118056774,1317.33248111606,188.835808247328,10.6723882555962,9355.6430850029,3055.08015778661
9.59972655773163,20.8953841626644,80.5235359072685,1888.04413241148,282.983483105898,45.3121735453606,2080.94939264655,242.473372250795,3513.49039497972,782.3470274508,128.072431743145,1796.63294187188,130.59943446517,238.471019536257,923.388099312782,1858.04393845797,22.5518535673618,0.658420503139496,4.61587488651276,1163.0280803442,771.087285429239,455.818404823542,765.696388572454,13730.5316232443,32.9022722244263,10.6662502288818,1078.59962791204,23289.8928876519,420.965091943741,625.736794680357,5.08265173435211,28.6159780025482,31.7753708660603,1674.40042504668,438.937048822641,3879.47852623463,108.071883171797,393.941502124071,274.183866858482,3167.58753979206,197.100429654121,68.7448522746563,22512.4052787423,1418.84401601553,13021.1994282901,8207.91814544797,3233.69137400389,2519.81061843038,115.75773653388,310.445193678141,102.302725464106,2044.93185761571,5504.92302942276,2723.92636418343,7703.13237515092,48220.7911465466,16583.8076130599,4912.33179011941,14373.8148934543,481.929214984179,8097.68799978495,1591.53587892652,7178.08472156525,3378.73787492514,9927.66913831234,2053.10313895345,705.161424309015,442.315043970942,4772.48350217938,16183.5902330279,758.75031080842,18526.1915334165,19788.4341706336,40.01916462183,1760.75919063389,3754.09471967816,0,14369.0718202889,20294.4914900959,61.12496265769,771.786313503981,1579.71375849843,13878.8116643727,2901.46848410368
0,0.951163530349731,1.18650114536285,17.0484175682068,0.631847739219666,0,24.260375648737,1.2488317489624,89.3102090358734,2.97513425350189,3.22161549329758,76.5424140393734,10.1106694042683,0.518786251544952,13.8644976615906,105.860684901476,0.914725542068481,0.326357573270798,0,7.84115046262741,53.2638241350651,3.45527705550194,30.7020571827888,232.213026583195,9.21851509809494,12.0734064280987,35.5254957377911,370.398369401693,1.90644860267639,7.82853978872299,0,0,1.39877316355705,98.2434671223164,10.0887998044491,54.2107132673264,5.20534524321556,2.13986986875534,2.4829044342041,77.7261448800564,0,0.434325963258743,2016.99754074216,138.344344973564,1894.14343684912,677.516953885555,293.9050976336,141.726199060678,17.7514998614788,4912.81951111555,2.59725588560104,214.184309780598,995.145230591297,128.151656955481,486.067226707935,15844.5178431273,1663.13749754429,149.248647987843,3668.31938636303,3625.94855213165,2275.88627383113,631.320521086454,7479.90325519443,165.382179617882,176.053468197584,504.441491246223,1700.97174346447,215.587775826454,954.17401561141,796.643462151289,13.4922800958157,2026.79433888197,1227.49538069963,12.1786235570908,2103.57063546777,467.504117518663,14369.0718202889,0,18397.8632177413,499.560339093208,118.072306126356,9267.167329669,7703.05436056852,128.931992560625
0,2.88516286015511,9.62155616283417,0.569401800632477,5.48774927854538,3.84338754415512,10.1590967774391,11.3748099207878,35.0336550474167,1.89577025175095,0.616741299629211,0.640251576900482,0,5.8138684630394,17.2027820944786,483.915446549654,2.63903120160103,0,0,0.464840441942215,274.275855064392,32.5535811185837,149.524240285158,439.21194010973,1.49308735132217,22.2264610230923,156.608359009027,1226.98491150141,22.556725859642,46.4080545604229,0,0.432091414928436,4.42793306708336,267.558483541012,63.3922957181931,280.119807571173,16.7275409400463,27.2040266394615,20.5921975970268,91.6167234778404,8.31063729524612,1.04092007875443,2620.87350422144,419.066981881857,5154.38112309575,2272.73153856397,237.286435782909,132.624514371157,13.6190778017044,3534.83502185345,7.03634631633759,337.263090193272,16.1900657117367,326.588143497705,122.559478908777,5436.52055901289,1646.33858817816,32.0231271386147,116.226367741823,243.731274813414,73.0624255239964,156.092545241117,5438.07453528047,243.40201023221,1198.87624272704,3864.73601946235,227.450386315584,448.262960672379,23.6139878034592,37381.1932906508,21.6046389043331,16964.9290683568,487.347901791334,0.335626751184464,866.401711881161,1664.71118056774,20294.4914900959,18397.8632177413,0,6.73325955867767,61.2429293096066,2457.03356269002,17597.8232715726,325.885747104883
0,63.7351516485214,0,0.880171239376068,0,0,0,0.59378981590271,26.1737957894802,0,1092.17026868463,4.28081580996513,2492.5684671998,0,0,1.27607598900795,1.44218647480011,63.8835479021072,25.0332754850388,0,0,17.3952743113041,0,0.411851733922958,408.160041570663,754.877839297056,1442.81544685364,0.875177621841431,0.91257917881012,0,631.35546952486,3.50954985618591,0,188.599425852299,7.02295559644699,30.7178966999054,434.853042960167,43.4689493775368,14.3113456964493,1.18196034431458,0,14.5270047783852,1378.88273146749,2418.51796618104,1089.8732714057,373.400597155094,36.3279681801796,47.8206209540367,682.396610319614,0.620298147201538,33.8159331083298,1.0580170750618,19.3725462555885,50.6496965289116,69.2699741721153,33.5120766460896,113.00935831666,16.3863357305527,124.688899099827,1967.9071187079,154.001766353846,1523.00629451871,94.7133894860744,7.0362232029438,3.70712476968765,8.26919567584991,211.091428667307,28.424696803093,47.5429521501064,3.99041166901588,3.79502242803574,10.9532855153084,17.3743607401848,264.07556527853,2093.69793519378,1317.33248111606,61.12496265769,499.560339093208,6.73325955867767,0,576.846825569868,0,395.000421762466,68.4653689265251
0,0.654139518737793,0,0.682568311691284,0.667071640491486,0,0,0,30.211524695158,0,2.11350208520889,18.5024713873863,7.15133935213089,0,3.14986503124237,4.57631814479828,0,0.435988426208496,0,0.650568544864655,5.23396277427673,0,2.99195006489754,37.4706648290157,5.23338097333908,5.89579471945763,17.5913206934929,9.85488930344582,0.467876613140106,0,2.06105464696884,0,0,63.4066072106361,1.77692657709122,3.9437138736248,1.10750100016594,0.770551800727844,0,20.5432779192924,0.553908824920654,1.24860727787018,1271.60322096944,52.8603346943855,520.026801288128,46.3563338518143,551.659606009722,2488.96347013116,45.0854549407959,8.77107760310173,4.76225164532661,11.523031026125,221.684815943241,126.823070943356,206.705563873053,268.522172629833,845.636214524508,40.6346298754215,821.165002584457,4833.52236890793,826.412258118391,1078.71796113253,365.057037770748,31.1393292248249,5.17239287495613,46.8697310984135,1132.69708660245,73.4227766692638,224.572990387678,17.9487834572792,4.13615465164185,68.6357904076576,166.405555903912,9.98916581273079,1511.89088082314,188.835808247328,771.786313503981,118.072306126356,61.2429293096066,576.846825569868,0,0,6004.8505102396,28.7518253326416
0,0,0.441174328327179,0,0,0,0,0,0.72688901424408,0,0,1.52046179771423,0,0,2.16412997245789,2.42837774753571,0,0,0,0,3.1775159239769,0,1.6815133690834,4.69430494308472,0,0,3.71523261070251,13.3510680794716,0,0,0,0,0,0.53413063287735,0,1.45419311523438,0,0,1.70474112033844,4.18137028813362,0,0,38.3516475856304,3.95160776376724,149.157304257154,29.7684296071529,2.32406631112099,5.90891733765602,0,25.6596971452236,0,8.4158379137516,2.0977275967598,4.39950311183929,2.27448427677155,142.032415837049,22.1579807698727,1.01216089725494,7.1930872797966,2.31201124191284,1.50644841790199,3.97596555948257,54.8689272403717,2.63892948627472,20.0119789242744,22.5443782806396,5.872438788414,3.17486825585365,1.09034538269043,131.167618602514,0,67.5691679120064,111.455007404089,0,9.13149598240852,10.6723882555962,1579.71375849843,9267.167329669,2457.03356269002,0,0,0,535.259010702372,5.02930358052254
0,54.5760799646378,126.16890090704,32.9231199324131,5.26488736271858,0,50.9231943488121,1.26600816845894,81.7990715205669,6.09367677569389,9.26095688343048,72.2813047468662,32.0088986456394,2.26652187108994,15.2038068175316,50.6870896220207,49.8392107188702,6.08121785521507,31.3460831642151,24.515742212534,16.9181419014931,27.722922295332,56.1239881813526,261.157522320747,44.8798793256283,382.188917398453,1914.64609108865,441.300662785769,7.27404448390007,5.15205016732216,15.5824390053749,2.19739973545074,0,44.8366524577141,13.8442563712597,101.259202748537,24.8433409631252,9.08505925536156,12.7025505900383,75.6886011362076,1.51397559046745,1.12632346153259,1814.31659170985,770.614192008972,1424.86973758042,775.815774053335,112.308251351118,650.915681600571,48.9805817604065,205.720716238022,83.6045097708702,1142.68366876245,426.794791251421,1823.51984235644,283.50260387361,2668.06445458531,994.407714515924,114.379193842411,1397.32061049342,5770.49630492926,988.406471192837,1617.42264893651,1621.47674039006,67.7700518965721,700.540990948677,2958.52320408821,3466.7946703434,3231.03363963962,392.609795689583,13366.9420723915,19.6290450394154,14558.8853723705,1226.14210724831,26.235185533762,4890.7714471519,9355.6430850029,13878.8116643727,7703.05436056852,17597.8232715726,395.000421762466,6004.8505102396,535.259010702372,0,117.405579835176
5.98579117655754,6.89371547102928,197.666500866413,13.7534396648407,2596.67544642091,517.163133621216,101.163909643888,225.231723219156,35.3572646677494,776.600346535444,71.3820476233959,1523.29038739204,17.1245670318604,16.6462107896805,676.861362755299,133.739708304405,226.624097943306,110.13154655695,248.955466359854,16.5977690219879,553.319338351488,27.0424428284168,1465.50989803672,116.211115926504,3.67551898956299,894.318175017834,1588.55311501026,602.821848660707,35.087145626545,108.222436547279,18.618989855051,24.4063229262829,1.12036049365997,290.327816426754,280992.553226441,1490.01355084777,1582.00532352924,171.826940745115,2541.99337103963,102.953104883432,82.763184517622,13.2602505683899,8651.41644595563,2318.71047413349,955.556796044111,6620.49771991372,188.611499518156,377.358170628548,4.1611333489418,14.2316625714302,5.88598668575287,305.905719280243,84.3232848644257,1025.30187177658,1674.01358473301,298.607599258423,161.336207330227,64.6440449357033,255.514897018671,53.5148312151432,5657.03248003125,147.283564299345,87.4754807651043,3094.17553851008,1239.61847269535,308.242797911167,166.630168765783,124.156487971544,29.7678810358047,1306.6452421546,6.40490740537643,4431.71999523044,711.535987913609,1.90889596939087,1229.10104724765,3055.08015778661,2901.46848410368,128.931992560625,325.885747104883,68.4653689265251,28.7518253326416,5.02930358052254,117.405579835176,0
