0,0,159.127249896526,1.78289899230003,0,10.2534150183201,1634.80251172185,589.184621244669,0.624534070491791,31.4574421644211,13.0018242001534,7.82198864221573,0,10184.0198696554,1.29682207107544,0.637730300426483,578.125478684902,19.4040146172047,98.8481909036636,3.93207910656929,70.1458815634251,0,832.830806583166,6.31294816732407,0,307.377004653215,108.69492161274,40.504961758852,6022.90476796031,8841.9087434113,0,0,40.775446921587,281.685867249966,5.74363154172897,64.9682321846485,12.6200816035271,130.298624068499,44.7369037270546,7.93218544125557,1.00885128974915,0,6.49105450510979,0,0.480906069278717,0,0,0,0,0,0,1.11759513616562,0,0,0.724576115608215,2.02413529157639,0,0.523925006389618,0,0,0,0,0,0,3.82307052612305,0,0,0,0,0.631626665592194,1.25449299812317,0,5.63654327392578,0,0.644347488880157,9.74840250611305,15.6091559827328,0.775932013988495,1.01083993911743,0,0,0,0,0
0,0,33.6541368067265,0,7.39445847272873,1.8795083463192,5.75175815820694,2.93972039222717,3164.87195786834,0.554968237876892,304.613217055798,0.409274786710739,2775.95991781354,6.07116729021072,66.3243738412857,133.249297440052,15.6876612901688,2.65500977635384,10.8316302895546,1.15500041842461,95.7474046945572,3137.31128680706,38.9042353332043,3340.85239249468,3857.34982332587,452.178718626499,20689.6186189353,411.189460992813,12.6605980992317,1.37812566757202,23.9171988070011,0.768950402736664,1.48595774173737,57.9009945392609,4.71696317195892,127.217174142599,166.548381745815,114.773198604584,57.2341279089451,29.7816537320614,0.833538174629211,64.5294244885445,87.7548900842667,195.048664033413,38.0998984873295,38.3862689435482,4.5996281504631,0,94.7150994539261,0,2908.58104330301,131.644207835197,2.172941416502,1.15565371513367,0,10.0725190937519,0,81.0134686529636,3.29094296693802,187.968117415905,0,754.870119065046,0.656274557113647,2.14011424779892,27.9772164225578,31.4624032080173,7.46227619051933,22.39649695158,0,1.35581707954407,73.603157043457,19.9041052758694,146.141725569963,410.698056071997,704.497571706772,10784.3003658056,28.6745258271694,1.10517859458923,2.62406075000763,120.975740939379,0,0,14.9338913559914,1.27631521224976
159.127249896526,33.6541368067265,0,2.3212708234787,11.7949017882347,35.7096325457096,6728.80748718977,1210.73485708237,38.3391919136047,96.9313040077686,26.8731006383896,24.9426383674145,0,1579.99473783374,54.0056058764458,14.7343333363533,17134.8781912923,139.326239973307,889.479383111,10.5286366045475,4121.44150012732,8.84965497255325,38888.575391382,52.4573181569576,0.421568602323532,45488.2318389118,12484.1546201706,2574.8282571137,745.61456733942,2473.7031879425,0,5.93555051088333,56.7843528687954,4979.12608188391,653.946876376867,9785.3453014493,3179.90110200644,7295.90599104762,4917.93877702951,43.4756543934345,54.8653289079666,4.28098821640015,233.849700808525,110.976630598307,91.8453512787819,73.7310549616814,36.6113336086273,2.78836071491241,0,4.78362911939621,150.91340893507,1064.63283255696,0,6.76600450277328,0.504782617092133,127.108575135469,7.19624477624893,8.46049082279205,0,0,0,2.94582837820053,26.5047560036182,12.6841971278191,86.2941925227642,85.9508130848408,1.26105946302414,24.609964042902,1.38957905769348,66.6642047762871,39.9609388113022,262.786868721247,154.012448310852,5.81353825330734,497.15603479743,9818.24782323837,433.272910803556,22.4928762316704,117.613715738058,0,0,3.37669438123703,9.9327195584774,434.384809911251
1.78289899230003,0,2.3212708234787,0,52.4628680944443,482.395409852266,355.484454840422,538.663883984089,2065.63531148434,23141.583245784,26.20596575737,3675.51623231173,0,233.31971052289,537.888316333294,0,7.96390980482101,14.9058015346527,11.6591742038727,19848.0836559534,3.14389407634735,0,4.25837278366089,4758.65723836422,0,28.2598015964031,10.8988472819328,7075.42334017158,132.769069880247,5.01419079303741,0.349422246217728,14.8189501464367,5.30640012025833,379.903250932693,38.5502477288246,988.500563561916,7.50110948085785,354.730758041143,57.5757281184196,557.352427184582,70.0917408168316,0.821132153272629,83.5736574828625,1.07574638724327,20.1095369160175,6.82201647758484,865.237872391939,5.37116047739983,2.11430314183235,0,2.81441104412079,0,1785.13563415408,41.5686956346035,138.670464962721,508.466027349234,126.002125799656,498.557528406382,1849.37520250678,4.78638473153114,453.319388449192,0,43.1536014378071,234.206001788378,0,0,5.45450955629349,0,749.664458364248,0,13.7629171609879,1.76031923294067,1781.47602331638,0,0.76444548368454,4.02955958247185,2453.78918790817,24.3647058904171,0.730814814567566,0,2.89731737971306,0,20.9101757109165,2.11796927452087
0,7.39445847272873,11.7949017882347,52.4628680944443,0,2816.32470947504,147.577369123697,206.971377938986,401.536349982023,133.567230403423,3.69383901357651,330.593454003334,1.13010877370834,21.9204599261284,3215.78801441193,8.36176413297653,3.8500200510025,2.97157764434814,2.00758916139603,66.2318096756935,154.790758728981,22.2970603108406,255.287612557411,432.810547679663,3.80218172073364,13.0262893438339,45.0717560648918,322.647461652756,12.0042890906334,62.1640077531338,0,568.60899913311,0.804391741752625,2574.48149192333,1946.58675935864,312.218691200018,59.0312789678574,54.5290082097054,93.8431505560875,15867.1094109714,8655.57865560055,0.850007236003876,39.9670045077801,30.6977662444115,13.1762747168541,53.5678456425667,136.775186300278,0.452450454235077,1.55604517459869,0,0,5.42793077230453,57.1542640030384,8.89005368947983,11.4926779568195,30.1990489661694,3.66446435451508,9.91354361176491,75.3412419855595,2.2132471203804,53.3688921928406,1.57234072685242,7.22967106103897,36.0300784707069,9.36917889118195,2.08349871635437,1.17021048069,5.23617672920227,29.464145809412,19.8913109004498,2.43408584594727,33.8829987049103,37.6003023684025,0,13.6510974466801,23.4322704672813,90.7500940263271,2.74896210432053,8.89237040281296,0,1.90394842624664,0,0.490252286195755,1058.22986093163
10.2534150183201,1.8795083463192,35.7096325457096,482.395409852266,2816.32470947504,0,10732.4293283522,14377.8445486873,1074.16254246235,37048.5866403282,100.720271676779,11143.2172189057,3.44541963934898,1049.4262471199,4550.15496844053,0,33.0711320340633,90.3213414549828,55.9676101505756,1085.01078516245,11.7095920741558,3.19595152139664,53.0671165287495,784.432741045952,1.42034608125687,128.682518392801,53.9243660271168,4078.88509130478,495.406995326281,125.688629627228,1.70805105566978,691.758589059114,23.6318377554417,939.411293566227,1768.30428689718,3020.35949561,39.3361495435238,789.229837626219,381.9243901968,7754.63345104456,1219.17243456841,9.3377091884613,102.198282182217,15.0172211825848,26.0399180054665,39.7613399624825,758.70269832015,12.0042765140533,14.9378757178783,0,0.894098281860352,0,396.062305092812,21.6921440064907,104.925860255957,419.445484519005,75.8015471696854,223.635221451521,613.458608329296,14.8122035861015,231.646926671267,0,18.4048165082932,192.780979067087,1.30302810668945,0,0,0,179.766818016768,0.446800976991653,5.50207921862602,1.05693864822388,1004.70238912106,0,2.13884615898132,8.97372382879257,1223.44359466434,11.8405510187149,0.538879573345184,0,5.07774645090103,0,11.7230278849602,254.608062744141
1634.80251172185,5.75175815820694,6728.80748718977,355.484454840422,147.577369123697,10732.4293283522,0,36530.4680637419,875.095229238272,23175.2933063954,400.018811941147,702.742696732283,14.4799782037735,26283.1110515594,1151.16024708748,9.60644742846489,1155.10934486985,401.212923318148,401.743195146322,334.079600721598,6601.59627246857,17.4844977855682,9624.15712845325,1780.80767479539,0,1573.85547935963,1096.30107590556,58214.9558175504,9958.76209443808,16560.5656805634,2.5825517475605,209.003743946552,2097.92222228646,10619.9055216014,2472.48796701431,13754.9918061793,657.783633679152,8203.39489892125,2940.13469222188,1154.91121691465,911.914250433445,18.8935829997063,885.905984282494,21.7301026880741,174.097913086414,89.2779087126255,512.44988784194,39.2504642903805,23.0993629097939,4.43721926212311,4.29941833019257,30.2102237045765,243.574793040752,11.1652562022209,134.447093486786,2986.02935621142,243.615951627493,666.256124943495,720.041360080242,48.075675368309,121.102428913116,0,218.105690151453,104.750290751457,127.169669210911,1.58691364526749,0,0,130.551169544458,45.5625910162926,83.5773909687996,124.034286201,3732.16619852185,0,7.78935772180557,375.653743058443,5384.98852616549,107.68026059866,75.3027186691761,0,3.95030117034912,12.0521724820137,115.877964317799,326.24530673027
589.184621244669,2.93972039222717,1210.73485708237,538.663883984089,206.971377938986,14377.8445486873,36530.4680637419,0,520.617522895336,17671.8143389523,827.434731632471,3852.77927902341,41.5642524063587,18405.8449904621,560.34434646368,2.19376268982887,1344.89569503069,565.393427610397,451.492803782225,1244.24721232057,462.323103010654,2.37776684761047,2907.35158374906,822.803250819445,0.966853082180023,1342.44278728962,677.503283590078,5440.38238546252,2654.08507308364,7123.03148204088,7.14073085784912,130.395274341106,152.438301056623,4152.43839418888,498.816601544619,8125.44434759021,249.931885033846,2938.55486431718,1744.61988249421,2514.45064082742,887.203697770834,100.108756870031,329.461278915405,64.0087150037289,149.717142611742,234.028731405735,247.44125649333,64.7460384964943,44.9743167757988,1.6785649061203,2.53806757926941,1.87957265973091,105.311039179564,17.1333696842194,63.3179545104504,1049.5582716167,102.669146716595,390.013148784637,275.251387298107,86.7464433908463,63.3602178990841,8.64724576473236,87.5827370285988,46.660245090723,15.9112598896027,0,0,0,57.2347450554371,6.15149140357971,9.80797603726387,2.84942305088043,1741.56658256054,0,6.85703527927399,33.881839632988,1910.72375562787,32.8507434427738,15.9886557757854,1.25782322883606,47.5723002552986,0.729198217391968,42.7858949899673,56.8020002543926
0.624534070491791,3164.87195786834,38.3391919136047,2065.63531148434,401.536349982023,1074.16254246235,875.095229238272,520.617522895336,0,3014.88453650475,110.108085125685,2268.53668177128,777.921721488237,134.835363417864,2740.44662457705,470.602473795414,9.29749885201454,23.9874929487705,17.586333990097,930.027040630579,172.845767050982,8497.25760519505,153.030034929514,39732.6468680203,1419.23923504353,95.6808834075928,8398.89167299867,7112.69399407506,114.07530477643,79.2291038632393,4.32168754935265,7.35264670848846,16.7382029294968,218.07647806406,40.6192040145397,647.446370154619,65.5259676277637,197.958143681288,58.668441593647,4131.49042442441,26.9737087488174,18.3354391157627,790.032066404819,84.4479896426201,185.534186094999,96.8973017334938,756.986264139414,27.0860415697098,28.4228181540966,6.68529844284058,933.862042844296,73.8854906260967,2010.9974014163,36.1320900917053,148.361683100462,1435.33188992739,127.261700183153,4764.71802094579,1789.80814698339,93.3146369159222,390.988030254841,189.262167155743,138.469641953707,188.646290719509,2671.29341319203,20.8946772813797,21.4350124895573,16.4631383419037,502.157198190689,468.949684053659,4525.9677760005,836.825978517532,8876.97647804022,75.0577012598515,52.4631558358669,4290.45413202047,8411.91311571002,141.620975166559,269.085264414549,25.9602066278458,11.0680525302887,11.2989875674248,113.819029837847,55.5155930519104
31.4574421644211,0.554968237876892,96.9313040077686,23141.583245784,133.567230403423,37048.5866403282,23175.2933063954,17671.8143389523,3014.88453650475,0,476.453910320997,18456.6015630364,17.4907838404179,4437.75120806694,1161.83682438731,2.39122578501701,174.121170282364,432.704634964466,335.064794838428,9857.86559319496,31.6588241457939,2.77278426289558,100.908424437046,2729.44838553667,0,552.459678649902,248.138636440039,16819.8482827544,2388.71689015627,148.63779681921,6.05743628740311,123.228183746338,32.1437452435493,3344.25205248594,4194.95221087337,5646.83844137192,192.954283922911,2843.26426121593,455.414953798056,1662.43114295602,379.134206622839,18.9304709136486,193.014595121145,6.86565873026848,66.3175760507584,37.0312081873417,2028.30795580149,14.4414859712124,16.9984931945801,0,1.99779981374741,0,2527.13523703814,56.5234318077564,309.609355717897,1802.24171489477,249.083399444818,1036.19401156902,3966.96371424198,15.4149988889694,984.762602984905,0,117.956453949213,573.985617846251,4.46540680527687,0.594462096691132,1.39514327049255,0,995.498999893665,6.79911342263222,11.2634286880493,5.11047479510307,4574.93905171752,0,3.50839984416962,5.90842700004578,6393.16809135675,22.5459140539169,0.745171725749969,0,4.81420376896858,0,47.1959314644337,367.508337438107
13.0018242001534,304.613217055798,26.8731006383896,26.20596575737,3.69383901357651,100.720271676779,400.018811941147,827.434731632471,110.108085125685,476.453910320997,0,176.965509444475,2477.19524344802,3042.08682900667,19.5348662436008,1.61281478404999,396.131443232298,11505.1403493881,2001.24574121833,86.5435742139816,12.9471257030964,114.609001368284,63.2997186183929,74.4841213822365,696.88406470418,10675.3875236511,464.827621132135,162.00660854578,5897.23860245943,57.0857680439949,379.546182632446,1229.8558820188,4.36782389879227,15073.0958856344,30.1747317612171,682.808008313179,4745.36843764782,5172.4849832952,462.482734680176,125.274727702141,15.7531716227531,906.802631825209,11.2069043517113,1245.64089372754,37.2900603413582,7.43189120292664,3.1837300658226,0,1180.56430315971,0,106.288487792015,0,0.560617744922638,0,0,2.57171392440796,0,44.3590958118439,0,1476.95254179835,0,5131.46872028708,2.7500239610672,1.40899419784546,1.55938792228699,0,55.8526526093483,0.581361413002014,0,0,26.7671699523926,0,35.780168235302,499.933300435543,697.115478992462,689.053217917681,7.57422894239426,10.6748884916306,0,1129.56975543499,5.78365176916122,0,76.7855796515942,16.5763504505157
7.82198864221573,0.409274786710739,24.9426383674145,3675.51623231173,330.593454003334,11143.2172189057,702.742696732283,3852.77927902341,2268.53668177128,18456.6015630364,176.965509444475,0,5.0929856300354,1223.68883836269,2843.69446074963,1.14885690808296,51.3935336470604,213.604723155499,154.103821963072,13456.2871248722,6.15125995874405,3.237424492836,22.8374232649803,1421.6056035459,1.12966084480286,257.55580213666,121.26743721962,846.517573744059,492.228934586048,53.2191783487797,0,33.6306756436825,1.86241686344147,656.623166978359,3804.6772351861,925.553179442883,25.8778340220451,654.499733418226,164.795394808054,2221.46783459187,54.7396392822266,9.69325479865074,113.306705772877,3.63283711671829,34.6675433814526,20.0965033769608,1261.33424636722,5.50204017758369,7.49672311544418,0,0.562407851219177,0,1451.1230905354,50.4679149091244,277.737065672874,318.233791410923,115.714649915695,216.230486035347,1632.58652666211,22.9837867617607,1474.67486435175,0.995870172977448,52.2920656204224,355.310361921787,0.469648122787476,2.29424357414246,8.63730862736702,0.356703251600266,596.248209297657,0.460526764392853,4.9972836971283,2.89488452672958,1035.36594185233,2.5422542989254,6.28583467006683,6.96040093898773,1931.73318648338,24.7635582387447,2.45616507530212,1.08366715908051,2.48928290605545,0,18.6838484406471,1892.75124335289
0,2775.95991781354,0,0,1.13010877370834,3.44541963934898,14.4799782037735,41.5642524063587,777.921721488237,17.4907838404179,2477.19524344802,5.0929856300354,0,106.535910844803,11.5700131654739,11.1422792375088,0,3.59525108337402,0,3.11503171920776,10.1585452258587,1139.98672378063,0.528936743736267,457.310477972031,6474.51331421733,146.878653913736,2970.96077057719,56.3176759779453,194.690363436937,0.510129451751709,836.119663059711,69.402154147625,0,1454.9932269156,3.02662014961243,25.5672797858715,3287.77930721641,835.820962637663,12.9709766209126,12.4241649508476,1.36673617362976,797.952517867088,8.5065501332283,2983.83687910438,77.8252115249634,1.60418963432312,1.37740194797516,0,3005.50305870175,0,244.35376816988,0,0,0,0,0.746962249279022,3.06244516372681,56.8959477543831,1.03541564941406,3862.58242070675,0,10325.1936107576,4.20412635803223,0,5.67290031909943,0,28.1212317943573,0,0,0,55.3194682002068,0.602849006652832,47.9724172949791,1406.35493928194,664.163211256266,628.484989613295,1.04811617732048,54.2363464236259,0,1448.24623981118,21.951162815094,0,256.891012728214,0
10184.0198696554,6.07116729021072,1579.99473783374,233.31971052289,21.9204599261284,1049.4262471199,26283.1110515594,18405.8449904621,134.835363417864,4437.75120806694,3042.08682900667,1223.68883836269,106.535910844803,0,160.752519756556,2.80674314498901,3370.8378610909,2151.44531181455,1689.20203596354,472.166067689657,683.282217085361,3.21685665845871,5521.37097483873,278.883121550083,13.6367899775505,3693.33060997725,1768.9271889627,1818.97076317668,12145.6723833382,26052.9455243647,25.9122254550457,181.033323764801,115.536982834339,6081.18200328946,202.691241115332,4326.29983657598,342.127401381731,3353.14046311378,1523.33153057098,557.886938154697,662.424265384674,92.96419018507,179.645584195852,54.8698756098747,116.709564745426,179.383759319782,100.55653488636,47.8525903820992,17.8341139853001,1.40279087424278,4.89782023429871,13.2237901091576,17.1262865066528,7.93548572063446,34.6151463389397,462.003963857889,64.0562004446983,114.322345286608,24.3807339966297,85.7969027161598,7.19569355249405,27.7565509080887,50.5440885424614,21.2083649039268,15.1971278190613,0,1.50866174697876,0,10.3749883174896,5.29837143421173,29.5962738990784,4.07831299304962,648.888841807842,4.62902343273163,13.5762999653816,91.7663096189499,800.282990455627,29.6488851010799,13.5302448868752,5.30651599168777,32.5441382527351,1.17345750331879,40.481148481369,35.2025879323483
1.29682207107544,66.3243738412857,54.0056058764458,537.888316333294,3215.78801441193,4550.15496844053,1151.16024708748,560.34434646368,2740.44662457705,1161.83682438731,19.5348662436008,2843.69446074963,11.5700131654739,160.752519756556,0,29.654717028141,21.0852573513985,18.4881821274757,13.5838664770126,401.506952136755,534.255943715572,152.826251596212,509.120196402073,3946.75236332417,15.7135115563869,43.3741545081139,269.717755079269,2239.21742779016,127.078087598085,421.010820746422,0,101.157723009586,1.00682458281517,308.551724284887,2077.89892277122,731.907751023769,156.76716029644,185.274298250675,281.176964372396,4201.30598330498,70.7318748235703,3.43664288520813,143.978482365608,40.5695589482784,39.9626798033714,129.674750030041,596.330278962851,12.7654967904091,9.58737781643867,0.870097458362579,0,4.79774731397629,296.718292146921,23.4770623445511,107.599306225777,167.31296107173,39.4456130862236,54.9527567923069,400.952219933271,28.8953551650047,218.916910260916,2.29179432988167,23.6398504972458,133.011322855949,23.3418562412262,1.12391352653503,1.52188503742218,3.20032960176468,135.141930788755,29.9774481356144,18.2322584986687,64.0434911251068,331.034478068352,0,5.21149009466171,47.2838345170021,577.4061409235,17.8905105888844,21.6399444639683,0,5.67009750008583,0,12.2794317603111,1343.52165901661
0.637730300426483,133.249297440052,14.7343333363533,0,8.36176413297653,0,9.60644742846489,2.19376268982887,470.602473795414,2.39122578501701,1.61281478404999,1.14885690808296,11.1422792375088,2.80674314498901,29.654717028141,0,13.8035741448402,1.53088253736496,2.2143434882164,0,10583.7846795321,4595.90841558576,11208.9899483621,4179.51595631242,38.5963550209999,9.32717043161392,14201.0878837705,3570.92699590325,3.56389847397804,45.5964484512806,0,0,0,235.526268869638,203.745281219482,1800.69783940911,767.167472064495,484.619345933199,439.337764382362,2.09272611141205,18.5593020915985,0,308.479891687632,65.0021452307701,111.077731519938,134.504189133644,136.376928567886,2.27522230148315,2.35432535409927,3.11140269041061,26.4488417506218,129.005275577307,1.00637957453728,2.01682862639427,0.565413057804108,53.1516681909561,7.84979352355003,2.8048694729805,8.6800334751606,5.07975274324417,4.83899506926537,3.73721474409103,10.6773118674755,4.12108182907104,6894.7577572763,31.0653087496758,0.384333521127701,7.3401672244072,1.15907764434814,1327.08337709308,1833.9610722661,5104.42065602541,328.675712436438,0,24.620528191328,4531.56816613674,945.320318281651,15.4762157797813,269.265197396278,0,0,2.05717468261719,32.1716248393059,99.9624626040459
578.125478684902,15.6876612901688,17134.8781912923,7.96390980482101,3.8500200510025,33.0711320340633,1155.10934486985,1344.89569503069,9.29749885201454,174.121170282364,396.131443232298,51.3935336470604,0,3370.8378610909,21.0852573513985,13.8035741448402,0,952.326944500208,8910.42634919286,23.9153729379177,2033.77911171317,12.6131057739258,11594.1486047804,32.4121306836605,1.50503146648407,14116.3496267796,11894.0302538872,396.843275904655,3353.93095380068,3359.84955909848,0,7.00148841738701,199.775299042463,8742.72403556108,138.034413278103,2603.71424251795,1015.48865059018,3903.41597086191,1607.40912923217,32.8097135424614,17.0138083696365,0,21.5274615287781,12.734277844429,2.84315380454063,5.88038861751556,6.16679394245148,0,0.441725432872772,0,11.4984512329102,73.3562031388283,0,0,1.16174280643463,3.57533660531044,0,6.40973651409149,0,0,0,0,0.664857804775238,2.8800362944603,25.9195483326912,2.84402284026146,0,0.879141449928284,0,14.9359566569328,9.67412447929382,17.8407850563526,11.5183805823326,0,100.649753332138,777.877657771111,21.1280998289585,1.0300061404705,6.22161310911179,0,0,0,1.02469211816788,80.3256890177727
19.4040146172047,2.65500977635384,139.326239973307,14.9058015346527,2.97157764434814,90.3213414549828,401.212923318148,565.393427610397,23.9874929487705,432.704634964466,11505.1403493881,213.604723155499,3.59525108337402,2151.44531181455,18.4881821274757,1.53088253736496,952.326944500208,0,6585.22650909424,78.6481114923954,79.2603265345097,3.62136298418045,163.322627216578,33.3783908486366,6.41349273920059,2165.37599346042,478.710072875023,134.514994949102,3893.43882066011,114.259475827217,6.27577435970306,411.709807276726,13.4128965735435,6287.20140171051,182.054206609726,3090.20853063464,3049.4380132854,4881.16840583086,2654.77350252867,88.4470031559467,37.3303464949131,5.88706433773041,14.8869792819023,14.6662877202034,2.18418529629707,11.2124813199043,3.15760678052902,2.17597472667694,2.10040259361267,0,4.72408452630043,0,0,0.830216526985168,0,0,0,9.54209446907043,0,12.5755535364151,0,107.509545624256,0,7.62409561872482,1.9044007062912,0,8.93562239408493,0.701376914978027,0,0.505491435527802,0,0.650132179260254,1.75760555267334,13.0026540756226,173.544767737389,359.968965947628,0,1.54765295982361,0,68.9283787310123,0,0,0,133.24769833684
98.8481909036636,10.8316302895546,889.479383111,11.6591742038727,2.00758916139603,55.9676101505756,401.743195146322,451.492803782225,17.586333990097,335.064794838428,2001.24574121833,154.103821963072,0,1689.20203596354,13.5838664770126,2.2143434882164,8910.42634919286,6585.22650909424,0,64.77490234375,397.086206138134,4.56544488668442,1089.36273598671,30.8460747301579,1.64585518836975,3899.46639600396,1814.61120182276,161.503883391619,2869.09547403455,557.314095765352,0,48.3502793610096,49.7774234116077,7410.93911811709,100.634860873222,2547.30008432269,1507.99759402871,4461.86088564992,2261.09316420555,54.6192909777164,15.7397586107254,0,5.20752286911011,4.49893748760223,0.453879088163376,6.37259793281555,2.99700665473938,0,0.859169006347656,0,16.1456916928291,7.01321482658386,1.06114745140076,1.42607247829437,0,0,0,6.93773341178894,0,0,0,1.46070235967636,0,1.78633207082748,5.56655073165894,0,2.76761984825134,0,0,2.91478276252747,5.24300700426102,4.22669810056686,4.66895699501038,6.73240447044373,88.6272632479668,274.233049958944,0.503902435302734,0,0,0,0,0,0,83.3375725150108
3.93207910656929,1.15500041842461,10.5286366045475,19848.0836559534,66.2318096756935,1085.01078516245,334.079600721598,1244.24721232057,930.027040630579,9857.86559319496,86.5435742139816,13456.2871248722,3.11503171920776,472.166067689657,401.506952136755,0,23.9153729379177,78.6481114923954,64.77490234375,0,3.50508558750153,0,14.6636070311069,864.741478890181,0.626226961612701,99.1073991060257,53.9612144231796,1316.34400066733,271.590187698603,19.5572051405907,1.9093069434166,17.0606490373611,2.05534356832504,339.376836597919,16.8783214986324,737.691819816828,21.1888016164303,293.870645493269,61.5821370184422,390.38569355011,37.7323189079762,1.00947377085686,82.0908019542694,2.3057376742363,19.916383266449,8.39840638637543,688.009850800037,1.18753588199615,2.27451431751251,0,0,0,1183.71839359403,19.8708229362965,138.769328325987,415.795889079571,100.093055784702,235.738469451666,1260.49830290675,5.75305745005608,332.33889567852,0.795629948377609,31.8122251331806,236.729394555092,0.388452917337418,0,0,0,338.564861029387,1.03413701057434,1.00134408473969,2.58240616321564,1040.4756655097,0.413887441158295,0,5.02025294303894,1804.38045844436,17.9290435910225,0.980863034725189,0,0,0,16.3464662134647,0
70.1458815634251,95.7474046945572,4121.44150012732,3.14389407634735,154.790758728981,11.7095920741558,6601.59627246857,462.323103010654,172.845767050982,31.6588241457939,12.9471257030964,6.15125995874405,10.1585452258587,683.282217085361,534.255943715572,10583.7846795321,2033.77911171317,79.2603265345097,397.086206138134,3.50508558750153,0,1179.35941058397,49351.6157386303,667.790650814772,23.4946894645691,1293.60074162483,5697.80992841721,31906.7309562862,805.015508264303,28065.7017118335,0,7.05105429887772,134.466590166092,11823.2385849655,2820.88076770306,18828.0937617123,5090.52799832821,10707.0153550804,6199.29634532332,64.9285247921944,127.714764177799,1.91474348306656,482.870817750692,76.2501575946808,116.413625866175,96.981933683157,405.416889518499,5.96059060096741,17.9705549180508,8.13474202156067,11.6443216204643,79.3675761520863,3.03448903560638,9.9073166847229,11.1047458946705,174.450073182583,8.45484218001366,9.03025236725807,5.18189841508865,9.56696146726608,1.73578906059265,1.0292866230011,20.8528494536877,28.50580316782,4367.6651480794,51.8874152302742,0.262523770332336,3.31342530250549,0.449266701936722,3044.07100510597,1030.14174598455,2404.46729671955,724.319642692804,1.30532765388489,20.941033154726,1034.80504319072,2261.78346502781,73.587999522686,904.729737371206,0,1.88588002324104,10.727881282568,89.5701170861721,716.353523552418
0,3137.31128680706,8.84965497255325,0,22.2970603108406,3.19595152139664,17.4844977855682,2.37776684761047,8497.25760519505,2.77278426289558,114.609001368284,3.237424492836,1139.98672378063,3.21685665845871,152.826251596212,4595.90841558576,12.6131057739258,3.62136298418045,4.56544488668442,0,1179.35941058397,0,379.7465942204,21504.4973181486,2140.53336590528,47.2873526513577,17143.5935826302,3029.76586657763,9.7870928645134,74.7116464972496,13.2463463544846,0,9.84952771663666,55.576006770134,6.26113826036453,186.075755029917,72.1518938243389,79.7483805716038,52.5366953909397,54.9792056381702,0,20.8911063969135,164.403179883957,58.6222086250782,51.8259080052376,51.3169633150101,22.737412571907,0,22.2102668583393,2.95040059089661,361.465841948986,80.6992422044277,7.36684620380402,1.25644898414612,0,106.790777534246,6.5964230298996,97.9723110795021,4.8060197532177,50.0555047392845,2.70322602987289,269.247159779072,6.99364477396011,3.55293029546738,2645.51428905129,15.4519141316414,2.40546187758446,5.19967165589333,2.55902642011642,569.929383009672,1691.50031793118,1365.29605683684,709.632394641638,77.8134419620037,73.5677718520164,4007.51281446218,803.84330612421,21.8532445132732,178.81169745326,44.0945388674736,0,2.68342471122742,20.4191427826881,9.12502253055573
832.830806583166,38.9042353332043,38888.575391382,4.25837278366089,255.287612557411,53.0671165287495,9624.15712845325,2907.35158374906,153.030034929514,100.908424437046,63.2997186183929,22.8374232649803,0.528936743736267,5521.37097483873,509.120196402073,11208.9899483621,11594.1486047804,163.322627216578,1089.36273598671,14.6636070311069,49351.6157386303,379.7465942204,0,525.703995615244,0,6430.54676738381,28915.0586991906,11651.0460673571,3929.41339311004,22418.8992742002,1.34165227413177,9.74105975031853,424.446160435677,23557.0281567574,4335.32355451584,34757.5008349121,9530.20226788521,28400.4499908984,18291.6408061981,182.922536939383,379.927971601486,15.6405832767487,638.518469840288,126.452272713184,232.106466859579,309.350954353809,187.452201992273,13.1289786100388,11.4346849322319,8.67279994487762,45.7427453100681,869.021585077047,2.22375532984734,15.9814296364784,2.22347342967987,158.162918627262,14.1490587294102,6.60843855142593,10.3108989596367,16.5416443645954,7.62944436073303,1.36231297254562,27.8255143463612,47.8471531867981,5837.44496393204,85.642368465662,2.46397721767426,14.8828087449074,2.54079905152321,1390.59869897366,904.743516117334,6294.90714618564,375.449836164713,1.03388237953186,178.570020109415,11033.7196648121,1174.01400110126,31.0247887670994,305.024638980627,0,0.95088142156601,5.15362137556076,47.5336782038212,1991.48724111915
6.31294816732407,3340.85239249468,52.4573181569576,4758.65723836422,432.810547679663,784.432741045952,1780.80767479539,822.803250819445,39732.6468680203,2729.44838553667,74.4841213822365,1421.6056035459,457.310477972031,278.883121550083,3946.75236332417,4179.51595631242,32.4121306836605,33.3783908486366,30.8460747301579,864.741478890181,667.790650814772,21504.4973181486,525.703995615244,0,1195.03191182017,82.4038045704365,8325.19488626719,16317.5862888992,294.184597998857,312.110861152411,8.6901161968708,15.0413782894611,73.5186710953712,769.407591372728,269.857696354389,2370.32033908367,335.549022227526,596.543632596731,308.611977934837,1627.18025694788,48.8110034763813,9.05334407091141,3215.52920660377,106.424852281809,629.525502055883,235.935022801161,1111.02922928333,93.6573773920536,35.8189097940922,34.688441157341,178.835848778486,152.265802711248,851.655624568462,28.9468431174755,234.249840766191,6802.79542642832,553.269026994705,4005.67115718126,1761.36265712976,66.4580606222153,352.790659219027,96.6472182571888,592.590145200491,150.403110384941,3255.98093086481,34.0602806210518,9.15563786029816,3.10859563946724,351.620016425848,1465.05102691054,4150.61878156662,949.689343839884,16848.6529305875,61.888514727354,18.5669068694115,1530.88513937593,21393.6033296585,519.031753867865,1494.03060594201,3.16084265708923,16.5283488035202,79.5981562435627,414.878516584635,113.505241036415
0,3857.34982332587,0.421568602323532,0,3.80218172073364,1.42034608125687,0,0.966853082180023,1419.23923504353,0,696.88406470418,1.12966084480286,6474.51331421733,13.6367899775505,15.7135115563869,38.5963550209999,1.50503146648407,6.41349273920059,1.64585518836975,0.626226961612701,23.4946894645691,2140.53336590528,0,1195.03191182017,0,1113.54589983821,17960.9757145643,110.20235773921,24.3276495039463,0.846095442771912,514.957319110632,2.21766209602356,0,225.645201742649,0,17.9292493164539,183.918150931597,50.4925961792469,14.1290575861931,7.22859382629395,0,1086.81609678268,10.0512021780014,196.917578071356,26.5201038718224,8.8072966337204,1.59885358810425,0,275.961753904819,0,324.478760004044,0.571329057216644,0.597345352172852,0,0,0,0,50.0648443996906,0,597.019131392241,0,3078.81947499514,1.19177153706551,0,5.52716594934464,0,16.6993269920349,1.25757879018784,1.14539563655853,0,35.3202438354492,0,55.4436661601067,2442.46433705091,536.899459719658,3111.8083024919,4.0804885327816,3.00292581319809,0,426.207502275705,4.72086769342422,0,61.9139331281185,0
307.377004653215,452.178718626499,45488.2318389118,28.2598015964031,13.0262893438339,128.682518392801,1573.85547935963,1342.44278728962,95.6808834075928,552.459678649902,10675.3875236511,257.55580213666,146.878653913736,3693.33060997725,43.3741545081139,9.32717043161392,14116.3496267796,2165.37599346042,3899.46639600396,99.1073991060257,1293.60074162483,47.2873526513577,6430.54676738381,82.4038045704365,1113.54589983821,0,25789.8017416596,478.98131737113,4559.79193907976,1509.76453453302,735.890641450882,352.158053517342,70.6590615212917,6958.36172997952,707.345602482557,14935.6915800273,20797.5647684634,11850.9137862027,8702.10704493523,135.31997063756,96.1116118133068,54.6021758913994,243.553638368845,1026.23802870512,238.610767304897,181.331588029861,4.53888112306595,1.29897022247314,17.9882373809814,0,755.745739459991,269.012329131365,1.21582224965096,0.618505418300629,0,6.57544428110123,0,56.5679628551006,0,882.562401652336,0,8141.2976077795,2.59038937091827,14.2851987481117,20.264742821455,129.382130175829,364.543497353792,145.61867326498,1.53322666883469,8.25932618975639,72.7456510663033,29.8461940288544,21.8789296746254,1920.40592184663,13112.819323808,34022.1192888618,19.9312971532345,14.4933923482895,8.89514911174774,3799.49067345262,0,0,63.1336387693882,537.882967710495
108.69492161274,20689.6186189353,12484.1546201706,10.8988472819328,45.0717560648918,53.9243660271168,1096.30107590556,677.503283590078,8398.89167299867,248.138636440039,464.827621132135,121.26743721962,2970.96077057719,1768.9271889627,269.717755079269,14201.0878837705,11894.0302538872,478.710072875023,1814.61120182276,53.9612144231796,5697.80992841721,17143.5935826302,28915.0586991906,8325.19488626719,17960.9757145643,25789.8017416596,0,7896.84111937881,1877.3143388927,1016.42813637853,551.7993889153,47.7423232793808,51.978881508112,11051.3438060582,2015.34099757671,34297.5743789375,15216.7990006506,22086.7868012786,16191.3047024608,216.85974791646,168.427174538374,42.8849253952503,1800.68381950259,2623.88559809327,1106.76011237502,1002.24717798829,47.58039021492,1.57277673482895,89.6488776803017,40.5627011358738,9344.90520039201,7211.05992645025,1.85502982139587,15.3353524208069,1.32876920700073,355.712502062321,18.8926063776016,242.149285316467,8.3075475692749,945.910047858953,2.86180144548416,10369.0871660411,93.8609263002872,33.2443166971207,3479.70119079947,869.63620236516,382.829430013895,418.279698312283,0.876748979091644,496.098367124796,2324.43610295653,5794.60811549425,392.618164777756,4915.93548351526,22843.321759671,176444.092074662,724.263889551163,33.8464323282242,173.134722977877,5099.78296020627,5.12365126609802,1.28979635238647,155.7537368536,1456.11592975259
40.504961758852,411.189460992813,2574.8282571137,7075.42334017158,322.647461652756,4078.88509130478,58214.9558175504,5440.38238546252,7112.69399407506,16819.8482827544,162.00660854578,846.517573744059,56.3176759779453,1818.97076317668,2239.21742779016,3570.92699590325,396.843275904655,134.514994949102,161.503883391619,1316.34400066733,31906.7309562862,3029.76586657763,11651.0460673571,16317.5862888992,110.20235773921,478.98131737113,7896.84111937881,0,2449.65394303203,27355.8679799438,1.43490651249886,77.2564116418362,852.442730426788,11297.1863906384,3916.06021973491,22610.9735862911,2237.80234450102,9813.15929153562,4896.79430279136,1467.32314646244,461.354243040085,14.2083044052124,5079.66929975152,196.668382883072,1088.18351489305,386.044242024422,2463.47326087952,150.598705470562,86.2563502192497,95.5848353505135,101.679042130709,311.163002431393,1401.49388074875,50.2476621866226,403.689229011536,11428.3961556256,794.235089540482,2994.23404482007,2811.98108422756,104.77002748847,561.064718455076,7.46724432706833,816.519045114517,362.958368718624,4958.13562268019,75.6711509823799,1.62336790561676,6.5796063542366,673.883404612541,3441.62250089645,2993.98248907924,2078.97098177671,19490.789963156,9.60671117901802,63.6172188818455,2654.2022010982,31344.6016854644,1037.51878622174,3750.65747001767,0,26.5578947663307,154.598534137011,630.45310652256,697.554766029119
6022.90476796031,12.6605980992317,745.61456733942,132.769069880247,12.0042890906334,495.406995326281,9958.76209443808,2654.08507308364,114.07530477643,2388.71689015627,5897.23860245943,492.228934586048,194.690363436937,12145.6723833382,127.078087598085,3.56389847397804,3353.93095380068,3893.43882066011,2869.09547403455,271.590187698603,805.015508264303,9.7870928645134,3929.41339311004,294.184597998857,24.3276495039463,4559.79193907976,1877.3143388927,2449.65394303203,0,10919.521294862,33.6058757305145,802.55190962553,6578.09338966012,12210.9287991524,203.491950392723,2289.52987751365,282.977905064821,3156.813816607,759.368073105812,219.981587767601,315.84090256691,56.3177716135979,218.738194048405,31.7736146748066,61.0637543797493,73.0877682566643,91.8760179579258,19.8714823126793,26.2325432598591,4.04904270172119,7.95674753189087,7.59809786081314,6.41782215237617,2.50073301792145,21.532505273819,362.541852682829,19.1640658378601,64.2861295938492,10.9957944452763,46.5433231592178,3.92773750424385,33.6375707387924,15.7151384055614,9.37600243091583,95.6924156844616,0,0,0.690217018127441,5.84475076198578,50.5107230842113,95.2828313708305,20.2655066251755,593.935377925634,3.71613520383835,17.9400978386402,100.720233082771,1138.4761942625,32.8166528046131,81.045751363039,5.18058925867081,9.26149481534958,6.56105583906174,38.1556676924229,31.3829449415207
8841.9087434113,1.37812566757202,2473.7031879425,5.01419079303741,62.1640077531338,125.688629627228,16560.5656805634,7123.03148204088,79.2291038632393,148.63779681921,57.0857680439949,53.2191783487797,0.510129451751709,26052.9455243647,421.010820746422,45.5964484512806,3359.84955909848,114.259475827217,557.314095765352,19.5572051405907,28065.7017118335,74.7116464972496,22418.8992742002,312.110861152411,0.846095442771912,1509.76453453302,1016.42813637853,27355.8679799438,10919.521294862,0,0,16.8177797496319,1871.74142965674,20124.4296518266,1268.21423083544,10350.0110290647,1896.93950140476,5463.62405234575,2104.71873819828,110.224711626768,203.897644579411,0,599.611636281013,29.9829765558243,108.05690741539,57.3104196488857,384.128051638603,8.01253890991211,21.1423288583755,12.6552787423134,4.37772160768509,43.179845482111,3.36478650569916,5.02941888570786,9.44464004039764,376.893647044897,20.4497756063938,19.7364590167999,16.5557874143124,10.2773388326168,10.3242705464363,0,56.5351390242577,32.212454020977,1220.87434414029,13.1155602633953,0,0,6.85257071256638,983.469386100769,434.187360137701,428.451901882887,817.002037912607,0,13.1534353494644,157.015172928572,3856.86949330568,160.011131614447,708.982766598463,0,0,32.6064790487289,85.6599356234074,221.877663910389
0,23.9171988070011,0,0.349422246217728,0,1.70805105566978,2.5825517475605,7.14073085784912,4.32168754935265,6.05743628740311,379.546182632446,0,836.119663059711,25.9122254550457,0,0,0,6.27577435970306,0,1.9093069434166,0,13.2463463544846,1.34165227413177,8.6901161968708,514.957319110632,735.890641450882,551.7993889153,1.43490651249886,33.6058757305145,0,0,11.4117434620857,0,95.1877789199352,1.43151253461838,16.7640707492828,444.902113348246,149.531957864761,8.51556205749512,4.08978962898254,0,24.1915388703346,0.772071421146393,212.549264431,12.4292267262936,0.84250470995903,0,0,46.917619407177,0,28.6354080438614,0,0,0,0,0,0,5.02346879243851,0,471.56641805172,0,2465.21489444375,0,0,0,0,19.1736387610435,1.17610782384872,0,0,3.06868690252304,0,3.64853966236115,364.45432472229,367.485962837934,374.52604290843,0,5.7485111951828,0,809.677061647177,1.89013719558716,0,5.88982892036438,0
0,0.768950402736664,5.93555051088333,14.8189501464367,568.60899913311,691.758589059114,209.003743946552,130.395274341106,7.35264670848846,123.228183746338,1229.8558820188,33.6306756436825,69.402154147625,181.033323764801,101.157723009586,0,7.00148841738701,411.709807276726,48.3502793610096,17.0606490373611,7.05105429887772,0,9.74105975031853,15.0413782894611,2.21766209602356,352.158053517342,47.7423232793808,77.2564116418362,802.55190962553,16.8177797496319,11.4117434620857,0,0.426432371139526,8154.80241471529,70.1330451369286,1511.09495458007,95.1586478948593,632.010296881199,722.293329298496,582.782111018896,8193.16652643681,42.2884575128555,50.1260497570038,37.1503294110298,56.6415907740593,126.162971258163,28.9158875644207,44.1237131357193,20.4345222115517,0,0,0,0.430077791213989,5.58367252349854,12.744552642107,15.3751359283924,58.46989351511,1.5530452132225,2.23589938879013,45.8711996674538,0,6.54033803939819,16.9729642868042,0,2.79171621799469,0,0,0,0,2.42487782239914,1.66793501377106,0.665810286998749,19.4998822510242,3.83912301063538,1.92241913080215,3.25680443644524,32.3335599899292,11.3479037284851,0,0.762521743774414,20.9750218093395,0,34.8524748086929,23.2235514521599
40.775446921587,1.48595774173737,56.7843528687954,5.30640012025833,0.804391741752625,23.6318377554417,2097.92222228646,152.438301056623,16.7382029294968,32.1437452435493,4.36782389879227,1.86241686344147,0,115.536982834339,1.00682458281517,0,199.775299042463,13.4128965735435,49.7774234116077,2.05534356832504,134.466590166092,9.84952771663666,424.446160435677,73.5186710953712,0,70.6590615212917,51.978881508112,852.442730426788,6578.09338966012,1871.74142965674,0,0.426432371139526,0,1486.11318439245,10.0383158624172,77.8653531968594,6.32086598873138,255.154288351536,49.4503932595253,3.44305902719498,10.1606215238571,0,73.7201501131058,2.09220552444458,7.36429679393768,5.04244720935822,14.4087403714657,1.42026007175446,1.34606337547302,1.09752142429352,1.1490820646286,2.86124187707901,2.26259523630142,0,1.57106485962868,85.3182891905308,2.24934667348862,6.09402674436569,2.04526874423027,2.50159233808517,2.03022336959839,0,8.93933814764023,6.9801470041275,61.936506986618,0,0,0,0,39.305760204792,41.4983599185944,14.9649479985237,137.343269914389,0.578886210918427,0.459599107503891,6.78671559691429,354.980517536402,13.2439681589603,65.2282620668411,0,0.610689342021942,2.4102920293808,19.0259037017822,5.90705028176308
281.685867249966,57.9009945392609,4979.12608188391,379.903250932693,2574.48149192333,939.411293566227,10619.9055216014,4152.43839418888,218.07647806406,3344.25205248594,15073.0958856344,656.623166978359,1454.9932269156,6081.18200328946,308.551724284887,235.526268869638,8742.72403556108,6287.20140171051,7410.93911811709,339.376836597919,11823.2385849655,55.576006770134,23557.0281567574,769.407591372728,225.645201742649,6958.36172997952,11051.3438060582,11297.1863906384,12210.9287991524,20124.4296518266,95.1877789199352,8154.80241471529,1486.11318439245,0,567.744288533926,7519.52924135327,3977.87097877264,11034.650298655,3500.8280941546,6845.62381142378,956.104862242937,3079.47844290733,1179.76228258014,655.280024349689,2157.56097212434,1327.71467286348,1979.32225593925,369.788201183081,432.128293275833,16.5135054886341,28.5616460740566,71.9773731231689,49.4095251560211,60.9400420188904,402.581099629402,1185.17834597826,884.646054446697,125.03418213129,336.884147793055,633.966637611389,285.533215403557,221.765958786011,530.779454022646,56.7409412562847,424.335139006376,19.0882177650928,23.9886677265167,3.53721025586128,103.443106770515,528.277323752642,107.326640337706,355.365743875504,1115.25464227796,38.5025910139084,174.776371836662,934.502539843321,2525.08058494329,402.031105399132,492.405916690826,66.2396783232689,375.659337878227,7.64722275733948,360.769394814968,170.105285823345
5.74363154172897,4.71696317195892,653.946876376867,38.5502477288246,1946.58675935864,1768.30428689718,2472.48796701431,498.816601544619,40.6192040145397,4194.95221087337,30.1747317612171,3804.6772351861,3.02662014961243,202.691241115332,2077.89892277122,203.745281219482,138.034413278103,182.054206609726,100.634860873222,16.8783214986324,2820.88076770306,6.26113826036453,4335.32355451584,269.857696354389,0,707.345602482557,2015.34099757671,3916.06021973491,203.491950392723,1268.21423083544,1.43151253461838,70.1330451369286,10.0383158624172,567.744288533926,0,15289.0589831173,3268.24853914976,1019.45591434836,4554.50135201216,434.731812775135,318.545843333006,87.7122483849525,3822.95868620276,1191.35972893238,302.176769673824,2743.5014051795,127.830221265554,80.3909422457218,34.4489834010601,8.65655475854874,0.677224338054657,235.131180644035,1.04662132263184,884.085670262575,359.781762599945,330.918421447277,6.02412837743759,17.4837667942047,54.458298355341,68.6162393987179,878.776548504829,2.11642843484879,13.490473151207,1182.35445168614,178.667270183563,28.0733044147491,59.3705905675888,71.2597916722298,2.93060922622681,398.022195011377,36.668242752552,1018.80895668268,128.03812122345,0,345.586152523756,701.922979921103,448.242706626654,22.1742676198483,168.16554659605,8.211973965168,3.89780962467194,2.62303441762924,27.9961661696434,252666.092592001
64.9682321846485,127.217174142599,9785.3453014493,988.500563561916,312.218691200018,3020.35949561,13754.9918061793,8125.44434759021,647.446370154619,5646.83844137192,682.808008313179,925.553179442883,25.5672797858715,4326.29983657598,731.907751023769,1800.69783940911,2603.71424251795,3090.20853063464,2547.30008432269,737.691819816828,18828.0937617123,186.075755029917,34757.5008349121,2370.32033908367,17.9292493164539,14935.6915800273,34297.5743789375,22610.9735862911,2289.52987751365,10350.0110290647,16.7640707492828,1511.09495458007,77.8653531968594,7519.52924135327,15289.0589831173,0,54013.7827877402,7029.50903302431,7063.61113542318,13533.9656974375,2399.77179664373,1018.91788107157,4467.93166035414,188.562017321587,326.16485273838,343.049547761679,1521.31448405981,164.628083825111,88.4207085072994,13.9597072601318,73.1828106641769,168.402065992355,77.1143569946289,36.812613517046,121.720875352621,3322.20517626405,215.132820934057,403.795630544424,262.848616153002,129.158407896757,97.6341644823551,17.5458306372166,230.093948423862,111.522722303867,596.438859045506,20.3975585997105,21.4812702834606,4.74757245182991,48.3272095024586,347.591636061668,387.950406610966,446.320899069309,3476.80494439602,7.73870342969894,264.865786790848,2035.05533781648,6557.69650655985,223.354403972626,511.925305247307,2.5878814458847,23.0369998812675,34.4386897087097,199.477829188108,3305.87785926461
12.6200816035271,166.548381745815,3179.90110200644,7.50110948085785,59.0312789678574,39.3361495435238,657.783633679152,249.931885033846,65.5259676277637,192.954283922911,4745.36843764782,25.8778340220451,3287.77930721641,342.127401381731,156.76716029644,767.167472064495,1015.48865059018,3049.4380132854,1507.99759402871,21.1888016164303,5090.52799832821,72.1518938243389,9530.20226788521,335.549022227526,183.918150931597,20797.5647684634,15216.7990006506,2237.80234450102,282.977905064821,1896.93950140476,444.902113348246,95.1586478948593,6.32086598873138,3977.87097877264,3268.24853914976,54013.7827877402,0,3607.16186618805,16113.9866344631,402.950623720884,466.000355899334,943.438601315022,269.831103801727,271.091474741697,34.2806890010834,146.56740885973,29.9959532618523,21.0615631937981,130.293083965778,1.01184415817261,115.858356833458,59.0473392307758,0,8.0136678814888,2.88462424278259,41.9932962954044,6.40498304367065,7.20215836167336,1.91885295510292,376.256244271994,0.696781277656555,1207.03114041686,6.97603377699852,45.6739986538887,79.1128844618797,1.64509761333466,24.1998669505119,7.0227438211441,0.575006186962128,46.0142540037632,35.8103002607822,78.954432785511,59.9370133280754,177.320285320282,616.132531970739,2006.20594221354,135.6617821455,15.0980126857758,15.0194210410118,349.73011007905,1.24889576435089,3.60694193840027,25.2871077358723,2105.84242779016
130.298624068499,114.773198604584,7295.90599104762,354.730758041143,54.5290082097054,789.229837626219,8203.39489892125,2938.55486431718,197.958143681288,2843.26426121593,5172.4849832952,654.499733418226,835.820962637663,3353.14046311378,185.274298250675,484.619345933199,3903.41597086191,4881.16840583086,4461.86088564992,293.870645493269,10707.0153550804,79.7483805716038,28400.4499908984,596.543632596731,50.4925961792469,11850.9137862027,22086.7868012786,9813.15929153562,3156.813816607,5463.62405234575,149.531957864761,632.010296881199,255.154288351536,11034.650298655,1019.45591434836,7029.50903302431,3607.16186618805,0,6525.0874440968,438.631740093231,619.861972421408,479.882992148399,520.333273679018,111.379064679146,169.896851032972,303.581319212914,188.200877219439,76.8639588952065,72.3177555203438,7.60153168439865,55.2863158583641,76.819080978632,23.904125392437,10.9266757965088,49.5013729631901,869.175472140312,118.599116146564,118.771850496531,55.4336107075214,141.545496821404,25.490605711937,207.392077028751,68.1291700899601,32.129601418972,263.053994864225,9.18397486209869,4.09330916404724,3.55437880754471,19.042969763279,131.008434057236,81.5958650708199,221.934465169907,1101.38157102466,51.9810062646866,307.667624294758,1643.68655800819,1683.00660836697,70.4831534922123,128.0648393929,68.8793936371803,39.2701937556267,6.5426150560379,88.578934431076,675.496332317591
44.7369037270546,57.2341279089451,4917.93877702951,57.5757281184196,93.8431505560875,381.9243901968,2940.13469222188,1744.61988249421,58.668441593647,455.414953798056,462.482734680176,164.795394808054,12.9709766209126,1523.33153057098,281.176964372396,439.337764382362,1607.40912923217,2654.77350252867,2261.09316420555,61.5821370184422,6199.29634532332,52.5366953909397,18291.6408061981,308.611977934837,14.1290575861931,8702.10704493523,16191.3047024608,4896.79430279136,759.368073105812,2104.71873819828,8.51556205749512,722.293329298496,49.4503932595253,3500.8280941546,4554.50135201216,7063.61113542318,16113.9866344631,6525.0874440968,0,630.869406461716,1932.80794200301,147.074378490448,583.272022396326,342.692575573921,284.331204235554,1252.4756860137,150.455729424953,168.307018578053,87.5662401914597,2.4455908536911,42.5483756661415,66.8564301431179,8.92017883062363,44.231338083744,112.807499885559,319.714541196823,248.119154602289,19.9432435631752,65.8315454423428,184.339969456196,56.6468649506569,12.687274992466,105.18677264452,91.4817988872528,172.376316457987,9.44652545452118,14.5601524710655,4.87829858064651,17.888711720705,109.4471347332,53.3572900295258,245.859335362911,352.067179471254,5.97677946090698,193.547488123178,1049.27331602573,576.572373837233,103.754024207592,72.0498003959656,18.4149921536446,110.248129308224,1.98317277431488,125.359860986471,4081.64247465134
7.93218544125557,29.7816537320614,43.4756543934345,557.352427184582,15867.1094109714,7754.63345104456,1154.91121691465,2514.45064082742,4131.49042442441,1662.43114295602,125.274727702141,2221.46783459187,12.4241649508476,557.886938154697,4201.30598330498,2.09272611141205,32.8097135424614,88.4470031559467,54.6192909777164,390.38569355011,64.9285247921944,54.9792056381702,182.922536939383,1627.18025694788,7.22859382629395,135.31997063756,216.85974791646,1467.32314646244,219.981587767601,110.224711626768,4.08978962898254,582.782111018896,3.44305902719498,6845.62381142378,434.731812775135,13533.9656974375,402.950623720884,438.631740093231,630.869406461716,0,719.33096203208,40.002115547657,512.334832072258,36.3180564641953,66.850574195385,103.065327018499,1906.41657519341,40.8780795037746,101.78810274601,1.13468706607819,5.82696455717087,17.8952670395374,543.440288156271,78.7300982773304,247.222405642271,617.277218818665,109.279871284962,77.5472247898579,779.945627719164,91.709530621767,450.660204589367,4.98081058263779,68.2290097773075,439.658852308989,27.4602870345116,4.15562283992767,7.18682441115379,1.13021349906921,260.249747782946,22.4150648415089,25.3062017261982,49.3220603764057,688.840937048197,0.600446462631226,38.2336820960045,142.312616556883,1424.81742238998,46.0695797204971,31.9135923683643,0.771841049194336,13.5853006243706,1.70243203639984,44.8438195884228,213.021981716156
1.00885128974915,0.833538174629211,54.8653289079666,70.0917408168316,8655.57865560055,1219.17243456841,911.914250433445,887.203697770834,26.9737087488174,379.134206622839,15.7531716227531,54.7396392822266,1.36673617362976,662.424265384674,70.7318748235703,18.5593020915985,17.0138083696365,37.3303464949131,15.7397586107254,37.7323189079762,127.714764177799,0,379.927971601486,48.8110034763813,0,96.1116118133068,168.427174538374,461.354243040085,315.84090256691,203.897644579411,0,8193.16652643681,10.1606215238571,956.104862242937,318.545843333006,2399.77179664373,466.000355899334,619.861972421408,1932.80794200301,719.33096203208,0,36.3066790103912,110.4916652143,48.0469473004341,88.3294503390789,220.971130132675,23.2960067391396,34.2931355237961,12.9065696001053,1.8678075671196,0,0,8.42781153321266,10.8765479326248,24.185819119215,122.503490835428,78.5312149822712,14.020800113678,25.9867811501026,67.593966126442,14.2791558504105,0,23.5238420963287,7.36581724882126,4.09554100036621,1.75162243843079,0,0,2.27248665690422,5.76318430900574,2.52681243419647,4.8727320432663,155.308047175407,0,4.20840775966644,9.10874563455582,228.040316045284,27.3560893535614,9.39101147651672,0,31.4073520302773,1.30687952041626,36.5899522900581,148.606699973345
0,64.5294244885445,4.28098821640015,0.821132153272629,0.850007236003876,9.3377091884613,18.8935829997063,100.108756870031,18.3354391157627,18.9304709136486,906.802631825209,9.69325479865074,797.952517867088,92.96419018507,3.43664288520813,0,0,5.88706433773041,0,1.00947377085686,1.91474348306656,20.8911063969135,15.6405832767487,9.05334407091141,1086.81609678268,54.6021758913994,42.8849253952503,14.2083044052124,56.3177716135979,0,24.1915388703346,42.2884575128555,0,3079.47844290733,87.7122483849525,1018.91788107157,943.438601315022,479.882992148399,147.074378490448,40.002115547657,36.3066790103912,0,46.8884683847427,165.503795385361,54.0906081199646,79.1678923368454,15.045242190361,21.6970968842506,423.30529153347,0,11.4262104034424,0,0,2.01324582099915,14.5023537874222,4.70686131715775,34.8248654305935,1.50510984659195,6.45043030381203,138.549614965916,10.125842154026,137.941578119993,25.7853802442551,1.18960642814636,0,0,0,0,1.67826384305954,0.457022279500961,6.82696110010147,0,4.85744667053223,30.0002556443214,5.43818670511246,6.33243107795715,12.6992940306664,15.7715186476707,1.18615829944611,15.700820505619,21.9106868505478,0,49.0082063674927,87.0388164818287
6.49105450510979,87.7548900842667,233.849700808525,83.5736574828625,39.9670045077801,102.198282182217,885.905984282494,329.461278915405,790.032066404819,193.014595121145,11.2069043517113,113.306705772877,8.5065501332283,179.645584195852,143.978482365608,308.479891687632,21.5274615287781,14.8869792819023,5.20752286911011,82.0908019542694,482.870817750692,164.403179883957,638.518469840288,3215.52920660377,10.0512021780014,243.553638368845,1800.68381950259,5079.66929975152,218.738194048405,599.611636281013,0.772071421146393,50.1260497570038,73.7201501131058,1179.76228258014,3822.95868620276,4467.93166035414,269.831103801727,520.333273679018,583.272022396326,512.334832072258,110.4916652143,46.8884683847427,0,45694.3584569097,4060.24243652821,8216.39428970218,12025.9501942694,1489.81846478581,1816.68630611897,232.398664653301,64.4951417446136,11858.3474556208,479.628514736891,524.702557891607,1930.23998206854,20960.1592742205,4273.77896478772,318.111361473799,4245.04065841436,2479.16379806399,1464.34441688657,47.5638562440872,3426.87565672398,404.596565186977,5481.97156271338,2152.09165528417,3299.35955029726,3619.28333163261,589.782182067633,15271.7773908973,280.532745927572,36525.9168547392,3078.0165566802,12.4961467385292,19977.3903242052,35380.9314450026,18317.4828382134,2005.47226670384,10040.7541508377,267.055197507143,574.462092101574,137.962356865406,1508.72081960738,20008.3671036065
0,195.048664033413,110.976630598307,1.07574638724327,30.6977662444115,15.0172211825848,21.7301026880741,64.0087150037289,84.4479896426201,6.86565873026848,1245.64089372754,3.63283711671829,2983.83687910438,54.8698756098747,40.5695589482784,65.0021452307701,12.734277844429,14.6662877202034,4.49893748760223,2.3057376742363,76.2501575946808,58.6222086250782,126.452272713184,106.424852281809,196.917578071356,1026.23802870512,2623.88559809327,196.668382883072,31.7736146748066,29.9829765558243,212.549264431,37.1503294110298,2.09220552444458,655.280024349689,1191.35972893238,188.562017321587,271.091474741697,111.379064679146,342.692575573921,36.3180564641953,48.0469473004341,165.503795385361,45694.3584569097,0,6403.8530985713,21483.4641388953,1425.89963638783,505.201979666948,1686.67403653264,55.1383691430092,82.0290918946266,2561.10831144452,17.4226717054844,70.6091966032982,111.363347291946,1225.10916271806,299.843798696995,25.2347561120987,234.900126904249,5313.95343247056,122.431521981955,3315.47907021642,400.966790854931,108.380991995335,1616.64320746064,1187.48319151998,3837.97009384632,1461.88478466868,58.0258010327816,3694.5087479353,69.0948271155357,8012.97919693589,269.78329333663,143.902544409037,22594.1693781018,14526.8471011519,1940.93479499221,241.97754919529,1524.34958249331,2357.18679592013,101.484885454178,8.02878996729851,597.078782856464,4389.28648507595
0.480906069278717,38.0998984873295,91.8453512787819,20.1095369160175,13.1762747168541,26.0399180054665,174.097913086414,149.717142611742,185.534186094999,66.3175760507584,37.2900603413582,34.6675433814526,77.8252115249634,116.709564745426,39.9626798033714,111.077731519938,2.84315380454063,2.18418529629707,0.453879088163376,19.916383266449,116.413625866175,51.8259080052376,232.106466859579,629.525502055883,26.5201038718224,238.610767304897,1106.76011237502,1088.18351489305,61.0637543797493,108.05690741539,12.4292267262936,56.6415907740593,7.36429679393768,2157.56097212434,302.176769673824,326.16485273838,34.2806890010834,169.896851032972,284.331204235554,66.850574195385,88.3294503390789,54.0906081199646,4060.24243652821,6403.8530985713,0,5358.08420464396,466.031919002533,979.86880621314,1336.87236940861,313.354978591204,40.2449509501457,5284.19894827902,149.989529430866,64.426121532917,383.935637265444,9212.2914545536,1096.92858570814,59.9431303441525,1803.01562219858,4085.71713143587,605.285809189081,556.837957650423,2105.40869259834,41.4030768275261,1625.71430823207,3403.9066683054,6656.93253454566,4784.74589717388,184.053774580359,10688.4352764934,58.0510215759277,21257.0875984281,670.059648096561,28.735210955143,12659.7125767469,14967.9570438266,7935.59179918468,2040.80922284722,6276.54891611636,579.390212446451,284.191633820534,304.53775845468,1711.49681712687,780.993218898773
0,38.3862689435482,73.7310549616814,6.82201647758484,53.5678456425667,39.7613399624825,89.2779087126255,234.028731405735,96.8973017334938,37.0312081873417,7.43189120292664,20.0965033769608,1.60418963432312,179.383759319782,129.674750030041,134.504189133644,5.88038861751556,11.2124813199043,6.37259793281555,8.39840638637543,96.981933683157,51.3169633150101,309.350954353809,235.935022801161,8.8072966337204,181.331588029861,1002.24717798829,386.044242024422,73.0877682566643,57.3104196488857,0.84250470995903,126.162971258163,5.04244720935822,1327.71467286348,2743.5014051795,343.049547761679,146.56740885973,303.581319212914,1252.4756860137,103.065327018499,220.971130132675,79.1678923368454,8216.39428970218,21483.4641388953,5358.08420464396,0,2143.66482928395,1565.16984784603,222.790693461895,121.183843433857,21.2521751224995,6405.41568958759,52.2558958530426,365.657057911158,461.903213202953,2998.50562930107,996.619757503271,30.0644322037697,563.40609151125,887.769773304462,417.059572190046,40.3174687325954,937.882044672966,228.524095773697,1860.35442978144,1728.56741198897,2690.48997548223,2479.09465008974,116.219105392694,6870.30406482518,57.278614372015,24986.9546187818,264.743154108524,8.69979256391525,10601.8603526354,16491.5305050313,3407.66733670235,599.177405267954,1958.86253410578,265.337192386389,359.384167134762,58.3300469815731,453.234390974045,6040.95877936482
0,4.5996281504631,36.6113336086273,865.237872391939,136.775186300278,758.70269832015,512.44988784194,247.44125649333,756.986264139414,2028.30795580149,3.1837300658226,1261.33424636722,1.37740194797516,100.55653488636,596.330278962851,136.376928567886,6.16679394245148,3.15760678052902,2.99700665473938,688.009850800037,405.416889518499,22.737412571907,187.452201992273,1111.02922928333,1.59885358810425,4.53888112306595,47.58039021492,2463.47326087952,91.8760179579258,384.128051638603,0,28.9158875644207,14.4087403714657,1979.32225593925,127.830221265554,1521.31448405981,29.9959532618523,188.200877219439,150.455729424953,1906.41657519341,23.2960067391396,15.045242190361,12025.9501942694,1425.89963638783,466.031919002533,2143.66482928395,0,800.598767966032,661.894000172615,64.1990633010864,109.542551994324,158.998364239931,2306.57187670469,13454.9616517723,8210.71905517578,3261.66905871034,6494.1966445744,624.83406317234,3250.37578600645,992.22403255105,3940.53507080674,38.2496673166752,1072.18498876691,2632.11298200488,106.038497120142,58.7667733132839,213.285903781652,115.987492054701,994.703017413616,660.831031292677,238.55331709981,675.199279040098,5057.9394825995,28.0466655194759,497.913921445608,658.439747422934,3918.97875657678,460.016981393099,487.346515446901,31.3981534838676,345.558630228043,17.5092160701752,347.426745355129,497.194515705109
0,0,2.78836071491241,5.37116047739983,0.452450454235077,12.0042765140533,39.2504642903805,64.7460384964943,27.0860415697098,14.4414859712124,0,5.50204017758369,0,47.8525903820992,12.7654967904091,2.27522230148315,0,2.17597472667694,0,1.18753588199615,5.96059060096741,0,13.1289786100388,93.6573773920536,0,1.29897022247314,1.57277673482895,150.598705470562,19.8714823126793,8.01253890991211,0,44.1237131357193,1.42026007175446,369.788201183081,80.3909422457218,164.628083825111,21.0615631937981,76.8639588952065,168.307018578053,40.8780795037746,34.2931355237961,21.6970968842506,1489.81846478581,505.201979666948,979.86880621314,1565.16984784603,800.598767966032,0,89.5565447211266,16.0283312797546,0,20.0522134900093,26.1924152374268,7102.45626777411,2538.12211871147,942.850251317024,871.584684371948,15.5369310379028,310.222395509481,441.800819605589,121.564195901155,2.02030068635941,327.855897724628,32.6601874828339,33.2571912407875,15.8449379503727,37.2585920989513,12.9816786050797,51.2017640471458,67.0363142490387,0.996214210987091,79.5858373045921,82.584086984396,0,87.2256456613541,61.8157100975513,452.172484755516,617.37536251545,132.225043803453,7.98694425821304,5953.16908189654,5.4990508556366,316.365014433861,256.141932189465
0,94.7150994539261,0,2.11430314183235,1.55604517459869,14.9378757178783,23.0993629097939,44.9743167757988,28.4228181540966,16.9984931945801,1180.56430315971,7.49672311544418,3005.50305870175,17.8341139853001,9.58737781643867,2.35432535409927,0.441725432872772,2.10040259361267,0.859169006347656,2.27451431751251,17.9705549180508,22.2102668583393,11.4346849322319,35.8189097940922,275.961753904819,17.9882373809814,89.6488776803017,86.2563502192497,26.2325432598591,21.1423288583755,46.917619407177,20.4345222115517,1.34606337547302,432.128293275833,34.4489834010601,88.4207085072994,130.293083965778,72.3177555203438,87.5662401914597,101.78810274601,12.9065696001053,423.30529153347,1816.68630611897,1686.67403653264,1336.87236940861,222.790693461895,661.894000172615,89.5565447211266,0,3.00490632653236,180.898800730705,14.3193804621696,5.95406273007393,6.63775980472565,28.2639436125755,117.671476393938,48.0130255818367,47.5685953199863,40.0270563662052,6518.74414247274,20.8410948812962,1014.27236488461,42.771201312542,10.8000321388245,81.6092289984226,2.48958152532578,10.3650113940239,6.24714136123657,7.87384927272797,133.657709628344,51.6218621134758,70.3725478947163,65.8930527567863,279.002823412418,59.8763302266598,42.1266939043999,267.799962520599,80.0346755385399,95.8469649255276,77.8765128552914,37.2926495075226,8.2319176197052,630.079455167055,190.403266847134
0,0,4.78362911939621,0,0,0,4.43721926212311,1.6785649061203,6.68529844284058,0,0,0,0,1.40279087424278,0.870097458362579,3.11140269041061,0,0,0,0,8.13474202156067,2.95040059089661,8.67279994487762,34.688441157341,0,0,40.5627011358738,95.5848353505135,4.04904270172119,12.6552787423134,0,0,1.09752142429352,16.5135054886341,8.65655475854874,13.9597072601318,1.01184415817261,7.60153168439865,2.4455908536911,1.13468706607819,1.8678075671196,0,232.398664653301,55.1383691430092,313.354978591204,121.183843433857,64.1990633010864,16.0283312797546,3.00490632653236,0,0.535477221012115,424.152133792639,5.28605255484581,2.72095990180969,30.5433874130249,4768.90477752686,1102.03657835722,0,61.9974084496498,79.5489390194416,31.3216380774975,1.53868186473846,16661.6635003388,13.3808323144913,7.51405587792397,564.121246427298,89.959121286869,140.001794189215,19.3019495606422,197.034759253263,1.92951816320419,764.403139859438,45.0762414038181,0,384.006190776825,504.971383422613,188.262341916561,5091.04002580047,7766.76757514477,4.75369310379028,8.60088115930557,92.1092491149902,473.17217040062,32.8446196317673
0,2908.58104330301,150.91340893507,2.81441104412079,0,0.894098281860352,4.29941833019257,2.53806757926941,933.862042844296,1.99779981374741,106.288487792015,0.562407851219177,244.35376816988,4.89782023429871,0,26.4488417506218,11.4984512329102,4.72408452630043,16.1456916928291,0,11.6443216204643,361.465841948986,45.7427453100681,178.835848778486,324.478760004044,755.745739459991,9344.90520039201,101.679042130709,7.95674753189087,4.37772160768509,28.6354080438614,0,1.1490820646286,28.5616460740566,0.677224338054657,73.1828106641769,115.858356833458,55.2863158583641,42.5483756661415,5.82696455717087,0,11.4262104034424,64.4951417446136,82.0290918946266,40.2449509501457,21.2521751224995,109.542551994324,0,180.898800730705,0.535477221012115,0,11.5568031668663,0,9.34442621469498,1.5793788433075,12.7823130190372,0.734205961227417,3380.1496617794,0,39.9496161043644,0,2316.13895404339,1.23009562492371,53.7287017405033,662.722334891558,11.7582174539566,0.641055285930634,10.1278262138367,2.50888025760651,5.57545185089111,4234.29255151749,29.9809222817421,3822.02173197269,1407.76583337784,156.742115586996,17343.135181576,448.552702099085,3.09342610836029,6.85406398773193,41.7249484360218,0,0,7.19816476106644,3.1655153632164
1.11759513616562,131.644207835197,1064.63283255696,0,5.42793077230453,0,30.2102237045765,1.87957265973091,73.8854906260967,0,0,0,0,13.2237901091576,4.79774731397629,129.005275577307,73.3562031388283,0,7.01321482658386,0,79.3675761520863,80.6992422044277,869.021585077047,152.265802711248,0.571329057216644,269.012329131365,7211.05992645025,311.163002431393,7.59809786081314,43.179845482111,0,0,2.86124187707901,71.9773731231689,235.131180644035,168.402065992355,59.0473392307758,76.819080978632,66.8564301431179,17.8952670395374,0,0,11858.3474556208,2561.10831144452,5284.19894827902,6405.41568958759,158.998364239931,20.0522134900093,14.3193804621696,424.152133792639,11.5568031668663,0,2.29473242163658,18.5965800285339,16.9445191919804,5698.42033225298,457.083969295025,6.23023849725723,51.6867651343346,67.108424693346,9.85865545272827,0,1609.19586789608,39.292508482933,115.750598967075,15679.7308271229,265.839376151562,1324.31580406427,7.11648786067963,4253.76497930288,17.6634869873524,31955.1903356314,53.0049839913845,0,11846.1946896017,16958.4324769676,2518.52389273047,477.406600296497,1863.34110939503,1.41495418548584,3.29409563541412,39.9129486382008,902.953762739897,923.945122361183
0,2.172941416502,0,1785.13563415408,57.1542640030384,396.062305092812,243.574793040752,105.311039179564,2010.9974014163,2527.13523703814,0.560617744922638,1451.1230905354,0,17.1262865066528,296.718292146921,1.00637957453728,0,0,1.06114745140076,1183.71839359403,3.03448903560638,7.36684620380402,2.22375532984734,851.655624568462,0.597345352172852,1.21582224965096,1.85502982139587,1401.49388074875,6.41782215237617,3.36478650569916,0,0.430077791213989,2.26259523630142,49.4095251560211,1.04662132263184,77.1143569946289,0,23.904125392437,8.92017883062363,543.440288156271,8.42781153321266,0,479.628514736891,17.4226717054844,149.989529430866,52.2558958530426,2306.57187670469,26.1924152374268,5.95406273007393,5.28605255484581,0,2.29473242163658,0,194.018479347229,892.012054949999,156.120649695396,528.510857373476,1916.8126513958,8383.0548377037,79.0189988315105,8288.35432600975,1.35367095470428,291.632561773062,962.690156817436,0.575689435005188,4.61814874410629,61.5560654401779,18.8345515429974,38533.6310622096,0.849935173988342,5.17344772815704,6.32083874940872,4581.24933362007,2.24093025922775,41.6052271127701,11.1560623049736,4385.6604809761,154.66908249259,8.49050125479698,8.3045825958252,12.2436530292034,0.497410118579865,96.2167408168316,28.652959138155
0,1.15565371513367,6.76600450277328,41.5686956346035,8.89005368947983,21.6921440064907,11.1652562022209,17.1333696842194,36.1320900917053,56.5234318077564,0,50.4679149091244,0,7.93548572063446,23.4770623445511,2.01682862639427,0,0.830216526985168,1.42607247829437,19.8708229362965,9.9073166847229,1.25644898414612,15.9814296364784,28.9468431174755,0,0.618505418300629,15.3353524208069,50.2476621866226,2.50073301792145,5.02941888570786,0,5.58367252349854,0,60.9400420188904,884.085670262575,36.812613517046,8.0136678814888,10.9266757965088,44.231338083744,78.7300982773304,10.8765479326248,2.01324582099915,524.702557891607,70.6091966032982,64.426121532917,365.657057911158,13454.9616517723,7102.45626777411,6.63775980472565,2.72095990180969,9.34442621469498,18.5965800285339,194.018479347229,0,2924.42548242211,182.057621568441,177.931794583797,153.625174582005,178.622748315334,91.4084302783012,444.549613416195,1.90057003498077,61.5465980172157,5528.98436534405,36.0958229899406,5.76173532009125,9.54123830795288,0.968048393726349,68.8858804404736,101.126035511494,12.9663531780243,290.515194118023,846.805398106575,2.30078881978989,14.9882199168205,90.7173927128315,298.397200733423,15.6867974102497,45.4463580846786,4.32451087236404,204.651071250439,0,1185.96270817518,2358.84277626872
0.724576115608215,0,0.504782617092133,138.670464962721,11.4926779568195,104.925860255957,134.447093486786,63.3179545104504,148.361683100462,309.609355717897,0,277.737065672874,0,34.6151463389397,107.599306225777,0.565413057804108,1.16174280643463,0,0,138.769328325987,11.1047458946705,0,2.22347342967987,234.249840766191,0,0,1.32876920700073,403.689229011536,21.532505273819,9.44464004039764,0,12.744552642107,1.57106485962868,402.581099629402,359.781762599945,121.720875352621,2.88462424278259,49.5013729631901,112.807499885559,247.222405642271,24.185819119215,14.5023537874222,1930.23998206854,111.363347291946,383.935637265444,461.903213202953,8210.71905517578,2538.12211871147,28.2639436125755,30.5433874130249,1.5793788433075,16.9445191919804,892.012054949999,2924.42548242211,0,4649.76306933165,9941.55453234911,179.565440565348,33612.7175697088,544.46320694685,10171.1023217142,20.961725205183,1148.15754985809,2223.32667377591,5.05828252434731,15.4961142838001,172.540618509054,38.6286428272724,1628.52497169375,16.8624758124352,8.52358621358871,14.0943351984024,792.425505578518,0.713273644447327,168.343894988298,33.0750865936279,4347.0921549201,376.482785493135,64.0773613452911,29.8325950503349,1742.92849487066,9.00744307041168,553.678165286779,6906.39402207732
2.02413529157639,10.0725190937519,127.108575135469,508.466027349234,30.1990489661694,419.445484519005,2986.02935621142,1049.5582716167,1435.33188992739,1802.24171489477,2.57171392440796,318.233791410923,0.746962249279022,462.003963857889,167.31296107173,53.1516681909561,3.57533660531044,0,0,415.795889079571,174.450073182583,106.790777534246,158.162918627262,6802.79542642832,0,6.57544428110123,355.712502062321,11428.3961556256,362.541852682829,376.893647044897,0,15.3751359283924,85.3182891905308,1185.17834597826,330.918421447277,3322.20517626405,41.9932962954044,869.175472140312,319.714541196823,617.277218818665,122.503490835428,4.70686131715775,20960.1592742205,1225.10916271806,9212.2914545536,2998.50562930107,3261.66905871034,942.850251317024,117.671476393938,4768.90477752686,12.7823130190372,5698.42033225298,156.120649695396,182.057621568441,4649.76306933165,0,26673.3613703549,773.635139673948,24963.9939104915,1428.92407572269,803.870301485062,18.8412692844868,39417.1763019264,547.278568536043,96.9553291201591,3830.00812357664,1456.12121808529,1053.72311854362,295.538932457566,8656.81974864006,124.244003891945,20280.6963064373,3325.36346459389,2.78269782662392,3199.79994796216,2698.17892301083,63358.0059387386,13755.4683834612,19509.4306044281,63.5256070494652,312.249156743288,1552.05256184936,7632.86079050601,3227.3414118886
0,0,7.19624477624893,126.002125799656,3.66446435451508,75.8015471696854,243.615951627493,102.669146716595,127.261700183153,249.083399444818,0,115.714649915695,3.06244516372681,64.0562004446983,39.4456130862236,7.84979352355003,0,0,0,100.093055784702,8.45484218001366,6.5964230298996,14.1490587294102,553.269026994705,0,0,18.8926063776016,794.235089540482,19.1640658378601,20.4497756063938,0,58.46989351511,2.24934667348862,884.646054446697,6.02412837743759,215.132820934057,6.40498304367065,118.599116146564,248.119154602289,109.279871284962,78.5312149822712,34.8248654305935,4273.77896478772,299.843798696995,1096.92858570814,996.619757503271,6494.1966445744,871.584684371948,48.0130255818367,1102.03657835722,0.734205961227417,457.083969295025,528.510857373476,177.931794583797,9941.55453234911,26673.3613703549,0,98.7711673974991,15887.0501122773,1493.6263833642,5603.03034129739,78.1539627015591,32073.3104734719,213.099663853645,11.5568186640739,418.583226114511,447.31023260951,139.478480160236,1470.3018091619,222.103429824114,8.66955703496933,996.566309124231,572.80314001441,5.02408105134964,742.745613783598,437.681758463383,3151.93728449941,2097.08627727628,2685.37492093444,115.818686902523,2065.34791719913,53.813221514225,1384.40295705199,220.247791320086
0.523925006389618,81.0134686529636,8.46049082279205,498.557528406382,9.91354361176491,223.635221451521,666.256124943495,390.013148784637,4764.71802094579,1036.19401156902,44.3590958118439,216.230486035347,56.8959477543831,114.322345286608,54.9527567923069,2.8048694729805,6.40973651409149,9.54209446907043,6.93773341178894,235.738469451666,9.03025236725807,97.9723110795021,6.60843855142593,4005.67115718126,50.0648443996906,56.5679628551006,242.149285316467,2994.23404482007,64.2861295938492,19.7364590167999,5.02346879243851,1.5530452132225,6.09402674436569,125.03418213129,17.4837667942047,403.795630544424,7.20215836167336,118.771850496531,19.9432435631752,77.5472247898579,14.020800113678,1.50510984659195,318.111361473799,25.2347561120987,59.9431303441525,30.0644322037697,624.83406317234,15.5369310379028,47.5685953199863,0,3380.1496617794,6.23023849725723,1916.8126513958,153.625174582005,179.565440565348,773.635139673948,98.7711673974991,0,1217.59488290548,36.918092250824,617.603641569614,1069.72919157147,71.3026547133923,823.168950259686,25.3387187421322,5.5939707159996,9.15728107094765,7.8684139251709,364.044046163559,0.58159202337265,12440.1861147583,5.63735961914062,34872.727850914,1037.09056347609,27.721796810627,5412.4264101088,7210.61541166902,38.9560110867023,7.05363374948502,35.0055612325668,5.83437949419022,4.40907037258148,35.5367227196693,18.304524242878
0,3.29094296693802,0,1849.37520250678,75.3412419855595,613.458608329296,720.041360080242,275.251387298107,1789.80814698339,3966.96371424198,0,1632.58652666211,1.03541564941406,24.3807339966297,400.952219933271,8.6800334751606,0,0,0,1260.49830290675,5.18189841508865,4.8060197532177,10.3108989596367,1761.36265712976,0,0,8.3075475692749,2811.98108422756,10.9957944452763,16.5557874143124,0,2.23589938879013,2.04526874423027,336.884147793055,54.458298355341,262.848616153002,1.91885295510292,55.4336107075214,65.8315454423428,779.945627719164,25.9867811501026,6.45043030381203,4245.04065841436,234.900126904249,1803.01562219858,563.40609151125,3250.37578600645,310.222395509481,40.0270563662052,61.9974084496498,0,51.6867651343346,8383.0548377037,178.622748315334,33612.7175697088,24963.9939104915,15887.0501122773,1217.59488290548,0,1190.96729084849,16314.1653403044,29.8417176306248,4904.16723793745,587.680518209934,1.30015861988068,104.342886447906,968.672057390213,273.050082236528,7548.92884802818,19.6635337173939,3.1428856253624,72.441272944212,1159.93735724688,0,726.407903939486,142.182689011097,20856.3992894888,2038.88464066386,82.445687264204,84.3518378436565,169.003726571798,67.8474070131779,1251.9105771482,2792.45512890816
0,187.968117415905,0,4.78638473153114,2.2132471203804,14.8122035861015,48.075675368309,86.7464433908463,93.3146369159222,15.4149988889694,1476.95254179835,22.9837867617607,3862.58242070675,85.7969027161598,28.8953551650047,5.07975274324417,0,12.5755535364151,0,5.75305745005608,9.56696146726608,50.0555047392845,16.5416443645954,66.4580606222153,597.019131392241,882.562401652336,945.910047858953,104.77002748847,46.5433231592178,10.2773388326168,471.56641805172,45.8711996674538,2.50159233808517,633.966637611389,68.6162393987179,129.158407896757,376.256244271994,141.545496821404,184.339969456196,91.709530621767,67.593966126442,138.549614965916,2479.16379806399,5313.95343247056,4085.71713143587,887.769773304462,992.22403255105,441.800819605589,6518.74414247274,79.5489390194416,39.9496161043644,67.108424693346,79.0189988315105,91.4084302783012,544.46320694685,1428.92407572269,1493.6263833642,36.918092250824,1190.96729084849,0,994.451899528503,7244.1269915998,3419.46772041917,28.6684316694736,53.9295322597027,380.115070998669,10242.0039668977,573.297178477049,305.1390607059,238.342482596636,19.5008134245872,298.094753012061,186.587022602558,291.096183478832,3944.02089893818,334.559090465307,738.778423517942,8360.74685698748,306.838614135981,2040.65239602327,2454.98905405402,10.0911093950272,10435.8182492852,307.106017380953
0,0,0,453.319388449192,53.3688921928406,231.646926671267,121.102428913116,63.3602178990841,390.988030254841,984.762602984905,0,1474.67486435175,0,7.19569355249405,218.916910260916,4.83899506926537,0,0,0,332.33889567852,1.73578906059265,2.70322602987289,7.62944436073303,352.790659219027,0,0,2.86180144548416,561.064718455076,3.92773750424385,10.3242705464363,0,0,2.03022336959839,285.533215403557,878.776548504829,97.6341644823551,0.696781277656555,25.490605711937,56.6468649506569,450.660204589367,14.2791558504105,10.125842154026,1464.34441688657,122.431521981955,605.285809189081,417.059572190046,3940.53507080674,121.564195901155,20.8410948812962,31.3216380774975,0,9.85865545272827,8288.35432600975,444.549613416195,10171.1023217142,803.870301485062,5603.03034129739,617.603641569614,16314.1653403044,994.451899528503,0,25.0404880642891,2779.02853775024,3627.45581772923,1.16957986354828,46.7145133316517,612.526549011469,151.200737178326,14148.7015039027,5.98895996809006,1.17803931236267,18.0279008448124,1191.00653901696,0.982901930809021,537.819778442383,76.8710632622242,2785.30239534378,1044.80532577634,23.328282892704,70.3571819365025,76.0009996294975,1.31508576869965,656.151936113834,9472.63401627541
0,754.870119065046,2.94582837820053,0,1.57234072685242,0,0,8.64724576473236,189.262167155743,0,5131.46872028708,0.995870172977448,10325.1936107576,27.7565509080887,2.29179432988167,3.73721474409103,0,107.509545624256,1.46070235967636,0.795629948377609,1.0292866230011,269.247159779072,1.36231297254562,96.6472182571888,3078.81947499514,8141.2976077795,10369.0871660411,7.46724432706833,33.6375707387924,0,2465.21489444375,6.54033803939819,0,221.765958786011,2.11642843484879,17.5458306372166,1207.03114041686,207.392077028751,12.687274992466,4.98081058263779,0,137.941578119993,47.5638562440872,3315.47907021642,556.837957650423,40.3174687325954,38.2496673166752,2.02030068635941,1014.27236488461,1.53868186473846,2316.13895404339,0,1.35367095470428,1.90057003498077,20.961725205183,18.8412692844868,78.1539627015591,1069.72919157147,29.8417176306248,7244.1269915998,25.0404880642891,0,172.146923422813,17.9581769704819,107.524075001478,0.601177513599396,4.10864543914795,0,9.56195417046547,3.10747691988945,1100.31721308827,0,913.770785301924,7202.59120970964,237.826050072908,1336.06423339248,136.236104428768,780.6087218225,2.05385994911194,965.306431949139,377.19282746315,0,1305.59818902612,6.94374400377274
0,0.656274557113647,26.5047560036182,43.1536014378071,7.22967106103897,18.4048165082932,218.105690151453,87.5827370285988,138.469641953707,117.956453949213,2.7500239610672,52.2920656204224,4.20412635803223,50.5440885424614,23.6398504972458,10.6773118674755,0.664857804775238,0,0,31.8122251331806,20.8528494536877,6.99364477396011,27.8255143463612,592.590145200491,1.19177153706551,2.59038937091827,93.8609263002872,816.519045114517,15.7151384055614,56.5351390242577,0,16.9729642868042,8.93933814764023,530.779454022646,13.490473151207,230.093948423862,6.97603377699852,68.1291700899601,105.18677264452,68.2290097773075,23.5238420963287,25.7853802442551,3426.87565672398,400.966790854931,2105.40869259834,937.882044672966,1072.18498876691,327.855897724628,42.771201312542,16661.6635003388,1.23009562492371,1609.19586789608,291.632561773062,61.5465980172157,1148.15754985809,39417.1763019264,32073.3104734719,71.3026547133923,4904.16723793745,3419.46772041917,2779.02853775024,172.146923422813,0,102.073983520269,25.4645449221134,1802.38463959098,1744.35324305296,546.231230959296,876.108759224415,723.139924526215,15.0853554308414,3047.64321351051,551.085126817226,2.13688379526138,2618.59964355826,1816.52912124991,2381.74146607518,12681.9298458993,13539.3153129816,293.908011585474,354.422382205725,123.610568344593,2816.05456575751,213.953311920166
0,2.14011424779892,12.6841971278191,234.206001788378,36.0300784707069,192.780979067087,104.750290751457,46.660245090723,188.646290719509,573.985617846251,1.40899419784546,355.310361921787,0,21.2083649039268,133.011322855949,4.12108182907104,2.8800362944603,7.62409561872482,1.78633207082748,236.729394555092,28.50580316782,3.55293029546738,47.8471531867981,150.403110384941,0,14.2851987481117,33.2443166971207,362.958368718624,9.37600243091583,32.212454020977,0,0,6.9801470041275,56.7409412562847,1182.35445168614,111.522722303867,45.6739986538887,32.129601418972,91.4817988872528,439.658852308989,7.36581724882126,1.18960642814636,404.596565186977,108.380991995335,41.4030768275261,228.524095773697,2632.11298200488,32.6601874828339,10.8000321388245,13.3808323144913,53.7287017405033,39.292508482933,962.690156817436,5528.98436534405,2223.32667377591,547.278568536043,213.099663853645,823.168950259686,587.680518209934,28.6684316694736,3627.45581772923,17.9581769704819,102.073983520269,0,53.6558218598366,14.2479353249073,25.6389610767365,7.00756061077118,399.30405074358,239.880090326071,102.86143887043,378.945333331823,4557.84623369575,12.5364879071712,36.5668283104897,191.647857099771,1309.86495372653,45.8667849898338,119.11328971386,3.19033521413803,52.8791255950928,4.97957766056061,27.7388860285282,1022.28419333696
3.82307052612305,27.9772164225578,86.2941925227642,0,9.36917889118195,1.30302810668945,127.169669210911,15.9112598896027,2671.29341319203,4.46540680527687,1.55938792228699,0.469648122787476,5.67290031909943,15.1971278190613,23.3418562412262,6894.7577572763,25.9195483326912,1.9044007062912,5.56655073165894,0.388452917337418,4367.6651480794,2645.51428905129,5837.44496393204,3255.98093086481,5.52716594934464,20.264742821455,3479.70119079947,4958.13562268019,95.6924156844616,1220.87434414029,0,2.79171621799469,61.936506986618,424.335139006376,178.667270183563,596.438859045506,79.1128844618797,263.053994864225,172.376316457987,27.4602870345116,4.09554100036621,0,5481.97156271338,1616.64320746064,1625.71430823207,1860.35442978144,106.038497120142,33.2571912407875,81.6092289984226,7.51405587792397,662.722334891558,115.750598967075,0.575689435005188,36.0958229899406,5.05828252434731,96.9553291201591,11.5568186640739,25.3387187421322,1.30015861988068,53.9295322597027,1.16957986354828,107.524075001478,25.4645449221134,53.6558218598366,0,96.1043354868889,28.7635807096958,61.2564348876476,0,2349.83320572972,15302.2027640641,6031.57710307837,4737.79215994477,89.8302108645439,111.613260775805,15849.8630931973,7837.66026049852,107.873196393251,586.254941612482,3.03665354847908,1.40388190746307,32.5241976380348,247.298067301512,766.192400038242
0,31.4624032080173,85.9508130848408,0,2.08349871635437,0,1.58691364526749,0,20.8946772813797,0.594462096691132,0,2.29424357414246,0,0,1.12391352653503,31.0653087496758,2.84402284026146,0,0,0,51.8874152302742,15.4519141316414,85.642368465662,34.0602806210518,0,129.382130175829,869.63620236516,75.6711509823799,0,13.1155602633953,0,0,0,19.0882177650928,28.0733044147491,20.3975585997105,1.64509761333466,9.18397486209869,9.44652545452118,4.15562283992767,1.75162243843079,0,2152.09165528417,1187.48319151998,3403.9066683054,1728.56741198897,58.7667733132839,15.8449379503727,2.48958152532578,564.121246427298,11.7582174539566,15679.7308271229,4.61814874410629,5.76173532009125,15.4961142838001,3830.00812357664,418.583226114511,5.5939707159996,104.342886447906,380.115070998669,46.7145133316517,0.601177513599396,1802.38463959098,14.2479353249073,96.1043354868889,0,1810.10380744934,6166.52379307151,23.7480770349503,1866.1557726264,11.3741923868656,17801.989246875,27.749654263258,3.13477236032486,18337.4521371722,11962.0489086807,1146.3942143023,756.148000448942,5759.99067360163,0,1.40531972050667,54.5179759860039,6891.35344965756,181.887155085802
0,7.46227619051933,1.26105946302414,5.45450955629349,1.17021048069,0,0,0,21.4350124895573,1.39514327049255,55.8526526093483,8.63730862736702,28.1212317943573,1.50866174697876,1.52188503742218,0.384333521127701,0,8.93562239408493,2.76761984825134,0,0.262523770332336,2.40546187758446,2.46397721767426,9.15563786029816,16.6993269920349,364.543497353792,382.829430013895,1.62336790561676,0,0,19.1736387610435,0,0,23.9886677265167,59.3705905675888,21.4812702834606,24.1998669505119,4.09330916404724,14.5601524710655,7.18682441115379,0,0,3299.35955029726,3837.97009384632,6656.93253454566,2690.48997548223,213.285903781652,37.2585920989513,10.3650113940239,89.959121286869,0.641055285930634,265.839376151562,61.5560654401779,9.54123830795288,172.540618509054,1456.12121808529,447.31023260951,9.15728107094765,968.672057390213,10242.0039668977,612.526549011469,4.10864543914795,1744.35324305296,25.6389610767365,28.7635807096958,1810.10380744934,0,13000.9603052586,236.694993019104,397.337699770927,0.596514403820038,839.561779499054,126.856963127851,4.49312555789948,5553.46538279951,912.159692555666,583.113375797868,1645.52524316311,579.418969243765,12.2603562474251,138.048356354237,13.6495388746262,4242.8376031816,309.919461786747
0,22.39649695158,24.609964042902,0,5.23617672920227,0,0,0,16.4631383419037,0,0.581361413002014,0.356703251600266,0,0,3.20032960176468,7.3401672244072,0.879141449928284,0.701376914978027,0,0,3.31342530250549,5.19967165589333,14.8828087449074,3.10859563946724,1.25757879018784,145.61867326498,418.279698312283,6.5796063542366,0.690217018127441,0,1.17610782384872,0,0,3.53721025586128,71.2597916722298,4.74757245182991,7.0227438211441,3.55437880754471,4.87829858064651,1.13021349906921,0,0,3619.28333163261,1461.88478466868,4784.74589717388,2479.09465008974,115.987492054701,12.9816786050797,6.24714136123657,140.001794189215,10.1278262138367,1324.31580406427,18.8345515429974,0.968048393726349,38.6286428272724,1053.72311854362,139.478480160236,7.8684139251709,273.050082236528,573.297178477049,151.200737178326,0,546.231230959296,7.00756061077118,61.2564348876476,6166.52379307151,13000.9603052586,0,69.9637556672096,1002.92611578107,12.6064237356186,2707.46417884529,30.5374615490437,1.5465122461319,19936.8990873545,4719.16271677613,521.118854627013,472.986485272646,1334.06492555141,0.483992248773575,7.61363047361374,34.7295678257942,3048.5473497957,264.054997712374
0,0,1.38957905769348,749.664458364248,29.464145809412,179.766818016768,130.551169544458,57.2347450554371,502.157198190689,995.498999893665,0,596.248209297657,0,10.3749883174896,135.141930788755,1.15907764434814,0,0,0,338.564861029387,0.449266701936722,2.55902642011642,2.54079905152321,351.620016425848,1.14539563655853,1.53322666883469,0.876748979091644,673.883404612541,5.84475076198578,6.85257071256638,0,0,0,103.443106770515,2.93060922622681,48.3272095024586,0.575006186962128,19.042969763279,17.888711720705,260.249747782946,2.27248665690422,1.67826384305954,589.782182067633,58.0258010327816,184.053774580359,116.219105392694,994.703017413616,51.2017640471458,7.87384927272797,19.3019495606422,2.50888025760651,7.11648786067963,38533.6310622096,68.8858804404736,1628.52497169375,295.538932457566,1470.3018091619,364.044046163559,7548.92884802818,305.1390607059,14148.7015039027,9.56195417046547,876.108759224415,399.30405074358,0,23.7480770349503,236.694993019104,69.9637556672096,0,1.90583416819572,0,7.77214121818542,415.302812308073,0,200.212113589048,32.1858306825161,3495.68154132366,358.480829775333,10.113755851984,22.8131856322289,22.9273809194565,0,195.131079941988,14.0866540074348
0.631626665592194,1.35581707954407,66.6642047762871,0,19.8913109004498,0.446800976991653,45.5625910162926,6.15149140357971,468.949684053659,6.79911342263222,0,0.460526764392853,0,5.29837143421173,29.9774481356144,1327.08337709308,14.9359566569328,0.505491435527802,2.91478276252747,1.03413701057434,3044.07100510597,569.929383009672,1390.59869897366,1465.05102691054,0,8.25932618975639,496.098367124796,3441.62250089645,50.5107230842113,983.469386100769,0,2.42487782239914,39.305760204792,528.277323752642,398.022195011377,347.591636061668,46.0142540037632,131.008434057236,109.4471347332,22.4150648415089,5.76318430900574,0.457022279500961,15271.7773908973,3694.5087479353,10688.4352764934,6870.30406482518,660.831031292677,67.0363142490387,133.657709628344,197.034759253263,5.57545185089111,4253.76497930288,0.849935173988342,101.126035511494,16.8624758124352,8656.81974864006,222.103429824114,0.58159202337265,19.6635337173939,238.342482596636,5.98895996809006,3.10747691988945,723.139924526215,239.880090326071,2349.83320572972,1866.1557726264,397.337699770927,1002.92611578107,1.90583416819572,0,548.534124732018,45431.3480174541,219.822775065899,5.28101325035095,1397.33702637255,4143.67576348782,26970.2067586333,731.99195663631,34712.2373046726,1.06949457526207,0,138.182273894548,10269.7075580209,2176.61327746511
1.25449299812317,73.603157043457,39.9609388113022,13.7629171609879,2.43408584594727,5.50207921862602,83.5773909687996,9.80797603726387,4525.9677760005,11.2634286880493,26.7671699523926,4.9972836971283,55.3194682002068,29.5962738990784,18.2322584986687,1833.9610722661,9.67412447929382,0,5.24300700426102,1.00134408473969,1030.14174598455,1691.50031793118,904.743516117334,4150.61878156662,35.3202438354492,72.7456510663033,2324.43610295653,2993.98248907924,95.2828313708305,434.187360137701,3.06868690252304,1.66793501377106,41.4983599185944,107.326640337706,36.668242752552,387.950406610966,35.8103002607822,81.5958650708199,53.3572900295258,25.3062017261982,2.52681243419647,6.82696110010147,280.532745927572,69.0948271155357,58.0510215759277,57.278614372015,238.55331709981,0.996214210987091,51.6218621134758,1.92951816320419,4234.29255151749,17.6634869873524,5.17344772815704,12.9663531780243,8.52358621358871,124.244003891945,8.66955703496933,12440.1861147583,3.1428856253624,19.5008134245872,1.17803931236267,1100.31721308827,15.0853554308414,102.86143887043,15302.2027640641,11.3741923868656,0.596514403820038,12.6064237356186,0,548.534124732018,0,795.825165271759,22500.7286863625,1070.77697631717,108.268504709005,12372.4148900807,3664.0644440949,28.548620402813,112.99026542902,21.9964732527733,1.258753657341,5.95570611953735,37.061976402998,11.6243361234665
0,19.9041052758694,262.786868721247,1.76031923294067,33.8829987049103,1.05693864822388,124.034286201,2.84942305088043,836.825978517532,5.11047479510307,0,2.89488452672958,0.602849006652832,4.07831299304962,64.0434911251068,5104.42065602541,17.8407850563526,0.650132179260254,4.22669810056686,2.58240616321564,2404.46729671955,1365.29605683684,6294.90714618564,949.689343839884,0,29.8461940288544,5794.60811549425,2078.97098177671,20.2655066251755,428.451901882887,0,0.665810286998749,14.9649479985237,355.365743875504,1018.80895668268,446.320899069309,78.954432785511,221.934465169907,245.859335362911,49.3220603764057,4.8727320432663,0,36525.9168547392,8012.97919693589,21257.0875984281,24986.9546187818,675.199279040098,79.5858373045921,70.3725478947163,764.403139859438,29.9809222817421,31955.1903356314,6.32083874940872,290.515194118023,14.0943351984024,20280.6963064373,996.566309124231,5.63735961914062,72.441272944212,298.094753012061,18.0279008448124,0,3047.64321351051,378.945333331823,6031.57710307837,17801.989246875,839.561779499054,2707.46417884529,7.77214121818542,45431.3480174541,795.825165271759,0,555.950596630573,1.64123922586441,10475.5803698003,28436.4232123494,16720.904276669,1190.24901223183,15621.8300869763,6.86061608791351,2.92757424712181,148.792519450188,9310.34189596772,4537.08665549755
5.63654327392578,146.141725569963,154.012448310852,1781.47602331638,37.6003023684025,1004.70238912106,3732.16619852185,1741.56658256054,8876.97647804022,4574.93905171752,35.780168235302,1035.36594185233,47.9724172949791,648.888841807842,331.034478068352,328.675712436438,11.5183805823326,1.75760555267334,4.66895699501038,1040.4756655097,724.319642692804,709.632394641638,375.449836164713,16848.6529305875,55.4436661601067,21.8789296746254,392.618164777756,19490.789963156,593.935377925634,817.002037912607,3.64853966236115,19.4998822510242,137.343269914389,1115.25464227796,128.03812122345,3476.80494439602,59.9370133280754,1101.38157102466,352.067179471254,688.840937048197,155.308047175407,4.85744667053223,3078.0165566802,269.78329333663,670.059648096561,264.743154108524,5057.9394825995,82.584086984396,65.8930527567863,45.0762414038181,3822.02173197269,53.0049839913845,4581.24933362007,846.805398106575,792.425505578518,3325.36346459389,572.80314001441,34872.727850914,1159.93735724688,186.587022602558,1191.00653901696,913.770785301924,551.085126817226,4557.84623369575,4737.79215994477,27.749654263258,126.856963127851,30.5374615490437,415.302812308073,219.822775065899,22500.7286863625,555.950596630573,0,1044.87958911061,129.701773017645,5515.84284055233,24675.929245621,596.413587242365,617.171154618263,37.3076964020729,36.1508323550224,106.597992956638,396.224343299866,316.091221243143
0,410.698056071997,5.81353825330734,0,0,0,0,0,75.0577012598515,0,499.933300435543,2.5422542989254,1406.35493928194,4.62902343273163,0,0,0,13.0026540756226,6.73240447044373,0.413887441158295,1.30532765388489,77.8134419620037,1.03388237953186,61.888514727354,2442.46433705091,1920.40592184663,4915.93548351526,9.60671117901802,3.71613520383835,0,364.45432472229,3.83912301063538,0.578886210918427,38.5025910139084,0,7.73870342969894,177.320285320282,51.9810062646866,5.97677946090698,0.600446462631226,0,30.0002556443214,12.4961467385292,143.902544409037,28.735210955143,8.69979256391525,28.0466655194759,0,279.002823412418,0,1407.76583337784,0,2.24093025922775,2.30078881978989,0.713273644447327,2.78269782662392,5.02408105134964,1037.09056347609,0,291.096183478832,0.982901930809021,7202.59120970964,2.13688379526138,12.5364879071712,89.8302108645439,3.13477236032486,4.49312555789948,1.5465122461319,0,5.28101325035095,1070.77697631717,1.64123922586441,1044.87958911061,0,278.316671699286,9711.55321878195,117.227823317051,4.53358674049377,1.48905229568481,580.11069008708,0,0,58.1100873947144,0
0.644347488880157,704.497571706772,497.15603479743,0.76444548368454,13.6510974466801,2.13884615898132,7.78935772180557,6.85703527927399,52.4631558358669,3.50839984416962,697.115478992462,6.28583467006683,664.163211256266,13.5762999653816,5.21149009466171,24.620528191328,100.649753332138,173.544767737389,88.6272632479668,0,20.941033154726,73.5677718520164,178.570020109415,18.5669068694115,536.899459719658,13112.819323808,22843.321759671,63.6172188818455,17.9400978386402,13.1534353494644,367.485962837934,1.92241913080215,0.459599107503891,174.776371836662,345.586152523756,264.865786790848,616.132531970739,307.667624294758,193.547488123178,38.2336820960045,4.20840775966644,5.43818670511246,19977.3903242052,22594.1693781018,12659.7125767469,10601.8603526354,497.913921445608,87.2256456613541,59.8763302266598,384.006190776825,156.742115586996,11846.1946896017,41.6052271127701,14.9882199168205,168.343894988298,3199.79994796216,742.745613783598,27.721796810627,726.407903939486,3944.02089893818,537.819778442383,237.826050072908,2618.59964355826,36.5668283104897,111.613260775805,18337.4521371722,5553.46538279951,19936.8990873545,200.212113589048,1397.33702637255,108.268504709005,10475.5803698003,129.701773017645,278.316671699286,0,20962.4743799865,1001.35327759385,2277.04534289241,2403.891510427,516.022492498159,269.491552591324,46.5145261287689,2948.18318264186,1421.60412865877
9.74840250611305,10784.3003658056,9818.24782323837,4.02955958247185,23.4322704672813,8.97372382879257,375.653743058443,33.881839632988,4290.45413202047,5.90842700004578,689.053217917681,6.96040093898773,628.484989613295,91.7663096189499,47.2838345170021,4531.56816613674,777.877657771111,359.968965947628,274.233049958944,5.02025294303894,1034.80504319072,4007.51281446218,11033.7196648121,1530.88513937593,3111.8083024919,34022.1192888618,176444.092074662,2654.2022010982,100.720233082771,157.015172928572,374.52604290843,3.25680443644524,6.78671559691429,934.502539843321,701.922979921103,2035.05533781648,2006.20594221354,1643.68655800819,1049.27331602573,142.312616556883,9.10874563455582,6.33243107795715,35380.9314450026,14526.8471011519,14967.9570438266,16491.5305050313,658.439747422934,61.8157100975513,42.1266939043999,504.971383422613,17343.135181576,16958.4324769676,11.1560623049736,90.7173927128315,33.0750865936279,2698.17892301083,437.681758463383,5412.4264101088,142.182689011097,334.559090465307,76.8710632622242,1336.06423339248,1816.52912124991,191.647857099771,15849.8630931973,11962.0489086807,912.159692555666,4719.16271677613,32.1858306825161,4143.67576348782,12372.4148900807,28436.4232123494,5515.84284055233,9711.55321878195,20962.4743799865,0,5985.44211000204,958.068518459797,2943.76741436124,880.073093950748,22.8861654102802,73.1927574574947,2165.43390005827,2578.18382263184
15.6091559827328,28.6745258271694,433.272910803556,2453.78918790817,90.7500940263271,1223.44359466434,5384.98852616549,1910.72375562787,8411.91311571002,6393.16809135675,7.57422894239426,1931.73318648338,1.04811617732048,800.282990455627,577.4061409235,945.320318281651,21.1280998289585,0,0.503902435302734,1804.38045844436,2261.78346502781,803.84330612421,1174.01400110126,21393.6033296585,4.0804885327816,19.9312971532345,724.263889551163,31344.6016854644,1138.4761942625,3856.86949330568,0,32.3335599899292,354.980517536402,2525.08058494329,448.242706626654,6557.69650655985,135.6617821455,1683.00660836697,576.572373837233,1424.81742238998,228.040316045284,12.6992940306664,18317.4828382134,1940.93479499221,7935.59179918468,3407.66733670235,3918.97875657678,452.172484755516,267.799962520599,188.262341916561,448.552702099085,2518.52389273047,4385.6604809761,298.397200733423,4347.0921549201,63358.0059387386,3151.93728449941,7210.61541166902,20856.3992894888,738.778423517942,2785.30239534378,136.236104428768,2381.74146607518,1309.86495372653,7837.66026049852,1146.3942143023,583.113375797868,521.118854627013,3495.68154132366,26970.2067586333,3664.0644440949,16720.904276669,24675.929245621,117.227823317051,1001.35327759385,5985.44211000204,0,3211.01226744056,20435.420119077,25.2385343313217,120.78788793087,609.296731352806,6973.14831112325,2650.40461733937
0.775932013988495,1.10517859458923,22.4928762316704,24.3647058904171,2.74896210432053,11.8405510187149,107.68026059866,32.8507434427738,141.620975166559,22.5459140539169,10.6748884916306,24.7635582387447,54.2363464236259,29.6488851010799,17.8905105888844,15.4762157797813,1.0300061404705,1.54765295982361,0,17.9290435910225,73.587999522686,21.8532445132732,31.0247887670994,519.031753867865,3.00292581319809,14.4933923482895,33.8464323282242,1037.51878622174,32.8166528046131,160.011131614447,5.7485111951828,11.3479037284851,13.2439681589603,402.031105399132,22.1742676198483,223.354403972626,15.0980126857758,70.4831534922123,103.754024207592,46.0695797204971,27.3560893535614,15.7715186476707,2005.47226670384,241.97754919529,2040.80922284722,599.177405267954,460.016981393099,617.37536251545,80.0346755385399,5091.04002580047,3.09342610836029,477.406600296497,154.66908249259,15.6867974102497,376.482785493135,13755.4683834612,2097.08627727628,38.9560110867023,2038.88464066386,8360.74685698748,1044.80532577634,780.6087218225,12681.9298458993,45.8667849898338,107.873196393251,756.148000448942,1645.52524316311,472.986485272646,358.480829775333,731.99195663631,28.548620402813,1190.24901223183,596.413587242365,4.53358674049377,2277.04534289241,958.068518459797,3211.01226744056,0,7778.36425051093,757.366766482592,95.4859444499016,4466.9979596138,9348.90763026476,171.371039390564
1.01083993911743,2.62406075000763,117.613715738058,0.730814814567566,8.89237040281296,0.538879573345184,75.3027186691761,15.9886557757854,269.085264414549,0.745171725749969,0,2.45616507530212,0,13.5302448868752,21.6399444639683,269.265197396278,6.22161310911179,0,0,0.980863034725189,904.729737371206,178.81169745326,305.024638980627,1494.03060594201,0,8.89514911174774,173.134722977877,3750.65747001767,81.045751363039,708.982766598463,0,0,65.2282620668411,492.405916690826,168.16554659605,511.925305247307,15.0194210410118,128.0648393929,72.0498003959656,31.9135923683643,9.39101147651672,1.18615829944611,10040.7541508377,1524.34958249331,6276.54891611636,1958.86253410578,487.346515446901,132.225043803453,95.8469649255276,7766.76757514477,6.85406398773193,1863.34110939503,8.49050125479698,45.4463580846786,64.0773613452911,19509.4306044281,2685.37492093444,7.05363374948502,82.445687264204,306.838614135981,23.328282892704,2.05385994911194,13539.3153129816,119.11328971386,586.254941612482,5759.99067360163,579.418969243765,1334.06492555141,10.113755851984,34712.2373046726,112.99026542902,15621.8300869763,617.171154618263,1.48905229568481,2403.891510427,2943.76741436124,20435.420119077,7778.36425051093,0,6.91479262709618,22.8354395329952,2320.54213151336,15531.0507210195,1163.24116539955
0,120.975740939379,0,0,0,0,0,1.25782322883606,25.9602066278458,0,1129.56975543499,1.08366715908051,1448.24623981118,5.30651599168777,0,0,0,68.9283787310123,0,0,0,44.0945388674736,0,3.16084265708923,426.207502275705,3799.49067345262,5099.78296020627,0,5.18058925867081,0,809.677061647177,0.762521743774414,0,66.2396783232689,8.211973965168,2.5878814458847,349.73011007905,68.8793936371803,18.4149921536446,0.771841049194336,0,15.700820505619,267.055197507143,2357.18679592013,579.390212446451,265.337192386389,31.3981534838676,7.98694425821304,77.8765128552914,4.75369310379028,41.7249484360218,1.41495418548584,8.3045825958252,4.32451087236404,29.8325950503349,63.5256070494652,115.818686902523,35.0055612325668,84.3518378436565,2040.65239602327,70.3571819365025,965.306431949139,293.908011585474,3.19033521413803,3.03665354847908,0,12.2603562474251,0.483992248773575,22.8131856322289,1.06949457526207,21.9964732527733,6.86061608791351,37.3076964020729,580.11069008708,516.022492498159,880.073093950748,25.2385343313217,757.366766482592,6.91479262709618,0,198.924480676651,0,449.113524436951,50.5876983702183
0,0,0,2.89731737971306,1.90394842624664,5.07774645090103,3.95030117034912,47.5723002552986,11.0680525302887,4.81420376896858,5.78365176916122,2.48928290605545,21.951162815094,32.5441382527351,5.67009750008583,0,0,0,0,0,1.88588002324104,0,0.95088142156601,16.5283488035202,4.72086769342422,0,5.12365126609802,26.5578947663307,9.26149481534958,0,1.89013719558716,20.9750218093395,0.610689342021942,375.659337878227,3.89780962467194,23.0369998812675,1.24889576435089,39.2701937556267,110.248129308224,13.5853006243706,31.4073520302773,21.9106868505478,574.462092101574,101.484885454178,284.191633820534,359.384167134762,345.558630228043,5953.16908189654,37.2926495075226,8.60088115930557,0,3.29409563541412,12.2436530292034,204.651071250439,1742.92849487066,312.249156743288,2065.34791719913,5.83437949419022,169.003726571798,2454.98905405402,76.0009996294975,377.19282746315,354.422382205725,52.8791255950928,1.40388190746307,1.40531972050667,138.048356354237,7.61363047361374,22.9273809194565,0,1.258753657341,2.92757424712181,36.1508323550224,0,269.491552591324,22.8861654102802,120.78788793087,95.4859444499016,22.8354395329952,198.924480676651,0,0.508216083049774,6743.25713536143,20.6471320986748
0,0,3.37669438123703,0,0,0,12.0521724820137,0.729198217391968,11.2989875674248,0,0,0,0,1.17345750331879,0,2.05717468261719,0,0,0,0,10.727881282568,2.68342471122742,5.15362137556076,79.5981562435627,0,0,1.28979635238647,154.598534137011,6.56105583906174,32.6064790487289,0,0,2.4102920293808,7.64722275733948,2.62303441762924,34.4386897087097,3.60694193840027,6.5426150560379,1.98317277431488,1.70243203639984,1.30687952041626,0,137.962356865406,8.02878996729851,304.53775845468,58.3300469815731,17.5092160701752,5.4990508556366,8.2319176197052,92.1092491149902,0,39.9129486382008,0.497410118579865,0,9.00744307041168,1552.05256184936,53.813221514225,4.40907037258148,67.8474070131779,10.0911093950272,1.31508576869965,0,123.610568344593,4.97957766056061,32.5241976380348,54.5179759860039,13.6495388746262,34.7295678257942,0,138.182273894548,5.95570611953735,148.792519450188,106.597992956638,0,46.5145261287689,73.1927574574947,609.296731352806,4466.9979596138,2320.54213151336,0,0.508216083049774,0,1812.9739549458,29.9792794585228
0,14.9338913559914,9.9327195584774,20.9101757109165,0.490252286195755,11.7230278849602,115.877964317799,42.7858949899673,113.819029837847,47.1959314644337,76.7855796515942,18.6838484406471,256.891012728214,40.481148481369,12.2794317603111,32.1716248393059,1.02469211816788,0,0,16.3464662134647,89.5701170861721,20.4191427826881,47.5336782038212,414.878516584635,61.9139331281185,63.1336387693882,155.7537368536,630.45310652256,38.1556676924229,85.6599356234074,5.88982892036438,34.8524748086929,19.0259037017822,360.769394814968,27.9961661696434,199.477829188108,25.2871077358723,88.578934431076,125.359860986471,44.8438195884228,36.5899522900581,49.0082063674927,1508.72081960738,597.078782856464,1711.49681712687,453.234390974045,347.426745355129,316.365014433861,630.079455167055,473.17217040062,7.19816476106644,902.953762739897,96.2167408168316,1185.96270817518,553.678165286779,7632.86079050601,1384.40295705199,35.5367227196693,1251.9105771482,10435.8182492852,656.151936113834,1305.59818902612,2816.05456575751,27.7388860285282,247.298067301512,6891.35344965756,4242.8376031816,3048.5473497957,195.131079941988,10269.7075580209,37.061976402998,9310.34189596772,396.224343299866,58.1100873947144,2948.18318264186,2165.43390005827,6973.14831112325,9348.90763026476,15531.0507210195,449.113524436951,6743.25713536143,1812.9739549458,0,149.111970037222
0,1.27631521224976,434.384809911251,2.11796927452087,1058.22986093163,254.608062744141,326.24530673027,56.8020002543926,55.5155930519104,367.508337438107,16.5763504505157,1892.75124335289,0,35.2025879323483,1343.52165901661,99.9624626040459,80.3256890177727,133.24769833684,83.3375725150108,0,716.353523552418,9.12502253055573,1991.48724111915,113.505241036415,0,537.882967710495,1456.11592975259,697.554766029119,31.3829449415207,221.877663910389,0,23.2235514521599,5.90705028176308,170.105285823345,252666.092592001,3305.87785926461,2105.84242779016,675.496332317591,4081.64247465134,213.021981716156,148.606699973345,87.0388164818287,20008.3671036065,4389.28648507595,780.993218898773,6040.95877936482,497.194515705109,256.141932189465,190.403266847134,32.8446196317673,3.1655153632164,923.945122361183,28.652959138155,2358.84277626872,6906.39402207732,3227.3414118886,220.247791320086,18.304524242878,2792.45512890816,307.106017380953,9472.63401627541,6.94374400377274,213.953311920166,1022.28419333696,766.192400038242,181.887155085802,309.919461786747,264.054997712374,14.0866540074348,2176.61327746511,11.6243361234665,4537.08665549755,316.091221243143,0,1421.60412865877,2578.18382263184,2650.40461733937,171.371039390564,1163.24116539955,50.5876983702183,20.6471320986748,29.9792794585228,149.111970037222,0
