0,2.98681056499481,200.092388302088,0.489217609167099,5.42599880695343,98.1016576588154,4642.89099743962,2508.58143500984,3.87953668832779,53.5731612145901,103.570759356022,10.4671450257301,31.6642745733261,18705.7381585091,2.33298349380493,0.992068707942963,1132.74502006173,46.8267277479172,205.967016816139,1.91923385858536,176.336166679859,1.91225522756577,574.238186508417,7.425577044487,7.46285328269005,257.738875776529,353.725437432528,97.1674408912659,10688.6518106163,10273.9310538769,6.67361307144165,0.515373468399048,12.9237270057201,239.945753335953,6.2132813334465,56.3563804924488,24.6617433428764,167.892040848732,17.3502114415169,13.8342657387257,15.9397710561752,7.1261779665947,4.79182311892509,4.78988695144653,2.27097570896149,0,0,0.72699499130249,0,0,2.68688452243805,3.8215816617012,0,0,0,0,0,0,0,5.85905265808105,0,6.47630935907364,0,0.43964034318924,0,0.543875694274902,0,0.836558938026428,0,0,0,3.51073890924454,1.21477556228638,0,1.85464009642601,27.7167385518551,0,0,0,0,0,0,0.563592433929443,0.571816563606262
2.98681056499481,0,82.2076317071915,0.572439432144165,5.58371648192406,12.382717102766,36.6875984668732,34.5318121612072,2291.53940713406,20.9506839215755,1277.46262949705,32.1778065860271,1051.52030235529,28.2293226420879,43.1637405753136,323.024208247662,278.341967016459,29.8607717752457,67.8028373122215,2.24891224503517,56.815572053194,5310.34650745988,100.792061418295,4075.56420350075,4376.94877296686,301.012644231319,9826.76586449146,175.521187007427,80.0458362400532,9.84635403752327,108.060626745224,1.00999420881271,0.439784318208694,394.996468156576,38.8687980771065,336.01176649332,302.834706217051,315.607144087553,26.7886607050896,24.8714990615845,19.8988764882088,134.510779500008,356.653441369534,174.31311070919,232.784394770861,179.387011826038,4.3791891336441,0,6.07870197296143,3.5840607881546,967.684713542461,134.615421205759,0.767727553844452,0,0.444965422153473,19.7635976970196,8.13783392310143,13.818219512701,3.94996166229248,259.183561772108,1.92681336402893,454.733898133039,6.65962606668472,1.49330615997314,33.4987576305866,176.76252579689,37.7356998622417,261.261861741543,0.648660659790039,15.6347334682941,45.2881127595901,46.6604561805725,34.5264278948307,172.251144886017,482.885901153088,1690.84803959727,18.3067198693752,7.34068384766579,35.955024689436,193.584458440542,2.26438069343567,0,34.4961815774441,30.9883360862732
200.092388302088,82.2076317071915,0,2.19556894898415,20.9741717278957,512.222603619099,5331.24491983652,1462.32343029976,66.8986451625824,180.423091769218,47.6555358171463,42.9021432101727,39.1250992715359,977.593782633543,21.3952248692513,227.035186648369,7800.86010563374,98.7997084259987,608.81933349371,8.5415977537632,4632.25143569708,394.30746203661,34205.8848903179,95.5438106358051,1.83322548866272,25191.2575635612,43723.6955265701,2343.17073407769,713.799436748028,2916.49463620782,2.12821310758591,6.09108394384384,36.8831671476364,1191.97109419107,432.091453969479,4572.30323535204,1461.22352972627,2820.20790380239,414.088456898928,67.2112456858158,55.0243812501431,31.5783649981022,4714.65954148769,1298.08183017373,2609.64625647664,1661.40324196219,19.6097621619701,28.6583266556263,5.51787292957306,3.28679651021957,363.477515816689,5937.50989335775,0,1.19741654396057,5.04464462399483,167.559728056192,66.8841859996319,14.9206212759018,1.35301718115807,70.0179445445538,2.44304537773132,58.4858858585358,52.5165182054043,3.40760850906372,153.508346378803,2382.35100790858,47.9667433798313,596.830137252808,0,130.658877551556,133.769769281149,1720.08695870638,244.431805342436,22.3719067871571,1679.01498505473,13216.1300860047,157.930596321821,23.2156236767769,259.558318555355,4.48920550942421,0,7.76492202281952,480.063009589911,301.217518597841
0.489217609167099,0.572439432144165,2.19556894898415,0,135.39507111907,119.970895156264,351.806185543537,45.7918617427349,3083.52721992135,4656.02881267667,30.7785887718201,4560.97323554754,38.1853397488594,28.07809060812,1130.37548688054,0.79070645570755,3.45136848092079,6.07399421930313,1.94002616405487,19328.0124862492,1.58756291866302,2.15294378995895,5.33129930496216,3402.10487616062,2.70835235714912,4.78095030784607,11.3079049885273,15324.552532196,165.011745616794,9.0856117606163,2.5272096991539,2.98733043670654,23.9200033843517,171.505764812231,241.734758228064,907.677159428596,19.3363927006721,166.950439423323,43.8097183704376,1330.66207149625,111.435718595982,6.94012159109116,241.998496174812,5.34508782625198,151.108891218901,11.856447160244,363.844898819923,87.6202229261398,1.05446583032608,0,7.62314260005951,0,2082.68385031819,25.2189050316811,27.6809411346912,23.1941520571709,15.9292622208595,597.546988278627,617.612999647856,2.28734892606735,508.536415815353,19.7210993468761,3.38589194417,153.76029959321,0,0,0,0,683.527694195509,0,37.5005422532558,1.08144479990005,964.468421459198,5.67929124832153,0,9.13321110606194,1810.40789481997,12.344181984663,1.44888257980347,0.476365864276886,0,1.06627109646797,18.3892188668251,28.1881957054138
5.42599880695343,5.58371648192406,20.9741717278957,135.39507111907,0,1058.0449641645,243.822071224451,458.043001025915,226.558095127344,325.014307320118,185.816227406263,992.005512058735,87.544619590044,41.4453573822975,4710.35831770301,4.75596648454666,44.4918550252914,17.3141950070858,23.7986895143986,115.128685742617,48.6007351577282,7.07063883543015,79.966713488102,300.086282849312,4.40012484788895,42.3482021093369,89.3246667385101,253.158467501402,28.1587990522385,46.2558589279652,5.0431165099144,640.763530254364,1.24851587414742,5224.9872726202,1441.0914401412,811.516118109226,10.4143507480621,48.7114107608795,3.28847458958626,12516.2499139905,3524.74227851629,6.95508918166161,16.9692323207855,1.86867922544479,9.95722633600235,27.1994199156761,30.0811662077904,3.84095811843872,2.55845594406128,0,1.42976516485214,1.01864370703697,14.4289919137955,2.12477970123291,0.767951488494873,1.61520576477051,0,5.48415815830231,20.4056774973869,3.63943684101105,23.20757573843,41.8736419081688,0,12.670269370079,0,0.719261109828949,1.30552554130554,0.698063552379608,4.23888826370239,0,0.656230688095093,4.93067708611488,19.8361077308655,0,2.42687702178955,15.7457419931889,54.0647111535072,0,0,0,0,0,1.17041164636612,448.495412498713
98.1016576588154,12.382717102766,512.222603619099,119.970895156264,1058.0449641645,0,18375.9261524677,11088.7519112378,250.46369177103,27294.6207943708,480.42462721467,5466.18011090159,365.237716287374,2371.94339793921,1854.12270712852,3.09006416797638,383.685159891844,89.2312168180943,89.8586604893208,293.589132934809,122.014160484076,11.4619496166706,521.176723361015,175.433040976524,29.7621402442455,316.409951031208,420.130564719439,1331.21703311801,809.18386387825,887.386479824781,40.9595944881439,15.7230371534824,65.6676212251186,598.466043889523,7452.79925709963,889.776519536972,97.3742051720619,457.593223527074,52.00303414464,5994.83749726415,894.187473148108,125.74643689394,59.9481312334538,12.7665229439735,10.8841734528542,3.6659708917141,43.8543958067894,11.0353428721428,20.770687431097,0,0.934261620044708,1.85823819041252,17.5712282061577,3.23591905832291,3.14076268672943,6.73335936665535,1.5693142414093,13.6193228065968,25.5035333633423,30.1717867553234,84.8890918493271,57.1850812733173,0.775621294975281,20.2169504165649,0.337437272071838,0.469818860292435,0,0.763847529888153,7.47848457098007,0,0.400337904691696,3.85587298870087,47.8254272639751,0,4.02929785847664,15.9955152869225,92.9819742739201,1.33964264392853,0,2.36907538771629,1.0840744972229,0,3.11980104446411,252.625851243734
4642.89099743962,36.6875984668732,5331.24491983652,351.806185543537,243.822071224451,18375.9261524677,0,10526.8916001469,1391.25586998463,20354.9322523624,1569.33291372657,754.451373279095,930.73095870018,13529.8934545815,794.944374918938,67.0779454410076,895.182456731796,415.260986238718,470.869531691074,70.7431066334248,1549.91888216138,63.6704160273075,5262.4455793798,1800.35594341159,76.3431352972984,1686.99740827084,2531.20141610503,80791.7801799774,9693.31155109406,19984.7521983087,180.852929890156,21.6509256362915,1860.10723993182,4327.62967404723,2312.64463633299,5135.85150998831,590.520980328321,4318.07704734802,760.064617037773,1506.88819345832,1381.96597018838,275.251668453217,1481.71799203753,119.919489353895,641.248073801398,100.202757149935,469.193385750055,356.520953416824,36.9256091713905,2.55481231212616,11.511392056942,78.5573353767395,45.4612396657467,9.47380369901657,19.7641934752464,130.610149472952,59.5898295044899,169.019490122795,160.941897898912,44.3400285243988,38.2965985834599,164.082570046186,45.4153352677822,89.2299585044384,75.4505172371864,16.5948258340359,0,3.48431870341301,52.6802792549133,11.6714541316032,23.0253670811653,204.353189229965,873.158860206604,3.21699589490891,14.1468337476254,306.016840815544,1714.48613798618,58.6715127825737,13.2928688526154,0.977745980024338,2.75729250907898,3.49726575613022,115.789486855268,276.848474949598
2508.58143500984,34.5318121612072,1462.32343029976,45.7918617427349,458.043001025915,11088.7519112378,10526.8916001469,0,194.262894779444,6864.23960317671,910.975530788302,1291.21587276459,862.983937561512,29532.5640029311,105.168175905943,6.82850688695908,4124.6736664474,208.281892836094,868.967616081238,228.556011974812,769.398475915194,25.3144279122353,2805.47780936956,41.9579954892397,80.0092331469059,1298.68932139874,1604.01147392392,451.792234480381,3289.80737343431,11302.6357775927,68.0947814881802,17.455857783556,39.3858271837234,2033.86773462594,63.5868286192417,4457.87662532926,195.894989997149,878.735405534506,122.198159247637,1695.01626943052,3102.78092104197,180.549486964941,104.603567391634,43.7676311135292,50.5613117218018,10.0417472720146,31.705905020237,7.88295620679855,37.1082662642002,0.958758890628815,2.5737578868866,23.4024940431118,3.08412525057793,1.46683812141418,0.551928579807281,11.5149862766266,0,24.9553568959236,6.29215455055237,56.6524895429611,17.3872765302658,267.917231321335,0,1.77724522352219,4.26976999640465,1.19880312681198,2.30709463357925,0.870467215776443,10.4877598881721,4.28472775220871,5.62761962413788,7.48485606908798,111.55155262351,5.30857700109482,3.97581887245178,74.4762285649776,170.898943513632,0.676311433315277,0.764600574970245,13.830845952034,0,0.534958124160767,11.3864402770996,12.8585352897644
3.87953668832779,2291.53940713406,66.8986451625824,3083.52721992135,226.558095127344,250.46369177103,1391.25586998463,194.262894779444,0,2393.07567247748,498.616688907146,2224.40064132214,499.481247454882,81.2878317534924,2623.54930624366,36.5299182534218,236.867510676384,37.6842633187771,78.2788116633892,1312.49585479498,59.7070913314819,8560.29838380218,74.4609384834766,42236.2037434578,2095.94135770202,272.517662972212,6847.5272950232,12145.4201537669,156.247680097818,105.324881762266,86.1491816341877,10.8772805631161,35.4446681141853,526.593425273895,423.986910939217,3169.40282407403,343.812148928642,621.412686526775,109.395214259624,1850.70546635985,368.743809640408,54.9493928253651,1542.61032295227,100.257772177458,608.795436173677,101.914013296366,584.530437678099,249.237168431282,26.4911032915115,32.8752219676971,47.1626479029655,42.3428048491478,567.841519147158,43.4407509863377,45.1292515993118,115.850515633821,194.011237412691,2980.45809602737,495.901231944561,179.395237892866,424.763600468636,367.575429975986,227.529352962971,219.133597046137,28.10621753335,39.2278631031513,34.9488825201988,29.5316040217876,280.404373556376,17.6117095649242,82.3708120882511,55.5523909330368,3100.55050712824,79.9657630622387,133.603191256523,367.152711570263,4051.57068300247,311.704542815685,218.378525108099,71.2454966306686,17.9204095900059,14.1058789491653,144.915772527456,376.365020751953
53.5731612145901,20.9506839215755,180.423091769218,4656.02881267667,325.014307320118,27294.6207943708,20354.9322523624,6864.23960317671,2393.07567247748,0,2152.7970674336,6741.02903059125,1411.85026422143,2509.68384179473,1141.91630887985,12.8846032321453,235.22140455246,561.015947043896,370.693127170205,7852.97104635835,68.9895913302898,11.5901167094707,274.47292214632,455.174088180065,121.165279656649,1052.73960335553,850.670680314302,10819.7554478347,4394.17698790133,222.831173270941,186.367446571589,34.257972329855,193.869213014841,3852.73093697429,7474.40265527368,7745.61998587847,482.96542134881,4130.54868222773,464.088012903929,2903.69190910459,1848.33023223281,380.256588071585,1360.74250176549,58.5468500554562,801.445107966661,38.8759624063969,1446.96261554956,263.829895913601,50.6991521120071,1.93991461396217,5.85248970985413,2.94899943470955,1529.59651553631,74.4321301281452,84.0185030996799,158.458682507277,34.2077181637287,691.909226357937,2704.46604308486,46.5486252605915,1588.92822280526,190.720646977425,4.21778178215027,426.492231309414,3.41830599308014,0,0,0,1416.54877313972,2.04690045118332,9.07208114862442,5.73266404867172,2614.57927846909,12.8564847707748,9.659115254879,14.6275342106819,6588.10598680377,28.7954348921776,6.32178518176079,4.49703508615494,0.642492890357971,1.53885608911514,84.2131567895412,165.984089910984
103.570759356022,1277.46262949705,47.6555358171463,30.7785887718201,185.816227406263,480.42462721467,1569.33291372657,910.975530788302,498.616688907146,2152.7970674336,0,1748.32952639461,12332.1565951109,858.315014660358,6.4727897644043,29.5722349286079,434.811399012804,13272.4145329893,1594.8202906251,288.632629096508,111.734135776758,752.136801630259,258.654419571161,322.829687386751,3161.89970842004,11493.8273442686,2351.59946447611,190.371097236872,4519.55468738079,410.025119394064,1889.73703894019,654.562593370676,20.4553690254688,8828.19295507669,129.472838371992,988.176575601101,3601.4937196672,2762.21410343051,58.875714212656,172.082924425602,109.620492517948,965.254720449448,138.351331979036,696.205727189779,305.894796520472,63.3124320209026,11.683126449585,28.2577956318855,702.288136541843,0,193.241194427013,3.51980149745941,0,3.3533411026001,1.77702188491821,9.37005293369293,9.88161623477936,102.201730877161,5.12957602739334,4428.14598208666,41.0001795887947,6912.49903506041,38.7672675251961,3.31250983476639,8.54380002617836,9.71351063251495,521.90111976862,28.0787823200226,4.0157051384449,1.43768227100372,78.4044413268566,11.1537702381611,68.5674136579037,722.669587433338,613.275359481573,1567.2352167964,18.7957446277142,30.1986101865768,3.69351863861084,1698.50530168414,46.1724190115929,0,552.679291427135,28.2930572628975
10.4671450257301,32.1778065860271,42.9021432101727,4560.97323554754,992.005512058735,5466.18011090159,754.451373279095,1291.21587276459,2224.40064132214,6741.02903059125,1748.32952639461,0,1520.66051959991,760.202373862267,5475.48531714082,4.48957097530365,157.648465812206,402.149177849293,241.841891407967,13192.0389778912,21.035603582859,4.41007870435715,109.695527225733,592.711942523718,100.076850712299,689.114526301622,536.500689476728,2954.20759308338,1262.46704655886,35.118884652853,168.219016939402,28.6141098737717,6.90739905834198,1573.97691211104,4369.01104161143,3697.53662481904,284.419093698263,1442.33778333664,133.280441403389,6195.36925858259,807.403390645981,359.551908493042,379.11895263195,35.6417636573315,238.351185977459,13.5318593978882,1030.54469808936,117.388479560614,42.2654626965523,0,3.2759091258049,0,1424.71417081356,95.1048601269722,73.175133317709,50.739176094532,34.7426133453846,319.434115707874,948.110107451677,52.2900563776493,2313.50554925203,292.266438931227,18.0179874897003,401.527042925358,5.35503560304642,0,2.14896941184998,0,1068.96036037803,1.37696075439453,2.26287037134171,3.2840182185173,647.885068595409,13.3027590215206,8.00140911340714,3.32775396108627,2172.3113078773,22.3977059721947,0.998030304908752,2.88489925861359,2.76593363285065,0,42.6074344217777,565.279140293598
31.6642745733261,1051.52030235529,39.1250992715359,38.1853397488594,87.544619590044,365.237716287374,930.73095870018,862.983937561512,499.481247454882,1411.85026422143,12332.1565951109,1520.66051959991,0,470.637460321188,56.64614585042,85.3210916817188,68.1638807058334,173.88382267952,69.4956234097481,280.865400612354,379.051858484745,578.883291035891,306.264521658421,498.473268657923,8203.33323538303,641.702801048756,6033.42958435416,1179.31297111511,1196.69747543335,445.683214813471,2592.23349279165,212.597398221493,4.12558695673943,5326.94836166501,130.629937916994,2483.96835041046,2153.16661414504,5250.76753604412,1186.5238263905,2663.76824823022,909.074464321136,2053.09688404202,768.334859073162,932.701420634985,598.766618013382,218.099531799555,1723.87270826101,133.749932587147,576.256006002426,2.37564724683762,429.015585571527,12.5817234516144,28.9239844083786,20.8614658117294,40.3517322838306,40.6172877848148,122.669557183981,231.967104136944,118.425715684891,7845.44569554925,135.868036001921,15531.9843353331,94.9164952039719,98.0216284394264,23.8079607188702,17.1683004200459,830.523576140404,125.76741707325,58.7675208449364,18.8031645715237,187.931848555803,28.1083020567894,283.480333417654,3416.29399067163,1274.3248514533,4908.54855513573,453.342452168465,78.8270631730556,33.8823635876179,3904.95623883605,74.9204137325287,3.02525866031647,563.964198112488,37.4280641973019
18705.7381585091,28.2293226420879,977.593782633543,28.07809060812,41.4453573822975,2371.94339793921,13529.8934545815,29532.5640029311,81.2878317534924,2509.68384179473,858.315014660358,760.202373862267,470.637460321188,0,32.0177048146725,5.28848895430565,3301.91679634154,197.024853989482,642.378948867321,128.446617305279,652.757954806089,20.4011059701443,2087.13647094369,47.0048196911812,56.8154919147491,983.313398331404,1216.78235018253,381.264581114054,26971.6943855286,14718.0532437563,61.738139718771,6.86293596029282,40.12315928936,1015.57755023241,33.031903475523,1771.84433987737,134.550071626902,612.19449184835,62.3580384552479,498.757225841284,477.571097642183,78.1478333473206,44.8023618459702,13.923831820488,23.6119275391102,4.10556092858315,11.7257834672928,2.27260679006577,21.0191646516323,0,5.92167341709137,21.4861123859882,1.10977041721344,0.927497684955597,0,1.96255046129227,0,32.1491397321224,0,51.8393470942974,2.7238087952137,113.850471943617,2.15905088186264,1.34289705753326,1.65092533826828,2.83465301990509,4.63732859492302,3.46340450644493,0,1.22091880440712,1.8093184530735,9.23108226060867,60.7655690610409,4.61888688802719,10.3152258396149,92.2494493126869,40.1185098588467,1.39923179149628,0.803740799427032,5.50091591477394,0,0,11.9752566218376,5.50617364048958
2.33298349380493,43.1637405753136,21.3952248692513,1130.37548688054,4710.35831770301,1854.12270712852,794.944374918938,105.168175905943,2623.54930624366,1141.91630887985,6.4727897644043,5475.48531714082,56.64614585042,32.0177048146725,0,53.9054529070854,30.0515490174294,3.40664082765579,5.13328218460083,599.044512242079,351.276948362589,75.9508600234985,349.563038110733,2702.92050763965,15.3459988832474,12.5602914690971,175.700078934431,3004.25692087412,46.7509364783764,380.753793567419,0.464865326881409,13.5885754823685,4.91830134391785,108.861111104488,9279.44921317697,373.053456455469,28.4883086383343,56.9460854232311,20.5506872832775,5116.67268502712,191.804851949215,1.4611374437809,185.175602257252,6.35856515169144,67.3334586620331,45.8883477449417,150.663880318403,20.9885154664516,1.30023670196533,4.81331330537796,1.78315544128418,1.48910540342331,75.9492876827717,11.1590700149536,6.76187637448311,15.3182991743088,8.55143773555756,74.0887967646122,92.0146763324738,1.05813014507294,142.401201546192,27.7479487061501,3.89460515975952,62.3173857331276,15.0944635868073,0,1.70138275623322,0,58.7326780259609,1.79690188169479,1.80606460571289,9.50599506497383,160.02523869276,0,2.23800200223923,12.421696126461,377.764255404472,5.81121870875359,13.8087082505226,0,0,1.03198313713074,5.82073760032654,1125.26478984952
0.992068707942963,323.024208247662,227.035186648369,0.79070645570755,4.75596648454666,3.09006416797638,67.0779454410076,6.82850688695908,36.5299182534218,12.8846032321453,29.5722349286079,4.48957097530365,85.3210916817188,5.28848895430565,53.9054529070854,0,398.75023534894,39.9380542039871,156.482114583254,1.23032450675964,11057.6222701371,16349.5035185218,5346.08113500476,3635.0406498313,60.4781175851822,279.234749525785,7802.42212599516,6509.96584102511,43.8358296751976,149.613437116146,14.3133823871613,4.42268061637878,2.5445768237114,472.554971665144,1727.59921869636,8278.75869184732,1755.62000516057,1976.442358464,774.397453308105,30.7989107370377,56.9615966677666,29.5953324437141,4456.04839506745,1511.39591294527,601.770734429359,879.527811378241,52.9681428074837,24.3469069302082,6.40980452299118,0.537768721580505,31.1253139972687,150.924521893263,0,5.39718019962311,1.62579917907715,32.7297766208649,20.3409973978996,135.859753102064,1.10761091113091,8.16124454140663,0,58.5516445636749,19.1819377243519,23.2801698446274,6569.78157770634,104.771939724684,2.16846844553947,18.9169680178165,0,792.957424193621,1393.85060536861,5266.66227895021,1333.51644799113,7.53304600715637,51.7584864497185,1397.19848537445,654.888970673084,40.4387135803699,310.431968688965,2.09345453977585,0,0,57.937885671854,356.790470123291
1132.74502006173,278.341967016459,7800.86010563374,3.45136848092079,44.4918550252914,383.685159891844,895.182456731796,4124.6736664474,236.867510676384,235.22140455246,434.811399012804,157.648465812206,68.1638807058334,3301.91679634154,30.0515490174294,398.75023534894,0,695.217657417059,6308.41297623515,30.3074027895927,3636.83015999198,245.183788985014,19143.8806395233,217.600376009941,13.7719115912914,4372.14652109146,21916.0692962706,908.381923407316,6991.88141956925,7416.6366891861,16.2104612886906,31.5001707971096,648.387811928988,8015.67653660476,201.754052340984,1259.99381685257,972.48161315918,2932.16173912585,339.588344603777,63.9382404088974,68.6760122776031,36.4908221364021,849.228706717491,344.791943430901,503.121076822281,344.926539838314,5.10722452402115,3.77551114559174,0.540819406509399,0,231.767971992493,729.751443356276,0,0,0,21.9934092760086,1.36486491560936,3.0041951239109,0,18.6294741332531,0,13.465914607048,2.87138620018959,1.16981193423271,86.6968767046928,493.667232245207,27.4179368019104,369.772094100714,0,19.9867173135281,61.045874029398,276.025472968817,62.7254089415073,14.2042051255703,819.478977531195,3102.91389527917,13.4693144261837,4.48696285486221,53.6289900243282,0.510717213153839,0,0.793941557407379,71.4649112522602,78.177184343338
46.8267277479172,29.8607717752457,98.7997084259987,6.07399421930313,17.3141950070858,89.2312168180943,415.260986238718,208.281892836094,37.6842633187771,561.015947043896,13272.4145329893,402.149177849293,173.88382267952,197.024853989482,3.40664082765579,39.9380542039871,695.217657417059,0,7402.0620071888,79.0481126308441,236.423582583666,18.3401921987534,498.845998257399,20.8584200441837,152.829997777939,15641.9969882071,3586.77546221018,95.6646307110786,770.412151604891,143.703172981739,358.191505044699,29.3519162237644,45.7128792405128,2119.6908891201,123.283590853214,1121.15772908926,4464.47276622057,2269.18921220303,117.366314589977,26.081778883934,8.60091903805733,26.5577980279922,351.502786427736,356.697172820568,372.429211676121,174.793393939734,1.09542167186737,1.72449833154678,6.21351704001427,0.943639874458313,97.3742687106133,21.2537920773029,0,1.38947439193726,0,0.664347052574158,1.42978522181511,6.26568412780762,0,183.420622080564,2.44660630822182,213.49025696516,4.56204628944397,0,3.65697309374809,25.6270461082458,1070.24024271965,118.408029705286,0,2.06604194641113,3.89503079652786,8.42994937300682,7.60020339488983,291.267829179764,1178.62276184559,2086.10919305682,0,6.72206425666809,1.40467467904091,475.911430209875,1.85853958129883,0,66.7004581987858,38.1601638197899
205.967016816139,67.8028373122215,608.81933349371,1.94002616405487,23.7986895143986,89.8586604893208,470.869531691074,868.967616081238,78.2788116633892,370.693127170205,1594.8202906251,241.841891407967,69.4956234097481,642.378948867321,5.13328218460083,156.482114583254,6308.41297623515,7402.0620071888,0,64.4036969542503,1105.07393139601,55.7279237210751,2286.8209066689,71.3072952032089,38.3767119646072,12762.6410780847,7302.17976912856,300.547864377499,1903.94041126966,607.278075277805,41.7288333773613,29.5689222514629,198.853497087955,7528.22944912314,158.008685290813,1639.35482639074,3541.32943603396,2641.70600271225,187.995946019888,25.7421970665455,24.6519068479538,6.73766869306564,552.611358970404,495.512297987938,393.036448478699,259.765314549208,0,3.21729969978333,1.03925716876984,0,136.987782537937,137.940866142511,1.0459588766098,3.29951214790344,0,1.25565159320831,0,1.04898416996002,0,23.7880133986473,0,16.3322851657867,2.20170751214027,0,8.46803441643715,170.892976850271,229.810248494148,560.753666758537,0,5.79336366057396,7.76777935028076,34.6139126718044,8.03722432255745,57.935788244009,1011.48669469357,1708.90680918097,3.47135376930237,3.10177567601204,12.0661261677742,23.2656547129154,0,0.594935357570648,47.575598269701,48.5906398892403
1.91923385858536,2.24891224503517,8.5415977537632,19328.0124862492,115.128685742617,293.589132934809,70.7431066334248,228.556011974812,1312.49585479498,7852.97104635835,288.632629096508,13192.0389778912,280.865400612354,128.446617305279,599.044512242079,1.23032450675964,30.3074027895927,79.0481126308441,64.4036969542503,0,7.39779275655746,0.42376646399498,30.4327462315559,560.709416717291,20.6783312857151,150.568264722824,146.187223553658,5718.78730991483,419.410566613078,11.8934048116207,34.8955567479134,2.90807572007179,13.5483987927437,305.553897470236,118.772813767195,999.975559681654,49.0115701854229,258.824900746346,35.018658041954,1236.12940168381,166.182046085596,42.4517714083195,346.388358414173,5.15065833926201,243.160511493683,6.88270878791809,630.856666892767,145.514364093542,8.38055929541588,0.532089114189148,0.44926193356514,0,870.139884591103,43.6921203732491,33.7899369895458,46.3482609689236,15.3381536900997,271.129659473896,905.353045880795,3.32817947864532,656.956229269505,67.256771415472,2.87097102403641,209.541178911924,0,0,0,0,424.261726677418,0.397201716899872,0.912402033805847,0.509028673171997,821.066500812769,1.41706547141075,0,0,2186.05594453216,7.18856355547905,4.66963163018227,0,0,0.524688184261322,25.6659868657589,11.3676364123821
176.336166679859,56.815572053194,4632.25143569708,1.58756291866302,48.6007351577282,122.014160484076,1549.91888216138,769.398475915194,59.7070913314819,68.9895913302898,111.734135776758,21.035603582859,379.051858484745,652.757954806089,351.276948362589,11057.6222701371,3636.83015999198,236.423582583666,1105.07393139601,7.39779275655746,0,987.955454409122,54154.1855933964,305.67330750823,13.2162897884846,1073.19270443916,3703.67856115103,16002.0410560668,1354.7671943903,22258.6081305146,12.2650563716888,17.9431231617928,605.403695493937,9961.43841995299,5770.54045248032,11676.0364466906,3074.62322878838,13517.200522989,2309.9645241797,250.447005331516,303.926562070847,78.672984868288,2500.15070849657,479.598121851683,286.443040281534,248.739193767309,33.0057116746902,45.1279244720936,14.7406333088875,9.34382820129395,10.6935615837574,90.2842504382133,0.621295511722565,9.83919250965118,0,13.6794240176678,33.6789034307003,126.733053386211,1.75439870357513,5.33576509356499,10.7357341051102,146.034911721945,38.2637110054493,35.9546467363834,817.479625344276,43.0546210706234,0.509890079498291,28.7369117438793,1.88271743059158,489.781924784184,260.32531568408,700.957169502974,1058.70808508992,3.04000091552734,38.8892336785793,494.47437608242,1013.88414290547,84.8601356744766,541.100344210863,0,0,0.51399552822113,52.0527851879597,966.553162962198
1.91225522756577,5310.34650745988,394.30746203661,2.15294378995895,7.07063883543015,11.4619496166706,63.6704160273075,25.3144279122353,8560.29838380218,11.5901167094707,752.136801630259,4.41007870435715,578.883291035891,20.4011059701443,75.9508600234985,16349.5035185218,245.183788985014,18.3401921987534,55.7279237210751,0.42376646399498,987.955454409122,0,3417.6438446641,17592.0054040551,2581.0128056705,249.972737550735,11065.8219585419,2711.64683184028,54.3570850193501,203.020278245211,92.5565360784531,8.91704434156418,3.20769333839417,329.019264578819,300.987614989281,1924.46393203735,574.41234561801,919.707455396652,223.354469865561,51.7107952833176,19.4334724545479,38.526007771492,2589.73453569412,527.028714895248,849.217899113894,823.391126781702,43.0305673182011,26.0624874830246,14.6973722279072,7.06958907842636,82.1763415336609,487.489446640015,0.64861398935318,9.63627150654793,6.9707151055336,56.0589725673199,32.7986940741539,259.227045297623,4.96786552667618,300.253267616034,0,625.289533019066,40.6713740229607,17.5875532627106,2437.29659575224,257.463287651539,42.9065272808075,65.7564997375011,0,313.897553622723,1145.61539235711,3139.53389629722,1091.87598106265,139.804500311613,176.32491979003,4924.29493829608,409.736256599426,46.4673421978951,265.832609683275,248.477488011122,0.50082665681839,3.52474948763847,113.497088491917,296.001232713461
574.238186508417,100.792061418295,34205.8848903179,5.33129930496216,79.966713488102,521.176723361015,5262.4455793798,2805.47780936956,74.4609384834766,274.47292214632,258.654419571161,109.695527225733,306.264521658421,2087.13647094369,349.563038110733,5346.08113500476,19143.8806395233,498.845998257399,2286.8209066689,30.4327462315559,54154.1855933964,3417.6438446641,0,757.399385035038,10.6631366610527,10471.8672530651,40798.1637335718,23549.3395806551,2970.00097551942,15270.4133469462,32.6976574659348,28.3586042225361,342.598513901234,12488.9627615958,9428.81850022078,34380.6450703144,8562.30460852385,21976.3769873381,7216.59502080083,243.632778018713,470.739831447601,216.526955723763,6495.33744952083,1937.6921658814,2000.99436792731,2087.67608457804,90.3601730763912,53.0274927914143,7.72450736165047,4.24488508701324,81.1939477920532,1285.95618882775,0,17.921324133873,4.03569665551186,125.687184900045,31.9430890977383,111.049723535776,4.48271709680557,22.4545579850674,10.4208300709724,130.486893922091,34.3909769654274,48.3206685781479,5572.74890813231,464.616851091385,12.5878552794456,156.735437989235,0,754.81554210186,770.714391976595,9125.90747782588,1081.43282875419,5.30343025922775,316.571499153972,5996.87947753072,638.743197053671,27.9438333809376,328.868421316147,1.10406649112701,0,3.12659803032875,216.072840601206,2252.00485655665
7.425577044487,4075.56420350075,95.5438106358051,3402.10487616062,300.086282849312,175.433040976524,1800.35594341159,41.9579954892397,42236.2037434578,455.174088180065,322.829687386751,592.711942523718,498.473268657923,47.0048196911812,2702.92050763965,3635.0406498313,217.600376009941,20.8584200441837,71.3072952032089,560.709416717291,305.67330750823,17592.0054040551,757.399385035038,0,2040.44140356779,217.461893498898,6668.57866582274,11430.5700168908,414.855700194836,87.0011606812477,52.1978604197502,4.20320653915405,250.450539648533,567.12711378932,1271.92491018772,3658.36450186372,601.241230487823,744.654952615499,171.847523093224,1650.00258800387,201.481989949942,22.7909432947636,6103.60002449155,338.534421294928,1921.4176004231,344.564935714006,1426.46871653199,855.278480142355,32.4759023487568,57.8283170759678,63.5455019176006,89.3428873121738,207.425608128309,45.1028672456741,90.4439579248428,309.945627778769,446.261181801558,2102.83443331718,470.542906790972,47.3535962104797,170.67339861393,607.972938716412,447.864474624395,384.201081216335,581.815247118473,52.317164003849,4.02409648895264,21.5559523701668,201.091879010201,254.820911616087,430.966904968023,478.125103920698,5807.9241361618,66.2972100973129,37.8436458706856,550.131351172924,7691.98212572932,651.985164761543,643.580748975277,14.1528720855713,29.6883652508259,25.9573328197002,428.011029183865,525.753356426954
7.46285328269005,4376.94877296686,1.83322548866272,2.70835235714912,4.40012484788895,29.7621402442455,76.3431352972984,80.0092331469059,2095.94135770202,121.165279656649,3161.89970842004,100.076850712299,8203.33323538303,56.8154919147491,15.3459988832474,60.4781175851822,13.7719115912914,152.829997777939,38.3767119646072,20.6783312857151,13.2162897884846,2581.0128056705,10.6631366610527,2040.44140356779,0,1174.42859834433,7693.04815539718,96.8314617574215,172.308277100325,18.6448730528355,741.033744484186,23.0242107510567,0,862.864462256432,16.0378133654594,145.743903756142,778.85554933548,288.53462639451,11.9392638802528,29.8120181262493,25.2937999665737,605.244265139103,363.26253503561,416.507255226374,465.540009558201,231.382252275944,2.88822877407074,4.51514655351639,79.6122997701168,2.82870811223984,478.067057073116,8.15640085935593,0,1.49259006977081,1.30032932758331,13.5353112220764,8.25177067518234,35.5108315050602,16.857312142849,976.486897885799,17.8250277638435,2907.2351769805,14.7595547735691,2.44078147411346,8.37248376011848,18.8673917651176,682.674573719501,147.589880168438,1.08615815639496,3.25976976752281,24.0049646496773,15.2390212416649,40.7179800570011,3763.03042298555,1226.18049734831,4596.27631899714,11.8485713899136,10.7997764348984,13.6646740138531,1243.34645017982,9.02863097190857,1.6198924779892,143.794514685869,9.89514189958572
257.738875776529,301.012644231319,25191.2575635612,4.78095030784607,42.3482021093369,316.409951031208,1686.99740827084,1298.68932139874,272.517662972212,1052.73960335553,11493.8273442686,689.114526301622,641.702801048756,983.313398331404,12.5602914690971,279.234749525785,4372.14652109146,15641.9969882071,12762.6410780847,150.568264722824,1073.19270443916,249.972737550735,10471.8672530651,217.461893498898,1174.42859834433,0,48802.9683440626,454.019434928894,1996.79172304273,1035.70196557045,1214.79066228867,92.4083694219589,81.1189998686314,3954.58202338219,651.880679011345,6680.39903914928,15213.0667614639,6384.61872696877,459.558222621679,71.4976058900356,61.0503169298172,193.812449365854,5440.96195101738,5049.18202352524,4188.55714991689,2489.0371094346,18.5512391626835,60.4340418577194,16.3793048262596,8.39419323205948,1250.38076758385,1346.08233180642,0.506457567214966,2.35776507854462,2.99590367078781,31.3245683610439,4.68477812409401,65.8173770308495,0,1139.3788254559,13.1751784682274,1298.65085294843,43.0148203372955,3.93379819393158,75.9973680078983,1384.53427624702,5333.48454171419,4508.92333593965,0,67.9685465693474,104.721799492836,281.346389532089,113.131015062332,2079.11575031281,12395.2220013738,20996.4261226058,25.1777236759663,61.7815178632736,224.958734422922,2604.99277436733,18.8114889860153,10.4057339429855,594.358568131924,280.22667658329
353.725437432528,9826.76586449146,43723.6955265701,11.3079049885273,89.3246667385101,420.130564719439,2531.20141610503,1604.01147392392,6847.5272950232,850.670680314302,2351.59946447611,536.500689476728,6033.42958435416,1216.78235018253,175.700078934431,7802.42212599516,21916.0692962706,3586.77546221018,7302.17976912856,146.187223553658,3703.67856115103,11065.8219585419,40798.1637335718,6668.57866582274,7693.04815539718,48802.9683440626,0,5342.82450419664,2925.84713360667,1881.37689134479,2102.64910882711,118.63726696372,146.315737694502,11729.213324964,5187.52891296148,39105.7852467,25763.3503603935,28355.7382025421,4555.21151265502,211.383705556393,255.690404266119,269.277382433414,16450.7170979977,7308.63207238913,10043.2757079899,7165.90466460586,128.672194361687,133.1687079072,35.3389619886875,32.7018828988075,5948.16162058711,9239.1062899828,0,23.7741279602051,9.66129195690155,502.134103894234,183.54930716753,190.472886443138,17.1330542564392,1338.12907671928,30.3080987334251,2162.08548250794,152.367536872625,30.7266793251038,3162.27253630757,5873.62897309661,3772.17678722739,8080.14847370982,4.34668067097664,595.929781228304,1337.81291639805,12145.2182557881,1358.11897572875,2846.44337654114,17809.5845274925,58907.6309739351,474.514599025249,155.677750200033,1028.33847895265,1435.17578795552,6.33217936754227,30.6919206976891,1444.95715615153,2385.4578564167
97.1674408912659,175.521187007427,2343.17073407769,15324.552532196,253.158467501402,1331.21703311801,80791.7801799774,451.792234480381,12145.4201537669,10819.7554478347,190.371097236872,2954.20759308338,1179.31297111511,381.264581114054,3004.25692087412,6509.96584102511,908.381923407316,95.6646307110786,300.547864377499,5718.78730991483,16002.0410560668,2711.64683184028,23549.3395806551,11430.5700168908,96.8314617574215,454.019434928894,5342.82450419664,0,3217.39473977685,35992.1598840356,12.032408863306,9.44108346104622,1537.4747402072,5290.96999296546,8289.64427289367,15839.3163984418,2423.60830706358,8360.08194997907,1682.03215616941,2889.09147202969,1278.20270287991,95.3863632380962,10973.0895042121,611.70645147562,2968.85966423154,623.09305498004,2713.80719900131,1562.33320915699,54.8865635693073,125.608337283134,17.8774708509445,107.265963941813,1025.54741200805,81.4322331249714,133.206485182047,446.989073723555,451.556160956621,2009.4706377089,1639.40288692713,12.4933233857155,645.832540005445,896.459099113941,491.725465148687,702.479233503342,881.97789695859,79.7520105838776,1.59588593244553,18.6921555399895,813.502332359552,627.03517472744,425.023045659065,988.682611882687,7447.4702398777,2.65252643823624,37.2699767351151,566.711212158203,13031.2758566737,961.51879119873,1715.6883405447,0.779349535703659,7.7655830681324,40.3276135921478,612.143467098475,1436.18212518096
10688.6518106163,80.0458362400532,713.799436748028,165.011745616794,28.1587990522385,809.18386387825,9693.31155109406,3289.80737343431,156.247680097818,4394.17698790133,4519.55468738079,1262.46704655886,1196.69747543335,26971.6943855286,46.7509364783764,43.8358296751976,6991.88141956925,770.412151604891,1903.94041126966,419.410566613078,1354.7671943903,54.3570850193501,2970.00097551942,414.855700194836,172.308277100325,1996.79172304273,2925.84713360667,3217.39473977685,0,23625.3315643072,230.54547727108,143.104210287333,4662.06271797419,8529.98882126808,52.8160650134087,1759.34149903059,348.930908322334,2097.76033329964,137.627711951733,434.689047396183,683.048663899302,169.764531075954,82.6776343584061,86.8906653225422,68.1871524751186,21.5487470626831,19.1523948907852,7.10908138751984,66.9856831729412,0,24.34735044837,47.1942818760872,7.83036172389984,1.75447928905487,0,6.6275996863842,1.11417317390442,20.307922154665,1.34354281425476,203.575901150703,7.79201364517212,232.217219978571,3.05605393648148,2.40328013896942,3.56725507974625,16.8841516971588,16.4709265530109,30.6311321258545,1.81199049949646,0,11.9470421671867,24.8129877746105,90.3825106620789,23.1990872323513,71.6188051402569,248.079796016216,129.654969394207,2.34780168533325,1.19722402095795,34.7773278951645,0,0,44.0571472346783,5.7128501534462
10273.9310538769,9.84635403752327,2916.49463620782,9.0856117606163,46.2558589279652,887.386479824781,19984.7521983087,11302.6357775927,105.324881762266,222.831173270941,410.025119394064,35.118884652853,445.683214813471,14718.0532437563,380.753793567419,149.613437116146,7416.6366891861,143.703172981739,607.278075277805,11.8934048116207,22258.6081305146,203.020278245211,15270.4133469462,87.0011606812477,18.6448730528355,1035.70196557045,1881.37689134479,35992.1598840356,23625.3315643072,0,31.1614675819874,8.05217581987381,4733.75181671977,8599.43473729491,3435.04509821534,8015.03908869624,1114.37169000506,7759.77862662077,1094.12913662195,282.723708748817,452.77518171072,67.1687614023685,1803.27695834637,257.849859327078,214.517220139503,100.588391631842,33.3633327484131,17.4372172355652,9.53943738341331,0.997104406356812,5.86443769931793,32.1187473833561,1.46171391010284,3.24493664503098,3.38291275501251,5.76675340533257,15.1980958580971,93.5006795823574,5.24590992927551,5.89212140440941,3.4279391169548,138.589110165834,8.99159362912178,42.577790915966,420.978102296591,10.3650894165039,0,5.34128057956696,0,226.958270400763,126.200592249632,359.452845841646,510.792867749929,0.700863301753998,18.5277827084064,214.425597280264,678.494298577309,20.6644171476364,107.021091967821,0,0.769389033317566,3.16717475652695,18.9353534281254,458.358239084482
6.67361307144165,108.060626745224,2.12821310758591,2.5272096991539,5.0431165099144,40.9595944881439,180.852929890156,68.0947814881802,86.1491816341877,186.367446571589,1889.73703894019,168.219016939402,2592.23349279165,61.738139718771,0.464865326881409,14.3133823871613,16.2104612886906,358.191505044699,41.7288333773613,34.8955567479134,12.2650563716888,92.5565360784531,32.6976574659348,52.1978604197502,741.033744484186,1214.79066228867,2102.64910882711,12.032408863306,230.54547727108,31.1614675819874,0,31.8784494102001,0,226.367424935102,61.345779389143,470.692751318216,2237.04518452287,751.906302839518,27.6360611021519,16.0500727593899,18.8727245926857,222.626155555248,295.749464571476,361.519406914711,473.003249824047,254.819274276495,1.92591857910156,4.77066218852997,13.8690706193447,0.923288643360138,227.461163520813,3.09860628843307,0,0,0.489053398370743,0.761932551860809,6.9560432434082,29.0845723450184,0,1579.14249393344,5.61107051372528,2960.85551932454,8.14834970235825,0,1.63215708732605,12.5195382833481,1427.76179364324,76.15039524436,0,0.397625952959061,49.2090808153152,0.822663187980652,8.29081046581268,1182.17961013317,1636.16191080213,4183.61172929406,0,7.19614785909653,1.40014457702637,2636.37108066678,5.77635610103607,1.35616075992584,62.1970300674438,19.9583836495876
0.515373468399048,1.00999420881271,6.09108394384384,2.98733043670654,640.763530254364,15.7230371534824,21.6509256362915,17.455857783556,10.8772805631161,34.257972329855,654.562593370676,28.6141098737717,212.597398221493,6.86293596029282,13.5885754823685,4.42268061637878,31.5001707971096,29.3519162237644,29.5689222514629,2.90807572007179,17.9431231617928,8.91704434156418,28.3586042225361,4.20320653915405,23.0242107510567,92.4083694219589,118.63726696372,9.44108346104622,143.104210287333,8.05217581987381,31.8784494102001,0,2.19133484363556,4242.22467860579,4.60225749015808,248.907922536135,26.0361340939999,50.5572983026505,2.2673487663269,538.11410343647,5074.1359668076,29.9995241165161,3.08222758769989,13.9719195663929,6.58816128969193,0,0,0,9.7860232591629,0,1.00629007816315,1.88376927375793,0,0,0,0,0,0,0,36.2145046591759,0.469441771507263,43.2565315961838,1.21494269371033,0,0.423432469367981,6.3342057466507,1.78928923606873,0,0,0,1.10356509685516,2.0995534658432,3.75675427913666,4.46054476499557,7.47136840224266,15.2629928290844,2.04870367050171,0.671431958675385,0,6.92880243062973,0,0,3.62887096405029,0
12.9237270057201,0.439784318208694,36.8831671476364,23.9200033843517,1.24851587414742,65.6676212251186,1860.10723993182,39.3858271837234,35.4446681141853,193.869213014841,20.4553690254688,6.90739905834198,4.12558695673943,40.12315928936,4.91830134391785,2.5445768237114,648.387811928988,45.7128792405128,198.853497087955,13.5483987927437,605.403695493937,3.20769333839417,342.598513901234,250.450539648533,0,81.1189998686314,146.315737694502,1537.4747402072,4662.06271797419,4733.75181671977,0,2.19133484363556,0,1873.4118321538,11.047704577446,28.1181393265724,29.1016795635223,540.956903785467,19.8638216555119,6.88860166072845,9.87236824631691,0.984908163547516,11.0993483662605,1.95881414413452,6.41887390613556,2.51250812411308,4.26723223924637,3.95222902297974,0,0,0,0,1.18172824382782,0,0,0,0,0.645040571689606,1.93064361810684,0,0,0.321819871664047,0,0,0.351319342851639,0.942989706993103,1.02212011814117,1.87406229972839,0,0,0.547594130039215,3.72051471471786,3.51945576071739,0,1.43514984846115,8.69881042838097,15.1636127233505,0.575365662574768,0.7097487449646,0,0,0,0,2.15528863668442
239.945753335953,394.996468156576,1191.97109419107,171.505764812231,5224.9872726202,598.466043889523,4327.62967404723,2033.86773462594,526.593425273895,3852.73093697429,8828.19295507669,1573.97691211104,5326.94836166501,1015.57755023241,108.861111104488,472.554971665144,8015.67653660476,2119.6908891201,7528.22944912314,305.553897470236,9961.43841995299,329.019264578819,12488.9627615958,567.12711378932,862.864462256432,3954.58202338219,11729.213324964,5290.96999296546,8529.98882126808,8599.43473729491,226.367424935102,4242.22467860579,1873.4118321538,0,927.536670178175,4447.92330941558,4310.81646731496,5844.27801588178,1659.35289236903,854.70598834753,2527.83221065998,2260.30460166931,798.74523037672,296.202492922544,435.017979085445,200.490009337664,113.343780457973,28.01429438591,216.299983531237,3.02910661697388,109.218376964331,306.512226223946,10.6891357898712,0,0.926916420459747,39.8329412639141,2.03295961022377,101.223932534456,11.9851841628551,311.055282384157,23.1183651685715,402.891676843166,8.31605988740921,9.99883413314819,111.922593265772,181.48704084754,82.9379579424858,168.274775862694,16.6651939749718,18.5553497374058,47.6002604067326,382.426505327225,407.498277842999,55.8491124808788,417.786501646042,1643.77380007505,728.446928858757,23.0438383221626,20.1024569272995,62.9799737632275,0.824786961078644,0,144.490662574768,192.787135899067
6.2132813334465,38.8687980771065,432.091453969479,241.734758228064,1441.0914401412,7452.79925709963,2312.64463633299,63.5868286192417,423.986910939217,7474.40265527368,129.472838371992,4369.01104161143,130.629937916994,33.031903475523,9279.44921317697,1727.59921869636,201.754052340984,123.283590853214,158.008685290813,118.772813767195,5770.54045248032,300.987614989281,9428.81850022078,1271.92491018772,16.0378133654594,651.880679011345,5187.52891296148,8289.64427289367,52.8160650134087,3435.04509821534,61.345779389143,4.60225749015808,11.047704577446,927.536670178175,0,5889.37266772985,5203.53586092591,683.341721266508,553.684339642525,124.562099725008,165.289543867111,199.393509536982,2780.8359157145,718.232001423836,320.305438905954,2038.94552636147,71.4539330601692,108.155809789896,5.4062571823597,0,56.9557626247406,116.985494017601,1.67686831951141,134.846657574177,257.903220415115,41.4322544932365,6.51110064983368,112.871958494186,107.073078274727,16.1705225110054,2109.47297090292,165.257299244404,6.76753705739975,357.992533922195,182.65974226594,14.8637040257454,21.6927356123924,5.56244516372681,0.660266697406769,155.549010008574,83.9409953951836,523.041013032198,275.353860646486,16.1269719600677,138.376376986504,1038.4253706038,569.918585240841,12.8420547246933,50.6346721053123,14.5771362185478,0.948181986808777,2.12093687057495,4.95761573314667,304835.748733222
56.3563804924488,336.01176649332,4572.30323535204,907.677159428596,811.516118109226,889.776519536972,5135.85150998831,4457.87662532926,3169.40282407403,7745.61998587847,988.176575601101,3697.53662481904,2483.96835041046,1771.84433987737,373.053456455469,8278.75869184732,1259.99381685257,1121.15772908926,1639.35482639074,999.975559681654,11676.0364466906,1924.46393203735,34380.6450703144,3658.36450186372,145.743903756142,6680.39903914928,39105.7852467,15839.3163984418,1759.34149903059,8015.03908869624,470.692751318216,248.907922536135,28.1181393265724,4447.92330941558,5889.37266772985,0,37252.5818189085,3424.69200745225,1620.28037753701,8103.01298341155,4263.3443198204,1487.18120500445,7711.96358209848,1209.22899219394,2458.73877540231,1137.40745434165,1341.86836129427,499.855027318001,39.6471438705921,53.1542336940765,325.070136159658,1247.05295395851,87.9224248826504,19.7371537089348,21.6294328868389,376.526007175446,84.7214905619621,734.993909269571,179.914030641317,88.3704571425915,168.979431986809,549.61896532774,95.6849481165409,266.564759612083,1695.08298495412,629.417562544346,184.999076336622,675.740426212549,157.62224894762,421.53269341588,472.732642918825,3194.02695634961,3761.35708892345,79.2351427078247,1408.15516895056,6130.20158842206,6565.26995563507,298.843842059374,611.450551241636,51.429298132658,3.60150319337845,18.2805739939213,356.533789217472,1524.96417051554
24.6617433428764,302.834706217051,1461.22352972627,19.3363927006721,10.4143507480621,97.3742051720619,590.520980328321,195.894989997149,343.812148928642,482.96542134881,3601.4937196672,284.419093698263,2153.16661414504,134.550071626902,28.4883086383343,1755.62000516057,972.48161315918,4464.47276622057,3541.32943603396,49.0115701854229,3074.62322878838,574.41234561801,8562.30460852385,601.241230487823,778.85554933548,15213.0667614639,25763.3503603935,2423.60830706358,348.930908322334,1114.37169000506,2237.04518452287,26.0361340939999,29.1016795635223,4310.81646731496,5203.53586092591,37252.5818189085,0,4546.84124681354,3221.63493674994,156.727949768305,262.775614529848,967.150289744139,1951.10687121749,1269.68169605732,1102.95800468326,901.06551450491,36.4389494657516,34.4443839788437,44.1954461038113,6.4771254658699,476.015458971262,438.36168307066,0.507846534252167,20.2955495119095,3.02816998958588,18.0128688216209,10.5377669632435,65.2077992856503,3.3681423664093,217.674011111259,10.6226841211319,344.54253539443,10.8940646350384,10.3201606869698,404.020172655582,361.212585419416,964.456591188908,1122.08502677083,1.19153237342834,52.5105012357235,93.4525586366653,714.674919307232,199.514843702316,489.4054864645,2979.22370371222,6106.8520488441,199.911947786808,23.423843562603,78.9055292606354,296.634052783251,1.72450530529022,3.41139021515846,174.78984478116,2242.60783946514
167.892040848732,315.607144087553,2820.20790380239,166.950439423323,48.7114107608795,457.593223527074,4318.07704734802,878.735405534506,621.412686526775,4130.54868222773,2762.21410343051,1442.33778333664,5250.76753604412,612.19449184835,56.9460854232311,1976.442358464,2932.16173912585,2269.18921220303,2641.70600271225,258.824900746346,13517.200522989,919.707455396652,21976.3769873381,744.654952615499,288.53462639451,6384.61872696877,28355.7382025421,8360.08194997907,2097.76033329964,7759.77862662077,751.906302839518,50.5572983026505,540.956903785467,5844.27801588178,683.341721266508,3424.69200745225,4546.84124681354,0,1939.95671984553,223.770895943046,349.463138371706,3339.69364264607,2080.63225755095,498.290261000395,1012.79838958383,609.262038558722,294.580026358366,128.734041661024,85.7860397994518,6.77110406756401,230.409068495035,873.110568672419,26.6953815817833,0.881375730037689,5.96157667040825,92.9474309980869,22.7446987628937,91.5654384791851,70.4432418644428,211.422358691692,28.6513296067715,267.279828518629,22.4107078015804,38.0067420899868,564.007612615824,446.973794281483,198.296982318163,429.43902015686,26.2350125908852,56.4478066563606,164.119944244623,1773.62356323004,607.904624670744,132.622068881989,981.418983399868,4266.65989211202,1127.32364416122,32.2621728181839,87.0729439258575,97.9362867474556,2.36205565929413,4.90586566925049,161.106064587831,321.534958064556
17.3502114415169,26.7886607050896,414.088456898928,43.8097183704376,3.28847458958626,52.00303414464,760.064617037773,122.198159247637,109.395214259624,464.088012903929,58.875714212656,133.280441403389,1186.5238263905,62.3580384552479,20.5506872832775,774.397453308105,339.588344603777,117.366314589977,187.995946019888,35.018658041954,2309.9645241797,223.354469865561,7216.59502080083,171.847523093224,11.9392638802528,459.558222621679,4555.21151265502,1682.03215616941,137.627711951733,1094.12913662195,27.6360611021519,2.2673487663269,19.8638216555119,1659.35289236903,553.684339642525,1620.28037753701,3221.63493674994,1939.95671984553,0,70.1184238195419,66.750019878149,393.758159518242,369.857622981071,80.3962182998657,144.252381175756,122.287292063236,57.7563578486443,16.5910169780254,0.479558885097504,0.607510626316071,19.3204721212387,113.224859833717,0.573322474956512,3.03737592697144,1.86445423960686,24.6434688270092,1.0888414978981,23.352066218853,2.32113689184189,5.41427049040794,1.05274415016174,30.4455673098564,0.657050788402557,6.24121069908142,207.485827207565,69.1389055252075,7.71558463573456,37.4512321949005,3.49300119280815,7.83102467656136,48.6263680160046,488.336719036102,132.683737695217,5.11749464273453,97.2637494206429,527.221773296595,218.294986575842,11.1461550593376,17.8096207678318,0.565480709075928,0,0,15.3694049119949,195.429745465517
13.8342657387257,24.8714990615845,67.2112456858158,1330.66207149625,12516.2499139905,5994.83749726415,1506.88819345832,1695.01626943052,1850.70546635985,2903.69190910459,172.082924425602,6195.36925858259,2663.76824823022,498.757225841284,5116.67268502712,30.7989107370377,63.9382404088974,26.081778883934,25.7421970665455,1236.12940168381,250.447005331516,51.7107952833176,243.632778018713,1650.00258800387,29.8120181262493,71.4976058900356,211.383705556393,2889.09147202969,434.689047396183,282.723708748817,16.0500727593899,538.11410343647,6.88860166072845,854.70598834753,124.562099725008,8103.01298341155,156.727949768305,223.770895943046,70.1184238195419,0,2107.15527069569,92.98924690485,1418.00201517344,44.9687685072422,542.237461596727,56.1486754119396,844.68886885047,304.617337167263,57.715049803257,6.64602792263031,3.67522662878036,2.27906623482704,240.07719001174,36.0284918546677,38.086743503809,105.134022563696,98.3995954990387,196.691468954086,454.276368230581,35.2032315135002,434.318292945623,1557.10867673159,57.8366250097752,210.412348330021,18.0330633819103,2.57351189851761,2.24676126241684,0,211.25088980794,12.7537202835083,8.28020000457764,21.1712036430836,814.692165464163,1.90777936577797,3.00041192770004,15.4983089864254,2036.03887704015,87.3509690463543,34.2720574736595,2.95232158899307,8.66272741556168,2.77221220731735,84.1935946643353,72.7029080986977
15.9397710561752,19.8988764882088,55.0243812501431,111.435718595982,3524.74227851629,894.187473148108,1381.96597018838,3102.78092104197,368.743809640408,1848.33023223281,109.620492517948,807.403390645981,909.074464321136,477.571097642183,191.804851949215,56.9615966677666,68.6760122776031,8.60091903805733,24.6519068479538,166.182046085596,303.926562070847,19.4334724545479,470.739831447601,201.481989949942,25.2937999665737,61.0503169298172,255.690404266119,1278.20270287991,683.048663899302,452.77518171072,18.8727245926857,5074.1359668076,9.87236824631691,2527.83221065998,165.289543867111,4263.3443198204,262.775614529848,349.463138371706,66.750019878149,2107.15527069569,0,419.743107795715,637.455649524927,15.83634775877,192.601312547922,13.0002306997776,236.810983508825,26.4209361672401,15.4049888253212,0.530656635761261,0,3.51746726036072,10.7673761546612,1.35067909955978,2.25825488567352,50.7172593772411,1.67884933948517,65.0560746192932,25.4097259044647,25.0276830196381,22.66878002882,190.874575704336,4.32854282855988,25.9482085108757,8.78227582573891,1.73771673440933,0,0.572683691978455,22.07804697752,7.29298412799835,9.11417862772942,23.225778222084,450.547327905893,3.17363214492798,3.10221064090729,33.2390886843204,824.239880234003,16.6228065490723,9.77087354660034,1.91603100299835,0,0,25.0222096443176,37.8293133378029
7.1261779665947,134.510779500008,31.5783649981022,6.94012159109116,6.95508918166161,125.74643689394,275.251668453217,180.549486964941,54.9493928253651,380.256588071585,965.254720449448,359.551908493042,2053.09688404202,78.1478333473206,1.4611374437809,29.5953324437141,36.4908221364021,26.5577980279922,6.73766869306564,42.4517714083195,78.672984868288,38.526007771492,216.526955723763,22.7909432947636,605.244265139103,193.812449365854,269.277382433414,95.3863632380962,169.764531075954,67.1687614023685,222.626155555248,29.9995241165161,0.984908163547516,2260.30460166931,199.393509536982,1487.18120500445,967.150289744139,3339.69364264607,393.758159518242,92.98924690485,419.743107795715,0,40.8942873775959,82.0547051727772,94.9862142801285,8.1178936958313,8.71542245149612,15.5690994262695,565.054592549801,0,22.3999722599983,5.24380213022232,1.94968089461327,0,0,6.45908331871033,0.554993808269501,23.8692497313023,10.207235366106,410.790469408035,12.9070065021515,457.790583819151,13.2678238153458,1.28771364688873,5.48430418968201,5.01468694210052,10.9113522768021,1.62272745370865,3.74718242883682,3.01383942365646,11.0159749984741,12.6433795690536,63.2405573427677,30.513983309269,24.2339136600494,63.6288496553898,60.0093438625336,11.5114561319351,0,46.5285260379314,11.501113653183,0.386047840118408,168.144711375237,40.8170251846313
4.79182311892509,356.653441369534,4714.65954148769,241.998496174812,16.9692323207855,59.9481312334538,1481.71799203753,104.603567391634,1542.61032295227,1360.74250176549,138.351331979036,379.11895263195,768.334859073162,44.8023618459702,185.175602257252,4456.04839506745,849.228706717491,351.502786427736,552.611358970404,346.388358414173,2500.15070849657,2589.73453569412,6495.33744952083,6103.60002449155,363.26253503561,5440.96195101738,16450.7170979977,10973.0895042121,82.6776343584061,1803.27695834637,295.749464571476,3.08222758769989,11.0993483662605,798.74523037672,2780.8359157145,7711.96358209848,1951.10687121749,2080.63225755095,369.857622981071,1418.00201517344,637.455649524927,40.8942873775959,0,36708.8940365911,6375.29747262597,5462.66786974669,12233.188021183,4471.33459305763,665.51728746295,72.5500030517578,2252.03820073605,3124.85157063603,243.058323532343,126.329989463091,1050.20732164383,2818.10940429568,2527.47737744451,2467.77896311879,4311.9917909801,974.406950861216,2278.94929414988,3616.38849234581,1534.26363420486,459.915799856186,11188.0378631353,753.068429231644,937.882504403591,514.15328168869,692.657919585705,6178.78905132413,2901.12270438671,26295.9939723015,6612.29160121083,567.6566144526,6495.35674107075,36005.2541290224,14620.3439409435,677.917646557093,619.60301604867,664.12792250514,694.256306797266,8.726328343153,489.680019110441,12309.1886066794
4.78988695144653,174.31311070919,1298.08183017373,5.34508782625198,1.86867922544479,12.7665229439735,119.919489353895,43.7676311135292,100.257772177458,58.5468500554562,696.205727189779,35.6417636573315,932.701420634985,13.923831820488,6.35856515169144,1511.39591294527,344.791943430901,356.697172820568,495.512297987938,5.15065833926201,479.598121851683,527.028714895248,1937.6921658814,338.534421294928,416.507255226374,5049.18202352524,7308.63207238913,611.70645147562,86.8906653225422,257.849859327078,361.519406914711,13.9719195663929,1.95881414413452,296.202492922544,718.232001423836,1209.22899219394,1269.68169605732,498.290261000395,80.3962182998657,44.9687685072422,15.83634775877,82.0547051727772,36708.8940365911,0,4730.99787950516,11008.5226994455,937.947626173496,804.127904325724,413.36462315917,5.37075620889664,802.320164740086,709.889858871698,12.96668446064,15.4939676523209,47.201648414135,193.636635839939,161.334282279015,218.406863689423,299.355376273394,1334.00670486689,195.035708248615,1331.18446317315,101.270652323961,64.4241113960743,2065.83317133784,161.388148367405,541.736885309219,304.176416933537,60.972368657589,459.308718115091,475.087690621614,3356.4973474443,616.73039740324,450.024738609791,3888.16299241781,9738.23892506957,784.242395102978,57.3205018341541,64.2770329415798,689.399205565453,34.7628171145916,1.34378373622894,110.250991329551,2158.67916104198
2.27097570896149,232.784394770861,2609.64625647664,151.108891218901,9.95722633600235,10.8841734528542,641.248073801398,50.5613117218018,608.795436173677,801.445107966661,305.894796520472,238.351185977459,598.766618013382,23.6119275391102,67.3334586620331,601.770734429359,503.121076822281,372.429211676121,393.036448478699,243.160511493683,286.443040281534,849.217899113894,2000.99436792731,1921.4176004231,465.540009558201,4188.55714991689,10043.2757079899,2968.85966423154,68.1871524751186,214.517220139503,473.003249824047,6.58816128969193,6.41887390613556,435.017979085445,320.305438905954,2458.73877540231,1102.95800468326,1012.79838958383,144.252381175756,542.237461596727,192.601312547922,94.9862142801285,6375.29747262597,4730.99787950516,0,5211.12003394961,840.14523884654,1248.49761772156,1993.50962236524,468.006807386875,1549.70094069839,2416.75768136978,266.314335495234,69.3542861044407,750.719695955515,6515.25183671713,1925.77989456058,1358.2119127214,5258.00104379654,2530.55461585522,1897.61966329813,7244.33047100902,2198.78497767448,352.201378375292,2205.09524384141,974.652664989233,2552.2945561409,1120.20523044467,386.853086143732,8214.07401928306,762.963661938906,15952.2619705498,2287.66167959571,608.917852163315,8303.56249389052,24638.0116995126,14362.6084186733,3553.09984326363,6225.37442901731,1075.14230021834,421.699603915215,891.196359068155,1475.72167205811,1259.31799775362
0,179.387011826038,1661.40324196219,11.856447160244,27.1994199156761,3.6659708917141,100.202757149935,10.0417472720146,101.914013296366,38.8759624063969,63.3124320209026,13.5318593978882,218.099531799555,4.10556092858315,45.8883477449417,879.527811378241,344.926539838314,174.793393939734,259.765314549208,6.88270878791809,248.739193767309,823.391126781702,2087.67608457804,344.564935714006,231.382252275944,2489.0371094346,7165.90466460586,623.09305498004,21.5487470626831,100.588391631842,254.819274276495,0,2.51250812411308,200.490009337664,2038.94552636147,1137.40745434165,901.06551450491,609.262038558722,122.287292063236,56.1486754119396,13.0002306997776,8.1178936958313,5462.66786974669,11008.5226994455,5211.12003394961,0,2697.23497098684,1044.78885138035,53.2804246842861,220.661904394627,955.727967828512,1615.08760514855,14.032578587532,36.1582761406898,126.220614045858,1402.35363230109,1079.38960668445,208.739350259304,274.378171950579,316.390861600637,223.336897492409,1492.53972572088,1195.65143874288,68.1654662787914,3590.24453404546,591.449707955122,827.879218995571,398.031266093254,45.8055028617382,6482.80326795578,789.933642297983,19398.1324328184,1040.48975646496,289.644385963678,3857.38177523017,21415.5058635473,3302.27633774281,1121.4904140234,1999.0080626905,454.162395000458,32.4374957084656,129.375271171331,318.245544731617,5558.73834821582
0,4.3791891336441,19.6097621619701,363.844898819923,30.0811662077904,43.8543958067894,469.193385750055,31.705905020237,584.530437678099,1446.96261554956,11.683126449585,1030.54469808936,1723.87270826101,11.7257834672928,150.663880318403,52.9681428074837,5.10722452402115,1.09542167186737,0,630.856666892767,33.0057116746902,43.0305673182011,90.3601730763912,1426.46871653199,2.88822877407074,18.5512391626835,128.672194361687,2713.80719900131,19.1523948907852,33.3633327484131,1.92591857910156,0,4.26723223924637,113.343780457973,71.4539330601692,1341.86836129427,36.4389494657516,294.580026358366,57.7563578486443,844.68886885047,236.810983508825,8.71542245149612,12233.188021183,937.947626173496,840.14523884654,2697.23497098684,0,5655.92252317071,188.138183176517,24.7566834688187,69.6297218203545,30.1991925537586,662.54365080595,6975.88085433841,4982.76317933202,994.368963927031,1143.56854480505,2530.7264071703,1851.67612475157,226.912565648556,3130.76844370365,2862.04774022102,383.610371172428,4497.61111035943,176.462261080742,25.6749804317951,30.7031576037407,12.6437351703644,505.018237262964,371.908159434795,152.287682294846,693.159247994423,2125.33318978548,20.039077848196,141.271561205387,527.072471112013,4682.46492487192,227.954785197973,105.803103029728,40.9020300805569,223.784066081047,8.31671118736267,112.409789681435,170.658941537142
0.72699499130249,0,28.6583266556263,87.6202229261398,3.84095811843872,11.0353428721428,356.520953416824,7.88295620679855,249.237168431282,263.829895913601,28.2577956318855,117.388479560614,133.749932587147,2.27260679006577,20.9885154664516,24.3469069302082,3.77551114559174,1.72449833154678,3.21729969978333,145.514364093542,45.1279244720936,26.0624874830246,53.0274927914143,855.278480142355,4.51514655351639,60.4340418577194,133.1687079072,1562.33320915699,7.10908138751984,17.4372172355652,4.77066218852997,0,3.95222902297974,28.01429438591,108.155809789896,499.855027318001,34.4443839788437,128.734041661024,16.5910169780254,304.617337167263,26.4209361672401,15.5690994262695,4471.33459305763,804.127904325724,1248.49761772156,1044.78885138035,5655.92252317071,0,424.547536015511,6.42670172452927,47.0305000245571,35.49611094594,156.277730941772,6692.21825686097,3473.00731673837,901.908153414726,505.418185383081,513.312831193209,1734.71446225047,471.771216183901,874.382824718952,5481.93516343832,208.907823383808,2072.29079589248,31.4981590211391,8.66147515177727,39.8036105036736,6.48152738809586,186.345822304487,51.1029985249043,47.085041731596,203.283031046391,544.205049604177,34.5048065781593,181.960662275553,478.160575985909,2735.91409572959,106.895310461521,43.5750343203545,108.069028139114,6181.79310929775,0.572251975536346,739.583864480257,457.835254907608
0,6.07870197296143,5.51787292957306,1.05446583032608,2.55845594406128,20.770687431097,36.9256091713905,37.1082662642002,26.4911032915115,50.6991521120071,702.288136541843,42.2654626965523,576.256006002426,21.0191646516323,1.30023670196533,6.40980452299118,0.540819406509399,6.21351704001427,1.03925716876984,8.38055929541588,14.7406333088875,14.6973722279072,7.72450736165047,32.4759023487568,79.6122997701168,16.3793048262596,35.3389619886875,54.8865635693073,66.9856831729412,9.53943738341331,13.8690706193447,9.7860232591629,0,216.299983531237,5.4062571823597,39.6471438705921,44.1954461038113,85.7860397994518,0.479558885097504,57.715049803257,15.4049888253212,565.054592549801,665.51728746295,413.36462315917,1993.50962236524,53.2804246842861,188.138183176517,424.547536015511,0,5.24417984485626,931.434971362352,2.53614142537117,12.8621792793274,2.88023671507835,25.8982699811459,64.9889870285988,57.103863209486,314.335791766644,123.720710933208,2113.32784882188,131.126601368189,4493.52878245711,46.523658901453,33.6607904732227,39.499587059021,7.72172063589096,64.7251892387867,1.34318506717682,22.491537719965,19.9223555624485,250.478394716978,50.3765296936035,308.876464813948,1523.9820958972,147.934966981411,168.200767934322,115.803356647491,41.715254098177,12.0502461493015,217.716781824827,59.8352112770081,2.94987106323242,855.906929284334,13.3609898090363
0,3.5840607881546,3.28679651021957,0,0,0,2.55481231212616,0.958758890628815,32.8752219676971,1.93991461396217,0,0,2.37564724683762,0,4.81331330537796,0.537768721580505,0,0.943639874458313,0,0.532089114189148,9.34382820129395,7.06958907842636,4.24488508701324,57.8283170759678,2.82870811223984,8.39419323205948,32.7018828988075,125.608337283134,0,0.997104406356812,0.923288643360138,0,0,3.02910661697388,0,53.1542336940765,6.4771254658699,6.77110406756401,0.607510626316071,6.64602792263031,0.530656635761261,0,72.5500030517578,5.37075620889664,468.006807386875,220.661904394627,24.7566834688187,6.42670172452927,5.24417984485626,0,14.468034774065,37.9309741854668,1.75119400024414,1.63739776611328,41.9459796845913,5755.68589612842,2638.63893568516,104.095030039549,82.8564142286777,169.951855689287,62.332270860672,24.8776452839375,14259.6099467874,6.39267891645432,2.70941722393036,184.66646745801,132.243137955666,240.55431997776,14.408284008503,27.1707171201706,23.3036187887192,132.4582208395,130.342700332403,6.5583444237709,273.55496942997,272.620327621698,462.833838939667,3166.36747857928,5785.44341877103,36.6224411725998,16.0728213191032,10.6094264984131,485.393320918083,10.0837370157242
2.68688452243805,967.684713542461,363.477515816689,7.62314260005951,1.42976516485214,0.934261620044708,11.511392056942,2.5737578868866,47.1626479029655,5.85248970985413,193.241194427013,3.2759091258049,429.015585571527,5.92167341709137,1.78315544128418,31.1253139972687,231.767971992493,97.3742687106133,136.987782537937,0.44926193356514,10.6935615837574,82.1763415336609,81.1939477920532,63.5455019176006,478.067057073116,1250.38076758385,5948.16162058711,17.8774708509445,24.34735044837,5.86443769931793,227.461163520813,1.00629007816315,0,109.218376964331,56.9557626247406,325.070136159658,476.015458971262,230.409068495035,19.3204721212387,3.67522662878036,0,22.3999722599983,2252.03820073605,802.320164740086,1549.70094069839,955.727967828512,69.6297218203545,47.0305000245571,931.434971362352,14.468034774065,0,1085.69561260939,2.27874362468719,19.1656767129898,5.95049768686295,124.076453715563,42.3176120221615,2038.62257620692,47.5377681851387,891.152210712433,25.6531277000904,1240.81229519844,94.5016332566738,170.369367182255,620.54613122344,1321.08984678984,241.671019822359,1319.21025487781,13.0132700800896,127.371958583593,2749.70807164907,269.024787634611,4341.76296362281,3629.18321534991,2306.64915508032,19442.7343562543,549.552311182022,98.5877945125103,284.588890582323,102.237951636314,21.0961108207703,12.1721490621567,800.231164842844,126.694968283176
3.8215816617012,134.615421205759,5937.50989335775,0,1.01864370703697,1.85823819041252,78.5573353767395,23.4024940431118,42.3428048491478,2.94899943470955,3.51980149745941,0,12.5817234516144,21.4861123859882,1.48910540342331,150.924521893263,729.751443356276,21.2537920773029,137.940866142511,0,90.2842504382133,487.489446640015,1285.95618882775,89.3428873121738,8.15640085935593,1346.08233180642,9239.1062899828,107.265963941813,47.1942818760872,32.1187473833561,3.09860628843307,1.88376927375793,0,306.512226223946,116.985494017601,1247.05295395851,438.36168307066,873.110568672419,113.224859833717,2.27906623482704,3.51746726036072,5.24380213022232,3124.85157063603,709.889858871698,2416.75768136978,1615.08760514855,30.1991925537586,35.49611094594,2.53614142537117,37.9309741854668,1085.69561260939,0,0,2.35698157548904,130.153633058071,3498.17456021905,1249.93765932322,21.716972053051,56.6992966234684,71.5444951057434,10.1381062865257,49.1283485889435,657.933608829975,2.52653160691261,114.051720708609,10890.365514487,150.186240941286,762.176729202271,1.7524790763855,3217.76433080435,243.968344449997,18249.4992651939,123.261713802814,52.727351129055,34264.8429094553,35188.4973172843,1075.52032780647,129.401924014091,1269.28046357632,6.05611291527748,1.63537913560867,11.5717702507973,563.132610708475,178.75610524416
0,0.767727553844452,0,2082.68385031819,14.4289919137955,17.5712282061577,45.4612396657467,3.08412525057793,567.841519147158,1529.59651553631,0,1424.71417081356,28.9239844083786,1.10977041721344,75.9492876827717,0,0,0,1.0459588766098,870.139884591103,0.621295511722565,0.64861398935318,0,207.425608128309,0,0.506457567214966,0,1025.54741200805,7.83036172389984,1.46171391010284,0,0,1.18172824382782,10.6891357898712,1.67686831951141,87.9224248826504,0.507846534252167,26.6953815817833,0.573322474956512,240.07719001174,10.7673761546612,1.94968089461327,243.058323532343,12.96668446064,266.314335495234,14.032578587532,662.54365080595,156.277730941772,12.8621792793274,1.75119400024414,2.27874362468719,0,0,120.039093494415,209.55825060606,29.1034532785416,217.135899186134,1296.58088836074,6977.3153373003,84.696884572506,9912.26258268952,75.0513671338558,112.125819891691,796.755950629711,0,3.42933997511864,33.0839886963367,6.45881354808807,36587.0903484821,0,2.81972378492355,2.6539254784584,1330.67684319615,2.18156242370605,60.166943192482,28.3833359777927,9739.87060901523,90.3988420665264,3.94166058301926,12.5303595662117,16.6826935708523,0,90.4402638673782,45.1354689002037
0,0,1.19741654396057,25.2189050316811,2.12477970123291,3.23591905832291,9.47380369901657,1.46683812141418,43.4407509863377,74.4321301281452,3.3533411026001,95.1048601269722,20.8614658117294,0.927497684955597,11.1590700149536,5.39718019962311,0,1.38947439193726,3.29951214790344,43.6921203732491,9.83919250965118,9.63627150654793,17.921324133873,45.1028672456741,1.49259006977081,2.35776507854462,23.7741279602051,81.4322331249714,1.75447928905487,3.24493664503098,0,0,0,0,134.846657574177,19.7371537089348,20.2955495119095,0.881375730037689,3.03737592697144,36.0284918546677,1.35067909955978,0,126.329989463091,15.4939676523209,69.3542861044407,36.1582761406898,6975.88085433841,6692.21825686097,2.88023671507835,1.63739776611328,19.1656767129898,2.35698157548904,120.039093494415,0,971.555967330933,161.472240805626,298.100667089224,249.643692106009,325.0702226758,35.2862940728664,524.980977594852,41.161092877388,44.2487670481205,3192.64574712515,15.8037002682686,0,3.86253988742828,1.75655227899551,90.5903916358948,41.7109513878822,37.5478166043758,67.3645003437996,659.535690367222,12.6292797625065,14.3860780000687,49.5232303440571,616.708986312151,26.776142925024,5.59390780329704,6.78040215373039,1678.11373984814,0.936134368181229,1798.53379669785,1167.60815501213
0,0.444965422153473,5.04464462399483,27.6809411346912,0.767951488494873,3.14076268672943,19.7641934752464,0.551928579807281,45.1292515993118,84.0185030996799,1.77702188491821,73.175133317709,40.3517322838306,0,6.76187637448311,1.62579917907715,0,0,0,33.7899369895458,0,6.9707151055336,4.03569665551186,90.4439579248428,1.30032932758331,2.99590367078781,9.66129195690155,133.206485182047,0,3.38291275501251,0.489053398370743,0,0,0.926916420459747,257.903220415115,21.6294328868389,3.02816998958588,5.96157667040825,1.86445423960686,38.086743503809,2.25825488567352,0,1050.20732164383,47.201648414135,750.719695955515,126.220614045858,4982.76317933202,3473.00731673837,25.8982699811459,41.9459796845913,5.95049768686295,130.153633058071,209.55825060606,971.555967330933,0,8620.73342564702,16612.5522883236,162.489558041096,38592.7484259605,295.730269193649,6289.25546357036,217.1535115242,881.579293161631,3087.15841662884,2.16554716229439,96.6660127341747,57.0827044844627,27.9066444933414,354.915483355522,31.5380693674088,13.0719221830368,236.019744038582,274.119398087263,10.0541665554047,267.032940924168,130.947015732527,9061.41503298283,560.002077251673,129.438841104507,60.3117699921131,367.727253198624,3.2196741104126,431.80819940567,7618.7511087358
0,19.7635976970196,167.559728056192,23.1941520571709,1.61520576477051,6.73335936665535,130.610149472952,11.5149862766266,115.850515633821,158.458682507277,9.37005293369293,50.739176094532,40.6172877848148,1.96255046129227,15.3182991743088,32.7297766208649,21.9934092760086,0.664347052574158,1.25565159320831,46.3482609689236,13.6794240176678,56.0589725673199,125.687184900045,309.945627778769,13.5353112220764,31.3245683610439,502.134103894234,446.989073723555,6.6275996863842,5.76675340533257,0.761932551860809,0,0,39.8329412639141,41.4322544932365,376.526007175446,18.0128688216209,92.9474309980869,24.6434688270092,105.134022563696,50.7172593772411,6.45908331871033,2818.10940429568,193.636635839939,6515.25183671713,1402.35363230109,994.368963927031,901.908153414726,64.9889870285988,5755.68589612842,124.076453715563,3498.17456021905,29.1034532785416,161.472240805626,8620.73342564702,0,25614.5497615635,185.06770798564,17471.6194834709,1513.35313391685,269.65546554327,560.435221731663,36665.9565975964,544.608678370714,24.9296455085278,3033.0479323566,927.956791609526,1757.0661803782,58.0187782943249,1719.5373236239,58.632416754961,9738.27852657437,949.795558601618,50.3334430158138,5196.96391546726,3223.2157920301,107105.731507748,5659.35889193416,14773.6930289865,342.024287700653,103.490885108709,101.059378564358,3759.37492457032,1174.54726132751
0,8.13783392310143,66.8841859996319,15.9292622208595,0,1.5693142414093,59.5898295044899,0,194.011237412691,34.2077181637287,9.88161623477936,34.7426133453846,122.669557183981,0,8.55143773555756,20.3409973978996,1.36486491560936,1.42978522181511,0,15.3381536900997,33.6789034307003,32.7986940741539,31.9430890977383,446.261181801558,8.25177067518234,4.68477812409401,183.54930716753,451.556160956621,1.11417317390442,15.1980958580971,6.9560432434082,0,0,2.03295961022377,6.51110064983368,84.7214905619621,10.5377669632435,22.7446987628937,1.0888414978981,98.3995954990387,1.67884933948517,0.554993808269501,2527.47737744451,161.334282279015,1925.77989456058,1079.38960668445,1143.56854480505,505.418185383081,57.103863209486,2638.63893568516,42.3176120221615,1249.93765932322,217.135899186134,298.100667089224,16612.5522883236,25614.5497615635,0,421.372000724077,9678.75289198756,872.372982233763,3398.52721449733,456.259325265884,16064.4381158948,482.200950145721,9.37033405900002,1326.71554684639,390.184897184372,739.706207752228,571.804769933224,308.079312711954,63.9930944740772,1624.44571107626,415.995037645102,21.2051697075367,1744.75092570484,994.013989776373,4234.19631978869,2396.49682873487,4777.36102002859,111.749203503132,1522.6575756669,7.88432031869888,1196.13853096962,156.319062799215
0,13.818219512701,14.9206212759018,597.546988278627,5.48415815830231,13.6193228065968,169.019490122795,24.9553568959236,2980.45809602737,691.909226357937,102.201730877161,319.434115707874,231.967104136944,32.1491397321224,74.0887967646122,135.859753102064,3.0041951239109,6.26568412780762,1.04898416996002,271.129659473896,126.733053386211,259.227045297623,111.049723535776,2102.83443331718,35.5108315050602,65.8173770308495,190.472886443138,2009.4706377089,20.307922154665,93.5006795823574,29.0845723450184,0,0.645040571689606,101.223932534456,112.871958494186,734.993909269571,65.2077992856503,91.5654384791851,23.352066218853,196.691468954086,65.0560746192932,23.8692497313023,2467.77896311879,218.406863689423,1358.2119127214,208.739350259304,2530.7264071703,513.312831193209,314.335791766644,104.095030039549,2038.62257620692,21.716972053051,1296.58088836074,249.643692106009,162.489558041096,185.06770798564,421.372000724077,0,639.587577134371,734.813397437334,1339.38012754917,725.302962213755,567.756358116865,1899.66398355365,23.5432311892509,48.9362441003323,86.9750193059444,154.218531727791,493.90674623847,16.3895756900311,8890.40260463953,93.7900503277779,32966.256665498,1677.58112552762,427.062683314085,4618.29780861735,10285.7282823324,1084.69092524052,554.476858615875,58.5011501312256,44.5624749362469,48.3082629144192,806.477470010519,1017.82494390011
0,3.94996166229248,1.35301718115807,617.612999647856,20.4056774973869,25.5035333633423,160.941897898912,6.29215455055237,495.901231944561,2704.46604308486,5.12957602739334,948.110107451677,118.425715684891,0,92.0146763324738,1.10761091113091,0,0,0,905.353045880795,1.75439870357513,4.96786552667618,4.48271709680557,470.542906790972,16.857312142849,0,17.1330542564392,1639.40288692713,1.34354281425476,5.24590992927551,0,0,1.93064361810684,11.9851841628551,107.073078274727,179.914030641317,3.3681423664093,70.4432418644428,2.32113689184189,454.276368230581,25.4097259044647,10.207235366106,4311.9917909801,299.355376273394,5258.00104379654,274.378171950579,1851.67612475157,1734.71446225047,123.720710933208,82.8564142286777,47.5377681851387,56.6992966234684,6977.3153373003,325.0702226758,38592.7484259605,17471.6194834709,9678.75289198756,639.587577134371,0,1853.60630744696,9584.93896347284,1172.14067205787,2675.739120543,1166.49666807055,5.6594303548336,71.1112717688084,540.088767290115,127.355597496033,11695.2287640572,23.0694758892059,9.11049446463585,149.095815271139,678.861689388752,55.760309189558,1965.07277223468,1067.01245763898,19858.7428259552,1649.49545228481,94.1512441039085,476.755759447813,237.685742020607,7.66418090462685,1788.17046332359,4572.20453253388
5.85905265808105,259.183561772108,70.0179445445538,2.28734892606735,3.63943684101105,30.1717867553234,44.3400285243988,56.6524895429611,179.395237892866,46.5486252605915,4428.14598208666,52.2900563776493,7845.44569554925,51.8393470942974,1.05813014507294,8.16124454140663,18.6294741332531,183.420622080564,23.7880133986473,3.32817947864532,5.33576509356499,300.253267616034,22.4545579850674,47.3535962104797,976.486897885799,1139.3788254559,1338.12907671928,12.4933233857155,203.575901150703,5.89212140440941,1579.14249393344,36.2145046591759,0,311.055282384157,16.1705225110054,88.3704571425915,217.674011111259,211.422358691692,5.41427049040794,35.2032315135002,25.0276830196381,410.790469408035,974.406950861216,1334.00670486689,2530.55461585522,316.390861600637,226.912565648556,471.771216183901,2113.32784882188,169.951855689287,891.152210712433,71.5444951057434,84.696884572506,35.2862940728664,295.730269193649,1513.35313391685,872.372982233763,734.813397437334,1853.60630744696,0,1641.79597684741,11819.5893886685,1976.0686441958,123.604848116636,69.2819602191448,415.428246796131,9751.69614514709,742.106688380241,304.883313536644,286.534975230694,442.872477561235,487.511346429586,619.781745374203,1094.73578307033,12677.315758422,4424.55065688491,1151.78765411675,2657.29319047928,658.365851461887,3011.43631267548,2153.62924528122,49.7640994787216,12406.6573832333,36.7310182452202
0,1.92681336402893,2.44304537773132,508.536415815353,23.20757573843,84.8890918493271,38.2965985834599,17.3872765302658,424.763600468636,1588.92822280526,41.0001795887947,2313.50554925203,135.868036001921,2.7238087952137,142.401201546192,0,0,2.44660630822182,0,656.956229269505,10.7357341051102,0,10.4208300709724,170.67339861393,17.8250277638435,13.1751784682274,30.3080987334251,645.832540005445,7.79201364517212,3.4279391169548,5.61107051372528,0.469441771507263,0,23.1183651685715,2109.47297090292,168.979431986809,10.6226841211319,28.6513296067715,1.05274415016174,434.318292945623,22.66878002882,12.9070065021515,2278.94929414988,195.035708248615,1897.61966329813,223.336897492409,3130.76844370365,874.382824718952,131.126601368189,62.332270860672,25.6531277000904,10.1381062865257,9912.26258268952,524.980977594852,6289.25546357036,269.65546554327,3398.52721449733,1339.38012754917,9584.93896347284,1641.79597684741,0,1071.08275854588,1800.54621297121,4719.60947194695,4.63300496339798,21.9017996788025,381.45005902648,41.3402183055878,31184.0146542788,11.8591457903385,1.94643449783325,24.6175978779793,781.860646784306,50.908074170351,1220.5193990469,559.902256965637,3837.49656885862,1142.08046123385,56.2759385406971,457.041663616896,180.33299818635,4.36579251289368,843.072467595339,8419.17512279749
6.47630935907364,454.733898133039,58.4858858585358,19.7210993468761,41.8736419081688,57.1850812733173,164.082570046186,267.917231321335,367.575429975986,190.720646977425,6912.49903506041,292.266438931227,15531.9843353331,113.850471943617,27.7479487061501,58.5516445636749,13.465914607048,213.49025696516,16.3322851657867,67.256771415472,146.034911721945,625.289533019066,130.486893922091,607.972938716412,2907.2351769805,1298.65085294843,2162.08548250794,896.459099113941,232.217219978571,138.589110165834,2960.85551932454,43.2565315961838,0.321819871664047,402.891676843166,165.257299244404,549.61896532774,344.54253539443,267.279828518629,30.4455673098564,1557.10867673159,190.874575704336,457.790583819151,3616.38849234581,1331.18446317315,7244.33047100902,1492.53972572088,2862.04774022102,5481.93516343832,4493.52878245711,24.8776452839375,1240.81229519844,49.1283485889435,75.0513671338558,41.161092877388,217.1535115242,560.435221731663,456.259325265884,725.302962213755,1172.14067205787,11819.5893886685,1071.08275854588,0,448.236868590117,204.886036455631,117.695401787758,30.2627360522747,144.508931964636,38.6203818023205,239.9416847229,91.7656097710133,420.209765970707,271.168244093657,833.482325226068,6393.06461504102,335.816728562117,3300.89483812451,1717.46230894327,425.563084155321,94.3506859242916,1070.08853918314,478.134155720472,4.23500654101372,4096.35148024559,516.911204695702
0,6.65962606668472,52.5165182054043,3.38589194417,0,0.775621294975281,45.4153352677822,0,227.529352962971,4.21778178215027,38.7672675251961,18.0179874897003,94.9164952039719,2.15905088186264,3.89460515975952,19.1819377243519,2.87138620018959,4.56204628944397,2.20170751214027,2.87097102403641,38.2637110054493,40.6713740229607,34.3909769654274,447.864474624395,14.7595547735691,43.0148203372955,152.367536872625,491.725465148687,3.05605393648148,8.99159362912178,8.14834970235825,1.21494269371033,0,8.31605988740921,6.76753705739975,95.6849481165409,10.8940646350384,22.4107078015804,0.657050788402557,57.8366250097752,4.32854282855988,13.2678238153458,1534.26363420486,101.270652323961,2198.78497767448,1195.65143874288,383.610371172428,208.907823383808,46.523658901453,14259.6099467874,94.5016332566738,657.933608829975,112.125819891691,44.2487670481205,881.579293161631,36665.9565975964,16064.4381158948,567.756358116865,2675.739120543,1976.0686441958,1800.54621297121,448.236868590117,0,191.428834229708,10.9739375412464,1516.84340897202,800.798152267933,1463.28959608078,318.274827688932,269.343689292669,83.7032597959042,1315.02227056026,575.136122107506,29.3495278060436,2156.08026143909,1331.42872843146,3078.55883827806,18968.4503285587,13807.7295534909,289.023114532232,157.421385884285,77.0111538469791,2485.25848415494,27.3527953922749
0.43964034318924,1.49330615997314,3.40760850906372,153.76029959321,12.670269370079,20.2169504165649,89.2299585044384,1.77724522352219,219.133597046137,426.492231309414,3.31250983476639,401.527042925358,98.0216284394264,1.34289705753326,62.3173857331276,23.2801698446274,1.16981193423271,0,0,209.541178911924,35.9546467363834,17.5875532627106,48.3206685781479,384.201081216335,2.44078147411346,3.93379819393158,30.7266793251038,702.479233503342,2.40328013896942,42.577790915966,0,0,0,9.99883413314819,357.992533922195,266.564759612083,10.3201606869698,38.0067420899868,6.24121069908142,210.412348330021,25.9482085108757,1.28771364688873,459.915799856186,64.4241113960743,352.201378375292,68.1654662787914,4497.61111035943,2072.29079589248,33.6607904732227,6.39267891645432,170.369367182255,2.52653160691261,796.755950629711,3192.64574712515,3087.15841662884,544.608678370714,482.200950145721,1899.66398355365,1166.49666807055,123.604848116636,4719.60947194695,204.886036455631,191.428834229708,0,74.3159155249596,7.69547802209854,15.3408634066582,15.7878383398056,404.816192567348,209.640995740891,354.617094993591,152.707629650831,4379.97405996919,136.854965537786,97.1030564010143,563.797365397215,3576.34360080957,164.1853903234,93.1482604146004,29.0225036144257,22.7642869353294,6.67441368103027,115.002728134394,2899.13636493683
0,33.4987576305866,153.508346378803,0,0,0.337437272071838,75.4505172371864,4.26976999640465,28.10621753335,3.41830599308014,8.54380002617836,5.35503560304642,23.8079607188702,1.65092533826828,15.0944635868073,6569.78157770634,86.6968767046928,3.65697309374809,8.46803441643715,0,817.479625344276,2437.29659575224,5572.74890813231,581.815247118473,8.37248376011848,75.9973680078983,3162.27253630757,881.97789695859,3.56725507974625,420.978102296591,1.63215708732605,0.423432469367981,0.351319342851639,111.922593265772,182.65974226594,1695.08298495412,404.020172655582,564.007612615824,207.485827207565,18.0330633819103,8.78227582573891,5.48430418968201,11188.0378631353,2065.83317133784,2205.09524384141,3590.24453404546,176.462261080742,31.4981590211391,39.499587059021,2.70941722393036,620.54613122344,114.051720708609,0,15.8037002682686,2.16554716229439,24.9296455085278,9.37033405900002,23.5432311892509,5.6594303548336,69.2819602191448,4.63300496339798,117.695401787758,10.9739375412464,74.3159155249596,0,389.062174499035,23.236832767725,194.459553569555,0,4852.08655944467,16390.5849529803,6484.88849139214,14774.2574633062,210.451756507158,328.519838422537,7714.25697436929,3016.81550467014,14.3091113865376,783.778547137976,10.7628272175789,0.733313977718353,1.83737534284592,252.942570269108,1567.66172456741
0.543875694274902,176.76252579689,2382.35100790858,0,0.719261109828949,0.469818860292435,16.5948258340359,1.19880312681198,39.2278631031513,0,9.71351063251495,0,17.1683004200459,2.83465301990509,0,104.771939724684,493.667232245207,25.6270461082458,170.892976850271,0,43.0546210706234,257.463287651539,464.616851091385,52.317164003849,18.8673917651176,1384.53427624702,5873.62897309661,79.7520105838776,16.8841516971588,10.3650894165039,12.5195382833481,6.3342057466507,0.942989706993103,181.48704084754,14.8637040257454,629.417562544346,361.212585419416,446.973794281483,69.1389055252075,2.57351189851761,1.73771673440933,5.01468694210052,753.068429231644,161.388148367405,974.652664989233,591.449707955122,25.6749804317951,8.66147515177727,7.72172063589096,184.66646745801,1321.08984678984,10890.365514487,3.42933997511864,0,96.6660127341747,3033.0479323566,1326.71554684639,48.9362441003323,71.1112717688084,415.428246796131,21.9017996788025,30.2627360522747,1516.84340897202,7.69547802209854,389.062174499035,0,1547.34114435315,8197.52138715982,8.16779825091362,4371.11958238482,309.522768944502,23236.5055891275,560.059720337391,80.8914901614189,7172.72713941336,35273.3614565134,2219.09865653515,740.37444844842,11442.8405129313,5.56419718265533,1.2948160469532,34.0066308379173,4131.65041548014,26.4229558110237
0,37.7356998622417,47.9667433798313,0,1.30552554130554,0,0,2.30709463357925,34.9488825201988,0,521.90111976862,2.14896941184998,830.523576140404,4.63732859492302,1.70138275623322,2.16846844553947,27.4179368019104,1070.24024271965,229.810248494148,0,0.509890079498291,42.9065272808075,12.5878552794456,4.02409648895264,682.674573719501,5333.48454171419,3772.17678722739,1.59588593244553,16.4709265530109,0,1427.76179364324,1.78928923606873,1.02212011814117,82.9379579424858,21.6927356123924,184.999076336622,964.456591188908,198.296982318163,7.71558463573456,2.24676126241684,0,10.9113522768021,937.882504403591,541.736885309219,2552.2945561409,827.879218995571,30.7031576037407,39.8036105036736,64.7251892387867,132.243137955666,241.671019822359,150.186240941286,33.0839886963367,3.86253988742828,57.0827044844627,927.956791609526,390.184897184372,86.9750193059444,540.088767290115,9751.69614514709,381.45005902648,144.508931964636,800.798152267933,15.3408634066582,23.236832767725,1547.34114435315,0,8072.35854592919,93.9246699213982,409.293239086866,32.2959407269955,953.403243154287,143.036063969135,892.941731154919,11444.9436149001,8702.99766683578,470.136781543493,848.943074315786,2153.00839367509,457.775628685951,91.4036226570606,57.6631598174572,2014.58377999067,45.9535973668098
0.836558938026428,261.261861741543,596.830137252808,0,0.698063552379608,0.763847529888153,3.48431870341301,0.870467215776443,29.5316040217876,0,28.0787823200226,0,125.76741707325,3.46340450644493,0,18.9169680178165,369.772094100714,118.408029705286,560.753666758537,0,28.7369117438793,65.7564997375011,156.735437989235,21.5559523701668,147.589880168438,4508.92333593965,8080.14847370982,18.6921555399895,30.6311321258545,5.34128057956696,76.15039524436,0,1.87406229972839,168.274775862694,5.56244516372681,675.740426212549,1122.08502677083,429.43902015686,37.4512321949005,0,0.572683691978455,1.62272745370865,514.15328168869,304.176416933537,1120.20523044467,398.031266093254,12.6437351703644,6.48152738809586,1.34318506717682,240.55431997776,1319.21025487781,762.176729202271,6.45881354808807,1.75655227899551,27.9066444933414,1757.0661803782,739.706207752228,154.218531727791,127.355597496033,742.106688380241,41.3402183055878,38.6203818023205,1463.28959608078,15.7878383398056,194.459553569555,8197.52138715982,8072.35854592919,0,14.6460167765617,1420.50545907021,79.3679438233376,2311.50064238906,270.581879675388,130.669534444809,27247.1366495788,19796.9178579152,1049.66311848164,1380.20247912407,10188.7735618651,46.6640895009041,1.68022131919861,77.483375787735,1725.53442642093,23.8347555994987
0,0.648660659790039,0,683.527694195509,4.23888826370239,7.47848457098007,52.6802792549133,10.4877598881721,280.404373556376,1416.54877313972,4.0157051384449,1068.96036037803,58.7675208449364,0,58.7326780259609,0,0,0,0,424.261726677418,1.88271743059158,0,0,201.091879010201,1.08615815639496,0,4.34668067097664,813.502332359552,1.81199049949646,0,0,0,0,16.6651939749718,0.660266697406769,157.62224894762,1.19153237342834,26.2350125908852,3.49300119280815,211.25088980794,22.07804697752,3.74718242883682,692.657919585705,60.972368657589,386.853086143732,45.8055028617382,505.018237262964,186.345822304487,22.491537719965,14.408284008503,13.0132700800896,1.7524790763855,36587.0903484821,90.5903916358948,354.915483355522,58.0187782943249,571.804769933224,493.90674623847,11695.2287640572,304.883313536644,31184.0146542788,239.9416847229,318.274827688932,404.816192567348,0,8.16779825091362,93.9246699213982,14.6460167765617,0,0,2.96470248699188,9.50222933292389,1592.41807299852,7.14762157201767,269.128485381603,164.303748369217,5034.48732548952,269.619456201792,13.6461139321327,83.8684111237526,40.070159047842,0,170.767185211182,20.0942174196243
0,15.6347334682941,130.658877551556,0,0,0,11.6714541316032,4.28472775220871,17.6117095649242,2.04690045118332,1.43768227100372,1.37696075439453,18.8031645715237,1.22091880440712,1.79690188169479,792.957424193621,19.9867173135281,2.06604194641113,5.79336366057396,0.397201716899872,489.781924784184,313.897553622723,754.81554210186,254.820911616087,3.25976976752281,67.9685465693474,595.929781228304,627.03517472744,0,226.958270400763,0.397625952959061,0,0,18.5553497374058,155.549010008574,421.53269341588,52.5105012357235,56.4478066563606,7.83102467656136,12.7537202835083,7.29298412799835,3.01383942365646,6178.78905132413,459.308718115091,8214.07401928306,6482.80326795578,371.908159434795,51.1029985249043,19.9223555624485,27.1707171201706,127.371958583593,3217.76433080435,0,41.7109513878822,31.5380693674088,1719.5373236239,308.079312711954,16.3895756900311,23.0694758892059,286.534975230694,11.8591457903385,91.7656097710133,269.343689292669,209.640995740891,4852.08655944467,4371.11958238482,409.293239086866,1420.50545907021,0,0,478.475956320763,64962.193192482,910.396775186062,23.4650686979294,1486.8256624639,2499.48143470287,7010.13677936792,284.980865985155,28892.8211565465,24.8326981812716,1.49691796302795,65.8694022893906,5411.33480834961,2658.59057372808
0,45.2881127595901,133.769769281149,37.5005422532558,0.656230688095093,0.400337904691696,23.0253670811653,5.62761962413788,82.3708120882511,9.07208114862442,78.4044413268566,2.26287037134171,187.931848555803,1.8093184530735,1.80606460571289,1393.85060536861,61.045874029398,3.89503079652786,7.76777935028076,0.912402033805847,260.32531568408,1145.61539235711,770.714391976595,430.966904968023,24.0049646496773,104.721799492836,1337.81291639805,425.023045659065,11.9470421671867,126.200592249632,49.2090808153152,1.10356509685516,0.547594130039215,47.6002604067326,83.9409953951836,472.732642918825,93.4525586366653,164.119944244623,48.6263680160046,8.28020000457764,9.11417862772942,11.0159749984741,2901.12270438671,475.087690621614,762.963661938906,789.933642297983,152.287682294846,47.085041731596,250.478394716978,23.3036187887192,2749.70807164907,243.968344449997,2.81972378492355,37.5478166043758,13.0719221830368,58.632416754961,63.9930944740772,8890.40260463953,9.11049446463585,442.872477561235,1.94643449783325,420.209765970707,83.7032597959042,354.617094993591,16390.5849529803,309.522768944502,32.2959407269955,79.3679438233376,2.96470248699188,478.475956320763,0,2238.38454720378,20783.6302975714,1481.64885747433,192.458266168833,7889.63013952971,1690.66827794909,126.121035069227,466.5833992064,17.9910609126091,11.0116294026375,8.49514964222908,369.880063802004,411.577148318291
3.51073890924454,46.6604561805725,1720.08695870638,1.08144479990005,4.93067708611488,3.85587298870087,204.353189229965,7.48485606908798,55.5523909330368,5.73266404867172,11.1537702381611,3.2840182185173,28.1083020567894,9.23108226060867,9.50599506497383,5266.66227895021,276.025472968817,8.42994937300682,34.6139126718044,0.509028673171997,700.957169502974,3139.53389629722,9125.90747782588,478.125103920698,15.2390212416649,281.346389532089,12145.2182557881,988.682611882687,24.8129877746105,359.452845841646,0.822663187980652,2.0995534658432,3.72051471471786,382.426505327225,523.041013032198,3194.02695634961,714.674919307232,1773.62356323004,488.336719036102,21.1712036430836,23.225778222084,12.6433795690536,26295.9939723015,3356.4973474443,15952.2619705498,19398.1324328184,693.159247994423,203.283031046391,50.3765296936035,132.4582208395,269.024787634611,18249.4992651939,2.6539254784584,67.3645003437996,236.019744038582,9738.27852657437,1624.44571107626,93.7900503277779,149.095815271139,487.511346429586,24.6175978779793,271.168244093657,1315.02227056026,152.707629650831,6484.88849139214,23236.5055891275,953.403243154287,2311.50064238906,9.50222933292389,64962.193192482,2238.38454720378,0,3043.50126168132,55.2748756408691,10888.8715626895,28475.0884692222,19097.3805455565,867.300171136856,12175.854457736,71.8882610499859,6.89192834496498,104.678692698479,7380.8944195509,4879.69750988483
1.21477556228638,34.5264278948307,244.431805342436,964.468421459198,19.8361077308655,47.8254272639751,873.158860206604,111.55155262351,3100.55050712824,2614.57927846909,68.5674136579037,647.885068595409,283.480333417654,60.7655690610409,160.02523869276,1333.51644799113,62.7254089415073,7.60020339488983,8.03722432255745,821.066500812769,1058.70808508992,1091.87598106265,1081.43282875419,5807.9241361618,40.7179800570011,113.131015062332,1358.11897572875,7447.4702398777,90.3825106620789,510.792867749929,8.29081046581268,3.75675427913666,3.51945576071739,407.498277842999,275.353860646486,3761.35708892345,199.514843702316,607.904624670744,132.683737695217,814.692165464163,450.547327905893,63.2405573427677,6612.29160121083,616.73039740324,2287.66167959571,1040.48975646496,2125.33318978548,544.205049604177,308.876464813948,130.342700332403,4341.76296362281,123.261713802814,1330.67684319615,659.535690367222,274.119398087263,949.795558601618,415.995037645102,32966.256665498,678.861689388752,619.781745374203,781.860646784306,833.482325226068,575.136122107506,4379.97405996919,14774.2574633062,560.059720337391,143.036063969135,270.581879675388,1592.41807299852,910.396775186062,20783.6302975714,3043.50126168132,0,2290.40000033379,760.693880736828,13206.4688710272,19986.3474895358,1317.98604094982,2103.08407080173,31.3191459178925,42.1251645386219,132.832949340343,1022.62778840959,2128.76437449455
0,172.251144886017,22.3719067871571,5.67929124832153,0,0,3.21699589490891,5.30857700109482,79.9657630622387,12.8564847707748,722.669587433338,13.3027590215206,3416.29399067163,4.61888688802719,0,7.53304600715637,14.2042051255703,291.267829179764,57.935788244009,1.41706547141075,3.04000091552734,139.804500311613,5.30343025922775,66.2972100973129,3763.03042298555,2079.11575031281,2846.44337654114,2.65252643823624,23.1990872323513,0.700863301753998,1182.17961013317,4.46054476499557,0,55.8491124808788,16.1269719600677,79.2351427078247,489.4054864645,132.622068881989,5.11749464273453,1.90777936577797,3.17363214492798,30.513983309269,567.6566144526,450.024738609791,608.917852163315,289.644385963678,20.039077848196,34.5048065781593,1523.9820958972,6.5583444237709,3629.18321534991,52.727351129055,2.18156242370605,12.6292797625065,10.0541665554047,50.3334430158138,21.2051697075367,1677.58112552762,55.760309189558,1094.73578307033,50.908074170351,6393.06461504102,29.3495278060436,136.854965537786,210.451756507158,80.8914901614189,892.941731154919,130.669534444809,7.14762157201767,23.4650686979294,1481.64885747433,55.2748756408691,2290.40000033379,0,773.44271633029,8213.23000246286,259.306708604097,39.7396468520164,47.2090954482555,295.326678305864,25.9735586643219,0.870715945959091,571.010806947947,29.3395176827908
1.85464009642601,482.885901153088,1679.01498505473,0,2.42687702178955,4.02929785847664,14.1468337476254,3.97581887245178,133.603191256523,9.659115254879,613.275359481573,8.00140911340714,1274.3248514533,10.3152258396149,2.23800200223923,51.7584864497185,819.478977531195,1178.62276184559,1011.48669469357,0,38.8892336785793,176.32491979003,316.571499153972,37.8436458706856,1226.18049734831,12395.2220013738,17809.5845274925,37.2699767351151,71.6188051402569,18.5277827084064,1636.16191080213,7.47136840224266,1.43514984846115,417.786501646042,138.376376986504,1408.15516895056,2979.22370371222,981.418983399868,97.2637494206429,3.00041192770004,3.10221064090729,24.2339136600494,6495.35674107075,3888.16299241781,8303.56249389052,3857.38177523017,141.271561205387,181.960662275553,147.934966981411,273.55496942997,2306.64915508032,34264.8429094553,60.166943192482,14.3860780000687,267.032940924168,5196.96391546726,1744.75092570484,427.062683314085,1965.07277223468,12677.315758422,1220.5193990469,335.816728562117,2156.08026143909,97.1030564010143,328.519838422537,7172.72713941336,11444.9436149001,27247.1366495788,269.128485381603,1486.8256624639,192.458266168833,10888.8715626895,760.693880736828,773.44271633029,0,57507.5424798131,2089.71401113272,1605.25002986193,5510.74827325344,635.075234591961,390.998819708824,107.865772098303,3350.52331128716,291.398542463779
27.7167385518551,1690.84803959727,13216.1300860047,9.13321110606194,15.7457419931889,15.9955152869225,306.016840815544,74.4762285649776,367.152711570263,14.6275342106819,1567.2352167964,3.32775396108627,4908.54855513573,92.2494493126869,12.421696126461,1397.19848537445,3102.91389527917,2086.10919305682,1708.90680918097,0,494.47437608242,4924.29493829608,5996.87947753072,550.131351172924,4596.27631899714,20996.4261226058,58907.6309739351,566.711212158203,248.079796016216,214.425597280264,4183.61172929406,15.2629928290844,8.69881042838097,1643.77380007505,1038.4253706038,6130.20158842206,6106.8520488441,4266.65989211202,527.221773296595,15.4983089864254,33.2390886843204,63.6288496553898,36005.2541290224,9738.23892506957,24638.0116995126,21415.5058635473,527.072471112013,478.160575985909,168.200767934322,272.620327621698,19442.7343562543,35188.4973172843,28.3833359777927,49.5232303440571,130.947015732527,3223.2157920301,994.013989776373,4618.29780861735,1067.01245763898,4424.55065688491,559.902256965637,3300.89483812451,1331.42872843146,563.797365397215,7714.25697436929,35273.3614565134,8702.99766683578,19796.9178579152,164.303748369217,2499.48143470287,7889.63013952971,28475.0884692222,13206.4688710272,8213.23000246286,57507.5424798131,0,5576.18910400569,1422.53505963087,5373.58808095753,2919.45701271296,127.094946026802,256.186852872372,6310.08722260594,2759.78765311837
0,18.3067198693752,157.930596321821,1810.40789481997,54.0647111535072,92.9819742739201,1714.48613798618,170.898943513632,4051.57068300247,6588.10598680377,18.7957446277142,2172.3113078773,453.342452168465,40.1185098588467,377.764255404472,654.888970673084,13.4693144261837,0,3.47135376930237,2186.05594453216,1013.88414290547,409.736256599426,638.743197053671,7691.98212572932,11.8485713899136,25.1777236759663,474.514599025249,13031.2758566737,129.654969394207,678.494298577309,0,2.04870367050171,15.1636127233505,728.446928858757,569.918585240841,6565.26995563507,199.911947786808,1127.32364416122,218.294986575842,2036.03887704015,824.239880234003,60.0093438625336,14620.3439409435,784.242395102978,14362.6084186733,3302.27633774281,4682.46492487192,2735.91409572959,115.803356647491,462.833838939667,549.552311182022,1075.52032780647,9739.87060901523,616.708986312151,9061.41503298283,107105.731507748,4234.19631978869,10285.7282823324,19858.7428259552,1151.78765411675,3837.49656885862,1717.46230894327,3078.55883827806,3576.34360080957,3016.81550467014,2219.09865653515,470.136781543493,1049.66311848164,5034.48732548952,7010.13677936792,1690.66827794909,19097.3805455565,19986.3474895358,259.306708604097,2089.71401113272,5576.18910400569,0,7634.47295475006,38686.5940190256,180.564025133848,245.106483072042,891.887648463249,6603.46931068599,7538.59124654531
0,7.34068384766579,23.2156236767769,12.344181984663,0,1.33964264392853,58.6715127825737,0.676311433315277,311.704542815685,28.7954348921776,30.1986101865768,22.3977059721947,78.8270631730556,1.39923179149628,5.81121870875359,40.4387135803699,4.48696285486221,6.72206425666809,3.10177567601204,7.18856355547905,84.8601356744766,46.4673421978951,27.9438333809376,651.985164761543,10.7997764348984,61.7815178632736,155.677750200033,961.51879119873,2.34780168533325,20.6644171476364,7.19614785909653,0.671431958675385,0.575365662574768,23.0438383221626,12.8420547246933,298.843842059374,23.423843562603,32.2621728181839,11.1461550593376,87.3509690463543,16.6228065490723,11.5114561319351,677.917646557093,57.3205018341541,3553.09984326363,1121.4904140234,227.954785197973,106.895310461521,41.715254098177,3166.36747857928,98.5877945125103,129.401924014091,90.3988420665264,26.776142925024,560.002077251673,5659.35889193416,2396.49682873487,1084.69092524052,1649.49545228481,2657.29319047928,1142.08046123385,425.563084155321,18968.4503285587,164.1853903234,14.3091113865376,740.37444844842,848.943074315786,1380.20247912407,269.619456201792,284.980865985155,126.121035069227,867.300171136856,1317.98604094982,39.7396468520164,1605.25002986193,1422.53505963087,7634.47295475006,0,12810.1823628247,370.866156935692,2152.59336450696,3644.05424258113,8456.89394280314,65.5558072328568
0,35.955024689436,259.558318555355,1.44888257980347,0,0,13.2928688526154,0.764600574970245,218.378525108099,6.32178518176079,3.69351863861084,0.998030304908752,33.8823635876179,0.803740799427032,13.8087082505226,310.431968688965,53.6289900243282,1.40467467904091,12.0661261677742,4.66963163018227,541.100344210863,265.832609683275,328.868421316147,643.580748975277,13.6646740138531,224.958734422922,1028.33847895265,1715.6883405447,1.19722402095795,107.021091967821,1.40014457702637,0,0.7097487449646,20.1024569272995,50.6346721053123,611.450551241636,78.9055292606354,87.0729439258575,17.8096207678318,34.2720574736595,9.77087354660034,0,619.60301604867,64.2770329415798,6225.37442901731,1999.0080626905,105.803103029728,43.5750343203545,12.0502461493015,5785.44341877103,284.588890582323,1269.28046357632,3.94166058301926,5.59390780329704,129.438841104507,14773.6930289865,4777.36102002859,554.476858615875,94.1512441039085,658.365851461887,56.2759385406971,94.3506859242916,13807.7295534909,93.1482604146004,783.778547137976,11442.8405129313,2153.00839367509,10188.7735618651,13.6461139321327,28892.8211565465,466.5833992064,12175.854457736,2103.08407080173,47.2090954482555,5510.74827325344,5373.58808095753,38686.5940190256,12810.1823628247,0,58.5731778740883,18.5206288695335,2252.12543788552,14016.1478934288,631.420311182737
0,193.584458440542,4.48920550942421,0.476365864276886,0,2.36907538771629,0.977745980024338,13.830845952034,71.2454966306686,4.49703508615494,1698.50530168414,2.88489925861359,3904.95623883605,5.50091591477394,0,2.09345453977585,0.510717213153839,475.911430209875,23.2656547129154,0,0,248.477488011122,1.10406649112701,14.1528720855713,1243.34645017982,2604.99277436733,1435.17578795552,0.779349535703659,34.7773278951645,0,2636.37108066678,6.92880243062973,0,62.9799737632275,14.5771362185478,51.429298132658,296.634052783251,97.9362867474556,0.565480709075928,2.95232158899307,1.91603100299835,46.5285260379314,664.12792250514,689.399205565453,1075.14230021834,454.162395000458,40.9020300805569,108.069028139114,217.716781824827,36.6224411725998,102.237951636314,6.05611291527748,12.5303595662117,6.78040215373039,60.3117699921131,342.024287700653,111.749203503132,58.5011501312256,476.755759447813,3011.43631267548,457.041663616896,1070.08853918314,289.023114532232,29.0225036144257,10.7628272175789,5.56419718265533,457.775628685951,46.6640895009041,83.8684111237526,24.8326981812716,17.9910609126091,71.8882610499859,31.3191459178925,295.326678305864,635.075234591961,2919.45701271296,180.564025133848,370.866156935692,58.5731778740883,0,311.533898055553,6.20872569084167,567.393250674009,32.5704151391983
0,2.26438069343567,0,0,0,1.0840744972229,2.75729250907898,0,17.9204095900059,0.642492890357971,46.1724190115929,2.76593363285065,74.9204137325287,0,0,0,0,1.85853958129883,0,0,0,0.50082665681839,0,29.6883652508259,9.02863097190857,18.8114889860153,6.33217936754227,7.7655830681324,0,0.769389033317566,5.77635610103607,0,0,0.824786961078644,0.948181986808777,3.60150319337845,1.72450530529022,2.36205565929413,0,8.66272741556168,0,11.501113653183,694.256306797266,34.7628171145916,421.699603915215,32.4374957084656,223.784066081047,6181.79310929775,59.8352112770081,16.0728213191032,21.0961108207703,1.63537913560867,16.6826935708523,1678.11373984814,367.727253198624,103.490885108709,1522.6575756669,44.5624749362469,237.685742020607,2153.62924528122,180.33299818635,478.134155720472,157.421385884285,22.7642869353294,0.733313977718353,1.2948160469532,91.4036226570606,1.68022131919861,40.070159047842,1.49691796302795,11.0116294026375,6.89192834496498,42.1251645386219,25.9735586643219,390.998819708824,127.094946026802,245.106483072042,2152.59336450696,18.5206288695335,311.533898055553,0,1.60156238079071,5350.3571524024,20.1365113556385
0,0,7.76492202281952,1.06627109646797,0,0,3.49726575613022,0.534958124160767,14.1058789491653,1.53885608911514,0,0,3.02525866031647,0,1.03198313713074,0,0.793941557407379,0,0.594935357570648,0.524688184261322,0.51399552822113,3.52474948763847,3.12659803032875,25.9573328197002,1.6198924779892,10.4057339429855,30.6919206976891,40.3276135921478,0,3.16717475652695,1.35616075992584,0,0,0,2.12093687057495,18.2805739939213,3.41139021515846,4.90586566925049,0,2.77221220731735,0,0.386047840118408,8.726328343153,1.34378373622894,891.196359068155,129.375271171331,8.31671118736267,0.572251975536346,2.94987106323242,10.6094264984131,12.1721490621567,11.5717702507973,0,0.936134368181229,3.2196741104126,101.059378564358,7.88432031869888,48.3082629144192,7.66418090462685,49.7640994787216,4.36579251289368,4.23500654101372,77.0111538469791,6.67441368103027,1.83737534284592,34.0066308379173,57.6631598174572,77.483375787735,0,65.8694022893906,8.49514964222908,104.678692698479,132.832949340343,0.870715945959091,107.865772098303,256.186852872372,891.887648463249,3644.05424258113,2252.12543788552,6.20872569084167,1.60156238079071,0,2388.04318517447,12.3940200209618
0.563592433929443,34.4961815774441,480.063009589911,18.3892188668251,1.17041164636612,3.11980104446411,115.789486855268,11.3864402770996,144.915772527456,84.2131567895412,552.679291427135,42.6074344217777,563.964198112488,11.9752566218376,5.82073760032654,57.937885671854,71.4649112522602,66.7004581987858,47.575598269701,25.6659868657589,52.0527851879597,113.497088491917,216.072840601206,428.011029183865,143.794514685869,594.358568131924,1444.95715615153,612.143467098475,44.0571472346783,18.9353534281254,62.1970300674438,3.62887096405029,0,144.490662574768,4.95761573314667,356.533789217472,174.78984478116,161.106064587831,15.3694049119949,84.1935946643353,25.0222096443176,168.144711375237,489.680019110441,110.250991329551,1475.72167205811,318.245544731617,112.409789681435,739.583864480257,855.906929284334,485.393320918083,800.231164842844,563.132610708475,90.4402638673782,1798.53379669785,431.80819940567,3759.37492457032,1196.13853096962,806.477470010519,1788.17046332359,12406.6573832333,843.072467595339,4096.35148024559,2485.25848415494,115.002728134394,252.942570269108,4131.65041548014,2014.58377999067,1725.53442642093,170.767185211182,5411.33480834961,369.880063802004,7380.8944195509,1022.62778840959,571.010806947947,3350.52331128716,6310.08722260594,6603.46931068599,8456.89394280314,14016.1478934288,567.393250674009,5350.3571524024,2388.04318517447,0,44.8051376342773
0.571816563606262,30.9883360862732,301.217518597841,28.1881957054138,448.495412498713,252.625851243734,276.848474949598,12.8585352897644,376.365020751953,165.984089910984,28.2930572628975,565.279140293598,37.4280641973019,5.50617364048958,1125.26478984952,356.790470123291,78.177184343338,38.1601638197899,48.5906398892403,11.3676364123821,966.553162962198,296.001232713461,2252.00485655665,525.753356426954,9.89514189958572,280.22667658329,2385.4578564167,1436.18212518096,5.7128501534462,458.358239084482,19.9583836495876,0,2.15528863668442,192.787135899067,304835.748733222,1524.96417051554,2242.60783946514,321.534958064556,195.429745465517,72.7029080986977,37.8293133378029,40.8170251846313,12309.1886066794,2158.67916104198,1259.31799775362,5558.73834821582,170.658941537142,457.835254907608,13.3609898090363,10.0837370157242,126.694968283176,178.75610524416,45.1354689002037,1167.60815501213,7618.7511087358,1174.54726132751,156.319062799215,1017.82494390011,4572.20453253388,36.7310182452202,8419.17512279749,516.911204695702,27.3527953922749,2899.13636493683,1567.66172456741,26.4229558110237,45.9535973668098,23.8347555994987,20.0942174196243,2658.59057372808,411.577148318291,4879.69750988483,2128.76437449455,29.3395176827908,291.398542463779,2759.78765311837,7538.59124654531,65.5558072328568,631.420311182737,32.5704151391983,20.1365113556385,12.3940200209618,44.8051376342773,0
