0,9.41492249107363e-05,0.0506650395542121,0.00419560039212942,0,0.00391112476705312,0.664106310383599,0.0383266072550475,0.00097452024704218,0.016797165564816,0.00200697695591926,0.00438369472837686,0.000472963009228706,0.60938495722636,0.000982951896135804,0.000393883950977326,0.0296937391166925,0.00137807994689226,0.00533851473868132,0.00222287452159524,0.0244487814130568,0.000158162732691765,0.127690251464746,0.00539608603395939,0,0.00679368798284769,0.015545000746522,0.0540635674934578,1.36467048453429,1.50771848229455,0,0.00029230833990097,0.0048716227808547,0.0257055849204826,0.00273877798301697,0.0059735250383234,0.000973446166055203,0.0141701805139089,0.00575821242289781,0.000837525083699229,0.000613776437051296,0,0.000661732715599537,0,2.73468064498901e-05,0,0.00062722924062252,0,0,0,4.70532609558106e-05,0.0003716962602067,0.000290729663944244,0,4.47037897968292e-05,0.000438547573428154,2.95692587256432e-05,0.000126062866151333,0.000149858039631843,0,0.000205018121681214,0,0,0,0.000394746851069927,0,0,0,0.000241235700330734,0.000118856134729385,9.49816646575928e-05,0.000318436851718426,0.00124913115207196,0,0,0.00339139823966503,0.00131342604583025,0,4.64604599332809e-05,0,0,0,7.30204207134245e-05,0.000164693430819511
9.41492249107363e-05,0,0.00717167887837887,0.00230039692614555,0.00156933952591896,0.000678903436803818,0.00102340504708529,0.000332837629795074,0.182029378290689,0.000210223633310795,0.0684971472945929,0.00247562702075243,0.108251212319648,0.000721085213999748,0.00809301430631164,0.0879913881779694,0.0121008331555939,0.000433101991796494,0.00346970053634405,8.74272215080263e-05,0.00889183431181671,0.286504013156462,0.0110950915612936,0.196867224447856,0.251585039209535,0.0134465437805414,1.8767883547787,0.00862803948654414,0.000458644104573726,0.000312320940928459,0.00141209875453234,3.70723538160324e-05,0,0.00982941870770216,0.00107274679132462,0.0188047661938763,0.0164154232246828,0.0178694594494843,0.00476377576710462,0.0135024090298891,8.90517299366e-05,0.0430147086080932,0.00752849842925547,0.00848389672234293,0.00328518423636675,0.00422370590283394,0.00103628877424478,0,0.0118627565409565,2.93410824537277e-05,0.176971821491525,0.00578788208048344,0.000229401703219413,0,0,0.000641921720666885,7.65061245346066e-05,0.00491492351359606,0.000125533278744221,0.00930975911288741,0.000276485548052788,0.0153529980390859,0.000319579549212456,0.000485459483642578,0.00950455784600257,0.00489008688019752,0.0014036937904787,0.00154366979827165,0,0.000742874055204392,0.0127273979424047,0.00450549430342198,0.0045038967769432,0.00548853088387012,0.027341822721219,0.568938209572527,0.00304839069688082,9.54465257263183e-05,0.000431955672869682,0.00683118536847353,0,0,0.00239974747127295,0.000700165958776474
0.0506650395542121,0.00717167887837887,0,0.000314456981613636,0.000519915611257553,0.00488710966693282,0.0881130258678174,0.0556316017876017,0.00179290021348715,0.00607747270737648,0.00233318553458691,0.00486768869229198,0.00724865503931522,0.198842347402396,0.00888791390819548,0.00493249370202541,1.68600702151059,0.00314498237339973,0.219356687790441,0.000386789410285949,0.0779252530644823,0.00533964121883154,4.15872129330838,0.00560463625324487,0,2.04823177805363,3.32373287302954,0.0337557768775213,0.137530680669615,0.391903288237306,4.95722264385223e-05,0.000201477652087212,0.01153540355052,0.272761443998279,0.0585662799838615,0.543315368645782,0.155689422378066,0.344522698387349,0.189340816348179,0.00710503125178814,0.00572861574661016,4.46215436124801e-05,0.0274557545590853,0.012890819604485,0.010220765163424,0.0123893059235572,0.00479856672012806,0.000793008576807978,8.87820751476288e-05,0.000437221734595299,0.0275502356706476,0.112598125806692,2.72035030388832e-05,0,0.000269785524644852,0.00643803801822424,0.000686465883514881,0.00440237831125259,0.000108219321312905,0,0,5.66620382452011e-05,0.000934656596431729,0.000294282105288506,0.0113195045338869,0.0176790083753729,0.000563820854537487,0.00308182830465317,3.30752911162377e-05,0.00349682557934046,0.026108004248271,0.0376519415891933,0.00971255516287565,0.000143628163154125,0.0435745843959904,0.884107590914854,0.0199050376341248,0.000521970480701923,0.0033739377301526,0,0,2.2376349864006e-05,0.00568502106015444,0.0358257771762657
0.00419560039212942,0.00230039692614555,0.000314456981613636,0,0.0385710306126809,0.0511404117427289,0.0456379900992322,0.0396165809942937,0.51148572538775,1.00619510133634,0.00471613833284855,1.21255040990802,0.0088309223910856,0.0497625696606874,0.153435198765393,7.85436085009575e-05,0.000738720029075146,0.00366506443619728,0.00176472262305021,1.73283448892496,0.00044176753863573,0.00731468581302169,0.0006975593810606,0.615738721894426,0.00102325853618145,0.00560675243998289,0.00729177580353496,0.551179888921666,0.0505777930185771,0.00162172828648567,0.000412741542506218,0.00267441921030522,0.00636334960804939,0.0385451193478203,0.0269172436967039,0.0720218933079672,0.000618716879739761,0.0460164173394871,0.00371571600781202,0.151772538897893,0.00578316431148291,0.000103739238367081,0.0459982549308514,0.00026437509106636,0.0074440712408066,0.00322087126795292,0.239632605152456,0.00228776953834534,0.000570275537252426,7.86040762424469e-05,0.000444650604400635,0,0.24060541540922,0.00561184382121563,0.0295492466989303,0.0347758430632746,0.0558131805583692,0.0933168461149122,0.0856301455484821,0.000782422504627708,0.134473179425276,6.3252551779747e-05,0.0212243893820858,0.0497502830061507,0.000342639710540771,0,0,0,0.0617888118098617,0.000101779794001579,0.00106864834584474,0,0.31533625799215,0,2.78147514796257e-05,0.00075834729101658,0.331722677838946,0.00487244337238312,0.000466193994383812,0,0.000479536267318726,0.000459084950623512,0.0115502978750539,0.00500315812606573
0,0.00156933952591896,0.000519915611257553,0.0385710306126809,0,0.0845552791852143,0.00520574437436342,0.00195381619083881,0.0467149068739629,0.00566301174066067,0.000559156329917907,0.0821892349974777,0.00193677425697326,0.00125338820157051,0.192361846082297,0.00292307588307381,0.000249318950686455,0.000153577914268971,8.09928695297239e-05,0.00565949060054541,0.00913253112084387,0.00392140837699414,0.0103460039011359,0.047707319963708,0.000722806098918915,0.000362071655673981,0.00651316417098284,0.0197267736804128,0.0009928535760355,0.00653920631021976,9.89788508892061e-05,0.0735104750345706,0.000603730203251839,0.0119267162712192,0.0309260844250274,0.0225374785956574,0.00284622751471997,0.00719839721995354,0.00486515254613399,1.16957646017479,0.57769754798172,0,0.00157063393565655,0.000670681410369873,0,0.00274273035970688,0.0188964931310391,0,0,4.19109130954742e-05,0,6.47974537038803e-05,0.00493612456223488,0.000269252400326729,0.000801896314044001,0.000510830886282921,0.000480819439995289,0.00301709842502117,0.00138195537842989,0,0.00671540188184023,0,0.000210360781803131,0.00468281228947878,0.000379030927248001,0,8.35257312583922e-05,0,0.000658709820485115,0.000232745085382462,0,0.000266763945035934,0.00777732163375141,0,0.000120888142118454,0.000670916406898498,0.00572507346955061,0,0.000387315551805496,5.1481187467575e-05,0,0,0.00012074730284214,0.0452110259592104
0.00391112476705312,0.000678903436803818,0.00488710966693282,0.0511404117427289,0.0845552791852143,0,1.0561983948346,0.840427342292839,0.0215845934891474,3.44111693173623,0.0230271202230048,0.788362195711837,0.0373256741486978,0.130742858248408,0.537652828103156,0.000188770946023464,0.00183019257097006,0.0124859587331557,0.00350458994205952,0.0160703405098915,0.00653883926467896,0.000816973502511975,0.00892492653004291,0.0192169436272502,0.000103935441570282,0.0173717841838932,0.00787222814771893,0.182466573845208,0.0242764631313694,0.0113072343556774,0.00269205480774879,0.0273928852701903,0.00258102877850532,0.0730058139557933,0.135148215741849,0.33524477203487,0.00249811057456255,0.102591222440336,0.0365015279878736,1.00802844495694,0.242718228328564,0.00198152055038452,0.00717523977623463,0.000107492477431297,0.000423883182785511,0.000366395936822892,0.0176612916391968,0.000511109036593437,0.000348473257935047,7.60770660209657e-05,2.38606215047837e-05,2.30005279684067e-05,0.00524948812688112,0.00032538313038826,0.000625959662947655,0.00559991670061827,0.00298357582302332,0.0042088521552515,0.00221901597165584,3.24629677319527e-05,0.00733445956636191,8.26027275180816e-05,0.00034862214195013,0.00165923218462229,0.000595532746646404,0,0,0,0.00212580912114144,0.000135510011808872,0.000182435969974995,0.000608277210102081,0.024009035953753,0,8.66802050971986e-05,0.000343416654160023,0.0168253787129116,0.000140124805119037,0.000200038796811104,0,0,5.80861910676956e-05,0.000738747407627104,0.0156223457778025
0.664106310383599,0.00102340504708529,0.0881130258678174,0.0456379900992322,0.00520574437436342,1.0561983948346,0,1.82458171934774,0.0675137807064772,3.10198984111423,0.0205489737296391,0.0455035984859919,0.0198861120004034,3.89598178701238,0.119108763146249,0.00290358573278189,0.0178420929299569,0.0228564244396448,0.0156215167449331,0.0152406278081131,0.132123978537659,0.00242117309859037,0.121574994095249,0.210746855583841,8.07389856362341e-05,0.0428410520791269,0.0906732315855428,3.97670821927914,0.50532185841676,1.16502803697807,0.00317810747601271,0.00656020351402045,0.0897412842651131,0.222290073076683,0.141258295197157,0.205606547900247,0.00750340606548789,0.198471655835137,0.0295592519721794,0.0469618322656345,0.025189921842227,0.000412383282895088,0.0211155800424671,0.000194689223241806,0.00264746922056436,0.00296725930050373,0.0211698521539664,0.000938534880037309,0.000464268887529373,0.000105824819555282,0.000553739247293472,0.00217411840378046,0.028881859691441,0.000175715321087837,0.00639988191759825,0.0138337758465099,0.0184445532239485,0.0153249525518417,0.0186741393753433,0.000185883883895874,0.0213999324738121,0,0.00716899897911072,0.00381665319344759,0.00429276477732897,0.000153803546218872,0,0,0.00823366987564088,0.000545600609171391,0.00205239846124649,0.00339989298751116,0.0778031889319607,0,0.000244779568133354,0.0195337026719785,0.0849258310618255,0.00195128849360705,0.000280525820882321,0,0.000203775703668594,0.000179427421889305,0.00378307046179533,0.00993560922478436
0.0383266072550475,0.000332837629795074,0.0556316017876017,0.0396165809942937,0.00195381619083881,0.840427342292839,1.82458171934774,0,0.0139578714337778,0.933250878570243,0.108760508377268,0.372832405937176,0.073473472285516,1.39733436926267,0.0550415018955588,0.000138809620363713,0.0117652646772409,0.0795055939917257,0.0249379334209585,0.0214237446383357,0.0380945805841255,0.000354266072337628,0.0915430756617239,0.0188406161461687,0.000398564937837124,0.0777471373099424,0.0305985396893692,0.224582275953101,0.119919894618848,0.178971717871267,0.0107961841343165,0.0483246019953704,0.00406201412832499,0.138979754166155,0.0135910790725136,0.406445240880547,0.0080066318302345,0.129309587501221,0.0393013475415158,0.383216924137866,0.0474062603848958,0.00306914076769352,0.00988654209611181,0.000269483866446018,0.000799642872619626,0.000406992939491272,0.0205967928618622,0.000249573129322529,0.000763204627132419,0,0.000355277273461819,0.000517600289061069,0.00472667962366104,0,0.000367578465743065,0.00818419016803267,0.00255516942084789,0.0066910828510952,0.00137584736284018,0.000275989188537598,0.00826851949977634,0.000480611800346375,0.000413697006940841,0.00115361360421896,0.00221981697147131,0,0.000134739192767143,0,0.00235037482890844,0.000380015755412579,0.000366536240794658,0.000778353180148598,0.0382730714137745,0.000195902838835716,0.000555139218220711,0.0048808930289483,0.0245261951020217,0.000278430662727356,0.000843500824885369,6.64404377245903e-05,0,0.000207956835279464,0.00236352551266194,0.00134543018821478
0.00097452024704218,0.182029378290689,0.00179290021348715,0.51148572538775,0.0467149068739629,0.0215845934891474,0.0675137807064772,0.0139578714337778,0,0.0432547071502662,0.0157747641920829,0.150762890332431,0.036605429026916,0.0154764878869987,0.184649228683405,0.0299194228762722,0.0017962216568327,0.00306664701570511,0.00208546448964357,0.0385740214632082,0.0164838782041312,0.730814375774697,0.0100511824234199,2.39288568556467,0.119646961274829,0.00733027670964003,0.467867721200352,0.384055768051593,0.0133740525874758,0.00498582858412027,0.00149042938117504,0.00334432973011494,0.00333951980637789,0.0176162992400622,0.0275811526766825,0.0896691910005424,0.00550700805808068,0.028061135292635,0.00407539347814322,0.193885585746782,0.00564403388765574,0.00827936676156524,0.106660756199677,0.00284142165236235,0.010446784643476,0.00634539662268877,0.0508108205778837,0.00400743969545603,0.00271985314683437,0.000882012965884211,0.00476513744966984,0.00200983342766762,0.0610467082399463,0.00385597893017292,0.0114604598087454,0.063570709527576,0.036079110315063,0.316752489950116,0.0225490807148767,0.00346935954301357,0.0531037405088281,0.0116450796153831,0.0239217347867131,0.0256855912718367,0.0964988507987376,0.000376158049607277,0.00226054334662914,0.00171279762910366,0.0125930989238477,0.0296246994264722,0.0854415694858215,0.019185696711073,0.501197230103581,0.00203431302160263,0.00455461096618652,0.0266680336772418,0.324001833291385,0.011094462476592,0.0645589986527682,0.00314595151302337,0.00198053096082687,0.000599760666475296,0.0117750757693076,0.0218877165987182
0.016797165564816,0.000210223633310795,0.00607747270737648,1.00619510133634,0.00566301174066067,3.44111693173623,3.10198984111423,0.933250878570243,0.0432547071502662,0,0.0489303194571519,1.50059964722353,0.0299500809953749,0.588296459507636,0.233708137631164,0.000216560488343239,0.00675689385519505,0.0517941616642642,0.0303817470132208,0.436803054054737,0.00285983066626668,0.000428986622457504,0.00737561611073615,0.0228294037832022,0.00024771109954834,0.0725849025768792,0.0339464572472763,1.67457141743283,0.245763424643243,0.00667435692787528,0.00759817438852788,0.0128096468119455,0.00640313787174225,0.182058343548174,0.0493072348174882,0.226832543412695,0.00403541919937134,0.177620456496849,0.0115774998220253,0.0567848563769316,0.023090875083332,0.000503080632197857,0.02396691449476,4.14673905229568e-05,0.0032446702189064,0.0013323816999507,0.0680311990591764,0.000870087405688763,6.15953247570992e-05,0,0.000127128221890927,5.53547638607025e-05,0.0678861990600085,0.00141091304629326,0.00560270354918361,0.0209493106793976,0.0159121943738079,0.0132252064056373,0.056268158112874,4.90073869514466e-05,0.0475801581151557,0,0.00429970153754711,0.00806224859858036,0.000178680385973454,0,0.000157165109231472,9.66830532217026e-05,0.0143084952896476,0.000126763909220695,0.000282811209368706,0,0.104918370454824,0,0.000308596978905201,0.000130046214652061,0.104509554233372,0.00127069430281162,0.000582265219130516,2.57073615074157e-05,0.00019855838716507,3.64810741853714e-05,0.00560278472367525,0.00450383725627899
0.00200697695591926,0.0684971472945929,0.00233318553458691,0.00471613833284855,0.000559156329917907,0.0230271202230048,0.0205489737296391,0.108760508377268,0.0157747641920829,0.0489303194571519,0,0.0600321647283482,1.13235554141986,0.184419795724468,0.00679442279778242,0.00166823998394966,0.0130632467838049,0.92389278491354,0.200172638111765,0.00290884558865905,0.00127167655414581,0.0283653817474651,0.00559610408392668,0.0125442420051527,0.11612019003748,0.423327725420845,0.0990975096937753,0.00896207518209455,0.137808818756983,0.00306325905806065,0.172028570291998,0.0384949288879752,0.000205981327443123,0.7001790022021,0.0035166152444458,0.101889715907764,0.168980383173387,0.406343938734241,0.0322380557991743,0.0138579427489043,0.00195526571753025,0.362681473399544,0.00152720707476139,0.0519323777489162,0.00172151707482576,0.00061642824041605,0.00345038057822227,0.000140730100193024,0.108983731898825,0,0.00788473027425528,0,0.000346286467344761,0,0,0.00104389000127792,0.000315187717831135,0.0103258975242877,0,0.174827568692801,0.000551374787607193,0.277207021754852,0.000870242741532324,0.000133789744548797,0.00144941076007604,0,0.0020461807277298,4.20036876583099e-05,0,5.89886885261536e-05,0.00465167566987753,0,0.0104075147366309,0.0446183945978808,0.0284691129259229,0.0315063415694332,0.00146517779139519,0.000256488009238243,4.46659240436554e-05,0.0734494847166466,0.000450349638648033,0,0.0142726350928831,0.00254790710660934
0.00438369472837686,0.00247562702075243,0.00486768869229198,1.21255040990802,0.0821892349974777,0.788362195711837,0.0455035984859919,0.372832405937176,0.150762890332431,1.50059964722353,0.0600321647283482,0,0.0359047267428302,0.370237508969607,0.66948404871553,0.000430495407578945,0.0062424990954566,0.0513019131536221,0.0276739485780144,1.13383519958067,0.00148449976828694,0.00379582544062614,0.00610782191566229,0.098926214221952,0.000912014629318715,0.0742317883966686,0.0416781418538546,0.135629816001545,0.114132795421264,0.00235862286637544,0.0092149996646333,0.0141630272630954,0.00213433098097086,0.127485454239628,0.0679344588844085,0.167758637025103,0.00312514255437613,0.134906795976941,0.0116103107398796,0.261900016906843,0.0178769558456826,0.00116815749932527,0.0539994164925957,0.000387574892771244,0.0106097439237928,0.00383705543333531,0.139717666073913,0.00251555729185581,0.000407959868545532,0,0.000146414193592072,4.31328291606903e-05,0.0763795447159693,0.00160185897369861,0.0135793362093758,0.0433627473764491,0.0404586934320688,0.0304546076942897,0.0498807180718768,0.000490495737175941,0.0761169103702712,0,0.0144337551708055,0.0206725827337432,0.000705928963000774,0,5.99727603292465e-05,0.000155391276841163,0.0376566387435508,8.33823801684381e-05,0.000780585090193745,0.000173850111994743,0.153528205138936,0,2.25589927411079e-05,0.000959959976384638,0.174501409559369,0.00497782634029627,0.000690051004443169,0,0.00104695080115557,0.000257964899311066,0.00848681500984667,0.00980916787014488
0.000472963009228706,0.108251212319648,0.00724865503931522,0.0088309223910856,0.00193677425697326,0.0373256741486978,0.0198861120004034,0.073473472285516,0.036605429026916,0.0299500809953749,1.13235554141986,0.0359047267428302,0,0.0479949964347338,0.01304544269763,0.0281150942704797,0.00262606585714817,0.0122834764509702,0.00342488786516905,0.00513427373183012,0.0384596477823686,0.0595934762007808,0.0427602604255915,0.0695258491606593,0.338491429468961,0.0269015352194667,0.186002221957662,0.0621053368679881,0.0175388438060117,0.019676903733623,0.0778463590092158,0.0224318218487263,0.00141927477204322,0.111033831948731,0.0238227726516295,0.359512790087936,0.179178364802234,0.367908138758576,0.120341881684663,0.287908662138305,0.0390088228757286,0.291618644559803,0.0437706482054544,0.101259201724198,0.0204910584632635,0.00614501173523426,0.131246479744084,0.0114017842061949,0.194855967649734,0.000112844827215671,0.0166357585723257,0.000374109493288994,0.00416048107852936,0.00061020699382782,0.00649683661295414,0.0108705236147833,0.0240661827937031,0.0260330380648828,0.00833030210310459,0.364726020492661,0.0134820399312043,0.951747935604059,0.0143182055775833,0.00166239877541542,0.00905597200115918,0.000489707688696384,0.00452262061168671,0.000424999626517296,0.00443251476307154,0.00546437673992872,0.0115083422737813,0.00126026709038258,0.0332563366554093,0.137200366974749,0.080638293724108,0.121948730158353,0.0499917199961615,0.00536836127432585,0.0138809601313805,0.285572908747809,0.00700867072930813,0.000133055527768135,0.0462773151572371,0.00659633617429733
0.60938495722636,0.000721085213999748,0.198842347402396,0.0497625696606874,0.00125338820157051,0.130742858248408,3.89598178701238,1.39733436926267,0.0154764878869987,0.588296459507636,0.184419795724468,0.370237508969607,0.0479949964347338,0,0.0258584816174555,0.000804909235589504,0.0721253822708702,0.154044784179619,0.0849906831144262,0.0275540884145916,0.101605478456368,0.000297248639552593,0.367429129787908,0.0209409102665162,0.000802441828386784,0.183988200816521,0.105703776668973,0.338763910008183,1.23615495730018,1.33815368702956,0.0173469322412181,0.0626764012035799,0.00617703908643008,0.266675636599116,0.0129455488227225,0.211200121257162,0.0130491619979525,0.12203041644232,0.0359090243779492,0.0687253782585955,0.0265374012672686,0.0018721175385189,0.0142121172451544,0.000458875260779857,0.00109036683676243,0.00115356998881817,0.0164686912890673,0.000228778864459991,0.000231035435357094,2.83542062616348e-05,0.00046054689334631,0.00144130966695786,0.00666404970710277,0,0.00036430024336338,0.0130239823513698,0.00218902116098642,0.00685945786602258,0.00216588621739626,0.000240569473729134,0.00812293031451701,0.000745035929210185,0.000655877077682018,0.000408974517724514,0.00113136566893101,2.07591016387939e-05,0.000226422804937362,0,0.00148686727617502,0.000814004022989276,0.000365658891813755,0.00177999064650536,0.0504644046600294,2.9468885872364e-05,0.00172025287403584,0.0162189501228797,0.0337655000875353,0.000326667035586834,0.0010067282906127,0.000345072351121903,0,0.000165584389972687,0.00132256664836407,0.00141542981602192
0.000982951896135804,0.00809301430631164,0.00888791390819548,0.153435198765393,0.192361846082297,0.537652828103156,0.119108763146249,0.0550415018955588,0.184649228683405,0.233708137631164,0.00679442279778242,0.66948404871553,0.01304544269763,0.0258584816174555,0,0.00719240565369129,0.00390568528182507,0.00374894863295316,0.00201974824528456,0.025212292149868,0.0294140820387411,0.0208990962045336,0.0298914509359717,0.243268336195514,0.00328178458220959,0.00557293775241852,0.0267447101651573,0.174073907254064,0.0189692120929385,0.0275654974936724,0.000312787236700058,0.032355797726748,0.00763214827609775,0.0240449071578526,0.105922579747446,0.0698413080069924,0.00854071501533507,0.0368353559419155,0.00587319578527451,0.35102421858133,0.00803723390815259,0.000682184194836617,0.021664157404368,0.00104877359115601,0.00212478349930287,0.00286765418230533,0.0459282625524115,0.000472585491657257,0.000210489540967941,0,0.000185511654353142,0.000199273744754791,0.0125418931776595,0.000770124870929717,0.00308910548822164,0.0132677871234226,0.00612872334546089,0.00883288728168729,0.00618348997433424,0,0.0228268430032825,0,0.00155882414644718,0.00794431343473432,0.0021043242700696,0,7.29184311103823e-05,7.26689575195313e-05,0.00499296093855143,0.00056209783056736,0.000323708246984482,0.0013805068486619,0.0519883662981891,0,0.000324538428483009,0.00289318460723877,0.0556939495782566,0.00106536454286098,0.00242504262877464,0,0,0.000157709873714447,0.00319086932494641,0.0371835872161889
0.000393883950977326,0.0879913881779694,0.00493249370202541,7.85436085009575e-05,0.00292307588307381,0.000188770946023464,0.00290358573278189,0.000138809620363713,0.0299194228762722,0.000216560488343239,0.00166823998394966,0.000430495407578945,0.0281150942704797,0.000804909235589504,0.00719240565369129,0,0.0128883708029079,6.30717922210693e-05,0.00249585937188148,0,0.654725450605974,0.987861185278643,0.484657186775529,0.319827604861751,0.0174502417037201,0.00559596400751352,1.24825107337812,0.106901930316145,0.00193802198685407,0.0202656123962402,0.00017911503376007,0.000138725538539886,0.000449735178380013,0.0593526297340393,0.132442941135378,0.520283500774248,0.12230886700234,0.178002599151592,0.15208502813467,0.00795349022558928,0.0116582661103606,0.00112848332485199,0.0265267668529701,0.00471282617822885,0.00464169546708584,0.00619647599234104,0.00343478420719385,0.000500882045402527,0.00112415743995667,0.000371257525033951,0.00591086653805494,0.00654352207634211,0.000335380304718017,0,0.000156045635719299,0.00995621669436695,0.00265464861677885,0.0018132589094925,0.000300797260079384,0.000447385876264572,0.000455878107962608,0.00144218762276173,0.00484113832906723,0.000559197884287834,0.719847609961409,0.00119216804077863,0,4.42684636688233e-05,0.000184701680059433,0.0786040965926888,0.200873455605526,0.333211293802285,0.0587307569435906,0,0.00332550038402796,0.325082616013877,0.145460676387334,0.00210700341947794,0.0521712799180269,0.000240772551369667,0,0.000181899250230789,0.00290943234637499,0.0386157197845459
0.0296937391166925,0.0121008331555939,1.68600702151059,0.000738720029075146,0.000249318950686455,0.00183019257097006,0.0178420929299569,0.0117652646772409,0.0017962216568327,0.00675689385519505,0.0130632467838049,0.0062424990954566,0.00262606585714817,0.0721253822708702,0.00390568528182507,0.0128883708029079,0,0.00620907378451824,1.05743726037012,0.000369284962456226,0.141593448957524,0.0110154161846137,1.53575734138696,0.0109318410557985,0.000167189269845486,1.89503034825085,1.57888651322779,0.0219872913107514,0.168990237893858,0.384290555666242,0,0.000418185650424957,0.0171786153035832,0.774661487124283,0.0133169009254503,0.110952148352122,0.0412553188406396,0.134069213039174,0.0647111738589048,0.00209469023377419,0.00163889561598301,0,0.00475417070443869,0.00178058543270588,0.00130833045151234,0.00179310445276022,0.000872393621206285,4.90856584453583e-05,3.94713547325134e-05,0,0.00856623976213929,0.0238491117721939,0,0,0,0.000421774228076935,0,0.00124478126949548,0,0,3.18729862689972e-05,0,0,0.000109671054239273,0.00371833438390016,0.00320611083457232,0.000401837969713211,0.000592630210533142,0,0.00111817235803127,0.00646864558572292,0.00559173928650856,0.00274503196120262,2.99568062138557e-05,0.0128230386059689,0.209394645816644,0.00219761985543966,7.58027256917954e-05,0.000949711776731016,0,0,0,0.00114043522116422,0.00722890742053985
0.00137807994689226,0.000433101991796494,0.00314498237339973,0.00366506443619728,0.000153577914268971,0.0124859587331557,0.0228564244396448,0.0795055939917257,0.00306664701570511,0.0517941616642642,0.92389278491354,0.0513019131536221,0.0122834764509702,0.154044784179619,0.00374894863295316,6.30717922210693e-05,0.00620907378451824,0,0.262076575417113,0.00316870090513945,0.000775750078661443,0.00042298288072586,0.00468709639894724,0.00280839684674978,0.000608229236412049,0.341678358783402,0.0469186248384261,0.00815063936393735,0.101045027276766,0.00225784339619636,0.00660104455054521,0.0199139909905958,3.04963606882095e-05,0.321511415372572,0.0104734780532956,0.134666070562713,0.160552806189122,0.363338557478449,0.0604207936010957,0.0114480452337598,0.00191498671393633,0.00752082800923346,0.00049836542485714,0.00187173562581539,0.000112120703201294,0.00100925102056503,0.000441494652514458,0.000177268566827774,0.00233755371937752,0,0.000673293414816856,3.75330364751816e-05,7.9987829825878e-05,0,0,0,0,0.00113998745516539,0,0.00324028068695068,0.000298017356386185,0.00684805192833423,0,0,0.000105913996524811,0,0.00313087573975325,0.000361940347852707,0,0,6.78579740095138e-05,3.45109627389908e-05,0.000370675109353066,0.000314293544683456,0.0223808409066081,0.0384548608983994,0,0,0,0.00478429623561144,0,0,0.000536787617354393,0.00814582965042117
0.00533851473868132,0.00346970053634405,0.219356687790441,0.00176472262305021,8.09928695297239e-05,0.00350458994205952,0.0156215167449331,0.0249379334209585,0.00208546448964357,0.0303817470132208,0.200172638111765,0.0276739485780144,0.00342488786516905,0.0849906831144262,0.00201974824528456,0.00249585937188148,1.05743726037012,0.262076575417113,0,0.00144385967143535,0.0113494321779227,0.00199161857652426,0.109906961979768,0.00313879186456203,0.00202514096179962,1.49617887687642,0.531389707979958,0.0061820381828928,0.0669948599641371,0.01859385377532,0.00113722307530403,0.00518439395191669,0.0024509434887886,0.537528671957123,0.0127129584273505,0.189969215569489,0.190670815010991,0.296693335248184,0.0908030375156378,0.00555224551183462,0.00110545429787636,0.000132889431653023,0.000746026821269986,0.00149275577572346,0.000466789038484096,0.00152406825695514,0.000494788225135803,0,6.39816409063339e-05,0,0.00181433991259575,0.000675281117627621,0,0,0,0,0,0.000675405332121849,0,0.000457686418733597,0.000204384962596894,0.00223569771708012,0,9.30449544811249e-05,0.000429286761431694,0.000218426473302841,0.00412881346282482,0.00110562634952545,0,9.16211354112628e-05,0.000492849161353111,0.000336942563946247,0.000204977551231384,0.000653691845326424,0.0351886212763095,0.102429681678057,7.69893354964255e-05,0,0,0.003937118913095,0,0,0.000583997384455204,0.0113923699416733
0.00222287452159524,8.74272215080263e-05,0.000386789410285949,1.73283448892496,0.00565949060054541,0.0160703405098915,0.0152406278081131,0.0214237446383357,0.0385740214632082,0.436803054054737,0.00290884558865905,1.13383519958067,0.00513427373183012,0.0275540884145916,0.025212292149868,0,0.000369284962456226,0.00316870090513945,0.00144385967143535,0,0.000451454301345348,0.000475823314797878,0.000621239959698915,0.0648660607661676,0,0.00491170460491061,0.00275218884211779,0.0672049751126718,0.0288883960861194,0.00074780778274655,0.000685911490051747,0.00126677917204857,0.00127259788478851,0.0191748038313675,0.00751320214518784,0.0359805147541487,0.000479226560046673,0.0213303147478724,0.00140189363064051,0.0226585207722008,0.00209245266293764,0.000252616170959473,0.0172569601038766,0,0.00266487095710516,0.00153828660020828,0.0474242599937654,0.000558595612492561,0.000182824707269669,0,9.55196739006042e-05,2.98334651112557e-05,0.0498082133932543,0.000181182262887955,0.00351077523655414,0.00988091572241308,0.0137612021688652,0.0065280403211689,0.0103273863698566,0.000213624951896667,0.0266837604631948,0,0.00470165907088995,0.00649177241305589,0,0,0,0,0.00754965738821982,2.51025562262535e-05,0.000335711482686996,0,0.0468597895352411,0,0,0,0.0574836939547205,0.00135008449870348,0.000301902490589619,0,0.000303633927726746,9.11562440013884e-05,0.00296227124605179,0.00114116408923387
0.0244487814130568,0.00889183431181671,0.0779252530644823,0.00044176753863573,0.00913253112084387,0.00653883926467896,0.132123978537659,0.0380945805841255,0.0164838782041312,0.00285983066626668,0.00127167655414581,0.00148449976828694,0.0384596477823686,0.101605478456368,0.0294140820387411,0.654725450605974,0.141593448957524,0.000775750078661443,0.0113494321779227,0.000451454301345348,0,0.121195197957738,2.76547518347327,0.0484903637813687,0.00199515355653763,0.0132439228284717,0.27074938749851,0.28394616814804,0.141839844332678,3.21672324790168,0.000101668559017182,0.000137194125423432,0.0354050105083751,1.41826302873788,0.349196313999517,0.699598156786172,0.0966058535136869,0.794537441185611,0.336940538282325,0.0181517772966099,0.0199514343429708,0.000889120696306229,0.0344820188373398,0.00134897423156262,0.00285746108000993,0.00444759413826943,0.0167089072884178,0.00109203102707863,0.000915289436151979,0.000311781405959129,0.000395246049649715,0.00161564208618164,0.000448128324165344,8.62116164016724e-05,0.000175455756897926,0.0166606641408134,0.00378784004047394,0.00337314016755581,0.000701784817249775,3.84857008552551e-05,0.00132204754599094,0.000171966771898269,0.00371388477863789,0.00176503853291988,0.153206678632908,0.000205809065573215,0,0,0.000691589903154373,0.0464750924180388,0.0539308842732525,0.0484651249803829,0.0594769911617804,0,0.000235180096907616,0.0277526446291136,0.105645503632779,0.00285697004753351,0.0601660725628137,0,0.000549129033329487,0.000503432624194622,0.00302635694409371,0.0507794196673751
0.000158162732691765,0.286504013156462,0.00533964121883154,0.00731468581302169,0.00392140837699414,0.000816973502511975,0.00242117309859037,0.000354266072337628,0.730814375774697,0.000428986622457504,0.0283653817474651,0.00379582544062614,0.0595934762007808,0.000297248639552593,0.0208990962045336,0.987861185278643,0.0110154161846137,0.00042298288072586,0.00199161857652426,0.000475823314797878,0.121195197957738,0,0.11815136142605,1.56424339068122,0.131993314376757,0.00291855488292217,1.35722614363111,0.060520445594201,0.000919269698524473,0.00816351956068755,0.000664818306362629,0.000185314675283432,0.000566503061900139,0.0137604203814984,0.00842603113959788,0.0577608378905225,0.0146036549411344,0.0283203350051665,0.0131240359052396,0.0261928449085522,0.000527800313472748,0.0143489383543325,0.0250371325074077,0.00513044970469952,0.00570072619336366,0.0073443591462207,0.00169426037508488,0.0003538372240448,0.003033202635355,0.000145546055316925,0.0427386974915743,0.00684623737378835,0.000696089213719368,0,7.07461479234695e-05,0.00565018316070557,0.00158933860346317,0.00559149990134954,0.00037077687789917,0.00317918716794491,0.000656754478676319,0.0139520771955085,0.00129654475317478,0.000811617427268025,0.379210803794739,0.00137927586492777,0.000351134642601013,0.000516404084951878,0.000137440764284134,0.0323864604479528,0.366684976601901,0.102599248625493,0.100771324449799,0.00252721483785152,0.00638496914781332,0.560573359007192,0.0848099102598235,0.00118011419820786,0.0208777174586248,0.00554810324290037,0,0.000128994980549812,0.00288281515135288,0.00462597102823734
0.127690251464746,0.0110950915612936,4.15872129330838,0.0006975593810606,0.0103460039011359,0.00892492653004291,0.121574994095249,0.0915430756617239,0.0100511824234199,0.00737561611073615,0.00559610408392668,0.00610782191566229,0.0427602604255915,0.367429129787908,0.0298914509359717,0.484657186775529,1.53575734138696,0.00468709639894724,0.109906961979768,0.000621239959698915,2.76547518347327,0.11815136142605,0,0.0732911567590643,0.00131097553647995,0.28265290043719,2.82096737828506,0.402354739317977,0.43016562109404,2.51046198236977,0.00097161879670858,0.000412820914950371,0.0433111633541608,2.12482214277119,0.515090048065045,2.00233981456103,0.499618990766816,1.59962113867086,1.08819977859433,0.028578957388494,0.0582003724658417,0.000659882098431587,0.0405412879436374,0.00668927640197039,0.0092106957402277,0.0194154281705618,0.00976030157820227,0.00142965208628655,0.0010660627945447,0.000840917963111399,0.00657706108206511,0.03677835257442,0.000337930317864418,5.70638937520981e-05,0.000141588468618393,0.0127592013954306,0.00276292178496122,0.00298280054383278,0.000262629202873707,9.35448118972781e-05,0.00122651920752525,0.000312007382497788,0.00278086755563021,0.00282005651445866,0.542097488397581,0.00317065496395111,0.000299443886654377,0.000562504744377136,0.000303492624664307,0.0588554911036706,0.108722762235403,0.386200286747138,0.0453897376312422,0.000166093276047707,0.00604461729856253,0.623747353771984,0.127757816401778,0.00136190201190233,0.031000655068202,4.78024792671204e-05,8.54383245563506e-05,0.000145858391432762,0.00424898010760546,0.191890447332645
0.00539608603395939,0.196867224447856,0.00560463625324487,0.615738721894426,0.047707319963708,0.0192169436272502,0.210746855583841,0.0188406161461687,2.39288568556467,0.0228294037832022,0.0125442420051527,0.098926214221952,0.0695258491606593,0.0209409102665162,0.243268336195514,0.319827604861751,0.0109318410557985,0.00280839684674978,0.00313879186456203,0.0648660607661676,0.0484903637813687,1.56424339068122,0.0732911567590643,0,0.0801765926014639,0.00941898612875461,0.790397614915356,1.43486676251851,0.0712951179301715,0.107402597745602,0.00100680063691378,0.00354031685232639,0.0532195336266088,0.0707286429229974,0.290767732915929,0.587666071999448,0.0364348012900829,0.138325022620697,0.0461632653291464,0.163837876414289,0.0167953629191708,0.00615803148392916,0.228871082241082,0.00368083907014131,0.0256970433952546,0.0163056761333585,0.101186680252834,0.00850059093364481,0.00370453844144583,0.00109689409767151,0.00544755423974991,0.00598156138559819,0.0683019765529919,0.00182341002180576,0.0192014587902832,0.147229921423566,0.0701946962123823,0.173852149935994,0.038141048293426,0.00255661797878981,0.0608553340363955,0.00480972541213274,0.0435953548235464,0.0179201710445595,0.148030725679493,0.000763574650440213,6.27117554855347e-05,0.000550743156416416,0.0210735850735545,0.048012580209496,0.102672436590028,0.0399714798746252,0.78875971553798,0.00100949602100373,0.00370357542423248,0.11345163618943,0.665114477581501,0.0196665546258115,0.0979404307901576,0.00175581035499572,0.00242987626628637,0.00197020594388723,0.0262825578046203,0.0473754775170779
0,0.251585039209535,0,0.00102325853618145,0.000722806098918915,0.000103935441570282,8.07389856362341e-05,0.000398564937837124,0.119646961274829,0.00024771109954834,0.11612019003748,0.000912014629318715,0.338491429468961,0.000802441828386784,0.00328178458220959,0.0174502417037201,0.000167189269845486,0.000608229236412049,0.00202514096179962,0,0.00199515355653763,0.131993314376757,0.00131097553647995,0.0801765926014639,0,0.0110790684376788,0.723239596627554,0.00375645440673351,0.000210180902137756,0,0.00585303218502045,0,2.33887429618835e-05,0.00431455741117716,6.64295950984955e-05,0.00233779844241142,0.00722509500106573,0.0154684821257687,0.0010344256478548,0.00452582608249426,0,0.0838287148972891,0.000315441272306443,0.00453601265494108,0.000731103763668541,0.000244595393028259,0.000720759328393936,0,0.023667484296298,0,0.0369820226042032,0,0.000111700747032165,0,0,0.0001095677556324,3.85208055639267e-05,0.00356325699924231,0.000112051707429886,0.0309072284220743,0,0.17177013447856,3.70789248418808e-05,8.11723027467727e-05,0.000430991606719494,0.000239253079662323,0.00131653925787449,2.97699697566032e-05,0,3.00214046859741e-05,0.00153060868808985,0,0.00232555782406568,0.0971317254629658,0.0210612124950528,0.191018536443443,0.000318166808996201,3.31060700440407e-05,4.98804361581803e-05,0.0384641649985456,0,0,0.0024924756099844,0.000112730369567871
0.00679368798284769,0.0134465437805414,2.04823177805363,0.00560675243998289,0.000362071655673981,0.0173717841838932,0.0428410520791269,0.0777471373099424,0.00733027670964003,0.0725849025768792,0.423327725420845,0.0742317883966686,0.0269015352194667,0.183988200816521,0.00557293775241852,0.00559596400751352,1.89503034825085,0.341678358783402,1.49617887687642,0.00491170460491061,0.0132439228284717,0.00291855488292217,0.28265290043719,0.00941898612875461,0.0110790684376788,0,2.39279762574322,0.0174114968959594,0.125404947710352,0.0301428898465347,0.0287697747691226,0.0167248795342612,0.00214125386011362,0.621842861291907,0.0525504705437422,0.691561353694153,0.761745483417398,0.998731410154482,0.322509472113132,0.0156126967074681,0.00600194715891123,0.0177483790095019,0.0183365400230598,0.0334328577528763,0.0104926243885302,0.0170601555694556,0.00106970906589031,0.000645844913506508,0.00314136235798359,4.82479436731339e-05,0.0370330731792569,0.00956439752572058,0.000270906283321381,0,8.95457271766664e-05,0.000734442044184208,3.30979364490509e-05,0.00358298708516836,0,0.0224224316382337,0.000839324248781207,0.119866930099232,0,6.95386135625839e-05,0.00124080080990553,0.0109920489838671,0.0638056836687684,0.0144921501870846,0,0.000427039308049679,0.00490925681867838,0.00338532779725313,0.00215676018294811,0.00969204841290235,0.53347984334419,1.48886773624237,0.00141312849409818,3.95784893274307e-05,0.000568303416788578,0.163916088120969,0,3.75122441196441e-05,0.0118661592400646,0.0450424375073075
0.015545000746522,1.8767883547787,3.32373287302954,0.00729177580353496,0.00651316417098284,0.00787222814771893,0.0906732315855428,0.0305985396893692,0.467867721200352,0.0339464572472763,0.0990975096937753,0.0416781418538546,0.186002221957662,0.105703776668973,0.0267447101651573,1.24825107337812,1.57888651322779,0.0469186248384261,0.531389707979958,0.00275218884211779,0.27074938749851,1.35722614363111,2.82096737828506,0.790397614915356,0.723239596627554,2.39279762574322,0,0.550972327258172,0.092544538339226,0.0956336627689934,0.0269449624856329,0.00456456700008631,0.00939209671728373,0.920468201027669,0.256951733677704,2.7181536134126,1.15169929715759,1.73705322644633,0.974935628743551,0.0571696978486491,0.0254330433511233,0.0162426481255817,0.239734187111335,0.210812347118404,0.107390919879706,0.134609292918191,0.013464502103777,0.00219166739024878,0.0179636417592501,0.00219783016727686,0.712237905219147,0.444072080258102,0.00119947167749405,0.000742227346630096,0,0.0234273375116086,0.00166288948064089,0.0334870980321765,0.000626540752286911,0.0742009585477494,0.001604743335464,0.702207283726323,0.00535383340584755,0.00356534983196497,0.566132804744439,0.135410953236615,0.0984224788581131,0.0516819763582564,0.000424009789896011,0.0342069922022295,0.440332734713474,0.454504399193444,0.0655429193851161,0.112938957819786,1.43609982368289,12.4803868755373,0.165921910431483,0.00292314719344139,0.0131376966171956,0.588060343560762,0.000111490788452626,0.000433690098609924,0.0682139681099439,0.174061230416693
0.0540635674934578,0.00862803948654414,0.0337557768775213,0.551179888921666,0.0197267736804128,0.182466573845208,3.97670821927914,0.224582275953101,0.384055768051593,1.67457141743283,0.00896207518209455,0.135629816001545,0.0621053368679881,0.338763910008183,0.174073907254064,0.106901930316145,0.0219872913107514,0.00815063936393735,0.0061820381828928,0.0672049751126718,0.28394616814804,0.060520445594201,0.402354739317977,1.43486676251851,0.00375645440673351,0.0174114968959594,0.550972327258172,0,0.291129443147843,2.63536145351905,0.00101348144787312,0.004901409150002,0.119156829323688,0.276195844692274,0.444403919124477,0.646716541939123,0.0328094024764895,0.364193110393882,0.114795285846362,0.101154799839485,0.0335358289332461,0.00105098053910494,0.194769035066965,0.00123845828253507,0.0257502831968594,0.0129145478952384,0.135607139565804,0.00757749310976746,0.00239878493084907,0.000896058694009778,0.00179575478674651,0.00357215947577477,0.120076209698053,0.00175190298073053,0.0227587279768968,0.130101316357742,0.0787578372763825,0.0943482564702771,0.0725122232351017,0.000732035705044268,0.0901202109185025,0.000201019834499359,0.0369570389939475,0.020912647404449,0.0532099112911606,0.000549162894051075,0,0.000130822393240928,0.038626644830203,0.0161333372771215,0.0221131297174215,0.0172586068957114,0.525016687371425,6.96189590907097e-05,0.000610755542285442,0.0378056515806484,0.558925449913752,0.0163613203019285,0.0540945302474427,0,0.00117847411826849,0.000848208882551193,0.0259475524839878,0.0512523881250071
1.36467048453429,0.000458644104573726,0.137530680669615,0.0505777930185771,0.0009928535760355,0.0242764631313694,0.50532185841676,0.119919894618848,0.0133740525874758,0.245763424643243,0.137808818756983,0.114132795421264,0.0175388438060117,1.23615495730018,0.0189692120929385,0.00193802198685407,0.168990237893858,0.101045027276766,0.0669948599641371,0.0288883960861194,0.141839844332678,0.000919269698524473,0.43016562109404,0.0712951179301715,0.000210180902137756,0.125404947710352,0.092544538339226,0.291129443147843,0,1.30497215313362,0.00991339048201562,0.379403844971323,0.372337628214412,0.750181286479,0.0277323986526418,0.0791625396693918,0.00792323753899809,0.148312875681553,0.0365413217498159,0.0133210810189604,0.0323089352379298,0.000791486920537951,0.00800444599972487,0,0.000631730939469337,0.00101155414995432,0.00963509174910308,7.01078438472748e-05,0.000138313999872208,0,0.000766610685439106,0.000947477354872224,0.00260329329956531,0,0.000311004581537247,0.00728936608135702,0.00192242206157684,0.00401436399629831,0.00156155621298551,0.000108204883260727,0.00428181971951723,0.000338951865320206,0.000239817914814949,0.000369655421376229,0.00158997137678146,0,8.08200203418732e-05,9.08589180850983e-05,0.000335307273573875,0,0.000478008850564957,0.000952131422631739,0.0261930953834009,0,0.00101561639410973,0.0108685879101991,0.0236533717829704,0.000301390724272728,0.000351949937431812,0.000134625547828674,0,9.37568705177308e-05,0.00248997121692181,0.00541418328281164
1.50771848229455,0.000312320940928459,0.391903288237306,0.00162172828648567,0.00653920631021976,0.0113072343556774,1.16502803697807,0.178971717871267,0.00498582858412027,0.00667435692787528,0.00306325905806065,0.00235862286637544,0.019676903733623,1.33815368702956,0.0275654974936724,0.0202656123962402,0.384290555666242,0.00225784339619636,0.01859385377532,0.00074780778274655,3.21672324790168,0.00816351956068755,2.51046198236977,0.107402597745602,0,0.0301428898465347,0.0956336627689934,2.63536145351905,1.30497215313362,0,0.000531411081340313,0.000908173496282099,0.174791473924284,1.10984576539146,0.147738479755669,0.159487598702881,0.0130555689648771,0.537867514085011,0.157773267829356,0.0119909342545009,0.0153364355473781,0.000352979705171585,0.0104706180988169,0.000256114167280197,0.00079531688803196,0.00162254412095547,0.00769624031977414,0.000315998266439438,0.000413149015460015,0.000228699747748375,0.000540013046135902,0.00231773225458145,0.000103184073371887,0,0.000245503850355148,0.00263938415407419,0.00102801155509472,0.000602268778495788,0.000367274484279156,0,0.000362267308402061,0,0.00102217905663729,6.03499788236618e-05,0.0232908102131081,0.000335050531110763,0,0,0.000187487290055751,0.0103534387308097,0.0121628320653033,0.0080802084692144,0.0175732281356335,0,0.000371997521803379,0.0228048494611859,0.0317018605168891,0.000842444998433591,0.0128035732769036,0,0.000145741673369407,0,0.000380870248839855,0.0206663538021755
0,0.00141209875453234,4.95722264385223e-05,0.000412741542506218,9.89788508892061e-05,0.00269205480774879,0.00317810747601271,0.0107961841343165,0.00149042938117504,0.00759817438852788,0.172028570291998,0.0092149996646333,0.0778463590092158,0.0173469322412181,0.000312787236700058,0.00017911503376007,0,0.00660104455054521,0.00113722307530403,0.000685911490051747,0.000101668559017182,0.000664818306362629,0.00097161879670858,0.00100680063691378,0.00585303218502045,0.0287697747691226,0.0269449624856329,0.00101348144787312,0.00991339048201562,0.000531411081340313,0,0.00330864424418449,0,0.0446202907354402,0.00206710175574303,0.0457816663032603,0.0772189185985348,0.0913147823249887,0.0189930584389329,0.00199539437856674,0.000688440630655288,0.0182313133337331,0.000917056448285581,0.0157858642779922,0.00186253260937214,0.00043534643273592,0.00029328929523468,0,0.0101218530067134,0,0.00213761066406011,0,0,0,0,0,4.96853642463684e-05,0.00336948122227907,0,0.0498618355171681,0,0.255662146156354,0.000308862925572395,0,0.000114695832316876,0,0.0104937682454896,0.000131064138507843,0,0,0.00180825366461277,0,0.000561635845406056,0.0100139997210145,0.0986503979822944,0.108810087608178,0,4.35013050699234e-05,0,0.193526657923873,5.09147052240371e-05,0,0.00459079239985943,0.00150458692076683
0.00029230833990097,3.70723538160324e-05,0.000201477652087212,0.00267441921030522,0.0735104750345706,0.0273928852701903,0.00656020351402045,0.0483246019953704,0.00334432973011494,0.0128096468119455,0.0384949288879752,0.0141630272630954,0.0224318218487263,0.0626764012035799,0.032355797726748,0.000138725538539886,0.000418185650424957,0.0199139909905958,0.00518439395191669,0.00126677917204857,0.000137194125423432,0.000185314675283432,0.000412820914950371,0.00354031685232639,0,0.0167248795342612,0.00456456700008631,0.004901409150002,0.379403844971323,0.000908173496282099,0.00330864424418449,0,5.55194209384918e-05,0.719141036723628,0.00664949182472706,0.10281283887145,0.00138534928510666,0.0596953470680738,0.032327495132947,0.135586322380371,0.587138057392945,0.00168247752448082,0.00129788957256317,0,0,0,0.00433556672543049,0,0.000247435766630173,0,0,0,0.000126862964401245,0,0,0.0011226794402647,0,0.00109742852232456,0,0,0.000661297268106937,0.000106930390319824,0,0.000200215646696091,0,0,0,0,0,0,7.49958288574221e-05,0,0.00397722189901829,0,6.96541786623001e-05,0.000285871829366684,0.000934168899314405,8.96641356754301e-05,0,0,0,0,0.000107789486932754,0.000702432845664024
0.0048716227808547,0,0.01153540355052,0.00636334960804939,0.000603730203251839,0.00258102877850532,0.0897412842651131,0.00406201412832499,0.00333951980637789,0.00640313787174225,0.000205981327443123,0.00213433098097086,0.00141927477204322,0.00617703908643008,0.00763214827609775,0.000449735178380013,0.0171786153035832,3.04963606882095e-05,0.0024509434887886,0.00127259788478851,0.0354050105083751,0.000566503061900139,0.0433111633541608,0.0532195336266088,2.33887429618835e-05,0.00214125386011362,0.00939209671728373,0.119156829323688,0.372337628214412,0.174791473924284,0,5.55194209384918e-05,0,0.0973196916403701,0.021152087073505,0.0109875660271812,0.00113729745446205,0.0465826110343695,0.00512344959433079,0.00250857947789669,0.00256386125395775,0,0.00329315357304811,0,0.000402725985774994,0.000348936348381042,0.00159861354143142,0,5.11156199741364e-05,0,0,0.000117660574285984,0.000299179368188381,0,0.000124912349309921,0.00201949445891618,0.000949666111135479,0.00116652599292755,0.000401041495063305,0,0.000216127013025284,0,0.000815496309027675,0,0.000295161625828743,6.33165889406204e-05,0,0,0.000604203444979191,0.000102603508501053,4.7810016875267e-05,0.000222370904946327,0.00616480837446928,0,0,0.00185049163361549,0.00560727732667923,0.000127289177348614,2.07608722615242e-05,0,0,9.84032446289059e-05,0.000501995270805358,0.00327462141417503
0.0257055849204826,0.00982941870770216,0.272761443998279,0.0385451193478203,0.0119267162712192,0.0730058139557933,0.222290073076683,0.138979754166155,0.0176162992400622,0.182058343548174,0.7001790022021,0.127485454239628,0.111033831948731,0.266675636599116,0.0240449071578526,0.0593526297340393,0.774661487124283,0.321511415372572,0.537528671957123,0.0191748038313675,1.41826302873788,0.0137604203814984,2.12482214277119,0.0707286429229974,0.00431455741117716,0.621842861291907,0.920468201027669,0.276195844692274,0.750181286479,1.10984576539146,0.0446202907354402,0.719141036723628,0.0973196916403701,0,0.0386318156965757,0.197578108298099,0.0676702543842816,0.256160639139733,0.0503311476518655,0.0229703172436237,0.0324917314288544,0.0203581979987383,0.0324599309080839,0.00339094559524297,0.00615090743647099,0.00347791895868301,0.0248062368992329,0.00171587698692798,0.0044455711313653,0,0.00741274028831722,0.0115811477469635,0.00706529151226044,0,0.0018495683264637,0.0233634157077813,0.00851660143317459,0.0080322955178261,0.00693380069918632,0.00529052288080216,0.00972826239179138,0.00913778757092716,0.00209974827658653,0.00110504268552304,0.0108567666325307,0.00122879320507765,0.00132517808499813,0.000519332408874035,0.00260348327199698,0.00143048700967312,0.00678879741450548,0.0089769984672546,0.0670162656486511,0.00262733488001346,0.0236720146458578,0.159522111193514,0.0712124955415892,0.00149467167187214,0.00235165268321514,0.00590043421964407,8.39055070781706e-05,0.000713852759785652,0.00554588644057989,0.00715895472832203
0.00273877798301697,0.00107274679132462,0.0585662799838615,0.0269172436967039,0.0309260844250274,0.135148215741849,0.141258295197157,0.0135910790725136,0.0275811526766825,0.0493072348174882,0.0035166152444458,0.0679344588844085,0.0238227726516295,0.0129455488227225,0.105922579747446,0.132442941135378,0.0133169009254503,0.0104734780532956,0.0127129584273505,0.00751320214518784,0.349196313999517,0.00842603113959788,0.515090048065045,0.290767732915929,6.64295950984955e-05,0.0525504705437422,0.256951733677704,0.444403919124477,0.0277323986526418,0.147738479755669,0.00206710175574303,0.00664949182472706,0.021152087073505,0.0386318156965757,0,0.872580883074611,0.287623427655101,0.10143240076066,0.213586731895416,0.0098429982679224,0.0172406813127422,0.00038058515474081,0.157797098807559,0.0655444047620415,0.0102465983778477,0.177221476622136,0.0194351005042791,0.0121406602624584,0.00160494650196076,0.000164726082229614,0.000726871535396576,0.0191943564605856,0.00148638510331392,0.000944713824563024,0.00482494631361723,0.0204007185218525,0.00266258302212953,0.00964810746242521,0.00121423681375265,0.00126951386309623,0.00774584194678548,4.07424364614487e-05,0.00131618946127653,0.00980790795395848,0.0155384803708863,0.00126334848106384,0.00972184482713697,0.00278256357164383,0.00126300663167953,0.0156035574074364,0.00605983958056927,0.058586749151988,0.0430238796753073,3.80703695440292e-05,0.0267412979150891,0.0753512466320726,0.0623147185040903,0.00136275099407673,0.0104736551524115,0.000641130488533974,0.000519324851760864,0.000471389426250458,0.00520457131188154,13.9528037466218
0.0059735250383234,0.0188047661938763,0.543315368645782,0.0720218933079672,0.0225374785956574,0.33524477203487,0.205606547900247,0.406445240880547,0.0896691910005424,0.226832543412695,0.101889715907764,0.167758637025103,0.359512790087936,0.211200121257162,0.0698413080069924,0.520283500774248,0.110952148352122,0.134666070562713,0.189969215569489,0.0359805147541487,0.699598156786172,0.0577608378905225,2.00233981456103,0.587666071999448,0.00233779844241142,0.691561353694153,2.7181536134126,0.646716541939123,0.0791625396693918,0.159487598702881,0.0457816663032603,0.10281283887145,0.0109875660271812,0.197578108298099,0.872580883074611,0,2.76291286122639,0.738906509557044,0.499217518171713,0.821968521696509,0.127422897767973,0.0456927980874252,0.208600057543116,0.010504141628387,0.0160471504190969,0.0179467890978026,0.109031201093581,0.00808826859744788,0.00521025673378945,0.000840044099028111,0.0102117012438082,0.0235144448182154,0.0202284901355696,0.000641067626008987,0.00668858850311994,0.101880146027827,0.0347441954781461,0.0395435078905106,0.0199151648484493,0.00129656069744825,0.0295067720104551,0.00296548665358543,0.0186543783826232,0.00670470697162628,0.0600444012766456,0.00249867997389078,0.0030348872669363,0.00108351395031452,0.00974008868008376,0.0215079967171812,0.0265491742743373,0.0227411964127493,0.30147676636013,0.00116109263444424,0.0186731003318811,0.263661872583947,0.353870273040977,0.0104701064690352,0.0450017588522744,0.0018475125229454,0.00170214157073021,0.00159062883695841,0.0182000162506342,0.223852579040215
0.000973446166055203,0.0164154232246828,0.155689422378066,0.000618716879739761,0.00284622751471997,0.00249811057456255,0.00750340606548789,0.0080066318302345,0.00550700805808068,0.00403541919937134,0.168980383173387,0.00312514255437613,0.179178364802234,0.0130491619979525,0.00854071501533507,0.12230886700234,0.0412553188406396,0.160552806189122,0.190670815010991,0.000479226560046673,0.0966058535136869,0.0146036549411344,0.499618990766816,0.0364348012900829,0.00722509500106573,0.761745483417398,1.15169929715759,0.0328094024764895,0.00792323753899809,0.0130555689648771,0.0772189185985348,0.00138534928510666,0.00113729745446205,0.0676702543842816,0.287623427655101,2.76291286122639,0,0.263770682770951,0.708941522862453,0.0151499315879345,0.0399477927719808,0.103270583384815,0.0167025505989432,0.007347021170218,0.00178701927755356,0.0160954473442197,0.00279116132118702,0.00176274550496578,0.00589456968093395,0,0.00750034187173601,0.00618213514019966,0.000129604332668781,9.74416556167599e-05,4.54399700832367e-05,0.00121025664890527,0.000201270690779686,0.00157760308288336,9.26501684617995e-05,0.00690911781738996,4.0864949684143e-05,0.0150349744273067,7.69835121631625e-05,0.00120286630152226,0.00910362664318086,0.00130806941144228,0.00418706322302342,0.000932609446642396,0,0.00176081784295321,0.00492336989115,0.00595846903014421,0.00510667975988388,0.00246321688857794,0.0486235173413873,0.224313004157195,0.00724104372385025,0.000130067572653294,0.00242966842291832,0.0143766531620694,0.000249422643728256,0,0.00164245786185265,0.206896524323602
0.0141701805139089,0.0178694594494843,0.344522698387349,0.0460164173394871,0.00719839721995354,0.102591222440336,0.198471655835137,0.129309587501221,0.028061135292635,0.177620456496849,0.406343938734241,0.134906795976941,0.367908138758576,0.12203041644232,0.0368353559419155,0.178002599151592,0.134069213039174,0.363338557478449,0.296693335248184,0.0213303147478724,0.794537441185611,0.0283203350051665,1.59962113867086,0.138325022620697,0.0154684821257687,0.998731410154482,1.73705322644633,0.364193110393882,0.148312875681553,0.537867514085011,0.0913147823249887,0.0596953470680738,0.0465826110343695,0.256160639139733,0.10143240076066,0.738906509557044,0.263770682770951,0,0.551412775700212,0.0489265471313381,0.140756269513686,0.176986952255959,0.0576227658981514,0.00793784538891079,0.00711088824638844,0.0101596141110992,0.0395464818930316,0.00191119213505745,0.0153634416877484,0.000165002368726731,0.0119517538670469,0.0190123506240678,0.00901919862468482,0.00022261772151947,0.00219740661568165,0.0360377047381282,0.0115315997349286,0.0131924159442186,0.00712489562763691,0.0157332900571561,0.0137960894008541,0.0198668550976896,0.00417337015223265,0.0036711769639492,0.0208001894940591,0.00147418790098429,0.00359106893549681,0.000951461849834915,0.0044401453950119,0.0039163836661005,0.011498831342361,0.0136472719390798,0.112436066904287,0.00475791204760551,0.0457428771670819,0.284911542176185,0.103012707894366,0.00308098130982399,0.00682753384594202,0.0122720737316108,5.37588801383972e-05,0.00054741235499382,0.00898853924967527,0.0461809082431411
0.00575821242289781,0.00476377576710462,0.189340816348179,0.00371571600781202,0.00486515254613399,0.0365015279878736,0.0295592519721794,0.0393013475415158,0.00407539347814322,0.0115774998220253,0.0322380557991743,0.0116103107398796,0.120341881684663,0.0359090243779492,0.00587319578527451,0.15208502813467,0.0647111738589048,0.0604207936010957,0.0908030375156378,0.00140189363064051,0.336940538282325,0.0131240359052396,1.08819977859433,0.0461632653291464,0.0010344256478548,0.322509472113132,0.974935628743551,0.114795285846362,0.0365413217498159,0.157773267829356,0.0189930584389329,0.032327495132947,0.00512344959433079,0.0503311476518655,0.213586731895416,0.499217518171713,0.708941522862453,0.551412775700212,0,0.0347374015380478,0.143367640084234,0.00403934510557652,0.0188304649211597,0.0059591023691082,0.00228304692126274,0.0307203995891189,0.00776440883327005,0.000989127505302427,0.000320378830418587,0,0.00377495516468525,0.00936541662289381,0.000744143407487866,0,0.000482565302181244,0.00417046982018709,0.000504391298289299,0.00183939592333317,0.000934429013979436,0.00051738713599205,0.00128934138745308,0.00228624453588009,0.000472193787431717,0.0022160052411747,0.0133222889282513,0.000714318578767776,0.00166647895769119,0.000316065541434288,0.000141944600014687,0.00205677965588808,0.00571219998252869,0.0126317694087982,0.0105789439782429,0.00032289944732666,0.0102797914684724,0.105594096479881,0.0149616294104862,0.000163767522997856,0.00264175845946312,0.00129507941874504,0.000127978244333267,0.000124534669196605,0.00143436380006075,0.249319710831914
0.000837525083699229,0.0135024090298891,0.00710503125178814,0.151772538897893,1.16957646017479,1.00802844495694,0.0469618322656345,0.383216924137866,0.193885585746782,0.0567848563769316,0.0138579427489043,0.261900016906843,0.287908662138305,0.0687253782585955,0.35102421858133,0.00795349022558928,0.00209469023377419,0.0114480452337598,0.00555224551183462,0.0226585207722008,0.0181517772966099,0.0261928449085522,0.028578957388494,0.163837876414289,0.00452582608249426,0.0156126967074681,0.0571696978486491,0.101154799839485,0.0133210810189604,0.0119909342545009,0.00199539437856674,0.135586322380371,0.00250857947789669,0.0229703172436237,0.0098429982679224,0.821968521696509,0.0151499315879345,0.0489265471313381,0.0347374015380478,0,0.142970666069341,0.00475826101632357,0.0439636370608949,0.000623944919672013,0.00667837468215465,0.00340938107854843,0.360542916921701,0.00350886471945763,0.00504655848830223,0.000120077201242447,0.0001160656853199,0.000461744265589714,0.0814627002336572,0.00777772651253701,0.0175946572608519,0.0180060462686491,0.0259965176924085,0.0273308242304778,0.0339482652676392,0.0010399243763423,0.109675235550763,0.00045192174791336,0.0118196887437129,0.0663661866300559,0.00942198158030029,0,7.57602524185184e-05,0.000314217717819214,0.0239336117100477,0.00405488475382805,0.00115645241741896,0.00397050722733736,0.113242293795268,0.000167777331147194,0.000285983038344383,0.00319368229615688,0.10670225176629,0.00372943327783585,0.00892872453638793,4.53588248491287e-05,0.00167601093286515,4.55691410207748e-05,0.00848119190865753,0.0103403918376231
0.000613776437051296,8.90517299366e-05,0.00572861574661016,0.00578316431148291,0.57769754798172,0.242718228328564,0.025189921842227,0.0474062603848958,0.00564403388765574,0.023090875083332,0.00195526571753025,0.0178769558456826,0.0390088228757286,0.0265374012672686,0.00803723390815259,0.0116582661103606,0.00163889561598301,0.00191498671393633,0.00110545429787636,0.00209245266293764,0.0199514343429708,0.000527800313472748,0.0582003724658417,0.0167953629191708,0,0.00600194715891123,0.0254330433511233,0.0335358289332461,0.0323089352379298,0.0153364355473781,0.000688440630655288,0.587138057392945,0.00256386125395775,0.0324917314288544,0.0172406813127422,0.127422897767973,0.0399477927719808,0.140756269513686,0.143367640084234,0.142970666069341,0,0.00247482081959724,0.00603875060563087,0.00041069736831665,0.000634227794923782,0.000787969371514323,0.00635373046275616,0.000223729291162491,0.00010034376912117,0.000109216782231331,0,0.000274654555106163,0.00103447685504437,0,8.99839053726195e-05,0.00567535075968504,0.000980664084692004,0.00161117669268608,0.000905933992280962,0,0.00141550093133926,0.000151449775285721,0.000437504908533096,0.000268310771455765,0.00139489510017872,0,0,0,0.000484836900615692,0.00044199255292654,0.000274015514173508,0.000598165935716629,0.0157339362911082,0.000111017169628144,0.000161402946281433,0.00204926223544121,0.0167251970370412,0.000196117563142776,0.000819993513050078,0,0,0,0.00039373904165268,0.00684829003916502
0,0.0430147086080932,4.46215436124801e-05,0.000103739238367081,0,0.00198152055038452,0.000412383282895088,0.00306914076769352,0.00827936676156524,0.000503080632197857,0.362681473399544,0.00116815749932527,0.291618644559803,0.0018721175385189,0.000682184194836617,0.00112848332485199,0,0.00752082800923346,0.000132889431653023,0.000252616170959473,0.000889120696306229,0.0143489383543325,0.000659882098431587,0.00615803148392916,0.0838287148972891,0.0177483790095019,0.0162426481255817,0.00105098053910494,0.000791486920537951,0.000352979705171585,0.0182313133337331,0.00168247752448082,0,0.0203581979987383,0.00038058515474081,0.0456927980874252,0.103270583384815,0.176986952255959,0.00403934510557652,0.00475826101632357,0.00247482081959724,0,0.000478856608257294,0.00480923095977545,0.000292043361983299,0.00012216519238472,0.00112403111025095,0,0.0296195535286975,0,0.00163150656676769,0,0,0,4.76645267343521e-05,0,0.000196375625445842,0.00106986767424345,9.72117130565643e-05,0.0311985547468686,0,0.0243449439257168,0.000109254903717041,0,0.000399458950610161,0,5.47622922563553e-05,0,0,0,0.000849183186671735,0,0.00187139394547462,0.00933489895188329,0.000493710537886619,0.00121389645975351,0.000756962139573097,8.38445213699339e-05,0.000119347245225907,0.00244631867856503,0,0,0.00313359215459347,0.000159216333403587
0.000661732715599537,0.00752849842925547,0.0274557545590853,0.0459982549308514,0.00157063393565655,0.00717523977623463,0.0211155800424671,0.00988654209611181,0.106660756199677,0.02396691449476,0.00152720707476139,0.0539994164925957,0.0437706482054544,0.0142121172451544,0.021664157404368,0.0265267668529701,0.00475417070443869,0.00049836542485714,0.000746026821269986,0.0172569601038766,0.0344820188373398,0.0250371325074077,0.0405412879436374,0.228871082241082,0.000315441272306443,0.0183365400230598,0.239734187111335,0.194769035066965,0.00800444599972487,0.0104706180988169,0.000917056448285581,0.00129788957256317,0.00329315357304811,0.0324599309080839,0.157797098807559,0.208600057543116,0.0167025505989432,0.0576227658981514,0.0188304649211597,0.0439636370608949,0.00603875060563087,0.000478856608257294,0,2.54961833766645,0.366388495758112,0.594449963997953,0.910555695083318,0.344300886732616,0.152652397715928,0.013254196033566,0.0155156671258235,0.593184787469201,0.11487303489604,0.00984185817326545,0.174436232749204,0.388734609603653,0.57682011635803,0.0806428871377447,0.26195227436609,0.0904695564541125,0.189930465027251,0.0118697002124548,0.297543200384674,0.0351569642886758,0.974514165676952,0.0565201338212013,0.314153101224761,0.149912240745055,0.0778341374364422,0.823037049824224,0.0529626905197406,2.88638759646457,0.449135729549024,0.00073676935546875,0.9392125929438,3.09343348048961,1.8613977075594,0.114694051863613,0.182774915964968,0.0618551916866541,0.10676874425859,0.0102135222501826,0.161217238090124,0.962749827520859
0,0.00848389672234293,0.012890819604485,0.00026437509106636,0.000670681410369873,0.000107492477431297,0.000194689223241806,0.000269483866446018,0.00284142165236235,4.14673905229568e-05,0.0519323777489162,0.000387574892771244,0.101259201724198,0.000458875260779857,0.00104877359115601,0.00471282617822885,0.00178058543270588,0.00187173562581539,0.00149275577572346,0,0.00134897423156262,0.00513044970469952,0.00668927640197039,0.00368083907014131,0.00453601265494108,0.0334328577528763,0.210812347118404,0.00123845828253507,0,0.000256114167280197,0.0157858642779922,0,0,0.00339094559524297,0.0655444047620415,0.010504141628387,0.007347021170218,0.00793784538891079,0.0059591023691082,0.000623944919672013,0.00041069736831665,0.00480923095977545,2.54961833766645,0,0.523080346197502,1.14322576628053,0.0468922743182588,0.0401122070664024,0.0261938786314773,0.00494250174065352,0.0136919120384717,0.282326071858828,0.00179370442512989,0.00150807111186505,0.00249050221952677,0.0357176261940551,0.0159442446108985,0.00387218320344687,0.00592853370979786,0.113599092252545,0.00465779112338305,0.106682747238629,0.0222092073021913,0.00980117302089216,0.168345740690818,0.0606112853756905,0.331219828686955,0.131777725381644,0.0019270276658535,0.0878456378291987,0.0118361088140702,0.921301160971352,0.0179656570595026,0.00181569110579252,0.77157839554858,0.976896837570363,0.121442359938848,0.0103310131914425,0.0282006611894918,0.187555262253349,0.00295470529277086,0.000497507323000431,0.0529782871334982,0.195893739007351
2.73468064498901e-05,0.00328518423636675,0.010220765163424,0.0074440712408066,0,0.000423883182785511,0.00264746922056436,0.000799642872619626,0.010446784643476,0.0032446702189064,0.00172151707482576,0.0106097439237928,0.0204910584632635,0.00109036683676243,0.00212478349930287,0.00464169546708584,0.00130833045151234,0.000112120703201294,0.000466789038484096,0.00266487095710516,0.00285746108000993,0.00570072619336366,0.0092106957402277,0.0256970433952546,0.000731103763668541,0.0104926243885302,0.107390919879706,0.0257502831968594,0.000631730939469337,0.00079531688803196,0.00186253260937214,0,0.000402725985774994,0.00615090743647099,0.0102465983778477,0.0160471504190969,0.00178701927755356,0.00711088824638844,0.00228304692126274,0.00667837468215465,0.000634227794923782,0.000292043361983299,0.366388495758112,0.523080346197502,0,0.253676958286536,0.024244234740808,0.0224486657069063,0.0584690793388224,0.0208176855373907,0.00620898307532072,0.272801851518309,0.0266500449521756,0.000512673434872627,0.0233468401650453,0.200637738897235,0.108934560730355,0.00867898140127658,0.068094751996994,0.142605524502776,0.0553824397483313,0.0690029865678406,0.107128657063536,0.00327484188379526,0.137334737769628,0.03831608015414,0.25430317131541,0.169497268063681,0.0104102245327664,0.810937228699798,0.00774182125483278,1.49339359519517,0.0510952209829188,0.00127903395320892,0.432008135760176,1.21607761341788,0.543967982712837,0.124737915777737,0.510042731466308,0.0632694853805423,0.0409071541001701,0.0200454800547195,0.158701350363658,0.031192971269052
0,0.00422370590283394,0.0123893059235572,0.00322087126795292,0.00274273035970688,0.000366395936822892,0.00296725930050373,0.000406992939491272,0.00634539662268877,0.0013323816999507,0.00061642824041605,0.00383705543333531,0.00614501173523426,0.00115356998881817,0.00286765418230533,0.00619647599234104,0.00179310445276022,0.00100925102056503,0.00152406825695514,0.00153828660020828,0.00444759413826943,0.0073443591462207,0.0194154281705618,0.0163056761333585,0.000244595393028259,0.0170601555694556,0.134609292918191,0.0129145478952384,0.00101155414995432,0.00162254412095547,0.00043534643273592,0,0.000348936348381042,0.00347791895868301,0.177221476622136,0.0179467890978026,0.0160954473442197,0.0101596141110992,0.0307203995891189,0.00340938107854843,0.000787969371514323,0.00012216519238472,0.594449963997953,1.14322576628053,0.253676958286536,0,0.171361505182421,0.280834780409775,0.00717414754257202,0.0146525980742026,0.00818425542317392,0.357538357632916,0.00842675620527148,0.00582059897545338,0.0169144133564472,0.131274983787939,0.0589981012237716,0.00367103713459968,0.0199593061935425,0.0530050830508876,0.0357740068831658,0.00169475942195892,0.0641111366371965,0.0124762254639673,0.256180038808386,0.0610205289305448,0.268696370571963,0.131937790805583,0.00437511872693539,0.667655015265283,0.0118899362717056,1.84130627526331,0.0426265207937837,0.000250364866418839,0.638736436417,1.40428653954418,0.469561574828503,0.0561637093554211,0.242046293221944,0.0247538305408001,0.0175532626002288,0.00753699209999087,0.0872434341563057,0.252921975919897
0.00062722924062252,0.00103628877424478,0.00479856672012806,0.239632605152456,0.0188964931310391,0.0176612916391968,0.0211698521539664,0.0205967928618622,0.0508108205778837,0.0680311990591764,0.00345038057822227,0.139717666073913,0.131246479744084,0.0164686912890673,0.0459282625524115,0.00343478420719385,0.000872393621206285,0.000441494652514458,0.000494788225135803,0.0474242599937654,0.0167089072884178,0.00169426037508488,0.00976030157820227,0.101186680252834,0.000720759328393936,0.00106970906589031,0.013464502103777,0.135607139565804,0.00963509174910308,0.00769624031977414,0.00029328929523468,0.00433556672543049,0.00159861354143142,0.0248062368992329,0.0194351005042791,0.109031201093581,0.00279116132118702,0.0395464818930316,0.00776440883327005,0.360542916921701,0.00635373046275616,0.00112403111025095,0.910555695083318,0.0468922743182588,0.024244234740808,0.171361505182421,0,0.41509967743058,0.0554707187098074,0.00185796576374531,0.0316470739885569,0.0110753867278719,0.0869217513738585,0.743331609426743,0.744283884551554,0.0638441373120332,0.401979888590434,0.0966769485609766,0.097698843810847,0.0078486244463897,0.17285209899745,0.008730468340559,0.0562961876796842,0.447558623569014,0.0292278598272014,0.000887823820266724,0.00354466095708132,0.00137710766262531,0.0230037861634612,0.0454479899444318,0.0421978271107793,0.115337092984106,0.243509955293098,0.00617038528776169,0.0103167452490807,0.108314872320542,0.244636719039867,0.0153969336646914,0.0198980362255883,0.00186650731714726,0.046965527280035,0.00154115321456909,0.0501455586795974,0.0289841241809535
0,0,0.000793008576807978,0.00228776953834534,0,0.000511109036593437,0.000938534880037309,0.000249573129322529,0.00400743969545603,0.000870087405688763,0.000140730100193024,0.00251555729185581,0.0114017842061949,0.000228778864459991,0.000472585491657257,0.000500882045402527,4.90856584453583e-05,0.000177268566827774,0,0.000558595612492561,0.00109203102707863,0.0003538372240448,0.00142965208628655,0.00850059093364481,0,0.000645844913506508,0.00219166739024878,0.00757749310976746,7.01078438472748e-05,0.000315998266439438,0,0,0,0.00171587698692798,0.0121406602624584,0.00808826859744788,0.00176274550496578,0.00191119213505745,0.000989127505302427,0.00350886471945763,0.000223729291162491,0,0.344300886732616,0.0401122070664024,0.0224486657069063,0.280834780409775,0.41509967743058,0,0.0159694314201593,0.000287586346979142,0.000255341412906646,0.00487187229995727,0.00631116968560696,0.473587005049989,0.426669235192616,0.0222333903547454,0.0762107708601453,0.00442477027813911,0.0158866096945667,0.00508701814959526,0.0101017457282996,0.000654869229254723,0.00949730482048988,0.0353071174436545,0.0112543672658229,0.000177826709589958,0.00711626513566017,0.00172470061765194,0.00434461622866631,0.0222086934358335,0.000862917139992715,0.0408943176120114,0.0145273480127406,0,0.0122889400097322,0.0258463556994868,0.0618550521238733,0.0087693079665756,0.0120801123163104,0.00182785360435009,0.515678504339154,0.000461291397943496,0.0449040031289291,0.0295993031765985
0,0.0118627565409565,8.87820751476288e-05,0.000570275537252426,0,0.000348473257935047,0.000464268887529373,0.000763204627132419,0.00271985314683437,6.15953247570992e-05,0.108983731898825,0.000407959868545532,0.194855967649734,0.000231035435357094,0.000210489540967941,0.00112415743995667,3.94713547325134e-05,0.00233755371937752,6.39816409063339e-05,0.000182824707269669,0.000915289436151979,0.003033202635355,0.0010660627945447,0.00370453844144583,0.023667484296298,0.00314136235798359,0.0179636417592501,0.00239878493084907,0.000138313999872208,0.000413149015460015,0.0101218530067134,0.000247435766630173,5.11156199741364e-05,0.0044455711313653,0.00160494650196076,0.00521025673378945,0.00589456968093395,0.0153634416877484,0.000320378830418587,0.00504655848830223,0.00010034376912117,0.0296195535286975,0.152652397715928,0.0261938786314773,0.0584690793388224,0.00717414754257202,0.0554707187098074,0.0159694314201593,0,7.84804230594637e-05,0.0212506198163223,7.52803204679489e-05,0.00127656453915596,0.00019222510588646,0.00433293725315094,0.00348130466674805,0.016000982554028,0.0218034033066058,0.00395086403195858,0.411439263568575,0.00567078966587305,0.610099845592389,0.00750538265476941,0.000822119846735,0.00492724320747614,0,0.00207276832929611,0.000121871243004799,0.00188481556484699,0.00172824088786125,0.0114989879330277,0.000921648160650728,0.019816506584301,0.0965143550497059,0.00925173809894085,0.0204895846723222,0.0162588071038556,0.00323710902485133,0.00218449485546827,0.0398855084127474,0.00650288787759304,0.000105030453615189,0.136611949650007,0.00333379851256371
0,2.93410824537277e-05,0.000437221734595299,7.86040762424469e-05,4.19109130954742e-05,7.60770660209657e-05,0.000105824819555282,0,0.000882012965884211,0,0,0,0.000112844827215671,2.83542062616348e-05,0,0.000371257525033951,0,0,0,0,0.000311781405959129,0.000145546055316925,0.000840917963111399,0.00109689409767151,0,4.82479436731339e-05,0.00219783016727686,0.000896058694009778,0,0.000228699747748375,0,0,0,0,0.000164726082229614,0.000840044099028111,0,0.000165002368726731,0,0.000120077201242447,0.000109216782231331,0,0.013254196033566,0.00494250174065352,0.0208176855373907,0.0146525980742026,0.00185796576374531,0.000287586346979142,7.84804230594637e-05,0,0,0.0829798405965113,0.00083359605452299,0,0.0023460189821291,0.732368972987399,0.0594980812051606,0.000672488685207367,0.00371953029326677,0.00146332520205259,0.00137976074681997,0.000153435317373276,0.600652770612388,0.000358096432099342,0.000904321828365324,0.0136637819926143,0.00270593133412599,0.0172144962710309,0.000313087098269462,0.00436201376079082,0.000232609135365486,0.0198667706496048,0.0028671600311923,0,0.0316061997956586,0.020404200855639,0.0252295962702656,0.527234179188001,0.700499845839407,6.28283738565445e-05,0.000466969412276745,0.00174199196442604,0.0171607450455308,0.00225142736160278
4.70532609558106e-05,0.176971821491525,0.0275502356706476,0.000444650604400635,0,2.38606215047837e-05,0.000553739247293472,0.000355277273461819,0.00476513744966984,0.000127128221890927,0.00788473027425528,0.000146414193592072,0.0166357585723257,0.00046054689334631,0.000185511654353142,0.00591086653805494,0.00856623976213929,0.000673293414816856,0.00181433991259575,9.55196739006042e-05,0.000395246049649715,0.0427386974915743,0.00657706108206511,0.00544755423974991,0.0369820226042032,0.0370330731792569,0.712237905219147,0.00179575478674651,0.000766610685439106,0.000540013046135902,0.00213761066406011,0,0,0.00741274028831722,0.000726871535396576,0.0102117012438082,0.00750034187173601,0.0119517538670469,0.00377495516468525,0.0001160656853199,0,0.00163150656676769,0.0155156671258235,0.0136919120384717,0.00620898307532072,0.00818425542317392,0.0316470739885569,0.000255341412906646,0.0212506198163223,0,0,0.00446569137411833,0.000214088939573765,0.00215824439173937,0.00109298388650894,0.00060807876598835,6.96508498048782e-05,0.185204029266235,3.80729615449905e-05,0.00785851411986352,0.00055934840672493,0.0450753588214302,0.000112819123928547,0.0100098301342106,0.113410138158681,0.0101897935888338,0.000983734977335933,0.0019107038267827,0,0.00531412561338187,0.449572793986438,0.00486445367028952,0.245314068511412,0.0678598810287094,0.0163800345402002,2.25650863900989,0.0190250499290586,0.000285100505361557,0.000713415806071758,0.0015890969578886,0,5.09333000135422e-05,0.00533930900492906,0.000748122007598879
0.0003716962602067,0.00578788208048344,0.112598125806692,0,6.47974537038803e-05,2.30005279684067e-05,0.00217411840378046,0.000517600289061069,0.00200983342766762,5.53547638607025e-05,0,4.31328291606903e-05,0.000374109493288994,0.00144130966695786,0.000199273744754791,0.00654352207634211,0.0238491117721939,3.75330364751816e-05,0.000675281117627621,2.98334651112557e-05,0.00161564208618164,0.00684623737378835,0.03677835257442,0.00598156138559819,0,0.00956439752572058,0.444072080258102,0.00357215947577477,0.000947477354872224,0.00231773225458145,0,0,0.000117660574285984,0.0115811477469635,0.0191943564605856,0.0235144448182154,0.00618213514019966,0.0190123506240678,0.00936541662289381,0.000461744265589714,0.000274654555106163,0,0.593184787469201,0.282326071858828,0.272801851518309,0.357538357632916,0.0110753867278719,0.00487187229995727,7.52803204679489e-05,0.0829798405965113,0.00446569137411833,0,0.000567251296291351,0.000258290966963768,0.00480114759455681,0.653245840622578,0.136784464044957,0.000617673007700444,0.00349688764757752,0.00277082457050085,0.00191579476590157,0.000125021109323502,0.318008344789524,0.00206867241513491,0.00628389110122919,1.76565491066396,0.01866970702986,0.353314222329147,0.00139455549170494,0.306441956374991,0.00549236094022036,5.65656340032502,0.00207819384025812,5.3226340970993e-05,2.49483592108645,1.24946139645463,0.898228267027796,0.0848610432696105,0.411694051387725,0,0.00120266115201473,0.00278402113440513,0.165419284808149,0.0446596331186199
0.000290729663944244,0.000229401703219413,2.72035030388832e-05,0.24060541540922,0.00493612456223488,0.00524948812688112,0.028881859691441,0.00472667962366104,0.0610467082399463,0.0678861990600085,0.000346286467344761,0.0763795447159693,0.00416048107852936,0.00666404970710277,0.0125418931776595,0.000335380304718017,0,7.9987829825878e-05,0,0.0498082133932543,0.000448128324165344,0.000696089213719368,0.000337930317864418,0.0683019765529919,0.000111700747032165,0.000270906283321381,0.00119947167749405,0.120076209698053,0.00260329329956531,0.000103184073371887,0,0.000126862964401245,0.000299179368188381,0.00706529151226044,0.00148638510331392,0.0202284901355696,0.000129604332668781,0.00901919862468482,0.000744143407487866,0.0814627002336572,0.00103447685504437,0,0.11487303489604,0.00179370442512989,0.0266500449521756,0.00842675620527148,0.0869217513738585,0.00631116968560696,0.00127656453915596,0.00083359605452299,0.000214088939573765,0.000567251296291351,0,0.00596327351848126,0.0777507179327956,0.0076177428731632,0.111956159735935,0.156172300482316,0.474449587508694,0.0114738792153811,1.50125285457707,0.000581811501932144,0.0845210153034499,0.0434352409133684,0,0.000144161584382057,0.0143495252344966,0.00601881433859825,3.2192957652577,6.56615262651443e-05,0.000667935150675773,0.000361951886157989,0.780806183964993,0,0.0140687609040141,0.00471378494876504,0.384631337822328,0.02439419691993,0.000553066295793056,0.00109429988614082,0.00841858061054705,7.60627081561089e-05,0.0385184747059786,0.0125821154649782
0,0,0,0.00561184382121563,0.000269252400326729,0.00032538313038826,0.000175715321087837,0,0.00385597893017292,0.00141091304629326,0,0.00160185897369861,0.00061020699382782,0,0.000770124870929717,0,0,0,0,0.000181182262887955,8.62116164016724e-05,0,5.70638937520981e-05,0.00182341002180576,0,0,0.000742227346630096,0.00175190298073053,0,0,0,0,0,0,0.000944713824563024,0.000641067626008987,9.74416556167599e-05,0.00022261772151947,0,0.00777772651253701,0,0,0.00984185817326545,0.00150807111186505,0.000512673434872627,0.00582059897545338,0.743331609426743,0.473587005049989,0.00019222510588646,0,0.00215824439173937,0.000258290966963768,0.00596327351848126,0,0.124871748692322,0.00289789460890532,0.00460817103378296,0.0244085985128832,0.00173404141324997,0,0.00812820403088092,0.000283789750413894,0.000866357808880806,0.206790244369483,0.0010298274598217,0,0.000138556200256348,0.000126197704381943,0.00151216055685997,0.000798668696365358,0.00411072556988239,0.00642302343438148,0.0471155989235186,0.00040279539331913,0.000331975230331421,0.00685639165675163,0.0184808314913964,0.000367677256522178,0.00025074289978981,0,0.11656344097003,0,0.255079245077777,0.00156514542129993
4.47037897968292e-05,0,0.000269785524644852,0.0295492466989303,0.000801896314044001,0.000625959662947655,0.00639988191759825,0.000367578465743065,0.0114604598087454,0.00560270354918361,0,0.0135793362093758,0.00649683661295414,0.00036430024336338,0.00308910548822164,0.000156045635719299,0,0,0,0.00351077523655414,0.000175455756897926,7.07461479234695e-05,0.000141588468618393,0.0192014587902832,0,8.95457271766664e-05,0,0.0227587279768968,0.000311004581537247,0.000245503850355148,0,0,0.000124912349309921,0.0018495683264637,0.00482494631361723,0.00668858850311994,4.54399700832367e-05,0.00219740661568165,0.000482565302181244,0.0175946572608519,8.99839053726195e-05,4.76645267343521e-05,0.174436232749204,0.00249050221952677,0.0233468401650453,0.0169144133564472,0.744283884551554,0.426669235192616,0.00433293725315094,0.0023460189821291,0.00109298388650894,0.00480114759455681,0.0777507179327956,0.124871748692322,0,0.271688678865731,1.08562268788559,0.0227728908066845,2.90475514031485,0.0163519356872105,1.08848844550881,0.000927678533241748,0.0613846310548782,0.314990067649899,0.000325651107745171,0.000235214605629444,0.00764671131213424,0.0128568266410017,0.0501269650246346,0.000637336618337631,0.00259108987079859,0.000827828126363753,0.0561361544390345,0.000282187026929856,0.00779210982711552,0.00454854119344712,0.474292399421461,0.018089470931375,0.00431423784303188,0.00107976107751131,0.0510167304844308,0.000293126759870052,0.0862039020996808,0.115502365744478
0.000438547573428154,0.000641921720666885,0.00643803801822424,0.0347758430632746,0.000510830886282921,0.00559991670061827,0.0138337758465099,0.00818419016803267,0.063570709527576,0.0209493106793976,0.00104389000127792,0.0433627473764491,0.0108705236147833,0.0130239823513698,0.0132677871234226,0.00995621669436695,0.000421774228076935,0,0,0.00988091572241308,0.0166606641408134,0.00565018316070557,0.0127592013954306,0.147229921423566,0.0001095677556324,0.000734442044184208,0.0234273375116086,0.130101316357742,0.00728936608135702,0.00263938415407419,0,0.0011226794402647,0.00201949445891618,0.0233634157077813,0.0204007185218525,0.101880146027827,0.00121025664890527,0.0360377047381282,0.00417046982018709,0.0180060462686491,0.00567535075968504,0,0.388734609603653,0.0357176261940551,0.200637738897235,0.131274983787939,0.0638441373120332,0.0222333903547454,0.00348130466674805,0.732368972987399,0.00060807876598835,0.653245840622578,0.0076177428731632,0.00289789460890532,0.271688678865731,0,1.99414710911936,0.0486261051075911,1.9275206135434,0.0326153529486823,0.0178427708595729,0.00213159919617176,3.79659061408606,0.0339807907316351,0.00448522203201056,0.0840356580716446,0.0387116741777516,0.104962300954942,0.00556838463616133,0.0616671903330231,0.00549044776827336,0.219959951687086,0.172228787620461,0,0.182260683968153,0.127234120296435,3.90817168438546,0.46784783225034,1.6372178139103,0.00252392764749527,0.0121653276399279,0.0291250645149636,0.315769050391538,0.146392905787253
2.95692587256432e-05,7.65061245346066e-05,0.000686465883514881,0.0558131805583692,0.000480819439995289,0.00298357582302332,0.0184445532239485,0.00255516942084789,0.036079110315063,0.0159121943738079,0.000315187717831135,0.0404586934320688,0.0240661827937031,0.00218902116098642,0.00612872334546089,0.00265464861677885,0,0,0,0.0137612021688652,0.00378784004047394,0.00158933860346317,0.00276292178496122,0.0701946962123823,3.85208055639267e-05,3.30979364490509e-05,0.00166288948064089,0.0787578372763825,0.00192242206157684,0.00102801155509472,4.96853642463684e-05,0,0.000949666111135479,0.00851660143317459,0.00266258302212953,0.0347441954781461,0.000201270690779686,0.0115315997349286,0.000504391298289299,0.0259965176924085,0.000980664084692004,0.000196375625445842,0.57682011635803,0.0159442446108985,0.108934560730355,0.0589981012237716,0.401979888590434,0.0762107708601453,0.016000982554028,0.0594980812051606,6.96508498048782e-05,0.136784464044957,0.111956159735935,0.00460817103378296,1.08562268788559,1.99414710911936,0,0.0254240996908164,1.58350807084776,0.0646865508076858,0.357013182786691,0.00873617062347652,1.7545137383687,0.0388944076318503,0.00197554898327351,0.013873394576869,0.0464485983148885,0.0197937915665388,0.0779125352763142,0.00485905371524334,0.00263997784582615,0.0223554319242883,0.0755742070590306,0.000101260637447834,0.0792030371422576,0.0346606801539015,0.693126218130412,0.19009114515202,0.167497576656819,0.00815112108384847,0.273243667555103,0.00118670718888045,0.139034792285457,0.0430896885815334
0.000126062866151333,0.00491492351359606,0.00440237831125259,0.0933168461149122,0.00301709842502117,0.0042088521552515,0.0153249525518417,0.0066910828510952,0.316752489950116,0.0132252064056373,0.0103258975242877,0.0304546076942897,0.0260330380648828,0.00685945786602258,0.00883288728168729,0.0018132589094925,0.00124478126949548,0.00113998745516539,0.000675405332121849,0.0065280403211689,0.00337314016755581,0.00559149990134954,0.00298280054383278,0.173852149935994,0.00356325699924231,0.00358298708516836,0.0334870980321765,0.0943482564702771,0.00401436399629831,0.000602268778495788,0.00336948122227907,0.00109742852232456,0.00116652599292755,0.0080322955178261,0.00964810746242521,0.0395435078905106,0.00157760308288336,0.0131924159442186,0.00183939592333317,0.0273308242304778,0.00161117669268608,0.00106986767424345,0.0806428871377447,0.00387218320344687,0.00867898140127658,0.00367103713459968,0.0966769485609766,0.00442477027813911,0.0218034033066058,0.000672488685207367,0.185204029266235,0.000617673007700444,0.156172300482316,0.0244085985128832,0.0227728908066845,0.0486261051075911,0.0254240996908164,0,0.0278619359660482,0.00866847771181581,0.0517402740964794,0.0355438707161021,0.0155312488854218,0.118408062521174,0.0160408530704069,0.000970948649597165,0.00205219830285787,0.000677603214569091,0.0235455168718529,0.000568263633041382,0.545619745524387,0.00112192624292851,2.96931831411553,0.0520665896385312,0.00239681836064815,0.28845047190706,0.427031306599059,0.00790541914263724,0.00506268484767437,0.000502735954585076,0.00185342628149986,0.000470474688305855,0.0107157490066123,0.01250803355052
0.000149858039631843,0.000125533278744221,0.000108219321312905,0.0856301455484821,0.00138195537842989,0.00221901597165584,0.0186741393753433,0.00137584736284018,0.0225490807148767,0.056268158112874,0,0.0498807180718768,0.00833030210310459,0.00216588621739626,0.00618348997433424,0.000300797260079384,0,0,0,0.0103273863698566,0.000701784817249775,0.00037077687789917,0.000262629202873707,0.038141048293426,0.000112051707429886,0,0.000626540752286911,0.0725122232351017,0.00156155621298551,0.000367274484279156,0,0,0.000401041495063305,0.00693380069918632,0.00121423681375265,0.0199151648484493,9.26501684617995e-05,0.00712489562763691,0.000934429013979436,0.0339482652676392,0.000905933992280962,9.72117130565643e-05,0.26195227436609,0.00592853370979786,0.068094751996994,0.0199593061935425,0.097698843810847,0.0158866096945667,0.00395086403195858,0.00371953029326677,3.80729615449905e-05,0.00349688764757752,0.474449587508694,0.00173404141324997,2.90475514031485,1.9275206135434,1.58350807084776,0.0278619359660482,0,0.0416950171671367,1.19608063132982,0.00235946400319576,0.351656716911292,0.0481737266246188,0.000141786567059756,0.000370159522218704,0.0484472083393836,0.0191061055159092,0.491527255603226,0.000496125454902649,0.000602758846557141,0.00223085586578608,0.0941973751862527,0,0.0513521049387252,0.0212179371429169,2.10798284026256,0.0953625404989566,0.00265891051869392,0.00452041547987222,0.0193943666608644,0.000881866968612671,0.102354530645556,0.0321698813344788
0,0.00930975911288741,0,0.000782422504627708,0,3.24629677319527e-05,0.000185883883895874,0.000275989188537598,0.00346935954301357,4.90073869514466e-05,0.174827568692801,0.000490495737175941,0.364726020492661,0.000240569473729134,0,0.000447385876264572,0,0.00324028068695068,0.000457686418733597,0.000213624951896667,3.84857008552551e-05,0.00317918716794491,9.35448118972781e-05,0.00255661797878981,0.0309072284220743,0.0224224316382337,0.0742009585477494,0.000732035705044268,0.000108204883260727,0,0.0498618355171681,0,0,0.00529052288080216,0.00126951386309623,0.00129656069744825,0.00690911781738996,0.0157332900571561,0.00051738713599205,0.0010399243763423,0,0.0311985547468686,0.0904695564541125,0.113599092252545,0.142605524502776,0.0530050830508876,0.0078486244463897,0.00508701814959526,0.411439263568575,0.00146332520205259,0.00785851411986352,0.00277082457050085,0.0114738792153811,0,0.0163519356872105,0.0326153529486823,0.0646865508076858,0.00866847771181581,0.0416950171671367,0,0.0450008437567377,0.772257005720842,0.145909486520448,0.00119992461015701,0.00112228898869515,0.00119548049230814,1.19566186476235,0.102048722980435,0.0164901174408531,0.000649931612627506,0.00393341829641819,0.00197276982727289,0.0108857591016912,0.0833776946715831,0.391308538432074,0.0417331896173072,0.0277030264575076,0.131487652701087,0.00738270523878336,0.275377990751403,0.0402030454456973,8.51156247711179e-05,1.50775763719978,0.00472810122349262
0.000205018121681214,0.000276485548052788,0,0.134473179425276,0.00671540188184023,0.00733445956636191,0.0213999324738121,0.00826851949977634,0.0531037405088281,0.0475801581151557,0.000551374787607193,0.0761169103702712,0.0134820399312043,0.00812293031451701,0.0228268430032825,0.000455878107962608,3.18729862689972e-05,0.000298017356386185,0.000204384962596894,0.0266837604631948,0.00132204754599094,0.000656754478676319,0.00122651920752525,0.0608553340363955,0,0.000839324248781207,0.001604743335464,0.0901202109185025,0.00428181971951723,0.000362267308402061,0,0.000661297268106937,0.000216127013025284,0.00972826239179138,0.00774584194678548,0.0295067720104551,4.0864949684143e-05,0.0137960894008541,0.00128934138745308,0.109675235550763,0.00141550093133926,0,0.189930465027251,0.00465779112338305,0.0553824397483313,0.0357740068831658,0.17285209899745,0.0101017457282996,0.00567078966587305,0.00137976074681997,0.00055934840672493,0.00191579476590157,1.50125285457707,0.00812820403088092,1.08848844550881,0.0178427708595729,0.357013182786691,0.0517402740964794,1.19608063132982,0.0450008437567377,0,0.00389320033704758,0.275408572510503,0.175925225441244,0.000114044355847836,0.000287351775226593,0.0525431389194846,0.0147066275605417,0.737857544901171,0.000224637390897274,0.00114401808384418,0.00133593061522007,0.263001269597168,6.95712823104858e-05,0.0452987198479879,0.0180699187356019,0.30850800928708,0.0676863293955946,0.00312510342296362,0.0058450378277278,0.0183394889594579,0.000309593878512383,0.041573055481503,0.048199463006351
0,0.0153529980390859,5.66620382452011e-05,6.3252551779747e-05,0,8.26027275180816e-05,0,0.000480611800346375,0.0116450796153831,0,0.277207021754852,0,0.951747935604059,0.000745035929210185,0,0.00144218762276173,0,0.00684805192833423,0.00223569771708012,0,0.000171966771898269,0.0139520771955085,0.000312007382497788,0.00480972541213274,0.17177013447856,0.119866930099232,0.702207283726323,0.000201019834499359,0.000338951865320206,0,0.255662146156354,0.000106930390319824,0,0.00913778757092716,4.07424364614487e-05,0.00296548665358543,0.0150349744273067,0.0198668550976896,0.00228624453588009,0.00045192174791336,0.000151449775285721,0.0243449439257168,0.0118697002124548,0.106682747238629,0.0690029865678406,0.00169475942195892,0.008730468340559,0.000654869229254723,0.610099845592389,0.000153435317373276,0.0450753588214302,0.000125021109323502,0.000581811501932144,0.000283789750413894,0.000927678533241748,0.00213159919617176,0.00873617062347652,0.0355438707161021,0.00235946400319576,0.772257005720842,0.00389320033704758,0,0.0149017432091188,0.00101177545178891,0.00585723443190336,0,0.00161899481341839,0.000128342589511871,0.00112873205941916,0.000261170164232254,0.0209580879575157,0.000315654124131203,0.0251706119855404,0.559535226546564,0.0101585696495747,0.136781675871133,0.00343320792168617,0.0129652473776937,0.000426368393740654,0.171282366258917,0.00443421417729377,0,0.26108233756736,0.000175945350337028
0,0.000319579549212456,0.000934656596431729,0.0212243893820858,0.000210360781803131,0.00034862214195013,0.00716899897911072,0.000413697006940841,0.0239217347867131,0.00429970153754711,0.000870242741532324,0.0144337551708055,0.0143182055775833,0.000655877077682018,0.00155882414644718,0.00484113832906723,0,0,0,0.00470165907088995,0.00371388477863789,0.00129654475317478,0.00278086755563021,0.0435953548235464,3.70789248418808e-05,0,0.00535383340584755,0.0369570389939475,0.000239817914814949,0.00102217905663729,0.000308862925572395,0,0.000815496309027675,0.00209974827658653,0.00131618946127653,0.0186543783826232,7.69835121631625e-05,0.00417337015223265,0.000472193787431717,0.0118196887437129,0.000437504908533096,0.000109254903717041,0.297543200384674,0.0222092073021913,0.107128657063536,0.0641111366371965,0.0562961876796842,0.00949730482048988,0.00750538265476941,0.600652770612388,0.000112819123928547,0.318008344789524,0.0845210153034499,0.000866357808880806,0.0613846310548782,3.79659061408606,1.7545137383687,0.0155312488854218,0.351656716911292,0.145909486520448,0.275408572510503,0.0149017432091188,0,0.00982833357603548,0.00366060541867733,0.0395893651705813,0.0711324740699315,0.0512279354176641,0.0669033335397041,0.0143299156831169,0.00333412496814966,0.0578095840531897,0.0619760226877212,0.000347514423465729,0.15200842112365,0.0759807677173446,0.442789713965825,1.15052103230871,0.842782905091859,0.016712666030066,0.105268826303086,0.00333455061978578,0.195722995527706,0.0229641541501808
0,0.000485459483642578,0.000294282105288506,0.0497502830061507,0.00468281228947878,0.00165923218462229,0.00381665319344759,0.00115361360421896,0.0256855912718367,0.00806224859858036,0.000133789744548797,0.0206725827337432,0.00166239877541542,0.000408974517724514,0.00794431343473432,0.000559197884287834,0.000109671054239273,0,9.30449544811249e-05,0.00649177241305589,0.00176503853291988,0.000811617427268025,0.00282005651445866,0.0179201710445595,8.11723027467727e-05,6.95386135625839e-05,0.00356534983196497,0.020912647404449,0.000369655421376229,6.03499788236618e-05,0,0.000200215646696091,0,0.00110504268552304,0.00980790795395848,0.00670470697162628,0.00120286630152226,0.0036711769639492,0.0022160052411747,0.0663661866300559,0.000268310771455765,0,0.0351569642886758,0.00980117302089216,0.00327484188379526,0.0124762254639673,0.447558623569014,0.0353071174436545,0.000822119846735,0.000358096432099342,0.0100098301342106,0.00206867241513491,0.0434352409133684,0.206790244369483,0.314990067649899,0.0339807907316351,0.0388944076318503,0.118408062521174,0.0481737266246188,0.00119992461015701,0.175925225441244,0.00101177545178891,0.00982833357603548,0,0.0222698545050717,0.000139038613679409,0.000519051191940307,0.000910739575066565,0.00909440774531368,0.0479531121611667,0.0192232865158367,0.0587498219407082,0.245437954935472,0.002426216168046,0.0015748214324069,0.0236903161924982,0.171745166914437,0.00411173920696736,0.0148622690109873,0.000142203999495506,0.00279343992842674,0.000510960854759216,0.00551047036020756,0.0503429963059187
0.000394746851069927,0.00950455784600257,0.0113195045338869,0.000342639710540771,0.000379030927248001,0.000595532746646404,0.00429276477732897,0.00221981697147131,0.0964988507987376,0.000178680385973454,0.00144941076007604,0.000705928963000774,0.00905597200115918,0.00113136566893101,0.0021043242700696,0.719847609961409,0.00371833438390016,0.000105913996524811,0.000429286761431694,0,0.153206678632908,0.379210803794739,0.542097488397581,0.148030725679493,0.000430991606719494,0.00124080080990553,0.566132804744439,0.0532099112911606,0.00158997137678146,0.0232908102131081,0.000114695832316876,0,0.000295161625828743,0.0108567666325307,0.0155384803708863,0.0600444012766456,0.00910362664318086,0.0208001894940591,0.0133222889282513,0.00942198158030029,0.00139489510017872,0.000399458950610161,0.974514165676952,0.168345740690818,0.137334737769628,0.256180038808386,0.0292278598272014,0.0112543672658229,0.00492724320747614,0.000904321828365324,0.113410138158681,0.00628389110122919,0,0.0010298274598217,0.000325651107745171,0.00448522203201056,0.00197554898327351,0.0160408530704069,0.000141786567059756,0.00112228898869515,0.000114044355847836,0.00585723443190336,0.00366060541867733,0.0222698545050717,0,0.00246167215786457,0.000523806542787552,0.00442495787312508,3.00705421757698e-05,0.434668014157169,1.27595265490345,0.469976159626114,0.188362033542552,0.00846168723579167,0.00469911602753877,0.763408990058672,0.570116194402935,0.00720409112437963,0.0816795289074112,0.000234805710976124,0.00039214529047966,0.000578822109947205,0.0332654765904379,0.0874322932758737
0,0.00489008688019752,0.0176790083753729,0,0,0,0.000153803546218872,0,0.000376158049607277,0,0,0,0.000489707688696384,2.07591016387939e-05,0,0.00119216804077863,0.00320611083457232,0,0.000218426473302841,0,0.000205809065573215,0.00137927586492777,0.00317065496395111,0.000763574650440213,0.000239253079662323,0.0109920489838671,0.135410953236615,0.000549162894051075,0,0.000335050531110763,0,0,6.33165889406204e-05,0.00122879320507765,0.00126334848106384,0.00249867997389078,0.00130806941144228,0.00147418790098429,0.000714318578767776,0,0,0,0.0565201338212013,0.0606112853756905,0.03831608015414,0.0610205289305448,0.000887823820266724,0.000177826709589958,0,0.0136637819926143,0.0101897935888338,1.76565491066396,0.000144161584382057,0,0.000235214605629444,0.0840356580716446,0.013873394576869,0.000970948649597165,0.000370159522218704,0.00119548049230814,0.000287351775226593,0,0.0395893651705813,0.000139038613679409,0.00246167215786457,0,0.0252119829302216,0.874797928720267,0.000165652861275673,0.0638479782131767,0.00295536151762962,0.920284797816559,0.000834025019845964,0.000200194793658256,0.843739254150836,1.14389694311634,0.0962888050404098,0.0208031439482117,0.167514327629907,0,0.000107283556952477,0.00102945530396462,0.241349098127547,0.00368444174559116
0,0.0014036937904787,0.000563820854537487,0,8.35257312583922e-05,0,0,0.000134739192767143,0.00226054334662914,0.000157165109231472,0.0020461807277298,5.99727603292465e-05,0.00452262061168671,0.000226422804937362,7.29184311103823e-05,0,0.000401837969713211,0.00313087573975325,0.00412881346282482,0,0,0.000351134642601013,0.000299443886654377,6.27117554855347e-05,0.00131653925787449,0.0638056836687684,0.0984224788581131,0,8.08200203418732e-05,0,0.0104937682454896,0,0,0.00132517808499813,0.00972184482713697,0.0030348872669363,0.00418706322302342,0.00359106893549681,0.00166647895769119,7.57602524185184e-05,0,5.47622922563553e-05,0.314153101224761,0.331219828686955,0.25430317131541,0.268696370571963,0.00354466095708132,0.00711626513566017,0.00207276832929611,0.00270593133412599,0.000983734977335933,0.01866970702986,0.0143495252344966,0.000138556200256348,0.00764671131213424,0.0387116741777516,0.0464485983148885,0.00205219830285787,0.0484472083393836,1.19566186476235,0.0525431389194846,0.00161899481341839,0.0711324740699315,0.000519051191940307,0.000523806542787552,0.0252119829302216,0,0.0357315156804371,0.0141526893511677,0.00438300322543144,0.00012454589758873,0.022610358452332,0.00601976852870465,0.000167010636334419,0.168539554866671,0.0406352982754397,0.0362087339837122,0.0540608866666174,0.0176215269895863,0.000527683070940971,0.022566220579133,0.000751980079665182,0.405589355841329,0.0292038393663597
0,0.00154366979827165,0.00308182830465317,0,0,0,0,0,0.00171279762910366,9.66830532217026e-05,4.20036876583099e-05,0.000155391276841163,0.000424999626517296,0,7.26689575195313e-05,4.42684636688233e-05,0.000592630210533142,0.000361940347852707,0.00110562634952545,0,0,0.000516404084951878,0.000562504744377136,0.000550743156416416,2.97699697566032e-05,0.0144921501870846,0.0516819763582564,0.000130822393240928,9.08589180850983e-05,0,0.000131064138507843,0,0,0.000519332408874035,0.00278256357164383,0.00108351395031452,0.000932609446642396,0.000951461849834915,0.000316065541434288,0.000314217717819214,0,0,0.149912240745055,0.131777725381644,0.169497268063681,0.131937790805583,0.00137710766262531,0.00172470061765194,0.000121871243004799,0.0172144962710309,0.0019107038267827,0.353314222329147,0.00601881433859825,0.000126197704381943,0.0128568266410017,0.104962300954942,0.0197937915665388,0.000677603214569091,0.0191061055159092,0.102048722980435,0.0147066275605417,0.000128342589511871,0.0512279354176641,0.000910739575066565,0.00442495787312508,0.874797928720267,0.0357315156804371,0,0.00589885043553829,0.0737191365841987,0.00151954793947935,0.382203730701177,0.00326838862928152,4.95679743432998e-05,0.870123933544667,0.259253016017074,0.0734849724107979,0.037501890514841,0.226294440361355,0.000114683299255371,0.00286518959249496,0.00162580897372484,0.836283157605481,0.0132689546291399
0.000241235700330734,0,3.30752911162377e-05,0.0617888118098617,0.000658709820485115,0.00212580912114144,0.00823366987564088,0.00235037482890844,0.0125930989238477,0.0143084952896476,0,0.0376566387435508,0.00443251476307154,0.00148686727617502,0.00499296093855143,0.000184701680059433,0,0,0,0.00754965738821982,0.000691589903154373,0.000137440764284134,0.000303492624664307,0.0210735850735545,0,0,0.000424009789896011,0.038626644830203,0.000335307273573875,0.000187487290055751,0,0,0.000604203444979191,0.00260348327199698,0.00126300663167953,0.00974008868008376,0,0.0044401453950119,0.000141944600014687,0.0239336117100477,0.000484836900615692,0,0.0778341374364422,0.0019270276658535,0.0104102245327664,0.00437511872693539,0.0230037861634612,0.00434461622866631,0.00188481556484699,0.000313087098269462,0,0.00139455549170494,3.2192957652577,0.00151216055685997,0.0501269650246346,0.00556838463616133,0.0779125352763142,0.0235455168718529,0.491527255603226,0.0164901174408531,0.737857544901171,0.00112873205941916,0.0669033335397041,0.00909440774531368,3.00705421757698e-05,0.000165652861275673,0.0141526893511677,0.00589885043553829,0,0.000104161654336452,0.000241258727095127,0.000789135533552173,0.101304312297771,5.5340178437233e-05,0.0158041338884067,0.00775648570073964,0.11062580017058,0.0255947289447069,0.000952235000810624,0.00136797857672453,0.00692091531626701,0,0.0147414113985658,0.0056030687471652
0.000118856134729385,0.000742874055204392,0.00349682557934046,0.000101779794001579,0.000232745085382462,0.000135510011808872,0.000545600609171391,0.000380015755412579,0.0296246994264722,0.000126763909220695,5.89886885261536e-05,8.33823801684381e-05,0.00546437673992872,0.000814004022989276,0.00056209783056736,0.0786040965926888,0.00111817235803127,0,9.16211354112628e-05,2.51025562262535e-05,0.0464750924180388,0.0323864604479528,0.0588554911036706,0.048012580209496,3.00214046859741e-05,0.000427039308049679,0.0342069922022295,0.0161333372771215,0,0.0103534387308097,0,0,0.000102603508501053,0.00143048700967312,0.0156035574074364,0.0215079967171812,0.00176081784295321,0.0039163836661005,0.00205677965588808,0.00405488475382805,0.00044199255292654,0,0.823037049824224,0.0878456378291987,0.810937228699798,0.667655015265283,0.0454479899444318,0.0222086934358335,0.00172824088786125,0.00436201376079082,0.00531412561338187,0.306441956374991,6.56615262651443e-05,0.000798668696365358,0.000637336618337631,0.0616671903330231,0.00485905371524334,0.000568263633041382,0.000496125454902649,0.000649931612627506,0.000224637390897274,0.000261170164232254,0.0143299156831169,0.0479531121611667,0.434668014157169,0.0638479782131767,0.00438300322543144,0.0737191365841987,0.000104161654336452,0,0.0716065189253139,2.55072727095624,0.0176796160847354,0.000183015048129558,0.0555226267993999,0.259336195913422,1.10923560449017,0.033231023778677,2.8729112551515,3.76382118988037e-05,0.000221959665355682,0.0123111852966714,1.35328158695283,0.167162025739489
9.49816646575928e-05,0.0127273979424047,0.026108004248271,0.00106864834584474,0,0.000182435969974995,0.00205239846124649,0.000366536240794658,0.0854415694858215,0.000282811209368706,0.00465167566987753,0.000780585090193745,0.0115083422737813,0.000365658891813755,0.000323708246984482,0.200873455605526,0.00646864558572292,6.78579740095138e-05,0.000492849161353111,0.000335711482686996,0.0539308842732525,0.366684976601901,0.108722762235403,0.102672436590028,0.00153060868808985,0.00490925681867838,0.440332734713474,0.0221131297174215,0.000478008850564957,0.0121628320653033,0.00180825366461277,7.49958288574221e-05,4.7810016875267e-05,0.00678879741450548,0.00605983958056927,0.0265491742743373,0.00492336989115,0.011498831342361,0.00571219998252869,0.00115645241741896,0.000274015514173508,0.000849183186671735,0.0529626905197406,0.0118361088140702,0.00774182125483278,0.0118899362717056,0.0421978271107793,0.000862917139992715,0.0114989879330277,0.000232609135365486,0.449572793986438,0.00549236094022036,0.000667935150675773,0.00411072556988239,0.00259108987079859,0.00549044776827336,0.00263997784582615,0.545619745524387,0.000602758846557141,0.00393341829641819,0.00114401808384418,0.0209580879575157,0.00333412496814966,0.0192232865158367,1.27595265490345,0.00295536151762962,0.00012454589758873,0.00151954793947935,0.000241258727095127,0.0716065189253139,0,0.054482250699706,1.95287639312334,0.0276188090715981,0.00224446925421953,1.37634969809005,0.241747907916284,0.00275492956888675,0.0393950475505543,0.000651193201911449,0,2.95311155676841e-05,0.00421410129961968,0.0054446501584053
0.000318436851718426,0.00450549430342198,0.0376519415891933,0,0.000266763945035934,0.000608277210102081,0.00339989298751116,0.000778353180148598,0.019185696711073,0,0,0.000173850111994743,0.00126026709038258,0.00177999064650536,0.0013805068486619,0.333211293802285,0.00559173928650856,3.45109627389908e-05,0.000336942563946247,0,0.0484651249803829,0.102599248625493,0.386200286747138,0.0399714798746252,0,0.00338532779725313,0.454504399193444,0.0172586068957114,0.000952131422631739,0.0080802084692144,0,0,0.000222370904946327,0.0089769984672546,0.058586749151988,0.0227411964127493,0.00595846903014421,0.0136472719390798,0.0126317694087982,0.00397050722733736,0.000598165935716629,0,2.88638759646457,0.921301160971352,1.49339359519517,1.84130627526331,0.115337092984106,0.0408943176120114,0.000921648160650728,0.0198667706496048,0.00486445367028952,5.65656340032502,0.000361951886157989,0.00642302343438148,0.000827828126363753,0.219959951687086,0.0223554319242883,0.00112192624292851,0.00223085586578608,0.00197276982727289,0.00133593061522007,0.000315654124131203,0.0578095840531897,0.0587498219407082,0.469976159626114,0.920284797816559,0.022610358452332,0.382203730701177,0.000789135533552173,2.55072727095624,0.054482250699706,0,0.0176508701027298,0.000194425615010261,0.541796568791156,3.53091061857146,1.29146061192086,0.0399840267001748,1.05047111856626,0,0.000414560264625549,0.00485105726657867,1.0985542427411,0.268779498361723
0.00124913115207196,0.0045038967769432,0.00971255516287565,0.31533625799215,0.00777732163375141,0.024009035953753,0.0778031889319607,0.0382730714137745,0.501197230103581,0.104918370454824,0.0104075147366309,0.153528205138936,0.0332563366554093,0.0504644046600294,0.0519883662981891,0.0587307569435906,0.00274503196120262,0.000370675109353066,0.000204977551231384,0.0468597895352411,0.0594769911617804,0.100771324449799,0.0453897376312422,0.78875971553798,0.00232555782406568,0.00215676018294811,0.0655429193851161,0.525016687371425,0.0261930953834009,0.0175732281356335,0.000561635845406056,0.00397722189901829,0.00616480837446928,0.0670162656486511,0.0430238796753073,0.30147676636013,0.00510667975988388,0.112436066904287,0.0105789439782429,0.113242293795268,0.0157339362911082,0.00187139394547462,0.449135729549024,0.0179656570595026,0.0510952209829188,0.0426265207937837,0.243509955293098,0.0145273480127406,0.019816506584301,0.0028671600311923,0.245314068511412,0.00207819384025812,0.780806183964993,0.0471155989235186,0.0561361544390345,0.172228787620461,0.0755742070590306,2.96931831411553,0.0941973751862527,0.0108857591016912,0.263001269597168,0.0251706119855404,0.0619760226877212,0.245437954935472,0.188362033542552,0.000834025019845964,0.00601976852870465,0.00326838862928152,0.101304312297771,0.0176796160847354,1.95287639312334,0.0176508701027298,0,0.0274866321389652,0.00878373606252193,0.294060585075674,1.50137505393684,0.0814381944596455,0.0744402537853539,0.00100899134151221,0.00607895400341749,0.00932236916939019,0.0703345004741049,0.115183595515058
0,0.00548853088387012,0.000143628163154125,0,0,0,0,0.000195902838835716,0.00203431302160263,0,0.0446183945978808,0,0.137200366974749,2.9468885872364e-05,0,0,2.99568062138557e-05,0.000314293544683456,0.000653691845326424,0,0,0.00252721483785152,0.000166093276047707,0.00100949602100373,0.0971317254629658,0.00969204841290235,0.112938957819786,6.96189590907097e-05,0,0,0.0100139997210145,0,0,0.00262733488001346,3.80703695440292e-05,0.00116109263444424,0.00246321688857794,0.00475791204760551,0.00032289944732666,0.000167777331147194,0.000111017169628144,0.00933489895188329,0.00073676935546875,0.00181569110579252,0.00127903395320892,0.000250364866418839,0.00617038528776169,0,0.0965143550497059,0,0.0678598810287094,5.3226340970993e-05,0,0.00040279539331913,0.000282187026929856,0,0.000101260637447834,0.0520665896385312,0,0.0833776946715831,6.95712823104858e-05,0.559535226546564,0.000347514423465729,0.002426216168046,0.00846168723579167,0.000200194793658256,0.000167010636334419,4.95679743432998e-05,5.5340178437233e-05,0.000183015048129558,0.0276188090715981,0.000194425615010261,0.0274866321389652,0,0.00289970921979904,0.446487027253353,0.0017755112397337,0.000203911744709015,7.55136764073375e-05,0.0152883872744679,7.67624465560912e-05,0,0.0172474292274856,0
0,0.027341822721219,0.0435745843959904,2.78147514796257e-05,0.000120888142118454,8.66802050971986e-05,0.000244779568133354,0.000555139218220711,0.00455461096618652,0.000308596978905201,0.0284691129259229,2.25589927411079e-05,0.080638293724108,0.00172025287403584,0.000324538428483009,0.00332550038402796,0.0128230386059689,0.0223808409066081,0.0351886212763095,0,0.000235180096907616,0.00638496914781332,0.00604461729856253,0.00370357542423248,0.0210612124950528,0.53347984334419,1.43609982368289,0.000610755542285442,0.00101561639410973,0.000371997521803379,0.0986503979822944,6.96541786623001e-05,0,0.0236720146458578,0.0267412979150891,0.0186731003318811,0.0486235173413873,0.0457428771670819,0.0102797914684724,0.000285983038344383,0.000161402946281433,0.000493710537886619,0.9392125929438,0.77157839554858,0.432008135760176,0.638736436417,0.0103167452490807,0.0122889400097322,0.00925173809894085,0.0316061997956586,0.0163800345402002,2.49483592108645,0.0140687609040141,0.000331975230331421,0.00779210982711552,0.182260683968153,0.0792030371422576,0.00239681836064815,0.0513521049387252,0.391308538432074,0.0452987198479879,0.0101585696495747,0.15200842112365,0.0015748214324069,0.00469911602753877,0.843739254150836,0.168539554866671,0.870123933544667,0.0158041338884067,0.0555226267993999,0.00224446925421953,0.541796568791156,0.00878373606252193,0.00289970921979904,0,1.65769237845501,0.164966336326611,0.0746615320221092,0.120294353814461,0.021945054481709,0.0177573190635466,0.00156305174769402,0.435136321386531,0.0802662753817748
0.00339139823966503,0.568938209572527,0.884107590914854,0.00075834729101658,0.000670916406898498,0.000343416654160023,0.0195337026719785,0.0048808930289483,0.0266680336772418,0.000130046214652061,0.0315063415694332,0.000959959976384638,0.121948730158353,0.0162189501228797,0.00289318460723877,0.325082616013877,0.209394645816644,0.0384548608983994,0.102429681678057,0,0.0277526446291136,0.560573359007192,0.623747353771984,0.11345163618943,0.191018536443443,1.48886773624237,12.4803868755373,0.0378056515806484,0.0108685879101991,0.0228048494611859,0.108810087608178,0.000285871829366684,0.00185049163361549,0.159522111193514,0.0753512466320726,0.263661872583947,0.224313004157195,0.284911542176185,0.105594096479881,0.00319368229615688,0.00204926223544121,0.00121389645975351,3.09343348048961,0.976896837570363,1.21607761341788,1.40428653954418,0.108314872320542,0.0258463556994868,0.0204895846723222,0.020404200855639,2.25650863900989,1.24946139645463,0.00471378494876504,0.00685639165675163,0.00454854119344712,0.127234120296435,0.0346606801539015,0.28845047190706,0.0212179371429169,0.0417331896173072,0.0180699187356019,0.136781675871133,0.0759807677173446,0.0236903161924982,0.763408990058672,1.14389694311634,0.0406352982754397,0.259253016017074,0.00775648570073964,0.259336195913422,1.37634969809005,3.53091061857146,0.294060585075674,0.446487027253353,1.65769237845501,0,0.908388215490766,0.0479911786513781,0.199558689605727,0.0585283763757706,0.00503943242532492,0.00240058302315473,0.498802278306541,0.193398814242532
0.00131342604583025,0.00304839069688082,0.0199050376341248,0.331722677838946,0.00572507346955061,0.0168253787129116,0.0849258310618255,0.0245261951020217,0.324001833291385,0.104509554233372,0.00146517779139519,0.174501409559369,0.0499917199961615,0.0337655000875353,0.0556939495782566,0.145460676387334,0.00219761985543966,0,7.69893354964255e-05,0.0574836939547205,0.105645503632779,0.0848099102598235,0.127757816401778,0.665114477581501,0.000318166808996201,0.00141312849409818,0.165921910431483,0.558925449913752,0.0236533717829704,0.0317018605168891,0,0.000934168899314405,0.00560727732667923,0.0712124955415892,0.0623147185040903,0.353870273040977,0.00724104372385025,0.103012707894366,0.0149616294104862,0.10670225176629,0.0167251970370412,0.000756962139573097,1.8613977075594,0.121442359938848,0.543967982712837,0.469561574828503,0.244636719039867,0.0618550521238733,0.0162588071038556,0.0252295962702656,0.0190250499290586,0.898228267027796,0.384631337822328,0.0184808314913964,0.474292399421461,3.90817168438546,0.693126218130412,0.427031306599059,2.10798284026256,0.0277030264575076,0.30850800928708,0.00343320792168617,0.442789713965825,0.171745166914437,0.570116194402935,0.0962888050404098,0.0362087339837122,0.0734849724107979,0.11062580017058,1.10923560449017,0.241747907916284,1.29146061192086,1.50137505393684,0.0017755112397337,0.164966336326611,0.908388215490766,0,0.529207939198651,1.52266245525023,0.00244374759999275,0.021069371921196,0.102606377282638,0.718307585001948,0.50094624598516
0,9.54465257263183e-05,0.000521970480701923,0.00487244337238312,0,0.000140124805119037,0.00195128849360705,0.000278430662727356,0.011094462476592,0.00127069430281162,0.000256488009238243,0.00497782634029627,0.00536836127432585,0.000326667035586834,0.00106536454286098,0.00210700341947794,7.58027256917954e-05,0,0,0.00135008449870348,0.00285697004753351,0.00118011419820786,0.00136190201190233,0.0196665546258115,3.31060700440407e-05,3.95784893274307e-05,0.00292314719344139,0.0163613203019285,0.000301390724272728,0.000842444998433591,4.35013050699234e-05,8.96641356754301e-05,0.000127289177348614,0.00149467167187214,0.00136275099407673,0.0104701064690352,0.000130067572653294,0.00308098130982399,0.000163767522997856,0.00372943327783585,0.000196117563142776,8.38445213699339e-05,0.114694051863613,0.0103310131914425,0.124737915777737,0.0561637093554211,0.0153969336646914,0.0087693079665756,0.00323710902485133,0.527234179188001,0.000285100505361557,0.0848610432696105,0.02439419691993,0.000367677256522178,0.018089470931375,0.46784783225034,0.19009114515202,0.00790541914263724,0.0953625404989566,0.131487652701087,0.0676863293955946,0.0129652473776937,1.15052103230871,0.00411173920696736,0.00720409112437963,0.0208031439482117,0.0540608866666174,0.037501890514841,0.0255947289447069,0.033231023778677,0.00275492956888675,0.0399840267001748,0.0814381944596455,0.000203911744709015,0.0746615320221092,0.0479911786513781,0.529207939198651,0,1.00363350753058,0.0133722725178123,0.144233396288824,0.230426522276709,0.667621276123928,0.0201337616092801
4.64604599332809e-05,0.000431955672869682,0.0033739377301526,0.000466193994383812,0.000387315551805496,0.000200038796811104,0.000280525820882321,0.000843500824885369,0.0645589986527682,0.000582265219130516,4.46659240436554e-05,0.000690051004443169,0.0138809601313805,0.0010067282906127,0.00242504262877464,0.0521712799180269,0.000949711776731016,0,0,0.000301902490589619,0.0601660725628137,0.0208777174586248,0.031000655068202,0.0979404307901576,4.98804361581803e-05,0.000568303416788578,0.0131376966171956,0.0540945302474427,0.000351949937431812,0.0128035732769036,0,0,2.07608722615242e-05,0.00235165268321514,0.0104736551524115,0.0450017588522744,0.00242966842291832,0.00682753384594202,0.00264175845946312,0.00892872453638793,0.000819993513050078,0.000119347245225907,0.182774915964968,0.0282006611894918,0.510042731466308,0.242046293221944,0.0198980362255883,0.0120801123163104,0.00218449485546827,0.700499845839407,0.000713415806071758,0.411694051387725,0.000553066295793056,0.00025074289978981,0.00431423784303188,1.6372178139103,0.167497576656819,0.00506268484767437,0.00265891051869392,0.00738270523878336,0.00312510342296362,0.000426368393740654,0.842782905091859,0.0148622690109873,0.0816795289074112,0.167514327629907,0.0176215269895863,0.226294440361355,0.000952235000810624,2.8729112551515,0.0393950475505543,1.05047111856626,0.0744402537853539,7.55136764073375e-05,0.120294353814461,0.199558689605727,1.52266245525023,1.00363350753058,0,0.000134806712658406,0.00160004865824461,0.0976916312799307,1.51198761619139,0.0714292289072943
0,0.00683118536847353,0,0,5.1481187467575e-05,0,0,6.64404377245903e-05,0.00314595151302337,2.57073615074157e-05,0.0734494847166466,0,0.285572908747809,0.000345072351121903,0,0.000240772551369667,0,0.00478429623561144,0.003937118913095,0,0,0.00554810324290037,4.78024792671204e-05,0.00175581035499572,0.0384641649985456,0.163916088120969,0.588060343560762,0,0.000134625547828674,0,0.193526657923873,0,0,0.00590043421964407,0.000641130488533974,0.0018475125229454,0.0143766531620694,0.0122720737316108,0.00129507941874504,4.53588248491287e-05,0,0.00244631867856503,0.0618551916866541,0.187555262253349,0.0632694853805423,0.0247538305408001,0.00186650731714726,0.00182785360435009,0.0398855084127474,6.28283738565445e-05,0.0015890969578886,0,0.00109429988614082,0,0.00107976107751131,0.00252392764749527,0.00815112108384847,0.000502735954585076,0.00452041547987222,0.275377990751403,0.0058450378277278,0.171282366258917,0.016712666030066,0.000142203999495506,0.000234805710976124,0,0.000527683070940971,0.000114683299255371,0.00136797857672453,3.76382118988037e-05,0.000651193201911449,0,0.00100899134151221,0.0152883872744679,0.021945054481709,0.0585283763757706,0.00244374759999275,0.0133722725178123,0.000134806712658406,0,0.00532109287945748,9.1431797976494e-05,0.075593387094612,0.00324299121994257
0,0,0,0.000479536267318726,0,0,0.000203775703668594,0,0.00198053096082687,0.00019855838716507,0.000450349638648033,0.00104695080115557,0.00700867072930813,0,0,0,0,0,0,0.000303633927726746,0.000549129033329487,0,8.54383245563506e-05,0.00242987626628637,0,0,0.000111490788452626,0.00117847411826849,0,0.000145741673369407,5.09147052240371e-05,0,0,8.39055070781706e-05,0.000519324851760864,0.00170214157073021,0.000249422643728256,5.37588801383972e-05,0.000127978244333267,0.00167601093286515,0,0,0.10676874425859,0.00295470529277086,0.0409071541001701,0.0175532626002288,0.046965527280035,0.515678504339154,0.00650288787759304,0.000466969412276745,0,0.00120266115201473,0.00841858061054705,0.11656344097003,0.0510167304844308,0.0121653276399279,0.273243667555103,0.00185342628149986,0.0193943666608644,0.0402030454456973,0.0183394889594579,0.00443421417729377,0.105268826303086,0.00279343992842674,0.00039214529047966,0.000107283556952477,0.022566220579133,0.00286518959249496,0.00692091531626701,0.000221959665355682,0,0.000414560264625549,0.00607895400341749,7.67624465560912e-05,0.0177573190635466,0.00503943242532492,0.021069371921196,0.144233396288824,0.00160004865824461,0.00532109287945748,0,8.17268479156495e-05,0.826387875795759,0.00852724787557122
0,0,2.2376349864006e-05,0.000459084950623512,0,5.80861910676956e-05,0.000179427421889305,0.000207956835279464,0.000599760666475296,3.64810741853714e-05,0,0.000257964899311066,0.000133055527768135,0.000165584389972687,0.000157709873714447,0.000181899250230789,0,0,0,9.11562440013884e-05,0.000503432624194622,0.000128994980549812,0.000145858391432762,0.00197020594388723,0,3.75122441196441e-05,0.000433690098609924,0.000848208882551193,9.37568705177308e-05,0,0,0,9.84032446289059e-05,0.000713852759785652,0.000471389426250458,0.00159062883695841,0,0.00054741235499382,0.000124534669196605,4.55691410207748e-05,0,0,0.0102135222501826,0.000497507323000431,0.0200454800547195,0.00753699209999087,0.00154115321456909,0.000461291397943496,0.000105030453615189,0.00174199196442604,5.09333000135422e-05,0.00278402113440513,7.60627081561089e-05,0,0.000293126759870052,0.0291250645149636,0.00118670718888045,0.000470474688305855,0.000881866968612671,8.51156247711179e-05,0.000309593878512383,0,0.00333455061978578,0.000510960854759216,0.000578822109947205,0.00102945530396462,0.000751980079665182,0.00162580897372484,0,0.0123111852966714,2.95311155676841e-05,0.00485105726657867,0.00932236916939019,0,0.00156305174769402,0.00240058302315473,0.102606377282638,0.230426522276709,0.0976916312799307,9.1431797976494e-05,8.17268479156495e-05,0,0.0710107442643571,0.0053977649007225
7.30204207134245e-05,0.00239974747127295,0.00568502106015444,0.0115502978750539,0.00012074730284214,0.000738747407627104,0.00378307046179533,0.00236352551266194,0.0117750757693076,0.00560278472367525,0.0142726350928831,0.00848681500984667,0.0462773151572371,0.00132256664836407,0.00319086932494641,0.00290943234637499,0.00114043522116422,0.000536787617354393,0.000583997384455204,0.00296227124605179,0.00302635694409371,0.00288281515135288,0.00424898010760546,0.0262825578046203,0.0024924756099844,0.0118661592400646,0.0682139681099439,0.0259475524839878,0.00248997121692181,0.000380870248839855,0.00459079239985943,0.000107789486932754,0.000501995270805358,0.00554588644057989,0.00520457131188154,0.0182000162506342,0.00164245786185265,0.00898853924967527,0.00143436380006075,0.00848119190865753,0.00039373904165268,0.00313359215459347,0.161217238090124,0.0529782871334982,0.158701350363658,0.0872434341563057,0.0501455586795974,0.0449040031289291,0.136611949650007,0.0171607450455308,0.00533930900492906,0.165419284808149,0.0385184747059786,0.255079245077777,0.0862039020996808,0.315769050391538,0.139034792285457,0.0107157490066123,0.102354530645556,1.50775763719978,0.041573055481503,0.26108233756736,0.195722995527706,0.00551047036020756,0.0332654765904379,0.241349098127547,0.405589355841329,0.836283157605481,0.0147414113985658,1.35328158695283,0.00421410129961968,1.0985542427411,0.0703345004741049,0.0172474292274856,0.435136321386531,0.498802278306541,0.718307585001948,0.667621276123928,1.51198761619139,0.075593387094612,0.826387875795759,0.0710107442643571,0,0.0169898354329276
0.000164693430819511,0.000700165958776474,0.0358257771762657,0.00500315812606573,0.0452110259592104,0.0156223457778025,0.00993560922478436,0.00134543018821478,0.0218877165987182,0.00450383725627899,0.00254790710660934,0.00980916787014488,0.00659633617429733,0.00141542981602192,0.0371835872161889,0.0386157197845459,0.00722890742053985,0.00814582965042117,0.0113923699416733,0.00114116408923387,0.0507794196673751,0.00462597102823734,0.191890447332645,0.0473754775170779,0.000112730369567871,0.0450424375073075,0.174061230416693,0.0512523881250071,0.00541418328281164,0.0206663538021755,0.00150458692076683,0.000702432845664024,0.00327462141417503,0.00715895472832203,13.9528037466218,0.223852579040215,0.206896524323602,0.0461809082431411,0.249319710831914,0.0103403918376231,0.00684829003916502,0.000159216333403587,0.962749827520859,0.195893739007351,0.031192971269052,0.252921975919897,0.0289841241809535,0.0295993031765985,0.00333379851256371,0.00225142736160278,0.000748122007598879,0.0446596331186199,0.0125821154649782,0.00156514542129993,0.115502365744478,0.146392905787253,0.0430896885815334,0.01250803355052,0.0321698813344788,0.00472810122349262,0.048199463006351,0.000175945350337028,0.0229641541501808,0.0503429963059187,0.0874322932758737,0.00368444174559116,0.0292038393663597,0.0132689546291399,0.0056030687471652,0.167162025739489,0.0054446501584053,0.268779498361723,0.115183595515058,0,0.0802662753817748,0.193398814242532,0.50094624598516,0.0201337616092801,0.0714292289072943,0.00324299121994257,0.00852724787557122,0.0053977649007225,0.0169898354329276,0
