"Predictor","Test_Statistic","p_value","functional_ve","semi_partial_r"
"Group",57.3331997025787,8.60268031404553e-135,0.0255504680132501,0.0732254040287094
"age_at_5y_mri",10.2098861843746,1.43810499703981e-14,0.00285529775048684,0.025047411505161
"eTIV",497.559765870159,0,0.0427411768835408,0.157953838813888
"sex",584.610346470976,2.26781697703741e-204,-3.00645791069161e-06,0.0874767849612306
"Rel_Motion",368.420758241885,0,0.0847169015888497,0.166578966942574
